{
"type": "FeatureCollection",
"name": "daily_2026-04-26",
"crs": { "type": "name", "properties": { "name": "urn:ogc:def:crs:OGC:1.3:CRS84" } },
"features": [
{ "type": "Feature", "properties": { "hex_id": 503097, "centroid_lon": -74.316550053463814, "centroid_lat": 45.482263480002018, "occurrences_today": 1, "datetimes_today": "2026-04-26 18:16:56", "cumulative_total": 74.0 }, "geometry": { "type": "Polygon", "coordinates": [ [ [ -74.316612877735622, 45.47706702359848 ], [ -74.322978568331735, 45.479703348118193 ], [ -74.32291632351594, 45.484899808979179 ], [ -74.316487212035995, 45.48745993158969 ], [ -74.310120959142751, 45.484823245524744 ], [ -74.310184380020857, 45.47962679845908 ], [ -74.316612877735622, 45.47706702359848 ] ] ] } },
{ "type": "Feature", "properties": { "hex_id": 532419, "centroid_lon": -74.004539156864112, "centroid_lat": 45.760592938654966, "occurrences_today": 31, "datetimes_today": "2026-04-26 12:16:55, 2026-04-26 12:32:09, 2026-04-26 12:46:38, 2026-04-26 12:57:41, 2026-04-26 13:16:47, 2026-04-26 13:31:39, 2026-04-26 14:01:48, 2026-04-26 14:16:41, 2026-04-26 14:30:06, 2026-04-26 14:46:48, 2026-04-26 15:01:42, 2026-04-26 15:16:36, 2026-04-26 15:31:39, 2026-04-26 15:47:10, 2026-04-26 16:01:41, 2026-04-26 16:17:01, 2026-04-26 16:46:42, 2026-04-26 17:02:09, 2026-04-26 17:16:43, 2026-04-26 17:31:51, 2026-04-26 17:46:59, 2026-04-26 18:16:56, 2026-04-26 18:31:46, 2026-04-26 19:01:35, 2026-04-26 19:16:52, 2026-04-26 19:46:38, 2026-04-26 20:02:02, 2026-04-26 20:16:53, 2026-04-26 20:31:55, 2026-04-26 20:46:23, 2026-04-26 21:01:31", "cumulative_total": 71.0 }, "geometry": { "type": "Polygon", "coordinates": [ [ [ -74.004631551459099, 45.755397151741221 ], [ -74.011013675726062, 45.758050874594154 ], [ -74.010921864996547, 45.763246669124229 ], [ -74.004446736954549, 45.765788720677385 ], [ -73.998064054140968, 45.763134629749253 ], [ -73.998157057907477, 45.757938855408312 ], [ -74.004631551459099, 45.755397151741221 ] ] ] } },
{ "type": "Feature", "properties": { "hex_id": 976377, "centroid_lon": -69.138537904098428, "centroid_lat": 47.555518506221659, "occurrences_today": 3, "datetimes_today": "2026-04-26 12:46:38, 2026-04-26 12:57:41, 2026-04-26 13:16:47", "cumulative_total": 56.0 }, "geometry": { "type": "Polygon", "coordinates": [ [ [ -69.139116145888366, 47.550350766800946 ], [ -69.145437920527968, 47.553273461144371 ], [ -69.144860241215724, 47.558441256512729 ], [ -69.137959500883866, 47.560686235616203 ], [ -69.131637325219572, 47.557763108535411 ], [ -69.132216290855055, 47.552595435155482 ], [ -69.139116145888366, 47.550350766800946 ] ] ] } },
{ "type": "Feature", "properties": { "hex_id": 976988, "centroid_lon": -69.131058197954232, "centroid_lat": 47.562930771876324, "occurrences_today": 3, "datetimes_today": "2026-04-26 12:46:38, 2026-04-26 12:57:41, 2026-04-26 13:16:47", "cumulative_total": 56.0 }, "geometry": { "type": "Polygon", "coordinates": [ [ [ -69.131637325219572, 47.557763108535411 ], [ -69.137959500883866, 47.560686235616203 ], [ -69.137380936187938, 47.565853954982607 ], [ -69.130478909002193, 47.568098425176274 ], [ -69.124156332483651, 47.565174865200376 ], [ -69.124736183948201, 47.560007267992887 ], [ -69.131637325219572, 47.557763108535411 ] ] ] } },
{ "type": "Feature", "properties": { "hex_id": 976989, "centroid_lon": -69.129319845810429, "centroid_lat": 47.578433701645579, "occurrences_today": 3, "datetimes_today": "2026-04-26 12:46:38, 2026-04-26 12:57:41, 2026-04-26 13:16:47", "cumulative_total": 20.0 }, "geometry": { "type": "Polygon", "coordinates": [ [ [ -69.129899458306568, 47.573266068433327 ], [ -69.136223322124579, 47.576189363623314 ], [ -69.135644272643489, 47.581357052893772 ], [ -69.128740071456846, 47.583601324811085 ], [ -69.122415806509736, 47.580677596492293 ], [ -69.122996143821382, 47.575510029452019 ], [ -69.129899458306568, 47.573266068433327 ] ] ] } },
{ "type": "Feature", "properties": { "hex_id": 976990, "centroid_lon": -69.127580036949453, "centroid_lat": 47.593936540994115, "occurrences_today": 3, "datetimes_today": "2026-04-26 12:46:38, 2026-04-26 12:57:41, 2026-04-26 13:16:47", "cumulative_total": 20.0 }, "geometry": { "type": "Polygon", "coordinates": [ [ [ -69.128160135188864, 47.588768937927917 ], [ -69.134485688497946, 47.591692401325275 ], [ -69.133906153719636, 47.59686006048242 ], [ -69.126999776681629, 47.59910413400776 ], [ -69.12067382196841, 47.596180237247722 ], [ -69.121254645640292, 47.591012700392092 ], [ -69.128160135188864, 47.588768937927917 ] ] ] } },
{ "type": "Feature", "properties": { "hex_id": 977598, "centroid_lon": -69.125315873577634, "centroid_lat": 47.554839660733535, "occurrences_today": 3, "datetimes_today": "2026-04-26 12:46:38, 2026-04-26 12:57:41, 2026-04-26 13:16:47", "cumulative_total": 56.0 }, "geometry": { "type": "Polygon", "coordinates": [ [ [ -69.125895401428821, 47.549672043424266 ], [ -69.132216290855055, 47.552595435155482 ], [ -69.131637325219572, 47.557763108535411 ], [ -69.124736183948201, 47.560007267992887 ], [ -69.118414894112931, 47.557083443442451 ], [ -69.118995145901181, 47.551915892320707 ], [ -69.125895401428821, 47.549672043424266 ] ] ] } },
{ "type": "Feature", "properties": { "hex_id": 977599, "centroid_lon": -69.123576319127025, "centroid_lat": 47.570342452354069, "occurrences_today": 3, "datetimes_today": "2026-04-26 12:46:38, 2026-04-26 12:57:41, 2026-04-26 13:16:47", "cumulative_total": 56.0 }, "geometry": { "type": "Polygon", "coordinates": [ [ [ -69.124156332483651, 47.565174865200376 ], [ -69.130478909002193, 47.568098425176274 ], [ -69.129899458306568, 47.573266068433327 ], [ -69.122996143821382, 47.575510029452019 ], [ -69.11667316661935, 47.572586036423239 ], [ -69.117253904529008, 47.567418515495667 ], [ -69.124156332483651, 47.565174865200376 ] ] ] } },
{ "type": "Feature", "properties": { "hex_id": 977600, "centroid_lon": -69.121835307135058, "centroid_lat": 47.585845153472974, "occurrences_today": 3, "datetimes_today": "2026-04-26 12:46:38, 2026-04-26 12:57:41, 2026-04-26 13:16:47", "cumulative_total": 20.0 }, "geometry": { "type": "Polygon", "coordinates": [ [ [ -69.122415806509736, 47.580677596492293 ], [ -69.128740071456846, 47.583601324811085 ], [ -69.128160135188864, 47.588768937927917 ], [ -69.121254645640292, 47.591012700392092 ], [ -69.114929979735081, 47.588088538786621 ], [ -69.115511204279457, 47.582921048070666 ], [ -69.122415806509736, 47.580677596492293 ] ] ] } },
{ "type": "Feature", "properties": { "hex_id": 977601, "centroid_lon": -69.120092836062284, "centroid_lat": 47.601347764037918, "occurrences_today": 3, "datetimes_today": "2026-04-26 12:46:38, 2026-04-26 12:57:41, 2026-04-26 13:16:47", "cumulative_total": 20.0 }, "geometry": { "type": "Polygon", "coordinates": [ [ [ -69.12067382196841, 47.596180237247722 ], [ -69.126999776681629, 47.59910413400776 ], [ -69.126419354328291, 47.604271716966906 ], [ -69.119511687864772, 47.606515280760746 ], [ -69.113185331918686, 47.603590950480097 ], [ -69.113767043611858, 47.59842348999328 ], [ -69.12067382196841, 47.596180237247722 ] ] ] } },
{ "type": "Feature", "properties": { "hex_id": 977602, "centroid_lon": -69.118348904367011, "centroid_lat": 47.616850283996534, "occurrences_today": 3, "datetimes_today": "2026-04-26 12:46:38, 2026-04-26 12:57:41, 2026-04-26 13:16:47", "cumulative_total": 20.0 }, "geometry": { "type": "Polygon", "coordinates": [ [ [ -69.118930377318733, 47.611682787414274 ], [ -69.125258023136823, 47.614606852713983 ], [ -69.124677114184436, 47.619774405498028 ], [ -69.117767268952349, 47.622017770505593 ], [ -69.111439221626455, 47.619093271451163 ], [ -69.11202142098324, 47.613925841210992 ], [ -69.118930377318733, 47.611682787414274 ] ] ] } },
{ "type": "Feature", "properties": { "hex_id": 978208, "centroid_lon": -69.119575235762909, "centroid_lat": 47.546748331138126, "occurrences_today": 3, "datetimes_today": "2026-04-26 12:46:38, 2026-04-26 12:57:41, 2026-04-26 13:16:47", "cumulative_total": 20.0 }, "geometry": { "type": "Polygon", "coordinates": [ [ [ -69.120155163755015, 47.541580759896625 ], [ -69.126474767558676, 47.544504416066992 ], [ -69.125895401428821, 47.549672043424266 ], [ -69.118995145901181, 47.551915892320707 ], [ -69.112675142133313, 47.548991803407027 ], [ -69.113255793800377, 47.543824298407138 ], [ -69.120155163755015, 47.541580759896625 ] ] ] } },
{ "type": "Feature", "properties": { "hex_id": 978209, "centroid_lon": -69.117834480341202, "centroid_lat": 47.562250984501432, "occurrences_today": 3, "datetimes_today": "2026-04-26 12:46:38, 2026-04-26 12:57:41, 2026-04-26 13:16:47", "cumulative_total": 56.0 }, "geometry": { "type": "Polygon", "coordinates": [ [ [ -69.118414894112931, 47.557083443442451 ], [ -69.124736183948201, 47.560007267992887 ], [ -69.124156332483651, 47.565174865200376 ], [ -69.117253904529008, 47.567418515495667 ], [ -69.110932214455516, 47.564494257968327 ], [ -69.111513352517889, 47.559326783189562 ], [ -69.118414894112931, 47.557083443442451 ] ] ] } },
{ "type": "Feature", "properties": { "hex_id": 978210, "centroid_lon": -69.116092266555185, "centroid_lat": 47.577753547282214, "occurrences_today": 3, "datetimes_today": "2026-04-26 12:46:38, 2026-04-26 12:57:41, 2026-04-26 13:16:47", "cumulative_total": 56.0 }, "geometry": { "type": "Polygon", "coordinates": [ [ [ -69.11667316661935, 47.572586036423239 ], [ -69.122996143821382, 47.575510029452019 ], [ -69.122415806509736, 47.580677596492293 ], [ -69.115511204279457, 47.582921048070666 ], [ -69.109187826565019, 47.579996621831249 ], [ -69.109769451536181, 47.574829177291114 ], [ -69.11667316661935, 47.572586036423239 ] ] ] } },
{ "type": "Feature", "properties": { "hex_id": 978211, "centroid_lon": -69.114348592864928, "centroid_lat": 47.593256019428132, "occurrences_today": 3, "datetimes_today": "2026-04-26 12:46:38, 2026-04-26 12:57:41, 2026-04-26 13:16:47", "cumulative_total": 20.0 }, "geometry": { "type": "Polygon", "coordinates": [ [ [ -69.114929979735081, 47.588088538786621 ], [ -69.121254645640292, 47.591012700392092 ], [ -69.12067382196841, 47.596180237247722 ], [ -69.113767043611858, 47.59842348999328 ], [ -69.107441976919873, 47.595498894943297 ], [ -69.108024089314043, 47.590331480659302 ], [ -69.114929979735081, 47.588088538786621 ] ] ] } },
{ "type": "Feature", "properties": { "hex_id": 978212, "centroid_lon": -69.112603457728213, "centroid_lat": 47.608758400886643, "occurrences_today": 3, "datetimes_today": "2026-04-26 12:46:38, 2026-04-26 12:57:41, 2026-04-26 13:16:47", "cumulative_total": 25.0 }, "geometry": { "type": "Polygon", "coordinates": [ [ [ -69.113185331918686, 47.603590950480097 ], [ -69.119511687864772, 47.606515280760746 ], [ -69.118930377318733, 47.611682787414274 ], [ -69.11202142098324, 47.613925841210992 ], [ -69.105694663975854, 47.611001077251771 ], [ -69.106277264308034, 47.605833693241472 ], [ -69.113185331918686, 47.603590950480097 ] ] ] } },
{ "type": "Feature", "properties": { "hex_id": 978819, "centroid_lon": -69.112094328391478, "centroid_lat": 47.554159298335144, "occurrences_today": 3, "datetimes_today": "2026-04-26 12:46:38, 2026-04-26 12:57:41, 2026-04-26 13:16:47", "cumulative_total": 20.0 }, "geometry": { "type": "Polygon", "coordinates": [ [ [ -69.112675142133313, 47.548991803407027 ], [ -69.118995145901181, 47.551915892320707 ], [ -69.118414894112931, 47.557083443442451 ], [ -69.111513352517889, 47.559326783189562 ], [ -69.105192948956699, 47.556402261374949 ], [ -69.105774486726872, 47.551234832781098 ], [ -69.112675142133313, 47.548991803407027 ] ] ] } },
{ "type": "Feature", "properties": { "hex_id": 978820, "centroid_lon": -69.110350914147304, "centroid_lat": 47.569661722669501, "occurrences_today": 3, "datetimes_today": "2026-04-26 12:46:38, 2026-04-26 12:57:41, 2026-04-26 13:16:47", "cumulative_total": 56.0 }, "geometry": { "type": "Polygon", "coordinates": [ [ [ -69.110932214455516, 47.564494257968327 ], [ -69.117253904529008, 47.567418515495667 ], [ -69.11667316661935, 47.572586036423239 ], [ -69.109769451536181, 47.574829177291114 ], [ -69.10344736139561, 47.571904486629165 ], [ -69.104029386348188, 47.56673708830094 ], [ -69.110932214455516, 47.564494257968327 ] ] ] } },
{ "type": "Feature", "properties": { "hex_id": 978821, "centroid_lon": -69.108606039176692, "centroid_lat": 47.585164056287972, "occurrences_today": 3, "datetimes_today": "2026-04-26 12:46:38, 2026-04-26 12:57:41, 2026-04-26 13:16:47", "cumulative_total": 56.0 }, "geometry": { "type": "Polygon", "coordinates": [ [ [ -69.109187826565019, 47.579996621831249 ], [ -69.115511204279457, 47.582921048070666 ], [ -69.114929979735081, 47.588088538786621 ], [ -69.108024089314043, 47.590331480659302 ], [ -69.101700311258597, 47.587406621051464 ], [ -69.102282823907998, 47.582239253006378 ], [ -69.109187826565019, 47.579996621831249 ] ] ] } },
{ "type": "Feature", "properties": { "hex_id": 978822, "centroid_lon": -69.106859701936955, "centroid_lat": 47.600666299137991, "occurrences_today": 3, "datetimes_today": "2026-04-26 12:46:38, 2026-04-26 12:57:41, 2026-04-26 13:16:47", "cumulative_total": 20.0 }, "geometry": { "type": "Polygon", "coordinates": [ [ [ -69.107441976919873, 47.595498894943297 ], [ -69.113767043611858, 47.59842348999328 ], [ -69.113185331918686, 47.603590950480097 ], [ -69.106277264308034, 47.605833693241472 ], [ -69.099951797000941, 47.602908664589087 ], [ -69.100534797862338, 47.597741326844762 ], [ -69.107441976919873, 47.595498894943297 ] ] ] } },
{ "type": "Feature", "properties": { "hex_id": 978823, "centroid_lon": -69.105111900883088, "centroid_lat": 47.616168451166935, "occurrences_today": 3, "datetimes_today": "2026-04-26 12:46:38, 2026-04-26 12:57:41, 2026-04-26 13:16:47", "cumulative_total": 20.0 }, "geometry": { "type": "Polygon", "coordinates": [ [ [ -69.105694663975854, 47.611001077251771 ], [ -69.11202142098324, 47.613925841210992 ], [ -69.111439221626455, 47.619093271451163 ], [ -69.104528974972411, 47.621335814985017 ], [ -69.098201817075648, 47.618410617189276 ], [ -69.098785306664951, 47.613243309763298 ], [ -69.105694663975854, 47.611001077251771 ] ] ] } },
{ "type": "Feature", "properties": { "hex_id": 979429, "centroid_lon": -69.106355862217072, "centroid_lat": 47.5460673941026, "occurrences_today": 3, "datetimes_today": "2026-04-26 12:46:38, 2026-04-26 12:57:41, 2026-04-26 13:16:47", "cumulative_total": 96.0 }, "geometry": { "type": "Polygon", "coordinates": [ [ [ -69.106937075484353, 47.540899945341408 ], [ -69.113255793800377, 47.543824298407138 ], [ -69.112675142133313, 47.548991803407027 ], [ -69.105774486726872, 47.551234832781098 ], [ -69.099455369062042, 47.5483100468904 ], [ -69.10003730609543, 47.543142664517511 ], [ -69.106937075484353, 47.540899945341408 ] ] ] } },
{ "type": "Feature", "properties": { "hex_id": 979430, "centroid_lon": -69.104611248849508, "centroid_lat": 47.561569679882219, "occurrences_today": 3, "datetimes_today": "2026-04-26 12:46:38, 2026-04-26 12:57:41, 2026-04-26 13:16:47", "cumulative_total": 96.0 }, "geometry": { "type": "Polygon", "coordinates": [ [ [ -69.105192948956699, 47.556402261374949 ], [ -69.111513352517889, 47.559326783189562 ], [ -69.110932214455516, 47.564494257968327 ], [ -69.104029386348188, 47.56673708830094 ], [ -69.097708583164874, 47.563812133427767 ], [ -69.098291007653899, 47.558644781347482 ], [ -69.105192948956699, 47.556402261374949 ] ] ] } },
{ "type": "Feature", "properties": { "hex_id": 979431, "centroid_lon": -69.102865173934603, "centroid_lat": 47.577071874864963, "occurrences_today": 3, "datetimes_today": "2026-04-26 12:46:38, 2026-04-26 12:57:41, 2026-04-26 13:16:47", "cumulative_total": 96.0 }, "geometry": { "type": "Polygon", "coordinates": [ [ [ -69.10344736139561, 47.571904486629165 ], [ -69.109769451536181, 47.574829177291114 ], [ -69.109187826565019, 47.579996621831249 ], [ -69.102282823907998, 47.582239253006378 ], [ -69.095960333871787, 47.579314129052122 ], [ -69.096543246331024, 47.574146807282027 ], [ -69.10344736139561, 47.571904486629165 ] ] ] } },
{ "type": "Feature", "properties": { "hex_id": 979432, "centroid_lon": -69.101117635929128, "centroid_lat": 47.592573978998232, "occurrences_today": 3, "datetimes_today": "2026-04-26 12:46:38, 2026-04-26 12:57:41, 2026-04-26 13:16:47", "cumulative_total": 62.0 }, "geometry": { "type": "Polygon", "coordinates": [ [ [ -69.101700311258597, 47.587406621051464 ], [ -69.108024089314043, 47.590331480659302 ], [ -69.107441976919873, 47.595498894943297 ], [ -69.100534797862338, 47.597741326844762 ], [ -69.094210619637551, 47.5948160337107 ], [ -69.094794020582356, 47.589648742268416 ], [ -69.101700311258597, 47.587406621051464 ] ] ] } },
{ "type": "Feature", "properties": { "hex_id": 979433, "centroid_lon": -69.099368633287597, "centroid_lat": 47.608075992229239, "occurrences_today": 3, "datetimes_today": "2026-04-26 12:46:38, 2026-04-26 12:57:41, 2026-04-26 13:16:47", "cumulative_total": 20.0 }, "geometry": { "type": "Polygon", "coordinates": [ [ [ -69.099951797000941, 47.602908664589087 ], [ -69.106277264308034, 47.605833693241472 ], [ -69.105694663975854, 47.611001077251771 ], [ -69.098785306664951, 47.613243309763298 ], [ -69.092459438914673, 47.610317847350643 ], [ -69.0930433288611, 47.605150586253771 ], [ -69.099951797000941, 47.602908664589087 ] ] ] } },
{ "type": "Feature", "properties": { "hex_id": 979434, "centroid_lon": -69.097618164462261, "centroid_lat": 47.623577914505233, "occurrences_today": 3, "datetimes_today": "2026-04-26 12:46:38, 2026-04-26 12:57:41, 2026-04-26 13:16:47", "cumulative_total": 20.0 }, "geometry": { "type": "Polygon", "coordinates": [ [ [ -69.098201817075648, 47.618410617189276 ], [ -69.104528974972411, 47.621335814985017 ], [ -69.10394588618648, 47.626503168704041 ], [ -69.097034348767338, 47.628745201709194 ], [ -69.090706790153376, 47.625819569918981 ], [ -69.091291169618273, 47.620652339185199 ], [ -69.098201817075648, 47.618410617189276 ] ] ] } },
{ "type": "Feature", "properties": { "hex_id": 980040, "centroid_lon": -69.098873269600588, "centroid_lat": 47.553477419167706, "occurrences_today": 3, "datetimes_today": "2026-04-26 12:46:38, 2026-04-26 12:57:41, 2026-04-26 13:16:47", "cumulative_total": 96.0 }, "geometry": { "type": "Polygon", "coordinates": [ [ [ -69.099455369062042, 47.5483100468904 ], [ -69.105774486726872, 47.551234832781098 ], [ -69.105192948956699, 47.556402261374949 ], [ -69.098291007653899, 47.558644781347482 ], [ -69.091971490811559, 47.55571956247428 ], [ -69.092554314392402, 47.550552256677975 ], [ -69.099455369062042, 47.5483100468904 ] ] ] } },
{ "type": "Feature", "properties": { "hex_id": 980041, "centroid_lon": -69.097125996076329, "centroid_lat": 47.568979475406607, "occurrences_today": 3, "datetimes_today": "2026-04-26 12:46:38, 2026-04-26 12:57:41, 2026-04-26 13:16:47", "cumulative_total": 96.0 }, "geometry": { "type": "Polygon", "coordinates": [ [ [ -69.097708583164874, 47.563812133427767 ], [ -69.104029386348188, 47.56673708830094 ], [ -69.10344736139561, 47.571904486629165 ], [ -69.096543246331024, 47.574146807282027 ], [ -69.090222043697082, 47.571221419192639 ], [ -69.090805355521127, 47.566054143733588 ], [ -69.097708583164874, 47.563812133427767 ] ] ] } },
{ "type": "Feature", "properties": { "hex_id": 980042, "centroid_lon": -69.095377258641321, "centroid_lat": 47.584481440714917, "occurrences_today": 3, "datetimes_today": "2026-04-26 12:46:38, 2026-04-26 12:57:41, 2026-04-26 13:16:47", "cumulative_total": 96.0 }, "geometry": { "type": "Polygon", "coordinates": [ [ [ -69.095960333871787, 47.579314129052122 ], [ -69.102282823907998, 47.582239253006378 ], [ -69.101700311258597, 47.587406621051464 ], [ -69.094794020582356, 47.589648742268416 ], [ -69.088471130822228, 47.586723184864105 ], [ -69.089054931404959, 47.581555939759873 ], [ -69.095960333871787, 47.579314129052122 ] ] ] } },
{ "type": "Feature", "properties": { "hex_id": 980043, "centroid_lon": -69.093627055749593, "centroid_lat": 47.599983315039808, "occurrences_today": 3, "datetimes_today": "2026-04-26 12:46:38, 2026-04-26 12:57:41, 2026-04-26 13:16:47", "cumulative_total": 20.0 }, "geometry": { "type": "Polygon", "coordinates": [ [ [ -69.094210619637551, 47.5948160337107 ], [ -69.100534797862338, 47.597741326844762 ], [ -69.099951797000941, 47.602908664589087 ], [ -69.0930433288611, 47.605150586253771 ], [ -69.08671875063898, 47.602224859435672 ], [ -69.08730304049665, 47.597057644703966 ], [ -69.094210619637551, 47.5948160337107 ] ] ] } },
{ "type": "Feature", "properties": { "hex_id": 980044, "centroid_lon": -69.091875385852887, "centroid_lat": 47.615485098328421, "occurrences_today": 3, "datetimes_today": "2026-04-26 12:46:38, 2026-04-26 12:57:41, 2026-04-26 13:16:47", "cumulative_total": 20.0 }, "geometry": { "type": "Polygon", "coordinates": [ [ [ -69.092459438914673, 47.610317847350643 ], [ -69.098785306664951, 47.613243309763298 ], [ -69.098201817075648, 47.618410617189276 ], [ -69.091291169618273, 47.620652339185199 ], [ -69.084964901597061, 47.617726442854355 ], [ -69.085549681246675, 47.612559258512839 ], [ -69.092459438914673, 47.610317847350643 ] ] ] } },
{ "type": "Feature", "properties": { "hex_id": 980045, "centroid_lon": -69.090122247400657, "centroid_lat": 47.6309867905278, "occurrences_today": 3, "datetimes_today": "2026-04-26 12:46:38, 2026-04-26 12:57:41, 2026-04-26 13:16:47", "cumulative_total": 20.0 }, "geometry": { "type": "Polygon", "coordinates": [ [ [ -69.090706790153376, 47.625819569918981 ], [ -69.097034348767338, 47.628745201709194 ], [ -69.09645036993345, 47.633912478799211 ], [ -69.08953754130259, 47.636154001009736 ], [ -69.083209582143922, 47.633227935067048 ], [ -69.083794852103253, 47.628060781133428 ], [ -69.090706790153376, 47.625819569918981 ] ] ] } },
{ "type": "Feature", "properties": { "hex_id": 980650, "centroid_lon": -69.093136975339959, "centroid_lat": 47.545384940773189, "occurrences_today": 3, "datetimes_today": "2026-04-26 12:46:38, 2026-04-26 12:57:41, 2026-04-26 13:16:47", "cumulative_total": 96.0 }, "geometry": { "type": "Polygon", "coordinates": [ [ [ -69.093719473711346, 47.54021761476185 ], [ -69.10003730609543, 47.543142664517511 ], [ -69.099455369062042, 47.5483100468904 ], [ -69.092554314392402, 47.550552256677975 ], [ -69.086236083275011, 47.547626774015875 ], [ -69.086819305503425, 47.54245951453953 ], [ -69.093719473711346, 47.54021761476185 ] ] ] } },
{ "type": "Feature", "properties": { "hex_id": 980651, "centroid_lon": -69.091388504540205, "centroid_lat": 47.560886858160131, "occurrences_today": 3, "datetimes_today": "2026-04-26 12:46:38, 2026-04-26 12:57:41, 2026-04-26 13:16:47", "cumulative_total": 96.0 }, "geometry": { "type": "Polygon", "coordinates": [ [ [ -69.091971490811559, 47.55571956247428 ], [ -69.098291007653899, 47.558644781347482 ], [ -69.097708583164874, 47.563812133427767 ], [ -69.090805355521127, 47.566054143733588 ], [ -69.084485439672775, 47.563128491720299 ], [ -69.085069150416956, 47.55796126260821 ], [ -69.091971490811559, 47.55571956247428 ] ] ] } },
{ "type": "Feature", "properties": { "hex_id": 980652, "centroid_lon": -69.089638569010802, "centroid_lat": 47.576388684535402, "occurrences_today": 3, "datetimes_today": "2026-04-26 12:46:38, 2026-04-26 12:57:41, 2026-04-26 13:16:47", "cumulative_total": 96.0 }, "geometry": { "type": "Polygon", "coordinates": [ [ [ -69.090222043697082, 47.571221419192639 ], [ -69.096543246331024, 47.574146807282027 ], [ -69.095960333871787, 47.579314129052122 ], [ -69.089054931404959, 47.581555939759873 ], [ -69.082733329492186, 47.578630118296644 ], [ -69.083317529267745, 47.573462919566474 ], [ -69.090222043697082, 47.571221419192639 ] ] ] } },
{ "type": "Feature", "properties": { "hex_id": 980653, "centroid_lon": -69.087887167205267, "centroid_lat": 47.591890419846123, "occurrences_today": 3, "datetimes_today": "2026-04-26 12:46:38, 2026-04-26 12:57:41, 2026-04-26 13:16:47", "cumulative_total": 96.0 }, "geometry": { "type": "Polygon", "coordinates": [ [ [ -69.088471130822228, 47.586723184864105 ], [ -69.094794020582356, 47.589648742268416 ], [ -69.094210619637551, 47.5948160337107 ], [ -69.08730304049665, 47.597057644703966 ], [ -69.080979751184699, 47.594131653691875 ], [ -69.081564440508075, 47.588964485361309 ], [ -69.088471130822228, 47.586723184864105 ] ] ] } },
{ "type": "Feature", "properties": { "hex_id": 980654, "centroid_lon": -69.086134297574816, "centroid_lat": 47.607392064039281, "occurrences_today": 3, "datetimes_today": "2026-04-26 12:46:38, 2026-04-26 12:57:41, 2026-04-26 13:16:47", "cumulative_total": 20.0 }, "geometry": { "type": "Polygon", "coordinates": [ [ [ -69.08671875063898, 47.602224859435672 ], [ -69.0930433288611, 47.605150586253771 ], [ -69.092459438914673, 47.610317847350643 ], [ -69.085549681246675, 47.612559258512839 ], [ -69.079224703199543, 47.609633097852871 ], [ -69.079809882587938, 47.604465959939617 ], [ -69.08671875063898, 47.602224859435672 ] ] ] } },
{ "type": "Feature", "properties": { "hex_id": 980655, "centroid_lon": -69.084379958568434, "centroid_lat": 47.62289361706187, "occurrences_today": 3, "datetimes_today": "2026-04-26 12:46:38, 2026-04-26 12:57:41, 2026-04-26 13:16:47", "cumulative_total": 20.0 }, "geometry": { "type": "Polygon", "coordinates": [ [ [ -69.084964901597061, 47.617726442854355 ], [ -69.091291169618273, 47.620652339185199 ], [ -69.090706790153376, 47.625819569918981 ], [ -69.083794852103253, 47.628060781133428 ], [ -69.077468183983683, 47.625134450726485 ], [ -69.078053853954998, 47.619967343248284 ], [ -69.084964901597061, 47.617726442854355 ] ] ] } },
{ "type": "Feature", "properties": { "hex_id": 981261, "centroid_lon": -69.085652698265264, "centroid_lat": 47.552794023372741, "occurrences_today": 3, "datetimes_today": "2026-04-26 12:46:38, 2026-04-26 12:57:41, 2026-04-26 13:16:47", "cumulative_total": 96.0 }, "geometry": { "type": "Polygon", "coordinates": [ [ [ -69.086236083275011, 47.547626774015875 ], [ -69.092554314392402, 47.550552256677975 ], [ -69.091971490811559, 47.55571956247428 ], [ -69.085069150416956, 47.55796126260821 ], [ -69.07875052073787, 47.555035346882143 ], [ -69.079334629957827, 47.549868164153011 ], [ -69.086236083275011, 47.547626774015875 ] ] ] } },
{ "type": "Feature", "properties": { "hex_id": 981262, "centroid_lon": -69.083901565975495, "centroid_lat": 47.568295710707034, "occurrences_today": 3, "datetimes_today": "2026-04-26 12:46:38, 2026-04-26 12:57:41, 2026-04-26 13:16:47", "cumulative_total": 96.0 }, "geometry": { "type": "Polygon", "coordinates": [ [ [ -69.084485439672775, 47.563128491720299 ], [ -69.090805355521127, 47.566054143733588 ], [ -69.090222043697082, 47.571221419192639 ], [ -69.083317529267745, 47.573462919566474 ], [ -69.076997214585276, 47.57053683425552 ], [ -69.077581813108949, 47.56536968193538 ], [ -69.084485439672775, 47.563128491720299 ] ] ] } },
{ "type": "Feature", "properties": { "hex_id": 981263, "centroid_lon": -69.082148966591433, "centroid_lat": 47.583797306895576, "occurrences_today": 3, "datetimes_today": "2026-04-26 12:46:38, 2026-04-26 12:57:41, 2026-04-26 13:16:47", "cumulative_total": 96.0 }, "geometry": { "type": "Polygon", "coordinates": [ [ [ -69.082733329492186, 47.578630118296644 ], [ -69.089054931404959, 47.581555939759873 ], [ -69.088471130822228, 47.586723184864105 ], [ -69.081564440508075, 47.588964485361309 ], [ -69.075242439488591, 47.586038230366533 ], [ -69.075827527832544, 47.580871108473069 ], [ -69.082733329492186, 47.578630118296644 ] ] ] } },
{ "type": "Feature", "properties": { "hex_id": 981264, "centroid_lon": -69.08039489856381, "centroid_lat": 47.599298811885298, "occurrences_today": 3, "datetimes_today": "2026-04-26 12:46:38, 2026-04-26 12:57:41, 2026-04-26 13:16:47", "cumulative_total": 20.0 }, "geometry": { "type": "Polygon", "coordinates": [ [ [ -69.080979751184699, 47.594131653691875 ], [ -69.08730304049665, 47.597057644703966 ], [ -69.08671875063898, 47.602224859435672 ], [ -69.079809882587938, 47.604465959939617 ], [ -69.073486193896514, 47.601539535161983 ], [ -69.074071772578094, 47.596372443712966 ], [ -69.080979751184699, 47.594131653691875 ] ] ] } },
{ "type": "Feature", "properties": { "hex_id": 981265, "centroid_lon": -69.078639360341086, "centroid_lat": 47.614800225623078, "occurrences_today": 3, "datetimes_today": "2026-04-26 12:46:38, 2026-04-26 12:57:41, 2026-04-26 13:16:47", "cumulative_total": 20.0 }, "geometry": { "type": "Polygon", "coordinates": [ [ [ -69.079224703199543, 47.609633097852871 ], [ -69.085549681246675, 47.612559258512839 ], [ -69.084964901597061, 47.617726442854355 ], [ -69.078053853954998, 47.619967343248284 ], [ -69.071728476255473, 47.617040748588607 ], [ -69.072314545792793, 47.611873687601786 ], [ -69.079224703199543, 47.609633097852871 ] ] ] } },
{ "type": "Feature", "properties": { "hex_id": 981266, "centroid_lon": -69.076882350369473, "centroid_lat": 47.630301548055726, "occurrences_today": 3, "datetimes_today": "2026-04-26 12:46:38, 2026-04-26 12:57:41, 2026-04-26 13:16:47", "cumulative_total": 20.0 }, "geometry": { "type": "Polygon", "coordinates": [ [ [ -69.077468183983683, 47.625134450726485 ], [ -69.083794852103253, 47.628060781133428 ], [ -69.083209582143922, 47.633227935067048 ], [ -69.07629635305473, 47.635468635234055 ], [ -69.069969285009648, 47.632541870593109 ], [ -69.070555845921589, 47.627374840086254 ], [ -69.077468183983683, 47.625134450726485 ] ] ] } },
{ "type": "Feature", "properties": { "hex_id": 981872, "centroid_lon": -69.07816624847402, "centroid_lat": 47.560202519476931, "occurrences_today": 3, "datetimes_today": "2026-04-26 12:46:38, 2026-04-26 12:57:41, 2026-04-26 13:16:47", "cumulative_total": 96.0 }, "geometry": { "type": "Polygon", "coordinates": [ [ [ -69.07875052073787, 47.555035346882143 ], [ -69.085069150416956, 47.55796126260821 ], [ -69.084485439672775, 47.563128491720299 ], [ -69.077581813108949, 47.56536968193538 ], [ -69.071262785040091, 47.562443332987854 ], [ -69.071847781867476, 47.557276227113626 ], [ -69.07875052073787, 47.555035346882143 ] ] ] } },
{ "type": "Feature", "properties": { "hex_id": 981873, "centroid_lon": -69.076412452845616, "centroid_lat": 47.575703976435399, "occurrences_today": 3, "datetimes_today": "2026-04-26 12:46:38, 2026-04-26 12:57:41, 2026-04-26 13:16:47", "cumulative_total": 96.0 }, "geometry": { "type": "Polygon", "coordinates": [ [ [ -69.076997214585276, 47.57053683425552 ], [ -69.083317529267745, 47.573462919566474 ], [ -69.082733329492186, 47.578630118296644 ], [ -69.075827527832544, 47.580871108473069 ], [ -69.069506814488122, 47.57794458970686 ], [ -69.070092301407854, 47.572777514286436 ], [ -69.076997214585276, 47.57053683425552 ] ] ] } },
{ "type": "Feature", "properties": { "hex_id": 981874, "centroid_lon": -69.074657187756287, "centroid_lat": 47.591205342113817, "occurrences_today": 3, "datetimes_today": "2026-04-26 12:46:38, 2026-04-26 12:57:41, 2026-04-26 13:16:47", "cumulative_total": 20.0 }, "geometry": { "type": "Polygon", "coordinates": [ [ [ -69.075242439488591, 47.586038230366533 ], [ -69.081564440508075, 47.588964485361309 ], [ -69.080979751184699, 47.594131653691875 ], [ -69.074071772578094, 47.596372443712966 ], [ -69.067749372624306, 47.593445755028988 ], [ -69.068335350153887, 47.588278710080111 ], [ -69.075242439488591, 47.586038230366533 ] ] ] } },
{ "type": "Feature", "properties": { "hex_id": 981875, "centroid_lon": -69.072900451653936, "centroid_lat": 47.606706616458915, "occurrences_today": 3, "datetimes_today": "2026-04-26 12:46:38, 2026-04-26 12:57:41, 2026-04-26 13:16:47", "cumulative_total": 20.0 }, "geometry": { "type": "Polygon", "coordinates": [ [ [ -69.073486193896514, 47.601539535161983 ], [ -69.079809882587938, 47.604465959939617 ], [ -69.079224703199543, 47.609633097852871 ], [ -69.072314545792793, 47.611873687601786 ], [ -69.065990457894571, 47.608946828900848 ], [ -69.066576926552273, 47.603779814441317 ], [ -69.073486193896514, 47.601539535161983 ] ] ] } },
{ "type": "Feature", "properties": { "hex_id": 981876, "centroid_lon": -69.071142242984294, "centroid_lat": 47.622207799417424, "occurrences_today": 3, "datetimes_today": "2026-04-26 12:46:38, 2026-04-26 12:57:41, 2026-04-26 13:16:47", "cumulative_total": 20.0 }, "geometry": { "type": "Polygon", "coordinates": [ [ [ -69.071728476255473, 47.617040748588607 ], [ -69.078053853954998, 47.619967343248284 ], [ -69.077468183983683, 47.625134450726485 ], [ -69.070555845921589, 47.627374840086254 ], [ -69.064230068742575, 47.624447811269029 ], [ -69.064817029047433, 47.619280827316679 ], [ -69.071728476255473, 47.617040748588607 ] ] ] } },
{ "type": "Feature", "properties": { "hex_id": 981877, "centroid_lon": -69.069382560190746, "centroid_lat": 47.63770889093599, "occurrences_today": 3, "datetimes_today": "2026-04-26 12:46:38, 2026-04-26 12:57:41, 2026-04-26 13:16:47", "cumulative_total": 20.0 }, "geometry": { "type": "Polygon", "coordinates": [ [ [ -69.069969285009648, 47.632541870593109 ], [ -69.07629635305473, 47.635468635234055 ], [ -69.075710191981756, 47.640635712259467 ], [ -69.068795671407102, 47.642875901112959 ], [ -69.062468203609711, 47.639948702080062 ], [ -69.063055656081517, 47.634781748652713 ], [ -69.069969285009648, 47.632541870593109 ] ] ] } },
{ "type": "Feature", "properties": { "hex_id": 982483, "centroid_lon": -69.070677624906011, "centroid_lat": 47.567610428712776, "occurrences_today": 3, "datetimes_today": "2026-04-26 12:46:38, 2026-04-26 12:57:41, 2026-04-26 13:16:47", "cumulative_total": 96.0 }, "geometry": { "type": "Polygon", "coordinates": [ [ [ -69.071262785040091, 47.562443332987854 ], [ -69.077581813108949, 47.56536968193538 ], [ -69.076997214585276, 47.57053683425552 ], [ -69.070092301407854, 47.572777514286436 ], [ -69.06377287512143, 47.56985073195991 ], [ -69.064358760172524, 47.564683703048409 ], [ -69.071262785040091, 47.562443332987854 ] ] ] } },
{ "type": "Feature", "properties": { "hex_id": 982484, "centroid_lon": -69.068921164089303, "centroid_lat": 47.583111654972086, "occurrences_today": 3, "datetimes_today": "2026-04-26 12:46:38, 2026-04-26 12:57:41, 2026-04-26 13:16:47", "cumulative_total": 96.0 }, "geometry": { "type": "Polygon", "coordinates": [ [ [ -69.069506814488122, 47.57794458970686 ], [ -69.075827527832544, 47.580871108473069 ], [ -69.075242439488591, 47.586038230366533 ], [ -69.068335350153887, 47.588278710080111 ], [ -69.062014238319989, 47.585351757701019 ], [ -69.062600614252716, 47.580184759288187 ], [ -69.069506814488122, 47.57794458970686 ] ] ] } },
{ "type": "Feature", "properties": { "hex_id": 982485, "centroid_lon": -69.067163231442962, "centroid_lat": 47.598612789816706, "occurrences_today": 3, "datetimes_today": "2026-04-26 12:46:38, 2026-04-26 12:57:41, 2026-04-26 13:16:47", "cumulative_total": 20.0 }, "geometry": { "type": "Polygon", "coordinates": [ [ [ -69.067749372624306, 47.593445755028988 ], [ -69.074071772578094, 47.596372443712966 ], [ -69.073486193896514, 47.601539535161983 ], [ -69.066576926552273, 47.603779814441317 ], [ -69.060254127836913, 47.600852691910433 ], [ -69.060840995169727, 47.595685724014125 ], [ -69.067749372624306, 47.593445755028988 ] ] ] } },
{ "type": "Feature", "properties": { "hex_id": 982486, "centroid_lon": -69.06540382541219, "centroid_lat": 47.614113833193279, "occurrences_today": 3, "datetimes_today": "2026-04-26 12:46:38, 2026-04-26 12:57:41, 2026-04-26 13:16:47", "cumulative_total": 20.0 }, "geometry": { "type": "Polygon", "coordinates": [ [ [ -69.065990457894571, 47.608946828900848 ], [ -69.072314545792793, 47.611873687601786 ], [ -69.071728476255473, 47.617040748588607 ], [ -69.064817029047433, 47.619280827316679 ], [ -69.058492542115388, 47.616353534534639 ], [ -69.059079901367483, 47.611186597172683 ], [ -69.065990457894571, 47.608946828900848 ] ] ] } },
{ "type": "Feature", "properties": { "hex_id": 982487, "centroid_lon": -69.063642944439863, "centroid_lat": 47.629614785048368, "occurrences_today": 3, "datetimes_today": "2026-04-26 12:46:38, 2026-04-26 12:57:41, 2026-04-26 13:16:47", "cumulative_total": 20.0 }, "geometry": { "type": "Polygon", "coordinates": [ [ [ -69.064230068742575, 47.624447811269029 ], [ -69.070555845921589, 47.627374840086254 ], [ -69.069969285009648, 47.632541870593109 ], [ -69.063055656081517, 47.634781748652713 ], [ -69.056729479596271, 47.631854285520077 ], [ -69.057317331287607, 47.626687378710322 ], [ -69.064230068742575, 47.624447811269029 ] ] ] } },
{ "type": "Feature", "properties": { "hex_id": 982488, "centroid_lon": -69.061880586966623, "centroid_lat": 47.645115645328445, "occurrences_today": 3, "datetimes_today": "2026-04-26 12:46:38, 2026-04-26 12:57:41, 2026-04-26 13:16:47", "cumulative_total": 20.0 }, "geometry": { "type": "Polygon", "coordinates": [ [ [ -69.062468203609711, 47.639948702080062 ], [ -69.068795671407102, 47.642875901112959 ], [ -69.06820861860092, 47.648042901122032 ], [ -69.061292806094357, 47.650282578395888 ], [ -69.054964938718143, 47.647354944813074 ], [ -69.055553283369449, 47.642188068573432 ], [ -69.062468203609711, 47.639948702080062 ] ] ] } },
{ "type": "Feature", "properties": { "hex_id": 983094, "centroid_lon": -69.063186826500683, "centroid_lat": 47.575017750707161, "occurrences_today": 3, "datetimes_today": "2026-04-26 12:46:38, 2026-04-26 12:57:41, 2026-04-26 13:16:47", "cumulative_total": 96.0 }, "geometry": { "type": "Polygon", "coordinates": [ [ [ -69.06377287512143, 47.56985073195991 ], [ -69.070092301407854, 47.572777514286436 ], [ -69.069506814488122, 47.57794458970686 ], [ -69.062600614252716, 47.580184759288187 ], [ -69.05628078992126, 47.577257543425155 ], [ -69.056867563812673, 47.572090591584242 ], [ -69.06377287512143, 47.56985073195991 ] ] ] } },
{ "type": "Feature", "properties": { "hex_id": 983095, "centroid_lon": -69.061427698644863, "centroid_lat": 47.590518745943648, "occurrences_today": 3, "datetimes_today": "2026-04-26 12:46:38, 2026-04-26 12:57:41, 2026-04-26 13:16:47", "cumulative_total": 20.0 }, "geometry": { "type": "Polygon", "coordinates": [ [ [ -69.062014238319989, 47.585351757701019 ], [ -69.068335350153887, 47.588278710080111 ], [ -69.067749372624306, 47.593445755028988 ], [ -69.060840995169727, 47.595685724014125 ], [ -69.054519485019142, 47.592758337864538 ], [ -69.055106750582155, 47.587591416567292 ], [ -69.062014238319989, 47.585351757701019 ] ] ] } },
{ "type": "Feature", "properties": { "hex_id": 983096, "centroid_lon": -69.05966709658874, "centroid_lat": 47.606019649630611, "occurrences_today": 3, "datetimes_today": "2026-04-26 12:46:38, 2026-04-26 12:57:41, 2026-04-26 13:16:47", "cumulative_total": 20.0 }, "geometry": { "type": "Polygon", "coordinates": [ [ [ -69.060254127836913, 47.600852691910433 ], [ -69.066576926552273, 47.603779814441317 ], [ -69.065990457894571, 47.608946828900848 ], [ -69.059079901367483, 47.611186597172683 ], [ -69.052756704063597, 47.608259040637179 ], [ -69.053344461817602, 47.603092149901457 ], [ -69.060254127836913, 47.600852691910433 ] ] ] } },
{ "type": "Feature", "properties": { "hex_id": 983097, "centroid_lon": -69.05790501877469, "centroid_lat": 47.621520461714525, "occurrences_today": 3, "datetimes_today": "2026-04-26 12:46:38, 2026-04-26 12:57:41, 2026-04-26 13:16:47", "cumulative_total": 20.0 }, "geometry": { "type": "Polygon", "coordinates": [ [ [ -69.058492542115388, 47.616353534534639 ], [ -69.064817029047433, 47.619280827316679 ], [ -69.064230068742575, 47.624447811269029 ], [ -69.057317331287607, 47.626687378710322 ], [ -69.050992445495027, 47.623759651689411 ], [ -69.051580695960141, 47.618592791533139 ], [ -69.058492542115388, 47.616353534534639 ] ] ] } },
{ "type": "Feature", "properties": { "hex_id": 983098, "centroid_lon": -69.056141463642845, "centroid_lat": 47.637021182141773, "occurrences_today": 3, "datetimes_today": "2026-04-26 12:46:38, 2026-04-26 12:57:41, 2026-04-26 13:16:47", "cumulative_total": 20.0 }, "geometry": { "type": "Polygon", "coordinates": [ [ [ -69.056729479596271, 47.631854285520077 ], [ -69.063055656081517, 47.634781748652713 ], [ -69.062468203609711, 47.639948702080062 ], [ -69.055553283369449, 47.642188068573432 ], [ -69.049226707751515, 47.639260170967511 ], [ -69.049815451448623, 47.634093341408587 ], [ -69.056729479596271, 47.631854285520077 ] ] ] } },
{ "type": "Feature", "properties": { "hex_id": 983705, "centroid_lon": -69.055693852196981, "centroid_lat": 47.582424485086833, "occurrences_today": 3, "datetimes_today": "2026-04-26 12:46:38, 2026-04-26 12:57:41, 2026-04-26 13:16:47", "cumulative_total": 20.0 }, "geometry": { "type": "Polygon", "coordinates": [ [ [ -69.05628078992126, 47.577257543425155 ], [ -69.062600614252716, 47.580184759288187 ], [ -69.062014238319989, 47.585351757701019 ], [ -69.055106750582155, 47.587591416567292 ], [ -69.048786528378514, 47.584663767010163 ], [ -69.049374191727225, 47.579496892347805 ], [ -69.05628078992126, 47.577257543425155 ] ] ] } },
{ "type": "Feature", "properties": { "hex_id": 983706, "centroid_lon": -69.05393205545019, "centroid_lat": 47.597925248976594, "occurrences_today": 3, "datetimes_today": "2026-04-26 12:46:38, 2026-04-26 12:57:41, 2026-04-26 13:16:47", "cumulative_total": 20.0 }, "geometry": { "type": "Polygon", "coordinates": [ [ [ -69.054519485019142, 47.592758337864538 ], [ -69.060840995169727, 47.595685724014125 ], [ -69.060254127836913, 47.600852691910433 ], [ -69.053344461817602, 47.603092149901457 ], [ -69.047022553523405, 47.600164329823755 ], [ -69.047610709334378, 47.59499748575012 ], [ -69.054519485019142, 47.592758337864538 ] ] ] } },
{ "type": "Feature", "properties": { "hex_id": 983707, "centroid_lon": -69.05216878213038, "centroid_lat": 47.613425921181729, "occurrences_today": 3, "datetimes_today": "2026-04-26 12:46:38, 2026-04-26 12:57:41, 2026-04-26 13:16:47", "cumulative_total": 20.0 }, "geometry": { "type": "Polygon", "coordinates": [ [ [ -69.052756704063597, 47.608259040637179 ], [ -69.059079901367483, 47.611186597172683 ], [ -69.058492542115388, 47.616353534534639 ], [ -69.051580695960141, 47.618592791533139 ], [ -69.045257100241074, 47.61566480083529 ], [ -69.045845749034612, 47.610497987368333 ], [ -69.052756704063597, 47.608259040637179 ] ] ] } },
{ "type": "Feature", "properties": { "hex_id": 983708, "centroid_lon": -69.050404030677143, "centroid_lat": 47.628926501648543, "occurrences_today": 3, "datetimes_today": "2026-04-26 12:46:38, 2026-04-26 12:57:41, 2026-04-26 13:16:47", "cumulative_total": 20.0 }, "geometry": { "type": "Polygon", "coordinates": [ [ [ -69.050992445495027, 47.623759651689411 ], [ -69.057317331287607, 47.626687378710322 ], [ -69.056729479596271, 47.631854285520077 ], [ -69.049815451448623, 47.634093341408587 ], [ -69.043490166969136, 47.631165179990987 ], [ -69.04407930926628, 47.625998397148621 ], [ -69.050992445495027, 47.623759651689411 ] ] ] } },
{ "type": "Feature", "properties": { "hex_id": 983709, "centroid_lon": -69.048637799527839, "centroid_lat": 47.644426990323318, "occurrences_today": 3, "datetimes_today": "2026-04-26 12:46:38, 2026-04-26 12:57:41, 2026-04-26 13:16:47", "cumulative_total": 20.0 }, "geometry": { "type": "Polygon", "coordinates": [ [ [ -69.049226707751515, 47.639260170967511 ], [ -69.055553283369449, 47.642188068573432 ], [ -69.054964938718143, 47.647354944813074 ], [ -69.048048726719628, 47.64959379947404 ], [ -69.041721752142863, 47.646665467236915 ], [ -69.04231138846545, 47.641498715037123 ], [ -69.049226707751515, 47.639260170967511 ] ] ] } },
{ "type": "Feature", "properties": { "hex_id": 984316, "centroid_lon": -69.048198700933497, "centroid_lat": 47.589830631478264, "occurrences_today": 3, "datetimes_today": "2026-04-26 12:46:38, 2026-04-26 12:57:41, 2026-04-26 13:16:47", "cumulative_total": 20.0 }, "geometry": { "type": "Polygon", "coordinates": [ [ [ -69.048786528378514, 47.584663767010163 ], [ -69.055106750582155, 47.587591416567292 ], [ -69.054519485019142, 47.592758337864538 ], [ -69.047610709334378, 47.59499748575012 ], [ -69.041290089431698, 47.592069402341352 ], [ -69.041878642855039, 47.586902604965601 ], [ -69.048786528378514, 47.584663767010163 ] ] ] } },
{ "type": "Feature", "properties": { "hex_id": 984317, "centroid_lon": -69.046434233442767, "centroid_lat": 47.605331163697144, "occurrences_today": 3, "datetimes_today": "2026-04-26 12:46:38, 2026-04-26 12:57:41, 2026-04-26 13:16:47", "cumulative_total": 20.0 }, "geometry": { "type": "Polygon", "coordinates": [ [ [ -69.047022553523405, 47.600164329823755 ], [ -69.053344461817602, 47.603092149901457 ], [ -69.052756704063597, 47.608259040637179 ], [ -69.045845749034612, 47.610497987368333 ], [ -69.039523442770204, 47.607569733204834 ], [ -69.040112489447154, 47.602402966462961 ], [ -69.047022553523405, 47.600164329823755 ] ] ] } },
{ "type": "Feature", "properties": { "hex_id": 984318, "centroid_lon": -69.044668287004271, "centroid_lat": 47.620831604096061, "occurrences_today": 3, "datetimes_today": "2026-04-26 12:46:38, 2026-04-26 12:57:41, 2026-04-26 13:16:47", "cumulative_total": 20.0 }, "geometry": { "type": "Polygon", "coordinates": [ [ [ -69.045257100241074, 47.61566480083529 ], [ -69.051580695960141, 47.618592791533139 ], [ -69.050992445495027, 47.623759651689411 ], [ -69.04407930926628, 47.625998397148621 ], [ -69.037755315305702, 47.623069972130708 ], [ -69.038344855757444, 47.617903236040704 ], [ -69.045257100241074, 47.61566480083529 ] ] ] } },
{ "type": "Feature", "properties": { "hex_id": 984319, "centroid_lon": -69.042900860054857, "centroid_lat": 47.636331952621155, "occurrences_today": 3, "datetimes_today": "2026-04-26 12:46:38, 2026-04-26 12:57:41, 2026-04-26 13:16:47", "cumulative_total": 20.0 }, "geometry": { "type": "Polygon", "coordinates": [ [ [ -69.043490166969136, 47.631165179990987 ], [ -69.049815451448623, 47.634093341408587 ], [ -69.049226707751515, 47.639260170967511 ], [ -69.04231138846545, 47.641498715037123 ], [ -69.035985705472939, 47.638570119065022 ], [ -69.03657574022148, 47.633403413644878 ], [ -69.043490166969136, 47.631165179990987 ] ] ] } },
{ "type": "Feature", "properties": { "hex_id": 984320, "centroid_lon": -69.041131951029044, "centroid_lat": 47.651832209218512, "occurrences_today": 3, "datetimes_today": "2026-04-26 12:46:38, 2026-04-26 12:57:41, 2026-04-26 13:16:47", "cumulative_total": 20.0 }, "geometry": { "type": "Polygon", "coordinates": [ [ [ -69.041721752142863, 47.646665467236915 ], [ -69.048048726719628, 47.64959379947404 ], [ -69.04745948926886, 47.654760598417667 ], [ -69.040541985065886, 47.656998940979932 ], [ -69.034214611704471, 47.654070173953706 ], [ -69.034805141272557, 47.648903499221447 ], [ -69.041721752142863, 47.646665467236915 ] ] ] } },
{ "type": "Feature", "properties": { "hex_id": 984927, "centroid_lon": -69.040701371648353, "centroid_lat": 47.597236189507804, "occurrences_today": 3, "datetimes_today": "2026-04-26 12:46:38, 2026-04-26 12:57:41, 2026-04-26 13:16:47", "cumulative_total": 20.0 }, "geometry": { "type": "Polygon", "coordinates": [ [ [ -69.041290089431698, 47.592069402341352 ], [ -69.047610709334378, 47.59499748575012 ], [ -69.047022553523405, 47.600164329823755 ], [ -69.040112489447154, 47.602402966462961 ], [ -69.033791472018876, 47.599474449044955 ], [ -69.03438091613458, 47.594307729063964 ], [ -69.041290089431698, 47.592069402341352 ] ] ] } },
{ "type": "Feature", "properties": { "hex_id": 984928, "centroid_lon": -69.038934231559622, "centroid_lat": 47.612736489731404, "occurrences_today": 3, "datetimes_today": "2026-04-26 12:46:38, 2026-04-26 12:57:41, 2026-04-26 13:16:47", "cumulative_total": 20.0 }, "geometry": { "type": "Polygon", "coordinates": [ [ [ -69.039523442770204, 47.607569733204834 ], [ -69.045845749034612, 47.610497987368333 ], [ -69.045257100241074, 47.61566480083529 ], [ -69.038344855757444, 47.617903236040704 ], [ -69.032022151696566, 47.61497454763375 ], [ -69.032612089857849, 47.609807858331862 ], [ -69.039523442770204, 47.607569733204834 ] ] ] } },
{ "type": "Feature", "properties": { "hex_id": 984929, "centroid_lon": -69.037165610146388, "centroid_lat": 47.628236697999419, "occurrences_today": 3, "datetimes_today": "2026-04-26 12:46:38, 2026-04-26 12:57:41, 2026-04-26 13:16:47", "cumulative_total": 20.0 }, "geometry": { "type": "Polygon", "coordinates": [ [ [ -69.037755315305702, 47.623069972130708 ], [ -69.04407930926628, 47.625998397148621 ], [ -69.043490166969136, 47.631165179990987 ], [ -69.03657574022148, 47.633403413644878 ], [ -69.03025134819336, 47.630474554149139 ], [ -69.030841780922373, 47.625307895544395 ], [ -69.037755315305702, 47.623069972130708 ] ] ] } },
{ "type": "Feature", "properties": { "hex_id": 984930, "centroid_lon": -69.035395505842672, "centroid_lat": 47.643736814257871, "occurrences_today": 3, "datetimes_today": "2026-04-26 12:46:38, 2026-04-26 12:57:41, 2026-04-26 13:16:47", "cumulative_total": 20.0 }, "geometry": { "type": "Polygon", "coordinates": [ [ [ -69.035985705472939, 47.638570119065022 ], [ -69.04231138846545, 47.641498715037123 ], [ -69.041721752142863, 47.646665467236915 ], [ -69.034805141272557, 47.648903499221447 ], [ -69.028479059941276, 47.645974468536991 ], [ -69.029069987760948, 47.640807840647433 ], [ -69.035985705472939, 47.638570119065022 ] ] ] } },
{ "type": "Feature", "properties": { "hex_id": 985538, "centroid_lon": -69.033201863279288, "centroid_lat": 47.604641158801599, "occurrences_today": 3, "datetimes_today": "2026-04-26 12:46:38, 2026-04-26 12:57:41, 2026-04-26 13:16:47", "cumulative_total": 20.0 }, "geometry": { "type": "Polygon", "coordinates": [ [ [ -69.033791472018876, 47.599474449044955 ], [ -69.040112489447154, 47.602402966462961 ], [ -69.039523442770204, 47.607569733204834 ], [ -69.032612089857849, 47.609807858331862 ], [ -69.02629067507776, 47.606878906747049 ], [ -69.026881010503885, 47.601712264269004 ], [ -69.033791472018876, 47.599474449044955 ] ] ] } },
{ "type": "Feature", "properties": { "hex_id": 985539, "centroid_lon": -69.031432048737415, "centroid_lat": 47.620141226705272, "occurrences_today": 3, "datetimes_today": "2026-04-26 12:46:38, 2026-04-26 12:57:41, 2026-04-26 13:16:47", "cumulative_total": 20.0 }, "geometry": { "type": "Polygon", "coordinates": [ [ [ -69.032022151696566, 47.61497454763375 ], [ -69.038344855757444, 47.617903236040704 ], [ -69.037755315305702, 47.623069972130708 ], [ -69.030841780922373, 47.625307895544395 ], [ -69.024518679239037, 47.622378772736319 ], [ -69.025109509503409, 47.617212160982724 ], [ -69.032022151696566, 47.61497454763375 ] ] ] } },
{ "type": "Feature", "properties": { "hex_id": 985540, "centroid_lon": -69.029660750492255, "centroid_lat": 47.63564120251749, "occurrences_today": 3, "datetimes_today": "2026-04-26 12:46:38, 2026-04-26 12:57:41, 2026-04-26 13:16:47", "cumulative_total": 20.0 }, "geometry": { "type": "Polygon", "coordinates": [ [ [ -69.03025134819336, 47.630474554149139 ], [ -69.03657574022148, 47.633403413644878 ], [ -69.035985705472939, 47.638570119065022 ], [ -69.029069987760948, 47.640807840647433 ], [ -69.022745197839527, 47.637878546516141 ], [ -69.023336523465247, 47.632711965505067 ], [ -69.03025134819336, 47.630474554149139 ] ] ] } },
{ "type": "Feature", "properties": { "hex_id": 985541, "centroid_lon": -69.027887966975044, "centroid_lat": 47.651141086184126, "occurrences_today": 3, "datetimes_today": "2026-04-26 12:46:38, 2026-04-26 12:57:41, 2026-04-26 13:16:47", "cumulative_total": 20.0 }, "geometry": { "type": "Polygon", "coordinates": [ [ [ -69.028479059941276, 47.645974468536991 ], [ -69.034805141272557, 47.648903499221447 ], [ -69.034214611704471, 47.654070173953706 ], [ -69.027296708804045, 47.656307693586832 ], [ -69.020970229308503, 47.653378228032182 ], [ -69.021562050819412, 47.648211677781724 ], [ -69.028479059941276, 47.645974468536991 ] ] ] } },
{ "type": "Feature", "properties": { "hex_id": 986149, "centroid_lon": -69.025700174763614, "centroid_lat": 47.612045538985619, "occurrences_today": 3, "datetimes_today": "2026-04-26 12:46:38, 2026-04-26 12:57:41, 2026-04-26 13:16:47", "cumulative_total": 20.0 }, "geometry": { "type": "Polygon", "coordinates": [ [ [ -69.02629067507776, 47.606878906747049 ], [ -69.032612089857849, 47.609807858331862 ], [ -69.032022151696566, 47.61497454763375 ], [ -69.025109509503409, 47.617212160982724 ], [ -69.018787697545577, 47.614282775073484 ], [ -69.019378924900565, 47.609116210206714 ], [ -69.02629067507776, 47.606878906747049 ] ] ] } },
{ "type": "Feature", "properties": { "hex_id": 986150, "centroid_lon": -69.023927683912362, "centroid_lat": 47.627545374244434, "occurrences_today": 3, "datetimes_today": "2026-04-26 12:46:38, 2026-04-26 12:57:41, 2026-04-26 13:16:47", "cumulative_total": 20.0 }, "geometry": { "type": "Polygon", "coordinates": [ [ [ -69.024518679239037, 47.622378772736319 ], [ -69.030841780922373, 47.625307895544395 ], [ -69.03025134819336, 47.630474554149139 ], [ -69.023336523465247, 47.632711965505067 ], [ -69.017013024333778, 47.629782408138169 ], [ -69.017604747320377, 47.624615874041226 ], [ -69.024518679239037, 47.622378772736319 ] ] ] } },
{ "type": "Feature", "properties": { "hex_id": 986151, "centroid_lon": -69.022153706976994, "centroid_lat": 47.643045117275697, "occurrences_today": 3, "datetimes_today": "2026-04-26 12:46:38, 2026-04-26 12:57:41, 2026-04-26 13:16:47", "cumulative_total": 20.0 }, "geometry": { "type": "Polygon", "coordinates": [ [ [ -69.022745197839527, 47.637878546516141 ], [ -69.029069987760948, 47.640807840647433 ], [ -69.028479059941276, 47.645974468536991 ], [ -69.021562050819412, 47.648211677781724 ], [ -69.015236863179311, 47.645281948857061 ], [ -69.015829082321517, 47.640115445548091 ], [ -69.022745197839527, 47.637878546516141 ] ] ] } },
{ "type": "Feature", "properties": { "hex_id": 986760, "centroid_lon": -69.018196305038245, "centroid_lat": 47.619449329685665, "occurrences_today": 3, "datetimes_today": "2026-04-26 12:46:38, 2026-04-26 12:57:41, 2026-04-26 13:16:47", "cumulative_total": 20.0 }, "geometry": { "type": "Polygon", "coordinates": [ [ [ -69.018787697545577, 47.614282775073484 ], [ -69.025109509503409, 47.617212160982724 ], [ -69.024518679239037, 47.622378772736319 ], [ -69.017604747320377, 47.624615874041226 ], [ -69.011282538359197, 47.621686053649967 ], [ -69.011874658261846, 47.616519566502845 ], [ -69.018787697545577, 47.614282775073484 ] ] ] } },
{ "type": "Feature", "properties": { "hex_id": 986761, "centroid_lon": -69.016421136020242, "centroid_lat": 47.634948931974463, "occurrences_today": 3, "datetimes_today": "2026-04-26 12:46:38, 2026-04-26 12:57:41, 2026-04-26 13:16:47", "cumulative_total": 20.0 }, "geometry": { "type": "Polygon", "coordinates": [ [ [ -69.017013024333778, 47.629782408138169 ], [ -69.023336523465247, 47.632711965505067 ], [ -69.022745197839527, 47.637878546516141 ], [ -69.015829082321517, 47.640115445548091 ], [ -69.009505185916566, 47.63718545346471 ], [ -69.010097802244829, 47.632018997132931 ], [ -69.017013024333778, 47.629782408138169 ] ] ] } },
{ "type": "Feature", "properties": { "hex_id": 987371, "centroid_lon": -69.010690253039613, "centroid_lat": 47.626852530527323, "occurrences_today": 3, "datetimes_today": "2026-04-26 12:46:38, 2026-04-26 12:57:41, 2026-04-26 13:16:47", "cumulative_total": 20.0 }, "geometry": { "type": "Polygon", "coordinates": [ [ [ -69.011282538359197, 47.621686053649967 ], [ -69.017604747320377, 47.624615874041226 ], [ -69.017013024333778, 47.629782408138169 ], [ -69.010097802244829, 47.632018997132931 ], [ -69.00377519645501, 47.629088742101992 ], [ -69.0043682095245, 47.623922332783003 ], [ -69.011282538359197, 47.621686053649967 ] ] ] } },
{ "type": "Feature", "properties": { "hex_id": 987372, "centroid_lon": -69.008912403996447, "centroid_lat": 47.642351899520676, "occurrences_today": 3, "datetimes_today": "2026-04-26 12:46:38, 2026-04-26 12:57:41, 2026-04-26 13:16:47", "cumulative_total": 20.0 }, "geometry": { "type": "Polygon", "coordinates": [ [ [ -69.009505185916566, 47.63718545346471 ], [ -69.015829082321517, 47.640115445548091 ], [ -69.015236863179311, 47.645281948857061 ], [ -69.008319456426179, 47.647518335298813 ], [ -69.001995162922682, 47.644587908341194 ], [ -69.002588673212486, 47.639421529883101 ], [ -69.009505185916566, 47.63718545346471 ] ] ] } },
{ "type": "Feature", "properties": { "hex_id": 987982, "centroid_lon": -69.003182017703807, "centroid_lat": 47.634255141136038, "occurrences_today": 3, "datetimes_today": "2026-04-26 12:46:38, 2026-04-26 12:57:41, 2026-04-26 13:16:47", "cumulative_total": 20.0 }, "geometry": { "type": "Polygon", "coordinates": [ [ [ -69.00377519645501, 47.629088742101992 ], [ -69.010097802244829, 47.632018997132931 ], [ -69.009505185916566, 47.63718545346471 ], [ -69.002588673212486, 47.639421529883101 ], [ -68.99626567076902, 47.636490840054883 ], [ -68.996859577624875, 47.631324508672598 ], [ -69.00377519645501, 47.629088742101992 ] ] ] } },
{ "type": "Feature", "properties": { "hex_id": 580033, "centroid_lon": -73.505254659436858, "centroid_lat": 45.677201353516629, "occurrences_today": 4, "datetimes_today": "2026-04-26 19:01:35, 2026-04-26 19:16:52, 2026-04-26 19:46:38, 2026-04-26 20:02:02", "cumulative_total": 86.0 }, "geometry": { "type": "Polygon", "coordinates": [ [ [ -73.505392984192838, 45.672006475927034 ], [ -73.511741377731227, 45.674687713669854 ], [ -73.511603627508123, 45.679882603822946 ], [ -73.505116296828163, 45.682396226034832 ], [ -73.498767366616036, 45.679714616562038 ], [ -73.498906303744832, 45.674519756672197 ], [ -73.505392984192838, 45.672006475927034 ] ] ] } },
{ "type": "Feature", "properties": { "hex_id": 580644, "centroid_lon": -73.498628391465857, "centroid_lat": 45.684909471377679, "occurrences_today": 4, "datetimes_today": "2026-04-26 19:01:35, 2026-04-26 19:16:52, 2026-04-26 19:46:38, 2026-04-26 20:02:02", "cumulative_total": 57.0 }, "geometry": { "type": "Polygon", "coordinates": [ [ [ -73.498767366616036, 45.679714616562038 ], [ -73.505116296828163, 45.682396226034832 ], [ -73.50497789635395, 45.687591093481586 ], [ -73.498489378281477, 45.690104321119044 ], [ -73.492139911433981, 45.687422339756225 ], [ -73.492279499281508, 45.682227502710852 ], [ -73.498767366616036, 45.679714616562038 ] ] ] } },
{ "type": "Feature", "properties": { "hex_id": 581255, "centroid_lon": -73.492000285383511, "centroid_lat": 45.692617171724471, "occurrences_today": 4, "datetimes_today": "2026-04-26 19:01:35, 2026-04-26 19:16:52, 2026-04-26 19:46:38, 2026-04-26 20:02:02", "cumulative_total": 91.0 }, "geometry": { "type": "Polygon", "coordinates": [ [ [ -73.492139911433981, 45.687422339756225 ], [ -73.498489378281477, 45.690104321119044 ], [ -73.49835032705009, 45.695299165786032 ], [ -73.49186062111724, 45.697811998615471 ], [ -73.485510617672944, 45.695129645202563 ], [ -73.485650856745394, 45.689934831075199 ], [ -73.492139911433981, 45.687422339756225 ] ] ] } },
{ "type": "Feature", "properties": { "hex_id": 580032, "centroid_lon": -73.505669520197529, "centroid_lat": 45.661616705534136, "occurrences_today": 4, "datetimes_today": "2026-04-26 19:01:35, 2026-04-26 19:16:52, 2026-04-26 19:46:38, 2026-04-26 20:02:02", "cumulative_total": 94.0 }, "geometry": { "type": "Polygon", "coordinates": [ [ [ -73.505807731471762, 45.656421812731026 ], [ -73.51215440234634, 45.659103012799655 ], [ -73.512016765137645, 45.66429791815812 ], [ -73.505531271108794, 45.666811593266182 ], [ -73.49918406398956, 45.664130021670296 ], [ -73.499322887131086, 45.65893514655842 ], [ -73.505807731471762, 45.656421812731026 ] ] ] } },
{ "type": "Feature", "properties": { "hex_id": 514722, "centroid_lon": -74.189281150757097, "centroid_lat": 45.878975173929661, "occurrences_today": 9, "datetimes_today": "2026-04-26 10:01:52, 2026-04-26 10:31:53, 2026-04-26 10:46:43, 2026-04-26 11:01:43, 2026-04-26 11:16:44, 2026-04-26 11:32:03, 2026-04-26 11:46:47, 2026-04-26 11:59:41, 2026-04-26 12:16:55", "cumulative_total": 47.0 }, "geometry": { "type": "Polygon", "coordinates": [ [ [ -74.189356710810017, 45.873779230654819 ], [ -74.19576121412868, 45.876422727904377 ], [ -74.195686244090723, 45.881618676964109 ], [ -74.189205569970568, 45.884171112361933 ], [ -74.18280049737406, 45.881527247313329 ], [ -74.182876668168518, 45.876331314731424 ], [ -74.189356710810017, 45.873779230654819 ] ] ] } },
{ "type": "Feature", "properties": { "hex_id": 515332, "centroid_lon": -74.182952818068259, "centroid_lat": 45.871135377305407, "occurrences_today": 8, "datetimes_today": "2026-04-26 10:31:53, 2026-04-26 10:46:43, 2026-04-26 11:01:43, 2026-04-26 11:16:44, 2026-04-26 11:32:03, 2026-04-26 11:46:47, 2026-04-26 11:59:41, 2026-04-26 12:16:55", "cumulative_total": 50.0 }, "geometry": { "type": "Polygon", "coordinates": [ [ [ -74.183028947080331, 45.865939435035294 ], [ -74.189432250136377, 45.868583282537429 ], [ -74.189356710810017, 45.873779230654819 ], [ -74.182876668168518, 45.876331314731424 ], [ -74.176472796317952, 45.873687099468725 ], [ -74.176549535896342, 45.868491167955412 ], [ -74.183028947080331, 45.865939435035294 ] ] ] } },
{ "type": "Feature", "properties": { "hex_id": 515943, "centroid_lon": -74.176396035683752, "centroid_lat": 45.878883026136386, "occurrences_today": 8, "datetimes_today": "2026-04-26 10:31:53, 2026-04-26 10:46:43, 2026-04-26 11:01:43, 2026-04-26 11:16:44, 2026-04-26 11:32:03, 2026-04-26 11:46:47, 2026-04-26 11:59:41, 2026-04-26 12:16:55", "cumulative_total": 52.0 }, "geometry": { "type": "Polygon", "coordinates": [ [ [ -74.176472796317952, 45.873687099468725 ], [ -74.182876668168518, 45.876331314731424 ], [ -74.18280049737406, 45.881527247313329 ], [ -74.176319253986605, 45.884078947958422 ], [ -74.169914813362823, 45.881434364772709 ], [ -74.169992184892564, 45.87623844893038 ], [ -74.176472796317952, 45.873687099468725 ] ] ] } },
{ "type": "Feature", "properties": { "hex_id": 516553, "centroid_lon": -74.17006953519828, "centroid_lat": 45.871042528240864, "occurrences_today": 8, "datetimes_today": "2026-04-26 10:31:53, 2026-04-26 10:46:43, 2026-04-26 11:01:43, 2026-04-26 11:16:44, 2026-04-26 11:32:03, 2026-04-26 11:46:47, 2026-04-26 11:59:41, 2026-04-26 12:16:55", "cumulative_total": 46.0 }, "geometry": { "type": "Polygon", "coordinates": [ [ [ -74.170146864287176, 45.865846602704174 ], [ -74.176549535896342, 45.868491167955412 ], [ -74.176472796317952, 45.873687099468725 ], [ -74.169992184892564, 45.87623844893038 ], [ -74.163588944993307, 45.873593515794674 ], [ -74.163666884802339, 45.86839760114718 ], [ -74.170146864287176, 45.865846602704174 ] ] ] } },
{ "type": "Feature", "properties": { "hex_id": 530609, "centroid_lon": -74.017928207618979, "centroid_lat": 46.095879223750366, "occurrences_today": 13, "datetimes_today": "2026-04-26 14:16:41, 2026-04-26 14:30:06, 2026-04-26 14:46:48, 2026-04-26 15:01:42, 2026-04-26 15:16:36, 2026-04-26 15:31:39, 2026-04-26 15:47:10, 2026-04-26 16:01:41, 2026-04-26 16:17:01, 2026-04-26 16:46:42, 2026-04-26 17:02:09, 2026-04-26 17:16:43, 2026-04-26 17:31:51", "cumulative_total": 144.0 }, "geometry": { "type": "Polygon", "coordinates": [ [ [ -74.018020431409681, 46.090683722022746 ], [ -74.024441511138093, 46.093336857557475 ], [ -74.024349881854675, 46.098532366826745 ], [ -74.017835958454313, 46.101074720591015 ], [ -74.011414309596887, 46.098421212818288 ], [ -74.011507153260169, 46.093225723585213 ], [ -74.018020431409681, 46.090683722022746 ] ] ] } },
{ "type": "Feature", "properties": { "hex_id": 439661, "centroid_lon": -74.981639714899046, "centroid_lat": 46.357305819906095, "occurrences_today": 12, "datetimes_today": "2026-04-26 12:46:38, 2026-04-26 12:57:41, 2026-04-26 13:16:47, 2026-04-26 13:31:39, 2026-04-26 14:01:48, 2026-04-26 14:16:41, 2026-04-26 14:30:06, 2026-04-26 14:46:48, 2026-04-26 15:01:42, 2026-04-26 15:16:36, 2026-04-26 15:31:39, 2026-04-26 15:47:10", "cumulative_total": 49.0 }, "geometry": { "type": "Polygon", "coordinates": [ [ [ -74.981641454943158, 46.352109792721272 ], [ -74.988139490457499, 46.354708665637837 ], [ -74.988138366202747, 46.359904690606008 ], [ -74.981637974374507, 46.362501842347818 ], [ -74.975139323551304, 46.359902603420501 ], [ -74.975141679865061, 46.354706578828754 ], [ -74.981641454943158, 46.352109792721272 ] ] ] } },
{ "type": "Feature", "properties": { "hex_id": 440272, "centroid_lon": -74.975136966586959, "centroid_lat": 46.36509862326912, "occurrences_today": 12, "datetimes_today": "2026-04-26 12:46:38, 2026-04-26 12:57:41, 2026-04-26 13:16:47, 2026-04-26 13:31:39, 2026-04-26 14:01:48, 2026-04-26 14:16:41, 2026-04-26 14:30:06, 2026-04-26 14:46:48, 2026-04-26 15:01:42, 2026-04-26 15:16:36, 2026-04-26 15:31:39, 2026-04-26 15:47:10", "cumulative_total": 45.0 }, "geometry": { "type": "Polygon", "coordinates": [ [ [ -74.975139323551304, 46.359902603420501 ], [ -74.981637974374507, 46.362501842347818 ], [ -74.981636233369372, 46.367697860046448 ], [ -74.9751346089718, 46.370294638374645 ], [ -74.968635342840301, 46.367695033269989 ], [ -74.968638316414456, 46.362499016081145 ], [ -74.975139323551304, 46.359902603420501 ] ] ] } },
{ "type": "Feature", "properties": { "hex_id": 572707, "centroid_lon": -73.582270673076479, "centroid_lat": 45.678183236173538, "occurrences_today": 8, "datetimes_today": "2026-04-26 14:30:06, 2026-04-26 14:46:48, 2026-04-26 15:01:42, 2026-04-26 15:16:36, 2026-04-26 15:31:39, 2026-04-26 15:47:10, 2026-04-26 16:01:41, 2026-04-26 16:17:01", "cumulative_total": 109.0 }, "geometry": { "type": "Polygon", "coordinates": [ [ [ -73.58240187669449, 45.672988181693007 ], [ -73.588754161686026, 45.675665183124089 ], [ -73.588623533685947, 45.680860249405605 ], [ -73.582139433552783, 45.683378285615163 ], [ -73.575786608855083, 45.68070091315969 ], [ -73.575918423984589, 45.675505875583923 ], [ -73.58240187669449, 45.672988181693007 ] ] ] } },
{ "type": "Feature", "properties": { "hex_id": 569034, "centroid_lon": -73.624594281203542, "centroid_lat": 45.522798346155099, "occurrences_today": 5, "datetimes_today": "2026-04-26 14:16:41, 2026-04-26 14:30:06, 2026-04-26 14:46:48, 2026-04-26 15:01:42, 2026-04-26 15:16:36", "cumulative_total": 180.0 }, "geometry": { "type": "Polygon", "coordinates": [ [ [ -73.624720881248862, 45.517603056069809 ], [ -73.631057893384067, 45.520277595964515 ], [ -73.630931864827687, 45.525472897393982 ], [ -73.624467646577031, 45.527993631219374 ], [ -73.61813009753989, 45.525318722671315 ], [ -73.61825730364373, 45.520123449015763 ], [ -73.624720881248862, 45.517603056069809 ] ] ] } },
{ "type": "Feature", "properties": { "hex_id": 569046, "centroid_lon": -73.620013557909559, "centroid_lat": 45.709825444638355, "occurrences_today": 2, "datetimes_today": "2026-04-26 23:31:21, 2026-04-26 23:46:23", "cumulative_total": 81.0 }, "geometry": { "type": "Polygon", "coordinates": [ [ [ -73.620141410232534, 45.704630335357606 ], [ -73.626499093924764, 45.707305285219235 ], [ -73.626371818699624, 45.712500405934456 ], [ -73.619885670583912, 45.715020548895332 ], [ -73.613527444802429, 45.712345227958863 ], [ -73.613655909214117, 45.707150135201303 ], [ -73.620141410232534, 45.704630335357606 ] ] ] } },
{ "type": "Feature", "properties": { "hex_id": 570269, "centroid_lon": -73.606394840993303, "centroid_lat": 45.740839940482807, "occurrences_today": 8, "datetimes_today": "2026-04-26 15:47:10, 2026-04-26 16:01:41, 2026-04-26 16:17:01, 2026-04-26 16:46:42, 2026-04-26 17:02:09, 2026-04-26 17:16:43, 2026-04-26 17:31:51, 2026-04-26 17:46:59", "cumulative_total": 51.0 }, "geometry": { "type": "Polygon", "coordinates": [ [ [ -73.606524094469023, 45.735644889461724 ], [ -73.61288459493791, 45.738320616349668 ], [ -73.612755919320605, 45.743515678947915 ], [ -73.606265552118032, 45.74603498647452 ], [ -73.599904509196278, 45.743358887988066 ], [ -73.600034375917986, 45.738163853638554 ], [ -73.606524094469023, 45.735644889461724 ] ] ] } },
{ "type": "Feature", "properties": { "hex_id": 570880, "centroid_lon": -73.599774606906038, "centroid_lat": 45.748553917305571, "occurrences_today": 8, "datetimes_today": "2026-04-26 15:47:10, 2026-04-26 16:01:41, 2026-04-26 16:17:01, 2026-04-26 16:46:42, 2026-04-26 17:02:09, 2026-04-26 17:16:43, 2026-04-26 17:31:51, 2026-04-26 17:46:59", "cumulative_total": 71.0 }, "geometry": { "type": "Polygon", "coordinates": [ [ [ -73.599904509196278, 45.743358887988066 ], [ -73.606265552118032, 45.74603498647452 ], [ -73.606136227831257, 45.751230027436804 ], [ -73.599644669035285, 45.753748941591006 ], [ -73.593283083696576, 45.751072471345452 ], [ -73.593413599558787, 45.745877458769826 ], [ -73.599904509196278, 45.743358887988066 ] ] ] } },
{ "type": "Feature", "properties": { "hex_id": 582462, "centroid_lon": -73.485042379359768, "centroid_lat": 45.474260915435998, "occurrences_today": 8, "datetimes_today": "2026-04-26 02:02:13, 2026-04-26 02:16:44, 2026-04-26 02:30:49, 2026-04-26 02:46:44, 2026-04-26 03:02:50, 2026-04-26 03:16:50, 2026-04-26 03:31:40, 2026-04-26 03:46:49", "cumulative_total": 153.0 }, "geometry": { "type": "Polygon", "coordinates": [ [ [ -73.485181586021014, 45.469065900742869 ], [ -73.491506406977535, 45.471748051688806 ], [ -73.491367768451909, 45.476943079092166 ], [ -73.484903134698314, 45.479455925050424 ], [ -73.478577783612749, 45.476773404768124 ], [ -73.478717596397075, 45.471578407928341 ], [ -73.485181586021014, 45.469065900742869 ] ] ] } },
{ "type": "Feature", "properties": { "hex_id": 573914, "centroid_lon": -73.574963755356109, "centroid_lat": 45.459827774173995, "occurrences_today": 10, "datetimes_today": "2026-04-26 14:01:48, 2026-04-26 14:16:41, 2026-04-26 14:30:06, 2026-04-26 14:46:48, 2026-04-26 15:01:42, 2026-04-26 15:16:36, 2026-04-26 15:31:39, 2026-04-26 15:47:10, 2026-04-26 16:01:41, 2026-04-26 16:17:01", "cumulative_total": 90.0 }, "geometry": { "type": "Polygon", "coordinates": [ [ [ -73.575094635205986, 45.454632536746644 ], [ -73.581422244780981, 45.457309745956906 ], [ -73.581291933854786, 45.462504995203666 ], [ -73.574832839783781, 45.465023006560735 ], [ -73.568504697013523, 45.4623454290317 ], [ -73.568636181497567, 45.457150208528731 ], [ -73.575094635205986, 45.454632536746644 ] ] ] } },
{ "type": "Feature", "properties": { "hex_id": 529977, "centroid_lon": -74.030253736118951, "centroid_lat": 45.760814103994264, "occurrences_today": 6, "datetimes_today": "2026-04-26 08:16:58, 2026-04-26 08:31:41, 2026-04-26 08:46:57, 2026-04-26 09:01:56, 2026-04-26 09:13:02, 2026-04-26 09:31:41", "cumulative_total": 133.0 }, "geometry": { "type": "Polygon", "coordinates": [ [ [ -74.030343744915754, 45.755618277227128 ], [ -74.036727136706105, 45.758270573512078 ], [ -74.036637712126719, 45.763466407638596 ], [ -74.030163702660985, 45.766009925877412 ], [ -74.023779751318543, 45.763357261761371 ], [ -74.023870368985584, 45.758161447302754 ], [ -74.030343744915754, 45.755618277227128 ] ] ] } },
{ "type": "Feature", "properties": { "hex_id": 530587, "centroid_lon": -74.023960961832302, "centroid_lat": 45.752965627958353, "occurrences_today": 6, "datetimes_today": "2026-04-26 08:16:58, 2026-04-26 08:31:41, 2026-04-26 08:46:57, 2026-04-26 09:01:56, 2026-04-26 09:13:02, 2026-04-26 09:31:41", "cumulative_total": 232.0 }, "geometry": { "type": "Polygon", "coordinates": [ [ [ -74.024051529867052, 45.747769803728197 ], [ -74.030433729059709, 45.750422445576049 ], [ -74.030343744915754, 45.755618277227128 ], [ -74.023870368985584, 45.758161447302754 ], [ -74.017487610718277, 45.755508437663188 ], [ -74.017578787447391, 45.750312625804845 ], [ -74.024051529867052, 45.747769803728197 ] ] ] } },
{ "type": "Feature", "properties": { "hex_id": 569644, "centroid_lon": -73.618384475011538, "centroid_lat": 45.514928170336702, "occurrences_today": 5, "datetimes_today": "2026-04-26 14:16:41, 2026-04-26 14:30:06, 2026-04-26 14:46:48, 2026-04-26 15:01:42, 2026-04-26 15:16:36", "cumulative_total": 360.0 }, "geometry": { "type": "Polygon", "coordinates": [ [ [ -73.618511611654952, 45.509732886634225 ], [ -73.624847446724587, 45.512407760963612 ], [ -73.624720881248862, 45.517603056069809 ], [ -73.61825730364373, 45.520123449015763 ], [ -73.611920932136627, 45.517448206074725 ], [ -73.612048674660471, 45.512252938863924 ], [ -73.618511611654952, 45.509732886634225 ] ] ] } },
{ "type": "Feature", "properties": { "hex_id": 570255, "centroid_lon": -73.611793154721951, "centroid_lat": 45.522643468259531, "occurrences_today": 5, "datetimes_today": "2026-04-26 14:16:41, 2026-04-26 14:30:06, 2026-04-26 14:46:48, 2026-04-26 15:01:42, 2026-04-26 15:16:36", "cumulative_total": 195.0 }, "geometry": { "type": "Polygon", "coordinates": [ [ [ -73.611920932136627, 45.517448206074725 ], [ -73.61825730364373, 45.520123449015763 ], [ -73.61813009753989, 45.525318722671315 ], [ -73.61166534240472, 45.527838725418242 ], [ -73.605328434495206, 45.52516311370622 ], [ -73.605456818111549, 45.519967868082809 ], [ -73.611920932136627, 45.517448206074725 ] ] ] } },
{ "type": "Feature", "properties": { "hex_id": 570865, "centroid_lon": -73.605585166670551, "centroid_lat": 45.514772617430772, "occurrences_today": 5, "datetimes_today": "2026-04-26 14:16:41, 2026-04-26 14:30:06, 2026-04-26 14:46:48, 2026-04-26 15:01:42, 2026-04-26 15:16:36", "cumulative_total": 270.0 }, "geometry": { "type": "Polygon", "coordinates": [ [ [ -73.605713480183979, 45.50957736175021 ], [ -73.612048674660471, 45.512252938863924 ], [ -73.611920932136627, 45.517448206074725 ], [ -73.605456818111549, 45.519967868082809 ], [ -73.599121087696915, 45.517291922239899 ], [ -73.599250007233749, 45.512096683182634 ], [ -73.605713480183979, 45.50957736175021 ] ] ] } },
{ "type": "Feature", "properties": { "hex_id": 571476, "centroid_lon": -73.598992132948013, "centroid_lat": 45.522487156266031, "occurrences_today": 28, "datetimes_today": "2026-04-26 14:16:41, 2026-04-26 14:30:06, 2026-04-26 14:46:48, 2026-04-26 15:01:42, 2026-04-26 15:16:36, 2026-04-26 17:31:51, 2026-04-26 17:46:59, 2026-04-26 18:16:56, 2026-04-26 18:31:46, 2026-04-26 19:01:35, 2026-04-26 19:16:52, 2026-04-26 19:46:38, 2026-04-26 20:02:02, 2026-04-26 20:16:53, 2026-04-26 20:31:55, 2026-04-26 20:46:23, 2026-04-26 21:01:31, 2026-04-26 21:16:34, 2026-04-26 21:31:25, 2026-04-26 21:47:11, 2026-04-26 22:01:22, 2026-04-26 22:16:19, 2026-04-26 22:31:37, 2026-04-26 22:46:36, 2026-04-26 23:01:43, 2026-04-26 23:16:30, 2026-04-26 23:31:21, 2026-04-26 23:46:23", "cumulative_total": 292.0 }, "geometry": { "type": "Polygon", "coordinates": [ [ [ -73.599121087696915, 45.517291922239899 ], [ -73.605456818111549, 45.519967868082809 ], [ -73.605328434495206, 45.52516311370622 ], [ -73.598863142975233, 45.527682385260917 ], [ -73.592526876657828, 45.525006070529535 ], [ -73.592656437751359, 45.519810853196461 ], [ -73.599121087696915, 45.517291922239899 ] ] ] } },
{ "type": "Feature", "properties": { "hex_id": 556814, "centroid_lon": -73.756042230123967, "centroid_lat": 45.368399433663001, "occurrences_today": 6, "datetimes_today": "2026-04-26 21:16:34, 2026-04-26 21:31:25, 2026-04-26 21:47:11, 2026-04-26 22:01:22, 2026-04-26 22:16:19, 2026-04-26 22:31:37", "cumulative_total": 92.0 }, "geometry": { "type": "Polygon", "coordinates": [ [ [ -73.756156118482266, 45.363203729624679 ], [ -73.762482385531186, 45.365870929879186 ], [ -73.762369065792711, 45.371066643927023 ], [ -73.755928310712491, 45.373595132730536 ], [ -73.749601506102096, 45.370927567004252 ], [ -73.749715994122994, 45.365731878010429 ], [ -73.756156118482266, 45.363203729624679 ] ] ] } },
{ "type": "Feature", "properties": { "hex_id": 557424, "centroid_lon": -73.749830450936827, "centroid_lat": 45.360536184043561, "occurrences_today": 6, "datetimes_today": "2026-04-26 21:16:34, 2026-04-26 21:31:25, 2026-04-26 21:47:11, 2026-04-26 22:01:22, 2026-04-26 22:16:19, 2026-04-26 22:31:37", "cumulative_total": 51.0 }, "geometry": { "type": "Polygon", "coordinates": [ [ [ -73.749944876553982, 45.355340485103746 ], [ -73.756269975797807, 45.358008020615635 ], [ -73.756156118482266, 45.363203729624679 ], [ -73.749715994122994, 45.365731878010429 ], [ -73.743390357779418, 45.363063977067377 ], [ -73.74350538288445, 45.357868293233913 ], [ -73.749944876553982, 45.355340485103746 ] ] ] } },
{ "type": "Feature", "properties": { "hex_id": 558035, "centroid_lon": -73.743275301313432, "centroid_lat": 45.368259655925542, "occurrences_today": 6, "datetimes_today": "2026-04-26 21:16:34, 2026-04-26 21:31:25, 2026-04-26 21:47:11, 2026-04-26 22:01:22, 2026-04-26 22:16:19, 2026-04-26 22:31:37", "cumulative_total": 110.0 }, "geometry": { "type": "Polygon", "coordinates": [ [ [ -73.743390357779418, 45.363063977067377 ], [ -73.749715994122994, 45.365731878010429 ], [ -73.749601506102096, 45.370927567004252 ], [ -73.743160213475988, 45.373455329808344 ], [ -73.736834040064011, 45.370787063275408 ], [ -73.73694969633604, 45.365591399592461 ], [ -73.743390357779418, 45.363063977067377 ] ] ] } },
{ "type": "Feature", "properties": { "hex_id": 558645, "centroid_lon": -73.737065321082767, "centroid_lat": 45.360395730931899, "occurrences_today": 6, "datetimes_today": "2026-04-26 21:16:34, 2026-04-26 21:31:25, 2026-04-26 21:47:11, 2026-04-26 22:01:22, 2026-04-26 22:16:19, 2026-04-26 22:31:37", "cumulative_total": 151.0 }, "geometry": { "type": "Polygon", "coordinates": [ [ [ -73.737180914314692, 45.355200057293779 ], [ -73.74350538288445, 45.357868293233913 ], [ -73.743390357779418, 45.363063977067377 ], [ -73.73694969633604, 45.365591399592461 ], [ -73.730624691159434, 45.362922798103121 ], [ -73.730740884022509, 45.357727139702085 ], [ -73.737180914314692, 45.355200057293779 ] ] ] } },
{ "type": "Feature", "properties": { "hex_id": 574528, "centroid_lon": -73.567187876321697, "centroid_lat": 45.51429735666629, "occurrences_today": 3, "datetimes_today": "2026-04-26 22:46:36, 2026-04-26 23:01:43, 2026-04-26 23:16:30", "cumulative_total": 121.0 }, "geometry": { "type": "Polygon", "coordinates": [ [ [ -73.567319720232248, 45.509102186600096 ], [ -73.573652990145789, 45.511779871199337 ], [ -73.573521716689626, 45.516975053175138 ], [ -73.567055996402132, 45.519492521688299 ], [ -73.560722192049255, 45.516814468007944 ], [ -73.560854642411101, 45.511619314960058 ], [ -73.567319720232248, 45.509102186600096 ] ] ] } },
{ "type": "Feature", "properties": { "hex_id": 575138, "centroid_lon": -73.560987056609477, "centroid_lat": 45.5064241568654, "occurrences_today": 3, "datetimes_today": "2026-04-26 22:46:36, 2026-04-26 23:01:43, 2026-04-26 23:16:30", "cumulative_total": 223.0 }, "geometry": { "type": "Polygon", "coordinates": [ [ [ -73.561119434656476, 45.501228993724077 ], [ -73.567451528145881, 45.503907011489844 ], [ -73.567319720232248, 45.509102186600096 ], [ -73.560854642411101, 45.511619314960058 ], [ -73.554522014945761, 45.508940928155255 ], [ -73.554654999265367, 45.503745782094022 ], [ -73.561119434656476, 45.501228993724077 ] ] ] } },
{ "type": "Feature", "properties": { "hex_id": 581253, "centroid_lon": -73.492837468899666, "centroid_lat": 45.66144810375993, "occurrences_today": 4, "datetimes_today": "2026-04-26 19:01:35, 2026-04-26 19:16:52, 2026-04-26 19:46:38, 2026-04-26 20:02:02", "cumulative_total": 37.0 }, "geometry": { "type": "Polygon", "coordinates": [ [ [ -73.492976865925542, 45.656253241330326 ], [ -73.499322887131086, 45.65893514655842 ], [ -73.49918406398956, 45.664130021670296 ], [ -73.492698033735195, 45.666642961112899 ], [ -73.486351476790347, 45.663960684240394 ], [ -73.486491485826321, 45.658765839634526 ], [ -73.492976865925542, 45.656253241330326 ] ] ] } },
{ "type": "Feature", "properties": { "hex_id": 624584, "centroid_lon": -73.045229040750996, "centroid_lat": 45.428602348216145, "occurrences_today": 5, "datetimes_today": "2026-04-26 22:46:36, 2026-04-26 23:01:43, 2026-04-26 23:16:30, 2026-04-26 23:31:21, 2026-04-26 23:46:23", "cumulative_total": 21.0 }, "geometry": { "type": "Polygon", "coordinates": [ [ [ -73.04540836163838, 45.423408501401127 ], [ -73.051706486442129, 45.42611460044678 ], [ -73.051527726284803, 45.431308464277585 ], [ -73.0450496709513, 45.433796189733847 ], [ -73.038751034337992, 45.431089717914517 ], [ -73.038930964851374, 45.425895893476806 ], [ -73.04540836163838, 45.423408501401127 ] ] ] } },
{ "type": "Feature", "properties": { "hex_id": 625194, "centroid_lon": -73.039110846301313, "centroid_lat": 45.420702063738254, "occurrences_today": 5, "datetimes_today": "2026-04-26 22:46:36, 2026-04-26 23:01:43, 2026-04-26 23:16:30, 2026-04-26 23:31:21, 2026-04-26 23:46:23", "cumulative_total": 21.0 }, "geometry": { "type": "Polygon", "coordinates": [ [ [ -73.039290678704219, 45.415508228699068 ], [ -73.045587633629808, 45.418214649288949 ], [ -73.04540836163838, 45.423408501401127 ], [ -73.038930964851374, 45.425895893476806 ], [ -73.032633498569524, 45.423189100158645 ], [ -73.032813940414513, 45.417995287557261 ], [ -73.039290678704219, 45.415508228699068 ] ] ] } },
{ "type": "Feature", "properties": { "hex_id": 575750, "centroid_lon": -73.553989714366139, "centroid_lat": 45.529721461905602, "occurrences_today": 2, "datetimes_today": "2026-04-26 23:31:21, 2026-04-26 23:46:23", "cumulative_total": 358.0 }, "geometry": { "type": "Polygon", "coordinates": [ [ [ -73.554122844030616, 45.524526336042406 ], [ -73.560457182786493, 45.527204758963116 ], [ -73.560324623861291, 45.532399896870196 ], [ -73.553856548334949, 45.534916582719113 ], [ -73.547521675212622, 45.532237790398767 ], [ -73.547655411970894, 45.527042681693686 ], [ -73.554122844030616, 45.524526336042406 ] ] ] } },
{ "type": "Feature", "properties": { "hex_id": 547056, "centroid_lon": -73.855031363635064, "centroid_lat": 45.52534088393022, "occurrences_today": 11, "datetimes_today": "2026-04-26 00:02:00, 2026-04-26 00:16:58, 2026-04-26 00:31:49, 2026-04-26 00:46:42, 2026-04-26 01:01:50, 2026-04-26 01:16:59, 2026-04-26 01:31:40, 2026-04-26 01:47:00, 2026-04-26 02:02:13, 2026-04-26 02:16:44, 2026-04-26 02:30:49", "cumulative_total": 127.0 }, "geometry": { "type": "Polygon", "coordinates": [ [ [ -73.855136765391492, 45.520145135797534 ], [ -73.861485229214239, 45.522806996311694 ], [ -73.861380402126471, 45.528002753505575 ], [ -73.85492593308436, 45.530536627125528 ], [ -73.848576923392031, 45.527874400094127 ], [ -73.848682928601747, 45.522678666024632 ], [ -73.855136765391492, 45.520145135797534 ] ] ] } },
{ "type": "Feature", "properties": { "hex_id": 484203, "centroid_lon": -74.510604820606801, "centroid_lat": 45.974338779242302, "occurrences_today": 5, "datetimes_today": "2026-04-26 12:46:38, 2026-04-26 12:57:41, 2026-04-26 13:16:47, 2026-04-26 13:31:39, 2026-04-26 14:01:48", "cumulative_total": 35.0 }, "geometry": { "type": "Polygon", "coordinates": [ [ [ -74.510650585745239, 45.969142591940837 ], [ -74.517081441298842, 45.971768139638449 ], [ -74.51703627344024, 45.976964329498784 ], [ -74.510559042894698, 45.979534961762639 ], [ -74.504127602637084, 45.976909048204362 ], [ -74.504173977624731, 45.971712868308586 ], [ -74.510650585745239, 45.969142591940837 ] ] ] } },
{ "type": "Feature", "properties": { "hex_id": 484813, "centroid_lon": -74.504220339875104, "centroid_lat": 45.966516683630736, "occurrences_today": 5, "datetimes_today": "2026-04-26 12:46:38, 2026-04-26 12:57:41, 2026-04-26 13:16:47, 2026-04-26 13:31:39, 2026-04-26 14:01:48", "cumulative_total": 45.0 }, "geometry": { "type": "Polygon", "coordinates": [ [ [ -74.504266689392495, 45.961320494170828 ], [ -74.510696338314247, 45.963946399858202 ], [ -74.510650585745239, 45.969142591940837 ], [ -74.504173977624731, 45.971712868308586 ], [ -74.497743744489739, 45.969086596796913 ], [ -74.49779070368416, 45.96389041480743 ], [ -74.504266689392495, 45.961320494170828 ] ] ] } },
{ "type": "Feature", "properties": { "hex_id": 485424, "centroid_lon": -74.497696772394463, "centroid_lat": 45.974282774003349, "occurrences_today": 5, "datetimes_today": "2026-04-26 12:46:38, 2026-04-26 12:57:41, 2026-04-26 13:16:47, 2026-04-26 13:31:39, 2026-04-26 14:01:48", "cumulative_total": 35.0 }, "geometry": { "type": "Polygon", "coordinates": [ [ [ -74.497743744489739, 45.969086596796913 ], [ -74.504173977624731, 45.971712868308586 ], [ -74.504127602637084, 45.976909048204362 ], [ -74.497649787393954, 45.979478946426795 ], [ -74.491218970058782, 45.976852308927263 ], [ -74.491266552162529, 45.971656139258847 ], [ -74.497743744489739, 45.969086596796913 ] ] ] } },
{ "type": "Feature", "properties": { "hex_id": 572086, "centroid_lon": -73.592785963466255, "centroid_lat": 45.514615630829617, "occurrences_today": 23, "datetimes_today": "2026-04-26 17:31:51, 2026-04-26 17:46:59, 2026-04-26 18:16:56, 2026-04-26 18:31:46, 2026-04-26 19:01:35, 2026-04-26 19:16:52, 2026-04-26 19:46:38, 2026-04-26 20:02:02, 2026-04-26 20:16:53, 2026-04-26 20:31:55, 2026-04-26 20:46:23, 2026-04-26 21:01:31, 2026-04-26 21:16:34, 2026-04-26 21:31:25, 2026-04-26 21:47:11, 2026-04-26 22:01:22, 2026-04-26 22:16:19, 2026-04-26 22:31:37, 2026-04-26 22:46:36, 2026-04-26 23:01:43, 2026-04-26 23:16:30, 2026-04-26 23:31:21, 2026-04-26 23:46:23", "cumulative_total": 139.0 }, "geometry": { "type": "Polygon", "coordinates": [ [ [ -73.592915453814442, 45.509420403429075 ], [ -73.599250007233749, 45.512096683182634 ], [ -73.599121087696915, 45.517291922239899 ], [ -73.592656437751359, 45.519810853196461 ], [ -73.586321348893364, 45.517134204596303 ], [ -73.586451445407761, 45.511938993950693 ], [ -73.592915453814442, 45.509420403429075 ] ] ] } },
{ "type": "Feature", "properties": { "hex_id": 573307, "centroid_lon": -73.579986866362162, "centroid_lat": 45.514457210564323, "occurrences_today": 3, "datetimes_today": "2026-04-26 22:46:36, 2026-04-26 23:01:43, 2026-04-26 23:16:30", "cumulative_total": 105.0 }, "geometry": { "type": "Polygon", "coordinates": [ [ [ -73.580117533509494, 45.509262011701921 ], [ -73.586451445407761, 45.511938993950693 ], [ -73.586321348893364, 45.517134204596303 ], [ -73.579856163526955, 45.519652404387834 ], [ -73.573521716689626, 45.516975053175138 ], [ -73.573652990145789, 45.511779871199337 ], [ -73.580117533509494, 45.509262011701921 ] ] ] } },
{ "type": "Feature", "properties": { "hex_id": 573918, "centroid_lon": -73.573390407378994, "centroid_lat": 45.522170230109374, "occurrences_today": 5, "datetimes_today": "2026-04-26 22:46:36, 2026-04-26 23:01:43, 2026-04-26 23:16:30, 2026-04-26 23:31:21, 2026-04-26 23:46:23", "cumulative_total": 367.0 }, "geometry": { "type": "Polygon", "coordinates": [ [ [ -73.573521716689626, 45.516975053175138 ], [ -73.579856163526955, 45.519652404387834 ], [ -73.579725424991892, 45.52484759317236 ], [ -73.573259062201871, 45.527365402001962 ], [ -73.56692408046149, 45.524687681666094 ], [ -73.567055996402132, 45.519492521688299 ], [ -73.573521716689626, 45.516975053175138 ] ] ] } },
{ "type": "Feature", "properties": { "hex_id": 655156, "centroid_lon": -72.695889424649195, "centroid_lat": 46.154815137224119, "occurrences_today": 15, "datetimes_today": "2026-04-26 19:46:38, 2026-04-26 20:02:02, 2026-04-26 20:16:53, 2026-04-26 20:31:55, 2026-04-26 20:46:23, 2026-04-26 21:01:31, 2026-04-26 21:16:34, 2026-04-26 21:31:25, 2026-04-26 21:47:11, 2026-04-26 22:01:22, 2026-04-26 22:16:19, 2026-04-26 22:31:37, 2026-04-26 22:46:36, 2026-04-26 23:01:43, 2026-04-26 23:16:30", "cumulative_total": 186.0 }, "geometry": { "type": "Polygon", "coordinates": [ [ [ -72.696106195228609, 46.149623132094021 ], [ -72.702467628442207, 46.15234942119006 ], [ -72.702251435526236, 46.157541447032266 ], [ -72.695672594423627, 46.1600071368279 ], [ -72.689310643202944, 46.157280462449648 ], [ -72.689528051071619, 46.152088483623714 ], [ -72.696106195228609, 46.149623132094021 ] ] ] } },
{ "type": "Feature", "properties": { "hex_id": 573308, "centroid_lon": -73.579594650744994, "centroid_lat": 45.530042776917789, "occurrences_today": 3, "datetimes_today": "2026-04-26 22:46:36, 2026-04-26 23:01:43, 2026-04-26 23:16:30", "cumulative_total": 105.0 }, "geometry": { "type": "Polygon", "coordinates": [ [ [ -73.579725424991892, 45.52484759317236 ], [ -73.586061049252862, 45.527524610778421 ], [ -73.585930846102869, 45.532719806314745 ], [ -73.579463840774253, 45.535237955624083 ], [ -73.573127681146204, 45.532560568852801 ], [ -73.573259062201871, 45.527365402001962 ], [ -73.579725424991892, 45.52484759317236 ] ] ] } },
{ "type": "Feature", "properties": { "hex_id": 713088, "centroid_lon": -72.133952052490216, "centroid_lat": 45.120922684810338, "occurrences_today": 21, "datetimes_today": "2026-04-26 01:01:50, 2026-04-26 01:16:59, 2026-04-26 01:31:40, 2026-04-26 01:47:00, 2026-04-26 02:02:13, 2026-04-26 02:16:44, 2026-04-26 02:30:49, 2026-04-26 02:46:44, 2026-04-26 03:02:50, 2026-04-26 03:16:50, 2026-04-26 03:31:40, 2026-04-26 03:46:49, 2026-04-26 04:01:42, 2026-04-26 04:17:16, 2026-04-26 04:32:05, 2026-04-26 04:47:01, 2026-04-26 05:01:56, 2026-04-26 05:16:04, 2026-04-26 05:31:47, 2026-04-26 05:46:46, 2026-04-26 06:01:50", "cumulative_total": 42.0 }, "geometry": { "type": "Polygon", "coordinates": [ [ [ -72.134212107713353, 45.115732038977384 ], [ -72.140431195532145, 45.118486641110294 ], [ -72.14017167928003, 45.123677312653925 ], [ -72.133691926637482, 45.126113324727811 ], [ -72.127472370488974, 45.123358345778612 ], [ -72.12773303528931, 45.118167731634998 ], [ -72.134212107713353, 45.115732038977384 ] ] ] } },
{ "type": "Feature", "properties": { "hex_id": 560489, "centroid_lon": -73.713494193046884, "centroid_lat": 45.55501509836968, "occurrences_today": 5, "datetimes_today": "2026-04-26 17:46:59, 2026-04-26 18:16:56, 2026-04-26 18:31:46, 2026-04-26 19:01:35, 2026-04-26 19:16:52", "cumulative_total": 131.0 }, "geometry": { "type": "Polygon", "coordinates": [ [ [ -73.713612744700725, 45.549819650132122 ], [ -73.719957666934377, 45.552489327448797 ], [ -73.719839688944759, 45.557684786157822 ], [ -73.713375608996515, 45.560210541620201 ], [ -73.707030145500596, 45.557540496075021 ], [ -73.707149303204289, 45.55234506336059 ], [ -73.713612744700725, 45.549819650132122 ] ] ] } },
{ "type": "Feature", "properties": { "hex_id": 575139, "centroid_lon": -73.560589705511759, "centroid_lat": 45.522009616009001, "occurrences_today": 3, "datetimes_today": "2026-04-26 22:46:36, 2026-04-26 23:01:43, 2026-04-26 23:16:30", "cumulative_total": 221.0 }, "geometry": { "type": "Polygon", "coordinates": [ [ [ -73.560722192049255, 45.516814468007944 ], [ -73.567055996402132, 45.519492521688299 ], [ -73.56692408046149, 45.524687681666094 ], [ -73.560457182786493, 45.527204758963116 ], [ -73.554122844030616, 45.524526336042406 ], [ -73.554255937340585, 45.519331205129539 ], [ -73.560722192049255, 45.516814468007944 ] ] ] } },
{ "type": "Feature", "properties": { "hex_id": 575749, "centroid_lon": -73.554388994308226, "centroid_lat": 45.514136069167137, "occurrences_today": 3, "datetimes_today": "2026-04-26 22:46:36, 2026-04-26 23:01:43, 2026-04-26 23:16:30", "cumulative_total": 141.0 }, "geometry": { "type": "Polygon", "coordinates": [ [ [ -73.554522014945761, 45.508940928155255 ], [ -73.560854642411101, 45.511619314960058 ], [ -73.560722192049255, 45.516814468007944 ], [ -73.554255937340585, 45.519331205129539 ], [ -73.547922775935774, 45.516652449126525 ], [ -73.548056403166896, 45.511457325264651 ], [ -73.554522014945761, 45.508940928155255 ] ] ] } },
{ "type": "Feature", "properties": { "hex_id": 581865, "centroid_lon": -73.485791057446136, "centroid_lat": 45.684740011867824, "occurrences_today": 4, "datetimes_today": "2026-04-26 19:01:35, 2026-04-26 19:16:52, 2026-04-26 19:46:38, 2026-04-26 20:02:02", "cumulative_total": 70.0 }, "geometry": { "type": "Polygon", "coordinates": [ [ [ -73.485931219788057, 45.679545187580572 ], [ -73.492279499281508, 45.682227502710852 ], [ -73.492139911433981, 45.687422339756225 ], [ -73.485650856745394, 45.689934831075199 ], [ -73.479302041122807, 45.687252143937698 ], [ -73.47944281630501, 45.682057337553331 ], [ -73.485931219788057, 45.679545187580572 ] ] ] } },
{ "type": "Feature", "properties": { "hex_id": 603208, "centroid_lon": -73.272869326051534, "centroid_lat": 45.299750048821849, "occurrences_today": 13, "datetimes_today": "2026-04-26 07:46:57, 2026-04-26 07:57:25, 2026-04-26 08:16:58, 2026-04-26 08:31:41, 2026-04-26 08:46:57, 2026-04-26 09:01:56, 2026-04-26 09:13:02, 2026-04-26 09:31:41, 2026-04-26 09:46:52, 2026-04-26 10:01:52, 2026-04-26 10:31:53, 2026-04-26 11:16:44, 2026-04-26 11:32:03", "cumulative_total": 35.0 }, "geometry": { "type": "Polygon", "coordinates": [ [ [ -73.273027061181608, 45.294555420018931 ], [ -73.279322307780362, 45.297248968118787 ], [ -73.279165132707789, 45.302443611668927 ], [ -73.272711547957286, 45.304944672449224 ], [ -73.266415784272354, 45.302250755271274 ], [ -73.266574122409764, 45.297056146455056 ], [ -73.273027061181608, 45.294555420018931 ] ] ] } },
{ "type": "Feature", "properties": { "hex_id": 603819, "centroid_lon": -73.266257403005397, "centroid_lat": 45.307445358908737, "occurrences_today": 16, "datetimes_today": "2026-04-26 07:01:42, 2026-04-26 07:16:47, 2026-04-26 07:31:57, 2026-04-26 07:46:57, 2026-04-26 07:57:25, 2026-04-26 08:16:58, 2026-04-26 08:31:41, 2026-04-26 08:46:57, 2026-04-26 09:01:56, 2026-04-26 09:13:02, 2026-04-26 09:31:41, 2026-04-26 09:46:52, 2026-04-26 10:01:52, 2026-04-26 10:31:53, 2026-04-26 11:16:44, 2026-04-26 11:32:03", "cumulative_total": 85.0 }, "geometry": { "type": "Polygon", "coordinates": [ [ [ -73.266415784272354, 45.302250755271274 ], [ -73.272711547957286, 45.304944672449224 ], [ -73.272553726884539, 45.310139290900921 ], [ -73.266098978594513, 45.312639957367274 ], [ -73.259802697866505, 45.309945670953788 ], [ -73.259961682457188, 45.30475108737344 ], [ -73.266415784272354, 45.302250755271274 ] ] ] } },
{ "type": "Feature", "properties": { "hex_id": 573312, "centroid_lon": -73.578022569888091, "centroid_lat": 45.592384588784441, "occurrences_today": 1, "datetimes_today": "2026-04-26 20:02:02", "cumulative_total": 227.0 }, "geometry": { "type": "Polygon", "coordinates": [ [ [ -73.578153773614019, 45.587189465514491 ], [ -73.584496261263496, 45.58986662478123 ], [ -73.584365630494986, 45.595061759872991 ], [ -73.577891330293994, 45.597579707014226 ], [ -73.571548305561294, 45.594902177775907 ], [ -73.571680118100744, 45.58970707143262 ], [ -73.578153773614019, 45.587189465514491 ] ] ] } },
{ "type": "Feature", "properties": { "hex_id": 565395, "centroid_lon": -73.654048349176946, "centroid_lat": 45.897308015870117, "occurrences_today": 12, "datetimes_today": "2026-04-26 14:30:06, 2026-04-26 14:46:48, 2026-04-26 15:01:42, 2026-04-26 15:16:36, 2026-04-26 15:31:39, 2026-04-26 15:47:10, 2026-04-26 16:01:41, 2026-04-26 16:17:01, 2026-04-26 16:46:42, 2026-04-26 17:02:09, 2026-04-26 17:16:43, 2026-04-26 17:31:51", "cumulative_total": 154.0 }, "geometry": { "type": "Polygon", "coordinates": [ [ [ -73.654173866508131, 45.89211300424418 ], [ -73.660554382836224, 45.894786229815907 ], [ -73.660429448826164, 45.899981252583096 ], [ -73.653922797402146, 45.902503022485106 ], [ -73.64754173220237, 45.899829423758106 ], [ -73.647667867286629, 45.894634428349754 ], [ -73.654173866508131, 45.89211300424418 ] ] ] } },
{ "type": "Feature", "properties": { "hex_id": 673453, "centroid_lon": -72.514404618872959, "centroid_lat": 45.87039939267018, "occurrences_today": 19, "datetimes_today": "2026-04-26 08:46:57, 2026-04-26 09:01:56, 2026-04-26 09:13:02, 2026-04-26 09:31:41, 2026-04-26 09:46:52, 2026-04-26 10:01:52, 2026-04-26 10:31:53, 2026-04-26 10:46:43, 2026-04-26 11:01:43, 2026-04-26 11:16:44, 2026-04-26 11:32:03, 2026-04-26 11:46:47, 2026-04-26 11:59:41, 2026-04-26 12:16:55, 2026-04-26 12:32:09, 2026-04-26 12:46:38, 2026-04-26 12:57:41, 2026-04-26 13:16:47, 2026-04-26 13:31:39", "cumulative_total": 86.0 }, "geometry": { "type": "Polygon", "coordinates": [ [ [ -72.514636145777857, 45.865207816948129 ], [ -72.520956272493734, 45.867943497764223 ], [ -72.520725311952944, 45.873135095857833 ], [ -72.514173028497609, 45.875590962745051 ], [ -72.507852398898834, 45.872854898755868 ], [ -72.508084555616804, 45.867663351117571 ], [ -72.514636145777857, 45.865207816948129 ] ] ] } },
{ "type": "Feature", "properties": { "hex_id": 566596, "centroid_lon": -73.648703251541249, "centroid_lat": 45.585447549994058, "occurrences_today": 4, "datetimes_today": "2026-04-26 18:16:56, 2026-04-26 18:31:46, 2026-04-26 19:01:35, 2026-04-26 19:16:52", "cumulative_total": 96.0 }, "geometry": { "type": "Polygon", "coordinates": [ [ [ -73.648827904758477, 45.580252265018757 ], [ -73.655173069135543, 45.582925531641308 ], [ -73.655048989626735, 45.588120827736994 ], [ -73.648578564248467, 45.590642829957524 ], [ -73.642232860244263, 45.587969194112347 ], [ -73.642358121233997, 45.582773925333967 ], [ -73.648827904758477, 45.580252265018757 ] ] ] } },
{ "type": "Feature", "properties": { "hex_id": 998364, "centroid_lon": -68.884316021004679, "centroid_lat": 47.682531860258443, "occurrences_today": 3, "datetimes_today": "2026-04-26 12:46:38, 2026-04-26 12:57:41, 2026-04-26 13:16:47", "cumulative_total": 32.0 }, "geometry": { "type": "Polygon", "coordinates": [ [ [ -68.884921936246684, 47.677366643255155 ], [ -68.89124281980871, 47.680303433194581 ], [ -68.890637466282442, 47.685468708657844 ], [ -68.88370993638388, 47.687697066743951 ], [ -68.877388660514811, 47.68475984050356 ], [ -68.877995306791604, 47.679594692545059 ], [ -68.884921936246684, 47.677366643255155 ] ] ] } },
{ "type": "Feature", "properties": { "hex_id": 997141, "centroid_lon": -68.901189636499794, "centroid_lat": 47.652247680281391, "occurrences_today": 3, "datetimes_today": "2026-04-26 12:46:38, 2026-04-26 12:57:41, 2026-04-26 13:16:47", "cumulative_total": 15.0 }, "geometry": { "type": "Polygon", "coordinates": [ [ [ -68.901793246189683, 47.647082273007349 ], [ -68.908111660869807, 47.65001801597554 ], [ -68.90750861227589, 47.655183481518776 ], [ -68.900585858143643, 47.657413077075091 ], [ -68.894267051063522, 47.65447689835581 ], [ -68.894871390456203, 47.649311559898301 ], [ -68.901793246189683, 47.647082273007349 ] ] ] } },
{ "type": "Feature", "properties": { "hex_id": 574533, "centroid_lon": -73.565205889803494, "centroid_lat": 45.59222430231128, "occurrences_today": 1, "datetimes_today": "2026-04-26 20:02:02", "cumulative_total": 99.0 }, "geometry": { "type": "Polygon", "coordinates": [ [ [ -73.56533827512088, 45.587029207916594 ], [ -73.571680118100744, 45.58970707143262 ], [ -73.571548305561294, 45.594902177775907 ], [ -73.565073468295182, 45.59741939166053 ], [ -73.55873108873439, 45.594741158055413 ], [ -73.558864083008459, 45.589546080719444 ], [ -73.56533827512088, 45.587029207916594 ] ] ] } },
{ "type": "Feature", "properties": { "hex_id": 575143, "centroid_lon": -73.558997040936362, "centroid_lat": 45.584350998335395, "occurrences_today": 1, "datetimes_today": "2026-04-26 20:02:02", "cumulative_total": 16.0 }, "geometry": { "type": "Polygon", "coordinates": [ [ [ -73.559129962530335, 45.579155910903374 ], [ -73.565470624259532, 45.581834108476549 ], [ -73.56533827512088, 45.587029207916594 ], [ -73.558864083008459, 45.589546080719444 ], [ -73.552522885164009, 45.586867513099449 ], [ -73.552656415534997, 45.581672442788118 ], [ -73.559129962530335, 45.579155910903374 ] ] ] } },
{ "type": "Feature", "properties": { "hex_id": 587957, "centroid_lon": -73.427274449984097, "centroid_lat": 45.481275259051529, "occurrences_today": 1, "datetimes_today": "2026-04-26 00:02:00", "cumulative_total": 135.0 }, "geometry": { "type": "Polygon", "coordinates": [ [ [ -73.427418998863828, 45.476080392147075 ], [ -73.433741768743701, 45.478765713276808 ], [ -73.433597787422102, 45.483960593462719 ], [ -73.427129861643593, 45.486470120851571 ], [ -73.420806563672969, 45.483784429762494 ], [ -73.420951719558374, 45.478589581308327 ], [ -73.427418998863828, 45.476080392147075 ] ] ] } },
{ "type": "Feature", "properties": { "hex_id": 519045, "centroid_lon": -74.132091803063801, "centroid_lat": 46.650181198488255, "occurrences_today": 6, "datetimes_today": "2026-04-26 17:46:59, 2026-04-26 18:16:56, 2026-04-26 18:31:46, 2026-04-26 19:01:35, 2026-04-26 19:16:52, 2026-04-26 20:16:53", "cumulative_total": 25.0 }, "geometry": { "type": "Polygon", "coordinates": [ [ [ -74.132174898369385, 46.644986035237082 ], [ -74.138666507880885, 46.647632989066324 ], [ -74.138584026487123, 46.652828158799899 ], [ -74.13200868473011, 46.655376356886322 ], [ -74.12551648433886, 46.652729024724586 ], [ -74.12560021657643, 46.647533872876188 ], [ -74.132174898369385, 46.644986035237082 ] ] ] } },
{ "type": "Feature", "properties": { "hex_id": 587346, "centroid_lon": -73.433885710771278, "centroid_lat": 45.473570827989413, "occurrences_today": 1, "datetimes_today": "2026-04-26 00:02:00", "cumulative_total": 152.0 }, "geometry": { "type": "Polygon", "coordinates": [ [ [ -73.434029613518007, 45.468375937600669 ], [ -73.440351855267522, 45.471060888929813 ], [ -73.440208519938608, 45.476255792532804 ], [ -73.433741768743701, 45.478765713276808 ], [ -73.427418998863828, 45.476080392147075 ], [ -73.427563508296046, 45.470885520138332 ], [ -73.434029613518007, 45.468375937600669 ] ] ] } },
{ "type": "Feature", "properties": { "hex_id": 790221, "centroid_lon": -71.10581317852423, "centroid_lat": 48.364194452657131, "occurrences_today": 3, "datetimes_today": "2026-04-26 10:31:53, 2026-04-26 10:46:43, 2026-04-26 11:01:43", "cumulative_total": 4.0 }, "geometry": { "type": "Polygon", "coordinates": [ [ [ -71.106208769043391, 48.359012259529685 ], [ -71.112745549227682, 48.361831464577158 ], [ -71.112350582725043, 48.367013695420191 ], [ -71.105417475923375, 48.369376638660171 ], [ -71.098880183824477, 48.366557004168421 ], [ -71.099276510401381, 48.361374855951588 ], [ -71.106208769043391, 48.359012259529685 ] ] ] } },
{ "type": "Feature", "properties": { "hex_id": 790831, "centroid_lon": -71.099672724725508, "centroid_lat": 48.356192700602442, "occurrences_today": 3, "datetimes_today": "2026-04-26 10:31:53, 2026-04-26 10:46:43, 2026-04-26 11:01:43", "cumulative_total": 4.0 }, "geometry": { "type": "Polygon", "coordinates": [ [ [ -71.100068826837386, 48.351010538121791 ], [ -71.106604247521318, 48.35383005927865 ], [ -71.106208769043391, 48.359012259529685 ], [ -71.099276510401381, 48.361374855951588 ], [ -71.092740578316025, 48.358554905415879 ], [ -71.093137416233589, 48.353372787907709 ], [ -71.100068826837386, 48.351010538121791 ] ] ] } },
{ "type": "Feature", "properties": { "hex_id": 798767, "centroid_lon": -71.012748426097914, "centroid_lat": 48.3454145028753, "occurrences_today": 2, "datetimes_today": "2026-04-26 01:16:59, 2026-04-26 01:31:40", "cumulative_total": 8.0 }, "geometry": { "type": "Polygon", "coordinates": [ [ [ -71.013153188770985, 48.340232873290205 ], [ -71.019682155777161, 48.343057176852973 ], [ -71.019278014841291, 48.348238845061779 ], [ -71.012343548789801, 48.350596125220839 ], [ -71.005814074702172, 48.347771391719704 ], [ -71.006219573706105, 48.342589808068382 ], [ -71.013153188770985, 48.340232873290205 ] ] ] } },
{ "type": "Feature", "properties": { "hex_id": 569646, "centroid_lon": -73.617620925530673, "centroid_lat": 45.54609976705693, "occurrences_today": 11, "datetimes_today": "2026-04-26 21:16:34, 2026-04-26 21:31:25, 2026-04-26 21:47:11, 2026-04-26 22:01:22, 2026-04-26 22:16:19, 2026-04-26 22:31:37, 2026-04-26 22:46:36, 2026-04-26 23:01:43, 2026-04-26 23:16:30, 2026-04-26 23:31:21, 2026-04-26 23:46:23", "cumulative_total": 94.0 }, "geometry": { "type": "Polygon", "coordinates": [ [ [ -73.617748270695401, 45.540904513496173 ], [ -73.624087535094105, 45.543579456285443 ], [ -73.623960762026613, 45.548774721264948 ], [ -73.617493545571534, 45.551295015593801 ], [ -73.611153743875846, 45.548619703790514 ], [ -73.611281695920525, 45.54342446673698 ], [ -73.617748270695401, 45.540904513496173 ] ] ] } },
{ "type": "Feature", "properties": { "hex_id": 569659, "centroid_lon": -73.612627208460751, "centroid_lat": 45.748710736519342, "occurrences_today": 8, "datetimes_today": "2026-04-26 15:47:10, 2026-04-26 16:01:41, 2026-04-26 16:17:01, 2026-04-26 16:46:42, 2026-04-26 17:02:09, 2026-04-26 17:16:43, 2026-04-26 17:31:51, 2026-04-26 17:46:59", "cumulative_total": 66.0 }, "geometry": { "type": "Polygon", "coordinates": [ [ [ -73.612755919320605, 45.743515678947915 ], [ -73.619117610911815, 45.746191068934337 ], [ -73.618989478236344, 45.751386138022994 ], [ -73.612498462346451, 45.7539057890639 ], [ -73.606136227831257, 45.751230027436804 ], [ -73.606265552118032, 45.74603498647452 ], [ -73.612755919320605, 45.743515678947915 ] ] ] } },
{ "type": "Feature", "properties": { "hex_id": 573922, "centroid_lon": -73.571811894616729, "centroid_lat": 45.584511960046584, "occurrences_today": 3, "datetimes_today": "2026-04-26 20:02:02, 2026-04-26 20:16:53, 2026-04-26 20:31:55", "cumulative_total": 56.0 }, "geometry": { "type": "Polygon", "coordinates": [ [ [ -73.571943635121329, 45.579316843617853 ], [ -73.57828494148383, 45.581994337204463 ], [ -73.578153773614019, 45.587189465514491 ], [ -73.571680118100744, 45.58970707143262 ], [ -73.56533827512088, 45.587029207916594 ], [ -73.565470624259532, 45.581834108476549 ], [ -73.571943635121329, 45.579316843617853 ] ] ] } },
{ "type": "Feature", "properties": { "hex_id": 573311, "centroid_lon": -73.578416073509587, "centroid_lat": 45.576799203854414, "occurrences_today": 13, "datetimes_today": "2026-04-26 07:46:57, 2026-04-26 07:57:25, 2026-04-26 08:16:58, 2026-04-26 08:31:41, 2026-04-26 08:46:57, 2026-04-26 09:01:56, 2026-04-26 09:13:02, 2026-04-26 09:31:41, 2026-04-26 09:46:52, 2026-04-26 10:01:52, 2026-04-26 10:31:53, 2026-04-26 10:46:43, 2026-04-26 11:01:43", "cumulative_total": 48.0 }, "geometry": { "type": "Polygon", "coordinates": [ [ [ -73.578547169703356, 45.57160406546447 ], [ -73.584887939412269, 45.574281189281244 ], [ -73.584757415710129, 45.579476339485261 ], [ -73.57828494148383, 45.581994337204463 ], [ -73.571943635121329, 45.579316843617853 ], [ -73.57207533962665, 45.57412172214655 ], [ -73.578547169703356, 45.57160406546447 ] ] ] } },
{ "type": "Feature", "properties": { "hex_id": 758988, "centroid_lon": -71.550740530395515, "centroid_lat": 46.858662584708107, "occurrences_today": 27, "datetimes_today": "2026-04-26 10:31:53, 2026-04-26 10:46:43, 2026-04-26 11:01:43, 2026-04-26 11:16:44, 2026-04-26 11:32:03, 2026-04-26 11:46:47, 2026-04-26 11:59:41, 2026-04-26 12:16:55, 2026-04-26 12:32:09, 2026-04-26 12:46:38, 2026-04-26 12:57:41, 2026-04-26 13:16:47, 2026-04-26 13:31:39, 2026-04-26 14:01:48, 2026-04-26 14:16:41, 2026-04-26 14:30:06, 2026-04-26 14:46:48, 2026-04-26 15:01:42, 2026-04-26 15:16:36, 2026-04-26 15:31:39, 2026-04-26 15:47:10, 2026-04-26 16:01:41, 2026-04-26 16:17:01, 2026-04-26 16:46:42, 2026-04-26 17:02:09, 2026-04-26 17:16:43, 2026-04-26 17:31:51", "cumulative_total": 35.0 }, "geometry": { "type": "Polygon", "coordinates": [ [ [ -71.551072994688951, 46.853476439568702 ], [ -71.557454051051323, 46.856266837589629 ], [ -71.557122168790855, 46.861453015024026 ], [ -71.550407973866243, 46.863848723315456 ], [ -71.544026427722741, 46.861057920721407 ], [ -71.544359566252965, 46.855871814475989 ], [ -71.551072994688951, 46.853476439568702 ] ] ] } },
{ "type": "Feature", "properties": { "hex_id": 545835, "centroid_lon": -73.867834296339083, "centroid_lat": 45.52546850845961, "occurrences_today": 11, "datetimes_today": "2026-04-26 00:02:00, 2026-04-26 00:16:58, 2026-04-26 00:31:49, 2026-04-26 00:46:42, 2026-04-26 01:01:50, 2026-04-26 01:16:59, 2026-04-26 01:31:40, 2026-04-26 01:47:00, 2026-04-26 02:02:13, 2026-04-26 02:16:44, 2026-04-26 02:30:49", "cumulative_total": 68.0 }, "geometry": { "type": "Polygon", "coordinates": [ [ [ -73.867938520119935, 45.52027273733384 ], [ -73.874287615712632, 45.522933892082953 ], [ -73.874183966775632, 45.528129672142853 ], [ -73.867730044085619, 45.530664274652217 ], [ -73.861380402126471, 45.528002753505575 ], [ -73.861485229214239, 45.522806996311694 ], [ -73.867938520119935, 45.52027273733384 ] ] ] } },
{ "type": "Feature", "properties": { "hex_id": 546446, "centroid_lon": -73.861275546400449, "centroid_lat": 45.533198505764176, "occurrences_today": 11, "datetimes_today": "2026-04-26 00:02:00, 2026-04-26 00:16:58, 2026-04-26 00:31:49, 2026-04-26 00:46:42, 2026-04-26 01:01:50, 2026-04-26 01:16:59, 2026-04-26 01:31:40, 2026-04-26 01:47:00, 2026-04-26 02:02:13, 2026-04-26 02:16:44, 2026-04-26 02:30:49", "cumulative_total": 155.0 }, "geometry": { "type": "Polygon", "coordinates": [ [ [ -73.861380402126471, 45.528002753505575 ], [ -73.867730044085619, 45.530664274652217 ], [ -73.867625763349963, 45.535860035911611 ], [ -73.861170662026566, 45.538394253087468 ], [ -73.854820473729745, 45.53573236538341 ], [ -73.85492593308436, 45.530536627125528 ], [ -73.861380402126471, 45.528002753505575 ] ] ] } },
{ "type": "Feature", "properties": { "hex_id": 795620, "centroid_lon": -71.155793566140886, "centroid_lat": 46.877241405778577, "occurrences_today": 7, "datetimes_today": "2026-04-26 14:01:48, 2026-04-26 14:16:41, 2026-04-26 14:30:06, 2026-04-26 14:46:48, 2026-04-26 15:01:42, 2026-04-26 15:16:36, 2026-04-26 15:31:39", "cumulative_total": 21.0 }, "geometry": { "type": "Polygon", "coordinates": [ [ [ -71.156164284747845, 46.872057558558978 ], [ -71.162525597964276, 46.874869457358024 ], [ -71.162155455611511, 46.880053340721119 ], [ -71.155422744704637, 46.882425246031154 ], [ -71.149060958081151, 46.879612939158662 ], [ -71.149432355735925, 46.87442913511638 ], [ -71.156164284747845, 46.872057558558978 ] ] ] } },
{ "type": "Feature", "properties": { "hex_id": 76538, "centroid_lon": -78.987239112331835, "centroid_lat": 48.228511510361038, "occurrences_today": 5, "datetimes_today": "2026-04-26 22:16:19, 2026-04-26 22:31:37, 2026-04-26 22:46:36, 2026-04-26 23:01:43, 2026-04-26 23:16:30", "cumulative_total": 17.0 }, "geometry": { "type": "Polygon", "coordinates": [ [ [ -78.986836007291089, 48.223329774993061 ], [ -78.993753450712106, 48.225687184028217 ], [ -78.994157287428536, 48.230868873561953 ], [ -78.987642331337824, 48.233693238497523 ], [ -78.980724042255389, 48.231335485584616 ], [ -78.980321554966068, 48.226153711684056 ], [ -78.986836007291089, 48.223329774993061 ] ] ] } },
{ "type": "Feature", "properties": { "hex_id": 77149, "centroid_lon": -78.981126643341, "centroid_lat": 48.236517252261734, "occurrences_today": 5, "datetimes_today": "2026-04-26 22:16:19, 2026-04-26 22:31:37, 2026-04-26 22:46:36, 2026-04-26 23:01:43, 2026-04-26 23:16:30", "cumulative_total": 19.0 }, "geometry": { "type": "Polygon", "coordinates": [ [ [ -78.980724042255389, 48.231335485584616 ], [ -78.987642331337824, 48.233693238497523 ], [ -78.988045664350039, 48.238874959401713 ], [ -78.981529358263856, 48.24169901171453 ], [ -78.974610223397065, 48.239340914742726 ], [ -78.974208240441783, 48.234159109587225 ], [ -78.980724042255389, 48.231335485584616 ] ] ] } },
{ "type": "Feature", "properties": { "hex_id": 791950, "centroid_lon": -71.202761244942565, "centroid_lat": 46.769688550139684, "occurrences_today": 6, "datetimes_today": "2026-04-26 04:01:42, 2026-04-26 04:17:16, 2026-04-26 04:32:05, 2026-04-26 04:47:01, 2026-04-26 05:01:56, 2026-04-26 05:16:04", "cumulative_total": 59.0 }, "geometry": { "type": "Polygon", "coordinates": [ [ [ -71.203126068197847, 46.764504321001226 ], [ -71.209477644370168, 46.767313346887704 ], [ -71.209113394795423, 46.772497611641626 ], [ -71.202396320634037, 46.77487277237212 ], [ -71.196044271851918, 46.772063340262036 ], [ -71.196409769806024, 46.766879153711606 ], [ -71.203126068197847, 46.764504321001226 ] ] ] } },
{ "type": "Feature", "properties": { "hex_id": 392665, "centroid_lon": -75.4837928234641, "centroid_lat": 46.551131875096559, "occurrences_today": 17, "datetimes_today": "2026-04-26 17:16:43, 2026-04-26 17:31:51, 2026-04-26 17:46:59, 2026-04-26 19:01:35, 2026-04-26 19:16:52, 2026-04-26 19:46:38, 2026-04-26 20:02:02, 2026-04-26 20:16:53, 2026-04-26 20:31:55, 2026-04-26 20:46:23, 2026-04-26 21:01:31, 2026-04-26 21:16:34, 2026-04-26 21:31:25, 2026-04-26 22:01:22, 2026-04-26 22:16:19, 2026-04-26 22:31:37, 2026-04-26 22:46:36", "cumulative_total": 21.0 }, "geometry": { "type": "Polygon", "coordinates": [ [ [ -75.483746662783844, 46.545936210029936 ], [ -75.490291505183549, 46.548506276309062 ], [ -75.490338294575565, 46.553701933977642 ], [ -75.483838996921094, 46.556327535386998 ], [ -75.477293513030688, 46.553757105831394 ], [ -75.477247968289873, 46.548561438210022 ], [ -75.483746662783844, 46.545936210029936 ] ] ] } },
{ "type": "Feature", "properties": { "hex_id": 786452, "centroid_lon": -71.265339242139945, "centroid_lat": 46.717189102527939, "occurrences_today": 5, "datetimes_today": "2026-04-26 17:16:43, 2026-04-26 17:31:51, 2026-04-26 17:46:59, 2026-04-26 22:16:19, 2026-04-26 22:31:37", "cumulative_total": 32.0 }, "geometry": { "type": "Polygon", "coordinates": [ [ [ -71.26569740466249, 46.712004452438038 ], [ -71.272046440935966, 46.714809934414326 ], [ -71.271688851479581, 46.719994619479259 ], [ -71.264980980471591, 46.722373745785838 ], [ -71.258631470294887, 46.719567858809313 ], [ -71.258990304995109, 46.714383250592896 ], [ -71.26569740466249, 46.712004452438038 ] ] ] } },
{ "type": "Feature", "properties": { "hex_id": 503707, "centroid_lon": -74.310247783585311, "centroid_lat": 45.474430346576256, "occurrences_today": 1, "datetimes_today": "2026-04-26 18:16:56", "cumulative_total": 40.0 }, "geometry": { "type": "Polygon", "coordinates": [ [ [ -74.310311169841938, 45.469233889876307 ], [ -74.316675684857188, 45.471870562379046 ], [ -74.316612877735622, 45.47706702359848 ], [ -74.310184380020857, 45.47962679845908 ], [ -74.303819303181257, 45.476989764448078 ], [ -74.303883285874988, 45.471793317149263 ], [ -74.310311169841938, 45.469233889876307 ] ] ] } },
{ "type": "Feature", "properties": { "hex_id": 770587, "centroid_lon": -71.426866145965974, "centroid_lat": 46.847063866011581, "occurrences_today": 9, "datetimes_today": "2026-04-26 12:57:41, 2026-04-26 13:16:47, 2026-04-26 13:31:39, 2026-04-26 14:01:48, 2026-04-26 14:16:41, 2026-04-26 14:30:06, 2026-04-26 14:46:48, 2026-04-26 15:01:42, 2026-04-26 15:16:36", "cumulative_total": 94.0 }, "geometry": { "type": "Polygon", "coordinates": [ [ [ -71.427210395563293, 46.841878399217912 ], [ -71.433583282126349, 46.844675504131139 ], [ -71.433239612217747, 46.849861004418642 ], [ -71.426521800890839, 46.852249326142839 ], [ -71.420148430133409, 46.84945181578648 ], [ -71.420493354864149, 46.84426638921591 ], [ -71.427210395563293, 46.841878399217912 ] ] ] } },
{ "type": "Feature", "properties": { "hex_id": 980053, "centroid_lon": -69.076044084966512, "centroid_lat": 47.754997042533901, "occurrences_today": 3, "datetimes_today": "2026-04-26 12:46:38, 2026-04-26 12:57:41, 2026-04-26 13:16:47", "cumulative_total": 10.0 }, "geometry": { "type": "Polygon", "coordinates": [ [ [ -69.076632563953638, 47.749830065515212 ], [ -69.08297369780415, 47.75275705590056 ], [ -69.082385786321836, 47.757924089665792 ], [ -69.075455441244586, 47.760164009378308 ], [ -69.069113904653165, 47.757236582960765 ], [ -69.069703115821682, 47.752069672930311 ], [ -69.076632563953638, 47.749830065515212 ] ] ] } },
{ "type": "Feature", "properties": { "hex_id": 981884, "centroid_lon": -69.057023373930448, "centroid_lat": 47.746213966751789, "occurrences_today": 3, "datetimes_today": "2026-04-26 12:46:38, 2026-04-26 12:57:41, 2026-04-26 13:16:47", "cumulative_total": 10.0 }, "geometry": { "type": "Polygon", "coordinates": [ [ [ -69.057613554183163, 47.74104716031033 ], [ -69.063952492201409, 47.74397511760916 ], [ -69.063362878829111, 47.749141980965952 ], [ -69.056433028493373, 47.751380762985548 ], [ -69.050093688808289, 47.748452369649797 ], [ -69.050684601067388, 47.743285630398752 ], [ -69.057613554183163, 47.74104716031033 ] ] ] } },
{ "type": "Feature", "properties": { "hex_id": 580643, "centroid_lon": -73.499045202865076, "centroid_lat": 45.669324891708243, "occurrences_today": 4, "datetimes_today": "2026-04-26 19:01:35, 2026-04-26 19:16:52, 2026-04-26 19:46:38, 2026-04-26 20:02:02", "cumulative_total": 131.0 }, "geometry": { "type": "Polygon", "coordinates": [ [ [ -73.49918406398956, 45.664130021670296 ], [ -73.505531271108794, 45.666811593266182 ], [ -73.505392984192838, 45.672006475927034 ], [ -73.498906303744832, 45.674519756672197 ], [ -73.492558560419241, 45.671837813389089 ], [ -73.492698033735195, 45.666642961112899 ], [ -73.49918406398956, 45.664130021670296 ] ] ] } },
{ "type": "Feature", "properties": { "hex_id": 825550, "centroid_lon": -70.816298538570763, "centroid_lat": 47.106950878941959, "occurrences_today": 8, "datetimes_today": "2026-04-26 14:01:48, 2026-04-26 14:16:41, 2026-04-26 14:30:06, 2026-04-26 14:46:48, 2026-04-26 15:01:42, 2026-04-26 15:16:36, 2026-04-26 15:31:39, 2026-04-26 15:47:10", "cumulative_total": 52.0 }, "geometry": { "type": "Polygon", "coordinates": [ [ [ -70.816705190912245, 47.101769398113404 ], [ -70.823073914128088, 47.104600410549679 ], [ -70.822667839618077, 47.109781930968325 ], [ -70.815891773125927, 47.112132352374488 ], [ -70.809522585201677, 47.109300925980854 ], [ -70.809929928438507, 47.104119492205548 ], [ -70.816705190912245, 47.101769398113404 ] ] ] } },
{ "type": "Feature", "properties": { "hex_id": 826160, "centroid_lon": -70.810337158416687, "centroid_lat": 47.098938051026344, "occurrences_today": 8, "datetimes_today": "2026-04-26 14:01:48, 2026-04-26 14:16:41, 2026-04-26 14:30:06, 2026-04-26 14:46:48, 2026-04-26 15:01:42, 2026-04-26 15:16:36, 2026-04-26 15:31:39, 2026-04-26 15:47:10", "cumulative_total": 53.0 }, "geometry": { "type": "Polygon", "coordinates": [ [ [ -70.810744275175708, 47.093756602444174 ], [ -70.817111730189851, 47.096587909889742 ], [ -70.816705190912245, 47.101769398113404 ], [ -70.809929928438507, 47.104119492205548 ], [ -70.80356200918186, 47.101287770866364 ], [ -70.803969816601978, 47.096106369395784 ], [ -70.810744275175708, 47.093756602444174 ] ] ] } },
{ "type": "Feature", "properties": { "hex_id": 826161, "centroid_lon": -70.809115128666676, "centroid_lat": 47.114482352351288, "occurrences_today": 8, "datetimes_today": "2026-04-26 14:01:48, 2026-04-26 14:16:41, 2026-04-26 14:30:06, 2026-04-26 14:46:48, 2026-04-26 15:01:42, 2026-04-26 15:16:36, 2026-04-26 15:31:39, 2026-04-26 15:47:10", "cumulative_total": 45.0 }, "geometry": { "type": "Polygon", "coordinates": [ [ [ -70.809522585201677, 47.109300925980854 ], [ -70.815891773125927, 47.112132352374488 ], [ -70.815484894538315, 47.11731381841004 ], [ -70.808707558793955, 47.11966377131597 ], [ -70.802337906279789, 47.116831930803684 ], [ -70.80274605406035, 47.111650551571259 ], [ -70.809522585201677, 47.109300925980854 ] ] ] } },
{ "type": "Feature", "properties": { "hex_id": 826771, "centroid_lon": -70.803154088347853, "centroid_lat": 47.106469164925166, "occurrences_today": 8, "datetimes_today": "2026-04-26 14:01:48, 2026-04-26 14:16:41, 2026-04-26 14:30:06, 2026-04-26 14:46:48, 2026-04-26 15:01:42, 2026-04-26 15:16:36, 2026-04-26 15:31:39, 2026-04-26 15:47:10", "cumulative_total": 71.0 }, "geometry": { "type": "Polygon", "coordinates": [ [ [ -70.80356200918186, 47.101287770866364 ], [ -70.809929928438507, 47.104119492205548 ], [ -70.809522585201677, 47.109300925980854 ], [ -70.80274605406035, 47.111650551571259 ], [ -70.796377670679789, 47.108818416177272 ], [ -70.796786282524891, 47.103637069314814 ], [ -70.80356200918186, 47.101287770866364 ] ] ] } },
{ "type": "Feature", "properties": { "hex_id": 826772, "centroid_lon": -70.801929644966549, "centroid_lat": 47.122013302621497, "occurrences_today": 8, "datetimes_today": "2026-04-26 14:01:48, 2026-04-26 14:16:41, 2026-04-26 14:30:06, 2026-04-26 14:46:48, 2026-04-26 15:01:42, 2026-04-26 15:16:36, 2026-04-26 15:31:39, 2026-04-26 15:47:10", "cumulative_total": 29.0 }, "geometry": { "type": "Polygon", "coordinates": [ [ [ -70.802337906279789, 47.116831930803684 ], [ -70.808707558793955, 47.11966377131597 ], [ -70.808299875543966, 47.124845182873933 ], [ -70.801521270081011, 47.127194667023787 ], [ -70.795151153095716, 47.124362412231548 ], [ -70.795560106004871, 47.119181087636569 ], [ -70.802337906279789, 47.116831930803684 ] ] ] } },
{ "type": "Feature", "properties": { "hex_id": 827382, "centroid_lon": -70.795968945186331, "centroid_lat": 47.11399975561816, "occurrences_today": 8, "datetimes_today": "2026-04-26 14:01:48, 2026-04-26 14:16:41, 2026-04-26 14:30:06, 2026-04-26 14:46:48, 2026-04-26 15:01:42, 2026-04-26 15:16:36, 2026-04-26 15:31:39, 2026-04-26 15:47:10", "cumulative_total": 45.0 }, "geometry": { "type": "Polygon", "coordinates": [ [ [ -70.796377670679789, 47.108818416177272 ], [ -70.80274605406035, 47.111650551571259 ], [ -70.802337906279789, 47.116831930803684 ], [ -70.795560106004871, 47.119181087636569 ], [ -70.789191258619255, 47.116348538026543 ], [ -70.789600675473949, 47.111167245866802 ], [ -70.796377670679789, 47.108818416177272 ] ] ] } },
{ "type": "Feature", "properties": { "hex_id": 827992, "centroid_lon": -70.790009978485358, "centroid_lat": 47.105985946276668, "occurrences_today": 8, "datetimes_today": "2026-04-26 14:01:48, 2026-04-26 14:16:41, 2026-04-26 14:30:06, 2026-04-26 14:46:48, 2026-04-26 15:01:42, 2026-04-26 15:16:36, 2026-04-26 15:31:39, 2026-04-26 15:47:10", "cumulative_total": 29.0 }, "geometry": { "type": "Polygon", "coordinates": [ [ [ -70.790419167693202, 47.100804639257078 ], [ -70.796786282524891, 47.103637069314814 ], [ -70.796377670679789, 47.108818416177272 ], [ -70.789600675473949, 47.111167245866802 ], [ -70.783233097102922, 47.108334401656968 ], [ -70.783642977437395, 47.103153141976819 ], [ -70.790419167693202, 47.100804639257078 ] ] ] } },
{ "type": "Feature", "properties": { "hex_id": 827993, "centroid_lon": -70.78878172788157, "centroid_lat": 47.121529822754937, "occurrences_today": 8, "datetimes_today": "2026-04-26 14:01:48, 2026-04-26 14:16:41, 2026-04-26 14:30:06, 2026-04-26 14:46:48, 2026-04-26 15:01:42, 2026-04-26 15:16:36, 2026-04-26 15:31:39, 2026-04-26 15:47:10", "cumulative_total": 29.0 }, "geometry": { "type": "Polygon", "coordinates": [ [ [ -70.789191258619255, 47.116348538026543 ], [ -70.795560106004871, 47.119181087636569 ], [ -70.795151153095716, 47.124362412231548 ], [ -70.78837208322112, 47.126711100051054 ], [ -70.782002771949607, 47.123878136063738 ], [ -70.782412994398825, 47.11869689870138 ], [ -70.789191258619255, 47.116348538026543 ] ] ] } },
{ "type": "Feature", "properties": { "hex_id": 828603, "centroid_lon": -70.78282310277001, "centroid_lat": 47.113515653898794, "occurrences_today": 8, "datetimes_today": "2026-04-26 14:01:48, 2026-04-26 14:16:41, 2026-04-26 14:30:06, 2026-04-26 14:46:48, 2026-04-26 15:01:42, 2026-04-26 15:16:36, 2026-04-26 15:31:39, 2026-04-26 15:47:10", "cumulative_total": 29.0 }, "geometry": { "type": "Polygon", "coordinates": [ [ [ -70.783233097102922, 47.108334401656968 ], [ -70.789600675473949, 47.111167245866802 ], [ -70.789191258619255, 47.116348538026543 ], [ -70.782412994398825, 47.11869689870138 ], [ -70.77604495260772, 47.115863640178233 ], [ -70.776455638417346, 47.110682435360694 ], [ -70.783233097102922, 47.108334401656968 ] ] ] } },
{ "type": "Feature", "properties": { "hex_id": 828604, "centroid_lon": -70.781592435382507, "centroid_lat": 47.129059365984943, "occurrences_today": 8, "datetimes_today": "2026-04-26 14:01:48, 2026-04-26 14:16:41, 2026-04-26 14:30:06, 2026-04-26 14:46:48, 2026-04-26 15:01:42, 2026-04-26 15:16:36, 2026-04-26 15:31:39, 2026-04-26 15:47:10", "cumulative_total": 29.0 }, "geometry": { "type": "Polygon", "coordinates": [ [ [ -70.782002771949607, 47.123878136063738 ], [ -70.78837208322112, 47.126711100051054 ], [ -70.787962324598155, 47.131892369913935 ], [ -70.781181984657707, 47.134240588464053 ], [ -70.774812209619682, 47.131407209938196 ], [ -70.77522323824877, 47.126226027467929 ], [ -70.782002771949607, 47.123878136063738 ] ] ] } },
{ "type": "Feature", "properties": { "hex_id": 809595, "centroid_lon": -71.080004330902426, "centroid_lat": 45.837946048991157, "occurrences_today": 22, "datetimes_today": "2026-04-26 09:46:52, 2026-04-26 10:01:52, 2026-04-26 10:31:53, 2026-04-26 10:46:43, 2026-04-26 11:01:43, 2026-04-26 11:16:44, 2026-04-26 11:32:03, 2026-04-26 11:46:47, 2026-04-26 11:59:41, 2026-04-26 12:16:55, 2026-04-26 12:32:09, 2026-04-26 12:46:38, 2026-04-26 12:57:41, 2026-04-26 13:16:47, 2026-04-26 13:31:39, 2026-04-26 14:01:48, 2026-04-26 14:16:41, 2026-04-26 14:30:06, 2026-04-26 14:46:48, 2026-04-26 15:01:42, 2026-04-26 15:16:36, 2026-04-26 15:31:39", "cumulative_total": 106.0 }, "geometry": { "type": "Polygon", "coordinates": [ [ [ -71.080368886430279, 45.832761722735626 ], [ -71.086609756946459, 45.835574391553642 ], [ -71.086245745273615, 45.840758753975365 ], [ -71.079639675616164, 45.843130368264944 ], [ -71.073398361020196, 45.840317304720948 ], [ -71.073763560127816, 45.835133021677599 ], [ -71.080368886430279, 45.832761722735626 ] ] ] } },
{ "type": "Feature", "properties": { "hex_id": 581254, "centroid_lon": -73.49241904893897, "centroid_lat": 45.677032660588452, "occurrences_today": 4, "datetimes_today": "2026-04-26 19:01:35, 2026-04-26 19:16:52, 2026-04-26 19:46:38, 2026-04-26 20:02:02", "cumulative_total": 143.0 }, "geometry": { "type": "Polygon", "coordinates": [ [ [ -73.492558560419241, 45.671837813389089 ], [ -73.498906303744832, 45.674519756672197 ], [ -73.498767366616036, 45.679714616562038 ], [ -73.492279499281508, 45.682227502710852 ], [ -73.485931219788057, 45.679545187580572 ], [ -73.486071343784133, 45.67435035821353 ], [ -73.492558560419241, 45.671837813389089 ] ] ] } },
{ "type": "Feature", "properties": { "hex_id": 771198, "centroid_lon": -71.419803409735238, "centroid_lat": 46.854637235687235, "occurrences_today": 9, "datetimes_today": "2026-04-26 12:57:41, 2026-04-26 13:16:47, 2026-04-26 13:31:39, 2026-04-26 14:01:48, 2026-04-26 14:16:41, 2026-04-26 14:30:06, 2026-04-26 14:46:48, 2026-04-26 15:01:42, 2026-04-26 15:16:36", "cumulative_total": 115.0 }, "geometry": { "type": "Polygon", "coordinates": [ [ [ -71.420148430133409, 46.84945181578648 ], [ -71.426521800890839, 46.852249326142839 ], [ -71.426177360304777, 46.857434779611019 ], [ -71.419458293636453, 46.85982264891755 ], [ -71.413084438784125, 46.85702473295639 ], [ -71.413430134661823, 46.851839353360347 ], [ -71.420148430133409, 46.84945181578648 ] ] ] } },
{ "type": "Feature", "properties": { "hex_id": 791339, "centroid_lon": -71.209841793080926, "centroid_lat": 46.762129075235556, "occurrences_today": 6, "datetimes_today": "2026-04-26 04:01:42, 2026-04-26 04:17:16, 2026-04-26 04:32:05, 2026-04-26 04:47:01, 2026-04-26 05:01:56, 2026-04-26 05:16:04", "cumulative_total": 54.0 }, "geometry": { "type": "Polygon", "coordinates": [ [ [ -71.210205840962601, 46.75694479668595 ], [ -71.216556944420319, 46.759753416509298 ], [ -71.216193470099753, 46.764937730600799 ], [ -71.209477644370168, 46.767313346887704 ], [ -71.203126068197847, 46.764504321001226 ], [ -71.203490790434856, 46.75932008495748 ], [ -71.210205840962601, 46.75694479668595 ] ] ] } },
{ "type": "Feature", "properties": { "hex_id": 719863, "centroid_lon": -72.015383026996204, "centroid_lat": 46.045524345050282, "occurrences_today": 7, "datetimes_today": "2026-04-26 05:31:47, 2026-04-26 05:46:46, 2026-04-26 06:01:50, 2026-04-26 06:31:46, 2026-04-26 06:46:46, 2026-04-26 07:01:42, 2026-04-26 07:16:47", "cumulative_total": 52.0 }, "geometry": { "type": "Polygon", "coordinates": [ [ [ -72.015662700607962, 46.040335091822143 ], [ -72.021976375601128, 46.043098201894914 ], [ -72.021697266243862, 46.048287482434446 ], [ -72.01510327657877, 46.050713592226955 ], [ -72.008789114149835, 46.047950092381043 ], [ -72.009069428795655, 46.042760872580992 ], [ -72.015662700607962, 46.040335091822143 ] ] ] } },
{ "type": "Feature", "properties": { "hex_id": 354743, "centroid_lon": -75.87060717023229, "centroid_lat": 45.442013900003936, "occurrences_today": 2, "datetimes_today": "2026-04-26 22:16:19, 2026-04-26 22:31:37", "cumulative_total": 55.0 }, "geometry": { "type": "Polygon", "coordinates": [ [ [ -75.870527255396553, 45.436817637391442 ], [ -75.876959462599643, 45.439366868445163 ], [ -75.877039975022683, 45.444563119816721 ], [ -75.870687106879615, 45.447210157758718 ], [ -75.864254280273968, 45.444660581415491 ], [ -75.864174941221265, 45.439464312484205 ], [ -75.870527255396553, 45.436817637391442 ] ] ] } },
{ "type": "Feature", "properties": { "hex_id": 355353, "centroid_lon": -75.864095623816468, "centroid_lat": 45.4342680386968, "occurrences_today": 2, "datetimes_today": "2026-04-26 22:16:19, 2026-04-26 22:31:37", "cumulative_total": 27.0 }, "geometry": { "type": "Polygon", "coordinates": [ [ [ -75.86401632805233, 45.42907176005329 ], [ -75.870447362365113, 45.431621369921224 ], [ -75.870527255396553, 45.436817637391442 ], [ -75.864174941221265, 45.439464312484205 ], [ -75.857743287996882, 45.436914357353004 ], [ -75.857664567866635, 45.431718072456711 ], [ -75.86401632805233, 45.42907176005329 ] ] ] } },
{ "type": "Feature", "properties": { "hex_id": 747966, "centroid_lon": -71.699974682309389, "centroid_lat": 46.348635806832291, "occurrences_today": 15, "datetimes_today": "2026-04-26 20:16:53, 2026-04-26 20:31:55, 2026-04-26 20:46:23, 2026-04-26 21:01:31, 2026-04-26 21:16:34, 2026-04-26 21:31:25, 2026-04-26 21:47:11, 2026-04-26 22:01:22, 2026-04-26 22:16:19, 2026-04-26 22:31:37, 2026-04-26 22:46:36, 2026-04-26 23:01:43, 2026-04-26 23:16:30, 2026-04-26 23:31:21, 2026-04-26 23:46:23", "cumulative_total": 265.0 }, "geometry": { "type": "Polygon", "coordinates": [ [ [ -71.700287166339749, 46.343448399937969 ], [ -71.706618055709953, 46.346229329092651 ], [ -71.706306140297869, 46.351416766523762 ], [ -71.699662112155693, 46.353823207370212 ], [ -71.693330740305299, 46.351041881766655 ], [ -71.693643879047798, 46.345854511831313 ], [ -71.700287166339749, 46.343448399937969 ] ] ] } },
{ "type": "Feature", "properties": { "hex_id": 749187, "centroid_lon": -71.687000023334832, "centroid_lat": 46.348260220897515, "occurrences_today": 15, "datetimes_today": "2026-04-26 20:16:53, 2026-04-26 20:31:55, 2026-04-26 20:46:23, 2026-04-26 21:01:31, 2026-04-26 21:16:34, 2026-04-26 21:31:25, 2026-04-26 21:47:11, 2026-04-26 22:01:22, 2026-04-26 22:16:19, 2026-04-26 22:31:37, 2026-04-26 22:46:36, 2026-04-26 23:01:43, 2026-04-26 23:16:30, 2026-04-26 23:31:21, 2026-04-26 23:46:23", "cumulative_total": 212.0 }, "geometry": { "type": "Polygon", "coordinates": [ [ [ -71.687313730483567, 46.343072881624501 ], [ -71.693643879047798, 46.345854511831313 ], [ -71.693330740305299, 46.351041881766655 ], [ -71.686686229727187, 46.353447553801452 ], [ -71.680355599230424, 46.350665527042366 ], [ -71.680669961214704, 46.34547822486654 ], [ -71.687313730483567, 46.343072881624501 ] ] ] } },
{ "type": "Feature", "properties": { "hex_id": 750408, "centroid_lon": -71.674025623736938, "centroid_lat": 46.347883165165399, "occurrences_today": 15, "datetimes_today": "2026-04-26 20:16:53, 2026-04-26 20:31:55, 2026-04-26 20:46:23, 2026-04-26 21:01:31, 2026-04-26 21:16:34, 2026-04-26 21:31:25, 2026-04-26 21:47:11, 2026-04-26 22:01:22, 2026-04-26 22:16:19, 2026-04-26 22:31:37, 2026-04-26 22:46:36, 2026-04-26 23:01:43, 2026-04-26 23:16:30, 2026-04-26 23:31:21, 2026-04-26 23:46:23", "cumulative_total": 212.0 }, "geometry": { "type": "Polygon", "coordinates": [ [ [ -71.6743405539153, 46.342695893777403 ], [ -71.680669961214704, 46.34547822486654 ], [ -71.680355599230424, 46.350665527042366 ], [ -71.673710606764189, 46.35307043017162 ], [ -71.667380718079983, 46.350287702426932 ], [ -71.667696303217085, 46.345100468274332 ], [ -71.6743405539153, 46.342695893777403 ] ] ] } },
{ "type": "Feature", "properties": { "hex_id": 751019, "centroid_lon": -71.66706504596587, "centroid_lat": 46.355474930191058, "occurrences_today": 15, "datetimes_today": "2026-04-26 20:16:53, 2026-04-26 20:31:55, 2026-04-26 20:46:23, 2026-04-26 21:01:31, 2026-04-26 21:16:34, 2026-04-26 21:31:25, 2026-04-26 21:47:11, 2026-04-26 22:01:22, 2026-04-26 22:16:19, 2026-04-26 22:31:37, 2026-04-26 22:46:36, 2026-04-26 23:01:43, 2026-04-26 23:16:30, 2026-04-26 23:31:21, 2026-04-26 23:46:23", "cumulative_total": 212.0 }, "geometry": { "type": "Polygon", "coordinates": [ [ [ -71.667380718079983, 46.350287702426932 ], [ -71.673710606764189, 46.35307043017162 ], [ -71.67339550296731, 46.35825768879544 ], [ -71.666749286844933, 46.360662151566139 ], [ -71.660418916865183, 46.357879027006483 ], [ -71.660735244273567, 46.352691836556886 ], [ -71.667380718079983, 46.350287702426932 ] ] ] } },
{ "type": "Feature", "properties": { "hex_id": 752240, "centroid_lon": -71.654089202347521, "centroid_lat": 46.355095567461106, "occurrences_today": 15, "datetimes_today": "2026-04-26 20:16:53, 2026-04-26 20:31:55, 2026-04-26 20:46:23, 2026-04-26 21:01:31, 2026-04-26 21:16:34, 2026-04-26 21:31:25, 2026-04-26 21:47:11, 2026-04-26 22:01:22, 2026-04-26 22:16:19, 2026-04-26 22:31:37, 2026-04-26 22:46:36, 2026-04-26 23:01:43, 2026-04-26 23:16:30, 2026-04-26 23:31:21, 2026-04-26 23:46:23", "cumulative_total": 212.0 }, "geometry": { "type": "Polygon", "coordinates": [ [ [ -71.654406097860615, 46.349908407996686 ], [ -71.660735244273567, 46.352691836556886 ], [ -71.660418916865183, 46.357879027006483 ], [ -71.653772219491984, 46.360282720523678 ], [ -71.6474425923317, 46.357498895045381 ], [ -71.647760143262047, 46.352311773033776 ], [ -71.654406097860615, 46.349908407996686 ] ] ] } },
{ "type": "Feature", "properties": { "hex_id": 752851, "centroid_lon": -71.647124953876158, "centroid_lat": 46.362686010648439, "occurrences_today": 15, "datetimes_today": "2026-04-26 20:16:53, 2026-04-26 20:31:55, 2026-04-26 20:46:23, 2026-04-26 21:01:31, 2026-04-26 21:16:34, 2026-04-26 21:31:25, 2026-04-26 21:47:11, 2026-04-26 22:01:22, 2026-04-26 22:16:19, 2026-04-26 22:31:37, 2026-04-26 22:46:36, 2026-04-26 23:01:43, 2026-04-26 23:16:30, 2026-04-26 23:31:21, 2026-04-26 23:46:23", "cumulative_total": 212.0 }, "geometry": { "type": "Polygon", "coordinates": [ [ [ -71.6474425923317, 46.357498895045381 ], [ -71.653772219491984, 46.360282720523678 ], [ -71.653455149264104, 46.365469867183826 ], [ -71.646807227865423, 46.367873119842365 ], [ -71.640477120047663, 46.365088897286569 ], [ -71.640795414256075, 46.359901819215544 ], [ -71.6474425923317, 46.357498895045381 ] ] ] } },
{ "type": "Feature", "properties": { "hex_id": 573923, "centroid_lon": -73.571416456986228, "centroid_lat": 45.60009727907633, "occurrences_today": 1, "datetimes_today": "2026-04-26 20:02:02", "cumulative_total": 85.0 }, "geometry": { "type": "Polygon", "coordinates": [ [ [ -73.571548305561294, 45.594902177775907 ], [ -73.577891330293994, 45.597579707014226 ], [ -73.577760054819663, 45.602774820203756 ], [ -73.571284572363425, 45.605292375333832 ], [ -73.564941010583766, 45.602614475964224 ], [ -73.565073468295182, 45.59741939166053 ], [ -73.571548305561294, 45.594902177775907 ] ] ] } },
{ "type": "Feature", "properties": { "hex_id": 630089, "centroid_lon": -72.981897734041851, "centroid_lat": 45.591201398309074, "occurrences_today": 7, "datetimes_today": "2026-04-26 20:31:55, 2026-04-26 20:46:23, 2026-04-26 21:01:31, 2026-04-26 21:16:34, 2026-04-26 21:31:25, 2026-04-26 21:47:11, 2026-04-26 22:01:22", "cumulative_total": 67.0 }, "geometry": { "type": "Polygon", "coordinates": [ [ [ -72.982083914350213, 45.586007899336622 ], [ -72.988396781846191, 45.588717676843174 ], [ -72.98821116621599, 45.593911193506628 ], [ -72.981711502852605, 45.596394891945394 ], [ -72.975398121567892, 45.593684739020262 ], [ -72.975584917418203, 45.588491263139474 ], [ -72.982083914350213, 45.586007899336622 ] ] ] } },
{ "type": "Feature", "properties": { "hex_id": 391394, "centroid_lon": -75.489870317598559, "centroid_lat": 45.771674303762865, "occurrences_today": 2, "datetimes_today": "2026-04-26 10:31:53, 2026-04-26 10:46:43", "cumulative_total": 23.0 }, "geometry": { "type": "Polygon", "coordinates": [ [ [ -75.489824830551697, 45.766477931716821 ], [ -75.49627788613671, 45.769048368668138 ], [ -75.49632397655472, 45.774244733321133 ], [ -75.489915817111239, 45.776870671026693 ], [ -75.483462145687156, 45.774299880720534 ], [ -75.483417249549831, 45.769103506128914 ], [ -75.489824830551697, 45.766477931716821 ] ] ] } },
{ "type": "Feature", "properties": { "hex_id": 44704, "centroid_lon": -79.224862962806654, "centroid_lat": 46.848213882292455, "occurrences_today": 8, "datetimes_today": "2026-04-26 21:31:25, 2026-04-26 21:47:11, 2026-04-26 22:01:22, 2026-04-26 22:16:19, 2026-04-26 22:31:37, 2026-04-26 22:46:36, 2026-04-26 23:01:43, 2026-04-26 23:16:30", "cumulative_total": 59.0 }, "geometry": { "type": "Polygon", "coordinates": [ [ [ -79.22445601128608, 46.843032440638098 ], [ -79.231199455000592, 46.845381165522326 ], [ -79.231607088390604, 46.850562559892595 ], [ -79.225270027109573, 46.85339531651961 ], [ -79.218525788723753, 46.851046267994754 ], [ -79.218119406329336, 46.845864786549974 ], [ -79.22445601128608, 46.843032440638098 ] ] ] } },
{ "type": "Feature", "properties": { "hex_id": 45314, "centroid_lon": -79.217713136525759, "centroid_lat": 46.840683297686773, "occurrences_today": 8, "datetimes_today": "2026-04-26 21:31:25, 2026-04-26 21:47:11, 2026-04-26 22:01:22, 2026-04-26 22:16:19, 2026-04-26 22:31:37, 2026-04-26 22:46:36, 2026-04-26 23:01:43, 2026-04-26 23:16:30", "cumulative_total": 59.0 }, "geometry": { "type": "Polygon", "coordinates": [ [ [ -79.217306979273999, 46.835501801406096 ], [ -79.224049172508785, 46.837850991557509 ], [ -79.22445601128608, 46.843032440638098 ], [ -79.218119406329336, 46.845864786549974 ], [ -79.211376418997673, 46.843515272759241 ], [ -79.21097083075864, 46.838333736762422 ], [ -79.217306979273999, 46.835501801406096 ] ] ] } },
{ "type": "Feature", "properties": { "hex_id": 579422, "centroid_lon": -73.51187909027017, "centroid_lat": 45.669492818448212, "occurrences_today": 4, "datetimes_today": "2026-04-26 19:01:35, 2026-04-26 19:16:52, 2026-04-26 19:46:38, 2026-04-26 20:02:02", "cumulative_total": 48.0 }, "geometry": { "type": "Polygon", "coordinates": [ [ [ -73.512016765137645, 45.66429791815812 ], [ -73.518364621964125, 45.666978784330958 ], [ -73.518227521486367, 45.672173697116982 ], [ -73.511741377731227, 45.674687713669854 ], [ -73.505392984192838, 45.672006475927034 ], [ -73.505531271108794, 45.666811593266182 ], [ -73.512016765137645, 45.66429791815812 ] ] ] } },
{ "type": "Feature", "properties": { "hex_id": 586745, "centroid_lon": -73.436179196937474, "centroid_lat": 45.621711023015642, "occurrences_today": 19, "datetimes_today": "2026-04-26 00:31:49, 2026-04-26 00:46:42, 2026-04-26 01:01:50, 2026-04-26 01:16:59, 2026-04-26 01:31:40, 2026-04-26 01:47:00, 2026-04-26 02:02:13, 2026-04-26 02:16:44, 2026-04-26 02:30:49, 2026-04-26 02:46:44, 2026-04-26 03:02:50, 2026-04-26 03:16:50, 2026-04-26 03:31:40, 2026-04-26 03:46:49, 2026-04-26 04:01:42, 2026-04-26 04:17:16, 2026-04-26 04:32:05, 2026-04-26 04:47:01, 2026-04-26 05:01:56", "cumulative_total": 69.0 }, "geometry": { "type": "Polygon", "coordinates": [ [ [ -73.436323632811806, 45.616516262212393 ], [ -73.442662431676993, 45.619201239536423 ], [ -73.442518567706045, 45.624396013571385 ], [ -73.436034721566074, 45.626905778717386 ], [ -73.429695390301191, 45.624220429730293 ], [ -73.429840437562703, 45.619025687324992 ], [ -73.436323632811806, 45.616516262212393 ] ] ] } },
{ "type": "Feature", "properties": { "hex_id": 525066, "centroid_lon": -74.088512988313568, "centroid_lat": 45.340355127042457, "occurrences_today": 14, "datetimes_today": "2026-04-26 14:01:48, 2026-04-26 14:16:41, 2026-04-26 14:30:06, 2026-04-26 14:46:48, 2026-04-26 15:01:42, 2026-04-26 15:16:36, 2026-04-26 15:31:39, 2026-04-26 15:47:10, 2026-04-26 16:01:41, 2026-04-26 16:17:01, 2026-04-26 16:46:42, 2026-04-26 17:02:09, 2026-04-26 17:16:43, 2026-04-26 17:31:51", "cumulative_total": 75.0 }, "geometry": { "type": "Polygon", "coordinates": [ [ [ -74.088596359398579, 45.335158829302742 ], [ -74.094935426769766, 45.337807721888055 ], [ -74.094852627862238, 45.343004026337418 ], [ -74.08842959450142, 45.345551419914081 ], [ -74.08208997768368, 45.342902165362084 ], [ -74.082173943665708, 45.33770587926432 ], [ -74.088596359398579, 45.335158829302742 ] ] ] } },
{ "type": "Feature", "properties": { "hex_id": 525676, "centroid_lon": -74.082257886765419, "centroid_lat": 45.332509588296773, "occurrences_today": 14, "datetimes_today": "2026-04-26 14:01:48, 2026-04-26 14:16:41, 2026-04-26 14:30:06, 2026-04-26 14:46:48, 2026-04-26 15:01:42, 2026-04-26 15:16:36, 2026-04-26 15:31:39, 2026-04-26 15:47:10, 2026-04-26 16:01:41, 2026-04-26 16:17:01, 2026-04-26 16:46:42, 2026-04-26 17:02:09, 2026-04-26 17:16:43, 2026-04-26 17:31:51", "cumulative_total": 75.0 }, "geometry": { "type": "Polygon", "coordinates": [ [ [ -74.08234180699047, 45.327313292459529 ], [ -74.08867970776403, 45.329962526694949 ], [ -74.088596359398579, 45.335158829302742 ], [ -74.082173943665708, 45.33770587926432 ], [ -74.075835493911029, 45.335056283100528 ], [ -74.075920008862695, 45.329859998967727 ], [ -74.08234180699047, 45.327313292459529 ] ] ] } },
{ "type": "Feature", "properties": { "hex_id": 526287, "centroid_lon": -74.075750955921947, "centroid_lat": 45.340252562361911, "occurrences_today": 14, "datetimes_today": "2026-04-26 14:01:48, 2026-04-26 14:16:41, 2026-04-26 14:30:06, 2026-04-26 14:46:48, 2026-04-26 15:01:42, 2026-04-26 15:16:36, 2026-04-26 15:31:39, 2026-04-26 15:47:10, 2026-04-26 16:01:41, 2026-04-26 16:17:01, 2026-04-26 16:46:42, 2026-04-26 17:02:09, 2026-04-26 17:16:43, 2026-04-26 17:31:51", "cumulative_total": 75.0 }, "geometry": { "type": "Polygon", "coordinates": [ [ [ -74.075835493911029, 45.335056283100528 ], [ -74.082173943665708, 45.33770587926432 ], [ -74.08208997768368, 45.342902165362084 ], [ -74.075666394887747, 45.345448836751842 ], [ -74.06932739617497, 45.342798878500531 ], [ -74.069412529208549, 45.337602611011192 ], [ -74.075835493911029, 45.335056283100528 ] ] ] } },
{ "type": "Feature", "properties": { "hex_id": 577006, "centroid_lon": -73.526878565336375, "centroid_lat": 46.075015640498194, "occurrences_today": 9, "datetimes_today": "2026-04-26 09:46:52, 2026-04-26 10:01:52, 2026-04-26 10:31:53, 2026-04-26 10:46:43, 2026-04-26 11:01:43, 2026-04-26 11:16:44, 2026-04-26 11:32:03, 2026-04-26 11:46:47, 2026-04-26 11:59:41", "cumulative_total": 79.0 }, "geometry": { "type": "Polygon", "coordinates": [ [ [ -73.527016793286109, 46.069821075222926 ], [ -73.533411251063086, 46.072501493069453 ], [ -73.533273610186725, 46.077696070797835 ], [ -73.526740299372406, 46.080210200709409 ], [ -73.520345292542757, 46.077529406220819 ], [ -73.520484145567153, 46.072334858528514 ], [ -73.527016793286109, 46.069821075222926 ] ] ] } },
{ "type": "Feature", "properties": { "hex_id": 1006907, "centroid_lon": -68.798959595875928, "centroid_lat": 47.615560434692647, "occurrences_today": 4, "datetimes_today": "2026-04-26 12:46:38, 2026-04-26 12:57:41, 2026-04-26 13:16:47, 2026-04-26 13:31:39", "cumulative_total": 40.0 }, "geometry": { "type": "Polygon", "coordinates": [ [ [ -68.799572497060225, 47.610395988607273 ], [ -68.805880362209493, 47.613336942077041 ], [ -68.80526801910483, 47.618501447342389 ], [ -68.798346523552013, 47.620724870111054 ], [ -68.792038271492856, 47.617783480726786 ], [ -68.79265190183618, 47.612619104555137 ], [ -68.799572497060225, 47.610395988607273 ] ] ] } },
{ "type": "Feature", "properties": { "hex_id": 631310, "centroid_lon": -72.969085355986095, "centroid_lat": 45.59097424616192, "occurrences_today": 7, "datetimes_today": "2026-04-26 20:31:55, 2026-04-26 20:46:23, 2026-04-26 21:01:31, 2026-04-26 21:16:34, 2026-04-26 21:31:25, 2026-04-26 21:47:11, 2026-04-26 22:01:22", "cumulative_total": 18.0 }, "geometry": { "type": "Polygon", "coordinates": [ [ [ -72.969272716327936, 45.585780788097559 ], [ -72.975584917418203, 45.588491263139474 ], [ -72.975398121567892, 45.593684739020262 ], [ -72.968897944441437, 45.596167698882681 ], [ -72.96258523007107, 45.593456848309891 ], [ -72.962773206090048, 45.588263413470074 ], [ -72.969272716327936, 45.585780788097559 ] ] ] } },
{ "type": "Feature", "properties": { "hex_id": 541566, "centroid_lon": -73.911291188143466, "centroid_lat": 45.596047383926042, "occurrences_today": 8, "datetimes_today": "2026-04-26 20:16:53, 2026-04-26 20:31:55, 2026-04-26 20:46:23, 2026-04-26 21:01:31, 2026-04-26 21:16:34, 2026-04-26 21:31:25, 2026-04-26 21:47:11, 2026-04-26 22:01:22", "cumulative_total": 19.0 }, "geometry": { "type": "Polygon", "coordinates": [ [ [ -73.911391658744066, 45.590851600766875 ], [ -73.917750743700566, 45.593510398993054 ], [ -73.917650850669943, 45.598706190668096 ], [ -73.911190690071706, 45.601243162165837 ], [ -73.904831055021006, 45.598583997062036 ], [ -73.904932130653478, 45.593388227402869 ], [ -73.911391658744066, 45.590851600766875 ] ] ] } },
{ "type": "Feature", "properties": { "hex_id": 432917, "centroid_lon": -75.052705505887019, "centroid_lat": 45.913017654473435, "occurrences_today": 10, "datetimes_today": "2026-04-26 12:46:38, 2026-04-26 12:57:41, 2026-04-26 13:16:47, 2026-04-26 13:31:39, 2026-04-26 14:01:48, 2026-04-26 14:16:41, 2026-04-26 14:30:06, 2026-04-26 14:46:48, 2026-04-26 15:01:42, 2026-04-26 15:16:36", "cumulative_total": 18.0 }, "geometry": { "type": "Polygon", "coordinates": [ [ [ -75.052700587669165, 45.907821223525872 ], [ -75.059149899971089, 45.910416284529909 ], [ -75.059155420562391, 45.915612712535228 ], [ -75.052710425455118, 45.918214080674126 ], [ -75.046260509429246, 45.915618660037758 ], [ -75.046256192235077, 45.910422230960428 ], [ -75.052700587669165, 45.907821223525872 ] ] ] } },
{ "type": "Feature", "properties": { "hex_id": 433527, "centroid_lon": -75.046251876225782, "centroid_lat": 45.905225797136247, "occurrences_today": 10, "datetimes_today": "2026-04-26 12:46:38, 2026-04-26 12:57:41, 2026-04-26 13:16:47, 2026-04-26 13:31:39, 2026-04-26 14:01:48, 2026-04-26 14:16:41, 2026-04-26 14:30:06, 2026-04-26 14:46:48, 2026-04-26 15:01:42, 2026-04-26 15:16:36", "cumulative_total": 18.0 }, "geometry": { "type": "Polygon", "coordinates": [ [ [ -75.046247561400989, 45.900029358565277 ], [ -75.052695670801128, 45.902624787831385 ], [ -75.052700587669165, 45.907821223525872 ], [ -75.046256192235077, 45.910422230960428 ], [ -75.039807479606992, 45.907826442094475 ], [ -75.039803765641352, 45.902630005459358 ], [ -75.046247561400989, 45.900029358565277 ] ] ] } },
{ "type": "Feature", "properties": { "hex_id": 433528, "centroid_lon": -75.046264827808713, "centroid_lat": 45.920815084368343, "occurrences_today": 10, "datetimes_today": "2026-04-26 12:46:38, 2026-04-26 12:57:41, 2026-04-26 13:16:47, 2026-04-26 13:31:39, 2026-04-26 14:01:48, 2026-04-26 14:16:41, 2026-04-26 14:30:06, 2026-04-26 14:46:48, 2026-04-26 15:01:42, 2026-04-26 15:16:36", "cumulative_total": 18.0 }, "geometry": { "type": "Polygon", "coordinates": [ [ [ -75.046260509429246, 45.915618660037758 ], [ -75.052710425455118, 45.918214080674126 ], [ -75.052715346373944, 45.923410502127965 ], [ -75.046269147373877, 45.926011503952189 ], [ -75.039818627622751, 45.923415723519483 ], [ -75.039814910597343, 45.918219301124495 ], [ -75.046260509429246, 45.915618660037758 ] ] ] } },
{ "type": "Feature", "properties": { "hex_id": 434138, "centroid_lon": -75.039811194592204, "centroid_lat": 45.91302287398284, "occurrences_today": 10, "datetimes_today": "2026-04-26 12:46:38, 2026-04-26 12:57:41, 2026-04-26 13:16:47, 2026-04-26 13:31:39, 2026-04-26 14:01:48, 2026-04-26 14:16:41, 2026-04-26 14:30:06, 2026-04-26 14:46:48, 2026-04-26 15:01:42, 2026-04-26 15:16:36", "cumulative_total": 18.0 }, "geometry": { "type": "Polygon", "coordinates": [ [ [ -75.039807479606992, 45.907826442094475 ], [ -75.046256192235077, 45.910422230960428 ], [ -75.046260509429246, 45.915618660037758 ], [ -75.039814910597343, 45.918219301124495 ], [ -75.033365594740218, 45.91562315249471 ], [ -75.03336248094439, 45.91042672260761 ], [ -75.039807479606992, 45.907826442094475 ] ] ] } },
{ "type": "Feature", "properties": { "hex_id": 434139, "centroid_lon": -75.039822345668767, "centroid_lat": 45.928612141167832, "occurrences_today": 10, "datetimes_today": "2026-04-26 12:46:38, 2026-04-26 12:57:41, 2026-04-26 13:16:47, 2026-04-26 13:31:39, 2026-04-26 14:01:48, 2026-04-26 14:16:41, 2026-04-26 14:30:06, 2026-04-26 14:46:48, 2026-04-26 15:01:42, 2026-04-26 15:16:36", "cumulative_total": 18.0 }, "geometry": { "type": "Polygon", "coordinates": [ [ [ -75.039818627622751, 45.923415723519483 ], [ -75.046269147373877, 45.926011503952189 ], [ -75.046273468125136, 45.931207918789312 ], [ -75.039826064735749, 45.933808554069579 ], [ -75.033374941258245, 45.931212413676427 ], [ -75.033371824896861, 45.926015998029094 ], [ -75.039818627622751, 45.923415723519483 ] ] ] } },
{ "type": "Feature", "properties": { "hex_id": 1001416, "centroid_lon": -68.852110868564722, "centroid_lat": 47.673007744060442, "occurrences_today": 3, "datetimes_today": "2026-04-26 12:46:38, 2026-04-26 12:57:41, 2026-04-26 13:16:47", "cumulative_total": 16.0 }, "geometry": { "type": "Polygon", "coordinates": [ [ [ -68.852719759389998, 47.667842830766318 ], [ -68.859037549942471, 47.670781274628361 ], [ -68.858429219943048, 47.675946246671977 ], [ -68.851501807562428, 47.678172646777689 ], [ -68.845183626391105, 47.675233766533729 ], [ -68.845793248159268, 47.670068922632979 ], [ -68.852719759389998, 47.667842830766318 ] ] ] } },
{ "type": "Feature", "properties": { "hex_id": 1000195, "centroid_lon": -68.865356071320306, "centroid_lat": 47.673719399619287, "occurrences_today": 3, "datetimes_today": "2026-04-26 12:46:38, 2026-04-26 12:57:41, 2026-04-26 13:16:47", "cumulative_total": 8.0 }, "geometry": { "type": "Polygon", "coordinates": [ [ [ -68.865963670464396, 47.668554358329807 ], [ -68.872282361634262, 47.671492105712069 ], [ -68.871675323583403, 47.67665720562843 ], [ -68.864748302354258, 47.678884430356817 ], [ -68.858429219943048, 47.675946246671977 ], [ -68.859037549942471, 47.670781274628361 ], [ -68.865963670464396, 47.668554358329807 ] ] ] } },
{ "type": "Feature", "properties": { "hex_id": 1003852, "centroid_lon": -68.836602433917676, "centroid_lat": 47.578614429453239, "occurrences_today": 14, "datetimes_today": "2026-04-26 12:46:38, 2026-04-26 12:57:41, 2026-04-26 13:16:47, 2026-04-26 13:31:39, 2026-04-26 14:01:48, 2026-04-26 14:16:41, 2026-04-26 14:30:06, 2026-04-26 14:46:48, 2026-04-26 15:01:42, 2026-04-26 15:16:36, 2026-04-26 15:31:39, 2026-04-26 15:47:10, 2026-04-26 16:01:41, 2026-04-26 16:17:01", "cumulative_total": 21.0 }, "geometry": { "type": "Polygon", "coordinates": [ [ [ -68.837210841870714, 47.573449582042144 ], [ -68.84351676976911, 47.576388358289307 ], [ -68.842908919462673, 47.581553264489422 ], [ -68.835993856157174, 47.583779266276011 ], [ -68.82968754044947, 47.580840054897592 ], [ -68.830296675796873, 47.575675276930582 ], [ -68.837210841870714, 47.573449582042144 ] ] ] } },
{ "type": "Feature", "properties": { "hex_id": 1004463, "centroid_lon": -68.829078235088417, "centroid_lat": 47.586004822262758, "occurrences_today": 14, "datetimes_today": "2026-04-26 12:46:38, 2026-04-26 12:57:41, 2026-04-26 13:16:47, 2026-04-26 13:31:39, 2026-04-26 14:01:48, 2026-04-26 14:16:41, 2026-04-26 14:30:06, 2026-04-26 14:46:48, 2026-04-26 15:01:42, 2026-04-26 15:16:36, 2026-04-26 15:31:39, 2026-04-26 15:47:10, 2026-04-26 16:01:41, 2026-04-26 16:17:01", "cumulative_total": 21.0 }, "geometry": { "type": "Polygon", "coordinates": [ [ [ -68.82968754044947, 47.580840054897592 ], [ -68.835993856157174, 47.583779266276011 ], [ -68.835385108529536, 47.588944092508314 ], [ -68.828468759653958, 47.591169579023898 ], [ -68.822162056316174, 47.588229932357628 ], [ -68.822772089424234, 47.583065234530366 ], [ -68.82968754044947, 47.580840054897592 ] ] ] } },
{ "type": "Feature", "properties": { "hex_id": 1005074, "centroid_lon": -68.82155185292838, "centroid_lat": 47.593394619567327, "occurrences_today": 14, "datetimes_today": "2026-04-26 12:46:38, 2026-04-26 12:57:41, 2026-04-26 13:16:47, 2026-04-26 13:31:39, 2026-04-26 14:01:48, 2026-04-26 14:16:41, 2026-04-26 14:30:06, 2026-04-26 14:46:48, 2026-04-26 15:01:42, 2026-04-26 15:16:36, 2026-04-26 15:31:39, 2026-04-26 15:47:10, 2026-04-26 16:01:41, 2026-04-26 16:17:01", "cumulative_total": 32.0 }, "geometry": { "type": "Polygon", "coordinates": [ [ [ -68.822162056316174, 47.588229932357628 ], [ -68.828468759653958, 47.591169579023898 ], [ -68.827859114086237, 47.596334325178915 ], [ -68.82094147920094, 47.598559296157326 ], [ -68.814634388412671, 47.595619214046536 ], [ -68.815245319900271, 47.590454596468589 ], [ -68.822162056316174, 47.588229932357628 ] ] ] } },
{ "type": "Feature", "properties": { "hex_id": 1005685, "centroid_lon": -68.814023286378983, "centroid_lat": 47.60078382099119, "occurrences_today": 14, "datetimes_today": "2026-04-26 12:46:38, 2026-04-26 12:57:41, 2026-04-26 13:16:47, 2026-04-26 13:31:39, 2026-04-26 14:01:48, 2026-04-26 14:16:41, 2026-04-26 14:30:06, 2026-04-26 14:46:48, 2026-04-26 15:01:42, 2026-04-26 15:16:36, 2026-04-26 15:31:39, 2026-04-26 15:47:10, 2026-04-26 16:01:41, 2026-04-26 16:17:01", "cumulative_total": 32.0 }, "geometry": { "type": "Polygon", "coordinates": [ [ [ -68.814634388412671, 47.595619214046536 ], [ -68.82094147920094, 47.598559296157326 ], [ -68.82033093507394, 47.603723962125464 ], [ -68.813412013739224, 47.605948417300404 ], [ -68.807104535680352, 47.603007899588434 ], [ -68.807716366166773, 47.597843362369503 ], [ -68.814634388412671, 47.595619214046536 ] ] ] } },
{ "type": "Feature", "properties": { "hex_id": 1006296, "centroid_lon": -68.806492534381277, "centroid_lat": 47.608172426158347, "occurrences_today": 14, "datetimes_today": "2026-04-26 12:46:38, 2026-04-26 12:57:41, 2026-04-26 13:16:47, 2026-04-26 13:31:39, 2026-04-26 14:01:48, 2026-04-26 14:16:41, 2026-04-26 14:30:06, 2026-04-26 14:46:48, 2026-04-26 15:01:42, 2026-04-26 15:16:36, 2026-04-26 15:31:39, 2026-04-26 15:47:10, 2026-04-26 16:01:41, 2026-04-26 16:17:01", "cumulative_total": 32.0 }, "geometry": { "type": "Polygon", "coordinates": [ [ [ -68.807104535680352, 47.603007899588434 ], [ -68.813412013739224, 47.605948417300404 ], [ -68.812800570433353, 47.611113002972004 ], [ -68.805880362209493, 47.613336942077041 ], [ -68.799572497060225, 47.610395988607273 ], [ -68.800185227165088, 47.605231531857065 ], [ -68.807104535680352, 47.603007899588434 ] ] ] } },
{ "type": "Feature", "properties": { "hex_id": 989207, "centroid_lon": -68.98279679628078, "centroid_lat": 47.695554312820178, "occurrences_today": 3, "datetimes_today": "2026-04-26 12:46:38, 2026-04-26 12:57:41, 2026-04-26 13:16:47", "cumulative_total": 25.0 }, "geometry": { "type": "Polygon", "coordinates": [ [ [ -68.983393262302414, 47.690388162728951 ], [ -68.989721729990265, 47.693319805002666 ], [ -68.989125827907642, 47.698486012648864 ], [ -68.98220016346005, 47.700720452575602 ], [ -68.975871298661701, 47.697788374484368 ], [ -68.976468495362596, 47.692622292351096 ], [ -68.983393262302414, 47.690388162728951 ] ] ] } },
{ "type": "Feature", "properties": { "hex_id": 990428, "centroid_lon": -68.969543164720719, "centroid_lat": 47.694855975807535, "occurrences_today": 3, "datetimes_today": "2026-04-26 12:46:38, 2026-04-26 12:57:41, 2026-04-26 13:16:47", "cumulative_total": 25.0 }, "geometry": { "type": "Polygon", "coordinates": [ [ [ -68.970140925094213, 47.689689951352342 ], [ -68.976468495362596, 47.692622292351096 ], [ -68.975871298661701, 47.697788374484368 ], [ -68.968945237191932, 47.700021989902417 ], [ -68.962617270435729, 47.69708921300554 ], [ -68.963215761578141, 47.691923256655912 ], [ -68.970140925094213, 47.689689951352342 ] ] ] } },
{ "type": "Feature", "properties": { "hex_id": 991038, "centroid_lon": -68.963814085416743, "centroid_lat": 47.68675728993469, "occurrences_today": 3, "datetimes_today": "2026-04-26 12:46:38, 2026-04-26 12:57:41, 2026-04-26 13:16:47", "cumulative_total": 25.0 }, "geometry": { "type": "Polygon", "coordinates": [ [ [ -68.964412242010482, 47.681591312843956 ], [ -68.970738518371391, 47.684523916538865 ], [ -68.970140925094213, 47.689689951352342 ], [ -68.963215761578141, 47.691923256655912 ], [ -68.956889089174993, 47.688990217140223 ], [ -68.957487976271153, 47.683824308208877 ], [ -68.964412242010482, 47.681591312843956 ] ] ] } },
{ "type": "Feature", "properties": { "hex_id": 991649, "centroid_lon": -68.95629003462652, "centroid_lat": 47.69415611568872, "occurrences_today": 3, "datetimes_today": "2026-04-26 12:46:38, 2026-04-26 12:57:41, 2026-04-26 13:16:47", "cumulative_total": 25.0 }, "geometry": { "type": "Polygon", "coordinates": [ [ [ -68.956889089174993, 47.688990217140223 ], [ -68.963215761578141, 47.691923256655912 ], [ -68.962617270435729, 47.69708921300554 ], [ -68.955690812566644, 47.699322003852323 ], [ -68.949363744298367, 47.69638852835805 ], [ -68.949963529705201, 47.69122269806271 ], [ -68.956889089174993, 47.688990217140223 ] ] ] } },
{ "type": "Feature", "properties": { "hex_id": 992259, "centroid_lon": -68.950563147452186, "centroid_lat": 47.68605685737122, "occurrences_today": 3, "datetimes_today": "2026-04-26 12:46:38, 2026-04-26 12:57:41, 2026-04-26 13:16:47", "cumulative_total": 27.0 }, "geometry": { "type": "Polygon", "coordinates": [ [ [ -68.951162597598469, 47.680891006285599 ], [ -68.957487976271153, 47.683824308208877 ], [ -68.956889089174993, 47.688990217140223 ], [ -68.949963529705201, 47.69122269806271 ], [ -68.94363775561267, 47.688288960238282 ], [ -68.94423793635066, 47.683123177459628 ], [ -68.951162597598469, 47.680891006285599 ] ] ] } },
{ "type": "Feature", "properties": { "hex_id": 795011, "centroid_lon": -71.160673859102815, "centroid_lat": 46.900788804566965, "occurrences_today": 8, "datetimes_today": "2026-04-26 11:46:47, 2026-04-26 11:59:41, 2026-04-26 12:16:55, 2026-04-26 12:32:09, 2026-04-26 12:46:38, 2026-04-26 12:57:41, 2026-04-26 13:16:47, 2026-04-26 13:31:39", "cumulative_total": 22.0 }, "geometry": { "type": "Polygon", "coordinates": [ [ [ -71.161044412365939, 46.895604949048021 ], [ -71.167408711204487, 46.898416656459311 ], [ -71.167038735007637, 46.903600548090786 ], [ -71.16030320302292, 46.905972653122937 ], [ -71.153938429952731, 46.903160537355312 ], [ -71.154309663063174, 46.897976724978733 ], [ -71.161044412365939, 46.895604949048021 ] ] ] } },
{ "type": "Feature", "properties": { "hex_id": 749798, "centroid_lon": -71.680041150604652, "centroid_lat": 46.355852822842465, "occurrences_today": 15, "datetimes_today": "2026-04-26 20:16:53, 2026-04-26 20:31:55, 2026-04-26 20:46:23, 2026-04-26 21:01:31, 2026-04-26 21:16:34, 2026-04-26 21:31:25, 2026-04-26 21:47:11, 2026-04-26 22:01:22, 2026-04-26 22:16:19, 2026-04-26 22:31:37, 2026-04-26 22:46:36, 2026-04-26 23:01:43, 2026-04-26 23:16:30, 2026-04-26 23:31:21, 2026-04-26 23:46:23", "cumulative_total": 80.0 }, "geometry": { "type": "Polygon", "coordinates": [ [ [ -71.680355599230424, 46.350665527042366 ], [ -71.686686229727187, 46.353447553801452 ], [ -71.686372349631029, 46.358634880335735 ], [ -71.679726615307715, 46.361040112266281 ], [ -71.67339550296731, 46.35825768879544 ], [ -71.673710606764189, 46.35307043017162 ], [ -71.680355599230424, 46.350665527042366 ] ] ] } },
{ "type": "Feature", "properties": { "hex_id": 75928, "centroid_lon": -78.994561238320117, "centroid_lat": 48.236050555855336, "occurrences_today": 5, "datetimes_today": "2026-04-26 22:16:19, 2026-04-26 22:31:37, 2026-04-26 22:46:36, 2026-04-26 23:01:43, 2026-04-26 23:16:30", "cumulative_total": 19.0 }, "geometry": { "type": "Polygon", "coordinates": [ [ [ -78.994157287428536, 48.230868873561953 ], [ -79.001076080215142, 48.233225801187217 ], [ -79.001480763161226, 48.238407437558386 ], [ -78.994965303427946, 48.241232230907514 ], [ -78.988045664350039, 48.238874959401713 ], [ -78.987642331337824, 48.233693238497523 ], [ -78.994157287428536, 48.230868873561953 ] ] ] } },
{ "type": "Feature", "properties": { "hex_id": 687665, "centroid_lon": -72.231574721984913, "centroid_lat": 48.521504735640853, "occurrences_today": 7, "datetimes_today": "2026-04-26 11:16:44, 2026-04-26 11:32:03, 2026-04-26 11:46:47, 2026-04-26 11:59:41, 2026-04-26 12:16:55, 2026-04-26 12:32:09, 2026-04-26 12:46:38", "cumulative_total": 24.0 }, "geometry": { "type": "Polygon", "coordinates": [ [ [ -72.231857616526653, 48.516316747396388 ], [ -72.238479294607657, 48.519073300907735 ], [ -72.2381970489363, 48.524261315652808 ], [ -72.231291747007475, 48.526692717948876 ], [ -72.224669500506366, 48.523935742436201 ], [ -72.224953124324969, 48.51874778670048 ], [ -72.231857616526653, 48.516316747396388 ] ] ] } },
{ "type": "Feature", "properties": { "hex_id": 362697, "centroid_lon": -75.791325646413071, "centroid_lat": 45.715419814216069, "occurrences_today": 10, "datetimes_today": "2026-04-26 00:02:00, 2026-04-26 00:16:58, 2026-04-26 00:31:49, 2026-04-26 00:46:42, 2026-04-26 01:01:50, 2026-04-26 01:16:59, 2026-04-26 01:31:40, 2026-04-26 01:47:00, 2026-04-26 02:02:13, 2026-04-26 02:16:44", "cumulative_total": 22.0 }, "geometry": { "type": "Polygon", "coordinates": [ [ [ -75.791252313021843, 45.710223696926747 ], [ -75.797712455068449, 45.71277708471726 ], [ -75.797786393729467, 45.717973191536075 ], [ -75.791398999886397, 45.720615926666945 ], [ -75.784938232484521, 45.718062189381676 ], [ -75.784865484287764, 45.712866066525365 ], [ -75.791252313021843, 45.710223696926747 ] ] ] } },
{ "type": "Feature", "properties": { "hex_id": 989204, "centroid_lon": -68.988158992762706, "centroid_lat": 47.649058590155356, "occurrences_today": 3, "datetimes_today": "2026-04-26 12:46:38, 2026-04-26 12:57:41, 2026-04-26 13:16:47", "cumulative_total": 7.0 }, "geometry": { "type": "Polygon", "coordinates": [ [ [ -68.988753960236807, 47.643892347133786 ], [ -68.9950773591586, 47.646823471916974 ], [ -68.994482954287051, 47.651989772392717 ], [ -68.987563859018024, 47.654224822859483 ], [ -68.98124006379355, 47.651293262963669 ], [ -68.981835760082191, 47.646127087780748 ], [ -68.988753960236807, 47.643892347133786 ] ] ] } },
{ "type": "Feature", "properties": { "hex_id": 990425, "centroid_lon": -68.974916997561166, "centroid_lat": 47.648361382985314, "occurrences_today": 3, "datetimes_today": "2026-04-26 12:46:38, 2026-04-26 12:57:41, 2026-04-26 13:16:47", "cumulative_total": 9.0 }, "geometry": { "type": "Polygon", "coordinates": [ [ [ -68.975513256186886, 47.643195265379497 ], [ -68.981835760082191, 47.646127087780748 ], [ -68.98124006379355, 47.651293262963669 ], [ -68.974320572309765, 47.65352749024926 ], [ -68.967997672732395, 47.650595232654837 ], [ -68.968594660262156, 47.645429183035013 ], [ -68.975513256186886, 47.643195265379497 ] ] ] } },
{ "type": "Feature", "properties": { "hex_id": 363918, "centroid_lon": -75.778478050440057, "centroid_lat": 45.715508081755665, "occurrences_today": 10, "datetimes_today": "2026-04-26 00:02:00, 2026-04-26 00:16:58, 2026-04-26 00:31:49, 2026-04-26 00:46:42, 2026-04-26 01:01:50, 2026-04-26 01:16:59, 2026-04-26 01:31:40, 2026-04-26 01:47:00, 2026-04-26 02:02:13, 2026-04-26 02:16:44", "cumulative_total": 42.0 }, "geometry": { "type": "Polygon", "coordinates": [ [ [ -75.778405907360295, 45.710311948560459 ], [ -75.784865484287764, 45.712866066525365 ], [ -75.784938232484521, 45.718062189381676 ], [ -75.778550213276034, 45.720704210115358 ], [ -75.772090011472017, 45.718149742518975 ], [ -75.772018453759699, 45.712953603885452 ], [ -75.778405907360295, 45.710311948560459 ] ] ] } },
{ "type": "Feature", "properties": { "hex_id": 984924, "centroid_lon": -69.045993919592561, "centroid_lat": 47.550734737642472, "occurrences_today": 3, "datetimes_today": "2026-04-26 12:46:38, 2026-04-26 12:57:41, 2026-04-26 13:16:47", "cumulative_total": 5.0 }, "geometry": { "type": "Polygon", "coordinates": [ [ [ -69.046581160215382, 47.545567858664093 ], [ -69.052896729027253, 47.548495430405652 ], [ -69.052310049045246, 47.553662366191794 ], [ -69.045406515071576, 47.555901606427497 ], [ -69.039090549545861, 47.55297360137849 ], [ -69.039678514650049, 47.547806789468083 ], [ -69.046581160215382, 47.545567858664093 ] ] ] } },
{ "type": "Feature", "properties": { "hex_id": 985535, "centroid_lon": -69.038502420338148, "centroid_lat": 47.558140403082504, "occurrences_today": 3, "datetimes_today": "2026-04-26 12:46:38, 2026-04-26 12:57:41, 2026-04-26 13:16:47", "cumulative_total": 5.0 }, "geometry": { "type": "Polygon", "coordinates": [ [ [ -69.039090549545861, 47.55297360137849 ], [ -69.045406515071576, 47.555901606427497 ], [ -69.044818946594816, 47.561068465017186 ], [ -69.037914126969198, 47.56330719457813 ], [ -69.031597764902628, 47.560378756064331 ], [ -69.032186618944806, 47.555212021521243 ], [ -69.039090549545861, 47.55297360137849 ] ] ] } },
{ "type": "Feature", "properties": { "hex_id": 986145, "centroid_lon": -69.03277530867804, "centroid_lat": 47.550045276758702, "occurrences_today": 3, "datetimes_today": "2026-04-26 12:46:38, 2026-04-26 12:57:41, 2026-04-26 13:16:47", "cumulative_total": 5.0 }, "geometry": { "type": "Polygon", "coordinates": [ [ [ -69.033363834160085, 47.544878521778735 ], [ -69.039678514650049, 47.547806789468083 ], [ -69.039090549545861, 47.55297360137849 ], [ -69.032186618944806, 47.555212021521243 ], [ -69.025871542357024, 47.55228332044355 ], [ -69.026460792410376, 47.547116632678296 ], [ -69.033363834160085, 47.544878521778735 ] ] ] } },
{ "type": "Feature", "properties": { "hex_id": 986146, "centroid_lon": -69.03100874649374, "centroid_lat": 47.565545480385978, "occurrences_today": 3, "datetimes_today": "2026-04-26 12:46:38, 2026-04-26 12:57:41, 2026-04-26 13:16:47", "cumulative_total": 5.0 }, "geometry": { "type": "Polygon", "coordinates": [ [ [ -69.031597764902628, 47.560378756064331 ], [ -69.037914126969198, 47.56330719457813 ], [ -69.037325669381289, 47.568473975863363 ], [ -69.030419563660317, 47.570712194484173 ], [ -69.024102805226207, 47.567783322348227 ], [ -69.024692548822784, 47.56261666528053 ], [ -69.031597764902628, 47.560378756064331 ] ] ] } },
{ "type": "Feature", "properties": { "hex_id": 986756, "centroid_lon": -69.025282127847106, "centroid_lat": 47.557449997978296, "occurrences_today": 3, "datetimes_today": "2026-04-26 12:46:38, 2026-04-26 12:57:41, 2026-04-26 13:16:47", "cumulative_total": 5.0 }, "geometry": { "type": "Polygon", "coordinates": [ [ [ -69.025871542357024, 47.55228332044355 ], [ -69.032186618944806, 47.555212021521243 ], [ -69.031597764902628, 47.560378756064331 ], [ -69.024692548822784, 47.56261666528053 ], [ -69.018377076310585, 47.559687530657214 ], [ -69.018967215744823, 47.554520920430193 ], [ -69.025871542357024, 47.55228332044355 ] ] ] } },
{ "type": "Feature", "properties": { "hex_id": 986757, "centroid_lon": -69.023512896999492, "centroid_lat": 47.572949969179412, "occurrences_today": 3, "datetimes_today": "2026-04-26 12:46:38, 2026-04-26 12:57:41, 2026-04-26 13:16:47", "cumulative_total": 5.0 }, "geometry": { "type": "Polygon", "coordinates": [ [ [ -69.024102805226207, 47.567783322348227 ], [ -69.030419563660317, 47.570712194484173 ], [ -69.029830216344536, 47.575878898356926 ], [ -69.022922824084731, 47.578116605772102 ], [ -69.016605669456709, 47.575187299856658 ], [ -69.017196303224466, 47.570020720372447 ], [ -69.024102805226207, 47.567783322348227 ] ] ] } },
{ "type": "Feature", "properties": { "hex_id": 986758, "centroid_lon": -69.02174218395929, "centroid_lat": 47.588449848233857, "occurrences_today": 3, "datetimes_today": "2026-04-26 12:46:38, 2026-04-26 12:57:41, 2026-04-26 13:16:47", "cumulative_total": 5.0 }, "geometry": { "type": "Polygon", "coordinates": [ [ [ -69.022332586423985, 47.583283232124245 ], [ -69.028651028034375, 47.58621227541812 ], [ -69.028061186924205, 47.591378948602539 ], [ -69.021151616632622, 47.593616454098907 ], [ -69.01483277855867, 47.59068697679151 ], [ -69.015423907181827, 47.585520428068214 ], [ -69.022332586423985, 47.583283232124245 ] ] ] } },
{ "type": "Feature", "properties": { "hex_id": 987367, "centroid_lon": -69.017786772156441, "centroid_lat": 47.564854130638636, "occurrences_today": 3, "datetimes_today": "2026-04-26 12:46:38, 2026-04-26 12:57:41, 2026-04-26 13:16:47", "cumulative_total": 5.0 }, "geometry": { "type": "Polygon", "coordinates": [ [ [ -69.018377076310585, 47.559687530657214 ], [ -69.024692548822784, 47.56261666528053 ], [ -69.024102805226207, 47.567783322348227 ], [ -69.017196303224466, 47.570020720372447 ], [ -69.010880434961521, 47.567091152046231 ], [ -69.011471464393111, 47.561924619465593 ], [ -69.018377076310585, 47.559687530657214 ] ] ] } },
{ "type": "Feature", "properties": { "hex_id": 987368, "centroid_lon": -69.016014870795175, "centroid_lat": 47.580353869089265, "occurrences_today": 3, "datetimes_today": "2026-04-26 12:46:38, 2026-04-26 12:57:41, 2026-04-26 13:16:47", "cumulative_total": 5.0 }, "geometry": { "type": "Polygon", "coordinates": [ [ [ -69.016605669456709, 47.575187299856658 ], [ -69.022922824084731, 47.578116605772102 ], [ -69.022332586423985, 47.583283232124245 ], [ -69.015423907181827, 47.585520428068214 ], [ -69.00910635653382, 47.582590688215902 ], [ -69.00969788108992, 47.577424186423407 ], [ -69.016605669456709, 47.575187299856658 ] ] ] } },
{ "type": "Feature", "properties": { "hex_id": 987369, "centroid_lon": -69.014241484867611, "centroid_lat": 47.595853515257154, "occurrences_today": 3, "datetimes_today": "2026-04-26 12:46:38, 2026-04-26 12:57:41, 2026-04-26 13:16:47", "cumulative_total": 5.0 }, "geometry": { "type": "Polygon", "coordinates": [ [ [ -69.01483277855867, 47.59068697679151 ], [ -69.021151616632622, 47.593616454098907 ], [ -69.020560884386001, 47.598783049717419 ], [ -69.013650026050527, 47.60102004346313 ], [ -69.007330791687181, 47.59809013198474 ], [ -69.00792281189058, 47.592923660998586 ], [ -69.01483277855867, 47.59068697679151 ] ] ] } },
{ "type": "Feature", "properties": { "hex_id": 987977, "centroid_lon": -69.012062328899233, "centroid_lat": 47.556758076626238, "occurrences_today": 3, "datetimes_today": "2026-04-26 12:46:38, 2026-04-26 12:57:41, 2026-04-26 13:16:47", "cumulative_total": 5.0 }, "geometry": { "type": "Polygon", "coordinates": [ [ [ -69.012653028537883, 47.551591523530192 ], [ -69.018967215744823, 47.554520920430193 ], [ -69.018377076310585, 47.559687530657214 ], [ -69.011471464393111, 47.561924619465593 ], [ -69.005156881878207, 47.55899478893928 ], [ -69.005748306530805, 47.553828303297756 ], [ -69.012653028537883, 47.551591523530192 ] ] ] } },
{ "type": "Feature", "properties": { "hex_id": 987978, "centroid_lon": -69.010289240546456, "centroid_lat": 47.572257674366178, "occurrences_today": 3, "datetimes_today": "2026-04-26 12:46:38, 2026-04-26 12:57:41, 2026-04-26 13:16:47", "cumulative_total": 5.0 }, "geometry": { "type": "Polygon", "coordinates": [ [ [ -69.010880434961521, 47.567091152046231 ], [ -69.017196303224466, 47.570020720372447 ], [ -69.016605669456709, 47.575187299856658 ], [ -69.00969788108992, 47.577424186423407 ], [ -69.003381617250184, 47.574494184236976 ], [ -69.003973537295963, 47.569327729410901 ], [ -69.010880434961521, 47.567091152046231 ] ] ] } },
{ "type": "Feature", "properties": { "hex_id": 987979, "centroid_lon": -69.008514666820076, "centroid_lat": 47.587757179741629, "occurrences_today": 3, "datetimes_today": "2026-04-26 12:46:38, 2026-04-26 12:57:41, 2026-04-26 13:16:47", "cumulative_total": 5.0 }, "geometry": { "type": "Polygon", "coordinates": [ [ [ -69.00910635653382, 47.582590688215902 ], [ -69.015423907181827, 47.585520428068214 ], [ -69.01483277855867, 47.59068697679151 ], [ -69.00792281189058, 47.592923660998586 ], [ -69.001604865396814, 47.58999348705202 ], [ -69.002197281358761, 47.584827063059571 ], [ -69.00910635653382, 47.582590688215902 ] ] ] } },
{ "type": "Feature", "properties": { "hex_id": 987980, "centroid_lon": -69.0067386061517, "centroid_lat": 47.603256592698088, "occurrences_today": 3, "datetimes_today": "2026-04-26 12:46:38, 2026-04-26 12:57:41, 2026-04-26 13:16:47", "cumulative_total": 5.0 }, "geometry": { "type": "Polygon", "coordinates": [ [ [ -69.007330791687181, 47.59809013198474 ], [ -69.013650026050527, 47.60102004346313 ], [ -69.01305840204931, 47.606186561407412 ], [ -69.006146255225943, 47.608423043136618 ], [ -68.999826624747712, 47.60549269732978 ], [ -69.000419537149526, 47.600326304189132 ], [ -69.007330791687181, 47.59809013198474 ] ] ] } },
{ "type": "Feature", "properties": { "hex_id": 988588, "centroid_lon": -69.00456529215262, "centroid_lat": 47.564161264310997, "occurrences_today": 3, "datetimes_today": "2026-04-26 12:46:38, 2026-04-26 12:57:41, 2026-04-26 13:16:47", "cumulative_total": 5.0 }, "geometry": { "type": "Polygon", "coordinates": [ [ [ -69.005156881878207, 47.55899478893928 ], [ -69.011471464393111, 47.561924619465593 ], [ -69.010880434961521, 47.567091152046231 ], [ -69.003973537295963, 47.569327729410901 ], [ -68.997658559647164, 47.566397465101048 ], [ -68.998250874739753, 47.561231057276942 ], [ -69.005156881878207, 47.55899478893928 ] ] ] } },
{ "type": "Feature", "properties": { "hex_id": 988589, "centroid_lon": -69.002789531957148, "centroid_lat": 47.579660628787209, "occurrences_today": 3, "datetimes_today": "2026-04-26 12:46:38, 2026-04-26 12:57:41, 2026-04-26 13:16:47", "cumulative_total": 5.0 }, "geometry": { "type": "Polygon", "coordinates": [ [ [ -69.003381617250184, 47.574494184236976 ], [ -69.00969788108992, 47.577424186423407 ], [ -69.00910635653382, 47.582590688215902 ], [ -69.002197281358761, 47.584827063059571 ], [ -68.995880622116545, 47.581896626855603 ], [ -68.996473433393717, 47.5767302498924 ], [ -69.003381617250184, 47.574494184236976 ] ] ] } },
{ "type": "Feature", "properties": { "hex_id": 988590, "centroid_lon": -69.001012284013157, "centroid_lat": 47.595159900762546, "occurrences_today": 3, "datetimes_today": "2026-04-26 12:46:38, 2026-04-26 12:57:41, 2026-04-26 13:16:47", "cumulative_total": 5.0 }, "geometry": { "type": "Polygon", "coordinates": [ [ [ -69.001604865396814, 47.58999348705202 ], [ -69.00792281189058, 47.592923660998586 ], [ -69.007330791687181, 47.59809013198474 ], [ -69.000419537149526, 47.600326304189132 ], [ -68.994101194984566, 47.597395695990912 ], [ -68.994694502970233, 47.59222934990688 ], [ -69.001604865396814, 47.58999348705202 ] ] ] } },
{ "type": "Feature", "properties": { "hex_id": 988591, "centroid_lon": -68.999233546749409, "centroid_lat": 47.610659080182423, "occurrences_today": 3, "datetimes_today": "2026-04-26 12:46:38, 2026-04-26 12:57:41, 2026-04-26 13:16:47", "cumulative_total": 5.0 }, "geometry": { "type": "Polygon", "coordinates": [ [ [ -68.999826624747712, 47.60549269732978 ], [ -69.006146255225943, 47.608423043136618 ], [ -69.00555373885166, 47.613589483298291 ], [ -68.998640303096323, 47.615825452745057 ], [ -68.992320276678029, 47.612894672452256 ], [ -68.992914081896814, 47.607728357265628 ], [ -68.999826624747712, 47.60549269732978 ] ] ] } },
{ "type": "Feature", "properties": { "hex_id": 988592, "centroid_lon": -68.997453318592434, "centroid_lat": 47.626158166992148, "occurrences_today": 3, "datetimes_today": "2026-04-26 12:46:38, 2026-04-26 12:57:41, 2026-04-26 13:16:47", "cumulative_total": 5.0 }, "geometry": { "type": "Polygon", "coordinates": [ [ [ -68.99804689373012, 47.62099181501565 ], [ -69.0043682095245, 47.623922332783003 ], [ -69.00377519645501, 47.629088742101992 ], [ -68.996859577624875, 47.631324508672598 ], [ -68.990537865621391, 47.628393556184854 ], [ -68.991132168598725, 47.623227271913898 ], [ -68.99804689373012, 47.62099181501565 ] ] ] } },
{ "type": "Feature", "properties": { "hex_id": 989198, "centroid_lon": -68.998843024553764, "centroid_lat": 47.556064639169904, "occurrences_today": 3, "datetimes_today": "2026-04-26 12:46:38, 2026-04-26 12:57:41, 2026-04-26 13:16:47", "cumulative_total": 5.0 }, "geometry": { "type": "Polygon", "coordinates": [ [ [ -68.999435009147319, 47.550898210781959 ], [ -69.005748306530805, 47.553828303297756 ], [ -69.005156881878207, 47.55899478893928 ], [ -68.998250874739753, 47.561231057276942 ], [ -68.991937182664842, 47.558300531054265 ], [ -68.992529892361716, 47.553134170267633 ], [ -68.999435009147319, 47.550898210781959 ] ] ] } },
{ "type": "Feature", "properties": { "hex_id": 989199, "centroid_lon": -68.997066079217873, "centroid_lat": 47.571563862640197, "occurrences_today": 3, "datetimes_today": "2026-04-26 12:46:38, 2026-04-26 12:57:41, 2026-04-26 13:16:47", "cumulative_total": 5.0 }, "geometry": { "type": "Polygon", "coordinates": [ [ [ -68.997658559647164, 47.566397465101048 ], [ -69.003973537295963, 47.569327729410901 ], [ -69.003381617250184, 47.574494184236976 ], [ -68.996473433393717, 47.5767302498924 ], [ -68.990158060785348, 47.573799551641763 ], [ -68.990751266934836, 47.568633221743347 ], [ -68.997658559647164, 47.566397465101048 ] ] ] } },
{ "type": "Feature", "properties": { "hex_id": 989200, "centroid_lon": -68.995287645328133, "centroid_lat": 47.587062993527759, "occurrences_today": 3, "datetimes_today": "2026-04-26 12:46:38, 2026-04-26 12:57:41, 2026-04-26 13:16:47", "cumulative_total": 5.0 }, "geometry": { "type": "Polygon", "coordinates": [ [ [ -68.995880622116545, 47.581896626855603 ], [ -69.002197281358761, 47.584827063059571 ], [ -69.001604865396814, 47.58999348705202 ], [ -68.994694502970233, 47.59222934990688 ], [ -68.988377448500131, 47.589298479528061 ], [ -68.988971151626274, 47.584132180536145 ], [ -68.995880622116545, 47.581896626855603 ] ] ] } },
{ "type": "Feature", "properties": { "hex_id": 989201, "centroid_lon": -68.993507721312866, "centroid_lat": 47.602562031777836, "occurrences_today": 3, "datetimes_today": "2026-04-26 12:46:38, 2026-04-26 12:57:41, 2026-04-26 13:16:47", "cumulative_total": 5.0 }, "geometry": { "type": "Polygon", "coordinates": [ [ [ -68.994101194984566, 47.597395695990912 ], [ -69.000419537149526, 47.600326304189132 ], [ -68.999826624747712, 47.60549269732978 ], [ -68.992914081896814, 47.607728357265628 ], [ -68.986595344235511, 47.60479731465832 ], [ -68.987189544863114, 47.599631046591171 ], [ -68.994101194984566, 47.597395695990912 ] ] ] } },
{ "type": "Feature", "properties": { "hex_id": 989202, "centroid_lon": -68.991726305598135, "centroid_lat": 47.618060977335695, "occurrences_today": 3, "datetimes_today": "2026-04-26 12:46:38, 2026-04-26 12:57:41, 2026-04-26 13:16:47", "cumulative_total": 5.0 }, "geometry": { "type": "Polygon", "coordinates": [ [ [ -68.992320276678029, 47.612894672452256 ], [ -68.998640303096323, 47.615825452745057 ], [ -68.99804689373012, 47.62099181501565 ], [ -68.991132168598725, 47.623227271913898 ], [ -68.984811746415474, 47.620296056977665 ], [ -68.985406445070126, 47.6151298198536 ], [ -68.992320276678029, 47.612894672452256 ] ] ] } },
{ "type": "Feature", "properties": { "hex_id": 989203, "centroid_lon": -68.989943396607615, "centroid_lat": 47.633559830146496, "occurrences_today": 3, "datetimes_today": "2026-04-26 12:46:38, 2026-04-26 12:57:41, 2026-04-26 13:16:47", "cumulative_total": 5.0 }, "geometry": { "type": "Polygon", "coordinates": [ [ [ -68.990537865621391, 47.628393556184854 ], [ -68.996859577624875, 47.631324508672598 ], [ -68.99626567076902, 47.636490840054883 ], [ -68.989348761498931, 47.638726093796812 ], [ -68.983026653461692, 47.63579470643112 ], [ -68.983621850669763, 47.630628500268472 ], [ -68.990537865621391, 47.628393556184854 ] ] ] } },
{ "type": "Feature", "properties": { "hex_id": 989809, "centroid_lon": -68.991344307541937, "centroid_lat": 47.563466881546859, "occurrences_today": 3, "datetimes_today": "2026-04-26 12:46:38, 2026-04-26 12:57:41, 2026-04-26 13:16:47", "cumulative_total": 5.0 }, "geometry": { "type": "Polygon", "coordinates": [ [ [ -68.991937182664842, 47.558300531054265 ], [ -68.998250874739753, 47.561231057276942 ], [ -68.997658559647164, 47.566397465101048 ], [ -68.990751266934836, 47.568633221743347 ], [ -68.984437180342894, 47.565702261656632 ], [ -68.985030780922116, 47.560535978858518 ], [ -68.991937182664842, 47.558300531054265 ] ] ] } },
{ "type": "Feature", "properties": { "hex_id": 989810, "centroid_lon": -68.989564689035248, "centroid_lat": 47.578965871240037, "occurrences_today": 3, "datetimes_today": "2026-04-26 12:46:38, 2026-04-26 12:57:41, 2026-04-26 13:16:47", "cumulative_total": 5.0 }, "geometry": { "type": "Polygon", "coordinates": [ [ [ -68.990158060785348, 47.573799551641763 ], [ -68.996473433393717, 47.5767302498924 ], [ -68.995880622116545, 47.581896626855603 ], [ -68.988971151626274, 47.584132180536145 ], [ -68.98265538423297, 47.581201048187445 ], [ -68.983249482056621, 47.576034796323135 ], [ -68.990158060785348, 47.573799551641763 ] ] ] } },
{ "type": "Feature", "properties": { "hex_id": 989811, "centroid_lon": -68.987783579598528, "centroid_lat": 47.594464768213747, "occurrences_today": 3, "datetimes_today": "2026-04-26 12:46:38, 2026-04-26 12:57:41, 2026-04-26 13:16:47", "cumulative_total": 5.0 }, "geometry": { "type": "Polygon", "coordinates": [ [ [ -68.988377448500131, 47.589298479528061 ], [ -68.994694502970233, 47.59222934990688 ], [ -68.994101194984566, 47.597395695990912 ], [ -68.987189544863114, 47.599631046591171 ], [ -68.980872095340061, 47.596699741880158 ], [ -68.981466690933075, 47.591533520967999 ], [ -68.988377448500131, 47.589298479528061 ] ] ] } },
{ "type": "Feature", "properties": { "hex_id": 989812, "centroid_lon": -68.986000977657326, "centroid_lat": 47.609963572413136, "occurrences_today": 3, "datetimes_today": "2026-04-26 12:46:38, 2026-04-26 12:57:41, 2026-04-26 13:16:47", "cumulative_total": 5.0 }, "geometry": { "type": "Polygon", "coordinates": [ [ [ -68.986595344235511, 47.60479731465832 ], [ -68.992914081896814, 47.607728357265628 ], [ -68.992320276678029, 47.612894672452256 ], [ -68.985406445070126, 47.6151298198536 ], [ -68.979087312087671, 47.612198342679775 ], [ -68.979682405975822, 47.607032152738093 ], [ -68.986595344235511, 47.60479731465832 ] ] ] } },
{ "type": "Feature", "properties": { "hex_id": 989813, "centroid_lon": -68.98421688163485, "centroid_lat": 47.625462283783285, "occurrences_today": 3, "datetimes_today": "2026-04-26 12:46:38, 2026-04-26 12:57:41, 2026-04-26 13:16:47", "cumulative_total": 5.0 }, "geometry": { "type": "Polygon", "coordinates": [ [ [ -68.984811746415474, 47.620296056977665 ], [ -68.991132168598725, 47.623227271913898 ], [ -68.990537865621391, 47.628393556184854 ], [ -68.983621850669763, 47.630628500268472 ], [ -68.977301032896975, 47.627696850531279 ], [ -68.977896625606789, 47.622530691578419 ], [ -68.984811746415474, 47.620296056977665 ] ] ] } },
{ "type": "Feature", "properties": { "hex_id": 989814, "centroid_lon": -68.982431289952032, "centroid_lat": 47.640960902269228, "occurrences_today": 3, "datetimes_today": "2026-04-26 12:46:38, 2026-04-26 12:57:41, 2026-04-26 13:16:47", "cumulative_total": 5.0 }, "geometry": { "type": "Polygon", "coordinates": [ [ [ -68.983026653461692, 47.63579470643112 ], [ -68.989348761498931, 47.638726093796812 ], [ -68.988753960236807, 47.643892347133786 ], [ -68.981835760082191, 47.646127087780748 ], [ -68.975513256186886, 47.643195265379497 ], [ -68.976109348245657, 47.638029137433854 ], [ -68.983026653461692, 47.63579470643112 ] ] ] } },
{ "type": "Feature", "properties": { "hex_id": 990420, "centroid_lon": -68.983843414073803, "centroid_lat": 47.570868534145518, "occurrences_today": 3, "datetimes_today": "2026-04-26 12:46:38, 2026-04-26 12:57:41, 2026-04-26 13:16:47", "cumulative_total": 5.0 }, "geometry": { "type": "Polygon", "coordinates": [ [ [ -68.984437180342894, 47.565702261656632 ], [ -68.990751266934836, 47.568633221743347 ], [ -68.990158060785348, 47.573799551641763 ], [ -68.983249482056621, 47.576034796323135 ], [ -68.976935001122342, 47.573103402215203 ], [ -68.977529493200848, 47.567937197513956 ], [ -68.984437180342894, 47.565702261656632 ] ] ] } },
{ "type": "Feature", "properties": { "hex_id": 990421, "centroid_lon": -68.982061120544586, "centroid_lat": 47.586367289736408, "occurrences_today": 3, "datetimes_today": "2026-04-26 12:46:38, 2026-04-26 12:57:41, 2026-04-26 13:16:47", "cumulative_total": 5.0 }, "geometry": { "type": "Polygon", "coordinates": [ [ [ -68.98265538423297, 47.581201048187445 ], [ -68.988971151626274, 47.584132180536145 ], [ -68.988377448500131, 47.589298479528061 ], [ -68.981466690933075, 47.591533520967999 ], [ -68.975150528929831, 47.588601954363988 ], [ -68.975745519045233, 47.583435780642255 ], [ -68.98265538423297, 47.581201048187445 ] ] ] } },
{ "type": "Feature", "properties": { "hex_id": 990422, "centroid_lon": -68.980277333707122, "centroid_lat": 47.60186595247086, "occurrences_today": 3, "datetimes_today": "2026-04-26 12:46:38, 2026-04-26 12:57:41, 2026-04-26 13:16:47", "cumulative_total": 5.0 }, "geometry": { "type": "Polygon", "coordinates": [ [ [ -68.980872095340061, 47.596699741880158 ], [ -68.987189544863114, 47.599631046591171 ], [ -68.986595344235511, 47.60479731465832 ], [ -68.979682405975822, 47.607032152738093 ], [ -68.973364561575025, 47.604100413537523 ], [ -68.973960050253211, 47.59893427081365 ], [ -68.980872095340061, 47.596699741880158 ] ] ] } },
{ "type": "Feature", "properties": { "hex_id": 990423, "centroid_lon": -68.978492051984162, "centroid_lat": 47.617364522293904, "occurrences_today": 3, "datetimes_today": "2026-04-26 12:46:38, 2026-04-26 12:57:41, 2026-04-26 13:16:47", "cumulative_total": 5.0 }, "geometry": { "type": "Polygon", "coordinates": [ [ [ -68.979087312087671, 47.612198342679775 ], [ -68.985406445070126, 47.6151298198536 ], [ -68.984811746415474, 47.620296056977665 ], [ -68.977896625606789, 47.622530691578419 ], [ -68.97157709747863, 47.619598779680665 ], [ -68.972173085246297, 47.61443266797307 ], [ -68.979087312087671, 47.612198342679775 ] ] ] } },
{ "type": "Feature", "properties": { "hex_id": 990424, "centroid_lon": -68.976705273796142, "centroid_lat": 47.632862999150447, "occurrences_today": 3, "datetimes_today": "2026-04-26 12:46:38, 2026-04-26 12:57:41, 2026-04-26 13:16:47", "cumulative_total": 5.0 }, "geometry": { "type": "Polygon", "coordinates": [ [ [ -68.977301032896975, 47.627696850531279 ], [ -68.983621850669763, 47.630628500268472 ], [ -68.983026653461692, 47.63579470643112 ], [ -68.976109348245657, 47.638029137433854 ], [ -68.969788135059062, 47.635097052738196 ], [ -68.97038462244366, 47.629930972065289 ], [ -68.977301032896975, 47.627696850531279 ] ] ] } },
{ "type": "Feature", "properties": { "hex_id": 990426, "centroid_lon": -68.973127221695009, "centroid_lat": 47.663859673743318, "occurrences_today": 3, "datetimes_today": "2026-04-26 12:46:38, 2026-04-26 12:57:41, 2026-04-26 13:16:47", "cumulative_total": 5.0 }, "geometry": { "type": "Polygon", "coordinates": [ [ [ -68.973723980373975, 47.658693587169282 ], [ -68.980048171725187, 47.661625582335418 ], [ -68.979451975828084, 47.666791726520167 ], [ -68.972530296214117, 47.669025749969357 ], [ -68.966205708912398, 47.666093319375229 ], [ -68.966803197116334, 47.660927300826998 ], [ -68.973723980373975, 47.658693587169282 ] ] ] } },
{ "type": "Feature", "properties": { "hex_id": 991030, "centroid_lon": -68.978123819383782, "centroid_lat": 47.562770982490299, "occurrences_today": 3, "datetimes_today": "2026-04-26 12:46:38, 2026-04-26 12:57:41, 2026-04-26 13:16:47", "cumulative_total": 5.0 }, "geometry": { "type": "Polygon", "coordinates": [ [ [ -68.978717979729495, 47.557604757146251 ], [ -68.985030780922116, 47.560535978858518 ], [ -68.984437180342894, 47.565702261656632 ], [ -68.977529493200848, 47.567937197513956 ], [ -68.971216298108146, 47.565005541857275 ], [ -68.97181118399925, 47.559839384354532 ], [ -68.978717979729495, 47.557604757146251 ] ] ] } },
{ "type": "Feature", "properties": { "hex_id": 991031, "centroid_lon": -68.976340343089916, "centroid_lat": 47.578269596591987, "occurrences_today": 3, "datetimes_today": "2026-04-26 12:46:38, 2026-04-26 12:57:41, 2026-04-26 13:16:47", "cumulative_total": 5.0 }, "geometry": { "type": "Polygon", "coordinates": [ [ [ -68.976935001122342, 47.573103402215203 ], [ -68.983249482056621, 47.576034796323135 ], [ -68.98265538423297, 47.581201048187445 ], [ -68.975745519045233, 47.583435780642255 ], [ -68.969430643943667, 47.580503952355883 ], [ -68.970026028138761, 47.575337825860004 ], [ -68.976935001122342, 47.573103402215203 ] ] ] } },
{ "type": "Feature", "properties": { "hex_id": 991032, "centroid_lon": -68.97455537268533, "centroid_lat": 47.593768117755133, "occurrences_today": 3, "datetimes_today": "2026-04-26 12:46:38, 2026-04-26 12:57:41, 2026-04-26 13:16:47", "cumulative_total": 5.0 }, "geometry": { "type": "Polygon", "coordinates": [ [ [ -68.975150528929831, 47.588601954363988 ], [ -68.981466690933075, 47.591533520967999 ], [ -68.980872095340061, 47.596699741880158 ], [ -68.973960050253211, 47.59893427081365 ], [ -68.967643493815302, 47.596002269797054 ], [ -68.96823937684043, 47.590836174326455 ], [ -68.975150528929831, 47.588601954363988 ] ] ] } },
{ "type": "Feature", "properties": { "hex_id": 991033, "centroid_lon": -68.972768906592236, "centroid_lat": 47.609266545924669, "occurrences_today": 3, "datetimes_today": "2026-04-26 12:46:38, 2026-04-26 12:57:41, 2026-04-26 13:16:47", "cumulative_total": 5.0 }, "geometry": { "type": "Polygon", "coordinates": [ [ [ -68.973364561575025, 47.604100413537523 ], [ -68.979682405975822, 47.607032152738093 ], [ -68.979087312087671, 47.612198342679775 ], [ -68.972173085246297, 47.61443266797307 ], [ -68.965854846143301, 47.611500494125565 ], [ -68.966451228525315, 47.606334429698663 ], [ -68.973364561575025, 47.604100413537523 ] ] ] } },
{ "type": "Feature", "properties": { "hex_id": 991034, "centroid_lon": -68.970980943230629, "centroid_lat": 47.624764881045408, "occurrences_today": 3, "datetimes_today": "2026-04-26 12:46:38, 2026-04-26 12:57:41, 2026-04-26 13:16:47", "cumulative_total": 5.0 }, "geometry": { "type": "Polygon", "coordinates": [ [ [ -68.97157709747863, 47.619598779680665 ], [ -68.977896625606789, 47.622530691578419 ], [ -68.977301032896975, 47.627696850531279 ], [ -68.97038462244366, 47.629930972065289 ], [ -68.964064699345613, 47.626998625286127 ], [ -68.96466158161212, 47.621832591921347 ], [ -68.97157709747863, 47.619598779680665 ] ] ] } },
{ "type": "Feature", "properties": { "hex_id": 991035, "centroid_lon": -68.969191481018143, "centroid_lat": 47.640263123062113, "occurrences_today": 3, "datetimes_today": "2026-04-26 12:46:38, 2026-04-26 12:57:41, 2026-04-26 13:16:47", "cumulative_total": 5.0 }, "geometry": { "type": "Polygon", "coordinates": [ [ [ -68.969788135059062, 47.635097052738196 ], [ -68.976109348245657, 47.638029137433854 ], [ -68.975513256186886, 47.643195265379497 ], [ -68.968594660262156, 47.645429183035013 ], [ -68.962273051837812, 47.642496663223334 ], [ -68.962870434517214, 47.637330660939163 ], [ -68.969788135059062, 47.635097052738196 ] ] ] } },
{ "type": "Feature", "properties": { "hex_id": 991036, "centroid_lon": -68.967400518370056, "centroid_lat": 47.655761271919509, "occurrences_today": 3, "datetimes_today": "2026-04-26 12:46:38, 2026-04-26 12:57:41, 2026-04-26 13:16:47", "cumulative_total": 5.0 }, "geometry": { "type": "Polygon", "coordinates": [ [ [ -68.967997672732395, 47.650595232654837 ], [ -68.974320572309765, 47.65352749024926 ], [ -68.973723980373975, 47.658693587169282 ], [ -68.966803197116334, 47.660927300826998 ], [ -68.960479902033214, 47.657994607881776 ], [ -68.961077785654652, 47.652828636696697 ], [ -68.967997672732395, 47.650595232654837 ] ] ] } },
{ "type": "Feature", "properties": { "hex_id": 991037, "centroid_lon": -68.96560805369937, "centroid_lat": 47.671259327562176, "occurrences_today": 3, "datetimes_today": "2026-04-26 12:46:38, 2026-04-26 12:57:41, 2026-04-26 13:16:47", "cumulative_total": 5.0 }, "geometry": { "type": "Polygon", "coordinates": [ [ [ -68.966205708912398, 47.666093319375229 ], [ -68.972530296214117, 47.669025749969357 ], [ -68.971933203872439, 47.674191815845326 ], [ -68.965010231418361, 47.676425325385786 ], [ -68.958685248342732, 47.673492459205917 ], [ -68.959283633436172, 47.668326519138446 ], [ -68.966205708912398, 47.666093319375229 ] ] ] } },
{ "type": "Feature", "properties": { "hex_id": 991641, "centroid_lon": -68.970621246174105, "centroid_lat": 47.570171689026452, "occurrences_today": 3, "datetimes_today": "2026-04-26 12:46:38, 2026-04-26 12:57:41, 2026-04-26 13:16:47", "cumulative_total": 5.0 }, "geometry": { "type": "Polygon", "coordinates": [ [ [ -68.971216298108146, 47.565005541857275 ], [ -68.977529493200848, 47.567937197513956 ], [ -68.976935001122342, 47.573103402215203 ], [ -68.970026028138761, 47.575337825860004 ], [ -68.963712439321029, 47.5724057361018 ], [ -68.964308217153516, 47.567239656867159 ], [ -68.971216298108146, 47.565005541857275 ] ] ] } },
{ "type": "Feature", "properties": { "hex_id": 991642, "centroid_lon": -68.968835093530387, "centroid_lat": 47.585670068512052, "occurrences_today": 3, "datetimes_today": "2026-04-26 12:46:38, 2026-04-26 12:57:41, 2026-04-26 13:16:47", "cumulative_total": 5.0 }, "geometry": { "type": "Polygon", "coordinates": [ [ [ -68.969430643943667, 47.580503952355883 ], [ -68.975745519045233, 47.583435780642255 ], [ -68.975150528929831, 47.588601954363988 ], [ -68.96823937684043, 47.590836174326455 ], [ -68.961924107746896, 47.587903911704451 ], [ -68.962520384676239, 47.582737863522496 ], [ -68.969430643943667, 47.580503952355883 ] ] ] } },
{ "type": "Feature", "properties": { "hex_id": 991643, "centroid_lon": -68.967047444396471, "centroid_lat": 47.601168354921796, "occurrences_today": 3, "datetimes_today": "2026-04-26 12:46:38, 2026-04-26 12:57:41, 2026-04-26 13:16:47", "cumulative_total": 5.0 }, "geometry": { "type": "Polygon", "coordinates": [ [ [ -68.967643493815302, 47.596002269797054 ], [ -68.973960050253211, 47.59893427081365 ], [ -68.973364561575025, 47.604100413537523 ], [ -68.966451228525315, 47.606334429698663 ], [ -68.960134277828331, 47.603401994112161 ], [ -68.960731054381526, 47.598235977001323 ], [ -68.967643493815302, 47.596002269797054 ] ] ] } },
{ "type": "Feature", "properties": { "hex_id": 991644, "centroid_lon": -68.965258297191795, "centroid_lat": 47.616666548200484, "occurrences_today": 3, "datetimes_today": "2026-04-26 12:46:38, 2026-04-26 12:57:41, 2026-04-26 13:16:47", "cumulative_total": 5.0 }, "geometry": { "type": "Polygon", "coordinates": [ [ [ -68.965854846143301, 47.611500494125565 ], [ -68.972173085246297, 47.61443266797307 ], [ -68.97157709747863, 47.619598779680665 ], [ -68.96466158161212, 47.621832591921347 ], [ -68.958342947982771, 47.618899983269557 ], [ -68.958940224687638, 47.613733997248325 ], [ -68.965854846143301, 47.611500494125565 ] ] ] } },
{ "type": "Feature", "properties": { "hex_id": 991645, "centroid_lon": -68.963467650333556, "centroid_lat": 47.632164648292743, "occurrences_today": 3, "datetimes_today": "2026-04-26 12:46:38, 2026-04-26 12:57:41, 2026-04-26 13:16:47", "cumulative_total": 5.0 }, "geometry": { "type": "Polygon", "coordinates": [ [ [ -68.964064699345613, 47.626998625286127 ], [ -68.97038462244366, 47.629930972065289 ], [ -68.969788135059062, 47.635097052738196 ], [ -68.962870434517214, 47.637330660939163 ], [ -68.95655011662538, 47.634397879121167 ], [ -68.957147894010419, 47.629231924208035 ], [ -68.964064699345613, 47.626998625286127 ] ] ] } },
{ "type": "Feature", "properties": { "hex_id": 991646, "centroid_lon": -68.961675502236574, "centroid_lat": 47.647662655143193, "occurrences_today": 3, "datetimes_today": "2026-04-26 12:46:38, 2026-04-26 12:57:41, 2026-04-26 13:16:47", "cumulative_total": 5.0 }, "geometry": { "type": "Polygon", "coordinates": [ [ [ -68.962273051837812, 47.642496663223334 ], [ -68.968594660262156, 47.645429183035013 ], [ -68.967997672732395, 47.650595232654837 ], [ -68.961077785654652, 47.652828636696697 ], [ -68.954755782168931, 47.649895681611454 ], [ -68.955354060763497, 47.644729757824926 ], [ -68.962273051837812, 47.642496663223334 ] ] ] } },
{ "type": "Feature", "properties": { "hex_id": 991647, "centroid_lon": -68.959881851313355, "centroid_lat": 47.663160568696362, "occurrences_today": 3, "datetimes_today": "2026-04-26 12:46:38, 2026-04-26 12:57:41, 2026-04-26 13:16:47", "cumulative_total": 5.0 }, "geometry": { "type": "Polygon", "coordinates": [ [ [ -68.960479902033214, 47.657994607881776 ], [ -68.966803197116334, 47.660927300826998 ], [ -68.966205708912398, 47.666093319375229 ], [ -68.959283633436172, 47.668326519138446 ], [ -68.952959943023927, 47.665393390684812 ], [ -68.953558723358086, 47.660227498043469 ], [ -68.960479902033214, 47.657994607881776 ] ] ] } },
{ "type": "Feature", "properties": { "hex_id": 991648, "centroid_lon": -68.958086695974046, "centroid_lat": 47.678658388896757, "occurrences_today": 3, "datetimes_today": "2026-04-26 12:46:38, 2026-04-26 12:57:41, 2026-04-26 13:16:47", "cumulative_total": 5.0 }, "geometry": { "type": "Polygon", "coordinates": [ [ [ -68.958685248342732, 47.673492459205917 ], [ -68.965010231418361, 47.676425325385786 ], [ -68.964412242010482, 47.681591312843956 ], [ -68.957487976271153, 47.683824308208877 ], [ -68.951162597598469, 47.680891006285599 ], [ -68.951761880203136, 47.675725144807963 ], [ -68.958685248342732, 47.673492459205917 ] ] ] } },
{ "type": "Feature", "properties": { "hex_id": 992251, "centroid_lon": -68.964903828737334, "centroid_lat": 47.562073567285736, "occurrences_today": 3, "datetimes_today": "2026-04-26 12:46:38, 2026-04-26 12:57:41, 2026-04-26 13:16:47", "cumulative_total": 5.0 }, "geometry": { "type": "Polygon", "coordinates": [ [ [ -68.965499274130963, 47.556907467359558 ], [ -68.97181118399925, 47.559839384354532 ], [ -68.971216298108146, 47.565005541857275 ], [ -68.964308217153516, 47.567239656867159 ], [ -68.957995914002126, 47.564307305847549 ], [ -68.958592085030034, 47.559141273909525 ], [ -68.965499274130963, 47.556907467359558 ] ] ] } },
{ "type": "Feature", "properties": { "hex_id": 992252, "centroid_lon": -68.963116495181438, "centroid_lat": 47.577571804987599, "occurrences_today": 3, "datetimes_today": "2026-04-26 12:46:38, 2026-04-26 12:57:41, 2026-04-26 13:16:47", "cumulative_total": 5.0 }, "geometry": { "type": "Polygon", "coordinates": [ [ [ -68.963712439321029, 47.5724057361018 ], [ -68.970026028138761, 47.575337825860004 ], [ -68.969430643943667, 47.580503952355883 ], [ -68.962520384676239, 47.582737863522496 ], [ -68.956206402308894, 47.579805339505626 ], [ -68.956803072700083, 47.574639338647657 ], [ -68.963712439321029, 47.5724057361018 ] ] ] } },
{ "type": "Feature", "properties": { "hex_id": 992253, "centroid_lon": -68.96132766433486, "centroid_lat": 47.593069949531412, "occurrences_today": 3, "datetimes_today": "2026-04-26 12:46:38, 2026-04-26 12:57:41, 2026-04-26 13:16:47", "cumulative_total": 5.0 }, "geometry": { "type": "Polygon", "coordinates": [ [ [ -68.961924107746896, 47.587903911704451 ], [ -68.96823937684043, 47.590836174326455 ], [ -68.967643493815302, 47.596002269797054 ], [ -68.960731054381526, 47.598235977001323 ], [ -68.95441539147167, 47.59530327988648 ], [ -68.955012561753307, 47.590137310127083 ], [ -68.961924107746896, 47.587903911704451 ] ] ] } },
{ "type": "Feature", "properties": { "hex_id": 992254, "centroid_lon": -68.959537334616584, "centroid_lat": 47.608568000861851, "occurrences_today": 3, "datetimes_today": "2026-04-26 12:46:38, 2026-04-26 12:57:41, 2026-04-26 13:16:47", "cumulative_total": 5.0 }, "geometry": { "type": "Polygon", "coordinates": [ [ [ -68.960134277828331, 47.603401994112161 ], [ -68.966451228525315, 47.606334429698663 ], [ -68.965854846143301, 47.611500494125565 ], [ -68.958940224687638, 47.613733997248325 ], [ -68.952622879907437, 47.610801126934625 ], [ -68.95322055060744, 47.605635188292304 ], [ -68.960134277828331, 47.603401994112161 ] ] ] } },
{ "type": "Feature", "properties": { "hex_id": 992255, "centroid_lon": -68.957745504443281, "centroid_lat": 47.624065958923467, "occurrences_today": 3, "datetimes_today": "2026-04-26 12:46:38, 2026-04-26 12:57:41, 2026-04-26 13:16:47", "cumulative_total": 5.0 }, "geometry": { "type": "Polygon", "coordinates": [ [ [ -68.958342947982771, 47.618899983269557 ], [ -68.96466158161212, 47.621832591921347 ], [ -68.964064699345613, 47.626998625286127 ], [ -68.957147894010419, 47.629231924208035 ], [ -68.950828866030875, 47.626298880594547 ], [ -68.951427037677931, 47.621132973087796 ], [ -68.958342947982771, 47.618899983269557 ] ] ] } },
{ "type": "Feature", "properties": { "hex_id": 992256, "centroid_lon": -68.955952172229345, "centroid_lat": 47.639563823660808, "occurrences_today": 3, "datetimes_today": "2026-04-26 12:46:38, 2026-04-26 12:57:41, 2026-04-26 13:16:47", "cumulative_total": 5.0 }, "geometry": { "type": "Polygon", "coordinates": [ [ [ -68.95655011662538, 47.634397879121167 ], [ -68.962870434517214, 47.637330660939163 ], [ -68.962273051837812, 47.642496663223334 ], [ -68.955354060763497, 47.644729757824926 ], [ -68.949033348254261, 47.641796540810596 ], [ -68.949632021377894, 47.636630664457982 ], [ -68.95655011662538, 47.634397879121167 ] ] ] } },
{ "type": "Feature", "properties": { "hex_id": 992257, "centroid_lon": -68.954157336386771, "centroid_lat": 47.65506159501831, "occurrences_today": 3, "datetimes_today": "2026-04-26 12:46:38, 2026-04-26 12:57:41, 2026-04-26 13:16:47", "cumulative_total": 5.0 }, "geometry": { "type": "Polygon", "coordinates": [ [ [ -68.954755782168931, 47.649895681611454 ], [ -68.961077785654652, 47.652828636696697 ], [ -68.960479902033214, 47.657994607881776 ], [ -68.953558723358086, 47.660227498043469 ], [ -68.947236324987657, 47.657294107527079 ], [ -68.947835500118117, 47.65212826234719 ], [ -68.954755782168931, 47.649895681611454 ] ] ] } },
{ "type": "Feature", "properties": { "hex_id": 992258, "centroid_lon": -68.952360995325279, "centroid_lat": 47.670559272940345, "occurrences_today": 3, "datetimes_today": "2026-04-26 12:46:38, 2026-04-26 12:57:41, 2026-04-26 13:16:47", "cumulative_total": 5.0 }, "geometry": { "type": "Polygon", "coordinates": [ [ [ -68.952959943023927, 47.665393390684812 ], [ -68.959283633436172, 47.668326519138446 ], [ -68.958685248342732, 47.673492459205917 ], [ -68.951761880203136, 47.675725144807963 ], [ -68.945437794638678, 47.672791580688248 ], [ -68.946037472306998, 47.667625766699665 ], [ -68.952959943023927, 47.665393390684812 ] ] ] } },
{ "type": "Feature", "properties": { "hex_id": 992260, "centroid_lon": -68.948763791172539, "centroid_lat": 47.701554348255137, "occurrences_today": 3, "datetimes_today": "2026-04-26 12:46:38, 2026-04-26 12:57:41, 2026-04-26 13:16:47", "cumulative_total": 5.0 }, "geometry": { "type": "Polygon", "coordinates": [ [ [ -68.949363744298367, 47.69638852835805 ], [ -68.955690812566644, 47.699322003852323 ], [ -68.955091422936263, 47.704487881628957 ], [ -68.948163670268499, 47.706720157751924 ], [ -68.941836206312587, 47.703786246121233 ], [ -68.942436890652857, 47.698620494571159 ], [ -68.949363744298367, 47.69638852835805 ] ] ] } },
{ "type": "Feature", "properties": { "hex_id": 992862, "centroid_lon": -68.957399576578311, "centroid_lat": 47.569473327427609, "occurrences_today": 3, "datetimes_today": "2026-04-26 12:46:38, 2026-04-26 12:57:41, 2026-04-26 13:16:47", "cumulative_total": 5.0 }, "geometry": { "type": "Polygon", "coordinates": [ [ [ -68.957995914002126, 47.564307305847549 ], [ -68.964308217153516, 47.567239656867159 ], [ -68.963712439321029, 47.5724057361018 ], [ -68.956803072700083, 47.574639338647657 ], [ -68.950490376441039, 47.571706553446369 ], [ -68.951087439852088, 47.566540599947729 ], [ -68.957995914002126, 47.564307305847549 ] ] ] } },
{ "type": "Feature", "properties": { "hex_id": 992863, "centroid_lon": -68.955609565346165, "centroid_lat": 47.584971329999433, "occurrences_today": 3, "datetimes_today": "2026-04-26 12:46:38, 2026-04-26 12:57:41, 2026-04-26 13:16:47", "cumulative_total": 5.0 }, "geometry": { "type": "Polygon", "coordinates": [ [ [ -68.956206402308894, 47.579805339505626 ], [ -68.962520384676239, 47.582737863522496 ], [ -68.961924107746896, 47.587903911704451 ], [ -68.955012561753307, 47.590137310127083 ], [ -68.94869818601201, 47.587204351694396 ], [ -68.949295749579633, 47.582038429321763 ], [ -68.956206402308894, 47.579805339505626 ] ] ] } },
{ "type": "Feature", "properties": { "hex_id": 992864, "centroid_lon": -68.953818054442621, "centroid_lat": 47.600469239275562, "occurrences_today": 3, "datetimes_today": "2026-04-26 12:46:38, 2026-04-26 12:57:41, 2026-04-26 13:16:47", "cumulative_total": 5.0 }, "geometry": { "type": "Polygon", "coordinates": [ [ [ -68.95441539147167, 47.59530327988648 ], [ -68.960731054381526, 47.598235977001323 ], [ -68.960134277828331, 47.603401994112161 ], [ -68.95322055060744, 47.605635188292304 ], [ -68.946904494057193, 47.602702056527335 ], [ -68.947502558309509, 47.597536165299232 ], [ -68.95441539147167, 47.59530327988648 ] ] ] } },
{ "type": "Feature", "properties": { "hex_id": 992865, "centroid_lon": -68.952025042283864, "centroid_lat": 47.615967055200485, "occurrences_today": 3, "datetimes_today": "2026-04-26 12:46:38, 2026-04-26 12:57:41, 2026-04-26 13:16:47", "cumulative_total": 5.0 }, "geometry": { "type": "Polygon", "coordinates": [ [ [ -68.952622879907437, 47.610801126934625 ], [ -68.958940224687638, 47.613733997248325 ], [ -68.958342947982771, 47.618899983269557 ], [ -68.951427037677931, 47.621132973087796 ], [ -68.945109298990772, 47.618199667889584 ], [ -68.945707864456622, 47.613033807824579 ], [ -68.952622879907437, 47.610801126934625 ] ] ] } },
{ "type": "Feature", "properties": { "hex_id": 992866, "centroid_lon": -68.950230527283807, "centroid_lat": 47.63146477771862, "occurrences_today": 3, "datetimes_today": "2026-04-26 12:46:38, 2026-04-26 12:57:41, 2026-04-26 13:16:47", "cumulative_total": 5.0 }, "geometry": { "type": "Polygon", "coordinates": [ [ [ -68.950828866030875, 47.626298880594547 ], [ -68.957147894010419, 47.629231924208035 ], [ -68.95655011662538, 47.634397879121167 ], [ -68.949632021377894, 47.636630664457982 ], [ -68.943312599224612, 47.63369718572541 ], [ -68.943911666433664, 47.628531356842068 ], [ -68.950828866030875, 47.626298880594547 ] ] ] } },
{ "type": "Feature", "properties": { "hex_id": 992867, "centroid_lon": -68.948434507853989, "centroid_lat": 47.646962406774342, "occurrences_today": 3, "datetimes_today": "2026-04-26 12:46:38, 2026-04-26 12:57:41, 2026-04-26 13:16:47", "cumulative_total": 5.0 }, "geometry": { "type": "Polygon", "coordinates": [ [ [ -68.949033348254261, 47.641796540810596 ], [ -68.955354060763497, 47.644729757824926 ], [ -68.954755782168931, 47.649895681611454 ], [ -68.947835500118117, 47.65212826234719 ], [ -68.941514393168248, 47.649194609979034 ], [ -68.942113962650879, 47.644028812295957 ], [ -68.949033348254261, 47.641796540810596 ] ] ] } },
{ "type": "Feature", "properties": { "hex_id": 992868, "centroid_lon": -68.946636982403646, "centroid_lat": 47.662459942311919, "occurrences_today": 3, "datetimes_today": "2026-04-26 12:46:38, 2026-04-26 12:57:41, 2026-04-26 13:16:47", "cumulative_total": 5.0 }, "geometry": { "type": "Polygon", "coordinates": [ [ [ -68.947236324987657, 47.657294107527079 ], [ -68.953558723358086, 47.660227498043469 ], [ -68.952959943023927, 47.665393390684812 ], [ -68.946037472306998, 47.667625766699665 ], [ -68.939714679228842, 47.664691940594601 ], [ -68.940314751516283, 47.659526174130427 ], [ -68.947236324987657, 47.657294107527079 ] ] ] } },
{ "type": "Feature", "properties": { "hex_id": 992869, "centroid_lon": -68.944837949339629, "centroid_lat": 47.677957384275587, "occurrences_today": 3, "datetimes_today": "2026-04-26 12:46:38, 2026-04-26 12:57:41, 2026-04-26 13:16:47", "cumulative_total": 5.0 }, "geometry": { "type": "Polygon", "coordinates": [ [ [ -68.945437794638678, 47.672791580688248 ], [ -68.951761880203136, 47.675725144807963 ], [ -68.951162597598469, 47.680891006285599 ], [ -68.94423793635066, 47.683123177459628 ], [ -68.937913455811255, 47.680189177516191 ], [ -68.938514031435474, 47.675023442289572 ], [ -68.945437794638678, 47.672791580688248 ] ] ] } },
{ "type": "Feature", "properties": { "hex_id": 992870, "centroid_lon": -68.94303740706647, "centroid_lat": 47.693454732609482, "occurrences_today": 3, "datetimes_today": "2026-04-26 12:46:38, 2026-04-26 12:57:41, 2026-04-26 13:16:47", "cumulative_total": 5.0 }, "geometry": { "type": "Polygon", "coordinates": [ [ [ -68.94363775561267, 47.688288960238282 ], [ -68.949963529705201, 47.69122269806271 ], [ -68.949363744298367, 47.69638852835805 ], [ -68.942436890652857, 47.698620494571159 ], [ -68.936110721317988, 47.695686320687834 ], [ -68.93671180081175, 47.690520616717407 ], [ -68.94363775561267, 47.688288960238282 ] ] ] } },
{ "type": "Feature", "properties": { "hex_id": 993472, "centroid_lon": -68.951684336661458, "centroid_lat": 47.561374636077893, "occurrences_today": 3, "datetimes_today": "2026-04-26 12:46:38, 2026-04-26 12:57:41, 2026-04-26 13:16:47", "cumulative_total": 5.0 }, "geometry": { "type": "Polygon", "coordinates": [ [ [ -68.952281066927767, 47.556208661838859 ], [ -68.958592085030034, 47.559141273909525 ], [ -68.957995914002126, 47.564307305847549 ], [ -68.951087439852088, 47.566540599947729 ], [ -68.944776029083783, 47.56360755377235 ], [ -68.94537348507302, 47.558441647668339 ], [ -68.952281066927767, 47.556208661838859 ] ] ] } },
{ "type": "Feature", "properties": { "hex_id": 993473, "centroid_lon": -68.949893146369774, "centroid_lat": 47.576872496571738, "occurrences_today": 3, "datetimes_today": "2026-04-26 12:46:38, 2026-04-26 12:57:41, 2026-04-26 13:16:47", "cumulative_total": 5.0 }, "geometry": { "type": "Polygon", "coordinates": [ [ [ -68.950490376441039, 47.571706553446369 ], [ -68.956803072700083, 47.574639338647657 ], [ -68.956206402308894, 47.579805339505626 ], [ -68.949295749579633, 47.582038429321763 ], [ -68.942982660388694, 47.579105209781687 ], [ -68.943580616800276, 47.573939334831095 ], [ -68.950490376441039, 47.571706553446369 ] ] ] } },
{ "type": "Feature", "properties": { "hex_id": 993474, "centroid_lon": -68.948100455608198, "centroid_lat": 47.592370263687563, "occurrences_today": 3, "datetimes_today": "2026-04-26 12:46:38, 2026-04-26 12:57:41, 2026-04-26 13:16:47", "cumulative_total": 5.0 }, "geometry": { "type": "Polygon", "coordinates": [ [ [ -68.94869818601201, 47.587204351694396 ], [ -68.955012561753307, 47.590137310127083 ], [ -68.95441539147167, 47.59530327988648 ], [ -68.947502558309509, 47.597536165299232 ], [ -68.941187789370289, 47.59460277229357 ], [ -68.941786246732434, 47.589436928514992 ], [ -68.94869818601201, 47.587204351694396 ] ] ] } },
{ "type": "Feature", "properties": { "hex_id": 993475, "centroid_lon": -68.946306262792504, "centroid_lat": 47.607867937369797, "occurrences_today": 3, "datetimes_today": "2026-04-26 12:46:38, 2026-04-26 12:57:41, 2026-04-26 13:16:47", "cumulative_total": 5.0 }, "geometry": { "type": "Polygon", "coordinates": [ [ [ -68.946904494057193, 47.602702056527335 ], [ -68.95322055060744, 47.605635188292304 ], [ -68.952622879907437, 47.610801126934625 ], [ -68.945707864456622, 47.613033807824579 ], [ -68.939391414442269, 47.610100241252262 ], [ -68.939990373284019, 47.604934428664272 ], [ -68.946904494057193, 47.602702056527335 ] ] ] } },
{ "type": "Feature", "properties": { "hex_id": 993476, "centroid_lon": -68.944510566336078, "centroid_lat": 47.623365517562767, "occurrences_today": 3, "datetimes_today": "2026-04-26 12:46:38, 2026-04-26 12:57:41, 2026-04-26 13:16:47", "cumulative_total": 5.0 }, "geometry": { "type": "Polygon", "coordinates": [ [ [ -68.945109298990772, 47.618199667889584 ], [ -68.951427037677931, 47.621132973087796 ], [ -68.950828866030875, 47.626298880594547 ], [ -68.943911666433664, 47.628531356842068 ], [ -68.937593534016031, 47.625597616601986 ], [ -68.938192994867194, 47.620431835223187 ], [ -68.945109298990772, 47.618199667889584 ] ] ] } },
{ "type": "Feature", "properties": { "hex_id": 993477, "centroid_lon": -68.942713364650004, "centroid_lat": 47.63886300421072, "occurrences_today": 3, "datetimes_today": "2026-04-26 12:46:38, 2026-04-26 12:57:41, 2026-04-26 13:16:47", "cumulative_total": 5.0 }, "geometry": { "type": "Polygon", "coordinates": [ [ [ -68.943312599224612, 47.63369718572541 ], [ -68.949632021377894, 47.636630664457982 ], [ -68.949033348254261, 47.641796540810596 ], [ -68.942113962650879, 47.644028812295957 ], [ -68.935794146500641, 47.641094898286852 ], [ -68.936394109891765, 47.635929148135887 ], [ -68.943312599224612, 47.63369718572541 ] ] ] } },
{ "type": "Feature", "properties": { "hex_id": 993478, "centroid_lon": -68.940914656143065, "centroid_lat": 47.654360397257868, "occurrences_today": 3, "datetimes_today": "2026-04-26 12:46:38, 2026-04-26 12:57:41, 2026-04-26 13:16:47", "cumulative_total": 5.0 }, "geometry": { "type": "Polygon", "coordinates": [ [ [ -68.941514393168248, 47.649194609979034 ], [ -68.947835500118117, 47.65212826234719 ], [ -68.947236324987657, 47.657294107527079 ], [ -68.940314751516283, 47.659526174130427 ], [ -68.933993250302805, 47.656592086250924 ], [ -68.934593716765249, 47.651426367346438 ], [ -68.941514393168248, 47.649194609979034 ] ] ] } },
{ "type": "Feature", "properties": { "hex_id": 993479, "centroid_lon": -68.939114439221626, "centroid_lat": 47.669857696648343, "occurrences_today": 3, "datetimes_today": "2026-04-26 12:46:38, 2026-04-26 12:57:41, 2026-04-26 13:16:47", "cumulative_total": 5.0 }, "geometry": { "type": "Polygon", "coordinates": [ [ [ -68.939714679228842, 47.664691940594601 ], [ -68.946037472306998, 47.667625766699665 ], [ -68.945437794638678, 47.672791580688248 ], [ -68.938514031435474, 47.675023442289572 ], [ -68.932190843826902, 47.672089180438192 ], [ -68.932791813892806, 47.666923492798873 ], [ -68.939714679228842, 47.664691940594601 ] ] ] } },
{ "type": "Feature", "properties": { "hex_id": 993480, "centroid_lon": -68.937312712289753, "centroid_lat": 47.685354902326175, "occurrences_today": 3, "datetimes_today": "2026-04-26 12:46:38, 2026-04-26 12:57:41, 2026-04-26 13:16:47", "cumulative_total": 5.0 }, "geometry": { "type": "Polygon", "coordinates": [ [ [ -68.937913455811255, 47.680189177516191 ], [ -68.94423793635066, 47.683123177459628 ], [ -68.94363775561267, 47.688288960238282 ], [ -68.93671180081175, 47.690520616717407 ], [ -68.930386925474949, 47.687586180792586 ], [ -68.930988399677233, 47.682420524437134 ], [ -68.937913455811255, 47.680189177516191 ] ] ] } },
{ "type": "Feature", "properties": { "hex_id": 993481, "centroid_lon": -68.935509473749178, "centroid_lat": 47.700852014235352, "occurrences_today": 3, "datetimes_today": "2026-04-26 12:46:38, 2026-04-26 12:57:41, 2026-04-26 13:16:47", "cumulative_total": 5.0 }, "geometry": { "type": "Polygon", "coordinates": [ [ [ -68.936110721317988, 47.695686320687834 ], [ -68.942436890652857, 47.698620494571159 ], [ -68.941836206312587, 47.703786246121233 ], [ -68.934908058046034, 47.706017697357908 ], [ -68.928581493646647, 47.703083087257909 ], [ -68.929183472519, 47.697917462205062 ], [ -68.936110721317988, 47.695686320687834 ] ] ] } },
{ "type": "Feature", "properties": { "hex_id": 994083, "centroid_lon": -68.944178406345756, "centroid_lat": 47.568773449493953, "occurrences_today": 3, "datetimes_today": "2026-04-26 12:46:38, 2026-04-26 12:57:41, 2026-04-26 13:16:47", "cumulative_total": 5.0 }, "geometry": { "type": "Polygon", "coordinates": [ [ [ -68.944776029083783, 47.56360755377235 ], [ -68.951087439852088, 47.566540599947729 ], [ -68.950490376441039, 47.571706553446369 ], [ -68.943580616800276, 47.573939334831095 ], [ -68.937268813541735, 47.571005854394002 ], [ -68.937867162355559, 47.565840026900716 ], [ -68.944776029083783, 47.56360755377235 ] ] ] } },
{ "type": "Feature", "properties": { "hex_id": 994084, "centroid_lon": -68.94238453705232, "centroid_lat": 47.584271074343675, "occurrences_today": 3, "datetimes_today": "2026-04-26 12:46:38, 2026-04-26 12:57:41, 2026-04-26 13:16:47", "cumulative_total": 5.0 }, "geometry": { "type": "Polygon", "coordinates": [ [ [ -68.942982660388694, 47.579105209781687 ], [ -68.949295749579633, 47.582038429321763 ], [ -68.94869818601201, 47.587204351694396 ], [ -68.941786246732434, 47.589436928514992 ], [ -68.935472764785644, 47.586503274479064 ], [ -68.936071614815518, 47.581337478185247 ], [ -68.942982660388694, 47.579105209781687 ] ] ] } },
{ "type": "Feature", "properties": { "hex_id": 994085, "centroid_lon": -68.940589164907081, "centroid_lat": 47.59976860567734, "occurrences_today": 3, "datetimes_today": "2026-04-26 12:46:38, 2026-04-26 12:57:41, 2026-04-26 13:16:47", "cumulative_total": 5.0 }, "geometry": { "type": "Polygon", "coordinates": [ [ [ -68.941187789370289, 47.59460277229357 ], [ -68.947502558309509, 47.597536165299232 ], [ -68.946904494057193, 47.602702056527335 ], [ -68.939990373284019, 47.604934428664272 ], [ -68.933675211323177, 47.602000600928449 ], [ -68.934274563098299, 47.596834835852718 ], [ -68.941187789370289, 47.59460277229357 ] ] ] } },
{ "type": "Feature", "properties": { "hex_id": 994086, "centroid_lon": -68.938792288322944, "centroid_lat": 47.615266043439263, "occurrences_today": 3, "datetimes_today": "2026-04-26 12:46:38, 2026-04-26 12:57:41, 2026-04-26 13:16:47", "cumulative_total": 5.0 }, "geometry": { "type": "Polygon", "coordinates": [ [ [ -68.939391414442269, 47.610100241252262 ], [ -68.945707864456622, 47.613033807824579 ], [ -68.945109298990772, 47.618199667889584 ], [ -68.938192994867194, 47.620431835223187 ], [ -68.931876151565277, 47.617497833686279 ], [ -68.932476005615584, 47.612332099847293 ], [ -68.939391414442269, 47.610100241252262 ] ] ] } },
{ "type": "Feature", "properties": { "hex_id": 994087, "centroid_lon": -68.936993905710551, "centroid_lat": 47.630763387573573, "occurrences_today": 3, "datetimes_today": "2026-04-26 12:46:38, 2026-04-26 12:57:41, 2026-04-26 13:16:47", "cumulative_total": 5.0 }, "geometry": { "type": "Polygon", "coordinates": [ [ [ -68.937593534016031, 47.625597616601986 ], [ -68.943911666433664, 47.628531356842068 ], [ -68.943312599224612, 47.63369718572541 ], [ -68.936394109891765, 47.635929148135887 ], [ -68.930075583920512, 47.632994972696608 ], [ -68.930675940776752, 47.627829270113018 ], [ -68.937593534016031, 47.625597616601986 ] ] ] } },
{ "type": "Feature", "properties": { "hex_id": 994088, "centroid_lon": -68.93519401547816, "centroid_lat": 47.646260638024401, "occurrences_today": 3, "datetimes_today": "2026-04-26 12:46:38, 2026-04-26 12:57:41, 2026-04-26 13:16:47", "cumulative_total": 5.0 }, "geometry": { "type": "Polygon", "coordinates": [ [ [ -68.935794146500641, 47.641094898286852 ], [ -68.942113962650879, 47.644028812295957 ], [ -68.941514393168248, 47.649194609979034 ], [ -68.934593716765249, 47.651426367346438 ], [ -68.928273506795151, 47.648492017903401 ], [ -68.928874366988808, 47.643326346593874 ], [ -68.935794146500641, 47.641094898286852 ] ] ] } },
{ "type": "Feature", "properties": { "hex_id": 994089, "centroid_lon": -68.933392616031711, "centroid_lat": 47.661757794735749, "occurrences_today": 3, "datetimes_today": "2026-04-26 12:46:38, 2026-04-26 12:57:41, 2026-04-26 13:16:47", "cumulative_total": 5.0 }, "geometry": { "type": "Polygon", "coordinates": [ [ [ -68.933993250302805, 47.656592086250924 ], [ -68.940314751516283, 47.659526174130427 ], [ -68.939714679228842, 47.664691940594601 ], [ -68.932791813892806, 47.666923492798873 ], [ -68.926469918593071, 47.663988969250539 ], [ -68.927071282656456, 47.658823329233826 ], [ -68.933993250302805, 47.656592086250924 ] ] ] } },
{ "type": "Feature", "properties": { "hex_id": 994090, "centroid_lon": -68.931589705774783, "centroid_lat": 47.67725485765164, "occurrences_today": 3, "datetimes_today": "2026-04-26 12:46:38, 2026-04-26 12:57:41, 2026-04-26 13:16:47", "cumulative_total": 5.0 }, "geometry": { "type": "Polygon", "coordinates": [ [ [ -68.932190843826902, 47.672089180438192 ], [ -68.938514031435474, 47.675023442289572 ], [ -68.937913455811255, 47.680189177516191 ], [ -68.930988399677233, 47.682420524437134 ], [ -68.924664817715851, 47.679485826681876 ], [ -68.925266686182042, 47.674320217976671 ], [ -68.932190843826902, 47.672089180438192 ] ] ] } },
{ "type": "Feature", "properties": { "hex_id": 994091, "centroid_lon": -68.929785283108657, "centroid_lat": 47.69275182671592, "occurrences_today": 3, "datetimes_today": "2026-04-26 12:46:38, 2026-04-26 12:57:41, 2026-04-26 13:16:47", "cumulative_total": 5.0 }, "geometry": { "type": "Polygon", "coordinates": [ [ [ -68.930386925474949, 47.687586180792586 ], [ -68.93671180081175, 47.690520616717407 ], [ -68.936110721317988, 47.695686320687834 ], [ -68.929183472519, 47.697917462205062 ], [ -68.922858202562693, 47.694982590141151 ], [ -68.923460575965535, 47.689817012766213 ], [ -68.930386925474949, 47.687586180792586 ] ] ] } },
{ "type": "Feature", "properties": { "hex_id": 994694, "centroid_lon": -68.936670297714642, "centroid_lat": 47.576171671489547, "occurrences_today": 3, "datetimes_today": "2026-04-26 12:46:38, 2026-04-26 12:57:41, 2026-04-26 13:16:47", "cumulative_total": 5.0 }, "geometry": { "type": "Polygon", "coordinates": [ [ [ -68.937268813541735, 47.571005854394002 ], [ -68.943580616800276, 47.573939334831095 ], [ -68.942982660388694, 47.579105209781687 ], [ -68.936071614815518, 47.581337478185247 ], [ -68.929759419242842, 47.578403563329417 ], [ -68.93035866149873, 47.573237814555597 ], [ -68.937268813541735, 47.571005854394002 ] ] ] } },
{ "type": "Feature", "properties": { "hex_id": 994695, "centroid_lon": -68.934873747566172, "centroid_lat": 47.591669060368901, "occurrences_today": 3, "datetimes_today": "2026-04-26 12:46:38, 2026-04-26 12:57:41, 2026-04-26 13:16:47", "cumulative_total": 5.0 }, "geometry": { "type": "Polygon", "coordinates": [ [ [ -68.935472764785644, 47.586503274479064 ], [ -68.941786246732434, 47.589436928514992 ], [ -68.941187789370289, 47.59460277229357 ], [ -68.934274563098299, 47.596834835852718 ], [ -68.927960688572014, 47.593900747163829 ], [ -68.928560432838353, 47.588735029635608 ], [ -68.935472764785644, 47.586503274479064 ] ] ] } },
{ "type": "Feature", "properties": { "hex_id": 994696, "centroid_lon": -68.933075692181916, "centroid_lat": 47.607166355593989, "occurrences_today": 3, "datetimes_today": "2026-04-26 12:46:38, 2026-04-26 12:57:41, 2026-04-26 13:16:47", "cumulative_total": 5.0 }, "geometry": { "type": "Polygon", "coordinates": [ [ [ -68.933675211323177, 47.602000600928449 ], [ -68.939990373284019, 47.604934428664272 ], [ -68.939391414442269, 47.610100241252262 ], [ -68.932476005615584, 47.612332099847293 ], [ -68.926160450809746, 47.609397837224108 ], [ -68.926760697616658, 47.604232150960158 ], [ -68.933675211323177, 47.602000600928449 ] ] ] } },
{ "type": "Feature", "properties": { "hex_id": 994697, "centroid_lon": -68.931276129971991, "centroid_lat": 47.622663557108872, "occurrences_today": 3, "datetimes_today": "2026-04-26 12:46:38, 2026-04-26 12:57:41, 2026-04-26 13:16:47", "cumulative_total": 5.0 }, "geometry": { "type": "Polygon", "coordinates": [ [ [ -68.931876151565277, 47.617497833686279 ], [ -68.938192994867194, 47.620431835223187 ], [ -68.937593534016031, 47.625597616601986 ], [ -68.930675940776752, 47.627829270113018 ], [ -68.924358704364167, 47.624894833454221 ], [ -68.92495945424254, 47.619729178473222 ], [ -68.931876151565277, 47.617497833686279 ] ] ] } },
{ "type": "Feature", "properties": { "hex_id": 994698, "centroid_lon": -68.929475059344242, "centroid_lat": 47.638160664857587, "occurrences_today": 3, "datetimes_today": "2026-04-26 12:46:38, 2026-04-26 12:57:41, 2026-04-26 13:16:47", "cumulative_total": 5.0 }, "geometry": { "type": "Polygon", "coordinates": [ [ [ -68.930075583920512, 47.632994972696608 ], [ -68.936394109891765, 47.635929148135887 ], [ -68.935794146500641, 47.641094898286852 ], [ -68.928874366988808, 47.643326346593874 ], [ -68.922555447641074, 47.64039173579804 ], [ -68.923156701122565, 47.635226112118708 ], [ -68.930075583920512, 47.632994972696608 ] ] ] } },
{ "type": "Feature", "properties": { "hex_id": 994699, "centroid_lon": -68.927672478704082, "centroid_lat": 47.653657678784072, "occurrences_today": 3, "datetimes_today": "2026-04-26 12:46:38, 2026-04-26 12:57:41, 2026-04-26 13:16:47", "cumulative_total": 5.0 }, "geometry": { "type": "Polygon", "coordinates": [ [ [ -68.928273506795151, 47.648492017903401 ], [ -68.934593716765249, 47.651426367346438 ], [ -68.933993250302805, 47.656592086250924 ], [ -68.927071282656456, 47.658823329233826 ], [ -68.920750679043891, 47.655888544199378 ], [ -68.921352436660953, 47.650722951840457 ], [ -68.928273506795151, 47.648492017903401 ] ] ] } },
{ "type": "Feature", "properties": { "hex_id": 994700, "centroid_lon": -68.925868386454681, "centroid_lat": 47.669154598832193, "occurrences_today": 3, "datetimes_today": "2026-04-26 12:46:38, 2026-04-26 12:57:41, 2026-04-26 13:16:47", "cumulative_total": 5.0 }, "geometry": { "type": "Polygon", "coordinates": [ [ [ -68.926469918593071, 47.663988969250539 ], [ -68.932791813892806, 47.666923492798873 ], [ -68.932190843826902, 47.672089180438192 ], [ -68.925266686182042, 47.674320217976671 ], [ -68.918944396973714, 47.671385258601958 ], [ -68.919546659259566, 47.6662196975822 ], [ -68.926469918593071, 47.663988969250539 ] ] ] } },
{ "type": "Feature", "properties": { "hex_id": 994701, "centroid_lon": -68.924062780996792, "centroid_lat": 47.684651424945756, "occurrences_today": 3, "datetimes_today": "2026-04-26 12:46:38, 2026-04-26 12:57:41, 2026-04-26 13:16:47", "cumulative_total": 5.0 }, "geometry": { "type": "Polygon", "coordinates": [ [ [ -68.924664817715851, 47.679485826681876 ], [ -68.930988399677233, 47.682420524437134 ], [ -68.930386925474949, 47.687586180792586 ], [ -68.923460575965535, 47.689817012766213 ], [ -68.917136599829263, 47.686881878949457 ], [ -68.917739367317935, 47.681716349287669 ], [ -68.924664817715851, 47.679485826681876 ] ] ] } },
{ "type": "Feature", "properties": { "hex_id": 994702, "centroid_lon": -68.922255660728865, "centroid_lat": 47.70014815706849, "occurrences_today": 3, "datetimes_today": "2026-04-26 12:46:38, 2026-04-26 12:57:41, 2026-04-26 13:16:47", "cumulative_total": 5.0 }, "geometry": { "type": "Polygon", "coordinates": [ [ [ -68.922858202562693, 47.694982590141151 ], [ -68.929183472519, 47.697917462205062 ], [ -68.928581493646647, 47.703083087257909 ], [ -68.921652950404592, 47.705313713546161 ], [ -68.915327286006956, 47.702378405185456 ], [ -68.915930559233246, 47.697212906900454 ], [ -68.922858202562693, 47.694982590141151 ] ] ] } },
{ "type": "Feature", "properties": { "hex_id": 995304, "centroid_lon": -68.930957736535461, "centroid_lat": 47.56807205537072, "occurrences_today": 3, "datetimes_today": "2026-04-26 12:46:38, 2026-04-26 12:57:41, 2026-04-26 13:16:47", "cumulative_total": 5.0 }, "geometry": { "type": "Polygon", "coordinates": [ [ [ -68.931556644411828, 47.562906285776862 ], [ -68.937867162355559, 47.565840026900716 ], [ -68.937268813541735, 47.571005854394002 ], [ -68.93035866149873, 47.573237814555597 ], [ -68.924047751682195, 47.570303639090135 ], [ -68.924647385722693, 47.565137937871498 ], [ -68.931556644411828, 47.562906285776862 ] ] ] } },
{ "type": "Feature", "properties": { "hex_id": 995305, "centroid_lon": -68.929160009709008, "centroid_lat": 47.583569301690112, "occurrences_today": 3, "datetimes_today": "2026-04-26 12:46:38, 2026-04-26 12:57:41, 2026-04-26 13:16:47", "cumulative_total": 5.0 }, "geometry": { "type": "Polygon", "coordinates": [ [ [ -68.929759419242842, 47.578403563329417 ], [ -68.936071614815518, 47.581337478185247 ], [ -68.935472764785644, 47.586503274479064 ], [ -68.928560432838353, 47.588735029635608 ], [ -68.922247845127956, 47.585800680204017 ], [ -68.922847981443724, 47.58063501025849 ], [ -68.929759419242842, 47.578403563329417 ] ] ] } },
{ "type": "Feature", "properties": { "hex_id": 995306, "centroid_lon": -68.927360776851089, "centroid_lat": 47.599066454272695, "occurrences_today": 3, "datetimes_today": "2026-04-26 12:46:38, 2026-04-26 12:57:41, 2026-04-26 13:16:47", "cumulative_total": 5.0 }, "geometry": { "type": "Polygon", "coordinates": [ [ [ -68.927960688572014, 47.593900747163829 ], [ -68.934274563098299, 47.596834835852718 ], [ -68.933675211323177, 47.602000600928449 ], [ -68.926760697616658, 47.604232150960158 ], [ -68.920446430687548, 47.601297627461172 ], [ -68.921047069808836, 47.596131988807436 ], [ -68.927960688572014, 47.593900747163829 ] ] ] } },
{ "type": "Feature", "properties": { "hex_id": 995307, "centroid_lon": -68.92556003637138, "centroid_lat": 47.614563513062492, "occurrences_today": 3, "datetimes_today": "2026-04-26 12:46:38, 2026-04-26 12:57:41, 2026-04-26 13:16:47", "cumulative_total": 5.0 }, "geometry": { "type": "Polygon", "coordinates": [ [ [ -68.926160450809746, 47.609397837224108 ], [ -68.932476005615584, 47.612332099847293 ], [ -68.931876151565277, 47.617497833686279 ], [ -68.92495945424254, 47.619729178473222 ], [ -68.918643506768632, 47.616794480805495 ], [ -68.919244649226499, 47.61162887346228 ], [ -68.926160450809746, 47.609397837224108 ] ] ] } },
{ "type": "Feature", "properties": { "hex_id": 995308, "centroid_lon": -68.923757786677214, "centroid_lat": 47.630060478003408, "occurrences_today": 3, "datetimes_today": "2026-04-26 12:46:38, 2026-04-26 12:57:41, 2026-04-26 13:16:47", "cumulative_total": 5.0 }, "geometry": { "type": "Polygon", "coordinates": [ [ [ -68.924358704364167, 47.624894833454221 ], [ -68.930675940776752, 47.627829270113018 ], [ -68.930075583920512, 47.632994972696608 ], [ -68.923156701122565, 47.635226112118708 ], [ -68.916839071776522, 47.632291240180763 ], [ -68.917440718102782, 47.627125664166826 ], [ -68.924358704364167, 47.624894833454221 ] ] ] } },
{ "type": "Feature", "properties": { "hex_id": 995309, "centroid_lon": -68.921954026173609, "centroid_lat": 47.645557349039315, "occurrences_today": 3, "datetimes_today": "2026-04-26 12:46:38, 2026-04-26 12:57:41, 2026-04-26 13:16:47", "cumulative_total": 5.0 }, "geometry": { "type": "Polygon", "coordinates": [ [ [ -68.922555447641074, 47.64039173579804 ], [ -68.928874366988808, 47.643326346593874 ], [ -68.928273506795151, 47.648492017903401 ], [ -68.921352436660953, 47.650722951840457 ], [ -68.915033124114188, 47.647787905530691 ], [ -68.915635274841449, 47.642622360864785 ], [ -68.922555447641074, 47.64039173579804 ] ] ] } },
{ "type": "Feature", "properties": { "hex_id": 995310, "centroid_lon": -68.920148753263192, "centroid_lat": 47.661054126113982, "occurrences_today": 3, "datetimes_today": "2026-04-26 12:46:38, 2026-04-26 12:57:41, 2026-04-26 13:16:47", "cumulative_total": 5.0 }, "geometry": { "type": "Polygon", "coordinates": [ [ [ -68.920750679043891, 47.655888544199378 ], [ -68.927071282656456, 47.658823329233826 ], [ -68.926469918593071, 47.663988969250539 ], [ -68.919546659259566, 47.6662196975822 ], [ -68.913225662182256, 47.663284476798928 ], [ -68.913828317843908, 47.658118963499867 ], [ -68.920750679043891, 47.655888544199378 ] ] ] } },
{ "type": "Feature", "properties": { "hex_id": 995311, "centroid_lon": -68.91834196634629, "centroid_lat": 47.67655080917114, "occurrences_today": 3, "datetimes_today": "2026-04-26 12:46:38, 2026-04-26 12:57:41, 2026-04-26 13:16:47", "cumulative_total": 5.0 }, "geometry": { "type": "Polygon", "coordinates": [ [ [ -68.918944396973714, 47.671385258601958 ], [ -68.925266686182042, 47.674320217976671 ], [ -68.924664817715851, 47.679485826681876 ], [ -68.917739367317935, 47.681716349287669 ], [ -68.911416684378992, 47.678780953929063 ], [ -68.912019845509192, 47.673615472015634 ], [ -68.918944396973714, 47.671385258601958 ] ] ] } },
{ "type": "Feature", "properties": { "hex_id": 995312, "centroid_lon": -68.916533663820857, "centroid_lat": 47.692047398154415, "occurrences_today": 3, "datetimes_today": "2026-04-26 12:46:38, 2026-04-26 12:57:41, 2026-04-26 13:16:47", "cumulative_total": 5.0 }, "geometry": { "type": "Polygon", "coordinates": [ [ [ -68.917136599829263, 47.686881878949457 ], [ -68.923460575965535, 47.689817012766213 ], [ -68.922858202562693, 47.694982590141151 ], [ -68.915930559233246, 47.697212906900454 ], [ -68.909606189100344, 47.69427733686458 ], [ -68.910209856234047, 47.689111886355633 ], [ -68.917136599829263, 47.686881878949457 ] ] ] } },
{ "type": "Feature", "properties": { "hex_id": 995915, "centroid_lon": -68.923447950275502, "centroid_lat": 47.575469329886495, "occurrences_today": 3, "datetimes_today": "2026-04-26 12:46:38, 2026-04-26 12:57:41, 2026-04-26 13:16:47", "cumulative_total": 5.0 }, "geometry": { "type": "Polygon", "coordinates": [ [ [ -68.924047751682195, 47.570303639090135 ], [ -68.93035866149873, 47.573237814555597 ], [ -68.929759419242842, 47.578403563329417 ], [ -68.922847981443724, 47.58063501025849 ], [ -68.916536679930886, 47.577700400294461 ], [ -68.917137207854623, 47.572534777966752 ], [ -68.924047751682195, 47.570303639090135 ] ] ] } },
{ "type": "Feature", "properties": { "hex_id": 995916, "centroid_lon": -68.921647541269309, "centroid_lat": 47.590966339721028, "occurrences_today": 3, "datetimes_today": "2026-04-26 12:46:38, 2026-04-26 12:57:41, 2026-04-26 13:16:47", "cumulative_total": 5.0 }, "geometry": { "type": "Polygon", "coordinates": [ [ [ -68.922247845127956, 47.585800680204017 ], [ -68.928560432838353, 47.588735029635608 ], [ -68.927960688572014, 47.593900747163829 ], [ -68.921047069808836, 47.596131988807436 ], [ -68.914734090137458, 47.59319720464304 ], [ -68.915335121131278, 47.588031613634676 ], [ -68.922247845127956, 47.585800680204017 ] ] ] } },
{ "type": "Feature", "properties": { "hex_id": 995917, "centroid_lon": -68.919845623846442, "centroid_lat": 47.606463255680147, "occurrences_today": 3, "datetimes_today": "2026-04-26 12:46:38, 2026-04-26 12:57:41, 2026-04-26 13:16:47", "cumulative_total": 5.0 }, "geometry": { "type": "Polygon", "coordinates": [ [ [ -68.920446430687548, 47.601297627461172 ], [ -68.926760697616658, 47.604232150960158 ], [ -68.926160450809746, 47.609397837224108 ], [ -68.919244649226499, 47.61162887346228 ], [ -68.912929990071575, 47.608693914996081 ], [ -68.913531524666666, 47.603528355325814 ], [ -68.920446430687548, 47.601297627461172 ] ] ] } },
{ "type": "Feature", "properties": { "hex_id": 995918, "centroid_lon": -68.918042196413765, "centroid_lat": 47.621960077707691, "occurrences_today": 3, "datetimes_today": "2026-04-26 12:46:38, 2026-04-26 12:57:41, 2026-04-26 13:16:47", "cumulative_total": 5.0 }, "geometry": { "type": "Polygon", "coordinates": [ [ [ -68.918643506768632, 47.616794480805495 ], [ -68.92495945424254, 47.619729178473222 ], [ -68.924358704364167, 47.624894833454221 ], [ -68.917440718102782, 47.627125664166826 ], [ -68.911124378138069, 47.624190531297323 ], [ -68.911726416866415, 47.619025002983925 ], [ -68.918643506768632, 47.616794480805495 ] ] ] } },
{ "type": "Feature", "properties": { "hex_id": 995919, "centroid_lon": -68.916237257375812, "centroid_lat": 47.637456805747441, "occurrences_today": 3, "datetimes_today": "2026-04-26 12:46:38, 2026-04-26 12:57:41, 2026-04-26 13:16:47", "cumulative_total": 5.0 }, "geometry": { "type": "Polygon", "coordinates": [ [ [ -68.916839071776522, 47.632291240180763 ], [ -68.923156701122565, 47.635226112118708 ], [ -68.922555447641074, 47.64039173579804 ], [ -68.915635274841449, 47.642622360864785 ], [ -68.909317252739456, 47.63968705349037 ], [ -68.909919796133821, 47.634521556552642 ], [ -68.916839071776522, 47.632291240180763 ] ] ] } },
{ "type": "Feature", "properties": { "hex_id": 995920, "centroid_lon": -68.914430805134771, "centroid_lat": 47.652953439743072, "occurrences_today": 3, "datetimes_today": "2026-04-26 12:46:38, 2026-04-26 12:57:41, 2026-04-26 13:16:47", "cumulative_total": 5.0 }, "geometry": { "type": "Polygon", "coordinates": [ [ [ -68.915033124114188, 47.647787905530691 ], [ -68.921352436660953, 47.650722951840457 ], [ -68.920750679043891, 47.655888544199378 ], [ -68.913828317843908, 47.658118963499867 ], [ -68.90750861227589, 47.655183481518776 ], [ -68.908111660869807, 47.65001801597554 ], [ -68.915033124114188, 47.647787905530691 ] ] ] } },
{ "type": "Feature", "properties": { "hex_id": 995921, "centroid_lon": -68.912622838090485, "centroid_lat": 47.668449979638225, "occurrences_today": 3, "datetimes_today": "2026-04-26 12:46:38, 2026-04-26 12:57:41, 2026-04-26 13:16:47", "cumulative_total": 5.0 }, "geometry": { "type": "Polygon", "coordinates": [ [ [ -68.913225662182256, 47.663284476798928 ], [ -68.919546659259566, 47.6662196975822 ], [ -68.918944396973714, 47.671385258601958 ], [ -68.912019845509192, 47.673615472015634 ], [ -68.905698455145185, 47.670679815326032 ], [ -68.906302009472981, 47.665514381196125 ], [ -68.913225662182256, 47.663284476798928 ] ] ] } },
{ "type": "Feature", "properties": { "hex_id": 995922, "centroid_lon": -68.910813354640439, "centroid_lat": 47.683946425376433, "occurrences_today": 3, "datetimes_today": "2026-04-26 12:46:38, 2026-04-26 12:57:41, 2026-04-26 13:16:47", "cumulative_total": 5.0 }, "geometry": { "type": "Polygon", "coordinates": [ [ [ -68.911416684378992, 47.678780953929063 ], [ -68.917739367317935, 47.681716349287669 ], [ -68.917136599829263, 47.686881878949457 ], [ -68.910209856234047, 47.689111886355633 ], [ -68.903886779742791, 47.686176054855551 ], [ -68.904490840339591, 47.681010652157852 ], [ -68.911416684378992, 47.678780953929063 ] ] ] } },
{ "type": "Feature", "properties": { "hex_id": 996525, "centroid_lon": -68.917737568206249, "centroid_lat": 47.567369145203422, "occurrences_today": 3, "datetimes_today": "2026-04-26 12:46:38, 2026-04-26 12:57:41, 2026-04-26 13:16:47", "cumulative_total": 5.0 }, "geometry": { "type": "Polygon", "coordinates": [ [ [ -68.918337761044654, 47.562203502006568 ], [ -68.924647385722693, 47.565137937871498 ], [ -68.924047751682195, 47.570303639090135 ], [ -68.917137207854623, 47.572534777966752 ], [ -68.910827191921314, 47.569599907680484 ], [ -68.911428111011958, 47.56443433300575 ], [ -68.918337761044654, 47.562203502006568 ] ] ] } },
{ "type": "Feature", "properties": { "hex_id": 996526, "centroid_lon": -68.915935984376091, "centroid_lat": 47.582866012184461, "occurrences_today": 3, "datetimes_today": "2026-04-26 12:46:38, 2026-04-26 12:57:41, 2026-04-26 13:16:47", "cumulative_total": 5.0 }, "geometry": { "type": "Polygon", "coordinates": [ [ [ -68.916536679930886, 47.577700400294461 ], [ -68.922847981443724, 47.58063501025849 ], [ -68.922247845127956, 47.585800680204017 ], [ -68.915335121131278, 47.588031613634676 ], [ -68.909023428098919, 47.585096569015114 ], [ -68.909624850523784, 47.579931025687259 ], [ -68.916536679930886, 47.577700400294461 ] ] ] } },
{ "type": "Feature", "properties": { "hex_id": 996527, "centroid_lon": -68.914132891335612, "centroid_lat": 47.598362785207442, "occurrences_today": 3, "datetimes_today": "2026-04-26 12:46:38, 2026-04-26 12:57:41, 2026-04-26 13:16:47", "cumulative_total": 5.0 }, "geometry": { "type": "Polygon", "coordinates": [ [ [ -68.914734090137458, 47.59319720464304 ], [ -68.921047069808836, 47.596131988807436 ], [ -68.920446430687548, 47.601297627461172 ], [ -68.913531524666666, 47.603528355325814 ], [ -68.907218153211346, 47.600593136271534 ], [ -68.907820079501775, 47.595427624309352 ], [ -68.914734090137458, 47.59319720464304 ] ] ] } },
{ "type": "Feature", "properties": { "hex_id": 996528, "centroid_lon": -68.912328287491192, "centroid_lat": 47.613859464216155, "occurrences_today": 3, "datetimes_today": "2026-04-26 12:46:38, 2026-04-26 12:57:41, 2026-04-26 13:16:47", "cumulative_total": 5.0 }, "geometry": { "type": "Polygon", "coordinates": [ [ [ -68.912929990071575, 47.608693914996081 ], [ -68.919244649226499, 47.61162887346228 ], [ -68.918643506768632, 47.616794480805495 ], [ -68.911726416866415, 47.619025002983925 ], [ -68.905411365662971, 47.616089609393377 ], [ -68.906013796351104, 47.610924128815654 ], [ -68.912929990071575, 47.608693914996081 ] ] ] } },
{ "type": "Feature", "properties": { "hex_id": 996529, "centroid_lon": -68.910522171246939, "centroid_lat": 47.629356049154261, "occurrences_today": 3, "datetimes_today": "2026-04-26 12:46:38, 2026-04-26 12:57:41, 2026-04-26 13:16:47", "cumulative_total": 5.0 }, "geometry": { "type": "Polygon", "coordinates": [ [ [ -68.911124378138069, 47.624190531297323 ], [ -68.917440718102782, 47.627125664166826 ], [ -68.916839071776522, 47.632291240180763 ], [ -68.909919796133821, 47.634521556552642 ], [ -68.903603063855854, 47.631585988324154 ], [ -68.904205999474598, 47.626420539149727 ], [ -68.911124378138069, 47.624190531297323 ] ] ] } },
{ "type": "Feature", "properties": { "hex_id": 996530, "centroid_lon": -68.908714541004557, "centroid_lat": 47.644852539965356, "occurrences_today": 3, "datetimes_today": "2026-04-26 12:46:38, 2026-04-26 12:57:41, 2026-04-26 13:16:47", "cumulative_total": 5.0 }, "geometry": { "type": "Polygon", "coordinates": [ [ [ -68.909317252739456, 47.63968705349037 ], [ -68.915635274841449, 47.642622360864785 ], [ -68.915033124114188, 47.647787905530691 ], [ -68.908111660869807, 47.65001801597554 ], [ -68.901793246189683, 47.647082273007349 ], [ -68.902396687272741, 47.641916855255062 ], [ -68.909317252739456, 47.63968705349037 ] ] ] } },
{ "type": "Feature", "properties": { "hex_id": 996531, "centroid_lon": -68.906905395163406, "centroid_lat": 47.660348936592996, "occurrences_today": 3, "datetimes_today": "2026-04-26 12:46:38, 2026-04-26 12:57:41, 2026-04-26 13:16:47", "cumulative_total": 5.0 }, "geometry": { "type": "Polygon", "coordinates": [ [ [ -68.90750861227589, 47.655183481518776 ], [ -68.913828317843908, 47.658118963499867 ], [ -68.913225662182256, 47.663284476798928 ], [ -68.906302009472981, 47.665514381196125 ], [ -68.899981911061801, 47.662578463386339 ], [ -68.900585858143643, 47.657413077075091 ], [ -68.90750861227589, 47.655183481518776 ] ] ] } },
{ "type": "Feature", "properties": { "hex_id": 996532, "centroid_lon": -68.905094732120546, "centroid_lat": 47.675845238980642, "occurrences_today": 3, "datetimes_today": "2026-04-26 12:46:38, 2026-04-26 12:57:41, 2026-04-26 13:16:47", "cumulative_total": 5.0 }, "geometry": { "type": "Polygon", "coordinates": [ [ [ -68.905698455145185, 47.670679815326032 ], [ -68.912019845509192, 47.673615472015634 ], [ -68.911416684378992, 47.678780953929063 ], [ -68.904490840339591, 47.681010652157852 ], [ -68.898169056867204, 47.678074559404465 ], [ -68.898773510483096, 47.67290920455315 ], [ -68.905698455145185, 47.670679815326032 ] ] ] } },
{ "type": "Feature", "properties": { "hex_id": 996533, "centroid_lon": -68.903282550270617, "centroid_lat": 47.691341447071665, "occurrences_today": 3, "datetimes_today": "2026-04-26 12:46:38, 2026-04-26 12:57:41, 2026-04-26 13:16:47", "cumulative_total": 5.0 }, "geometry": { "type": "Polygon", "coordinates": [ [ [ -68.903886779742791, 47.686176054855551 ], [ -68.910209856234047, 47.689111886355633 ], [ -68.909606189100344, 47.69427733686458 ], [ -68.902678151863483, 47.696506828804075 ], [ -68.896354681998517, 47.693570561004982 ], [ -68.896959642684521, 47.688405237632502 ], [ -68.903886779742791, 47.686176054855551 ] ] ] } },
{ "type": "Feature", "properties": { "hex_id": 997136, "centroid_lon": -68.910226105111576, "centroid_lat": 47.574765471908364, "occurrences_today": 3, "datetimes_today": "2026-04-26 12:46:38, 2026-04-26 12:57:41, 2026-04-26 13:16:47", "cumulative_total": 5.0 }, "geometry": { "type": "Polygon", "coordinates": [ [ [ -68.910827191921314, 47.569599907680484 ], [ -68.917137207854623, 47.572534777966752 ], [ -68.916536679930886, 47.577700400294461 ], [ -68.909624850523784, 47.579931025687259 ], [ -68.903314443512045, 47.57699572082273 ], [ -68.903916256926834, 47.571830225210455 ], [ -68.910827191921314, 47.569599907680484 ] ] ] } },
{ "type": "Feature", "properties": { "hex_id": 997137, "centroid_lon": -68.908421837777937, "centroid_lat": 47.590262101889842, "occurrences_today": 3, "datetimes_today": "2026-04-26 12:46:38, 2026-04-26 12:57:41, 2026-04-26 13:16:47", "cumulative_total": 5.0 }, "geometry": { "type": "Polygon", "coordinates": [ [ [ -68.909023428098919, 47.585096569015114 ], [ -68.915335121131278, 47.588031613634676 ], [ -68.914734090137458, 47.59319720464304 ], [ -68.907820079501775, 47.595427624309352 ], [ -68.901507995126977, 47.592492144877269 ], [ -68.902110312671212, 47.587326680658236 ], [ -68.909023428098919, 47.585096569015114 ] ] ] } },
{ "type": "Feature", "properties": { "hex_id": 997138, "centroid_lon": -68.906616058847504, "centroid_lat": 47.605758637774343, "occurrences_today": 3, "datetimes_today": "2026-04-26 12:46:38, 2026-04-26 12:57:41, 2026-04-26 13:16:47", "cumulative_total": 5.0 }, "geometry": { "type": "Polygon", "coordinates": [ [ [ -68.907218153211346, 47.600593136271534 ], [ -68.913531524666666, 47.603528355325814 ], [ -68.912929990071575, 47.608693914996081 ], [ -68.906013796351104, 47.610924128815654 ], [ -68.899700033289179, 47.607988474714432 ], [ -68.900302855495156, 47.602823041907463 ], [ -68.907218153211346, 47.600593136271534 ] ] ] } },
{ "type": "Feature", "properties": { "hex_id": 997139, "centroid_lon": -68.904808766723875, "centroid_lat": 47.621255079505431, "occurrences_today": 3, "datetimes_today": "2026-04-26 12:46:38, 2026-04-26 12:57:41, 2026-04-26 13:16:47", "cumulative_total": 5.0 }, "geometry": { "type": "Polygon", "coordinates": [ [ [ -68.905411365662971, 47.616089609393377 ], [ -68.911726416866415, 47.619025002983925 ], [ -68.911124378138069, 47.624190531297323 ], [ -68.904205999474598, 47.626420539149727 ], [ -68.897890556400242, 47.623484710277673 ], [ -68.898493883801009, 47.618319308901633 ], [ -68.905411365662971, 47.616089609393377 ] ] ] } },
{ "type": "Feature", "properties": { "hex_id": 997140, "centroid_lon": -68.902999959808341, "centroid_lat": 47.636751427026631, "occurrences_today": 3, "datetimes_today": "2026-04-26 12:46:38, 2026-04-26 12:57:41, 2026-04-26 13:16:47", "cumulative_total": 5.0 }, "geometry": { "type": "Polygon", "coordinates": [ [ [ -68.903603063855854, 47.631585988324154 ], [ -68.909919796133821, 47.634521556552642 ], [ -68.909317252739456, 47.63968705349037 ], [ -68.902396687272741, 47.641916855255062 ], [ -68.896079562859398, 47.638980851510361 ], [ -68.896683395988788, 47.633815481584122 ], [ -68.903603063855854, 47.631585988324154 ] ] ] } },
{ "type": "Feature", "properties": { "hex_id": 997142, "centroid_lon": -68.899377795194781, "centroid_lat": 47.667743839213067, "occurrences_today": 3, "datetimes_today": "2026-04-26 12:46:38, 2026-04-26 12:57:41, 2026-04-26 13:16:47", "cumulative_total": 5.0 }, "geometry": { "type": "Polygon", "coordinates": [ [ [ -68.899981911061801, 47.662578463386339 ], [ -68.906302009472981, 47.665514381196125 ], [ -68.905698455145185, 47.670679815326032 ], [ -68.898773510483096, 47.67290920455315 ], [ -68.892453019407142, 47.66997285075724 ], [ -68.893057865598522, 47.664807543787369 ], [ -68.899981911061801, 47.662578463386339 ] ] ] } },
{ "type": "Feature", "properties": { "hex_id": 997143, "centroid_lon": -68.897564434287546, "centroid_lat": 47.683239903764964, "occurrences_today": 3, "datetimes_today": "2026-04-26 12:46:38, 2026-04-26 12:57:41, 2026-04-26 13:16:47", "cumulative_total": 5.0 }, "geometry": { "type": "Polygon", "coordinates": [ [ [ -68.898169056867204, 47.678074559404465 ], [ -68.904490840339591, 47.681010652157852 ], [ -68.903886779742791, 47.686176054855551 ], [ -68.896959642684521, 47.688405237632502 ], [ -68.890637466282442, 47.685468708657844 ], [ -68.89124281980871, 47.680303433194581 ], [ -68.898169056867204, 47.678074559404465 ] ] ] } },
{ "type": "Feature", "properties": { "hex_id": 997747, "centroid_lon": -68.9027124621132, "centroid_lat": 47.582161205972682, "occurrences_today": 3, "datetimes_today": "2026-04-26 12:46:38, 2026-04-26 12:57:41, 2026-04-26 13:16:47", "cumulative_total": 5.0 }, "geometry": { "type": "Polygon", "coordinates": [ [ [ -68.903314443512045, 47.57699572082273 ], [ -68.909624850523784, 47.579931025687259 ], [ -68.909023428098919, 47.585096569015114 ], [ -68.902110312671212, 47.587326680658236 ], [ -68.895799514758181, 47.584390941058544 ], [ -68.896402223115047, 47.579225524617719 ], [ -68.903314443512045, 47.57699572082273 ] ] ] } },
{ "type": "Feature", "properties": { "hex_id": 997748, "centroid_lon": -68.900905509421349, "centroid_lat": 47.597657598627706, "occurrences_today": 3, "datetimes_today": "2026-04-26 12:46:38, 2026-04-26 12:57:41, 2026-04-26 13:16:47", "cumulative_total": 5.0 }, "geometry": { "type": "Polygon", "coordinates": [ [ [ -68.901507995126977, 47.592492144877269 ], [ -68.907820079501775, 47.595427624309352 ], [ -68.907218153211346, 47.600593136271534 ], [ -68.900302855495156, 47.602823041907463 ], [ -68.893990379955312, 47.599887127505873 ], [ -68.894593593237531, 47.594721742504703 ], [ -68.901507995126977, 47.592492144877269 ] ] ] } },
{ "type": "Feature", "properties": { "hex_id": 997749, "centroid_lon": -68.899097042744216, "centroid_lat": 47.613153897046523, "occurrences_today": 3, "datetimes_today": "2026-04-26 12:46:38, 2026-04-26 12:57:41, 2026-04-26 13:16:47", "cumulative_total": 5.0 }, "geometry": { "type": "Polygon", "coordinates": [ [ [ -68.899700033289179, 47.607988474714432 ], [ -68.906013796351104, 47.610924128815654 ], [ -68.905411365662971, 47.616089609393377 ], [ -68.898493883801009, 47.618319308901633 ], [ -68.892179729310143, 47.615383219596382 ], [ -68.892783448050906, 47.610217866053802 ], [ -68.899700033289179, 47.607988474714432 ] ] ] } },
{ "type": "Feature", "properties": { "hex_id": 997750, "centroid_lon": -68.897287060482626, "centroid_lat": 47.628650101172532, "occurrences_today": 3, "datetimes_today": "2026-04-26 12:46:38, 2026-04-26 12:57:41, 2026-04-26 13:16:47", "cumulative_total": 5.0 }, "geometry": { "type": "Polygon", "coordinates": [ [ [ -68.897890556400242, 47.623484710277673 ], [ -68.904205999474598, 47.626420539149727 ], [ -68.903603063855854, 47.631585988324154 ], [ -68.896683395988788, 47.633815481584122 ], [ -68.890367561221453, 47.630879217273396 ], [ -68.89097178595479, 47.6257138952083 ], [ -68.897890556400242, 47.623484710277673 ] ] ] } },
{ "type": "Feature", "properties": { "hex_id": 997751, "centroid_lon": -68.895475561035013, "centroid_lat": 47.644146210949117, "occurrences_today": 3, "datetimes_today": "2026-04-26 12:46:38, 2026-04-26 12:57:41, 2026-04-26 13:16:47", "cumulative_total": 5.0 }, "geometry": { "type": "Polygon", "coordinates": [ [ [ -68.896079562859398, 47.638980851510361 ], [ -68.902396687272741, 47.641916855255062 ], [ -68.901793246189683, 47.647082273007349 ], [ -68.894871390456203, 47.649311559898301 ], [ -68.888553874085659, 47.646375120480108 ], [ -68.889158605346353, 47.641209829911411 ], [ -68.896079562859398, 47.638980851510361 ] ] ] } },
{ "type": "Feature", "properties": { "hex_id": 997752, "centroid_lon": -68.893662542797458, "centroid_lat": 47.659642226319527, "occurrences_today": 3, "datetimes_today": "2026-04-26 12:46:38, 2026-04-26 12:57:41, 2026-04-26 13:16:47", "cumulative_total": 5.0 }, "geometry": { "type": "Polygon", "coordinates": [ [ [ -68.894267051063522, 47.65447689835581 ], [ -68.900585858143643, 47.657413077075091 ], [ -68.899981911061801, 47.662578463386339 ], [ -68.893057865598522, 47.664807543787369 ], [ -68.886738666296836, 47.661870929159669 ], [ -68.887343904620451, 47.656705670106348 ], [ -68.894267051063522, 47.65447689835581 ] ] ] } },
{ "type": "Feature", "properties": { "hex_id": 997753, "centroid_lon": -68.891848004163734, "centroid_lat": 47.675138147227003, "occurrences_today": 3, "datetimes_today": "2026-04-26 12:46:38, 2026-04-26 12:57:41, 2026-04-26 13:16:47", "cumulative_total": 5.0 }, "geometry": { "type": "Polygon", "coordinates": [ [ [ -68.892453019407142, 47.66997285075724 ], [ -68.898773510483096, 47.67290920455315 ], [ -68.898169056867204, 47.678074559404465 ], [ -68.89124281980871, 47.680303433194581 ], [ -68.884921936246684, 47.677366643255155 ], [ -68.885527682169595, 47.672201415736197 ], [ -68.892453019407142, 47.66997285075724 ] ] ] } },
{ "type": "Feature", "properties": { "hex_id": 998357, "centroid_lon": -68.897004763281814, "centroid_lat": 47.574060097701199, "occurrences_today": 3, "datetimes_today": "2026-04-26 12:46:38, 2026-04-26 12:57:41, 2026-04-26 13:16:47", "cumulative_total": 5.0 }, "geometry": { "type": "Polygon", "coordinates": [ [ [ -68.897607135317628, 47.568894660311059 ], [ -68.903916256926834, 47.571830225210455 ], [ -68.903314443512045, 47.57699572082273 ], [ -68.896402223115047, 47.579225524617719 ], [ -68.890092711045341, 47.57628952506051 ], [ -68.890695809774002, 47.571124156432909 ], [ -68.897607135317628, 47.568894660311059 ] ] ] } },
{ "type": "Feature", "properties": { "hex_id": 998358, "centroid_lon": -68.895196638152058, "centroid_lat": 47.589556347021578, "occurrences_today": 3, "datetimes_today": "2026-04-26 12:46:38, 2026-04-26 12:57:41, 2026-04-26 13:16:47", "cumulative_total": 5.0 }, "geometry": { "type": "Polygon", "coordinates": [ [ [ -68.895799514758181, 47.584390941058544 ], [ -68.902110312671212, 47.587326680658236 ], [ -68.901507995126977, 47.592492144877269 ], [ -68.894593593237531, 47.594721742504703 ], [ -68.888282404600659, 47.591785568012931 ], [ -68.888886008517886, 47.586620230852617 ], [ -68.895799514758181, 47.584390941058544 ] ] ] } },
{ "type": "Feature", "properties": { "hex_id": 998359, "centroid_lon": -68.8933869982462, "centroid_lat": 47.605052502022922, "occurrences_today": 3, "datetimes_today": "2026-04-26 12:46:38, 2026-04-26 12:57:41, 2026-04-26 13:16:47", "cumulative_total": 5.0 }, "geometry": { "type": "Polygon", "coordinates": [ [ [ -68.893990379955312, 47.599887127505873 ], [ -68.900302855495156, 47.602823041907463 ], [ -68.899700033289179, 47.607988474714432 ], [ -68.892783448050906, 47.610217866053802 ], [ -68.886470581523753, 47.607281516525667 ], [ -68.887074691162894, 47.602116210851548 ], [ -68.893990379955312, 47.599887127505873 ] ] ] } },
{ "type": "Feature", "properties": { "hex_id": 998360, "centroid_lon": -68.891575841964567, "centroid_lat": 47.62054856264858, "occurrences_today": 3, "datetimes_today": "2026-04-26 12:46:38, 2026-04-26 12:57:41, 2026-04-26 13:16:47", "cumulative_total": 5.0 }, "geometry": { "type": "Polygon", "coordinates": [ [ [ -68.892179729310143, 47.615383219596382 ], [ -68.898493883801009, 47.618319308901633 ], [ -68.897890556400242, 47.623484710277673 ], [ -68.89097178595479, 47.6257138952083 ], [ -68.88465724021296, 47.622777370541932 ], [ -68.885261856108187, 47.617612096372959 ], [ -68.892179729310143, 47.615383219596382 ] ] ] } },
{ "type": "Feature", "properties": { "hex_id": 998361, "centroid_lon": -68.889763167705127, "centroid_lat": 47.636044528841801, "occurrences_today": 3, "datetimes_today": "2026-04-26 12:46:38, 2026-04-26 12:57:41, 2026-04-26 13:16:47", "cumulative_total": 5.0 }, "geometry": { "type": "Polygon", "coordinates": [ [ [ -68.890367561221453, 47.630879217273396 ], [ -68.896683395988788, 47.633815481584122 ], [ -68.896079562859398, 47.638980851510361 ], [ -68.889158605346353, 47.641209829911411 ], [ -68.882842379064257, 47.638273130004826 ], [ -68.883447501750481, 47.633107887359962 ], [ -68.890367561221453, 47.630879217273396 ] ] ] } },
{ "type": "Feature", "properties": { "hex_id": 998362, "centroid_lon": -68.88794897386353, "centroid_lat": 47.651540400545791, "occurrences_today": 3, "datetimes_today": "2026-04-26 12:46:38, 2026-04-26 12:57:41, 2026-04-26 13:16:47", "cumulative_total": 5.0 }, "geometry": { "type": "Polygon", "coordinates": [ [ [ -68.888553874085659, 47.646375120480108 ], [ -68.894871390456203, 47.649311559898301 ], [ -68.894267051063522, 47.65447689835581 ], [ -68.887343904620451, 47.656705670106348 ], [ -68.881025996471209, 47.653768794857434 ], [ -68.881631626484193, 47.648603583755673 ], [ -68.888553874085659, 47.646375120480108 ] ] ] } },
{ "type": "Feature", "properties": { "hex_id": 998363, "centroid_lon": -68.886133258833084, "centroid_lat": 47.667036177703658, "occurrences_today": 3, "datetimes_today": "2026-04-26 12:46:38, 2026-04-26 12:57:41, 2026-04-26 13:16:47", "cumulative_total": 5.0 }, "geometry": { "type": "Polygon", "coordinates": [ [ [ -68.886738666296836, 47.661870929159669 ], [ -68.893057865598522, 47.664807543787369 ], [ -68.892453019407142, 47.66997285075724 ], [ -68.885527682169595, 47.672201415736197 ], [ -68.879208090825102, 47.669264365042693 ], [ -68.879814228701335, 47.664099185503041 ], [ -68.886738666296836, 47.661870929159669 ] ] ] } },
{ "type": "Feature", "properties": { "hex_id": 998968, "centroid_lon": -68.889489443979684, "centroid_lat": 47.581454883201111, "occurrences_today": 3, "datetimes_today": "2026-04-26 12:46:38, 2026-04-26 12:57:41, 2026-04-26 13:16:47", "cumulative_total": 5.0 }, "geometry": { "type": "Polygon", "coordinates": [ [ [ -68.890092711045341, 47.57628952506051 ], [ -68.896402223115047, 47.579225524617719 ], [ -68.895799514758181, 47.584390941058544 ], [ -68.888886008517886, 47.586620230852617 ], [ -68.882576106165175, 47.583683796480763 ], [ -68.883180100276547, 47.578518507196264 ], [ -68.890092711045341, 47.57628952506051 ] ] ] } },
{ "type": "Feature", "properties": { "hex_id": 998969, "centroid_lon": -68.887678632168758, "centroid_lat": 47.596950894679935, "occurrences_today": 3, "datetimes_today": "2026-04-26 12:46:38, 2026-04-26 12:57:41, 2026-04-26 13:16:47", "cumulative_total": 5.0 }, "geometry": { "type": "Polygon", "coordinates": [ [ [ -68.888282404600659, 47.591785568012931 ], [ -68.894593593237531, 47.594721742504703 ], [ -68.893990379955312, 47.599887127505873 ], [ -68.887074691162894, 47.602116210851548 ], [ -68.880763111979974, 47.599179601310738 ], [ -68.881367612076204, 47.594014343540096 ], [ -68.888282404600659, 47.591785568012931 ] ] ] } },
{ "type": "Feature", "properties": { "hex_id": 998970, "centroid_lon": -68.885866303191975, "centroid_lat": 47.612446811700174, "occurrences_today": 3, "datetimes_today": "2026-04-26 12:46:38, 2026-04-26 12:57:41, 2026-04-26 13:16:47", "cumulative_total": 5.0 }, "geometry": { "type": "Polygon", "coordinates": [ [ [ -68.886470581523753, 47.607281516525667 ], [ -68.892783448050906, 47.610217866053802 ], [ -68.892179729310143, 47.615383219596382 ], [ -68.885261856108187, 47.617612096372959 ], [ -68.878948598771743, 47.614675311561278 ], [ -68.879553605387144, 47.609510085323443 ], [ -68.886470581523753, 47.607281516525667 ] ] ] } },
{ "type": "Feature", "properties": { "hex_id": 998971, "centroid_lon": -68.884052455446891, "centroid_lat": 47.62794263420497, "occurrences_today": 3, "datetimes_today": "2026-04-26 12:46:38, 2026-04-26 12:57:41, 2026-04-26 13:16:47", "cumulative_total": 5.0 }, "geometry": { "type": "Polygon", "coordinates": [ [ [ -68.88465724021296, 47.622777370541932 ], [ -68.89097178595479, 47.6257138952083 ], [ -68.890367561221453, 47.630879217273396 ], [ -68.883447501750481, 47.633107887359962 ], [ -68.877132564936005, 47.630170927175385 ], [ -68.87773807860566, 47.62500573248937 ], [ -68.88465724021296, 47.622777370541932 ] ] ] } },
{ "type": "Feature", "properties": { "hex_id": 998972, "centroid_lon": -68.882237087328676, "centroid_lat": 47.643438362137424, "occurrences_today": 3, "datetimes_today": "2026-04-26 12:46:38, 2026-04-26 12:57:41, 2026-04-26 13:16:47", "cumulative_total": 5.0 }, "geometry": { "type": "Polygon", "coordinates": [ [ [ -68.882842379064257, 47.638273130004826 ], [ -68.889158605346353, 47.641209829911411 ], [ -68.888553874085659, 47.646375120480108 ], [ -68.881631626484193, 47.648603583755673 ], [ -68.875315008865883, 47.645666448096037 ], [ -68.875921030125696, 47.640501284980836 ], [ -68.882842379064257, 47.638273130004826 ] ] ] } },
{ "type": "Feature", "properties": { "hex_id": 998973, "centroid_lon": -68.880420197230151, "centroid_lat": 47.658933995440584, "occurrences_today": 3, "datetimes_today": "2026-04-26 12:46:38, 2026-04-26 12:57:41, 2026-04-26 13:16:47", "cumulative_total": 5.0 }, "geometry": { "type": "Polygon", "coordinates": [ [ [ -68.881025996471209, 47.653768794857434 ], [ -68.887343904620451, 47.656705670106348 ], [ -68.886738666296836, 47.661870929159669 ], [ -68.879814228701335, 47.664099185503041 ], [ -68.873495928952224, 47.661161874266114 ], [ -68.874102458338825, 47.65599674274079 ], [ -68.881025996471209, 47.653768794857434 ] ] ] } },
{ "type": "Feature", "properties": { "hex_id": 998974, "centroid_lon": -68.878601783541782, "centroid_lat": 47.674429534057403, "occurrences_today": 3, "datetimes_today": "2026-04-26 12:46:38, 2026-04-26 12:57:41, 2026-04-26 13:16:47", "cumulative_total": 5.0 }, "geometry": { "type": "Polygon", "coordinates": [ [ [ -68.879208090825102, 47.669264365042693 ], [ -68.885527682169595, 47.672201415736197 ], [ -68.884921936246684, 47.677366643255155 ], [ -68.877995306791604, 47.679594692545059 ], [ -68.871675323583403, 47.67665720562843 ], [ -68.872282361634262, 47.671492105712069 ], [ -68.879208090825102, 47.669264365042693 ] ] ] } },
{ "type": "Feature", "properties": { "hex_id": 999578, "centroid_lon": -68.883783925844895, "centroid_lat": 47.573353207411387, "occurrences_today": 3, "datetimes_today": "2026-04-26 12:46:38, 2026-04-26 12:57:41, 2026-04-26 13:16:47", "cumulative_total": 5.0 }, "geometry": { "type": "Polygon", "coordinates": [ [ [ -68.884387582929492, 47.56818789712819 ], [ -68.890695809774002, 47.571124156432909 ], [ -68.890092711045341, 47.57628952506051 ], [ -68.883180100276547, 47.578518507196264 ], [ -68.876871483589511, 47.575581813154322 ], [ -68.877475867454535, 47.570416571780605 ], [ -68.884387582929492, 47.56818789712819 ] ] ] } },
{ "type": "Feature", "properties": { "hex_id": 999579, "centroid_lon": -68.881971943451475, "centroid_lat": 47.588849075262729, "occurrences_today": 3, "datetimes_today": "2026-04-26 12:46:38, 2026-04-26 12:57:41, 2026-04-26 13:16:47", "cumulative_total": 5.0 }, "geometry": { "type": "Polygon", "coordinates": [ [ [ -68.882576106165175, 47.583683796480763 ], [ -68.888886008517886, 47.586620230852617 ], [ -68.888282404600659, 47.591785568012931 ], [ -68.881367612076204, 47.594014343540096 ], [ -68.875057319618321, 47.591077474196709 ], [ -68.87566220973072, 47.585912264364481 ], [ -68.882576106165175, 47.583683796480763 ] ] ] } },
{ "type": "Feature", "properties": { "hex_id": 999580, "centroid_lon": -68.880158443103412, "centroid_lat": 47.604344848572559, "occurrences_today": 3, "datetimes_today": "2026-04-26 12:46:38, 2026-04-26 12:57:41, 2026-04-26 13:16:47", "cumulative_total": 5.0 }, "geometry": { "type": "Polygon", "coordinates": [ [ [ -68.880763111979974, 47.599179601310738 ], [ -68.887074691162894, 47.602116210851548 ], [ -68.886470581523753, 47.607281516525667 ], [ -68.879553605387144, 47.609510085323443 ], [ -68.873241635836209, 47.606573040576649 ], [ -68.873847032730481, 47.601407862304903 ], [ -68.880763111979974, 47.599179601310738 ] ] ] } },
{ "type": "Feature", "properties": { "hex_id": 999581, "centroid_lon": -68.878343423197734, "centroid_lat": 47.619840527283941, "occurrences_today": 3, "datetimes_today": "2026-04-26 12:46:38, 2026-04-26 12:57:41, 2026-04-26 13:16:47", "cumulative_total": 5.0 }, "geometry": { "type": "Polygon", "coordinates": [ [ [ -68.878948598771743, 47.614675311561278 ], [ -68.885261856108187, 47.617612096372959 ], [ -68.88465724021296, 47.622777370541932 ], [ -68.87773807860566, 47.62500573248937 ], [ -68.871424430638243, 47.622068512237092 ], [ -68.872030334849612, 47.61690336554485 ], [ -68.878948598771743, 47.614675311561278 ] ] ] } },
{ "type": "Feature", "properties": { "hex_id": 999582, "centroid_lon": -68.876526882129184, "centroid_lat": 47.635336111339917, "occurrences_today": 3, "datetimes_today": "2026-04-26 12:46:38, 2026-04-26 12:57:41, 2026-04-26 13:16:47", "cumulative_total": 5.0 }, "geometry": { "type": "Polygon", "coordinates": [ [ [ -68.877132564936005, 47.630170927175385 ], [ -68.883447501750481, 47.633107887359962 ], [ -68.882842379064257, 47.638273130004826 ], [ -68.875921030125696, 47.640501284980836 ], [ -68.869605702417132, 47.637563889120905 ], [ -68.870212114481618, 47.632398774027237 ], [ -68.877132564936005, 47.630170927175385 ] ] ] } },
{ "type": "Feature", "properties": { "hex_id": 999583, "centroid_lon": -68.874708818290145, "centroid_lat": 47.650831600683397, "occurrences_today": 3, "datetimes_today": "2026-04-26 12:46:38, 2026-04-26 12:57:41, 2026-04-26 13:16:47", "cumulative_total": 5.0 }, "geometry": { "type": "Polygon", "coordinates": [ [ [ -68.875315008865883, 47.645666448096037 ], [ -68.881631626484193, 47.648603583755673 ], [ -68.881025996471209, 47.653768794857434 ], [ -68.874102458338825, 47.65599674274079 ], [ -68.867785449563186, 47.653059171170895 ], [ -68.868392370017602, 47.647894087694866 ], [ -68.875315008865883, 47.645666448096037 ] ] ] } },
{ "type": "Feature", "properties": { "hex_id": 999584, "centroid_lon": -68.872889230070612, "centroid_lat": 47.666326995257243, "occurrences_today": 3, "datetimes_today": "2026-04-26 12:46:38, 2026-04-26 12:57:41, 2026-04-26 13:16:47", "cumulative_total": 5.0 }, "geometry": { "type": "Polygon", "coordinates": [ [ [ -68.873495928952224, 47.661161874266114 ], [ -68.879814228701335, 47.664099185503041 ], [ -68.879208090825102, 47.669264365042693 ], [ -68.872282361634262, 47.671492105712069 ], [ -68.865963670464396, 47.668554358329807 ], [ -68.866571099846354, 47.663389306490494 ], [ -68.873495928952224, 47.661161874266114 ] ] ] } },
{ "type": "Feature", "properties": { "hex_id": 999585, "centroid_lon": -68.871068115858208, "centroid_lat": 47.681822295004267, "occurrences_today": 3, "datetimes_today": "2026-04-26 12:46:38, 2026-04-26 12:57:41, 2026-04-26 13:16:47", "cumulative_total": 18.0 }, "geometry": { "type": "Polygon", "coordinates": [ [ [ -68.871675323583403, 47.67665720562843 ], [ -68.877995306791604, 47.679594692545059 ], [ -68.877388660514811, 47.68475984050356 ], [ -68.870460738398862, 47.686987373837411 ], [ -68.864140363506337, 47.684049450540279 ], [ -68.864748302354258, 47.678884430356817 ], [ -68.871675323583403, 47.67665720562843 ] ] ] } },
{ "type": "Feature", "properties": { "hex_id": 1000189, "centroid_lon": -68.876266931034678, "centroid_lat": 47.58074704401632, "occurrences_today": 3, "datetimes_today": "2026-04-26 12:46:38, 2026-04-26 12:57:41, 2026-04-26 13:16:47", "cumulative_total": 5.0 }, "geometry": { "type": "Polygon", "coordinates": [ [ [ -68.876871483589511, 47.575581813154322 ], [ -68.883180100276547, 47.578518507196264 ], [ -68.882576106165175, 47.583683796480763 ], [ -68.87566220973072, 47.585912264364481 ], [ -68.869353203379035, 47.582975135428534 ], [ -68.86995848306708, 47.57780997356965 ], [ -68.876871483589511, 47.575581813154322 ] ] ] } },
{ "type": "Feature", "properties": { "hex_id": 1000190, "centroid_lon": -68.874452260638037, "centroid_lat": 47.596242673510879, "occurrences_today": 14, "datetimes_today": "2026-04-26 12:46:38, 2026-04-26 12:57:41, 2026-04-26 13:16:47, 2026-04-26 13:31:39, 2026-04-26 14:01:48, 2026-04-26 14:16:41, 2026-04-26 14:30:06, 2026-04-26 14:46:48, 2026-04-26 15:01:42, 2026-04-26 15:16:36, 2026-04-26 15:31:39, 2026-04-26 15:47:10, 2026-04-26 16:01:41, 2026-04-26 16:17:01", "cumulative_total": 16.0 }, "geometry": { "type": "Polygon", "coordinates": [ [ [ -68.875057319618321, 47.591077474196709 ], [ -68.881367612076204, 47.594014343540096 ], [ -68.880763111979974, 47.599179601310738 ], [ -68.873847032730481, 47.601407862304903 ], [ -68.867536350345532, 47.59847055783311 ], [ -68.868142137077697, 47.593305427562377 ], [ -68.875057319618321, 47.591077474196709 ] ] ] } },
{ "type": "Feature", "properties": { "hex_id": 1000191, "centroid_lon": -68.872636069895748, "centroid_lat": 47.611738208324006, "occurrences_today": 3, "datetimes_today": "2026-04-26 12:46:38, 2026-04-26 12:57:41, 2026-04-26 13:16:47", "cumulative_total": 5.0 }, "geometry": { "type": "Polygon", "coordinates": [ [ [ -68.873241635836209, 47.606573040576649 ], [ -68.879553605387144, 47.609510085323443 ], [ -68.878948598771743, 47.614675311561278 ], [ -68.872030334849612, 47.61690336554485 ], [ -68.865717975109078, 47.613965885435121 ], [ -68.866324269420758, 47.60880078677161 ], [ -68.873241635836209, 47.606573040576649 ] ] ] } },
{ "type": "Feature", "properties": { "hex_id": 1000192, "centroid_lon": -68.870818357202111, "centroid_lat": 47.627233648398601, "occurrences_today": 3, "datetimes_today": "2026-04-26 12:46:38, 2026-04-26 12:57:41, 2026-04-26 13:16:47", "cumulative_total": 5.0 }, "geometry": { "type": "Polygon", "coordinates": [ [ [ -68.871424430638243, 47.622068512237092 ], [ -68.87773807860566, 47.62500573248937 ], [ -68.877132564936005, 47.630170927175385 ], [ -68.870212114481618, 47.632398774027237 ], [ -68.863898076061901, 47.629461118177346 ], [ -68.864504878489271, 47.624296051140121 ], [ -68.871424430638243, 47.622068512237092 ] ] ] } },
{ "type": "Feature", "properties": { "hex_id": 1000193, "centroid_lon": -68.868999120949013, "centroid_lat": 47.642728993677494, "occurrences_today": 3, "datetimes_today": "2026-04-26 12:46:38, 2026-04-26 12:57:41, 2026-04-26 13:16:47", "cumulative_total": 5.0 }, "geometry": { "type": "Polygon", "coordinates": [ [ [ -68.869605702417132, 47.637563889120905 ], [ -68.875921030125696, 47.640501284980836 ], [ -68.875315008865883, 47.645666448096037 ], [ -68.868392370017602, 47.647894087694866 ], [ -68.862076651593881, 47.644956256002466 ], [ -68.862683962673927, 47.63979122061064 ], [ -68.869605702417132, 47.637563889120905 ] ] ] } },
{ "type": "Feature", "properties": { "hex_id": 1000194, "centroid_lon": -68.867178359526022, "centroid_lat": 47.658224244103486, "occurrences_today": 3, "datetimes_today": "2026-04-26 12:46:38, 2026-04-26 12:57:41, 2026-04-26 13:16:47", "cumulative_total": 5.0 }, "geometry": { "type": "Polygon", "coordinates": [ [ [ -68.867785449563186, 47.653059171170895 ], [ -68.874102458338825, 47.65599674274079 ], [ -68.873495928952224, 47.661161874266114 ], [ -68.866571099846354, 47.663389306490494 ], [ -68.860253700092571, 47.660451298853161 ], [ -68.860861520363002, 47.655286295125862 ], [ -68.867785449563186, 47.653059171170895 ] ] ] } },
{ "type": "Feature", "properties": { "hex_id": 1000799, "centroid_lon": -68.870563593859274, "centroid_lat": 47.572644801185604, "occurrences_today": 3, "datetimes_today": "2026-04-26 12:46:38, 2026-04-26 12:57:41, 2026-04-26 13:16:47", "cumulative_total": 5.0 }, "geometry": { "type": "Polygon", "coordinates": [ [ [ -68.871168535814959, 47.567479618278512 ], [ -68.877475867454535, 47.570416571780605 ], [ -68.876871483589511, 47.575581813154322 ], [ -68.86995848306708, 47.57780997356965 ], [ -68.863650762203022, 47.574872585251043 ], [ -68.864256431026504, 47.569707471400385 ], [ -68.871168535814959, 47.567479618278512 ] ] ] } },
{ "type": "Feature", "properties": { "hex_id": 1000800, "centroid_lon": -68.868747754735708, "centroid_lat": 47.588140286760144, "occurrences_today": 14, "datetimes_today": "2026-04-26 12:46:38, 2026-04-26 12:57:41, 2026-04-26 13:16:47, 2026-04-26 13:31:39, 2026-04-26 14:01:48, 2026-04-26 14:16:41, 2026-04-26 14:30:06, 2026-04-26 14:46:48, 2026-04-26 15:01:42, 2026-04-26 15:16:36, 2026-04-26 15:31:39, 2026-04-26 15:47:10, 2026-04-26 16:01:41, 2026-04-26 16:17:01", "cumulative_total": 16.0 }, "geometry": { "type": "Polygon", "coordinates": [ [ [ -68.869353203379035, 47.582975135428534 ], [ -68.87566220973072, 47.585912264364481 ], [ -68.875057319618321, 47.591077474196709 ], [ -68.868142137077697, 47.593305427562377 ], [ -68.86183274123951, 47.590367863575615 ], [ -68.862438917368976, 47.585202781340783 ], [ -68.869353203379035, 47.582975135428534 ] ] ] } },
{ "type": "Feature", "properties": { "hex_id": 1000801, "centroid_lon": -68.866930394479724, "centroid_lat": 47.603635677570232, "occurrences_today": 14, "datetimes_today": "2026-04-26 12:46:38, 2026-04-26 12:57:41, 2026-04-26 13:16:47, 2026-04-26 13:31:39, 2026-04-26 14:01:48, 2026-04-26 14:16:41, 2026-04-26 14:30:06, 2026-04-26 14:46:48, 2026-04-26 15:01:42, 2026-04-26 15:16:36, 2026-04-26 15:31:39, 2026-04-26 15:47:10, 2026-04-26 16:01:41, 2026-04-26 16:17:01", "cumulative_total": 16.0 }, "geometry": { "type": "Polygon", "coordinates": [ [ [ -68.867536350345532, 47.59847055783311 ], [ -68.873847032730481, 47.601407862304903 ], [ -68.873241635836209, 47.606573040576649 ], [ -68.866324269420758, 47.60880078677161 ], [ -68.860013197287188, 47.605863047014516 ], [ -68.86061988125816, 47.600697996414596 ], [ -68.867536350345532, 47.59847055783311 ] ] ] } },
{ "type": "Feature", "properties": { "hex_id": 1000802, "centroid_lon": -68.865111511485111, "centroid_lat": 47.619130973558654, "occurrences_today": 3, "datetimes_today": "2026-04-26 12:46:38, 2026-04-26 12:57:41, 2026-04-26 13:16:47", "cumulative_total": 5.0 }, "geometry": { "type": "Polygon", "coordinates": [ [ [ -68.865717975109078, 47.613965885435121 ], [ -68.872030334849612, 47.61690336554485 ], [ -68.871424430638243, 47.622068512237092 ], [ -68.864504878489271, 47.624296051140121 ], [ -68.858192128737826, 47.621358135510462 ], [ -68.85879932108665, 47.616193116564567 ], [ -68.865717975109078, 47.613965885435121 ] ] ] } },
{ "type": "Feature", "properties": { "hex_id": 1000803, "centroid_lon": -68.863291104143343, "centroid_lat": 47.63462617466822, "occurrences_today": 3, "datetimes_today": "2026-04-26 12:46:38, 2026-04-26 12:57:41, 2026-04-26 13:16:47", "cumulative_total": 5.0 }, "geometry": { "type": "Polygon", "coordinates": [ [ [ -68.863898076061901, 47.629461118177346 ], [ -68.870212114481618, 47.632398774027237 ], [ -68.869605702417132, 47.637563889120905 ], [ -68.862683962673927, 47.63979122061064 ], [ -68.856369533980867, 47.636853129006049 ], [ -68.856977235244656, 47.631688141733321 ], [ -68.863898076061901, 47.629461118177346 ] ] ] } },
{ "type": "Feature", "properties": { "hex_id": 1000804, "centroid_lon": -68.86146917084352, "centroid_lat": 47.650121280841581, "occurrences_today": 3, "datetimes_today": "2026-04-26 12:46:38, 2026-04-26 12:57:41, 2026-04-26 13:16:47", "cumulative_total": 5.0 }, "geometry": { "type": "Polygon", "coordinates": [ [ [ -68.862076651593881, 47.644956256002466 ], [ -68.868392370017602, 47.647894087694866 ], [ -68.867785449563186, 47.653059171170895 ], [ -68.860861520363002, 47.655286295125862 ], [ -68.854545411403365, 47.65234802744385 ], [ -68.855153622120028, 47.647183071863452 ], [ -68.862076651593881, 47.644956256002466 ] ] ] } },
{ "type": "Feature", "properties": { "hex_id": 1001410, "centroid_lon": -68.86304492433699, "centroid_lat": 47.58003768856522, "occurrences_today": 14, "datetimes_today": "2026-04-26 12:46:38, 2026-04-26 12:57:41, 2026-04-26 13:16:47, 2026-04-26 13:31:39, 2026-04-26 14:01:48, 2026-04-26 14:16:41, 2026-04-26 14:30:06, 2026-04-26 14:46:48, 2026-04-26 15:01:42, 2026-04-26 15:16:36, 2026-04-26 15:31:39, 2026-04-26 15:47:10, 2026-04-26 16:01:41, 2026-04-26 16:17:01", "cumulative_total": 16.0 }, "geometry": { "type": "Polygon", "coordinates": [ [ [ -68.863650762203022, 47.574872585251043 ], [ -68.86995848306708, 47.57780997356965 ], [ -68.869353203379035, 47.582975135428534 ], [ -68.862438917368976, 47.585202781340783 ], [ -68.856130807458655, 47.58226495804896 ], [ -68.856737372545183, 47.577099923884887 ], [ -68.863650762203022, 47.574872585251043 ] ] ] } },
{ "type": "Feature", "properties": { "hex_id": 1001411, "centroid_lon": -68.861226395889091, "centroid_lat": 47.595532935267592, "occurrences_today": 14, "datetimes_today": "2026-04-26 12:46:38, 2026-04-26 12:57:41, 2026-04-26 13:16:47, 2026-04-26 13:31:39, 2026-04-26 14:01:48, 2026-04-26 14:16:41, 2026-04-26 14:30:06, 2026-04-26 14:46:48, 2026-04-26 15:01:42, 2026-04-26 15:16:36, 2026-04-26 15:31:39, 2026-04-26 15:47:10, 2026-04-26 16:01:41, 2026-04-26 16:17:01", "cumulative_total": 16.0 }, "geometry": { "type": "Polygon", "coordinates": [ [ [ -68.86183274123951, 47.590367863575615 ], [ -68.868142137077697, 47.593305427562377 ], [ -68.867536350345532, 47.59847055783311 ], [ -68.86061988125816, 47.600697996414596 ], [ -68.854310096112002, 47.597759997220194 ], [ -68.854917169301629, 47.592594994718738 ], [ -68.86183274123951, 47.590367863575615 ] ] ] } },
{ "type": "Feature", "properties": { "hex_id": 1001412, "centroid_lon": -68.859406343916561, "centroid_lat": 47.611028087065215, "occurrences_today": 14, "datetimes_today": "2026-04-26 12:46:38, 2026-04-26 12:57:41, 2026-04-26 13:16:47, 2026-04-26 13:31:39, 2026-04-26 14:01:48, 2026-04-26 14:16:41, 2026-04-26 14:30:06, 2026-04-26 14:46:48, 2026-04-26 15:01:42, 2026-04-26 15:16:36, 2026-04-26 15:31:39, 2026-04-26 15:47:10, 2026-04-26 16:01:41, 2026-04-26 16:17:01", "cumulative_total": 16.0 }, "geometry": { "type": "Polygon", "coordinates": [ [ [ -68.860013197287188, 47.605863047014516 ], [ -68.866324269420758, 47.60880078677161 ], [ -68.865717975109078, 47.613965885435121 ], [ -68.85879932108665, 47.616193116564567 ], [ -68.852487859383231, 47.613254941365284 ], [ -68.853095441212446, 47.608089970545606 ], [ -68.860013197287188, 47.605863047014516 ] ] ] } },
{ "type": "Feature", "properties": { "hex_id": 1001413, "centroid_lon": -68.85758476681039, "centroid_lat": 47.626523143900748, "occurrences_today": 3, "datetimes_today": "2026-04-26 12:46:38, 2026-04-26 12:57:41, 2026-04-26 13:16:47", "cumulative_total": 5.0 }, "geometry": { "type": "Polygon", "coordinates": [ [ [ -68.858192128737826, 47.621358135510462 ], [ -68.864504878489271, 47.624296051140121 ], [ -68.863898076061901, 47.629461118177346 ], [ -68.856977235244656, 47.631688141733321 ], [ -68.85066409566133, 47.62874979042676 ], [ -68.851272186667416, 47.62358485130801 ], [ -68.858192128737826, 47.621358135510462 ] ] ] } },
{ "type": "Feature", "properties": { "hex_id": 1002021, "centroid_lon": -68.855524073063989, "centroid_lat": 47.587429981660947, "occurrences_today": 14, "datetimes_today": "2026-04-26 12:46:38, 2026-04-26 12:57:41, 2026-04-26 13:16:47, 2026-04-26 13:31:39, 2026-04-26 14:01:48, 2026-04-26 14:16:41, 2026-04-26 14:30:06, 2026-04-26 14:46:48, 2026-04-26 15:01:42, 2026-04-26 15:16:36, 2026-04-26 15:31:39, 2026-04-26 15:47:10, 2026-04-26 16:01:41, 2026-04-26 16:17:01", "cumulative_total": 16.0 }, "geometry": { "type": "Polygon", "coordinates": [ [ [ -68.856130807458655, 47.58226495804896 ], [ -68.862438917368976, 47.585202781340783 ], [ -68.86183274123951, 47.590367863575615 ], [ -68.854917169301629, 47.592594994718738 ], [ -68.848608670523575, 47.589656736296945 ], [ -68.849216132491577, 47.584491781928776 ], [ -68.856130807458655, 47.58226495804896 ] ] ] } },
{ "type": "Feature", "properties": { "hex_id": 1002022, "centroid_lon": -68.853702853435493, "centroid_lat": 47.602924989163192, "occurrences_today": 14, "datetimes_today": "2026-04-26 12:46:38, 2026-04-26 12:57:41, 2026-04-26 13:16:47, 2026-04-26 13:31:39, 2026-04-26 14:01:48, 2026-04-26 14:16:41, 2026-04-26 14:30:06, 2026-04-26 14:46:48, 2026-04-26 15:01:42, 2026-04-26 15:16:36, 2026-04-26 15:31:39, 2026-04-26 15:47:10, 2026-04-26 16:01:41, 2026-04-26 16:17:01", "cumulative_total": 16.0 }, "geometry": { "type": "Polygon", "coordinates": [ [ [ -68.854310096112002, 47.597759997220194 ], [ -68.86061988125816, 47.600697996414596 ], [ -68.860013197287188, 47.605863047014516 ], [ -68.853095441212446, 47.608089970545606 ], [ -68.846785266937104, 47.605151535986707 ], [ -68.847393237806017, 47.599986613328049 ], [ -68.854310096112002, 47.597759997220194 ] ] ] } },
{ "type": "Feature", "properties": { "hex_id": 1002631, "centroid_lon": -68.849823424945214, "centroid_lat": 47.579326816995028, "occurrences_today": 14, "datetimes_today": "2026-04-26 12:46:38, 2026-04-26 12:57:41, 2026-04-26 13:16:47, 2026-04-26 13:31:39, 2026-04-26 14:01:48, 2026-04-26 14:16:41, 2026-04-26 14:30:06, 2026-04-26 14:46:48, 2026-04-26 15:01:42, 2026-04-26 15:16:36, 2026-04-26 15:31:39, 2026-04-26 15:47:10, 2026-04-26 16:01:41, 2026-04-26 16:17:01", "cumulative_total": 16.0 }, "geometry": { "type": "Polygon", "coordinates": [ [ [ -68.8504305479441, 47.574161841497833 ], [ -68.856737372545183, 47.577099923884887 ], [ -68.856130807458655, 47.58226495804896 ], [ -68.849216132491577, 47.584491781928776 ], [ -68.842908919462673, 47.581553264489422 ], [ -68.84351676976911, 47.576388358289307 ], [ -68.8504305479441, 47.574161841497833 ] ] ] } },
{ "type": "Feature", "properties": { "hex_id": 1002632, "centroid_lon": -68.848001038981607, "centroid_lat": 47.594821680097404, "occurrences_today": 14, "datetimes_today": "2026-04-26 12:46:38, 2026-04-26 12:57:41, 2026-04-26 13:16:47, 2026-04-26 13:31:39, 2026-04-26 14:01:48, 2026-04-26 14:16:41, 2026-04-26 14:30:06, 2026-04-26 14:46:48, 2026-04-26 15:01:42, 2026-04-26 15:16:36, 2026-04-26 15:31:39, 2026-04-26 15:47:10, 2026-04-26 16:01:41, 2026-04-26 16:17:01", "cumulative_total": 16.0 }, "geometry": { "type": "Polygon", "coordinates": [ [ [ -68.848608670523575, 47.589656736296945 ], [ -68.854917169301629, 47.592594994718738 ], [ -68.854310096112002, 47.597759997220194 ], [ -68.847393237806017, 47.599986613328049 ], [ -68.841084350339088, 47.59704791961952 ], [ -68.841692709807361, 47.591883045156642 ], [ -68.848608670523575, 47.589656736296945 ] ] ] } },
{ "type": "Feature", "properties": { "hex_id": 955074, "centroid_lon": -69.259482749518696, "centroid_lat": 48.567332029370668, "occurrences_today": 14, "datetimes_today": "2026-04-26 09:13:02, 2026-04-26 09:31:41, 2026-04-26 09:46:52, 2026-04-26 10:01:52, 2026-04-26 10:31:53, 2026-04-26 10:46:43, 2026-04-26 11:01:43, 2026-04-26 11:16:44, 2026-04-26 11:32:03, 2026-04-26 11:46:47, 2026-04-26 11:59:41, 2026-04-26 12:16:55, 2026-04-26 12:32:09, 2026-04-26 12:46:38", "cumulative_total": 28.0 }, "geometry": { "type": "Polygon", "coordinates": [ [ [ -69.260069544300777, 48.562164091937682 ], [ -69.266519316450655, 48.565085157304289 ], [ -69.265933118697873, 48.570253150634485 ], [ -69.258895788419778, 48.572499956827123 ], [ -69.252445585587495, 48.569578444822056 ], [ -69.253033143655585, 48.564410573332552 ], [ -69.260069544300777, 48.562164091937682 ] ] ] } },
{ "type": "Feature", "properties": { "hex_id": 955685, "centroid_lon": -69.251857860982554, "centroid_lat": 48.574746306321764, "occurrences_today": 14, "datetimes_today": "2026-04-26 09:13:02, 2026-04-26 09:31:41, 2026-04-26 09:46:52, 2026-04-26 10:01:52, 2026-04-26 10:31:53, 2026-04-26 10:46:43, 2026-04-26 11:01:43, 2026-04-26 11:16:44, 2026-04-26 11:32:03, 2026-04-26 11:46:47, 2026-04-26 11:59:41, 2026-04-26 12:16:55, 2026-04-26 12:32:09, 2026-04-26 12:46:38", "cumulative_total": 28.0 }, "geometry": { "type": "Polygon", "coordinates": [ [ [ -69.252445585587495, 48.569578444822056 ], [ -69.258895788419778, 48.572499956827123 ], [ -69.258308660943868, 48.577667874305092 ], [ -69.251269969780552, 48.579914157829734 ], [ -69.244819336446412, 48.576992199021717 ], [ -69.245407824717233, 48.571824403561727 ], [ -69.252445585587495, 48.569578444822056 ] ] ] } },
{ "type": "Feature", "properties": { "hex_id": 956295, "centroid_lon": -69.245996146231121, "centroid_lat": 48.566656598098682, "occurrences_today": 14, "datetimes_today": "2026-04-26 09:13:02, 2026-04-26 09:31:41, 2026-04-26 09:46:52, 2026-04-26 10:01:52, 2026-04-26 10:31:53, 2026-04-26 10:46:43, 2026-04-26 11:01:43, 2026-04-26 11:16:44, 2026-04-26 11:32:03, 2026-04-26 11:46:47, 2026-04-26 11:59:41, 2026-04-26 12:16:55, 2026-04-26 12:32:09, 2026-04-26 12:46:38", "cumulative_total": 28.0 }, "geometry": { "type": "Polygon", "coordinates": [ [ [ -69.246584301048372, 48.561488782634477 ], [ -69.253033143655585, 48.564410573332552 ], [ -69.252445585587495, 48.569578444822056 ], [ -69.245407824717233, 48.571824403561727 ], [ -69.238958552087624, 48.568902166139395 ], [ -69.239547470290418, 48.563734416771382 ], [ -69.246584301048372, 48.561488782634477 ] ] ] } },
{ "type": "Feature", "properties": { "hex_id": 956906, "centroid_lon": -69.238369466968152, "centroid_lat": 48.574069905493005, "occurrences_today": 14, "datetimes_today": "2026-04-26 09:13:02, 2026-04-26 09:31:41, 2026-04-26 09:46:52, 2026-04-26 10:01:52, 2026-04-26 10:31:53, 2026-04-26 10:46:43, 2026-04-26 11:01:43, 2026-04-26 11:16:44, 2026-04-26 11:32:03, 2026-04-26 11:46:47, 2026-04-26 11:59:41, 2026-04-26 12:16:55, 2026-04-26 12:32:09, 2026-04-26 12:46:38", "cumulative_total": 28.0 }, "geometry": { "type": "Polygon", "coordinates": [ [ [ -69.238958552087624, 48.568902166139395 ], [ -69.245407824717233, 48.571824403561727 ], [ -69.244819336446412, 48.576992199021717 ], [ -69.237780214871648, 48.57923763483025 ], [ -69.231330512400618, 48.576314950519198 ], [ -69.23192036128539, 48.571147277358037 ], [ -69.238958552087624, 48.568902166139395 ] ] ] } },
{ "type": "Feature", "properties": { "hex_id": 704535, "centroid_lon": -72.227374146590705, "centroid_lat": 45.029681059412837, "occurrences_today": 15, "datetimes_today": "2026-04-26 14:01:48, 2026-04-26 14:16:41, 2026-04-26 14:30:06, 2026-04-26 14:46:48, 2026-04-26 15:01:42, 2026-04-26 15:16:36, 2026-04-26 15:31:39, 2026-04-26 15:47:10, 2026-04-26 16:01:41, 2026-04-26 16:17:01, 2026-04-26 16:46:42, 2026-04-26 17:02:09, 2026-04-26 17:16:43, 2026-04-26 17:31:51, 2026-04-26 17:46:59", "cumulative_total": 17.0 }, "geometry": { "type": "Polygon", "coordinates": [ [ [ -72.227624933080747, 45.024489912885763 ], [ -72.233839069287697, 45.027239330023228 ], [ -72.23358882051086, 45.032430501324122 ], [ -72.227123292054799, 45.034872200102463 ], [ -72.220908686191791, 45.032122408096626 ], [ -72.221160078418379, 45.026931292243852 ], [ -72.227624933080747, 45.024489912885763 ] ] ] } },
{ "type": "Feature", "properties": { "hex_id": 638774, "centroid_lon": -72.806929887704285, "centroid_lat": 47.739103518801826, "occurrences_today": 15, "datetimes_today": "2026-04-26 11:59:41, 2026-04-26 12:16:55, 2026-04-26 12:32:09, 2026-04-26 12:46:38, 2026-04-26 12:57:41, 2026-04-26 13:16:47, 2026-04-26 13:31:39, 2026-04-26 14:01:48, 2026-04-26 14:16:41, 2026-04-26 14:30:06, 2026-04-26 14:46:48, 2026-04-26 15:01:42, 2026-04-26 15:16:36, 2026-04-26 15:31:39, 2026-04-26 15:47:10", "cumulative_total": 38.0 }, "geometry": { "type": "Polygon", "coordinates": [ [ [ -72.807147957221147, 47.733912560480952 ], [ -72.813702991298456, 47.736635246052238 ], [ -72.813485552609805, 47.741826224639439 ], [ -72.806711756873369, 47.744294471648836 ], [ -72.800156153292789, 47.741571380408516 ], [ -72.800374914930089, 47.736380447897581 ], [ -72.807147957221147, 47.733912560480952 ] ] ] } },
{ "type": "Feature", "properties": { "hex_id": 639995, "centroid_lon": -72.793601242018212, "centroid_lat": 47.738847924144281, "occurrences_today": 15, "datetimes_today": "2026-04-26 11:59:41, 2026-04-26 12:16:55, 2026-04-26 12:32:09, 2026-04-26 12:46:38, 2026-04-26 12:57:41, 2026-04-26 13:16:47, 2026-04-26 13:31:39, 2026-04-26 14:01:48, 2026-04-26 14:16:41, 2026-04-26 14:30:06, 2026-04-26 14:46:48, 2026-04-26 15:01:42, 2026-04-26 15:16:36, 2026-04-26 15:31:39, 2026-04-26 15:47:10", "cumulative_total": 38.0 }, "geometry": { "type": "Polygon", "coordinates": [ [ [ -72.793820634265401, 47.733657012034733 ], [ -72.800374914930089, 47.736380447897581 ], [ -72.800156153292789, 47.741571380408516 ], [ -72.793381788085853, 47.744038830770826 ], [ -72.786826938507431, 47.741314989119608 ], [ -72.787047023027711, 47.736124102964197 ], [ -72.793820634265401, 47.733657012034733 ] ] ] } },
{ "type": "Feature", "properties": { "hex_id": 751630, "centroid_lon": -71.660102502267236, "centroid_lat": 46.36306621106035, "occurrences_today": 15, "datetimes_today": "2026-04-26 20:16:53, 2026-04-26 20:31:55, 2026-04-26 20:46:23, 2026-04-26 21:01:31, 2026-04-26 21:16:34, 2026-04-26 21:31:25, 2026-04-26 21:47:11, 2026-04-26 22:01:22, 2026-04-26 22:16:19, 2026-04-26 22:31:37, 2026-04-26 22:46:36, 2026-04-26 23:01:43, 2026-04-26 23:16:30, 2026-04-26 23:31:21, 2026-04-26 23:46:23", "cumulative_total": 50.0 }, "geometry": { "type": "Polygon", "coordinates": [ [ [ -71.660418916865183, 46.357879027006483 ], [ -71.666749286844933, 46.360662151566139 ], [ -71.666433440687371, 46.365849366551622 ], [ -71.65978600044987, 46.368253388717932 ], [ -71.653455149264104, 46.365469867183826 ], [ -71.653772219491984, 46.360282720523678 ], [ -71.660418916865183, 46.357879027006483 ] ] ] } },
{ "type": "Feature", "properties": { "hex_id": 28270, "centroid_lon": -79.465685106236123, "centroid_lat": 47.610728964798419, "occurrences_today": 2, "datetimes_today": "2026-04-26 00:46:42, 2026-04-26 01:01:50", "cumulative_total": 3.0 }, "geometry": { "type": "Polygon", "coordinates": [ [ [ -79.465243386232288, 47.605549871202093 ], [ -79.472096556592859, 47.607880529701738 ], [ -79.472538989252939, 47.61305957270271 ], [ -79.46612694992217, 47.615908050581709 ], [ -79.459272943201327, 47.613577062158136 ], [ -79.458831812215237, 47.608397925847733 ], [ -79.465243386232288, 47.605549871202093 ] ] ] } },
{ "type": "Feature", "properties": { "hex_id": 572055, "centroid_lon": -73.604678840629973, "centroid_lat": 45.03143795993126, "occurrences_today": 19, "datetimes_today": "2026-04-26 02:46:44, 2026-04-26 03:02:50, 2026-04-26 03:16:50, 2026-04-26 03:31:40, 2026-04-26 03:46:49, 2026-04-26 04:01:42, 2026-04-26 04:17:16, 2026-04-26 04:32:05, 2026-04-26 04:47:01, 2026-04-26 05:01:56, 2026-04-26 05:16:04, 2026-04-26 05:31:47, 2026-04-26 05:46:46, 2026-04-26 06:01:50, 2026-04-26 06:31:46, 2026-04-26 06:46:46, 2026-04-26 07:01:42, 2026-04-26 07:16:47, 2026-04-26 07:31:57", "cumulative_total": 20.0 }, "geometry": { "type": "Polygon", "coordinates": [ [ [ -73.604805092996898, 45.026242264775867 ], [ -73.61108723004115, 45.028917471441446 ], [ -73.610961534320992, 45.034113178021173 ], [ -73.604552553976262, 45.036633650061148 ], [ -73.598269894577683, 45.033958080731068 ], [ -73.598396737866793, 45.028762402088958 ], [ -73.604805092996898, 45.026242264775867 ] ] ] } },
{ "type": "Feature", "properties": { "hex_id": 517214, "centroid_lon": -74.151570384173397, "centroid_lat": 46.658120983113179, "occurrences_today": 6, "datetimes_today": "2026-04-26 17:46:59, 2026-04-26 18:16:56, 2026-04-26 18:31:46, 2026-04-26 19:01:35, 2026-04-26 19:16:52, 2026-04-26 20:16:53", "cumulative_total": 17.0 }, "geometry": { "type": "Polygon", "coordinates": [ [ [ -74.151651637211842, 46.652925800611648 ], [ -74.158145157047016, 46.655571658123371 ], [ -74.158064518452008, 46.660766846910441 ], [ -74.151489108614882, 46.663316160766705 ], [ -74.144994996860191, 46.660669925009593 ], [ -74.145076886854369, 46.65547475370893 ], [ -74.151651637211842, 46.652925800611648 ] ] ] } },
{ "type": "Feature", "properties": { "hex_id": 517215, "centroid_lon": -74.151326489906523, "centroid_lat": 46.673706501529729, "occurrences_today": 6, "datetimes_today": "2026-04-26 17:46:59, 2026-04-26 18:16:56, 2026-04-26 18:31:46, 2026-04-26 19:01:35, 2026-04-26 19:16:52, 2026-04-26 20:16:53", "cumulative_total": 17.0 }, "geometry": { "type": "Polygon", "coordinates": [ [ [ -74.151407810528525, 46.668511333572205 ], [ -74.157903174202545, 46.671157209945548 ], [ -74.157822468532601, 46.676352384193592 ], [ -74.151245146741076, 46.67890166463927 ], [ -74.144749190662353, 46.676255409813535 ], [ -74.144831148772042, 46.671060253061867 ], [ -74.151407810528525, 46.668511333572205 ] ] ] } },
{ "type": "Feature", "properties": { "hex_id": 517825, "centroid_lon": -74.144913084168721, "centroid_lat": 46.665865091460581, "occurrences_today": 6, "datetimes_today": "2026-04-26 17:46:59, 2026-04-26 18:16:56, 2026-04-26 18:31:46, 2026-04-26 19:01:35, 2026-04-26 19:16:52, 2026-04-26 20:16:53", "cumulative_total": 17.0 }, "geometry": { "type": "Polygon", "coordinates": [ [ [ -74.144994996860191, 46.660669925009593 ], [ -74.151489108614882, 46.663316160766705 ], [ -74.151407810528525, 46.668511333572205 ], [ -74.144831148772042, 46.671060253061867 ], [ -74.13833644512134, 46.668413638892297 ], [ -74.138418995115273, 46.663218483712868 ], [ -74.144994996860191, 46.660669925009593 ] ] ] } },
{ "type": "Feature", "properties": { "hex_id": 517826, "centroid_lon": -74.144667209831752, "centroid_lat": 46.68145056171555, "occurrences_today": 8, "datetimes_today": "2026-04-26 17:16:43, 2026-04-26 17:31:51, 2026-04-26 17:46:59, 2026-04-26 18:16:56, 2026-04-26 18:31:46, 2026-04-26 19:01:35, 2026-04-26 19:16:52, 2026-04-26 20:16:53", "cumulative_total": 19.0 }, "geometry": { "type": "Polygon", "coordinates": [ [ [ -74.144749190662353, 46.676255409813535 ], [ -74.151245146741076, 46.67890166463927 ], [ -74.15116378102438, 46.684096822900848 ], [ -74.144585206272367, 46.686645708767941 ], [ -74.138088657812446, 46.683999075322618 ], [ -74.138171276477863, 46.678803934697179 ], [ -74.144749190662353, 46.676255409813535 ] ] ] } },
{ "type": "Feature", "properties": { "hex_id": 518435, "centroid_lon": -74.138501522234563, "centroid_lat": 46.658023323682059, "occurrences_today": 6, "datetimes_today": "2026-04-26 17:46:59, 2026-04-26 18:16:56, 2026-04-26 18:31:46, 2026-04-26 19:01:35, 2026-04-26 19:16:52, 2026-04-26 20:16:53", "cumulative_total": 17.0 }, "geometry": { "type": "Polygon", "coordinates": [ [ [ -74.138584026487123, 46.652828158799899 ], [ -74.145076886854369, 46.65547475370893 ], [ -74.144994996860191, 46.660669925009593 ], [ -74.138418995115273, 46.663218483712868 ], [ -74.131925543360339, 46.660571510431318 ], [ -74.13200868473011, 46.655376356886322 ], [ -74.138584026487123, 46.652828158799899 ] ] ] } },
{ "type": "Feature", "properties": { "hex_id": 518436, "centroid_lon": -74.138253872244846, "centroid_lat": 46.673608789220395, "occurrences_today": 8, "datetimes_today": "2026-04-26 17:16:43, 2026-04-26 17:31:51, 2026-04-26 17:46:59, 2026-04-26 18:16:56, 2026-04-26 18:31:46, 2026-04-26 19:01:35, 2026-04-26 19:16:52, 2026-04-26 20:16:53", "cumulative_total": 19.0 }, "geometry": { "type": "Polygon", "coordinates": [ [ [ -74.13833644512134, 46.668413638892297 ], [ -74.144831148772042, 46.671060253061867 ], [ -74.144749190662353, 46.676255409813535 ], [ -74.138171276477863, 46.678803934697179 ], [ -74.131675980954796, 46.676156941948015 ], [ -74.131759191480654, 46.67096180296214 ], [ -74.13833644512134, 46.668413638892297 ] ] ] } },
{ "type": "Feature", "properties": { "hex_id": 518437, "centroid_lon": -74.138006016240709, "centroid_lat": 46.689194211096762, "occurrences_today": 6, "datetimes_today": "2026-04-26 17:46:59, 2026-04-26 18:16:56, 2026-04-26 18:31:46, 2026-04-26 19:01:35, 2026-04-26 19:16:52, 2026-04-26 20:16:53", "cumulative_total": 17.0 }, "geometry": { "type": "Polygon", "coordinates": [ [ [ -74.138088657812446, 46.683999075322618 ], [ -74.144585206272367, 46.686645708767941 ], [ -74.144503179976354, 46.691840850970706 ], [ -74.137923351754679, 46.694389342019633 ], [ -74.131426210937278, 46.691742329787516 ], [ -74.131509490691101, 46.686547205360689 ], [ -74.138088657812446, 46.683999075322618 ] ] ] } },
{ "type": "Feature", "properties": { "hex_id": 519046, "centroid_lon": -74.131842378946516, "centroid_lat": 46.665766659123257, "occurrences_today": 6, "datetimes_today": "2026-04-26 17:46:59, 2026-04-26 18:16:56, 2026-04-26 18:31:46, 2026-04-26 19:01:35, 2026-04-26 19:16:52, 2026-04-26 20:16:53", "cumulative_total": 17.0 }, "geometry": { "type": "Polygon", "coordinates": [ [ [ -74.131925543360339, 46.660571510431318 ], [ -74.138418995115273, 46.663218483712868 ], [ -74.13833644512134, 46.668413638892297 ], [ -74.131759191480654, 46.67096180296214 ], [ -74.125265148361848, 46.668314451141043 ], [ -74.125348950239612, 46.663119313856996 ], [ -74.131925543360339, 46.660571510431318 ] ] ] } },
{ "type": "Feature", "properties": { "hex_id": 519047, "centroid_lon": -74.131592747360941, "centroid_lat": 46.681352076080849, "occurrences_today": 6, "datetimes_today": "2026-04-26 17:46:59, 2026-04-26 18:16:56, 2026-04-26 18:31:46, 2026-04-26 19:01:35, 2026-04-26 19:16:52, 2026-04-26 20:16:53", "cumulative_total": 17.0 }, "geometry": { "type": "Polygon", "coordinates": [ [ [ -74.131675980954796, 46.676156941948015 ], [ -74.138171276477863, 46.678803934697179 ], [ -74.138088657812446, 46.683999075322618 ], [ -74.131509490691101, 46.686547205360689 ], [ -74.125013603319559, 46.683899833864785 ], [ -74.125097474909879, 46.678704711144931 ], [ -74.131675980954796, 46.676156941948015 ] ] ] } },
{ "type": "Feature", "properties": { "hex_id": 519655, "centroid_lon": -74.125683925616656, "centroid_lat": 46.642338716173015, "occurrences_today": 6, "datetimes_today": "2026-04-26 17:46:59, 2026-04-26 18:16:56, 2026-04-26 18:31:46, 2026-04-26 19:01:35, 2026-04-26 19:16:52, 2026-04-26 20:16:53", "cumulative_total": 17.0 }, "geometry": { "type": "Polygon", "coordinates": [ [ [ -74.125767611467595, 46.637143554615015 ], [ -74.132257970654834, 46.639790867132817 ], [ -74.132174898369385, 46.644986035237082 ], [ -74.12560021657643, 46.647533872876188 ], [ -74.119109267017038, 46.64488618206591 ], [ -74.119193589614724, 46.639691031976284 ], [ -74.125767611467595, 46.637143554615015 ] ] ] } },
{ "type": "Feature", "properties": { "hex_id": 519656, "centroid_lon": -74.12543272889593, "centroid_lat": 46.657924171718172, "occurrences_today": 6, "datetimes_today": "2026-04-26 17:46:59, 2026-04-26 18:16:56, 2026-04-26 18:31:46, 2026-04-26 19:01:35, 2026-04-26 19:16:52, 2026-04-26 20:16:53", "cumulative_total": 17.0 }, "geometry": { "type": "Polygon", "coordinates": [ [ [ -74.12551648433886, 46.652729024724586 ], [ -74.13200868473011, 46.655376356886322 ], [ -74.131925543360339, 46.660571510431318 ], [ -74.125348950239612, 46.663119313856996 ], [ -74.118856158992628, 46.660471603195745 ], [ -74.118940551714076, 46.655276467675648 ], [ -74.12551648433886, 46.652729024724586 ] ] ] } },
{ "type": "Feature", "properties": { "hex_id": 519657, "centroid_lon": -74.125181323254623, "centroid_lat": 46.673509583570365, "occurrences_today": 6, "datetimes_today": "2026-04-26 17:46:59, 2026-04-26 18:16:56, 2026-04-26 18:31:46, 2026-04-26 19:01:35, 2026-04-26 19:16:52, 2026-04-26 20:16:53", "cumulative_total": 17.0 }, "geometry": { "type": "Polygon", "coordinates": [ [ [ -74.125265148361848, 46.668314451141043 ], [ -74.131759191480654, 46.67096180296214 ], [ -74.131675980954796, 46.676156941948015 ], [ -74.125097474909879, 46.678704711144931 ], [ -74.118602840451231, 46.676056980617176 ], [ -74.118687303369285, 46.670861859666502 ], [ -74.125265148361848, 46.668314451141043 ] ] ] } },
{ "type": "Feature", "properties": { "hex_id": 520265, "centroid_lon": -74.119277888853986, "centroid_lat": 46.634495877030083, "occurrences_today": 6, "datetimes_today": "2026-04-26 17:46:59, 2026-04-26 18:16:56, 2026-04-26 18:31:46, 2026-04-26 19:01:35, 2026-04-26 19:16:52, 2026-04-26 20:16:53", "cumulative_total": 17.0 }, "geometry": { "type": "Polygon", "coordinates": [ [ [ -74.119362164742896, 46.629300717227373 ], [ -74.125851274137219, 46.631948388202197 ], [ -74.125767611467595, 46.637143554615015 ], [ -74.119193589614724, 46.639691031976284 ], [ -74.112703890355505, 46.637042982749051 ], [ -74.11278880280598, 46.631847834480219 ], [ -74.119362164742896, 46.629300717227373 ] ] ] } },
{ "type": "Feature", "properties": { "hex_id": 520266, "centroid_lon": -74.119024921052855, "centroid_lat": 46.650081327299048, "occurrences_today": 6, "datetimes_today": "2026-04-26 17:46:59, 2026-04-26 18:16:56, 2026-04-26 18:31:46, 2026-04-26 19:01:35, 2026-04-26 19:16:52, 2026-04-26 20:16:53", "cumulative_total": 17.0 }, "geometry": { "type": "Polygon", "coordinates": [ [ [ -74.119109267017038, 46.64488618206591 ], [ -74.12560021657643, 46.647533872876188 ], [ -74.12551648433886, 46.652729024724586 ], [ -74.118940551714076, 46.655276467675648 ], [ -74.112449011806689, 46.652628398405973 ], [ -74.112533994864009, 46.647433264711928 ], [ -74.119109267017038, 46.64488618206591 ] ] ] } },
{ "type": "Feature", "properties": { "hex_id": 520267, "centroid_lon": -74.118771742880398, "centroid_lat": 46.665666733859368, "occurrences_today": 6, "datetimes_today": "2026-04-26 17:46:59, 2026-04-26 18:16:56, 2026-04-26 18:31:46, 2026-04-26 19:01:35, 2026-04-26 19:16:52, 2026-04-26 20:16:53", "cumulative_total": 17.0 }, "geometry": { "type": "Polygon", "coordinates": [ [ [ -74.118856158992628, 46.660471603195745 ], [ -74.125348950239612, 46.663119313856996 ], [ -74.125265148361848, 46.668314451141043 ], [ -74.118687303369285, 46.670861859666502 ], [ -74.112193921290753, 46.668213770338717 ], [ -74.112278975028232, 46.66301865121936 ], [ -74.118856158992628, 46.660471603195745 ] ] ] } },
{ "type": "Feature", "properties": { "hex_id": 520876, "centroid_lon": -74.112618954377552, "centroid_lat": 46.642238126159619, "occurrences_today": 6, "datetimes_today": "2026-04-26 17:46:59, 2026-04-26 18:16:56, 2026-04-26 18:31:46, 2026-04-26 19:01:35, 2026-04-26 19:16:52, 2026-04-26 20:16:53", "cumulative_total": 17.0 }, "geometry": { "type": "Polygon", "coordinates": [ [ [ -74.112703890355505, 46.637042982749051 ], [ -74.119193589614724, 46.639691031976284 ], [ -74.119109267017038, 46.64488618206591 ], [ -74.112533994864009, 46.647433264711928 ], [ -74.106043705764208, 46.644784837065401 ], [ -74.106129278649874, 46.639589705259461 ], [ -74.112703890355505, 46.637042982749051 ] ] ] } },
{ "type": "Feature", "properties": { "hex_id": 520877, "centroid_lon": -74.112364005197492, "centroid_lat": 46.657823527241774, "occurrences_today": 6, "datetimes_today": "2026-04-26 17:46:59, 2026-04-26 18:16:56, 2026-04-26 18:31:46, 2026-04-26 19:01:35, 2026-04-26 19:16:52, 2026-04-26 20:16:53", "cumulative_total": 17.0 }, "geometry": { "type": "Polygon", "coordinates": [ [ [ -74.112449011806689, 46.652628398405973 ], [ -74.118940551714076, 46.655276467675648 ], [ -74.118856158992628, 46.660471603195745 ], [ -74.112278975028232, 46.66301865121936 ], [ -74.105786844797223, 46.660370203323289 ], [ -74.105872488846074, 46.655175086097316 ], [ -74.112449011806689, 46.652628398405973 ] ] ] } },
{ "type": "Feature", "properties": { "hex_id": 521486, "centroid_lon": -74.106214827830911, "centroid_lat": 46.634394568593493, "occurrences_today": 6, "datetimes_today": "2026-04-26 17:46:59, 2026-04-26 18:16:56, 2026-04-26 18:31:46, 2026-04-26 19:01:35, 2026-04-26 19:16:52, 2026-04-26 20:16:53", "cumulative_total": 17.0 }, "geometry": { "type": "Polygon", "coordinates": [ [ [ -74.106300353315476, 46.629199427067533 ], [ -74.11278880280598, 46.631847834480219 ], [ -74.112703890355505, 46.637042982749051 ], [ -74.106129278649874, 46.639589705259461 ], [ -74.099640239825831, 46.636940919467648 ], [ -74.099726402032758, 46.631745789611792 ], [ -74.106300353315476, 46.629199427067533 ] ] ] } },
{ "type": "Feature", "properties": { "hex_id": 521487, "centroid_lon": -74.105958109165655, "centroid_lat": 46.649979964011372, "occurrences_today": 6, "datetimes_today": "2026-04-26 17:46:59, 2026-04-26 18:16:56, 2026-04-26 18:31:46, 2026-04-26 19:01:35, 2026-04-26 19:16:52, 2026-04-26 20:16:53", "cumulative_total": 17.0 }, "geometry": { "type": "Polygon", "coordinates": [ [ [ -74.106043705764208, 46.644784837065401 ], [ -74.112533994864009, 46.647433264711928 ], [ -74.112449011806689, 46.652628398405973 ], [ -74.105872488846074, 46.655175086097316 ], [ -74.099381609930219, 46.652526279864624 ], [ -74.099467843782818, 46.647331164594057 ], [ -74.106043705764208, 46.644784837065401 ] ] ] } },
{ "type": "Feature", "properties": { "hex_id": 522096, "centroid_lon": -74.099812540374316, "centroid_lat": 46.626550654894167, "occurrences_today": 6, "datetimes_today": "2026-04-26 17:46:59, 2026-04-26 18:16:56, 2026-04-26 18:31:46, 2026-04-26 19:01:35, 2026-04-26 19:16:52, 2026-04-26 20:16:53", "cumulative_total": 17.0 }, "geometry": { "type": "Polygon", "coordinates": [ [ [ -74.099898654858734, 46.621355515314754 ], [ -74.106385855111796, 46.624004280681518 ], [ -74.106300353315476, 46.629199427067533 ], [ -74.099726402032758, 46.631745789611792 ], [ -74.093238612952831, 46.629096645906095 ], [ -74.093325363974245, 46.623901518062269 ], [ -74.099898654858734, 46.621355515314754 ] ] ] } },
{ "type": "Feature", "properties": { "hex_id": 522097, "centroid_lon": -74.099554053745265, "centroid_lat": 46.642136044461722, "occurrences_today": 6, "datetimes_today": "2026-04-26 17:46:59, 2026-04-26 18:16:56, 2026-04-26 18:31:46, 2026-04-26 19:01:35, 2026-04-26 19:16:52, 2026-04-26 20:16:53", "cumulative_total": 17.0 }, "geometry": { "type": "Polygon", "coordinates": [ [ [ -74.099640239825831, 46.636940919467648 ], [ -74.106129278649874, 46.639589705259461 ], [ -74.106043705764208, 46.644784837065401 ], [ -74.099467843782818, 46.647331164594057 ], [ -74.092978215649921, 46.644682000256239 ], [ -74.093065038798983, 46.639486887003073 ], [ -74.099640239825831, 46.636940919467648 ] ] ] } },
{ "type": "Feature", "properties": { "hex_id": 363308, "centroid_lon": -75.785011000603788, "centroid_lat": 45.723258307401004, "occurrences_today": 10, "datetimes_today": "2026-04-26 00:02:00, 2026-04-26 00:16:58, 2026-04-26 00:31:49, 2026-04-26 00:46:42, 2026-04-26 01:01:50, 2026-04-26 01:16:59, 2026-04-26 01:31:40, 2026-04-26 01:47:00, 2026-04-26 02:02:13, 2026-04-26 02:16:44", "cumulative_total": 15.0 }, "geometry": { "type": "Polygon", "coordinates": [ [ [ -75.784938232484521, 45.718062189381676 ], [ -75.791398999886397, 45.720615926666945 ], [ -75.791472373448585, 45.725812034279357 ], [ -75.785083788652301, 45.728454420583354 ], [ -75.778622395874905, 45.725900333639515 ], [ -75.778550213276034, 45.720704210115358 ], [ -75.784938232484521, 45.718062189381676 ] ] ] } },
{ "type": "Feature", "properties": { "hex_id": 727183, "centroid_lon": -71.943094138231046, "centroid_lat": 45.95007313547849, "occurrences_today": 9, "datetimes_today": "2026-04-26 00:02:00, 2026-04-26 00:16:58, 2026-04-26 00:31:49, 2026-04-26 00:46:42, 2026-04-26 01:01:50, 2026-04-26 01:16:59, 2026-04-26 01:31:40, 2026-04-26 01:47:00, 2026-04-26 02:02:13", "cumulative_total": 12.0 }, "geometry": { "type": "Polygon", "coordinates": [ [ [ -71.943379627627309, 45.944884141277981 ], [ -71.949678880243269, 45.94765092900127 ], [ -71.949393951158328, 45.95283995116349 ], [ -71.94280857053117, 45.955262123567515 ], [ -71.93650883592079, 45.952494946712271 ], [ -71.936794963905442, 45.947305986649937 ], [ -71.943379627627309, 45.944884141277981 ] ] ] } },
{ "type": "Feature", "properties": { "hex_id": 727794, "centroid_lon": -71.936222629455457, "centroid_lat": 45.95768390065713, "occurrences_today": 9, "datetimes_today": "2026-04-26 00:02:00, 2026-04-26 00:16:58, 2026-04-26 00:31:49, 2026-04-26 00:46:42, 2026-04-26 01:01:50, 2026-04-26 01:16:59, 2026-04-26 01:31:40, 2026-04-26 01:47:00, 2026-04-26 02:02:13", "cumulative_total": 12.0 }, "geometry": { "type": "Polygon", "coordinates": [ [ [ -71.93650883592079, 45.952494946712271 ], [ -71.94280857053117, 45.955262123567515 ], [ -71.942522924501134, 45.960451105544585 ], [ -71.935936344482869, 45.962872848484061 ], [ -71.929636127957764, 45.960105282338972 ], [ -71.929922973339032, 45.954916362609218 ], [ -71.93650883592079, 45.952494946712271 ] ] ] } },
{ "type": "Feature", "properties": { "hex_id": 688886, "centroid_lon": -72.218047983477334, "centroid_lat": 48.521178398041243, "occurrences_today": 7, "datetimes_today": "2026-04-26 11:16:44, 2026-04-26 11:32:03, 2026-04-26 11:46:47, 2026-04-26 11:59:41, 2026-04-26 12:16:55, 2026-04-26 12:32:09, 2026-04-26 12:46:38", "cumulative_total": 7.0 }, "geometry": { "type": "Polygon", "coordinates": [ [ [ -72.218332255927237, 48.51599046894367 ], [ -72.224953124324969, 48.51874778670048 ], [ -72.224669500506366, 48.523935742436201 ], [ -72.217763630201318, 48.526366321190402 ], [ -72.211142194013092, 48.523608581315308 ], [ -72.211427195891062, 48.518420684875984 ], [ -72.218332255927237, 48.51599046894367 ] ] ] } },
{ "type": "Feature", "properties": { "hex_id": 432918, "centroid_lon": -75.052720268643952, "centroid_lat": 45.928606918834987, "occurrences_today": 10, "datetimes_today": "2026-04-26 12:46:38, 2026-04-26 12:57:41, 2026-04-26 13:16:47, 2026-04-26 13:31:39, 2026-04-26 14:01:48, 2026-04-26 14:16:41, 2026-04-26 14:30:06, 2026-04-26 14:46:48, 2026-04-26 15:01:42, 2026-04-26 15:16:36", "cumulative_total": 10.0 }, "geometry": { "type": "Polygon", "coordinates": [ [ [ -75.052715346373944, 45.923410502127965 ], [ -75.059166466292609, 45.926005554305014 ], [ -75.059171991432535, 45.931201968069523 ], [ -75.052725192265584, 45.933803330795222 ], [ -75.046273468125136, 45.931207918789312 ], [ -75.046269147373877, 45.926011503952189 ], [ -75.052715346373944, 45.923410502127965 ] ] ] } },
{ "type": "Feature", "properties": { "hex_id": 960513, "centroid_lon": -69.295247817843787, "centroid_lat": 47.703772876285925, "occurrences_today": 3, "datetimes_today": "2026-04-26 12:46:38, 2026-04-26 12:57:41, 2026-04-26 13:16:47", "cumulative_total": 3.0 }, "geometry": { "type": "Polygon", "coordinates": [ [ [ -69.295813579073553, 47.698603837122008 ], [ -69.302162152084918, 47.701518917822121 ], [ -69.301596960787393, 47.706688011617914 ], [ -69.294681898293916, 47.708941905678302 ], [ -69.288332913698369, 47.706026391212013 ], [ -69.288899403124574, 47.700857416518971 ], [ -69.295813579073553, 47.698603837122008 ] ] ] } },
{ "type": "Feature", "properties": { "hex_id": 961123, "centroid_lon": -69.289465734079641, "centroid_lat": 47.695688432043703, "occurrences_today": 3, "datetimes_today": "2026-04-26 12:46:38, 2026-04-26 12:57:41, 2026-04-26 13:16:47", "cumulative_total": 3.0 }, "geometry": { "type": "Polygon", "coordinates": [ [ [ -69.290031906619546, 47.690519437787998 ], [ -69.296379182039132, 47.693434788188405 ], [ -69.295813579073553, 47.698603837122008 ], [ -69.288899403124574, 47.700857416518971 ], [ -69.282551716573778, 47.697941632427742 ], [ -69.283118617047236, 47.692772702697837 ], [ -69.290031906619546, 47.690519437787998 ] ] ] } },
{ "type": "Feature", "properties": { "hex_id": 961733, "centroid_lon": -69.283685358954656, "centroid_lat": 47.687603763176767, "occurrences_today": 3, "datetimes_today": "2026-04-26 12:46:38, 2026-04-26 12:57:41, 2026-04-26 13:16:47", "cumulative_total": 3.0 }, "geometry": { "type": "Polygon", "coordinates": [ [ [ -69.284251942352, 47.682434813866394 ], [ -69.290597920800252, 47.685350433753712 ], [ -69.290031906619546, 47.690519437787998 ], [ -69.283118617047236, 47.692772702697837 ], [ -69.276772227920404, 47.689856649195015 ], [ -69.277339538988485, 47.684687764465281 ], [ -69.284251942352, 47.682434813866394 ] ] ] } },
{ "type": "Feature", "properties": { "hex_id": 961734, "centroid_lon": -69.281984657478262, "centroid_lat": 47.70311055236467, "occurrences_today": 3, "datetimes_today": "2026-04-26 12:46:38, 2026-04-26 12:57:41, 2026-04-26 13:16:47", "cumulative_total": 3.0 }, "geometry": { "type": "Polygon", "coordinates": [ [ [ -69.282551716573778, 47.697941632427742 ], [ -69.288899403124574, 47.700857416518971 ], [ -69.288332913698369, 47.706026391212013 ], [ -69.281417439704626, 47.708279462506759 ], [ -69.275069342190633, 47.705363244565483 ], [ -69.275637129577547, 47.70019438924696 ], [ -69.282551716573778, 47.697941632427742 ] ] ] } },
{ "type": "Feature", "properties": { "hex_id": 962344, "centroid_lon": -69.276204758135435, "centroid_lat": 47.695025524122848, "occurrences_today": 3, "datetimes_today": "2026-04-26 12:46:38, 2026-04-26 12:57:41, 2026-04-26 13:16:47", "cumulative_total": 3.0 }, "geometry": { "type": "Polygon", "coordinates": [ [ [ -69.276772227920404, 47.689856649195015 ], [ -69.283118617047236, 47.692772702697837 ], [ -69.282551716573778, 47.697941632427742 ], [ -69.275637129577547, 47.70019438924696 ], [ -69.269290329940148, 47.697277901969542 ], [ -69.26985852775347, 47.692109091714961 ], [ -69.276772227920404, 47.689856649195015 ] ] ] } },
{ "type": "Feature", "properties": { "hex_id": 962345, "centroid_lon": -69.27450139591862, "centroid_lat": 47.710532090076583, "occurrences_today": 3, "datetimes_today": "2026-04-26 12:46:38, 2026-04-26 12:57:41, 2026-04-26 13:16:47", "cumulative_total": 3.0 }, "geometry": { "type": "Polygon", "coordinates": [ [ [ -69.275069342190633, 47.705363244565483 ], [ -69.281417439704626, 47.708279462506759 ], [ -69.280850063196866, 47.713448362852183 ], [ -69.273933290705344, 47.715700925778407 ], [ -69.267584782396412, 47.712784273827886 ], [ -69.268153457317794, 47.707615493027859 ], [ -69.275069342190633, 47.705363244565483 ] ] ] } },
{ "type": "Feature", "properties": { "hex_id": 962954, "centroid_lon": -69.270426566643096, "centroid_lat": 47.686940271645874, "occurrences_today": 3, "datetimes_today": "2026-04-26 12:46:38, 2026-04-26 12:57:41, 2026-04-26 13:16:47", "cumulative_total": 3.0 }, "geometry": { "type": "Polygon", "coordinates": [ [ [ -69.270994446665085, 47.681771441764148 ], [ -69.277339538988485, 47.684687764465281 ], [ -69.276772227920404, 47.689856649195015 ], [ -69.26985852775347, 47.692109091714961 ], [ -69.263513025371836, 47.689192335314658 ], [ -69.26408163315925, 47.684023570161003 ], [ -69.270994446665085, 47.681771441764148 ] ] ] } },
{ "type": "Feature", "properties": { "hex_id": 962955, "centroid_lon": -69.268721973146967, "centroid_lat": 47.702446702407791, "occurrences_today": 3, "datetimes_today": "2026-04-26 12:46:38, 2026-04-26 12:57:41, 2026-04-26 13:16:47", "cumulative_total": 3.0 }, "geometry": { "type": "Polygon", "coordinates": [ [ [ -69.269290329940148, 47.697277901969542 ], [ -69.275637129577547, 47.70019438924696 ], [ -69.275069342190633, 47.705363244565483 ], [ -69.268153457317794, 47.707615493027859 ], [ -69.261806247338228, 47.704698571816685 ], [ -69.262375332517507, 47.699529836144343 ], [ -69.269290329940148, 47.697277901969542 ] ] ] } },
{ "type": "Feature", "properties": { "hex_id": 963564, "centroid_lon": -69.26465008192838, "centroid_lat": 47.678854795183952, "occurrences_today": 3, "datetimes_today": "2026-04-26 12:46:38, 2026-04-26 12:57:41, 2026-04-26 13:16:47", "cumulative_total": 3.0 }, "geometry": { "type": "Polygon", "coordinates": [ [ [ -69.265218371735344, 47.673686010385367 ], [ -69.27156216787553, 47.676602602071654 ], [ -69.270994446665085, 47.681771441764148 ], [ -69.26408163315925, 47.684023570161003 ], [ -69.257737427412764, 47.681106544851012 ], [ -69.258306444722308, 47.675937824835273 ], [ -69.265218371735344, 47.673686010385367 ] ] ] } },
{ "type": "Feature", "properties": { "hex_id": 963565, "centroid_lon": -69.262944258509975, "centroid_lat": 47.694361090643042, "occurrences_today": 3, "datetimes_today": "2026-04-26 12:46:38, 2026-04-26 12:57:41, 2026-04-26 13:16:47", "cumulative_total": 3.0 }, "geometry": { "type": "Polygon", "coordinates": [ [ [ -69.263513025371836, 47.689192335314658 ], [ -69.26985852775347, 47.692109091714961 ], [ -69.269290329940148, 47.697277901969542 ], [ -69.262375332517507, 47.699529836144343 ], [ -69.256029420246037, 47.696612645885807 ], [ -69.256598915230839, 47.691443955378141 ], [ -69.263513025371836, 47.689192335314658 ] ] ] } },
{ "type": "Feature", "properties": { "hex_id": 963566, "centroid_lon": -69.261237002915877, "centroid_lat": 47.709867297658207, "occurrences_today": 3, "datetimes_today": "2026-04-26 12:46:38, 2026-04-26 12:57:41, 2026-04-26 13:16:47", "cumulative_total": 3.0 }, "geometry": { "type": "Polygon", "coordinates": [ [ [ -69.261806247338228, 47.704698571816685 ], [ -69.268153457317794, 47.707615493027859 ], [ -69.267584782396412, 47.712784273827886 ], [ -69.260667599194235, 47.715036013667074 ], [ -69.254319979041156, 47.712118658362996 ], [ -69.254889952207492, 47.706949997380093 ], [ -69.261806247338228, 47.704698571816685 ] ] ] } },
{ "type": "Feature", "properties": { "hex_id": 964174, "centroid_lon": -69.258875302919122, "centroid_lat": 47.670769094987214, "occurrences_today": 3, "datetimes_today": "2026-04-26 12:46:38, 2026-04-26 12:57:41, 2026-04-26 13:16:47", "cumulative_total": 3.0 }, "geometry": { "type": "Polygon", "coordinates": [ [ [ -69.259444002059396, 47.665600355308705 ], [ -69.265786502636246, 47.668517215767068 ], [ -69.265218371735344, 47.673686010385367 ], [ -69.258306444722308, 47.675937824835273 ], [ -69.251963534990722, 47.673020530828637 ], [ -69.25253296137079, 47.667851855987735 ], [ -69.259444002059396, 47.665600355308705 ] ] ] } },
{ "type": "Feature", "properties": { "hex_id": 964175, "centroid_lon": -69.257168250934342, "centroid_lat": 47.686275255032591, "occurrences_today": 3, "datetimes_today": "2026-04-26 12:46:38, 2026-04-26 12:57:41, 2026-04-26 13:16:47", "cumulative_total": 3.0 }, "geometry": { "type": "Polygon", "coordinates": [ [ [ -69.257737427412764, 47.681106544851012 ], [ -69.26408163315925, 47.684023570161003 ], [ -69.263513025371836, 47.689192335314658 ], [ -69.256598915230839, 47.691443955378141 ], [ -69.250254300046535, 47.688526496285412 ], [ -69.250824204384827, 47.68335785097932 ], [ -69.257737427412764, 47.681106544851012 ] ] ] } },
{ "type": "Feature", "properties": { "hex_id": 964176, "centroid_lon": -69.255459765923689, "centroid_lat": 47.70178132655375, "occurrences_today": 3, "datetimes_today": "2026-04-26 12:46:38, 2026-04-26 12:57:41, 2026-04-26 13:16:47", "cumulative_total": 3.0 }, "geometry": { "type": "Polygon", "coordinates": [ [ [ -69.256029420246037, 47.696612645885807 ], [ -69.262375332517507, 47.699529836144343 ], [ -69.261806247338228, 47.704698571816685 ], [ -69.254889952207492, 47.706949997380093 ], [ -69.24854363021494, 47.704032373104233 ], [ -69.249114013017916, 47.69886375734972 ], [ -69.256029420246037, 47.696612645885807 ] ] ] } },
{ "type": "Feature", "properties": { "hex_id": 964177, "centroid_lon": -69.253749846368336, "centroid_lat": 47.717287309500563, "occurrences_today": 3, "datetimes_today": "2026-04-26 12:46:38, 2026-04-26 12:57:41, 2026-04-26 13:16:47", "cumulative_total": 3.0 }, "geometry": { "type": "Polygon", "coordinates": [ [ [ -69.254319979041156, 47.712118658362996 ], [ -69.260667599194235, 47.715036013667074 ], [ -69.260098036116972, 47.720204719841391 ], [ -69.253179554132657, 47.72245595079098 ], [ -69.246831523975047, 47.719538161234809 ], [ -69.247402385749893, 47.714369575048643 ], [ -69.254319979041156, 47.712118658362996 ] ] ] } },
{ "type": "Feature", "properties": { "hex_id": 964784, "centroid_lon": -69.253102228543852, "centroid_lat": 47.662683171305588, "occurrences_today": 3, "datetimes_today": "2026-04-26 12:46:38, 2026-04-26 12:57:41, 2026-04-26 13:16:47", "cumulative_total": 3.0 }, "geometry": { "type": "Polygon", "coordinates": [ [ [ -69.253671336566114, 47.657514476784094 ], [ -69.260012542199206, 47.66043160580157 ], [ -69.259444002059396, 47.665600355308705 ], [ -69.25253296137079, 47.667851855987735 ], [ -69.246191347034141, 47.664934293497438 ], [ -69.246761182033509, 47.659765663868257 ], [ -69.253671336566114, 47.657514476784094 ] ] ] } },
{ "type": "Feature", "properties": { "hex_id": 964785, "centroid_lon": -69.251393949347474, "centroid_lat": 47.678189195826448, "occurrences_today": 3, "datetimes_today": "2026-04-26 12:46:38, 2026-04-26 12:57:41, 2026-04-26 13:16:47", "cumulative_total": 3.0 }, "geometry": { "type": "Polygon", "coordinates": [ [ [ -69.251963534990722, 47.673020530828637 ], [ -69.258306444722308, 47.675937824835273 ], [ -69.257737427412764, 47.681106544851012 ], [ -69.250824204384827, 47.68335785097932 ], [ -69.244480885667045, 47.680440123265512 ], [ -69.245051198907163, 47.675271523197935 ], [ -69.251963534990722, 47.673020530828637 ] ] ] } },
{ "type": "Feature", "properties": { "hex_id": 964786, "centroid_lon": -69.249684236276337, "centroid_lat": 47.693695131742821, "occurrences_today": 3, "datetimes_today": "2026-04-26 12:46:38, 2026-04-26 12:57:41, 2026-04-26 13:16:47", "cumulative_total": 3.0 }, "geometry": { "type": "Polygon", "coordinates": [ [ [ -69.250254300046535, 47.688526496285412 ], [ -69.256598915230839, 47.691443955378141 ], [ -69.256029420246037, 47.696612645885807 ], [ -69.249114013017916, 47.69886375734972 ], [ -69.242768988564578, 47.69594586431527 ], [ -69.243339780552091, 47.690777293826052 ], [ -69.250254300046535, 47.688526496285412 ] ] ] } },
{ "type": "Feature", "properties": { "hex_id": 964787, "centroid_lon": -69.247973087811062, "centroid_lat": 47.709200979004493, "occurrences_today": 3, "datetimes_today": "2026-04-26 12:46:38, 2026-04-26 12:57:41, 2026-04-26 13:16:47", "cumulative_total": 3.0 }, "geometry": { "type": "Polygon", "coordinates": [ [ [ -69.24854363021494, 47.704032373104233 ], [ -69.254889952207492, 47.706949997380093 ], [ -69.254319979041156, 47.712118658362996 ], [ -69.247402385749893, 47.714369575048643 ], [ -69.241055654205297, 47.711451516596362 ], [ -69.241626925447591, 47.706282975702301 ], [ -69.24854363021494, 47.704032373104233 ] ] ] } },
{ "type": "Feature", "properties": { "hex_id": 965394, "centroid_lon": -69.247330857731754, "centroid_lat": 47.654597024388934, "occurrences_today": 3, "datetimes_today": "2026-04-26 12:46:38, 2026-04-26 12:57:41, 2026-04-26 13:16:47", "cumulative_total": 3.0 }, "geometry": { "type": "Polygon", "coordinates": [ [ [ -69.247900374185036, 47.649428375061341 ], [ -69.254240285493665, 47.652345772425072 ], [ -69.253671336566114, 47.657514476784094 ], [ -69.246761182033509, 47.659765663868257 ], [ -69.240420862472178, 47.656847833107207 ], [ -69.240991105639978, 47.651679248726609 ], [ -69.247900374185036, 47.649428375061341 ] ] ] } },
{ "type": "Feature", "properties": { "hex_id": 965395, "centroid_lon": -69.245621352677446, "centroid_lat": 47.670102913274619, "occurrences_today": 3, "datetimes_today": "2026-04-26 12:46:38, 2026-04-26 12:57:41, 2026-04-26 13:16:47", "cumulative_total": 3.0 }, "geometry": { "type": "Polygon", "coordinates": [ [ [ -69.246191347034141, 47.664934293497438 ], [ -69.25253296137079, 47.667851855987735 ], [ -69.251963534990722, 47.673020530828637 ], [ -69.245051198907163, 47.675271523197935 ], [ -69.238709176035599, 47.672353527075998 ], [ -69.239279897726263, 47.667184972283763 ], [ -69.246191347034141, 47.664934293497438 ] ] ] } },
{ "type": "Feature", "properties": { "hex_id": 965396, "centroid_lon": -69.243910412900789, "centroid_lat": 47.685608713475517, "occurrences_today": 3, "datetimes_today": "2026-04-26 12:46:38, 2026-04-26 12:57:41, 2026-04-26 13:16:47", "cumulative_total": 3.0 }, "geometry": { "type": "Polygon", "coordinates": [ [ [ -69.244480885667045, 47.680440123265512 ], [ -69.250824204384827, 47.68335785097932 ], [ -69.250254300046535, 47.688526496285412 ], [ -69.243339780552091, 47.690777293826052 ], [ -69.236996053016966, 47.687859132246103 ], [ -69.237567253737296, 47.682690607059023 ], [ -69.244480885667045, 47.680440123265512 ] ] ] } },
{ "type": "Feature", "properties": { "hex_id": 965397, "centroid_lon": -69.242198036881874, "centroid_lat": 47.701114424941316, "occurrences_today": 3, "datetimes_today": "2026-04-26 12:46:38, 2026-04-26 12:57:41, 2026-04-26 13:16:47", "cumulative_total": 3.0 }, "geometry": { "type": "Polygon", "coordinates": [ [ [ -69.242768988564578, 47.69594586431527 ], [ -69.249114013017916, 47.69886375734972 ], [ -69.24854363021494, 47.704032373104233 ], [ -69.241626925447591, 47.706282975702301 ], [ -69.235281491894327, 47.703364648567096 ], [ -69.23585317215192, 47.698196153002002 ], [ -69.242768988564578, 47.69594586431527 ] ] ] } },
{ "type": "Feature", "properties": { "hex_id": 965398, "centroid_lon": -69.240484223098534, "centroid_lat": 47.716620047621646, "occurrences_today": 3, "datetimes_today": "2026-04-26 12:46:38, 2026-04-26 12:57:41, 2026-04-26 13:16:47", "cumulative_total": 3.0 }, "geometry": { "type": "Polygon", "coordinates": [ [ [ -69.241055654205297, 47.711451516596362 ], [ -69.247402385749893, 47.714369575048643 ], [ -69.246831523975047, 47.719538161234809 ], [ -69.239912632070798, 47.721788568776262 ], [ -69.23356549114348, 47.718870075988441 ], [ -69.23413765144663, 47.713701610062195 ], [ -69.241055654205297, 47.711451516596362 ] ] ] } },
{ "type": "Feature", "properties": { "hex_id": 966004, "centroid_lon": -69.241561189412664, "centroid_lat": 47.646510654486974, "occurrences_today": 3, "datetimes_today": "2026-04-26 12:46:38, 2026-04-26 12:57:41, 2026-04-26 13:16:47", "cumulative_total": 3.0 }, "geometry": { "type": "Polygon", "coordinates": [ [ [ -69.242131113846426, 47.641342050390136 ], [ -69.248469731449546, 47.644259715887337 ], [ -69.247900374185036, 47.649428375061341 ], [ -69.240991105639978, 47.651679248726609 ], [ -69.234652080234611, 47.648761149907585 ], [ -69.235222731120359, 47.643592610812412 ], [ -69.242131113846426, 47.641342050390136 ] ] ] } },
{ "type": "Feature", "properties": { "hex_id": 966005, "centroid_lon": -69.239850459853031, "centroid_lat": 47.662016407626872, "occurrences_today": 3, "datetimes_today": "2026-04-26 12:46:38, 2026-04-26 12:57:41, 2026-04-26 13:16:47", "cumulative_total": 3.0 }, "geometry": { "type": "Polygon", "coordinates": [ [ [ -69.240420862472178, 47.656847833107207 ], [ -69.246761182033509, 47.659765663868257 ], [ -69.246191347034141, 47.664934293497438 ], [ -69.239279897726263, 47.667184972283763 ], [ -69.232939170080883, 47.664266707966604 ], [ -69.233510299771169, 47.659098198486546 ], [ -69.240420862472178, 47.656847833107207 ] ] ] } },
{ "type": "Feature", "properties": { "hex_id": 966006, "centroid_lon": -69.23813829472472, "centroid_lat": 47.677522072001707, "occurrences_today": 3, "datetimes_today": "2026-04-26 12:46:38, 2026-04-26 12:57:41, 2026-04-26 13:16:47", "cumulative_total": 3.0 }, "geometry": { "type": "Polygon", "coordinates": [ [ [ -69.238709176035599, 47.672353527075998 ], [ -69.245051198907163, 47.675271523197935 ], [ -69.244480885667045, 47.680440123265512 ], [ -69.237567253737296, 47.682690607059023 ], [ -69.231224822499712, 47.679772177146582 ], [ -69.231796431501522, 47.674603697298494 ], [ -69.238709176035599, 47.672353527075998 ] ] ] } },
{ "type": "Feature", "properties": { "hex_id": 966007, "centroid_lon": -69.236424692507313, "centroid_lat": 47.693027647561046, "occurrences_today": 3, "datetimes_today": "2026-04-26 12:46:38, 2026-04-26 12:57:41, 2026-04-26 13:16:47", "cumulative_total": 3.0 }, "geometry": { "type": "Polygon", "coordinates": [ [ [ -69.236996053016966, 47.687859132246103 ], [ -69.243339780552091, 47.690777293826052 ], [ -69.242768988564578, 47.69594586431527 ], [ -69.23585317215192, 47.698196153002002 ], [ -69.229509035968618, 47.69527755739697 ], [ -69.23008112478972, 47.690109107197699 ], [ -69.236996053016966, 47.687859132246103 ] ] ] } },
{ "type": "Feature", "properties": { "hex_id": 966008, "centroid_lon": -69.234709651678074, "centroid_lat": 47.708533134254445, "occurrences_today": 3, "datetimes_today": "2026-04-26 12:46:38, 2026-04-26 12:57:41, 2026-04-26 13:16:47", "cumulative_total": 3.0 }, "geometry": { "type": "Polygon", "coordinates": [ [ [ -69.235281491894327, 47.703364648567096 ], [ -69.241626925447591, 47.706282975702301 ], [ -69.241055654205297, 47.711451516596362 ], [ -69.23413765144663, 47.713701610062195 ], [ -69.227791808962849, 47.710782848667193 ], [ -69.228364378111721, 47.705614428133586 ], [ -69.235281491894327, 47.703364648567096 ] ] ] } },
{ "type": "Feature", "properties": { "hex_id": 966009, "centroid_lon": -69.232993170712064, "centroid_lat": 47.724038532031358, "occurrences_today": 3, "datetimes_today": "2026-04-26 12:46:38, 2026-04-26 12:57:41, 2026-04-26 13:16:47", "cumulative_total": 3.0 }, "geometry": { "type": "Polygon", "coordinates": [ [ [ -69.23356549114348, 47.718870075988441 ], [ -69.239912632070798, 47.721788568776262 ], [ -69.239340881065573, 47.726957080058355 ], [ -69.232420690095765, 47.729206978189026 ], [ -69.226073139955417, 47.726288050906561 ], [ -69.226646189941334, 47.72111966005555 ], [ -69.23356549114348, 47.718870075988441 ] ] ] } },
{ "type": "Feature", "properties": { "hex_id": 966615, "centroid_lon": -69.234081269803639, "centroid_lat": 47.653929679132915, "occurrences_today": 3, "datetimes_today": "2026-04-26 12:46:38, 2026-04-26 12:57:41, 2026-04-26 13:16:47", "cumulative_total": 3.0 }, "geometry": { "type": "Polygon", "coordinates": [ [ [ -69.234652080234611, 47.648761149907585 ], [ -69.240991105639978, 47.651679248726609 ], [ -69.240420862472178, 47.656847833107207 ], [ -69.233510299771169, 47.659098198486546 ], [ -69.227170866732266, 47.656179666186965 ], [ -69.227742403971618, 47.651011202055884 ], [ -69.234652080234611, 47.648761149907585 ] ] ] } },
{ "type": "Feature", "properties": { "hex_id": 966616, "centroid_lon": -69.232367880676463, "centroid_lat": 47.669435207571205, "occurrences_today": 3, "datetimes_today": "2026-04-26 12:46:38, 2026-04-26 12:57:41, 2026-04-26 13:16:47", "cumulative_total": 3.0 }, "geometry": { "type": "Polygon", "coordinates": [ [ [ -69.232939170080883, 47.664266707966604 ], [ -69.239279897726263, 47.667184972283763 ], [ -69.238709176035599, 47.672353527075998 ], [ -69.231796431501522, 47.674603697298494 ], [ -69.225455295941089, 47.671684999266425 ], [ -69.226027312773397, 47.666516564794115 ], [ -69.232939170080883, 47.664266707966604 ] ] ] } },
{ "type": "Feature", "properties": { "hex_id": 966617, "centroid_lon": -69.230653053614589, "centroid_lat": 47.684940647113606, "occurrences_today": 3, "datetimes_today": "2026-04-26 12:46:38, 2026-04-26 12:57:41, 2026-04-26 13:16:47", "cumulative_total": 3.0 }, "geometry": { "type": "Polygon", "coordinates": [ [ [ -69.231224822499712, 47.679772177146582 ], [ -69.237567253737296, 47.682690607059023 ], [ -69.236996053016966, 47.687859132246103 ], [ -69.23008112478972, 47.690109107197699 ], [ -69.223738285355324, 47.687190243335841 ], [ -69.224310782288512, 47.682021838539164 ], [ -69.231224822499712, 47.679772177146582 ] ] ] } },
{ "type": "Feature", "properties": { "hex_id": 966618, "centroid_lon": -69.228936787094796, "centroid_lat": 47.700445997709565, "occurrences_today": 3, "datetimes_today": "2026-04-26 12:46:38, 2026-04-26 12:57:41, 2026-04-26 13:16:47", "cumulative_total": 3.0 }, "geometry": { "type": "Polygon", "coordinates": [ [ [ -69.229509035968618, 47.69527755739697 ], [ -69.23585317215192, 47.698196153002002 ], [ -69.235281491894327, 47.703364648567096 ], [ -69.228364378111721, 47.705614428133586 ], [ -69.222019833449707, 47.70269539834451 ], [ -69.222592810992481, 47.69752702324039 ], [ -69.229509035968618, 47.69527755739697 ] ] ] } },
{ "type": "Feature", "properties": { "hex_id": 966619, "centroid_lon": -69.227219079591592, "centroid_lat": 47.715951259308461, "occurrences_today": 3, "datetimes_today": "2026-04-26 12:46:38, 2026-04-26 12:57:41, 2026-04-26 13:16:47", "cumulative_total": 3.0 }, "geometry": { "type": "Polygon", "coordinates": [ [ [ -69.227791808962849, 47.710782848667193 ], [ -69.23413765144663, 47.713701610062195 ], [ -69.23356549114348, 47.718870075988441 ], [ -69.226646189941334, 47.72111966005555 ], [ -69.220299938696726, 47.718200464241676 ], [ -69.220873397358488, 47.713032118847053 ], [ -69.227791808962849, 47.710782848667193 ] ] ] } },
{ "type": "Feature", "properties": { "hex_id": 967225, "centroid_lon": -69.228313781459406, "centroid_lat": 47.64584272804229, "occurrences_today": 3, "datetimes_today": "2026-04-26 12:46:38, 2026-04-26 12:57:41, 2026-04-26 13:16:47", "cumulative_total": 3.0 }, "geometry": { "type": "Polygon", "coordinates": [ [ [ -69.228884999251918, 47.640674244148066 ], [ -69.235222731120359, 47.643592610812412 ], [ -69.234652080234611, 47.648761149907585 ], [ -69.227742403971618, 47.651011202055884 ], [ -69.221404264919826, 47.648092401986574 ], [ -69.221976209258059, 47.642923983241225 ], [ -69.228884999251918, 47.640674244148066 ] ] ] } },
{ "type": "Feature", "properties": { "hex_id": 967226, "centroid_lon": -69.226599169684988, "centroid_lat": 47.661348120433665, "occurrences_today": 3, "datetimes_today": "2026-04-26 12:46:38, 2026-04-26 12:57:41, 2026-04-26 13:16:47", "cumulative_total": 3.0 }, "geometry": { "type": "Polygon", "coordinates": [ [ [ -69.227170866732266, 47.656179666186965 ], [ -69.233510299771169, 47.659098198486546 ], [ -69.232939170080883, 47.664266707966604 ], [ -69.226027312773397, 47.666516564794115 ], [ -69.21968747227001, 47.663597598855262 ], [ -69.220259896482219, 47.658429209795479 ], [ -69.227170866732266, 47.656179666186965 ] ] ] } },
{ "type": "Feature", "properties": { "hex_id": 967227, "centroid_lon": -69.224883119131604, "centroid_lat": 47.676853423848726, "occurrences_today": 3, "datetimes_today": "2026-04-26 12:46:38, 2026-04-26 12:57:41, 2026-04-26 13:16:47", "cumulative_total": 3.0 }, "geometry": { "type": "Polygon", "coordinates": [ [ [ -69.225455295941089, 47.671684999266425 ], [ -69.231796431501522, 47.674603697298494 ], [ -69.231224822499712, 47.679772177146582 ], [ -69.224310782288512, 47.682021838539164 ], [ -69.217969238982278, 47.679102706633401 ], [ -69.218542143576542, 47.673934347276116 ], [ -69.225455295941089, 47.671684999266425 ] ] ] } },
{ "type": "Feature", "properties": { "hex_id": 967228, "centroid_lon": -69.223165628275495, "centroid_lat": 47.692358638236875, "occurrences_today": 3, "datetimes_today": "2026-04-26 12:46:38, 2026-04-26 12:57:41, 2026-04-26 13:16:47", "cumulative_total": 3.0 }, "geometry": { "type": "Polygon", "coordinates": [ [ [ -69.223738285355324, 47.687190243335841 ], [ -69.23008112478972, 47.690109107197699 ], [ -69.229509035968618, 47.69527755739697 ], [ -69.222592810992481, 47.69752702324039 ], [ -69.216249563530809, 47.694607725270245 ], [ -69.216822949015992, 47.68943939563237 ], [ -69.223738285355324, 47.687190243335841 ] ] ] } },
{ "type": "Feature", "properties": { "hex_id": 967229, "centroid_lon": -69.221446695590586, "centroid_lat": 47.707863763547358, "occurrences_today": 3, "datetimes_today": "2026-04-26 12:46:38, 2026-04-26 12:57:41, 2026-04-26 13:16:47", "cumulative_total": 3.0 }, "geometry": { "type": "Polygon", "coordinates": [ [ [ -69.222019833449707, 47.70269539834451 ], [ -69.228364378111721, 47.705614428133586 ], [ -69.227791808962849, 47.710782848667193 ], [ -69.220873397358488, 47.713032118847053 ], [ -69.214528444387525, 47.710112654714933 ], [ -69.215102311273242, 47.704944354813414 ], [ -69.222019833449707, 47.70269539834451 ] ] ] } },
{ "type": "Feature", "properties": { "hex_id": 967230, "centroid_lon": -69.219726319548641, "centroid_lat": 47.723368799729421, "occurrences_today": 3, "datetimes_today": "2026-04-26 12:46:38, 2026-04-26 12:57:41, 2026-04-26 13:16:47", "cumulative_total": 3.0 }, "geometry": { "type": "Polygon", "coordinates": [ [ [ -69.220299938696726, 47.718200464241676 ], [ -69.226646189941334, 47.72111966005555 ], [ -69.226073139955417, 47.726288050906561 ], [ -69.219152539857518, 47.728537125308335 ], [ -69.212805880022159, 47.725617494916563 ], [ -69.213380228818735, 47.720449224768394 ], [ -69.220299938696726, 47.718200464241676 ] ] ] } },
{ "type": "Feature", "properties": { "hex_id": 967835, "centroid_lon": -69.222547993751093, "centroid_lat": 47.637755554604404, "occurrences_today": 3, "datetimes_today": "2026-04-26 12:46:38, 2026-04-26 12:57:41, 2026-04-26 13:16:47", "cumulative_total": 3.0 }, "geometry": { "type": "Polygon", "coordinates": [ [ [ -69.223119618455286, 47.632587116078057 ], [ -69.2294560574055, 47.635505750375081 ], [ -69.228884999251918, 47.640674244148066 ], [ -69.221976209258059, 47.642923983241225 ], [ -69.215639363574255, 47.640004915614774 ], [ -69.216211714561567, 47.634836542291858 ], [ -69.223119618455286, 47.632587116078057 ] ] ] } },
{ "type": "Feature", "properties": { "hex_id": 967836, "centroid_lon": -69.220832160680004, "centroid_lat": 47.65326081083861, "occurrences_today": 3, "datetimes_today": "2026-04-26 12:46:38, 2026-04-26 12:57:41, 2026-04-26 13:16:47", "cumulative_total": 3.0 }, "geometry": { "type": "Polygon", "coordinates": [ [ [ -69.221404264919826, 47.648092401986574 ], [ -69.227742403971618, 47.651011202055884 ], [ -69.227170866732266, 47.656179666186965 ], [ -69.220259896482219, 47.658429209795479 ], [ -69.213921350416129, 47.655509976162527 ], [ -69.214494181557967, 47.650341632551985 ], [ -69.221404264919826, 47.648092401986574 ] ] ] } },
{ "type": "Feature", "properties": { "hex_id": 967837, "centroid_lon": -69.219114887986947, "centroid_lat": 47.668765978016097, "occurrences_today": 3, "datetimes_today": "2026-04-26 12:46:38, 2026-04-26 12:57:41, 2026-04-26 13:16:47", "cumulative_total": 3.0 }, "geometry": { "type": "Polygon", "coordinates": [ [ [ -69.21968747227001, 47.663597598855262 ], [ -69.226027312773397, 47.666516564794115 ], [ -69.225455295941089, 47.671684999266425 ], [ -69.218542143576542, 47.673934347276116 ], [ -69.212201895778009, 47.671014947539234 ], [ -69.212775207582666, 47.665846633658042 ], [ -69.21968747227001, 47.663597598855262 ] ] ] } },
{ "type": "Feature", "properties": { "hex_id": 967838, "centroid_lon": -69.217396174147609, "centroid_lat": 47.684271056086132, "occurrences_today": 3, "datetimes_today": "2026-04-26 12:46:38, 2026-04-26 12:57:41, 2026-04-26 13:16:47", "cumulative_total": 3.0 }, "geometry": { "type": "Polygon", "coordinates": [ [ [ -69.217969238982278, 47.679102706633401 ], [ -69.224310782288512, 47.682021838539164 ], [ -69.223738285355324, 47.687190243335841 ], [ -69.216822949015992, 47.68943939563237 ], [ -69.210480998133534, 47.686519829694063 ], [ -69.211054791110044, 47.681351545559139 ], [ -69.217969238982278, 47.679102706633401 ] ] ] } },
{ "type": "Feature", "properties": { "hex_id": 967839, "centroid_lon": -69.215676017635431, "centroid_lat": 47.69977604499789, "occurrences_today": 3, "datetimes_today": "2026-04-26 12:46:38, 2026-04-26 12:57:41, 2026-04-26 13:16:47", "cumulative_total": 3.0 }, "geometry": { "type": "Polygon", "coordinates": [ [ [ -69.216249563530809, 47.694607725270245 ], [ -69.222592810992481, 47.69752702324039 ], [ -69.222019833449707, 47.70269539834451 ], [ -69.215102311273242, 47.704944354813414 ], [ -69.208758655954128, 47.702024622576062 ], [ -69.209332930612263, 47.696856368204408 ], [ -69.216249563530809, 47.694607725270245 ] ] ] } },
{ "type": "Feature", "properties": { "hex_id": 967840, "centroid_lon": -69.213954416921624, "centroid_lat": 47.715280944700545, "occurrences_today": 3, "datetimes_today": "2026-04-26 12:46:38, 2026-04-26 12:57:41, 2026-04-26 13:16:47", "cumulative_total": 3.0 }, "geometry": { "type": "Polygon", "coordinates": [ [ [ -69.214528444387525, 47.710112654714933 ], [ -69.220873397358488, 47.713032118847053 ], [ -69.220299938696726, 47.718200464241676 ], [ -69.213380228818735, 47.720449224768394 ], [ -69.207034867708956, 47.71752932613424 ], [ -69.20760962455924, 47.712361101542882 ], [ -69.214528444387525, 47.710112654714933 ] ] ] } },
{ "type": "Feature", "properties": { "hex_id": 967841, "centroid_lon": -69.212231370475067, "centroid_lat": 47.730785755143174, "occurrences_today": 3, "datetimes_today": "2026-04-26 12:46:38, 2026-04-26 12:57:41, 2026-04-26 13:16:47", "cumulative_total": 3.0 }, "geometry": { "type": "Polygon", "coordinates": [ [ [ -69.212805880022159, 47.725617494916563 ], [ -69.219152539857518, 47.728537125308335 ], [ -69.218578599566612, 47.733705440976564 ], [ -69.21165670012067, 47.735954005446352 ], [ -69.205309631864864, 47.733033940317569 ], [ -69.205884871418604, 47.727865745523495 ], [ -69.212805880022159, 47.725617494916563 ] ] ] } },
{ "type": "Feature", "properties": { "hex_id": 968445, "centroid_lon": -69.2167839056102, "centroid_lat": 47.629668159068558, "occurrences_today": 3, "datetimes_today": "2026-04-26 12:46:38, 2026-04-26 12:57:41, 2026-04-26 13:16:47", "cumulative_total": 3.0 }, "geometry": { "type": "Polygon", "coordinates": [ [ [ -69.217355936776499, 47.624499765946787 ], [ -69.223691083426928, 47.627418667664003 ], [ -69.223119618455286, 47.632587116078057 ], [ -69.216211714561567, 47.634836542291858 ], [ -69.20987616162698, 47.631917207320782 ], [ -69.210448918813924, 47.62674887945699 ], [ -69.217355936776499, 47.624499765946787 ] ] ] } },
{ "type": "Feature", "properties": { "hex_id": 968446, "centroid_lon": -69.215066852591875, "centroid_lat": 47.645173279035447, "occurrences_today": 3, "datetimes_today": "2026-04-26 12:46:38, 2026-04-26 12:57:41, 2026-04-26 13:16:47", "cumulative_total": 3.0 }, "geometry": { "type": "Polygon", "coordinates": [ [ [ -69.215639363574255, 47.640004915614774 ], [ -69.221976209258059, 47.642923983241225 ], [ -69.221404264919826, 47.648092401986574 ], [ -69.214494181557967, 47.650341632551985 ], [ -69.208156929309737, 47.647422131437565 ], [ -69.208730166931346, 47.642253833312964 ], [ -69.215639363574255, 47.640004915614774 ] ] ] } },
{ "type": "Feature", "properties": { "hex_id": 968447, "centroid_lon": -69.213348359109872, "centroid_lat": 47.660678309865169, "occurrences_today": 3, "datetimes_today": "2026-04-26 12:46:38, 2026-04-26 12:57:41, 2026-04-26 13:16:47", "cumulative_total": 3.0 }, "geometry": { "type": "Polygon", "coordinates": [ [ [ -69.213921350416129, 47.655509976162527 ], [ -69.220259896482219, 47.658429209795479 ], [ -69.21968747227001, 47.663597598855262 ], [ -69.212775207582666, 47.665846633658042 ], [ -69.206436254671701, 47.662926966302791 ], [ -69.207009973236453, 47.657758697934348 ], [ -69.213921350416129, 47.655509976162527 ] ] ] } },
{ "type": "Feature", "properties": { "hex_id": 968448, "centroid_lon": -69.211628423639326, "centroid_lat": 47.676183251506906, "occurrences_today": 3, "datetimes_today": "2026-04-26 12:46:38, 2026-04-26 12:57:41, 2026-04-26 13:16:47", "cumulative_total": 3.0 }, "geometry": { "type": "Polygon", "coordinates": [ [ [ -69.212201895778009, 47.671014947539234 ], [ -69.218542143576542, 47.673934347276116 ], [ -69.217969238982278, 47.679102706633401 ], [ -69.211054791110044, 47.681351545559139 ], [ -69.204714136185999, 47.678431711865514 ], [ -69.205288336203097, 47.673263473270268 ], [ -69.212201895778009, 47.671014947539234 ] ] ] } },
{ "type": "Feature", "properties": { "hex_id": 968449, "centroid_lon": -69.209907044653164, "centroid_lat": 47.691688103909769, "occurrences_today": 3, "datetimes_today": "2026-04-26 12:46:38, 2026-04-26 12:57:41, 2026-04-26 13:16:47", "cumulative_total": 3.0 }, "geometry": { "type": "Polygon", "coordinates": [ [ [ -69.210480998133534, 47.686519829694063 ], [ -69.216822949015992, 47.68943939563237 ], [ -69.216249563530809, 47.694607725270245 ], [ -69.209332930612263, 47.696856368204408 ], [ -69.202990572323515, 47.693936368074745 ], [ -69.203565254302916, 47.688768159269657 ], [ -69.210480998133534, 47.686519829694063 ] ] ] } },
{ "type": "Feature", "properties": { "hex_id": 968450, "centroid_lon": -69.208184220622044, "centroid_lat": 47.707192867022854, "occurrences_today": 3, "datetimes_today": "2026-04-26 12:46:38, 2026-04-26 12:57:41, 2026-04-26 13:16:47", "cumulative_total": 3.0 }, "geometry": { "type": "Polygon", "coordinates": [ [ [ -69.208758655954128, 47.702024622576062 ], [ -69.215102311273242, 47.704944354813414 ], [ -69.214528444387525, 47.710112654714933 ], [ -69.20760962455924, 47.712361101542882 ], [ -69.201265561552844, 47.709440934879389 ], [ -69.201840726005258, 47.704272755881512 ], [ -69.208758655954128, 47.702024622576062 ] ] ] } },
{ "type": "Feature", "properties": { "hex_id": 968451, "centroid_lon": -69.206459950014349, "centroid_lat": 47.722697540795096, "occurrences_today": 3, "datetimes_today": "2026-04-26 12:46:38, 2026-04-26 12:57:41, 2026-04-26 13:16:47", "cumulative_total": 3.0 }, "geometry": { "type": "Polygon", "coordinates": [ [ [ -69.207034867708956, 47.71752932613424 ], [ -69.213380228818735, 47.720449224768394 ], [ -69.212805880022159, 47.725617494916563 ], [ -69.205884871418604, 47.727865745523495 ], [ -69.199539102340353, 47.724945412228315 ], [ -69.200114749777256, 47.719777263054695 ], [ -69.207034867708956, 47.71752932613424 ] ] ] } },
{ "type": "Feature", "properties": { "hex_id": 969055, "centroid_lon": -69.211021515968824, "centroid_lat": 47.62158054168389, "occurrences_today": 3, "datetimes_today": "2026-04-26 12:46:38, 2026-04-26 12:57:41, 2026-04-26 13:16:47", "cumulative_total": 3.0 }, "geometry": { "type": "Polygon", "coordinates": [ [ [ -69.211593953148096, 47.616412194003367 ], [ -69.217927808116812, 47.619331362928392 ], [ -69.217355936776499, 47.624499765946787 ], [ -69.210448918813924, 47.62674887945699 ], [ -69.204114658010084, 47.623829277353721 ], [ -69.204687820947569, 47.618660994985689 ], [ -69.211593953148096, 47.616412194003367 ] ] ] } },
{ "type": "Feature", "properties": { "hex_id": 969056, "centroid_lon": -69.209303244351602, "centroid_lat": 47.637085525273399, "occurrences_today": 3, "datetimes_today": "2026-04-26 12:46:38, 2026-04-26 12:57:41, 2026-04-26 13:16:47", "cumulative_total": 3.0 }, "geometry": { "type": "Polygon", "coordinates": [ [ [ -69.20987616162698, 47.631917207320782 ], [ -69.216211714561567, 47.634836542291858 ], [ -69.215639363574255, 47.640004915614774 ], [ -69.208730166931346, 47.642253833312964 ], [ -69.202394207881795, 47.639334064929571 ], [ -69.202967851533685, 47.634165812327545 ], [ -69.20987616162698, 47.631917207320782 ] ] ] } },
{ "type": "Feature", "properties": { "hex_id": 969057, "centroid_lon": -69.207583531430288, "centroid_lat": 47.652590419645314, "occurrences_today": 3, "datetimes_today": "2026-04-26 12:46:38, 2026-04-26 12:57:41, 2026-04-26 13:16:47", "cumulative_total": 3.0 }, "geometry": { "type": "Polygon", "coordinates": [ [ [ -69.208156929309737, 47.647422131437565 ], [ -69.214494181557967, 47.650341632551985 ], [ -69.213921350416129, 47.655509976162527 ], [ -69.207009973236453, 47.657758697934348 ], [ -69.200672314593234, 47.654838763173338 ], [ -69.201246439468136, 47.649670540354343 ], [ -69.208156929309737, 47.647422131437565 ] ] ] } },
{ "type": "Feature", "properties": { "hex_id": 969058, "centroid_lon": -69.205862375679459, "centroid_lat": 47.668095224748711, "occurrences_today": 3, "datetimes_today": "2026-04-26 12:46:38, 2026-04-26 12:57:41, 2026-04-26 13:16:47", "cumulative_total": 3.0 }, "geometry": { "type": "Polygon", "coordinates": [ [ [ -69.206436254671701, 47.662926966302791 ], [ -69.212775207582666, 47.665846633658042 ], [ -69.212201895778009, 47.671014947539234 ], [ -69.205288336203097, 47.673263473270268 ], [ -69.198948976616961, 47.670343372034026 ], [ -69.199523583224277, 47.665175179015073 ], [ -69.206436254671701, 47.662926966302791 ] ] ] } },
{ "type": "Feature", "properties": { "hex_id": 969059, "centroid_lon": -69.204139775571505, "centroid_lat": 47.683599940532616, "occurrences_today": 3, "datetimes_today": "2026-04-26 12:46:38, 2026-04-26 12:57:41, 2026-04-26 13:16:47", "cumulative_total": 3.0 }, "geometry": { "type": "Polygon", "coordinates": [ [ [ -69.204714136185999, 47.678431711865514 ], [ -69.211054791110044, 47.681351545559139 ], [ -69.210480998133534, 47.686519829694063 ], [ -69.203565254302916, 47.688768159269657 ], [ -69.19722419242332, 47.685847891460497 ], [ -69.197799281273205, 47.680679728258617 ], [ -69.204714136185999, 47.678431711865514 ] ] ] } },
{ "type": "Feature", "properties": { "hex_id": 969060, "centroid_lon": -69.202415729576558, "centroid_lat": 47.699104566945991, "occurrences_today": 3, "datetimes_today": "2026-04-26 12:46:38, 2026-04-26 12:57:41, 2026-04-26 13:16:47", "cumulative_total": 3.0 }, "geometry": { "type": "Polygon", "coordinates": [ [ [ -69.202990572323515, 47.693936368074745 ], [ -69.209332930612263, 47.696856368204408 ], [ -69.208758655954128, 47.702024622576062 ], [ -69.201840726005258, 47.704272755881512 ], [ -69.195497960480395, 47.701352321401622 ], [ -69.196073532083716, 47.696184188033882 ], [ -69.202990572323515, 47.693936368074745 ] ] ] } },
{ "type": "Feature", "properties": { "hex_id": 969061, "centroid_lon": -69.200690236162458, "centroid_lat": 47.714609103937747, "occurrences_today": 3, "datetimes_today": "2026-04-26 12:46:38, 2026-04-26 12:57:41, 2026-04-26 13:16:47", "cumulative_total": 3.0 }, "geometry": { "type": "Polygon", "coordinates": [ [ [ -69.201265561552844, 47.709440934879389 ], [ -69.20760962455924, 47.712361101542882 ], [ -69.207034867708956, 47.71752932613424 ], [ -69.200114749777256, 47.719777263054695 ], [ -69.193770279254025, 47.716856661806126 ], [ -69.194346334122443, 47.711688558289651 ], [ -69.201265561552844, 47.709440934879389 ] ] ] } },
{ "type": "Feature", "properties": { "hex_id": 969062, "centroid_lon": -69.198963293794847, "centroid_lat": 47.730113551456711, "occurrences_today": 3, "datetimes_today": "2026-04-26 12:46:38, 2026-04-26 12:57:41, 2026-04-26 13:16:47", "cumulative_total": 3.0 }, "geometry": { "type": "Polygon", "coordinates": [ [ [ -69.199539102340353, 47.724945412228315 ], [ -69.205884871418604, 47.727865745523495 ], [ -69.205309631864864, 47.733033940317569 ], [ -69.198387324083782, 47.735281680738012 ], [ -69.192041147207789, 47.732360912622767 ], [ -69.192617685853676, 47.727192838974595 ], [ -69.199539102340353, 47.724945412228315 ] ] ] } },
{ "type": "Feature", "properties": { "hex_id": 969665, "centroid_lon": -69.205260823759815, "centroid_lat": 47.613492702699418, "occurrences_today": 3, "datetimes_today": "2026-04-26 12:46:38, 2026-04-26 12:57:41, 2026-04-26 13:16:47", "cumulative_total": 3.0 }, "geometry": { "type": "Polygon", "coordinates": [ [ [ -69.205833666503239, 47.608324400496805 ], [ -69.212166230408073, 47.611243836417316 ], [ -69.211593953148096, 47.616412194003367 ], [ -69.204687820947569, 47.618660994985689 ], [ -69.198354851656319, 47.615741125962529 ], [ -69.198928419895623, 47.610572889126857 ], [ -69.205833666503239, 47.608324400496805 ] ] ] } },
{ "type": "Feature", "properties": { "hex_id": 969666, "centroid_lon": -69.203541334890943, "centroid_lat": 47.628997549801639, "occurrences_today": 3, "datetimes_today": "2026-04-26 12:46:38, 2026-04-26 12:57:41, 2026-04-26 13:16:47", "cumulative_total": 3.0 }, "geometry": { "type": "Polygon", "coordinates": [ [ [ -69.204114658010084, 47.623829277353721 ], [ -69.210448918813924, 47.62674887945699 ], [ -69.20987616162698, 47.631917207320782 ], [ -69.202967851533685, 47.634165812327545 ], [ -69.196633185064002, 47.631245776887596 ], [ -69.197207234296997, 47.626077569844789 ], [ -69.204114658010084, 47.623829277353721 ] ] ] } },
{ "type": "Feature", "properties": { "hex_id": 969667, "centroid_lon": -69.201820403878813, "centroid_lat": 47.644502307605798, "occurrences_today": 3, "datetimes_today": "2026-04-26 12:46:38, 2026-04-26 12:57:41, 2026-04-26 13:16:47", "cumulative_total": 3.0 }, "geometry": { "type": "Polygon", "coordinates": [ [ [ -69.202394207881795, 47.639334064929571 ], [ -69.208730166931346, 47.642253833312964 ], [ -69.208156929309737, 47.647422131437565 ], [ -69.201246439468136, 47.649670540354343 ], [ -69.194910074473157, 47.646750338400089 ], [ -69.195484605208662, 47.641582161167157 ], [ -69.202394207881795, 47.639334064929571 ] ] ] } },
{ "type": "Feature", "properties": { "hex_id": 969668, "centroid_lon": -69.200098029197491, "centroid_lat": 47.66000697606087, "occurrences_today": 3, "datetimes_today": "2026-04-26 12:46:38, 2026-04-26 12:57:41, 2026-04-26 13:16:47", "cumulative_total": 3.0 }, "geometry": { "type": "Polygon", "coordinates": [ [ [ -69.200672314593234, 47.654838763173338 ], [ -69.207009973236453, 47.657758697934348 ], [ -69.206436254671701, 47.662926966302791 ], [ -69.199523583224277, 47.665175179015073 ], [ -69.193185518355861, 47.66225481044885 ], [ -69.193760531103422, 47.657086663042833 ], [ -69.200672314593234, 47.654838763173338 ] ] ] } },
{ "type": "Feature", "properties": { "hex_id": 969669, "centroid_lon": -69.198374209318828, "centroid_lat": 47.675511555115826, "occurrences_today": 3, "datetimes_today": "2026-04-26 12:46:38, 2026-04-26 12:57:41, 2026-04-26 13:16:47", "cumulative_total": 3.0 }, "geometry": { "type": "Polygon", "coordinates": [ [ [ -69.198948976616961, 47.670343372034026 ], [ -69.205288336203097, 47.673263473270268 ], [ -69.204714136185999, 47.678431711865514 ], [ -69.197799281273205, 47.680679728258617 ], [ -69.191459515181904, 47.677759192982727 ], [ -69.192035010451846, 47.672591075420698 ], [ -69.198948976616961, 47.670343372034026 ] ] ] } },
{ "type": "Feature", "properties": { "hex_id": 969670, "centroid_lon": -69.196648942712429, "centroid_lat": 47.691016044719539, "occurrences_today": 3, "datetimes_today": "2026-04-26 12:46:38, 2026-04-26 12:57:41, 2026-04-26 13:16:47", "cumulative_total": 3.0 }, "geometry": { "type": "Polygon", "coordinates": [ [ [ -69.19722419242332, 47.685847891460497 ], [ -69.203565254302916, 47.688768159269657 ], [ -69.202990572323515, 47.693936368074745 ], [ -69.196073532083716, 47.696184188033882 ], [ -69.189732063418859, 47.693263485950432 ], [ -69.190308041722233, 47.688095398249494 ], [ -69.19722419242332, 47.685847891460497 ] ] ] } },
{ "type": "Feature", "properties": { "hex_id": 969671, "centroid_lon": -69.194922227845595, "centroid_lat": 47.706520444820832, "occurrences_today": 3, "datetimes_today": "2026-04-26 12:46:38, 2026-04-26 12:57:41, 2026-04-26 13:16:47", "cumulative_total": 3.0 }, "geometry": { "type": "Polygon", "coordinates": [ [ [ -69.195497960480395, 47.701352321401622 ], [ -69.201840726005258, 47.704272755881512 ], [ -69.201265561552844, 47.709440934879389 ], [ -69.194346334122443, 47.711688558289651 ], [ -69.188003161531995, 47.708767689300664 ], [ -69.188579623380633, 47.703599631477914 ], [ -69.195497960480395, 47.701352321401622 ] ] ] } },
{ "type": "Feature", "properties": { "hex_id": 969672, "centroid_lon": -69.193194063183427, "centroid_lat": 47.722024755368423, "occurrences_today": 3, "datetimes_today": "2026-04-26 12:46:38, 2026-04-26 12:57:41, 2026-04-26 13:16:47", "cumulative_total": 3.0 }, "geometry": { "type": "Polygon", "coordinates": [ [ [ -69.193770279254025, 47.716856661806126 ], [ -69.200114749777256, 47.719777263054695 ], [ -69.199539102340353, 47.724945412228315 ], [ -69.192617685853676, 47.727192838974595 ], [ -69.186272807984381, 47.724271802982031 ], [ -69.186849753890868, 47.719103775054627 ], [ -69.193770279254025, 47.716856661806126 ] ] ] } },
{ "type": "Feature", "properties": { "hex_id": 969673, "centroid_lon": -69.19146444718875, "centroid_lat": 47.737528976311012, "occurrences_today": 3, "datetimes_today": "2026-04-26 12:46:38, 2026-04-26 12:57:41, 2026-04-26 13:16:47", "cumulative_total": 3.0 }, "geometry": { "type": "Polygon", "coordinates": [ [ [ -69.192041147207789, 47.732360912622767 ], [ -69.198387324083782, 47.735281680738012 ], [ -69.197811193150173, 47.740449800070287 ], [ -69.190887585739503, 47.742697030037434 ], [ -69.184541001236795, 47.739775826943081 ], [ -69.185118431714429, 47.734607828928176 ], [ -69.192041147207789, 47.732360912622767 ] ] ] } },
{ "type": "Feature", "properties": { "hex_id": 970276, "centroid_lon": -69.197781123142263, "centroid_lat": 47.620909352869127, "occurrences_today": 3, "datetimes_today": "2026-04-26 12:46:38, 2026-04-26 12:57:41, 2026-04-26 13:16:47", "cumulative_total": 3.0 }, "geometry": { "type": "Polygon", "coordinates": [ [ [ -69.198354851656319, 47.615741125962529 ], [ -69.204687820947569, 47.618660994985689 ], [ -69.204114658010084, 47.623829277353721 ], [ -69.197207234296997, 47.626077569844789 ], [ -69.190873859788638, 47.623157267560615 ], [ -69.191448314153973, 47.617989106113576 ], [ -69.198354851656319, 47.615741125962529 ] ] ] } },
{ "type": "Feature", "properties": { "hex_id": 970277, "centroid_lon": -69.196058975386748, "centroid_lat": 47.63641397399568, "occurrences_today": 3, "datetimes_today": "2026-04-26 12:46:38, 2026-04-26 12:57:41, 2026-04-26 13:16:47", "cumulative_total": 3.0 }, "geometry": { "type": "Polygon", "coordinates": [ [ [ -69.196633185064002, 47.631245776887596 ], [ -69.202967851533685, 47.634165812327545 ], [ -69.202394207881795, 47.639334064929571 ], [ -69.195484605208662, 47.641582161167157 ], [ -69.189149533242698, 47.63866169223207 ], [ -69.189724469389589, 47.633493560621751 ], [ -69.196633185064002, 47.631245776887596 ] ] ] } },
{ "type": "Feature", "properties": { "hex_id": 970278, "centroid_lon": -69.194335383123644, "centroid_lat": 47.651918505692613, "occurrences_today": 3, "datetimes_today": "2026-04-26 12:46:38, 2026-04-26 12:57:41, 2026-04-26 13:16:47", "cumulative_total": 3.0 }, "geometry": { "type": "Polygon", "coordinates": [ [ [ -69.194910074473157, 47.646750338400089 ], [ -69.201246439468136, 47.649670540354343 ], [ -69.200672314593234, 47.654838763173338 ], [ -69.193760531103422, 47.657086663042833 ], [ -69.187423760332834, 47.654166027359175 ], [ -69.187999178770994, 47.648997925602664 ], [ -69.194910074473157, 47.646750338400089 ] ] ] } },
{ "type": "Feature", "properties": { "hex_id": 970279, "centroid_lon": -69.192610344824232, "centroid_lat": 47.667422947908783, "occurrences_today": 3, "datetimes_today": "2026-04-26 12:46:38, 2026-04-26 12:57:41, 2026-04-26 13:16:47", "cumulative_total": 3.0 }, "geometry": { "type": "Polygon", "coordinates": [ [ [ -69.193185518355861, 47.66225481044885 ], [ -69.199523583224277, 47.665175179015073 ], [ -69.198948976616961, 47.670343372034026 ], [ -69.192035010451846, 47.672591075420698 ], [ -69.18569653952828, 47.66967027289067 ], [ -69.186272440768221, 47.664502201005078 ], [ -69.193185518355861, 47.66225481044885 ] ] ] } },
{ "type": "Feature", "properties": { "hex_id": 970280, "centroid_lon": -69.190883858957633, "centroid_lat": 47.682927300592951, "occurrences_today": 3, "datetimes_today": "2026-04-26 12:46:38, 2026-04-26 12:57:41, 2026-04-26 13:16:47", "cumulative_total": 3.0 }, "geometry": { "type": "Polygon", "coordinates": [ [ [ -69.191459515181904, 47.677759192982727 ], [ -69.197799281273205, 47.680679728258617 ], [ -69.19722419242332, 47.685847891460497 ], [ -69.190308041722233, 47.688095398249494 ], [ -69.183967869296112, 47.685174428775198 ], [ -69.184544253849069, 47.68000638677762 ], [ -69.191459515181904, 47.677759192982727 ] ] ] } },
{ "type": "Feature", "properties": { "hex_id": 970281, "centroid_lon": -69.189155923990612, "centroid_lat": 47.69843156369388, "occurrences_today": 3, "datetimes_today": "2026-04-26 12:46:38, 2026-04-26 12:57:41, 2026-04-26 13:16:47", "cumulative_total": 3.0 }, "geometry": { "type": "Polygon", "coordinates": [ [ [ -69.189732063418859, 47.693263485950432 ], [ -69.196073532083716, 47.696184188033882 ], [ -69.195497960480395, 47.701352321401622 ], [ -69.188579623380633, 47.703599631477914 ], [ -69.182237748101059, 47.700678494961352 ], [ -69.182814616479035, 47.695510482868968 ], [ -69.189732063418859, 47.693263485950432 ] ] ] } },
{ "type": "Feature", "properties": { "hex_id": 970282, "centroid_lon": -69.187426538387726, "centroid_lat": 47.713935737160192, "occurrences_today": 3, "datetimes_today": "2026-04-26 12:46:38, 2026-04-26 12:57:41, 2026-04-26 13:16:47", "cumulative_total": 3.0 }, "geometry": { "type": "Polygon", "coordinates": [ [ [ -69.188003161531995, 47.708767689300664 ], [ -69.194346334122443, 47.711688558289651 ], [ -69.193770279254025, 47.716856661806126 ], [ -69.186849753890868, 47.719103775054627 ], [ -69.180506174405664, 47.716182471397666 ], [ -69.181083527121388, 47.711014489227622 ], [ -69.188003161531995, 47.708767689300664 ] ] ] } },
{ "type": "Feature", "properties": { "hex_id": 970283, "centroid_lon": -69.185695700611262, "centroid_lat": 47.729439820940506, "occurrences_today": 3, "datetimes_today": "2026-04-26 12:46:38, 2026-04-26 12:57:41, 2026-04-26 13:16:47", "cumulative_total": 3.0 }, "geometry": { "type": "Polygon", "coordinates": [ [ [ -69.186272807984381, 47.724271802982031 ], [ -69.192617685853676, 47.727192838974595 ], [ -69.192041147207789, 47.732360912622767 ], [ -69.185118431714429, 47.734607828928176 ], [ -69.178773146670153, 47.731686358032604 ], [ -69.179350984237146, 47.726518405802082 ], [ -69.186272807984381, 47.724271802982031 ] ] ] } },
{ "type": "Feature", "properties": { "hex_id": 970886, "centroid_lon": -69.192022608038627, "centroid_lat": 47.612820934724745, "occurrences_today": 3, "datetimes_today": "2026-04-26 12:46:38, 2026-04-26 12:57:41, 2026-04-26 13:16:47", "cumulative_total": 3.0 }, "geometry": { "type": "Polygon", "coordinates": [ [ [ -69.192596741499088, 47.607652753396032 ], [ -69.198928419895623, 47.610572889126857 ], [ -69.198354851656319, 47.615741125962529 ], [ -69.191448314153973, 47.617989106113576 ], [ -69.185116230988726, 47.615068537197409 ], [ -69.185691090038006, 47.609900421382669 ], [ -69.192596741499088, 47.607652753396032 ] ] ] } },
{ "type": "Feature", "properties": { "hex_id": 970887, "centroid_lon": -69.19029924488602, "centroid_lat": 47.628325419063977, "occurrences_today": 3, "datetimes_today": "2026-04-26 12:46:38, 2026-04-26 12:57:41, 2026-04-26 13:16:47", "cumulative_total": 3.0 }, "geometry": { "type": "Polygon", "coordinates": [ [ [ -69.190873859788638, 47.623157267560615 ], [ -69.197207234296997, 47.626077569844789 ], [ -69.196633185064002, 47.631245776887596 ], [ -69.189724469389589, 47.633493560621751 ], [ -69.183390689833772, 47.63057282491819 ], [ -69.183966030943211, 47.62540473896707 ], [ -69.190873859788638, 47.623157267560615 ] ] ] } },
{ "type": "Feature", "properties": { "hex_id": 970888, "centroid_lon": -69.18857443638872, "centroid_lat": 47.643829813893007, "occurrences_today": 3, "datetimes_today": "2026-04-26 12:46:38, 2026-04-26 12:57:41, 2026-04-26 13:16:47", "cumulative_total": 3.0 }, "geometry": { "type": "Polygon", "coordinates": [ [ [ -69.189149533242698, 47.63866169223207 ], [ -69.195484605208662, 47.641582161167157 ], [ -69.194910074473157, 47.646750338400089 ], [ -69.187999178770994, 47.648997925602664 ], [ -69.181663701478655, 47.646077023014008 ], [ -69.182239525158181, 47.640908966943577 ], [ -69.189149533242698, 47.63866169223207 ] ] ] } },
{ "type": "Feature", "properties": { "hex_id": 970889, "centroid_lon": -69.186848181017496, "centroid_lat": 47.659334119160597, "occurrences_today": 3, "datetimes_today": "2026-04-26 12:46:38, 2026-04-26 12:57:41, 2026-04-26 13:16:47", "cumulative_total": 3.0 }, "geometry": { "type": "Polygon", "coordinates": [ [ [ -69.187423760332834, 47.654166027359175 ], [ -69.193760531103422, 47.657086663042833 ], [ -69.193185518355861, 47.66225481044885 ], [ -69.186272440768221, 47.664502201005078 ], [ -69.179935264392157, 47.661581131433472 ], [ -69.180511571152422, 47.656413105260853 ], [ -69.187423760332834, 47.654166027359175 ] ] ] } },
{ "type": "Feature", "properties": { "hex_id": 970890, "centroid_lon": -69.185120477240844, "centroid_lat": 47.674838334815476, "occurrences_today": 3, "datetimes_today": "2026-04-26 12:46:38, 2026-04-26 12:57:41, 2026-04-26 13:16:47", "cumulative_total": 3.0 }, "geometry": { "type": "Polygon", "coordinates": [ [ [ -69.18569653952828, 47.66967027289067 ], [ -69.192035010451846, 47.672591075420698 ], [ -69.191459515181904, 47.677759192982727 ], [ -69.184544253849069, 47.68000638677762 ], [ -69.178205377040769, 47.677085150125144 ], [ -69.17878216739318, 47.671917153867525 ], [ -69.18569653952828, 47.66967027289067 ] ] ] } },
{ "type": "Feature", "properties": { "hex_id": 970891, "centroid_lon": -69.183391323525058, "centroid_lat": 47.690342460806264, "occurrences_today": 3, "datetimes_today": "2026-04-26 12:46:38, 2026-04-26 12:57:41, 2026-04-26 13:16:47", "cumulative_total": 3.0 }, "geometry": { "type": "Polygon", "coordinates": [ [ [ -69.183967869296112, 47.685174428775198 ], [ -69.190308041722233, 47.688095398249494 ], [ -69.189732063418859, 47.693263485950432 ], [ -69.182814616479035, 47.695510482868968 ], [ -69.17647403788871, 47.69258907903756 ], [ -69.177051312345469, 47.687421112712094 ], [ -69.183967869296112, 47.685174428775198 ] ] ] } },
{ "type": "Feature", "properties": { "hex_id": 970892, "centroid_lon": -69.181660718334186, "centroid_lat": 47.705846497081538, "occurrences_today": 3, "datetimes_today": "2026-04-26 12:46:38, 2026-04-26 12:57:41, 2026-04-26 13:16:47", "cumulative_total": 3.0 }, "geometry": { "type": "Polygon", "coordinates": [ [ [ -69.182237748101059, 47.700678494961352 ], [ -69.188579623380633, 47.703599631477914 ], [ -69.188003161531995, 47.708767689300664 ], [ -69.181083527121388, 47.711014489227622 ], [ -69.174741245397996, 47.708092918119149 ], [ -69.175319004472001, 47.70292498174301 ], [ -69.182237748101059, 47.700678494961352 ] ] ] } },
{ "type": "Feature", "properties": { "hex_id": 970893, "centroid_lon": -69.179928660129946, "centroid_lat": 47.721350443589799, "occurrences_today": 3, "datetimes_today": "2026-04-26 12:46:38, 2026-04-26 12:57:41, 2026-04-26 13:16:47", "cumulative_total": 3.0 }, "geometry": { "type": "Polygon", "coordinates": [ [ [ -69.180506174405664, 47.716182471397666 ], [ -69.186849753890868, 47.719103775054627 ], [ -69.186272807984381, 47.724271802982031 ], [ -69.179350984237146, 47.726518405802082 ], [ -69.173006998028313, 47.723596667318276 ], [ -69.173585242233273, 47.718428760908694 ], [ -69.180506174405664, 47.716182471397666 ] ] ] } },
{ "type": "Feature", "properties": { "hex_id": 970894, "centroid_lon": -69.178195147371838, "centroid_lat": 47.736854300279482, "occurrences_today": 3, "datetimes_today": "2026-04-26 12:46:38, 2026-04-26 12:57:41, 2026-04-26 13:16:47", "cumulative_total": 3.0 }, "geometry": { "type": "Polygon", "coordinates": [ [ [ -69.178773146670153, 47.731686358032604 ], [ -69.185118431714429, 47.734607828928176 ], [ -69.184541001236795, 47.739775826943081 ], [ -69.177616986285017, 47.742022232540769 ], [ -69.171271294237158, 47.739100326583241 ], [ -69.171850024087476, 47.733932450157461 ], [ -69.178773146670153, 47.731686358032604 ] ] ] } },
{ "type": "Feature", "properties": { "hex_id": 971496, "centroid_lon": -69.186265788513765, "centroid_lat": 47.604732295617225, "occurrences_today": 3, "datetimes_today": "2026-04-26 12:46:38, 2026-04-26 12:57:41, 2026-04-26 13:16:47", "cumulative_total": 3.0 }, "geometry": { "type": "Polygon", "coordinates": [ [ [ -69.18684032647252, 47.599564159902947 ], [ -69.193170714591872, 47.602484562129327 ], [ -69.192596741499088, 47.607652753396032 ], [ -69.185691090038006, 47.609900421382669 ], [ -69.179360297597938, 47.606979586046648 ], [ -69.179935560883123, 47.601811515900749 ], [ -69.18684032647252, 47.599564159902947 ] ] ] } },
{ "type": "Feature", "properties": { "hex_id": 971497, "centroid_lon": -69.184541211309323, "centroid_lat": 47.620236643059492, "occurrences_today": 3, "datetimes_today": "2026-04-26 12:46:38, 2026-04-26 12:57:41, 2026-04-26 13:16:47", "cumulative_total": 3.0 }, "geometry": { "type": "Polygon", "coordinates": [ [ [ -69.185116230988726, 47.615068537197409 ], [ -69.191448314153973, 47.617989106113576 ], [ -69.190873859788638, 47.623157267560615 ], [ -69.183966030943211, 47.62540473896707 ], [ -69.177633543178928, 47.622483736707252 ], [ -69.178209288802478, 47.617315696451797 ], [ -69.185116230988726, 47.615068537197409 ] ] ] } },
{ "type": "Feature", "properties": { "hex_id": 971498, "centroid_lon": -69.182815187924319, "centroid_lat": 47.635740900910989, "occurrences_today": 3, "datetimes_today": "2026-04-26 12:46:38, 2026-04-26 12:57:41, 2026-04-26 13:16:47", "cumulative_total": 3.0 }, "geometry": { "type": "Polygon", "coordinates": [ [ [ -69.183390689833772, 47.63057282491819 ], [ -69.189724469389589, 47.633493560621751 ], [ -69.189149533242698, 47.63866169223207 ], [ -69.182239525158181, 47.640908966943577 ], [ -69.175905340724839, 47.637987797662227 ], [ -69.176481569196824, 47.632819787314368 ], [ -69.183390689833772, 47.63057282491819 ] ] ] } },
{ "type": "Feature", "properties": { "hex_id": 971499, "centroid_lon": -69.181087716828998, "centroid_lat": 47.651245069120399, "occurrences_today": 3, "datetimes_today": "2026-04-26 12:46:38, 2026-04-26 12:57:41, 2026-04-26 13:16:47", "cumulative_total": 3.0 }, "geometry": { "type": "Polygon", "coordinates": [ [ [ -69.181663701478655, 47.646077023014008 ], [ -69.187999178770994, 47.648997925602664 ], [ -69.187423760332834, 47.654166027359175 ], [ -69.180511571152422, 47.656413105260853 ], [ -69.174175688703897, 47.653491768860114 ], [ -69.174752400535155, 47.648323788437004 ], [ -69.181663701478655, 47.646077023014008 ] ] ] } },
{ "type": "Feature", "properties": { "hex_id": 971500, "centroid_lon": -69.179358796491357, "centroid_lat": 47.666749147636317, "occurrences_today": 3, "datetimes_today": "2026-04-26 12:46:38, 2026-04-26 12:57:41, 2026-04-26 13:16:47", "cumulative_total": 3.0 }, "geometry": { "type": "Polygon", "coordinates": [ [ [ -69.179935264392157, 47.661581131433472 ], [ -69.186272440768221, 47.664502201005078 ], [ -69.18569653952828, 47.66967027289067 ], [ -69.17878216739318, 47.671917153867525 ], [ -69.17244458558207, 47.6689956502494 ], [ -69.17302178128422, 47.663827699768234 ], [ -69.179935264392157, 47.661581131433472 ] ] ] } },
{ "type": "Feature", "properties": { "hex_id": 971501, "centroid_lon": -69.177628425377165, "centroid_lat": 47.682253136407304, "occurrences_today": 3, "datetimes_today": "2026-04-26 12:46:38, 2026-04-26 12:57:41, 2026-04-26 13:16:47", "cumulative_total": 3.0 }, "geometry": { "type": "Polygon", "coordinates": [ [ [ -69.178205377040769, 47.677085150125144 ], [ -69.184544253849069, 47.68000638677762 ], [ -69.183967869296112, 47.685174428775198 ], [ -69.177051312345469, 47.687421112712094 ], [ -69.170712029823093, 47.684499441778499 ], [ -69.171289709908478, 47.679331521256451 ], [ -69.178205377040769, 47.677085150125144 ] ] ] } },
{ "type": "Feature", "properties": { "hex_id": 971502, "centroid_lon": -69.175896601949887, "centroid_lat": 47.697757035381855, "occurrences_today": 3, "datetimes_today": "2026-04-26 12:46:38, 2026-04-26 12:57:41, 2026-04-26 13:16:47", "cumulative_total": 3.0 }, "geometry": { "type": "Polygon", "coordinates": [ [ [ -69.17647403788871, 47.69258907903756 ], [ -69.182814616479035, 47.695510482868968 ], [ -69.182237748101059, 47.700678494961352 ], [ -69.175319004472001, 47.70292498174301 ], [ -69.168978019888428, 47.700003143395776 ], [ -69.169556184870132, 47.694835252850083 ], [ -69.17647403788871, 47.69258907903756 ] ] ] } },
{ "type": "Feature", "properties": { "hex_id": 971503, "centroid_lon": -69.174163324670772, "centroid_lat": 47.713260844508348, "occurrences_today": 3, "datetimes_today": "2026-04-26 12:46:38, 2026-04-26 12:57:41, 2026-04-26 13:16:47", "cumulative_total": 3.0 }, "geometry": { "type": "Polygon", "coordinates": [ [ [ -69.174741245397996, 47.708092918119149 ], [ -69.181083527121388, 47.711014489227622 ], [ -69.180506174405664, 47.716182471397666 ], [ -69.173585242233273, 47.718428760908694 ], [ -69.167242554237248, 47.715506755049482 ], [ -69.167821204629121, 47.710338894497404 ], [ -69.174741245397996, 47.708092918119149 ] ] ] } },
{ "type": "Feature", "properties": { "hex_id": 971504, "centroid_lon": -69.172428591998781, "centroid_lat": 47.728764563735162, "occurrences_today": 3, "datetimes_today": "2026-04-26 12:46:38, 2026-04-26 12:57:41, 2026-04-26 13:16:47", "cumulative_total": 3.0 }, "geometry": { "type": "Polygon", "coordinates": [ [ [ -69.173006998028313, 47.723596667318276 ], [ -69.179350984237146, 47.726518405802082 ], [ -69.178773146670153, 47.731686358032604 ], [ -69.171850024087476, 47.733932450157461 ], [ -69.165505631326482, 47.731010276687883 ], [ -69.166084767643142, 47.72584244614665 ], [ -69.173006998028313, 47.723596667318276 ] ] ] } },
{ "type": "Feature", "properties": { "hex_id": 971505, "centroid_lon": -69.1706924023906, "centroid_lat": 47.744268193010576, "occurrences_today": 3, "datetimes_today": "2026-04-26 12:46:38, 2026-04-26 12:57:41, 2026-04-26 13:16:47", "cumulative_total": 3.0 }, "geometry": { "type": "Polygon", "coordinates": [ [ [ -69.171271294237158, 47.739100326583241 ], [ -69.177616986285017, 47.742022232540769 ], [ -69.177038663352519, 47.747190154814561 ], [ -69.170113348490531, 47.749436049437577 ], [ -69.163767249610771, 47.746513708259094 ], [ -69.164346872367602, 47.741345907746023 ], [ -69.171271294237158, 47.739100326583241 ] ] ] } },
{ "type": "Feature", "properties": { "hex_id": 972106, "centroid_lon": -69.180510663502091, "centroid_lat": 47.596643435795158, "occurrences_today": 3, "datetimes_today": "2026-04-26 12:46:38, 2026-04-26 12:57:41, 2026-04-26 13:16:47", "cumulative_total": 3.0 }, "geometry": { "type": "Polygon", "coordinates": [ [ [ -69.181085605511399, 47.591475345731808 ], [ -69.187414703970816, 47.594396014241724 ], [ -69.18684032647252, 47.599564159902947 ], [ -69.179935560883123, 47.601811515900749 ], [ -69.173606058550618, 47.598890414356894 ], [ -69.174181725624052, 47.59372238991628 ], [ -69.181085605511399, 47.591475345731808 ] ] ] } },
{ "type": "Feature", "properties": { "hex_id": 972107, "centroid_lon": -69.178784873589919, "centroid_lat": 47.612147646230966, "occurrences_today": 3, "datetimes_today": "2026-04-26 12:46:38, 2026-04-26 12:57:41, 2026-04-26 13:16:47", "cumulative_total": 3.0 }, "geometry": { "type": "Polygon", "coordinates": [ [ [ -69.179360297597938, 47.606979586046648 ], [ -69.185691090038006, 47.609900421382669 ], [ -69.185116230988726, 47.615068537197409 ], [ -69.178209288802478, 47.617315696451797 ], [ -69.171878092211443, 47.614394427847891 ], [ -69.172454241900979, 47.609226433324586 ], [ -69.179360297597938, 47.606979586046648 ] ] ] } },
{ "type": "Feature", "properties": { "hex_id": 972108, "centroid_lon": -69.17705763666261, "centroid_lat": 47.627651766995413, "occurrences_today": 3, "datetimes_today": "2026-04-26 12:46:38, 2026-04-26 12:57:41, 2026-04-26 13:16:47", "cumulative_total": 3.0 }, "geometry": { "type": "Polygon", "coordinates": [ [ [ -69.177633543178928, 47.622483736707252 ], [ -69.183966030943211, 47.62540473896707 ], [ -69.183390689833772, 47.63057282491819 ], [ -69.176481569196824, 47.632819787314368 ], [ -69.17014867700351, 47.629898351552605 ], [ -69.170725309819431, 47.624730386963797 ], [ -69.177633543178928, 47.622483736707252 ] ] ] } },
{ "type": "Feature", "properties": { "hex_id": 972109, "centroid_lon": -69.175328951189869, "centroid_lat": 47.643155798037078, "occurrences_today": 3, "datetimes_today": "2026-04-26 12:46:38, 2026-04-26 12:57:41, 2026-04-26 13:16:47", "cumulative_total": 3.0 }, "geometry": { "type": "Polygon", "coordinates": [ [ [ -69.175905340724839, 47.637987797662227 ], [ -69.182239525158181, 47.640908966943577 ], [ -69.181663701478655, 47.646077023014008 ], [ -69.174752400535155, 47.648323788437004 ], [ -69.168417811394534, 47.645402185419478 ], [ -69.168994927847876, 47.640234250782363 ], [ -69.175905340724839, 47.637987797662227 ] ] ] } },
{ "type": "Feature", "properties": { "hex_id": 972110, "centroid_lon": -69.17359881563921, "centroid_lat": 47.658659739304497, "occurrences_today": 3, "datetimes_today": "2026-04-26 12:46:38, 2026-04-26 12:57:41, 2026-04-26 13:16:47", "cumulative_total": 3.0 }, "geometry": { "type": "Polygon", "coordinates": [ [ [ -69.174175688703897, 47.653491768860114 ], [ -69.180511571152422, 47.656413105260853 ], [ -69.179935264392157, 47.661581131433472 ], [ -69.17302178128422, 47.663827699768234 ], [ -69.166685493849997, 47.660905929396925 ], [ -69.167263094452508, 47.655738024728677 ], [ -69.174175688703897, 47.653491768860114 ] ] ] } },
{ "type": "Feature", "properties": { "hex_id": 972111, "centroid_lon": -69.171867228475804, "centroid_lat": 47.674163590746112, "occurrences_today": 3, "datetimes_today": "2026-04-26 12:46:38, 2026-04-26 12:57:41, 2026-04-26 13:16:47", "cumulative_total": 3.0 }, "geometry": { "type": "Polygon", "coordinates": [ [ [ -69.17244458558207, 47.6689956502494 ], [ -69.17878216739318, 47.671917153867525 ], [ -69.178205377040769, 47.677085150125144 ], [ -69.171289709908478, 47.679331521256451 ], [ -69.164951722833081, 47.676409583433255 ], [ -69.165529808097276, 47.671241708751133 ], [ -69.17244458558207, 47.6689956502494 ] ] ] } },
{ "type": "Feature", "properties": { "hex_id": 972112, "centroid_lon": -69.170134188162663, "centroid_lat": 47.689667352310352, "occurrences_today": 3, "datetimes_today": "2026-04-26 12:46:38, 2026-04-26 12:57:41, 2026-04-26 13:16:47", "cumulative_total": 3.0 }, "geometry": { "type": "Polygon", "coordinates": [ [ [ -69.170712029823093, 47.684499441778499 ], [ -69.177051312345469, 47.687421112712094 ], [ -69.17647403788871, 47.69258907903756 ], [ -69.169556184870132, 47.694835252850083 ], [ -69.163216496804708, 47.69191314747674 ], [ -69.163795067243868, 47.686745302797988 ], [ -69.170712029823093, 47.684499441778499 ] ] ] } },
{ "type": "Feature", "properties": { "hex_id": 972113, "centroid_lon": -69.168399693160467, "centroid_lat": 47.705171023945525, "occurrences_today": 3, "datetimes_today": "2026-04-26 12:46:38, 2026-04-26 12:57:41, 2026-04-26 13:16:47", "cumulative_total": 3.0 }, "geometry": { "type": "Polygon", "coordinates": [ [ [ -69.168978019888428, 47.700003143395776 ], [ -69.175319004472001, 47.70292498174301 ], [ -69.174741245397996, 47.708092918119149 ], [ -69.167821204629121, 47.710338894497404 ], [ -69.16147981422354, 47.707416621475581 ], [ -69.162058870351714, 47.702248806817465 ], [ -69.168978019888428, 47.700003143395776 ] ] ] } },
{ "type": "Feature", "properties": { "hex_id": 972114, "centroid_lon": -69.16666374192765, "centroid_lat": 47.720674605599889, "occurrences_today": 3, "datetimes_today": "2026-04-26 12:46:38, 2026-04-26 12:57:41, 2026-04-26 13:16:47", "cumulative_total": 3.0 }, "geometry": { "type": "Polygon", "coordinates": [ [ [ -69.167242554237248, 47.715506755049482 ], [ -69.173585242233273, 47.718428760908694 ], [ -69.173006998028313, 47.723596667318276 ], [ -69.166084767643142, 47.72584244614665 ], [ -69.159741673546009, 47.722920005377901 ], [ -69.160321215877943, 47.717752220757717 ], [ -69.167242554237248, 47.715506755049482 ] ] ] } },
{ "type": "Feature", "properties": { "hex_id": 972115, "centroid_lon": -69.164926332920402, "centroid_lat": 47.736178097221639, "occurrences_today": 3, "datetimes_today": "2026-04-26 12:46:38, 2026-04-26 12:57:41, 2026-04-26 13:16:47", "cumulative_total": 3.0 }, "geometry": { "type": "Polygon", "coordinates": [ [ [ -69.165505631326482, 47.731010276687883 ], [ -69.171850024087476, 47.733932450157461 ], [ -69.171271294237158, 47.739100326583241 ], [ -69.164346872367602, 47.741345907746023 ], [ -69.1580020732262, 47.738423299131746 ], [ -69.158582102277464, 47.733255544566838 ], [ -69.165505631326482, 47.731010276687883 ] ] ] } },
{ "type": "Feature", "properties": { "hex_id": 972716, "centroid_lon": -69.174757231938685, "centroid_lat": 47.588554355507043, "occurrences_today": 3, "datetimes_today": "2026-04-26 12:46:38, 2026-04-26 12:57:41, 2026-04-26 13:16:47", "cumulative_total": 3.0 }, "geometry": { "type": "Polygon", "coordinates": [ [ [ -69.175332577551131, 47.583386311131065 ], [ -69.181660386967565, 47.586307245712561 ], [ -69.181085605511399, 47.591475345731808 ], [ -69.174181725624052, 47.59372238991628 ], [ -69.167853512781832, 47.590801022376532 ], [ -69.168429583196172, 47.585633043677639 ], [ -69.175332577551131, 47.583386311131065 ] ] ] } },
{ "type": "Feature", "properties": { "hex_id": 972717, "centroid_lon": -69.173030230661823, "centroid_lat": 47.60405842882696, "occurrences_today": 3, "datetimes_today": "2026-04-26 12:46:38, 2026-04-26 12:57:41, 2026-04-26 13:16:47", "cumulative_total": 3.0 }, "geometry": { "type": "Polygon", "coordinates": [ [ [ -69.173606058550618, 47.598890414356894 ], [ -69.179935560883123, 47.601811515900749 ], [ -69.179360297597938, 47.606979586046648 ], [ -69.172454241900979, 47.609226433324586 ], [ -69.16612433586522, 47.606304898588625 ], [ -69.166700889173015, 47.601136949833929 ], [ -69.173606058550618, 47.598890414356894 ] ] ] } },
{ "type": "Feature", "properties": { "hex_id": 972718, "centroid_lon": -69.171301781536499, "centroid_lat": 47.619562412394927, "occurrences_today": 3, "datetimes_today": "2026-04-26 12:46:38, 2026-04-26 12:57:41, 2026-04-26 13:16:47", "cumulative_total": 3.0 }, "geometry": { "type": "Polygon", "coordinates": [ [ [ -69.171878092211443, 47.614394427847891 ], [ -69.178209288802478, 47.617315696451797 ], [ -69.177633543178928, 47.622483736707252 ], [ -69.170725309819431, 47.624730386963797 ], [ -69.164393709247491, 47.62180868493374 ], [ -69.164970745959209, 47.616640766140442 ], [ -69.171878092211443, 47.614394427847891 ] ] ] } },
{ "type": "Feature", "properties": { "hex_id": 972719, "centroid_lon": -69.169571883031921, "centroid_lat": 47.635066306159416, "occurrences_today": 3, "datetimes_today": "2026-04-26 12:46:38, 2026-04-26 12:57:41, 2026-04-26 13:16:47", "cumulative_total": 3.0 }, "geometry": { "type": "Polygon", "coordinates": [ [ [ -69.17014867700351, 47.629898351552605 ], [ -69.176481569196824, 47.632819787314368 ], [ -69.175905340724839, 47.637987797662227 ], [ -69.168994927847876, 47.640234250782363 ], [ -69.162661631395821, 47.637312381360289 ], [ -69.163239152022626, 47.632144492545592 ], [ -69.17014867700351, 47.629898351552605 ] ] ] } },
{ "type": "Feature", "properties": { "hex_id": 972720, "centroid_lon": -69.167840533615049, "centroid_lat": 47.650570110068884, "occurrences_today": 3, "datetimes_today": "2026-04-26 12:46:38, 2026-04-26 12:57:41, 2026-04-26 13:16:47", "cumulative_total": 3.0 }, "geometry": { "type": "Polygon", "coordinates": [ [ [ -69.168417811394534, 47.645402185419478 ], [ -69.174752400535155, 47.648323788437004 ], [ -69.174175688703897, 47.653491768860114 ], [ -69.167263094452508, 47.655738024728677 ], [ -69.160928100775152, 47.652815987816552 ], [ -69.161506105829005, 47.647648128997673 ], [ -69.168417811394534, 47.645402185419478 ] ] ] } },
{ "type": "Feature", "properties": { "hex_id": 972721, "centroid_lon": -69.166107731750586, "centroid_lat": 47.666073824071709, "occurrences_today": 3, "datetimes_today": "2026-04-26 12:46:38, 2026-04-26 12:57:41, 2026-04-26 13:16:47", "cumulative_total": 3.0 }, "geometry": { "type": "Polygon", "coordinates": [ [ [ -69.166685493849997, 47.660905929396925 ], [ -69.17302178128422, 47.663827699768234 ], [ -69.17244458558207, 47.6689956502494 ], [ -69.165529808097276, 47.671241708751133 ], [ -69.159193115848169, 47.668319504250753 ], [ -69.15977160584174, 47.663151675445008 ], [ -69.166685493849997, 47.660905929396925 ] ] ] } },
{ "type": "Feature", "properties": { "hex_id": 972722, "centroid_lon": -69.164373475900959, "centroid_lat": 47.68157744811618, "occurrences_today": 3, "datetimes_today": "2026-04-26 12:46:38, 2026-04-26 12:57:41, 2026-04-26 13:16:47", "cumulative_total": 3.0 }, "geometry": { "type": "Polygon", "coordinates": [ [ [ -69.164951722833081, 47.676409583433255 ], [ -69.171289709908478, 47.679331521256451 ], [ -69.170712029823093, 47.684499441778499 ], [ -69.163795067243868, 47.686745302797988 ], [ -69.157456675075238, 47.683822930611093 ], [ -69.15803565052201, 47.678655131835704 ], [ -69.164951722833081, 47.676409583433255 ] ] ] } },
{ "type": "Feature", "properties": { "hex_id": 972723, "centroid_lon": -69.162637764526366, "centroid_lat": 47.697080982150545, "occurrences_today": 3, "datetimes_today": "2026-04-26 12:46:38, 2026-04-26 12:57:41, 2026-04-26 13:16:47", "cumulative_total": 3.0 }, "geometry": { "type": "Polygon", "coordinates": [ [ [ -69.163216496804708, 47.69191314747674 ], [ -69.169556184870132, 47.694835252850083 ], [ -69.168978019888428, 47.700003143395776 ], [ -69.162058870351714, 47.702248806817465 ], [ -69.15571877691454, 47.699326266845674 ], [ -69.156298238328688, 47.694158498117993 ], [ -69.163216496804708, 47.69191314747674 ] ] ] } },
{ "type": "Feature", "properties": { "hex_id": 972724, "centroid_lon": -69.160900596084701, "centroid_lat": 47.712584426122966, "occurrences_today": 3, "datetimes_today": "2026-04-26 12:46:38, 2026-04-26 12:57:41, 2026-04-26 13:16:47", "cumulative_total": 3.0 }, "geometry": { "type": "Polygon", "coordinates": [ [ [ -69.16147981422354, 47.707416621475581 ], [ -69.167821204629121, 47.710338894497404 ], [ -69.167242554237248, 47.715506755049482 ], [ -69.160321215877943, 47.717752220757717 ], [ -69.153979419821937, 47.714829512902526 ], [ -69.154559367718434, 47.709661774239883 ], [ -69.16147981422354, 47.707416621475581 ] ] ] } },
{ "type": "Feature", "properties": { "hex_id": 972725, "centroid_lon": -69.159161969031615, "centroid_lat": 47.728087779981571, "occurrences_today": 3, "datetimes_today": "2026-04-26 12:46:38, 2026-04-26 12:57:41, 2026-04-26 13:16:47", "cumulative_total": 3.0 }, "geometry": { "type": "Polygon", "coordinates": [ [ [ -69.159741673546009, 47.722920005377901 ], [ -69.166084767643142, 47.72584244614665 ], [ -69.165505631326482, 47.731010276687883 ], [ -69.158582102277464, 47.733255544566838 ], [ -69.152238602251018, 47.730332668729652 ], [ -69.152819037145591, 47.725164960149357 ], [ -69.159741673546009, 47.722920005377901 ] ] ] } },
{ "type": "Feature", "properties": { "hex_id": 972726, "centroid_lon": -69.157421881820468, "centroid_lat": 47.743591043674385, "occurrences_today": 3, "datetimes_today": "2026-04-26 12:46:38, 2026-04-26 12:57:41, 2026-04-26 13:16:47", "cumulative_total": 3.0 }, "geometry": { "type": "Polygon", "coordinates": [ [ [ -69.1580020732262, 47.738423299131746 ], [ -69.164346872367602, 47.741345907746023 ], [ -69.163767249610771, 47.746513708259094 ], [ -69.156841528002872, 47.748758778192837 ], [ -69.150496322653126, 47.745835734274934 ], [ -69.151077245062226, 47.740668055794373 ], [ -69.1580020732262, 47.738423299131746 ] ] ] } },
{ "type": "Feature", "properties": { "hex_id": 973326, "centroid_lon": -69.169005492759311, "centroid_lat": 47.580465055001163, "occurrences_today": 3, "datetimes_today": "2026-04-26 12:46:38, 2026-04-26 12:57:41, 2026-04-26 13:16:47", "cumulative_total": 3.0 }, "geometry": { "type": "Polygon", "coordinates": [ [ [ -69.169581241527879, 47.575297056349029 ], [ -69.175907762517937, 47.578218256790279 ], [ -69.175332577551131, 47.583386311131065 ], [ -69.168429583196172, 47.585633043677639 ], [ -69.162102659227216, 47.582711410353845 ], [ -69.162679132535544, 47.577543477433089 ], [ -69.169581241527879, 47.575297056349029 ] ] ] } },
{ "type": "Feature", "properties": { "hex_id": 973327, "centroid_lon": -69.167277281459675, "centroid_lat": 47.595968991095916, "occurrences_today": 3, "datetimes_today": "2026-04-26 12:46:38, 2026-04-26 12:57:41, 2026-04-26 13:16:47", "cumulative_total": 3.0 }, "geometry": { "type": "Polygon", "coordinates": [ [ [ -69.167853512781832, 47.590801022376532 ], [ -69.174181725624052, 47.59372238991628 ], [ -69.173606058550618, 47.598890414356894 ], [ -69.166700889173015, 47.601136949833929 ], [ -69.160372273074884, 47.598215149177825 ], [ -69.160949229553594, 47.593047246228132 ], [ -69.167853512781832, 47.590801022376532 ] ] ] } },
{ "type": "Feature", "properties": { "hex_id": 973328, "centroid_lon": -69.165547621479519, "centroid_lat": 47.611472837358086, "occurrences_today": 3, "datetimes_today": "2026-04-26 12:46:38, 2026-04-26 12:57:41, 2026-04-26 13:16:47", "cumulative_total": 3.0 }, "geometry": { "type": "Polygon", "coordinates": [ [ [ -69.16612433586522, 47.606304898588625 ], [ -69.172454241900979, 47.609226433324586 ], [ -69.171878092211443, 47.614394427847891 ], [ -69.164970745959209, 47.616640766140442 ], [ -69.158640436390314, 47.613718798054151 ], [ -69.159217876550017, 47.60855092509275 ], [ -69.16612433586522, 47.606304898588625 ] ] ] } },
{ "type": "Feature", "properties": { "hex_id": 973329, "centroid_lon": -69.163816511287578, "centroid_lat": 47.626976593736096, "occurrences_today": 3, "datetimes_today": "2026-04-26 12:46:38, 2026-04-26 12:57:41, 2026-04-26 13:16:47", "cumulative_total": 3.0 }, "geometry": { "type": "Polygon", "coordinates": [ [ [ -69.164393709247491, 47.62180868493374 ], [ -69.170725309819431, 47.624730386963797 ], [ -69.17014867700351, 47.629898351552605 ], [ -69.163239152022626, 47.632144492545592 ], [ -69.156907147640155, 47.629222356931145 ], [ -69.157485071992241, 47.624054513975274 ], [ -69.164393709247491, 47.62180868493374 ] ] ] } },
{ "type": "Feature", "properties": { "hex_id": 973330, "centroid_lon": -69.162083949350247, "centroid_lat": 47.642480260178303, "occurrences_today": 3, "datetimes_today": "2026-04-26 12:46:38, 2026-04-26 12:57:41, 2026-04-26 13:16:47", "cumulative_total": 3.0 }, "geometry": { "type": "Polygon", "coordinates": [ [ [ -69.162661631395821, 47.637312381360289 ], [ -69.168994927847876, 47.640234250782363 ], [ -69.168417811394534, 47.645402185419478 ], [ -69.161506105829005, 47.647648128997673 ], [ -69.155172405288866, 47.644725825756986 ], [ -69.15575081434541, 47.639558012823926 ], [ -69.162661631395821, 47.637312381360289 ] ] ] } },
{ "type": "Feature", "properties": { "hex_id": 973331, "centroid_lon": -69.160349934131744, "centroid_lat": 47.657983836632951, "occurrences_today": 3, "datetimes_today": "2026-04-26 12:46:38, 2026-04-26 12:57:41, 2026-04-26 13:16:47", "cumulative_total": 3.0 }, "geometry": { "type": "Polygon", "coordinates": [ [ [ -69.160928100775152, 47.652815987816552 ], [ -69.167263094452508, 47.655738024728677 ], [ -69.166685493849997, 47.660905929396925 ], [ -69.15977160584174, 47.663151675445008 ], [ -69.153436207798549, 47.660229204479826 ], [ -69.154015102072464, 47.655061421586858 ], [ -69.160928100775152, 47.652815987816552 ] ] ] } },
{ "type": "Feature", "properties": { "hex_id": 973332, "centroid_lon": -69.158614464093944, "centroid_lat": 47.673487323048299, "occurrences_today": 3, "datetimes_today": "2026-04-26 12:46:38, 2026-04-26 12:57:41, 2026-04-26 13:16:47", "cumulative_total": 3.0 }, "geometry": { "type": "Polygon", "coordinates": [ [ [ -69.159193115848169, 47.668319504250753 ], [ -69.165529808097276, 47.671241708751133 ], [ -69.164951722833081, 47.676409583433255 ], [ -69.15803565052201, 47.678655131835704 ], [ -69.151698553629132, 47.675732493047768 ], [ -69.152277933633997, 47.670564740212214 ], [ -69.159193115848169, 47.668319504250753 ] ] ] } },
{ "type": "Feature", "properties": { "hex_id": 973333, "centroid_lon": -69.156877537696531, "centroid_lat": 47.688990719372491, "occurrences_today": 3, "datetimes_today": "2026-04-26 12:46:38, 2026-04-26 12:57:41, 2026-04-26 13:16:47", "cumulative_total": 3.0 }, "geometry": { "type": "Polygon", "coordinates": [ [ [ -69.157456675075238, 47.683822930611093 ], [ -69.163795067243868, 47.686745302797988 ], [ -69.163216496804708, 47.69191314747674 ], [ -69.156298238328688, 47.694158498117993 ], [ -69.149959441238209, 47.691235691408835 ], [ -69.150539307488444, 47.686067968648011 ], [ -69.157456675075238, 47.683822930611093 ] ] ] } },
{ "type": "Feature", "properties": { "hex_id": 973334, "centroid_lon": -69.155139153396874, "centroid_lat": 47.704494025553615, "occurrences_today": 3, "datetimes_today": "2026-04-26 12:46:38, 2026-04-26 12:57:41, 2026-04-26 13:16:47", "cumulative_total": 3.0 }, "geometry": { "type": "Polygon", "coordinates": [ [ [ -69.15571877691454, 47.699326266845674 ], [ -69.162058870351714, 47.702248806817465 ], [ -69.16147981422354, 47.707416621475581 ], [ -69.154559367718434, 47.709661774239883 ], [ -69.148218869081163, 47.706738799510973 ], [ -69.148799222091853, 47.701571106842238 ], [ -69.15571877691454, 47.699326266845674 ] ] ] } },
{ "type": "Feature", "properties": { "hex_id": 973335, "centroid_lon": -69.153399309650112, "centroid_lat": 47.719997241539687, "occurrences_today": 3, "datetimes_today": "2026-04-26 12:46:38, 2026-04-26 12:57:41, 2026-04-26 13:16:47", "cumulative_total": 3.0 }, "geometry": { "type": "Polygon", "coordinates": [ [ [ -69.153979419821937, 47.714829512902526 ], [ -69.160321215877943, 47.717752220757717 ], [ -69.159741673546009, 47.722920005377901 ], [ -69.152819037145591, 47.725164960149357 ], [ -69.14647683561104, 47.722241817302063 ], [ -69.147057675898111, 47.717074154742811 ], [ -69.153979419821937, 47.714829512902526 ] ] ] } },
{ "type": "Feature", "properties": { "hex_id": 973336, "centroid_lon": -69.151658004909052, "centroid_lat": 47.73550036727864, "occurrences_today": 3, "datetimes_today": "2026-04-26 12:46:38, 2026-04-26 12:57:41, 2026-04-26 13:16:47", "cumulative_total": 3.0 }, "geometry": { "type": "Polygon", "coordinates": [ [ [ -69.152238602251018, 47.730332668729652 ], [ -69.158582102277464, 47.733255544566838 ], [ -69.1580020732262, 47.738423299131746 ], [ -69.151077245062226, 47.740668055794373 ], [ -69.144733339278631, 47.737744744729923 ], [ -69.145314667358747, 47.732577112297555 ], [ -69.152238602251018, 47.730332668729652 ] ] ] } },
{ "type": "Feature", "properties": { "hex_id": 973337, "centroid_lon": -69.149915237624271, "centroid_lat": 47.751003402718403, "occurrences_today": 3, "datetimes_today": "2026-04-26 12:46:38, 2026-04-26 12:57:41, 2026-04-26 13:16:47", "cumulative_total": 3.0 }, "geometry": { "type": "Polygon", "coordinates": [ [ [ -69.150496322653126, 47.745835734274934 ], [ -69.156841528002872, 47.748758778192837 ], [ -69.156261011715969, 47.753926502685154 ], [ -69.149333989918176, 47.756171061122807 ], [ -69.142988378532493, 47.753247581742343 ], [ -69.143570194923043, 47.748079979454253 ], [ -69.150496322653126, 47.745835734274934 ] ] ] } },
{ "type": "Feature", "properties": { "hex_id": 973937, "centroid_lon": -69.161526024918814, "centroid_lat": 47.587879333286175, "occurrences_today": 3, "datetimes_today": "2026-04-26 12:46:38, 2026-04-26 12:57:41, 2026-04-26 13:16:47", "cumulative_total": 3.0 }, "geometry": { "type": "Polygon", "coordinates": [ [ [ -69.162102659227216, 47.582711410353845 ], [ -69.168429583196172, 47.585633043677639 ], [ -69.167853512781832, 47.590801022376532 ], [ -69.160949229553594, 47.593047246228132 ], [ -69.154621902775702, 47.590125179863769 ], [ -69.155199261978311, 47.584957322755436 ], [ -69.162102659227216, 47.582711410353845 ] ] ] } },
{ "type": "Feature", "properties": { "hex_id": 973938, "centroid_lon": -69.159795155425954, "centroid_lat": 47.603383042133345, "occurrences_today": 3, "datetimes_today": "2026-04-26 12:46:38, 2026-04-26 12:57:41, 2026-04-26 13:16:47", "cumulative_total": 3.0 }, "geometry": { "type": "Polygon", "coordinates": [ [ [ -69.160372273074884, 47.598215149177825 ], [ -69.166700889173015, 47.601136949833929 ], [ -69.16612433586522, 47.606304898588625 ], [ -69.159217876550017, 47.60855092509275 ], [ -69.152888857366122, 47.60562869116221 ], [ -69.153466700526408, 47.600460864069078 ], [ -69.160372273074884, 47.598215149177825 ] ] ] } },
{ "type": "Feature", "properties": { "hex_id": 973939, "centroid_lon": -69.158062834890004, "centroid_lat": 47.61888666101563, "occurrences_today": 3, "datetimes_today": "2026-04-26 12:46:38, 2026-04-26 12:57:41, 2026-04-26 13:16:47", "cumulative_total": 3.0 }, "geometry": { "type": "Polygon", "coordinates": [ [ [ -69.158640436390314, 47.613718798054151 ], [ -69.164970745959209, 47.616640766140442 ], [ -69.164393709247491, 47.62180868493374 ], [ -69.157485071992241, 47.624054513975274 ], [ -69.151154359060612, 47.621132112380501 ], [ -69.15173268669011, 47.615964315319843 ], [ -69.158640436390314, 47.613718798054151 ] ] ] } },
{ "type": "Feature", "properties": { "hex_id": 973940, "centroid_lon": -69.156329061776873, "centroid_lat": 47.634390189881316, "occurrences_today": 3, "datetimes_today": "2026-04-26 12:46:38, 2026-04-26 12:57:41, 2026-04-26 13:16:47", "cumulative_total": 3.0 }, "geometry": { "type": "Polygon", "coordinates": [ [ [ -69.156907147640155, 47.629222356931145 ], [ -69.163239152022626, 47.632144492545592 ], [ -69.162661631395821, 47.637312381360289 ], [ -69.15575081434541, 47.639558012823926 ], [ -69.149418406323079, 47.636635443466808 ], [ -69.149997218934061, 47.631467676455912 ], [ -69.156907147640155, 47.629222356931145 ] ] ] } },
{ "type": "Feature", "properties": { "hex_id": 973941, "centroid_lon": -69.154593834550212, "centroid_lat": 47.649893628678598, "occurrences_today": 3, "datetimes_today": "2026-04-26 12:46:38, 2026-04-26 12:57:41, 2026-04-26 13:16:47", "cumulative_total": 3.0 }, "geometry": { "type": "Polygon", "coordinates": [ [ [ -69.155172405288866, 47.644725825756986 ], [ -69.161506105829005, 47.647648128997673 ], [ -69.160928100775152, 47.652815987816552 ], [ -69.154015102072464, 47.655061421586858 ], [ -69.147680997615126, 47.652138684369149 ], [ -69.148260295720647, 47.646970947425338 ], [ -69.155172405288866, 47.644725825756986 ] ] ] } },
{ "type": "Feature", "properties": { "hex_id": 973942, "centroid_lon": -69.152857151671441, "centroid_lat": 47.665396977355584, "occurrences_today": 3, "datetimes_today": "2026-04-26 12:46:38, 2026-04-26 12:57:41, 2026-04-26 13:16:47", "cumulative_total": 3.0 }, "geometry": { "type": "Polygon", "coordinates": [ [ [ -69.153436207798549, 47.660229204479826 ], [ -69.15977160584174, 47.663151675445008 ], [ -69.159193115848169, 47.668319504250753 ], [ -69.152277933633997, 47.670564740212214 ], [ -69.14594213139614, 47.667641835035553 ], [ -69.146521915510007, 47.662474128176179 ], [ -69.153436207798549, 47.660229204479826 ] ] ] } },
{ "type": "Feature", "properties": { "hex_id": 973943, "centroid_lon": -69.151119011599675, "centroid_lat": 47.680900235860349, "occurrences_today": 3, "datetimes_today": "2026-04-26 12:46:38, 2026-04-26 12:57:41, 2026-04-26 13:16:47", "cumulative_total": 3.0 }, "geometry": { "type": "Polygon", "coordinates": [ [ [ -69.151698553629132, 47.675732493047768 ], [ -69.15803565052201, 47.678655131835704 ], [ -69.157456675075238, 47.683822930611093 ], [ -69.150539307488444, 47.686067968648011 ], [ -69.144201806123235, 47.683144895413932 ], [ -69.144782076759967, 47.677977218656345 ], [ -69.151698553629132, 47.675732493047768 ] ] ] } },
{ "type": "Feature", "properties": { "hex_id": 973944, "centroid_lon": -69.149379412791774, "centroid_lat": 47.696403404140881, "occurrences_today": 3, "datetimes_today": "2026-04-26 12:46:38, 2026-04-26 12:57:41, 2026-04-26 13:16:47", "cumulative_total": 3.0 }, "geometry": { "type": "Polygon", "coordinates": [ [ [ -69.149959441238209, 47.691235691408835 ], [ -69.156298238328688, 47.694158498117993 ], [ -69.15571877691454, 47.699326266845674 ], [ -69.148799222091853, 47.701571106842238 ], [ -69.142460020251207, 47.698647865452166 ], [ -69.14304077792616, 47.693480218813768 ], [ -69.149959441238209, 47.691235691408835 ] ] ] } },
{ "type": "Feature", "properties": { "hex_id": 973945, "centroid_lon": -69.147638353702362, "centroid_lat": 47.711906482145125, "occurrences_today": 3, "datetimes_today": "2026-04-26 12:46:38, 2026-04-26 12:57:41, 2026-04-26 13:16:47", "cumulative_total": 3.0 }, "geometry": { "type": "Polygon", "coordinates": [ [ [ -69.148218869081163, 47.706738799510973 ], [ -69.154559367718434, 47.709661774239883 ], [ -69.153979419821937, 47.714829512902526 ], [ -69.147057675898111, 47.717074154742811 ], [ -69.140716772232651, 47.714150745098046 ], [ -69.14129801746185, 47.708983128596252 ], [ -69.148218869081163, 47.706738799510973 ] ] ] } },
{ "type": "Feature", "properties": { "hex_id": 973946, "centroid_lon": -69.145895832783737, "centroid_lat": 47.727409469820948, "occurrences_today": 3, "datetimes_today": "2026-04-26 12:46:38, 2026-04-26 12:57:41, 2026-04-26 13:16:47", "cumulative_total": 3.0 }, "geometry": { "type": "Polygon", "coordinates": [ [ [ -69.14647683561104, 47.722241817302063 ], [ -69.152819037145591, 47.725164960149357 ], [ -69.152238602251018, 47.730332668729652 ], [ -69.145314667358747, 47.732577112297555 ], [ -69.13897206051783, 47.729653534299324 ], [ -69.139553793818109, 47.724485947951536 ], [ -69.14647683561104, 47.722241817302063 ] ] ] } },
{ "type": "Feature", "properties": { "hex_id": 973947, "centroid_lon": -69.144151848485905, "centroid_lat": 47.742912367116134, "occurrences_today": 3, "datetimes_today": "2026-04-26 12:46:38, 2026-04-26 12:57:41, 2026-04-26 13:16:47", "cumulative_total": 3.0 }, "geometry": { "type": "Polygon", "coordinates": [ [ [ -69.144733339278631, 47.737744744729923 ], [ -69.151077245062226, 47.740668055794373 ], [ -69.150496322653126, 47.745835734274934 ], [ -69.143570194923043, 47.748079979454253 ], [ -69.13722588355472, 47.745156233003648 ], [ -69.137808105443696, 47.739988676827323 ], [ -69.144733339278631, 47.737744744729923 ] ] ] } },
{ "type": "Feature", "properties": { "hex_id": 974547, "centroid_lon": -69.155776459975243, "centroid_lat": 47.579789455645859, "occurrences_today": 3, "datetimes_today": "2026-04-26 12:46:38, 2026-04-26 12:57:41, 2026-04-26 13:16:47", "cumulative_total": 3.0 }, "geometry": { "type": "Polygon", "coordinates": [ [ [ -69.156353496823201, 47.574621578536991 ], [ -69.162679132535544, 47.577543477433089 ], [ -69.162102659227216, 47.582711410353845 ], [ -69.155199261978311, 47.584957322755436 ], [ -69.148873223903621, 47.58203499089457 ], [ -69.149450985383496, 47.576867179663928 ], [ -69.156353496823201, 47.574621578536991 ] ] ] } },
{ "type": "Feature", "properties": { "hex_id": 974548, "centroid_lon": -69.154044382310659, "centroid_lat": 47.595293026968953, "occurrences_today": 3, "datetimes_today": "2026-04-26 12:46:38, 2026-04-26 12:57:41, 2026-04-26 13:16:47", "cumulative_total": 3.0 }, "geometry": { "type": "Polygon", "coordinates": [ [ [ -69.154621902775702, 47.590125179863769 ], [ -69.160949229553594, 47.593047246228132 ], [ -69.160372273074884, 47.598215149177825 ], [ -69.153466700526408, 47.600460864069078 ], [ -69.147138971109797, 47.597538364506114 ], [ -69.14771721682358, 47.592370583317596 ], [ -69.154621902775702, 47.590125179863769 ] ] ] } },
{ "type": "Feature", "properties": { "hex_id": 974549, "centroid_lon": -69.152310852772985, "centroid_lat": 47.610796508246437, "occurrences_today": 3, "datetimes_today": "2026-04-26 12:46:38, 2026-04-26 12:57:41, 2026-04-26 13:16:47", "cumulative_total": 3.0 }, "geometry": { "type": "Polygon", "coordinates": [ [ [ -69.152888857366122, 47.60562869116221 ], [ -69.159217876550017, 47.60855092509275 ], [ -69.158640436390314, 47.613718798054151 ], [ -69.15173268669011, 47.615964315319843 ], [ -69.145403264590939, 47.613041647956727 ], [ -69.145981995050377, 47.607873896827606 ], [ -69.152888857366122, 47.60562869116221 ] ] ] } },
{ "type": "Feature", "properties": { "hex_id": 974550, "centroid_lon": -69.150575869827577, "centroid_lat": 47.626299899426499, "occurrences_today": 3, "datetimes_today": "2026-04-26 12:46:38, 2026-04-26 12:57:41, 2026-04-26 13:16:47", "cumulative_total": 3.0 }, "geometry": { "type": "Polygon", "coordinates": [ [ [ -69.151154359060612, 47.621132112380501 ], [ -69.157485071992241, 47.624054513975274 ], [ -69.156907147640155, 47.629222356931145 ], [ -69.149997218934061, 47.631467676455912 ], [ -69.143666102810457, 47.628544841194461 ], [ -69.144245318527965, 47.623377120142088 ], [ -69.151154359060612, 47.621132112380501 ] ] ] } },
{ "type": "Feature", "properties": { "hex_id": 974551, "centroid_lon": -69.148839431937603, "centroid_lat": 47.641803200457261, "occurrences_today": 3, "datetimes_today": "2026-04-26 12:46:38, 2026-04-26 12:57:41, 2026-04-26 13:16:47", "cumulative_total": 3.0 }, "geometry": { "type": "Polygon", "coordinates": [ [ [ -69.149418406323079, 47.636635443466808 ], [ -69.15575081434541, 47.639558012823926 ], [ -69.155172405288866, 47.644725825756986 ], [ -69.148260295720647, 47.646970947425338 ], [ -69.141927484229441, 47.644047944167276 ], [ -69.142507185718245, 47.638880253208988 ], [ -69.149418406323079, 47.636635443466808 ] ] ] } },
{ "type": "Feature", "properties": { "hex_id": 974552, "centroid_lon": -69.147101537563941, "centroid_lat": 47.657306411286726, "occurrences_today": 3, "datetimes_today": "2026-04-26 12:46:38, 2026-04-26 12:57:41, 2026-04-26 13:16:47", "cumulative_total": 3.0 }, "geometry": { "type": "Polygon", "coordinates": [ [ [ -69.147680997615126, 47.652138684369149 ], [ -69.154015102072464, 47.655061421586858 ], [ -69.153436207798549, 47.660229204479826 ], [ -69.146521915510007, 47.662474128176179 ], [ -69.140187407306726, 47.65955095682309 ], [ -69.140767595080817, 47.654383295976253 ], [ -69.147680997615126, 47.652138684369149 ] ] ] } },
{ "type": "Feature", "properties": { "hex_id": 974553, "centroid_lon": -69.145362185165212, "centroid_lat": 47.67280953186291, "occurrences_today": 3, "datetimes_today": "2026-04-26 12:46:38, 2026-04-26 12:57:41, 2026-04-26 13:16:47", "cumulative_total": 3.0 }, "geometry": { "type": "Polygon", "coordinates": [ [ [ -69.14594213139614, 47.667641835035553 ], [ -69.152277933633997, 47.670564740212214 ], [ -69.151698553629132, 47.675732493047768 ], [ -69.144782076759967, 47.677977218656345 ], [ -69.138445870498927, 47.675053879109754 ], [ -69.139026545073023, 47.669886248391784 ], [ -69.14594213139614, 47.667641835035553 ] ] ] } },
{ "type": "Feature", "properties": { "hex_id": 974554, "centroid_lon": -69.143621373197718, "centroid_lat": 47.688312562133717, "occurrences_today": 3, "datetimes_today": "2026-04-26 12:46:38, 2026-04-26 12:57:41, 2026-04-26 13:16:47", "cumulative_total": 3.0 }, "geometry": { "type": "Polygon", "coordinates": [ [ [ -69.144201806123235, 47.683144895413932 ], [ -69.150539307488444, 47.686067968648011 ], [ -69.149959441238209, 47.691235691408835 ], [ -69.14304077792616, 47.693480218813768 ], [ -69.136702872260358, 47.690556710975031 ], [ -69.137284034149914, 47.685389110403328 ], [ -69.144201806123235, 47.683144895413932 ] ] ] } },
{ "type": "Feature", "properties": { "hex_id": 974555, "centroid_lon": -69.14187910011556, "centroid_lat": 47.703815502046972, "occurrences_today": 3, "datetimes_today": "2026-04-26 12:46:38, 2026-04-26 12:57:41, 2026-04-26 13:16:47", "cumulative_total": 3.0 }, "geometry": { "type": "Polygon", "coordinates": [ [ [ -69.142460020251207, 47.698647865452166 ], [ -69.148799222091853, 47.701571106842238 ], [ -69.148218869081163, 47.706738799510973 ], [ -69.14129801746185, 47.708983128596252 ], [ -69.13495841104303, 47.706059452366652 ], [ -69.135540060764313, 47.70089188195864 ], [ -69.142460020251207, 47.698647865452166 ] ] ] } },
{ "type": "Feature", "properties": { "hex_id": 974556, "centroid_lon": -69.140135364370565, "centroid_lat": 47.71931835155047, "occurrences_today": 3, "datetimes_today": "2026-04-26 12:46:38, 2026-04-26 12:57:41, 2026-04-26 13:16:47", "cumulative_total": 3.0 }, "geometry": { "type": "Polygon", "coordinates": [ [ [ -69.140716772232651, 47.714150745098046 ], [ -69.147057675898111, 47.717074154742811 ], [ -69.14647683561104, 47.722241817302063 ], [ -69.139553793818109, 47.724485947951536 ], [ -69.133212485296724, 47.72156210323223 ], [ -69.133794623366725, 47.71639456300538 ], [ -69.140716772232651, 47.714150745098046 ] ] ] } },
{ "type": "Feature", "properties": { "hex_id": 974557, "centroid_lon": -69.138390164412201, "centroid_lat": 47.734821110591902, "occurrences_today": 3, "datetimes_today": "2026-04-26 12:46:38, 2026-04-26 12:57:41, 2026-04-26 13:16:47", "cumulative_total": 3.0 }, "geometry": { "type": "Polygon", "coordinates": [ [ [ -69.13897206051783, 47.729653534299324 ], [ -69.145314667358747, 47.732577112297555 ], [ -69.144733339278631, 47.737744744729923 ], [ -69.137808105443696, 47.739988676827323 ], [ -69.131465093468904, 47.737064663519376 ], [ -69.132047720405382, 47.731897153491175 ], [ -69.13897206051783, 47.729653534299324 ] ] ] } },
{ "type": "Feature", "properties": { "hex_id": 974558, "centroid_lon": -69.136643498687732, "centroid_lat": 47.750323779118943, "occurrences_today": 3, "datetimes_today": "2026-04-26 12:46:38, 2026-04-26 12:57:41, 2026-04-26 13:16:47", "cumulative_total": 3.0 }, "geometry": { "type": "Polygon", "coordinates": [ [ [ -69.13722588355472, 47.745156233003648 ], [ -69.143570194923043, 47.748079979454253 ], [ -69.142988378532493, 47.753247581742343 ], [ -69.136060950785051, 47.755491315171234 ], [ -69.129716234004761, 47.752567133175589 ], [ -69.130299350326254, 47.747399653363523 ], [ -69.13722588355472, 47.745156233003648 ] ] ] } },
{ "type": "Feature", "properties": { "hex_id": 975157, "centroid_lon": -69.150028585565636, "centroid_lat": 47.57169935842311, "occurrences_today": 3, "datetimes_today": "2026-04-26 12:46:38, 2026-04-26 12:57:41, 2026-04-26 13:16:47", "cumulative_total": 3.0 }, "geometry": { "type": "Polygon", "coordinates": [ [ [ -69.1506060245068, 47.566531527174014 ], [ -69.156930372578927, 47.569453691430731 ], [ -69.156353496823201, 47.574621578536991 ], [ -69.149450985383496, 47.576867179663928 ], [ -69.143126235395258, 47.573944582518223 ], [ -69.143704398706134, 47.568776817201588 ], [ -69.1506060245068, 47.566531527174014 ] ] ] } },
{ "type": "Feature", "properties": { "hex_id": 975158, "centroid_lon": -69.148295301069254, "centroid_lat": 47.587202792113104, "occurrences_today": 3, "datetimes_today": "2026-04-26 12:46:38, 2026-04-26 12:57:41, 2026-04-26 13:16:47", "cumulative_total": 3.0 }, "geometry": { "type": "Polygon", "coordinates": [ [ [ -69.148873223903621, 47.58203499089457 ], [ -69.155199261978311, 47.584957322755436 ], [ -69.154621902775702, 47.590125179863769 ], [ -69.14771721682358, 47.592370583317596 ], [ -69.141390776556847, 47.589447818333987 ], [ -69.141969424377464, 47.584280083086341 ], [ -69.148873223903621, 47.58203499089457 ] ] ] } },
{ "type": "Feature", "properties": { "hex_id": 975159, "centroid_lon": -69.14656056387102, "centroid_lat": 47.602706135676755, "occurrences_today": 3, "datetimes_today": "2026-04-26 12:46:38, 2026-04-26 12:57:41, 2026-04-26 13:16:47", "cumulative_total": 3.0 }, "geometry": { "type": "Polygon", "coordinates": [ [ [ -69.147138971109797, 47.597538364506114 ], [ -69.153466700526408, 47.600460864069078 ], [ -69.152888857366122, 47.60562869116221 ], [ -69.145981995050377, 47.607873896827606 ], [ -69.139653863165577, 47.60495096390801 ], [ -69.140232996007825, 47.59978325874674 ], [ -69.147138971109797, 47.597538364506114 ] ] ] } },
{ "type": "Feature", "properties": { "hex_id": 975160, "centroid_lon": -69.144824372435806, "centroid_lat": 47.618209389062187, "occurrences_today": 3, "datetimes_today": "2026-04-26 12:46:38, 2026-04-26 12:57:41, 2026-04-26 13:16:47", "cumulative_total": 3.0 }, "geometry": { "type": "Polygon", "coordinates": [ [ [ -69.145403264590939, 47.613041647956727 ], [ -69.15173268669011, 47.615964315319843 ], [ -69.151154359060612, 47.621132112380501 ], [ -69.144245318527965, 47.623377120142088 ], [ -69.137915493684332, 47.620454019188259 ], [ -69.138495112060838, 47.615286344130702 ], [ -69.145403264590939, 47.613041647956727 ] ] ] } },
{ "type": "Feature", "properties": { "hex_id": 975161, "centroid_lon": -69.14308672522624, "centroid_lat": 47.633712552217396, "occurrences_today": 3, "datetimes_today": "2026-04-26 12:46:38, 2026-04-26 12:57:41, 2026-04-26 13:16:47", "cumulative_total": 3.0 }, "geometry": { "type": "Polygon", "coordinates": [ [ [ -69.143666102810457, 47.628544841194461 ], [ -69.149997218934061, 47.631467676455912 ], [ -69.149418406323079, 47.636635443466808 ], [ -69.142507185718245, 47.638880253208988 ], [ -69.136175666573706, 47.635956984122636 ], [ -69.136755770997866, 47.630789339186158 ], [ -69.143666102810457, 47.628544841194461 ] ] ] } },
{ "type": "Feature", "properties": { "hex_id": 975162, "centroid_lon": -69.141347620702675, "centroid_lat": 47.649215625090342, "occurrences_today": 3, "datetimes_today": "2026-04-26 12:46:38, 2026-04-26 12:57:41, 2026-04-26 13:16:47", "cumulative_total": 3.0 }, "geometry": { "type": "Polygon", "coordinates": [ [ [ -69.141927484229441, 47.644047944167276 ], [ -69.148260295720647, 47.646970947425338 ], [ -69.147680997615126, 47.652138684369149 ], [ -69.140767595080817, 47.654383295976253 ], [ -69.134434380292021, 47.651459858658939 ], [ -69.135014971277954, 47.646292243860948 ], [ -69.141927484229441, 47.644047944167276 ] ] ] } },
{ "type": "Feature", "properties": { "hex_id": 975163, "centroid_lon": -69.139607057323204, "centroid_lat": 47.664718607628913, "occurrences_today": 3, "datetimes_today": "2026-04-26 12:46:38, 2026-04-26 12:57:41, 2026-04-26 13:16:47", "cumulative_total": 3.0 }, "geometry": { "type": "Polygon", "coordinates": [ [ [ -69.140187407306726, 47.65955095682309 ], [ -69.146521915510007, 47.662474128176179 ], [ -69.14594213139614, 47.667641835035553 ], [ -69.139026545073023, 47.669886248391784 ], [ -69.132691633295352, 47.66696264274492 ], [ -69.133272711357961, 47.661795058102861 ], [ -69.140187407306726, 47.65955095682309 ] ] ] } },
{ "type": "Feature", "properties": { "hex_id": 975164, "centroid_lon": -69.137865033543662, "centroid_lat": 47.68022149978092, "occurrences_today": 3, "datetimes_today": "2026-04-26 12:46:38, 2026-04-26 12:57:41, 2026-04-26 13:16:47", "cumulative_total": 3.0 }, "geometry": { "type": "Polygon", "coordinates": [ [ [ -69.138445870498927, 47.675053879109754 ], [ -69.144782076759967, 47.677977218656345 ], [ -69.144201806123235, 47.683144895413932 ], [ -69.137284034149914, 47.685389110403328 ], [ -69.130947424037501, 47.682465336328292 ], [ -69.131528989692455, 47.677297781859586 ], [ -69.138445870498927, 47.675053879109754 ] ] ] } },
{ "type": "Feature", "properties": { "hex_id": 975165, "centroid_lon": -69.136121547817609, "centroid_lat": 47.695724301494124, "occurrences_today": 3, "datetimes_today": "2026-04-26 12:46:38, 2026-04-26 12:57:41, 2026-04-26 13:16:47", "cumulative_total": 3.0 }, "geometry": { "type": "Polygon", "coordinates": [ [ [ -69.136702872260358, 47.690556710975031 ], [ -69.14304077792616, 47.693480218813768 ], [ -69.142460020251207, 47.698647865452166 ], [ -69.135540060764313, 47.70089188195864 ], [ -69.129201750969969, 47.69796793935668 ], [ -69.129783804733677, 47.692800415078779 ], [ -69.136702872260358, 47.690556710975031 ] ] ] } },
{ "type": "Feature", "properties": { "hex_id": 975166, "centroid_lon": -69.134376598596333, "centroid_lat": 47.711227012716201, "occurrences_today": 3, "datetimes_today": "2026-04-26 12:46:38, 2026-04-26 12:57:41, 2026-04-26 13:16:47", "cumulative_total": 3.0 }, "geometry": { "type": "Polygon", "coordinates": [ [ [ -69.13495841104303, 47.706059452366652 ], [ -69.14129801746185, 47.708983128596252 ], [ -69.140716772232651, 47.714150745098046 ], [ -69.133794623366725, 47.71639456300538 ], [ -69.127454612542039, 47.713470451777596 ], [ -69.128037154931661, 47.708302957708035 ], [ -69.13495841104303, 47.706059452366652 ] ] ] } },
{ "type": "Feature", "properties": { "hex_id": 975167, "centroid_lon": -69.132630184328804, "centroid_lat": 47.726729633394804, "occurrences_today": 3, "datetimes_today": "2026-04-26 12:46:38, 2026-04-26 12:57:41, 2026-04-26 13:16:47", "cumulative_total": 3.0 }, "geometry": { "type": "Polygon", "coordinates": [ [ [ -69.133212485296724, 47.72156210323223 ], [ -69.139553793818109, 47.724485947951536 ], [ -69.13897206051783, 47.729653534299324 ], [ -69.132047720405382, 47.731897153491175 ], [ -69.125706007200634, 47.728972873538581 ], [ -69.126289038734114, 47.723805409694826 ], [ -69.133212485296724, 47.72156210323223 ] ] ] } },
{ "type": "Feature", "properties": { "hex_id": 975168, "centroid_lon": -69.130882303461746, "centroid_lat": 47.742232163477468, "occurrences_today": 3, "datetimes_today": "2026-04-26 12:46:38, 2026-04-26 12:57:41, 2026-04-26 13:16:47", "cumulative_total": 3.0 }, "geometry": { "type": "Polygon", "coordinates": [ [ [ -69.131465093468904, 47.737064663519376 ], [ -69.137808105443696, 47.739988676827323 ], [ -69.13722588355472, 47.745156233003648 ], [ -69.130299350326254, 47.747399653363523 ], [ -69.12395593339042, 47.744475204587033 ], [ -69.124539454586468, 47.739307770986642 ], [ -69.131465093468904, 47.737064663519376 ] ] ] } },
{ "type": "Feature", "properties": { "hex_id": 975169, "centroid_lon": -69.129132954439598, "centroid_lat": 47.75773460291169, "occurrences_today": 3, "datetimes_today": "2026-04-26 12:46:38, 2026-04-26 12:57:41, 2026-04-26 13:16:47", "cumulative_total": 3.0 }, "geometry": { "type": "Polygon", "coordinates": [ [ [ -69.129716234004761, 47.752567133175589 ], [ -69.136060950785051, 47.755491315171234 ], [ -69.135478239789066, 47.760658841158609 ], [ -69.128549511572984, 47.762902062569921 ], [ -69.122204389553801, 47.759977444870309 ], [ -69.122788400931853, 47.754810041530824 ], [ -69.129716234004761, 47.752567133175589 ] ] ] } },
{ "type": "Feature", "properties": { "hex_id": 975767, "centroid_lon": -69.144282400627361, "centroid_lat": 47.563609041865782, "occurrences_today": 3, "datetimes_today": "2026-04-26 12:46:38, 2026-04-26 12:57:41, 2026-04-26 13:16:47", "cumulative_total": 3.0 }, "geometry": { "type": "Polygon", "coordinates": [ [ [ -69.144860241215724, 47.558441256512729 ], [ -69.151183302263703, 47.561363685918536 ], [ -69.1506060245068, 47.566531527174014 ], [ -69.143704398706134, 47.568776817201588 ], [ -69.137380936187938, 47.565853954982607 ], [ -69.137959500883866, 47.560686235616203 ], [ -69.144860241215724, 47.558441256512729 ] ] ] } },
{ "type": "Feature", "properties": { "hex_id": 975768, "centroid_lon": -69.142547910637987, "centroid_lat": 47.579112337813775, "occurrences_today": 3, "datetimes_today": "2026-04-26 12:46:38, 2026-04-26 12:57:41, 2026-04-26 13:16:47", "cumulative_total": 3.0 }, "geometry": { "type": "Polygon", "coordinates": [ [ [ -69.143126235395258, 47.573944582518223 ], [ -69.149450985383496, 47.576867179663928 ], [ -69.148873223903621, 47.58203499089457 ], [ -69.141969424377464, 47.584280083086341 ], [ -69.135644272643489, 47.581357052893772 ], [ -69.136223322124579, 47.576189363623314 ], [ -69.143126235395258, 47.573944582518223 ] ] ] } },
{ "type": "Feature", "properties": { "hex_id": 975769, "centroid_lon": -69.140811967119276, "centroid_lat": 47.594615543554745, "occurrences_today": 3, "datetimes_today": "2026-04-26 12:46:38, 2026-04-26 12:57:41, 2026-04-26 13:16:47", "cumulative_total": 3.0 }, "geometry": { "type": "Polygon", "coordinates": [ [ [ -69.141390776556847, 47.589447818333987 ], [ -69.14771721682358, 47.592370583317596 ], [ -69.147138971109797, 47.597538364506114 ], [ -69.140232996007825, 47.59978325874674 ], [ -69.133906153719636, 47.59686006048242 ], [ -69.134485688497946, 47.591692401325275 ], [ -69.141390776556847, 47.589447818333987 ] ] ] } },
{ "type": "Feature", "properties": { "hex_id": 975770, "centroid_lon": -69.139074568535591, "centroid_lat": 47.610118659036637, "occurrences_today": 3, "datetimes_today": "2026-04-26 12:46:38, 2026-04-26 12:57:41, 2026-04-26 13:16:47", "cumulative_total": 3.0 }, "geometry": { "type": "Polygon", "coordinates": [ [ [ -69.139653863165577, 47.60495096390801 ], [ -69.145981995050377, 47.607873896827606 ], [ -69.145403264590939, 47.613041647956727 ], [ -69.138495112060838, 47.615286344130702 ], [ -69.132166577878721, 47.612362977696399 ], [ -69.132746598467037, 47.607195348669912 ], [ -69.139653863165577, 47.60495096390801 ] ] ] } },
{ "type": "Feature", "properties": { "hex_id": 975771, "centroid_lon": -69.137335713349032, "centroid_lat": 47.625621684207395, "occurrences_today": 3, "datetimes_today": "2026-04-26 12:46:38, 2026-04-26 12:57:41, 2026-04-26 13:16:47", "cumulative_total": 3.0 }, "geometry": { "type": "Polygon", "coordinates": [ [ [ -69.137915493684332, 47.620454019188259 ], [ -69.144245318527965, 47.623377120142088 ], [ -69.143666102810457, 47.628544841194461 ], [ -69.136755770997866, 47.630789339186158 ], [ -69.130425543580841, 47.627865804483498 ], [ -69.131006050492729, 47.622698205605118 ], [ -69.137915493684332, 47.620454019188259 ] ] ] } },
{ "type": "Feature", "properties": { "hex_id": 975772, "centroid_lon": -69.135595400019454, "centroid_lat": 47.641124619014874, "occurrences_today": 3, "datetimes_today": "2026-04-26 12:46:38, 2026-04-26 12:57:41, 2026-04-26 13:16:47", "cumulative_total": 3.0 }, "geometry": { "type": "Polygon", "coordinates": [ [ [ -69.136175666573706, 47.635956984122636 ], [ -69.142507185718245, 47.638880253208988 ], [ -69.141927484229441, 47.644047944167276 ], [ -69.135014971277954, 47.646292243860948 ], [ -69.128683049283808, 47.643368540791457 ], [ -69.129264043033572, 47.638200972078621 ], [ -69.136175666573706, 47.635956984122636 ] ] ] } },
{ "type": "Feature", "properties": { "hex_id": 975773, "centroid_lon": -69.133853627004427, "centroid_lat": 47.656627463406885, "occurrences_today": 3, "datetimes_today": "2026-04-26 12:46:38, 2026-04-26 12:57:41, 2026-04-26 13:16:47", "cumulative_total": 3.0 }, "geometry": { "type": "Polygon", "coordinates": [ [ [ -69.134434380292021, 47.651459858658939 ], [ -69.140767595080817, 47.654383295976253 ], [ -69.140187407306726, 47.65955095682309 ], [ -69.133272711357961, 47.661795058102861 ], [ -69.126939093443184, 47.658871186567957 ], [ -69.127520574545883, 47.653703648038075 ], [ -69.134434380292021, 47.651459858658939 ] ] ] } },
{ "type": "Feature", "properties": { "hex_id": 975774, "centroid_lon": -69.132110392759287, "centroid_lat": 47.672130217331137, "occurrences_today": 3, "datetimes_today": "2026-04-26 12:46:38, 2026-04-26 12:57:41, 2026-04-26 13:16:47", "cumulative_total": 3.0 }, "geometry": { "type": "Polygon", "coordinates": [ [ [ -69.132691633295352, 47.66696264274492 ], [ -69.139026545073023, 47.669886248391784 ], [ -69.138445870498927, 47.675053879109754 ], [ -69.131528989692455, 47.677297781859586 ], [ -69.125193674512246, 47.674373741760576 ], [ -69.125775643483721, 47.669206233431154 ], [ -69.132691633295352, 47.66696264274492 ] ] ] } },
{ "type": "Feature", "properties": { "hex_id": 975775, "centroid_lon": -69.130365695737041, "centroid_lat": 47.687632880735343, "occurrences_today": 3, "datetimes_today": "2026-04-26 12:46:38, 2026-04-26 12:57:41, 2026-04-26 13:16:47", "cumulative_total": 3.0 }, "geometry": { "type": "Polygon", "coordinates": [ [ [ -69.130947424037501, 47.682465336328292 ], [ -69.137284034149914, 47.685389110403328 ], [ -69.136702872260358, 47.690556710975031 ], [ -69.129783804733677, 47.692800415078779 ], [ -69.123446790941983, 47.689876206316853 ], [ -69.124029248298811, 47.684708728205372 ], [ -69.130947424037501, 47.682465336328292 ] ] ] } },
{ "type": "Feature", "properties": { "hex_id": 975776, "centroid_lon": -69.128619534388477, "centroid_lat": 47.703135453567072, "occurrences_today": 3, "datetimes_today": "2026-04-26 12:46:38, 2026-04-26 12:57:41, 2026-04-26 13:16:47", "cumulative_total": 3.0 }, "geometry": { "type": "Polygon", "coordinates": [ [ [ -69.129201750969969, 47.69796793935668 ], [ -69.135540060764313, 47.70089188195864 ], [ -69.13495841104303, 47.706059452366652 ], [ -69.128037154931661, 47.708302957708035 ], [ -69.121698441181152, 47.705378580184266 ], [ -69.12228138744068, 47.700211132308247 ], [ -69.129201750969969, 47.69796793935668 ] ] ] } },
{ "type": "Feature", "properties": { "hex_id": 975777, "centroid_lon": -69.126871907162055, "centroid_lat": 47.718637935773863, "occurrences_today": 3, "datetimes_today": "2026-04-26 12:46:38, 2026-04-26 12:57:41, 2026-04-26 13:16:47", "cumulative_total": 3.0 }, "geometry": { "type": "Polygon", "coordinates": [ [ [ -69.127454612542039, 47.713470451777596 ], [ -69.133794623366725, 47.71639456300538 ], [ -69.133212485296724, 47.72156210323223 ], [ -69.126289038734114, 47.723805409694826 ], [ -69.11994862367618, 47.720880863310221 ], [ -69.120532059356506, 47.7157134456872 ], [ -69.127454612542039, 47.713470451777596 ] ] ] } },
{ "type": "Feature", "properties": { "hex_id": 975778, "centroid_lon": -69.12512281250396, "centroid_lat": 47.73414032730318, "occurrences_today": 3, "datetimes_today": "2026-04-26 12:46:38, 2026-04-26 12:57:41, 2026-04-26 13:16:47", "cumulative_total": 3.0 }, "geometry": { "type": "Polygon", "coordinates": [ [ [ -69.125706007200634, 47.728972873538581 ], [ -69.132047720405382, 47.731897153491175 ], [ -69.131465093468904, 47.737064663519376 ], [ -69.124539454586468, 47.739307770986642 ], [ -69.118197336871205, 47.736383055642023 ], [ -69.118781262491225, 47.731215668289579 ], [ -69.125706007200634, 47.728972873538581 ] ] ] } },
{ "type": "Feature", "properties": { "hex_id": 975779, "centroid_lon": -69.123372248858132, "centroid_lat": 47.749642628102436, "occurrences_today": 3, "datetimes_today": "2026-04-26 12:46:38, 2026-04-26 12:57:41, 2026-04-26 13:16:47", "cumulative_total": 3.0 }, "geometry": { "type": "Polygon", "coordinates": [ [ [ -69.12395593339042, 47.744475204587033 ], [ -69.130299350326254, 47.747399653363523 ], [ -69.129716234004761, 47.752567133175589 ], [ -69.122788400931853, 47.754810041530824 ], [ -69.116444579208107, 47.751885157126964 ], [ -69.117028995287427, 47.746717800062669 ], [ -69.12395593339042, 47.744475204587033 ] ] ] } },
{ "type": "Feature", "properties": { "hex_id": 976378, "centroid_lon": -69.136802209953785, "centroid_lat": 47.571021664318948, "occurrences_today": 3, "datetimes_today": "2026-04-26 12:46:38, 2026-04-26 12:57:41, 2026-04-26 13:16:47", "cumulative_total": 3.0 }, "geometry": { "type": "Polygon", "coordinates": [ [ [ -69.137380936187938, 47.565853954982607 ], [ -69.143704398706134, 47.568776817201588 ], [ -69.143126235395258, 47.573944582518223 ], [ -69.136223322124579, 47.576189363623314 ], [ -69.129899458306568, 47.573266068433327 ], [ -69.130478909002193, 47.568098425176274 ], [ -69.137380936187938, 47.565853954982607 ] ] ] } },
{ "type": "Feature", "properties": { "hex_id": 976379, "centroid_lon": -69.135065061453574, "centroid_lat": 47.58652473212841, "occurrences_today": 3, "datetimes_today": "2026-04-26 12:46:38, 2026-04-26 12:57:41, 2026-04-26 13:16:47", "cumulative_total": 3.0 }, "geometry": { "type": "Polygon", "coordinates": [ [ [ -69.135644272643489, 47.581357052893772 ], [ -69.141969424377464, 47.584280083086341 ], [ -69.141390776556847, 47.589447818333987 ], [ -69.134485688497946, 47.591692401325275 ], [ -69.128160135188864, 47.588768937927917 ], [ -69.128740071456846, 47.583601324811085 ], [ -69.135644272643489, 47.581357052893772 ] ] ] } },
{ "type": "Feature", "properties": { "hex_id": 976380, "centroid_lon": -69.133326457061671, "centroid_lat": 47.602027709597941, "occurrences_today": 3, "datetimes_today": "2026-04-26 12:46:38, 2026-04-26 12:57:41, 2026-04-26 13:16:47", "cumulative_total": 3.0 }, "geometry": { "type": "Polygon", "coordinates": [ [ [ -69.133906153719636, 47.59686006048242 ], [ -69.140232996007825, 47.59978325874674 ], [ -69.139653863165577, 47.60495096390801 ], [ -69.132746598467037, 47.607195348669912 ], [ -69.126419354328291, 47.604271716966906 ], [ -69.126999776681629, 47.59910413400776 ], [ -69.133906153719636, 47.59686006048242 ] ] ] } },
{ "type": "Feature", "properties": { "hex_id": 976381, "centroid_lon": -69.131586395239651, "centroid_lat": 47.617530596675437, "occurrences_today": 3, "datetimes_today": "2026-04-26 12:46:38, 2026-04-26 12:57:41, 2026-04-26 13:16:47", "cumulative_total": 3.0 }, "geometry": { "type": "Polygon", "coordinates": [ [ [ -69.132166577878721, 47.612362977696399 ], [ -69.138495112060838, 47.615286344130702 ], [ -69.137915493684332, 47.620454019188259 ], [ -69.131006050492729, 47.622698205605118 ], [ -69.124677114184436, 47.619774405498028 ], [ -69.125258023136823, 47.614606852713983 ], [ -69.132166577878721, 47.612362977696399 ] ] ] } },
{ "type": "Feature", "properties": { "hex_id": 976382, "centroid_lon": -69.129844874446846, "centroid_lat": 47.633033393308637, "occurrences_today": 3, "datetimes_today": "2026-04-26 12:46:38, 2026-04-26 12:57:41, 2026-04-26 13:16:47", "cumulative_total": 3.0 }, "geometry": { "type": "Polygon", "coordinates": [ [ [ -69.130425543580841, 47.627865804483498 ], [ -69.136755770997866, 47.630789339186158 ], [ -69.136175666573706, 47.635956984122636 ], [ -69.129264043033572, 47.638200972078621 ], [ -69.122933413214596, 47.635277003468943 ], [ -69.123514809280522, 47.630109480877451 ], [ -69.130425543580841, 47.627865804483498 ] ] ] } },
{ "type": "Feature", "properties": { "hex_id": 976383, "centroid_lon": -69.128101893140339, "centroid_lat": 47.648536099445259, "occurrences_today": 3, "datetimes_today": "2026-04-26 12:46:38, 2026-04-26 12:57:41, 2026-04-26 13:16:47", "cumulative_total": 3.0 }, "geometry": { "type": "Polygon", "coordinates": [ [ [ -69.128683049283808, 47.643368540791457 ], [ -69.135014971277954, 47.646292243860948 ], [ -69.134434380292021, 47.651459858658939 ], [ -69.127520574545883, 47.653703648038075 ], [ -69.121188249873825, 47.650779510827206 ], [ -69.121770133568532, 47.645612018445753 ], [ -69.128683049283808, 47.643368540791457 ] ] ] } },
{ "type": "Feature", "properties": { "hex_id": 976384, "centroid_lon": -69.1263574497749, "centroid_lat": 47.664038715032959, "occurrences_today": 3, "datetimes_today": "2026-04-26 12:46:38, 2026-04-26 12:57:41, 2026-04-26 13:16:47", "cumulative_total": 3.0 }, "geometry": { "type": "Polygon", "coordinates": [ [ [ -69.126939093443184, 47.658871186567957 ], [ -69.133272711357961, 47.661795058102861 ], [ -69.132691633295352, 47.66696264274492 ], [ -69.125775643483721, 47.669206233431154 ], [ -69.119441622614872, 47.666281927520338 ], [ -69.120023994454357, 47.661114465366438 ], [ -69.126939093443184, 47.658871186567957 ] ] ] } },
{ "type": "Feature", "properties": { "hex_id": 976385, "centroid_lon": -69.124611542803081, "centroid_lat": 47.679541240019304, "occurrences_today": 3, "datetimes_today": "2026-04-26 12:46:38, 2026-04-26 12:57:41, 2026-04-26 13:16:47", "cumulative_total": 3.0 }, "geometry": { "type": "Polygon", "coordinates": [ [ [ -69.125193674512246, 47.674373741760576 ], [ -69.131528989692455, 47.677297781859586 ], [ -69.130947424037501, 47.682465336328292 ], [ -69.124029248298811, 47.684708728205372 ], [ -69.117693529888228, 47.681784253495771 ], [ -69.118276390389255, 47.676616821586947 ], [ -69.125193674512246, 47.674373741760576 ] ] ] } },
{ "type": "Feature", "properties": { "hex_id": 976386, "centroid_lon": -69.122864170675101, "centroid_lat": 47.695043674351794, "occurrences_today": 3, "datetimes_today": "2026-04-26 12:46:38, 2026-04-26 12:57:41, 2026-04-26 13:16:47", "cumulative_total": 3.0 }, "geometry": { "type": "Polygon", "coordinates": [ [ [ -69.123446790941983, 47.689876206316853 ], [ -69.129783804733677, 47.692800415078779 ], [ -69.129201750969969, 47.69796793935668 ], [ -69.12228138744068, 47.700211132308247 ], [ -69.115943970142126, 47.697286488700911 ], [ -69.116527319822211, 47.692119087054706 ], [ -69.123446790941983, 47.689876206316853 ] ] ] } },
{ "type": "Feature", "properties": { "hex_id": 976387, "centroid_lon": -69.121115331838951, "centroid_lat": 47.710546017977897, "occurrences_today": 3, "datetimes_today": "2026-04-26 12:46:38, 2026-04-26 12:57:41, 2026-04-26 13:16:47", "cumulative_total": 3.0 }, "geometry": { "type": "Polygon", "coordinates": [ [ [ -69.121698441181152, 47.705378580184266 ], [ -69.128037154931661, 47.708302957708035 ], [ -69.127454612542039, 47.713470451777596 ], [ -69.120532059356506, 47.7157134456872 ], [ -69.114192941822495, 47.712788633083044 ], [ -69.114776781199893, 47.707621261717051 ], [ -69.121698441181152, 47.705378580184266 ] ] ] } },
{ "type": "Feature", "properties": { "hex_id": 976388, "centroid_lon": -69.11936502474029, "centroid_lat": 47.726048270844984, "occurrences_today": 3, "datetimes_today": "2026-04-26 12:46:38, 2026-04-26 12:57:41, 2026-04-26 13:16:47", "cumulative_total": 3.0 }, "geometry": { "type": "Polygon", "coordinates": [ [ [ -69.11994862367618, 47.720880863310221 ], [ -69.126289038734114, 47.723805409694826 ], [ -69.125706007200634, 47.728972873538581 ], [ -69.118781262491225, 47.731215668289579 ], [ -69.112440443372947, 47.728290686589439 ], [ -69.113024772966725, 47.723123345521216 ], [ -69.11994862367618, 47.720880863310221 ] ] ] } },
{ "type": "Feature", "properties": { "hex_id": 976389, "centroid_lon": -69.117613247822533, "centroid_lat": 47.741550432900375, "occurrences_today": 3, "datetimes_today": "2026-04-26 12:46:38, 2026-04-26 12:57:41, 2026-04-26 13:16:47", "cumulative_total": 3.0 }, "geometry": { "type": "Polygon", "coordinates": [ [ [ -69.118197336871205, 47.736383055642023 ], [ -69.124539454586468, 47.739307770986642 ], [ -69.12395593339042, 47.744475204587033 ], [ -69.117028995287427, 47.746717800062669 ], [ -69.11068647323485, 47.743792649167268 ], [ -69.111271293564798, 47.73862533841443 ], [ -69.118197336871205, 47.736383055642023 ] ] ] } },
{ "type": "Feature", "properties": { "hex_id": 976390, "centroid_lon": -69.115859999526734, "centroid_lat": 47.757052504091277, "occurrences_today": 3, "datetimes_today": "2026-04-26 12:46:38, 2026-04-26 12:57:41, 2026-04-26 13:16:47", "cumulative_total": 3.0 }, "geometry": { "type": "Polygon", "coordinates": [ [ [ -69.116444579208107, 47.751885157126964 ], [ -69.122788400931853, 47.754810041530824 ], [ -69.122204389553801, 47.759977444870309 ], [ -69.115275256185484, 47.762219840953705 ], [ -69.108931029847241, 47.759294520763625 ], [ -69.109516341433945, 47.754127240343834 ], [ -69.116444579208107, 47.751885157126964 ] ] ] } },
{ "type": "Feature", "properties": { "hex_id": 976991, "centroid_lon": -69.125838769832399, "centroid_lat": 47.609439289869627, "occurrences_today": 3, "datetimes_today": "2026-04-26 12:46:38, 2026-04-26 12:57:41, 2026-04-26 13:16:47", "cumulative_total": 3.0 }, "geometry": { "type": "Polygon", "coordinates": [ [ [ -69.126419354328291, 47.604271716966906 ], [ -69.132746598467037, 47.607195348669912 ], [ -69.132166577878721, 47.612362977696399 ], [ -69.125258023136823, 47.614606852713983 ], [ -69.118930377318733, 47.611682787414274 ], [ -69.119511687864772, 47.606515280760746 ], [ -69.126419354328291, 47.604271716966906 ] ] ] } },
{ "type": "Feature", "properties": { "hex_id": 976992, "centroid_lon": -69.124096042918069, "centroid_lat": 47.624941948219842, "occurrences_today": 3, "datetimes_today": "2026-04-26 12:46:38, 2026-04-26 12:57:41, 2026-04-26 13:16:47", "cumulative_total": 3.0 }, "geometry": { "type": "Polygon", "coordinates": [ [ [ -69.124677114184436, 47.619774405498028 ], [ -69.131006050492729, 47.622698205605118 ], [ -69.130425543580841, 47.627865804483498 ], [ -69.123514809280522, 47.630109480877451 ], [ -69.117185471017535, 47.627185246939518 ], [ -69.117767268952349, 47.622017770505593 ], [ -69.124677114184436, 47.619774405498028 ] ] ] } },
{ "type": "Feature", "properties": { "hex_id": 976993, "centroid_lon": -69.122351854663023, "centroid_lat": 47.640444515992357, "occurrences_today": 3, "datetimes_today": "2026-04-26 12:46:38, 2026-04-26 12:57:41, 2026-04-26 13:16:47", "cumulative_total": 3.0 }, "geometry": { "type": "Polygon", "coordinates": [ [ [ -69.122933413214596, 47.635277003468943 ], [ -69.129264043033572, 47.638200972078621 ], [ -69.128683049283808, 47.643368540791457 ], [ -69.121770133568532, 47.645612018445753 ], [ -69.1154391015193, 47.642687615770924 ], [ -69.116021387358316, 47.637520169574117 ], [ -69.122933413214596, 47.635277003468943 ] ] ] } },
{ "type": "Feature", "properties": { "hex_id": 976994, "centroid_lon": -69.120606203521547, "centroid_lat": 47.655946993134741, "occurrences_today": 3, "datetimes_today": "2026-04-26 12:46:38, 2026-04-26 12:57:41, 2026-04-26 13:16:47", "cumulative_total": 3.0 }, "geometry": { "type": "Polygon", "coordinates": [ [ [ -69.121188249873825, 47.650779510827206 ], [ -69.127520574545883, 47.653703648038075 ], [ -69.126939093443184, 47.658871186567957 ], [ -69.120023994454357, 47.661114465366438 ], [ -69.113691267276323, 47.658189893855926 ], [ -69.114274041535708, 47.653022477913773 ], [ -69.121188249873825, 47.650779510827206 ] ] ] } },
{ "type": "Feature", "properties": { "hex_id": 976995, "centroid_lon": -69.118859087945651, "centroid_lat": 47.671449379594478, "occurrences_today": 3, "datetimes_today": "2026-04-26 12:46:38, 2026-04-26 12:57:41, 2026-04-26 13:16:47", "cumulative_total": 3.0 }, "geometry": { "type": "Polygon", "coordinates": [ [ [ -69.119441622614872, 47.666281927520338 ], [ -69.125775643483721, 47.669206233431154 ], [ -69.125193674512246, 47.674373741760576 ], [ -69.118276390389255, 47.676616821586947 ], [ -69.11194196673857, 47.67369208114188 ], [ -69.11252522993523, 47.668524695471945 ], [ -69.119441622614872, 47.666281927520338 ] ] ] } },
{ "type": "Feature", "properties": { "hex_id": 976996, "centroid_lon": -69.11711050638506, "centroid_lat": 47.686951675319008, "occurrences_today": 3, "datetimes_today": "2026-04-26 12:46:38, 2026-04-26 12:57:41, 2026-04-26 13:16:47", "cumulative_total": 3.0 }, "geometry": { "type": "Polygon", "coordinates": [ [ [ -69.117693529888228, 47.681784253495771 ], [ -69.124029248298811, 47.684708728205372 ], [ -69.123446790941983, 47.689876206316853 ], [ -69.116527319822211, 47.692119087054706 ], [ -69.110191198353732, 47.689194177576091 ], [ -69.110774951005368, 47.684026822195939 ], [ -69.117693529888228, 47.681784253495771 ] ] ] } },
{ "type": "Feature", "properties": { "hex_id": 976997, "centroid_lon": -69.115360457287224, "centroid_lat": 47.702453880255675, "occurrences_today": 3, "datetimes_today": "2026-04-26 12:46:38, 2026-04-26 12:57:41, 2026-04-26 13:16:47", "cumulative_total": 3.0 }, "geometry": { "type": "Polygon", "coordinates": [ [ [ -69.115943970142126, 47.697286488700911 ], [ -69.12228138744068, 47.700211132308247 ], [ -69.121698441181152, 47.705378580184266 ], [ -69.114776781199893, 47.707621261717051 ], [ -69.108438960567227, 47.704696183105781 ], [ -69.109023203192308, 47.699528858032991 ], [ -69.115943970142126, 47.697286488700911 ] ] ] } },
{ "type": "Feature", "properties": { "hex_id": 976998, "centroid_lon": -69.113608939097332, "centroid_lat": 47.717955994351776, "occurrences_today": 3, "datetimes_today": "2026-04-26 12:46:38, 2026-04-26 12:57:41, 2026-04-26 13:16:47", "cumulative_total": 3.0 }, "geometry": { "type": "Polygon", "coordinates": [ [ [ -69.114192941822495, 47.712788633083044 ], [ -69.120532059356506, 47.7157134456872 ], [ -69.11994862367618, 47.720880863310221 ], [ -69.113024772966725, 47.723123345521216 ], [ -69.106685251822199, 47.720198097678079 ], [ -69.107269984939919, 47.715030802930301 ], [ -69.114192941822495, 47.712788633083044 ] ] ] } },
{ "type": "Feature", "properties": { "hex_id": 976999, "centroid_lon": -69.111855950258231, "centroid_lat": 47.733458017554504, "occurrences_today": 3, "datetimes_today": "2026-04-26 12:46:38, 2026-04-26 12:57:41, 2026-04-26 13:16:47", "cumulative_total": 3.0 }, "geometry": { "type": "Polygon", "coordinates": [ [ [ -69.112440443372947, 47.728290686589439 ], [ -69.118781262491225, 47.731215668289579 ], [ -69.118197336871205, 47.736383055642023 ], [ -69.111271293564798, 47.73862533841443 ], [ -69.104930070559448, 47.735699921240105 ], [ -69.105515294689795, 47.730532656834953 ], [ -69.112440443372947, 47.728290686589439 ] ] ] } },
{ "type": "Feature", "properties": { "hex_id": 977000, "centroid_lon": -69.110101489210507, "centroid_lat": 47.748959949811059, "occurrences_today": 3, "datetimes_today": "2026-04-26 12:46:38, 2026-04-26 12:57:41, 2026-04-26 13:16:47", "cumulative_total": 3.0 }, "geometry": { "type": "Polygon", "coordinates": [ [ [ -69.11068647323485, 47.743792649167268 ], [ -69.117028995287427, 47.746717800062669 ], [ -69.116444579208107, 47.751885157126964 ], [ -69.109516341433945, 47.754127240343834 ], [ -69.103173415217555, 47.75120165373886 ], [ -69.103759130881244, 47.74603441969402 ], [ -69.11068647323485, 47.743792649167268 ] ] ] } },
{ "type": "Feature", "properties": { "hex_id": 977001, "centroid_lon": -69.108345554392457, "centroid_lat": 47.764461791068506, "occurrences_today": 3, "datetimes_today": "2026-04-26 12:46:38, 2026-04-26 12:57:41, 2026-04-26 13:16:47", "cumulative_total": 3.0 }, "geometry": { "type": "Polygon", "coordinates": [ [ [ -69.108931029847241, 47.759294520763625 ], [ -69.115275256185484, 47.762219840953705 ], [ -69.114690349126448, 47.767387167712243 ], [ -69.107759915011655, 47.769629051256466 ], [ -69.101415284232701, 47.766703295121303 ], [ -69.10200149195127, 47.76153609145446 ], [ -69.108931029847241, 47.759294520763625 ] ] ] } },
{ "type": "Feature", "properties": { "hex_id": 977603, "centroid_lon": -69.116603510505286, "centroid_lat": 47.632352713296328, "occurrences_today": 3, "datetimes_today": "2026-04-26 12:46:38, 2026-04-26 12:57:41, 2026-04-26 13:16:47", "cumulative_total": 3.0 }, "geometry": { "type": "Polygon", "coordinates": [ [ [ -69.117185471017535, 47.627185246939518 ], [ -69.123514809280522, 47.630109480877451 ], [ -69.122933413214596, 47.635277003468943 ], [ -69.116021387358316, 47.637520169574117 ], [ -69.109691647312388, 47.634595501647212 ], [ -69.110274334848356, 47.629428101671223 ], [ -69.117185471017535, 47.627185246939518 ] ] ] } },
{ "type": "Feature", "properties": { "hex_id": 977604, "centroid_lon": -69.114856652930897, "centroid_lat": 47.647855051884783, "occurrences_today": 3, "datetimes_today": "2026-04-26 12:46:38, 2026-04-26 12:57:41, 2026-04-26 13:16:47", "cumulative_total": 3.0 }, "geometry": { "type": "Polygon", "coordinates": [ [ [ -69.1154391015193, 47.642687615770924 ], [ -69.121770133568532, 47.645612018445753 ], [ -69.121188249873825, 47.650779510827206 ], [ -69.114274041535708, 47.653022477913773 ], [ -69.107942607428257, 47.65009764101557 ], [ -69.108525783659758, 47.644930271321329 ], [ -69.1154391015193, 47.642687615770924 ] ] ] } },
{ "type": "Feature", "properties": { "hex_id": 977605, "centroid_lon": -69.113108330095315, "centroid_lat": 47.663357299709297, "occurrences_today": 3, "datetimes_today": "2026-04-26 12:46:38, 2026-04-26 12:57:41, 2026-04-26 13:16:47", "cumulative_total": 3.0 }, "geometry": { "type": "Polygon", "coordinates": [ [ [ -69.113691267276323, 47.658189893855926 ], [ -69.120023994454357, 47.661114465366438 ], [ -69.119441622614872, 47.666281927520338 ], [ -69.11252522993523, 47.668524695471945 ], [ -69.106192100423527, 47.665599689503523 ], [ -69.106775765867638, 47.660432350108621 ], [ -69.113691267276323, 47.658189893855926 ] ] ] } },
{ "type": "Feature", "properties": { "hex_id": 977606, "centroid_lon": -69.111358540447796, "centroid_lat": 47.678859456717205, "occurrences_today": 3, "datetimes_today": "2026-04-26 12:46:38, 2026-04-26 12:57:41, 2026-04-26 13:16:47", "cumulative_total": 3.0 }, "geometry": { "type": "Polygon", "coordinates": [ [ [ -69.11194196673857, 47.67369208114188 ], [ -69.118276390389255, 47.676616821586947 ], [ -69.117693529888228, 47.681784253495771 ], [ -69.110774951005368, 47.684026822195939 ], [ -69.104440124745381, 47.681101647058256 ], [ -69.105024279919974, 47.675934337980287 ], [ -69.11194196673857, 47.67369208114188 ] ] ] } },
{ "type": "Feature", "properties": { "hex_id": 977607, "centroid_lon": -69.109607282435249, "centroid_lat": 47.694361522855779, "occurrences_today": 3, "datetimes_today": "2026-04-26 12:46:38, 2026-04-26 12:57:41, 2026-04-26 13:16:47", "cumulative_total": 3.0 }, "geometry": { "type": "Polygon", "coordinates": [ [ [ -69.110191198353732, 47.689194177576091 ], [ -69.116527319822211, 47.692119087054706 ], [ -69.115943970142126, 47.697286488700911 ], [ -69.109023203192308, 47.699528858032991 ], [ -69.102686678838708, 47.696603513626933 ], [ -69.103271324262408, 47.691436234883533 ], [ -69.110191198353732, 47.689194177576091 ] ] ] } },
{ "type": "Feature", "properties": { "hex_id": 977608, "centroid_lon": -69.107854554502339, "centroid_lat": 47.709863498072203, "occurrences_today": 3, "datetimes_today": "2026-04-26 12:46:38, 2026-04-26 12:57:41, 2026-04-26 13:16:47", "cumulative_total": 3.0 }, "geometry": { "type": "Polygon", "coordinates": [ [ [ -69.108438960567227, 47.704696183105781 ], [ -69.114776781199893, 47.707621261717051 ], [ -69.114192941822495, 47.712788633083044 ], [ -69.107269984939919, 47.715030802930301 ], [ -69.100931761146171, 47.712105289156575 ], [ -69.101516897338342, 47.706938040765415 ], [ -69.108438960567227, 47.704696183105781 ] ] ] } },
{ "type": "Feature", "properties": { "hex_id": 977609, "centroid_lon": -69.106100355091428, "centroid_lat": 47.725365382313619, "occurrences_today": 3, "datetimes_today": "2026-04-26 12:46:38, 2026-04-26 12:57:41, 2026-04-26 13:16:47", "cumulative_total": 3.0 }, "geometry": { "type": "Polygon", "coordinates": [ [ [ -69.106685251822199, 47.720198097678079 ], [ -69.113024772966725, 47.723123345521216 ], [ -69.112440443372947, 47.728290686589439 ], [ -69.105515294689795, 47.730532656834953 ], [ -69.099175370108028, 47.727606973594213 ], [ -69.099760997588845, 47.722439755572942 ], [ -69.106685251822199, 47.720198097678079 ] ] ] } },
{ "type": "Feature", "properties": { "hex_id": 977610, "centroid_lon": -69.104344682642562, "centroid_lat": 47.740867175527107, "occurrences_today": 3, "datetimes_today": "2026-04-26 12:46:38, 2026-04-26 12:57:41, 2026-04-26 13:16:47", "cumulative_total": 3.0 }, "geometry": { "type": "Polygon", "coordinates": [ [ [ -69.104930070559448, 47.735699921240105 ], [ -69.111271293564798, 47.73862533841443 ], [ -69.11068647323485, 47.743792649167268 ], [ -69.103759130881244, 47.74603441969402 ], [ -69.097417504162351, 47.743108566886796 ], [ -69.098003623452698, 47.737941379253115 ], [ -69.104930070559448, 47.735699921240105 ] ] ] } },
{ "type": "Feature", "properties": { "hex_id": 977611, "centroid_lon": -69.102587535593543, "centroid_lat": 47.756368877659646, "occurrences_today": 3, "datetimes_today": "2026-04-26 12:46:38, 2026-04-26 12:57:41, 2026-04-26 13:16:47", "cumulative_total": 3.0 }, "geometry": { "type": "Polygon", "coordinates": [ [ [ -69.103173415217555, 47.75120165373886 ], [ -69.109516341433945, 47.754127240343834 ], [ -69.108931029847241, 47.759294520763625 ], [ -69.10200149195127, 47.76153609145446 ], [ -69.095658161744836, 47.758610068981149 ], [ -69.096244773366422, 47.753442911752778 ], [ -69.103173415217555, 47.75120165373886 ] ] ] } },
{ "type": "Feature", "properties": { "hex_id": 978213, "centroid_lon": -69.110856859600588, "centroid_lat": 47.624260691605222, "occurrences_today": 3, "datetimes_today": "2026-04-26 12:46:38, 2026-04-26 12:57:41, 2026-04-26 13:16:47", "cumulative_total": 3.0 }, "geometry": { "type": "Polygon", "coordinates": [ [ [ -69.111439221626455, 47.619093271451163 ], [ -69.117767268952349, 47.622017770505593 ], [ -69.117185471017535, 47.627185246939518 ], [ -69.110274334848356, 47.629428101671223 ], [ -69.10394588618648, 47.626503168704041 ], [ -69.104528974972411, 47.621335814985017 ], [ -69.111439221626455, 47.619093271451163 ] ] ] } },
{ "type": "Feature", "properties": { "hex_id": 978214, "centroid_lon": -69.109108796935317, "centroid_lat": 47.639762891531241, "occurrences_today": 3, "datetimes_today": "2026-04-26 12:46:38, 2026-04-26 12:57:41, 2026-04-26 13:16:47", "cumulative_total": 3.0 }, "geometry": { "type": "Polygon", "coordinates": [ [ [ -69.109691647312388, 47.634595501647212 ], [ -69.116021387358316, 47.637520169574117 ], [ -69.1154391015193, 47.642687615770924 ], [ -69.108525783659758, 47.644930271321329 ], [ -69.102195642002968, 47.642005169247348 ], [ -69.102779219759171, 47.636837845837185 ], [ -69.109691647312388, 47.634595501647212 ] ] ] } },
{ "type": "Feature", "properties": { "hex_id": 978215, "centroid_lon": -69.107359268183387, "centroid_lat": 47.65526500061199, "occurrences_today": 3, "datetimes_today": "2026-04-26 12:46:38, 2026-04-26 12:57:41, 2026-04-26 13:16:47", "cumulative_total": 3.0 }, "geometry": { "type": "Polygon", "coordinates": [ [ [ -69.107942607428257, 47.65009764101557 ], [ -69.114274041535708, 47.653022477913773 ], [ -69.113691267276323, 47.658189893855926 ], [ -69.106775765867638, 47.660432350108621 ], [ -69.100443929874302, 47.657507078828857 ], [ -69.101027997118052, 47.652339785745141 ], [ -69.107942607428257, 47.65009764101557 ] ] ] } },
{ "type": "Feature", "properties": { "hex_id": 978216, "centroid_lon": -69.105608271793486, "centroid_lat": 47.67076701879472, "occurrences_today": 3, "datetimes_today": "2026-04-26 12:46:38, 2026-04-26 12:57:41, 2026-04-26 13:16:47", "cumulative_total": 3.0 }, "geometry": { "type": "Polygon", "coordinates": [ [ [ -69.106192100423527, 47.665599689503523 ], [ -69.11252522993523, 47.668524695471945 ], [ -69.11194196673857, 47.67369208114188 ], [ -69.105024279919974, 47.675934337980287 ], [ -69.098690748247165, 47.67300889739569 ], [ -69.099275305496477, 47.667841634656092 ], [ -69.106192100423527, 47.665599689503523 ] ] ] } },
{ "type": "Feature", "properties": { "hex_id": 978217, "centroid_lon": -69.103855806212067, "centroid_lat": 47.686268946026644, "occurrences_today": 3, "datetimes_today": "2026-04-26 12:46:38, 2026-04-26 12:57:41, 2026-04-26 13:16:47", "cumulative_total": 3.0 }, "geometry": { "type": "Polygon", "coordinates": [ [ [ -69.104440124745381, 47.681101647058256 ], [ -69.110774951005368, 47.684026822195939 ], [ -69.110191198353732, 47.689194177576091 ], [ -69.103271324262408, 47.691436234883533 ], [ -69.096936095565951, 47.688510624894889 ], [ -69.097521143339591, 47.68334339251706 ], [ -69.104440124745381, 47.681101647058256 ] ] ] } },
{ "type": "Feature", "properties": { "hex_id": 978218, "centroid_lon": -69.102101869883271, "centroid_lat": 47.701770782254869, "occurrences_today": 3, "datetimes_today": "2026-04-26 12:46:38, 2026-04-26 12:57:41, 2026-04-26 13:16:47", "cumulative_total": 3.0 }, "geometry": { "type": "Polygon", "coordinates": [ [ [ -69.102686678838708, 47.696603513626933 ], [ -69.109023203192308, 47.699528858032991 ], [ -69.108438960567227, 47.704696183105781 ], [ -69.101516897338342, 47.706938040765415 ], [ -69.095179970272739, 47.704012261273441 ], [ -69.095765509090299, 47.698845059275051 ], [ -69.102686678838708, 47.696603513626933 ] ] ] } },
{ "type": "Feature", "properties": { "hex_id": 978219, "centroid_lon": -69.100346461248932, "centroid_lat": 47.717272527426417, "occurrences_today": 3, "datetimes_today": "2026-04-26 12:46:38, 2026-04-26 12:57:41, 2026-04-26 13:16:47", "cumulative_total": 3.0 }, "geometry": { "type": "Polygon", "coordinates": [ [ [ -69.100931761146171, 47.712105289156575 ], [ -69.107269984939919, 47.715030802930301 ], [ -69.106685251822199, 47.720198097678079 ], [ -69.099760997588845, 47.722439755572942 ], [ -69.093422370807374, 47.719513806478254 ], [ -69.094008401189129, 47.71434663487701 ], [ -69.100931761146171, 47.712105289156575 ] ] ] } },
{ "type": "Feature", "properties": { "hex_id": 978220, "centroid_lon": -69.098589578748616, "centroid_lat": 47.732774181488267, "occurrences_today": 3, "datetimes_today": "2026-04-26 12:46:38, 2026-04-26 12:57:41, 2026-04-26 13:16:47", "cumulative_total": 3.0 }, "geometry": { "type": "Polygon", "coordinates": [ [ [ -69.099175370108028, 47.727606973594213 ], [ -69.105515294689795, 47.730532656834953 ], [ -69.104930070559448, 47.735699921240105 ], [ -69.098003623452698, 47.737941379253115 ], [ -69.091663295607347, 47.735015260456152 ], [ -69.092249818074421, 47.729848119269796 ], [ -69.099175370108028, 47.727606973594213 ] ] ] } },
{ "type": "Feature", "properties": { "hex_id": 978221, "centroid_lon": -69.096831220819595, "centroid_lat": 47.748275744387357, "occurrences_today": 3, "datetimes_today": "2026-04-26 12:46:38, 2026-04-26 12:57:41, 2026-04-26 13:16:47", "cumulative_total": 3.0 }, "geometry": { "type": "Polygon", "coordinates": [ [ [ -69.097417504162351, 47.743108566886796 ], [ -69.103759130881244, 47.74603441969402 ], [ -69.103173415217555, 47.75120165373886 ], [ -69.096244773366422, 47.753442911752778 ], [ -69.089902743107871, 47.750516623153949 ], [ -69.090489758182102, 47.745349512400203 ], [ -69.097417504162351, 47.743108566886796 ] ] ] } },
{ "type": "Feature", "properties": { "hex_id": 978824, "centroid_lon": -69.103362634467857, "centroid_lat": 47.631670512322067, "occurrences_today": 3, "datetimes_today": "2026-04-26 12:46:38, 2026-04-26 12:57:41, 2026-04-26 13:16:47", "cumulative_total": 3.0 }, "geometry": { "type": "Polygon", "coordinates": [ [ [ -69.10394588618648, 47.626503168704041 ], [ -69.110274334848356, 47.629428101671223 ], [ -69.109691647312388, 47.634595501647212 ], [ -69.102779219759171, 47.636837845837185 ], [ -69.09645036993345, 47.633912478799211 ], [ -69.097034348767338, 47.628745201709194 ], [ -69.10394588618648, 47.626503168704041 ] ] ] } },
{ "type": "Feature", "properties": { "hex_id": 978825, "centroid_lon": -69.101611901141766, "centroid_lat": 47.647172482550651, "occurrences_today": 3, "datetimes_today": "2026-04-26 12:46:38, 2026-04-26 12:57:41, 2026-04-26 13:16:47", "cumulative_total": 3.0 }, "geometry": { "type": "Polygon", "coordinates": [ [ [ -69.102195642002968, 47.642005169247348 ], [ -69.108525783659758, 47.644930271321329 ], [ -69.107942607428257, 47.65009764101557 ], [ -69.101027997118052, 47.652339785745141 ], [ -69.094697454022821, 47.649414249365961 ], [ -69.095281922618724, 47.644247002629548 ], [ -69.102195642002968, 47.642005169247348 ] ] ] } },
{ "type": "Feature", "properties": { "hex_id": 978826, "centroid_lon": -69.099859699352976, "centroid_lat": 47.662674361799816, "occurrences_today": 3, "datetimes_today": "2026-04-26 12:46:38, 2026-04-26 12:57:41, 2026-04-26 13:16:47", "cumulative_total": 3.0 }, "geometry": { "type": "Polygon", "coordinates": [ [ [ -69.100443929874302, 47.657507078828857 ], [ -69.106775765867638, 47.660432350108621 ], [ -69.106192100423527, 47.665599689503523 ], [ -69.099275305496477, 47.667841634656092 ], [ -69.092943067789889, 47.664915928836564 ], [ -69.093528026666021, 47.659748712471426 ], [ -69.100443929874302, 47.657507078828857 ] ] ] } },
{ "type": "Feature", "properties": { "hex_id": 978827, "centroid_lon": -69.098106027547445, "centroid_lat": 47.678176150016668, "occurrences_today": 3, "datetimes_today": "2026-04-26 12:46:38, 2026-04-26 12:57:41, 2026-04-26 13:16:47", "cumulative_total": 3.0 }, "geometry": { "type": "Polygon", "coordinates": [ [ [ -69.098690748247165, 47.67300889739569 ], [ -69.105024279919974, 47.675934337980287 ], [ -69.104440124745381, 47.681101647058256 ], [ -69.097521143339591, 47.68334339251706 ], [ -69.091187209678608, 47.680417517157949 ], [ -69.091772659353893, 47.675250331181779 ], [ -69.098690748247165, 47.67300889739569 ] ] ] } },
{ "type": "Feature", "properties": { "hex_id": 978828, "centroid_lon": -69.096350884168771, "centroid_lat": 47.693677847148216, "occurrences_today": 3, "datetimes_today": "2026-04-26 12:46:38, 2026-04-26 12:57:41, 2026-04-26 13:16:47", "cumulative_total": 3.0 }, "geometry": { "type": "Polygon", "coordinates": [ [ [ -69.096936095565951, 47.688510624894889 ], [ -69.103271324262408, 47.691436234883533 ], [ -69.102686678838708, 47.696603513626933 ], [ -69.095765509090299, 47.698845059275051 ], [ -69.089429878130503, 47.695919014277045 ], [ -69.090015819124702, 47.690751858707557 ], [ -69.096936095565951, 47.688510624894889 ] ] ] } },
{ "type": "Feature", "properties": { "hex_id": 978829, "centroid_lon": -69.094594267658309, "centroid_lat": 47.709179453141417, "occurrences_today": 3, "datetimes_today": "2026-04-26 12:46:38, 2026-04-26 12:57:41, 2026-04-26 13:16:47", "cumulative_total": 3.0 }, "geometry": { "type": "Polygon", "coordinates": [ [ [ -69.095179970272739, 47.704012261273441 ], [ -69.101516897338342, 47.706938040765415 ], [ -69.100931761146171, 47.712105289156575 ], [ -69.094008401189129, 47.71434663487701 ], [ -69.087671071584936, 47.711420420140648 ], [ -69.088257504418493, 47.706253294995584 ], [ -69.095179970272739, 47.704012261273441 ] ] ] } },
{ "type": "Feature", "properties": { "hex_id": 978830, "centroid_lon": -69.092836176455108, "centroid_lat": 47.724680967943172, "occurrences_today": 3, "datetimes_today": "2026-04-26 12:46:38, 2026-04-26 12:57:41, 2026-04-26 13:16:47", "cumulative_total": 3.0 }, "geometry": { "type": "Polygon", "coordinates": [ [ [ -69.093422370807374, 47.719513806478254 ], [ -69.099760997588845, 47.722439755572942 ], [ -69.099175370108028, 47.727606973594213 ], [ -69.092249818074421, 47.729848119269796 ], [ -69.085910788478884, 47.72692173469553 ], [ -69.086497713673083, 47.721754639992611 ], [ -69.093422370807374, 47.719513806478254 ] ] ] } },
{ "type": "Feature", "properties": { "hex_id": 978831, "centroid_lon": -69.09107660899592, "centroid_lat": 47.740182391500284, "occurrences_today": 3, "datetimes_today": "2026-04-26 12:46:38, 2026-04-26 12:57:41, 2026-04-26 13:16:47", "cumulative_total": 3.0 }, "geometry": { "type": "Polygon", "coordinates": [ [ [ -69.091663295607347, 47.735015260456152 ], [ -69.098003623452698, 47.737941379253115 ], [ -69.097417504162351, 47.743108566886796 ], [ -69.090489758182102, 47.745349512400203 ], [ -69.084149027247051, 47.74242295788838 ], [ -69.084736445323912, 47.73725589364539 ], [ -69.091663295607347, 47.735015260456152 ] ] ] } },
{ "type": "Feature", "properties": { "hex_id": 978832, "centroid_lon": -69.089315563715161, "centroid_lat": 47.75568372375951, "occurrences_today": 3, "datetimes_today": "2026-04-26 12:46:38, 2026-04-26 12:57:41, 2026-04-26 13:16:47", "cumulative_total": 3.0 }, "geometry": { "type": "Polygon", "coordinates": [ [ [ -69.089902743107871, 47.750516623153949 ], [ -69.096244773366422, 47.753442911752778 ], [ -69.095658161744836, 47.758610068981149 ], [ -69.088728219945878, 47.760850814214969 ], [ -69.082385786321836, 47.757924089665792 ], [ -69.08297369780415, 47.75275705590056 ], [ -69.089902743107871, 47.750516623153949 ] ] ] } },
{ "type": "Feature", "properties": { "hex_id": 979435, "centroid_lon": -69.095866227903088, "centroid_lat": 47.639079745773323, "occurrences_today": 3, "datetimes_today": "2026-04-26 12:46:38, 2026-04-26 12:57:41, 2026-04-26 13:16:47", "cumulative_total": 3.0 }, "geometry": { "type": "Polygon", "coordinates": [ [ [ -69.09645036993345, 47.633912478799211 ], [ -69.102779219759171, 47.636837845837185 ], [ -69.102195642002968, 47.642005169247348 ], [ -69.095281922618724, 47.644247002629548 ], [ -69.088952671801607, 47.641321201362757 ], [ -69.08953754130259, 47.636154001009736 ], [ -69.09645036993345, 47.633912478799211 ] ] ] } },
{ "type": "Feature", "properties": { "hex_id": 979436, "centroid_lon": -69.094112822057781, "centroid_lat": 47.654581485980572, "occurrences_today": 3, "datetimes_today": "2026-04-26 12:46:38, 2026-04-26 12:57:41, 2026-04-26 13:16:47", "cumulative_total": 3.0 }, "geometry": { "type": "Polygon", "coordinates": [ [ [ -69.094697454022821, 47.649414249365961 ], [ -69.101027997118052, 47.652339785745141 ], [ -69.100443929874302, 47.657507078828857 ], [ -69.093528026666021, 47.659748712471426 ], [ -69.087197082305039, 47.656822741628901 ], [ -69.087782442360464, 47.651655571674311 ], [ -69.094697454022821, 47.649414249365961 ] ] ] } },
{ "type": "Feature", "properties": { "hex_id": 979437, "centroid_lon": -69.092357945371759, "centroid_lat": 47.670083135073988, "occurrences_today": 3, "datetimes_today": "2026-04-26 12:46:38, 2026-04-26 12:57:41, 2026-04-26 13:16:47", "cumulative_total": 3.0 }, "geometry": { "type": "Polygon", "coordinates": [ [ [ -69.092943067789889, 47.664915928836564 ], [ -69.099275305496477, 47.667841634656092 ], [ -69.098690748247165, 47.67300889739569 ], [ -69.091772659353893, 47.675250331181779 ], [ -69.085440020107043, 47.672324190664256 ], [ -69.086025871236046, 47.667157051125841 ], [ -69.092943067789889, 47.664915928836564 ] ] ] } },
{ "type": "Feature", "properties": { "hex_id": 979438, "centroid_lon": -69.090601596288124, "centroid_lat": 47.685584693000521, "occurrences_today": 3, "datetimes_today": "2026-04-26 12:46:38, 2026-04-26 12:57:41, 2026-04-26 13:16:47", "cumulative_total": 3.0 }, "geometry": { "type": "Polygon", "coordinates": [ [ [ -69.091187209678608, 47.680417517157949 ], [ -69.097521143339591, 47.68334339251706 ], [ -69.096936095565951, 47.688510624894889 ], [ -69.090015819124702, 47.690751858707557 ], [ -69.083681483648732, 47.687825548415653 ], [ -69.084267826371203, 47.682658439311147 ], [ -69.091187209678608, 47.680417517157949 ] ] ] } },
{ "type": "Feature", "properties": { "hex_id": 979439, "centroid_lon": -69.088843773247731, "centroid_lat": 47.701086159707039, "occurrences_today": 3, "datetimes_today": "2026-04-26 12:46:38, 2026-04-26 12:57:41, 2026-04-26 13:16:47", "cumulative_total": 3.0 }, "geometry": { "type": "Polygon", "coordinates": [ [ [ -69.089429878130503, 47.695919014277045 ], [ -69.095765509090299, 47.698845059275051 ], [ -69.095179970272739, 47.704012261273441 ], [ -69.088257504418493, 47.706253294995584 ], [ -69.081921471368887, 47.703326814829822 ], [ -69.082508306205469, 47.698159736176969 ], [ -69.089429878130503, 47.695919014277045 ] ] ] } },
{ "type": "Feature", "properties": { "hex_id": 979440, "centroid_lon": -69.087084474689107, "centroid_lat": 47.716587535140341, "occurrences_today": 3, "datetimes_today": "2026-04-26 12:46:38, 2026-04-26 12:57:41, 2026-04-26 13:16:47", "cumulative_total": 3.0 }, "geometry": { "type": "Polygon", "coordinates": [ [ [ -69.087671071584936, 47.711420420140648 ], [ -69.094008401189129, 47.71434663487701 ], [ -69.093422370807374, 47.719513806478254 ], [ -69.086497713673083, 47.721754639992611 ], [ -69.080159981704014, 47.718827989853416 ], [ -69.080747309176147, 47.713660941670014 ], [ -69.087671071584936, 47.711420420140648 ] ] ] } },
{ "type": "Feature", "properties": { "hex_id": 979441, "centroid_lon": -69.085323699048502, "centroid_lat": 47.732088819247117, "occurrences_today": 3, "datetimes_today": "2026-04-26 12:46:38, 2026-04-26 12:57:41, 2026-04-26 13:16:47", "cumulative_total": 3.0 }, "geometry": { "type": "Polygon", "coordinates": [ [ [ -69.085910788478884, 47.72692173469553 ], [ -69.092249818074421, 47.729848119269796 ], [ -69.091663295607347, 47.735015260456152 ], [ -69.084736445323912, 47.73725589364539 ], [ -69.078397013088306, 47.734329073433024 ], [ -69.078984833718152, 47.7291620557369 ], [ -69.085910788478884, 47.72692173469553 ] ] ] } },
{ "type": "Feature", "properties": { "hex_id": 979442, "centroid_lon": -69.083561444759837, "centroid_lat": 47.747590011974097, "occurrences_today": 3, "datetimes_today": "2026-04-26 12:46:38, 2026-04-26 12:57:41, 2026-04-26 13:16:47", "cumulative_total": 3.0 }, "geometry": { "type": "Polygon", "coordinates": [ [ [ -69.084149027247051, 47.74242295788838 ], [ -69.090489758182102, 47.745349512400203 ], [ -69.089902743107871, 47.750516623153949 ], [ -69.08297369780415, 47.75275705590056 ], [ -69.076632563953638, 47.749830065515212 ], [ -69.077220878264185, 47.744663078324166 ], [ -69.084149027247051, 47.74242295788838 ] ] ] } },
{ "type": "Feature", "properties": { "hex_id": 980046, "centroid_lon": -69.088367638840097, "centroid_lat": 47.646488391584938, "occurrences_today": 3, "datetimes_today": "2026-04-26 12:46:38, 2026-04-26 12:57:41, 2026-04-26 13:16:47", "cumulative_total": 3.0 }, "geometry": { "type": "Polygon", "coordinates": [ [ [ -69.088952671801607, 47.641321201362757 ], [ -69.095281922618724, 47.644247002629548 ], [ -69.094697454022821, 47.649414249365961 ], [ -69.087782442360464, 47.651655571674311 ], [ -69.081452790724711, 47.648729336020594 ], [ -69.082038551512298, 47.643562212512599 ], [ -69.088952671801607, 47.641321201362757 ] ] ] } },
{ "type": "Feature", "properties": { "hex_id": 980047, "centroid_lon": -69.086611558616141, "centroid_lat": 47.661989901446731, "occurrences_today": 3, "datetimes_today": "2026-04-26 12:46:38, 2026-04-26 12:57:41, 2026-04-26 13:16:47", "cumulative_total": 3.0 }, "geometry": { "type": "Polygon", "coordinates": [ [ [ -69.087197082305039, 47.656822741628901 ], [ -69.093528026666021, 47.659748712471426 ], [ -69.092943067789889, 47.664915928836564 ], [ -69.086025871236046, 47.667157051125841 ], [ -69.079694525782315, 47.664230645661803 ], [ -69.080280777917466, 47.659063552597175 ], [ -69.087197082305039, 47.656822741628901 ] ] ] } },
{ "type": "Feature", "properties": { "hex_id": 980048, "centroid_lon": -69.084854005171366, "centroid_lat": 47.677491320060014, "occurrences_today": 3, "datetimes_today": "2026-04-26 12:46:38, 2026-04-26 12:57:41, 2026-04-26 13:16:47", "cumulative_total": 3.0 }, "geometry": { "type": "Polygon", "coordinates": [ [ [ -69.085440020107043, 47.672324190664256 ], [ -69.091772659353893, 47.675250331181779 ], [ -69.091187209678608, 47.680417517157949 ], [ -69.084267826371203, 47.682658439311147 ], [ -69.07793478575735, 47.67973186393737 ], [ -69.078521529760096, 47.674564801333865 ], [ -69.085440020107043, 47.672324190664256 ] ] ] } },
{ "type": "Feature", "properties": { "hex_id": 980049, "centroid_lon": -69.083094976946114, "centroid_lat": 47.692992647371589, "occurrences_today": 3, "datetimes_today": "2026-04-26 12:46:38, 2026-04-26 12:57:41, 2026-04-26 13:16:47", "cumulative_total": 3.0 }, "geometry": { "type": "Polygon", "coordinates": [ [ [ -69.083681483648732, 47.687825548415653 ], [ -69.090015819124702, 47.690751858707557 ], [ -69.089429878130503, 47.695919014277045 ], [ -69.082508306205469, 47.698159736176969 ], [ -69.076173569088041, 47.695232990793947 ], [ -69.076760805479225, 47.690065958669372 ], [ -69.083681483648732, 47.687825548415653 ] ] ] } },
{ "type": "Feature", "properties": { "hex_id": 980050, "centroid_lon": -69.08133447237843, "centroid_lat": 47.708493883328146, "occurrences_today": 3, "datetimes_today": "2026-04-26 12:46:38, 2026-04-26 12:57:41, 2026-04-26 13:16:47", "cumulative_total": 3.0 }, "geometry": { "type": "Polygon", "coordinates": [ [ [ -69.081921471368887, 47.703326814829822 ], [ -69.088257504418493, 47.706253294995584 ], [ -69.087671071584936, 47.711420420140648 ], [ -69.080747309176147, 47.713660941670014 ], [ -69.074410874210457, 47.710734026178073 ], [ -69.074998603511659, 47.705567024550284 ], [ -69.081921471368887, 47.703326814829822 ] ] ] } },
{ "type": "Feature", "properties": { "hex_id": 980051, "centroid_lon": -69.079572489904038, "centroid_lat": 47.723995027876349, "occurrences_today": 3, "datetimes_today": "2026-04-26 12:46:38, 2026-04-26 12:57:41, 2026-04-26 13:16:47", "cumulative_total": 3.0 }, "geometry": { "type": "Polygon", "coordinates": [ [ [ -69.080159981704014, 47.718827989853416 ], [ -69.086497713673083, 47.721754639992611 ], [ -69.085910788478884, 47.72692173469553 ], [ -69.078984833718152, 47.7291620557369 ], [ -69.072646699558234, 47.726234970036323 ], [ -69.073234922291832, 47.721067998923097 ], [ -69.080159981704014, 47.718827989853416 ] ] ] } },
{ "type": "Feature", "properties": { "hex_id": 980052, "centroid_lon": -69.077809027956349, "centroid_lat": 47.739496080962773, "occurrences_today": 3, "datetimes_today": "2026-04-26 12:46:38, 2026-04-26 12:57:41, 2026-04-26 13:16:47", "cumulative_total": 3.0 }, "geometry": { "type": "Polygon", "coordinates": [ [ [ -69.078397013088306, 47.734329073433024 ], [ -69.084736445323912, 47.73725589364539 ], [ -69.084149027247051, 47.74242295788838 ], [ -69.077220878264185, 47.744663078324166 ], [ -69.070881043562792, 47.7417358223151 ], [ -69.071469760251887, 47.736568881734314 ], [ -69.078397013088306, 47.734329073433024 ] ] ] } },
{ "type": "Feature", "properties": { "hex_id": 980656, "centroid_lon": -69.082624148632817, "centroid_lat": 47.638395078860761, "occurrences_today": 3, "datetimes_today": "2026-04-26 12:46:38, 2026-04-26 12:57:41, 2026-04-26 13:16:47", "cumulative_total": 3.0 }, "geometry": { "type": "Polygon", "coordinates": [ [ [ -69.083209582143922, 47.633227935067048 ], [ -69.08953754130259, 47.636154001009736 ], [ -69.088952671801607, 47.641321201362757 ], [ -69.082038551512298, 47.643562212512599 ], [ -69.075710191981756, 47.640635712259467 ], [ -69.07629635305473, 47.635468635234055 ], [ -69.083209582143922, 47.633227935067048 ] ] ] } },
{ "type": "Feature", "properties": { "hex_id": 980657, "centroid_lon": -69.080866866212347, "centroid_lat": 47.653896449382785, "occurrences_today": 3, "datetimes_today": "2026-04-26 12:46:38, 2026-04-26 12:57:41, 2026-04-26 13:16:47", "cumulative_total": 3.0 }, "geometry": { "type": "Polygon", "coordinates": [ [ [ -69.081452790724711, 47.648729336020594 ], [ -69.087782442360464, 47.651655571674311 ], [ -69.087197082305039, 47.656822741628901 ], [ -69.080280777917466, 47.659063552597175 ], [ -69.073950725636152, 47.656136882398485 ], [ -69.074537378330234, 47.650969835843647 ], [ -69.081452790724711, 47.648729336020594 ] ] ] } },
{ "type": "Feature", "properties": { "hex_id": 980658, "centroid_lon": -69.079108109749143, "centroid_lat": 47.669397728574694, "occurrences_today": 3, "datetimes_today": "2026-04-26 12:46:38, 2026-04-26 12:57:41, 2026-04-26 13:16:47", "cumulative_total": 3.0 }, "geometry": { "type": "Polygon", "coordinates": [ [ [ -69.079694525782315, 47.664230645661803 ], [ -69.086025871236046, 47.667157051125841 ], [ -69.085440020107043, 47.672324190664256 ], [ -69.078521529760096, 47.674564801333865 ], [ -69.072189783386946, 47.671637961090177 ], [ -69.072776928222353, 47.666470945023732 ], [ -69.079694525782315, 47.664230645661803 ] ] ] } },
{ "type": "Feature", "properties": { "hex_id": 980659, "centroid_lon": -69.07734787768301, "centroid_lat": 47.684898916383183, "occurrences_today": 3, "datetimes_today": "2026-04-26 12:46:38, 2026-04-26 12:57:41, 2026-04-26 13:16:47", "cumulative_total": 3.0 }, "geometry": { "type": "Polygon", "coordinates": [ [ [ -69.07793478575735, 47.67973186393737 ], [ -69.084267826371203, 47.682658439311147 ], [ -69.083681483648732, 47.687825548415653 ], [ -69.076760805479225, 47.690065958669372 ], [ -69.070427363671953, 47.687138948281117 ], [ -69.071015001169684, 47.681971962720873 ], [ -69.07793478575735, 47.67973186393737 ] ] ] } },
{ "type": "Feature", "properties": { "hex_id": 980660, "centroid_lon": -69.075586168451522, "centroid_lat": 47.700400012754898, "occurrences_today": 3, "datetimes_today": "2026-04-26 12:46:38, 2026-04-26 12:57:41, 2026-04-26 13:16:47", "cumulative_total": 3.0 }, "geometry": { "type": "Polygon", "coordinates": [ [ [ -69.076173569088041, 47.695232990793947 ], [ -69.082508306205469, 47.698159736176969 ], [ -69.081921471368887, 47.703326814829822 ], [ -69.074998603511659, 47.705567024550284 ], [ -69.06866346492663, 47.70263984391778 ], [ -69.069251595608435, 47.697472888881556 ], [ -69.076173569088041, 47.695232990793947 ] ] ] } },
{ "type": "Feature", "properties": { "hex_id": 980661, "centroid_lon": -69.073822980489879, "centroid_lat": 47.715901017636362, "occurrences_today": 3, "datetimes_today": "2026-04-26 12:46:38, 2026-04-26 12:57:41, 2026-04-26 13:16:47", "cumulative_total": 3.0 }, "geometry": { "type": "Polygon", "coordinates": [ [ [ -69.074410874210457, 47.710734026178073 ], [ -69.080747309176147, 47.713660941670014 ], [ -69.080159981704014, 47.718827989853416 ], [ -69.073234922291832, 47.721067998923097 ], [ -69.066898085584171, 47.718140647946591 ], [ -69.067486709972599, 47.712973723452286 ], [ -69.074410874210457, 47.710734026178073 ] ] ] } },
{ "type": "Feature", "properties": { "hex_id": 980662, "centroid_lon": -69.072058312230979, "centroid_lat": 47.731401930974066, "occurrences_today": 3, "datetimes_today": "2026-04-26 12:46:38, 2026-04-26 12:57:41, 2026-04-26 13:16:47", "cumulative_total": 3.0 }, "geometry": { "type": "Polygon", "coordinates": [ [ [ -69.072646699558234, 47.726234970036323 ], [ -69.078984833718152, 47.7291620557369 ], [ -69.078397013088306, 47.734329073433024 ], [ -69.071469760251887, 47.736568881734314 ], [ -69.065131224075486, 47.733641360313875 ], [ -69.065720342693808, 47.728474466379375 ], [ -69.072646699558234, 47.726234970036323 ] ] ] } },
{ "type": "Feature", "properties": { "hex_id": 980663, "centroid_lon": -69.070292162105474, "centroid_lat": 47.746902752714441, "occurrences_today": 3, "datetimes_today": "2026-04-26 12:46:38, 2026-04-26 12:57:41, 2026-04-26 13:16:47", "cumulative_total": 3.0 }, "geometry": { "type": "Polygon", "coordinates": [ [ [ -69.070881043562792, 47.7417358223151 ], [ -69.077220878264185, 47.744663078324166 ], [ -69.076632563953638, 47.749830065515212 ], [ -69.069703115821682, 47.752069672930311 ], [ -69.063362878829111, 47.749141980965952 ], [ -69.063952492201409, 47.74397511760916 ], [ -69.070881043562792, 47.7417358223151 ] ] ] } },
{ "type": "Feature", "properties": { "hex_id": 981267, "centroid_lon": -69.075123867092842, "centroid_lat": 47.645802779129973, "occurrences_today": 3, "datetimes_today": "2026-04-26 12:46:38, 2026-04-26 12:57:41, 2026-04-26 13:16:47", "cumulative_total": 3.0 }, "geometry": { "type": "Polygon", "coordinates": [ [ [ -69.075710191981756, 47.640635712259467 ], [ -69.082038551512298, 47.643562212512599 ], [ -69.081452790724711, 47.648729336020594 ], [ -69.074537378330234, 47.650969835843647 ], [ -69.06820861860092, 47.648042901122032 ], [ -69.068795671407102, 47.642875901112959 ], [ -69.075710191981756, 47.640635712259467 ] ] ] } },
{ "type": "Feature", "properties": { "hex_id": 981268, "centroid_lon": -69.0733639089528, "centroid_lat": 47.661303918792505, "occurrences_today": 3, "datetimes_today": "2026-04-26 12:46:38, 2026-04-26 12:57:41, 2026-04-26 13:16:47", "cumulative_total": 3.0 }, "geometry": { "type": "Polygon", "coordinates": [ [ [ -69.073950725636152, 47.656136882398485 ], [ -69.080280777917466, 47.659063552597175 ], [ -69.079694525782315, 47.664230645661803 ], [ -69.072776928222353, 47.666470945023732 ], [ -69.066446475468865, 47.663543840121946 ], [ -69.067034020689661, 47.658376870628501 ], [ -69.073950725636152, 47.656136882398485 ] ] ] } },
{ "type": "Feature", "properties": { "hex_id": 981269, "centroid_lon": -69.071602474388698, "centroid_lat": 47.676804966989891, "occurrences_today": 3, "datetimes_today": "2026-04-26 12:46:38, 2026-04-26 12:57:41, 2026-04-26 13:16:47", "cumulative_total": 3.0 }, "geometry": { "type": "Polygon", "coordinates": [ [ [ -69.072189783386946, 47.671637961090177 ], [ -69.078521529760096, 47.674564801333865 ], [ -69.07793478575735, 47.67973186393737 ], [ -69.071015001169684, 47.681971962720873 ], [ -69.064682854050773, 47.679044687539324 ], [ -69.065270892207351, 47.673877748579329 ], [ -69.072189783386946, 47.671637961090177 ] ] ] } },
{ "type": "Feature", "properties": { "hex_id": 981270, "centroid_lon": -69.069839561837526, "centroid_lat": 47.692305923668677, "occurrences_today": 3, "datetimes_today": "2026-04-26 12:46:38, 2026-04-26 12:57:41, 2026-04-26 13:16:47", "cumulative_total": 3.0 }, "geometry": { "type": "Polygon", "coordinates": [ [ [ -69.070427363671953, 47.687138948281117 ], [ -69.076760805479225, 47.690065958669372 ], [ -69.076173569088041, 47.695232990793947 ], [ -69.069251595608435, 47.697472888881556 ], [ -69.062917752781601, 47.694545443320557 ], [ -69.063506284395928, 47.68937853491191 ], [ -69.070427363671953, 47.687138948281117 ] ] ] } },
{ "type": "Feature", "properties": { "hex_id": 981271, "centroid_lon": -69.068075169734044, "centroid_lat": 47.707806788775343, "occurrences_today": 3, "datetimes_today": "2026-04-26 12:46:38, 2026-04-26 12:57:41, 2026-04-26 13:16:47", "cumulative_total": 3.0 }, "geometry": { "type": "Polygon", "coordinates": [ [ [ -69.06866346492663, 47.70263984391778 ], [ -69.074998603511659, 47.705567024550284 ], [ -69.074410874210457, 47.710734026178073 ], [ -69.067486709972599, 47.712973723452286 ], [ -69.061151170094092, 47.710046107411955 ], [ -69.061740195688813, 47.704879229572576 ], [ -69.06866346492663, 47.70263984391778 ] ] ] } },
{ "type": "Feature", "properties": { "hex_id": 981272, "centroid_lon": -69.066309296510639, "centroid_lat": 47.723307562256274, "occurrences_today": 3, "datetimes_today": "2026-04-26 12:46:38, 2026-04-26 12:57:41, 2026-04-26 13:16:47", "cumulative_total": 3.0 }, "geometry": { "type": "Polygon", "coordinates": [ [ [ -69.066898085584171, 47.718140647946591 ], [ -69.073234922291832, 47.721067998923097 ], [ -69.072646699558234, 47.726234970036323 ], [ -69.065720342693808, 47.728474466379375 ], [ -69.059383104418586, 47.72554667975983 ], [ -69.059972624517187, 47.720379832507589 ], [ -69.066898085584171, 47.718140647946591 ] ] ] } },
{ "type": "Feature", "properties": { "hex_id": 981273, "centroid_lon": -69.064541940597422, "centroid_lat": 47.738808244057807, "occurrences_today": 3, "datetimes_today": "2026-04-26 12:46:38, 2026-04-26 12:57:41, 2026-04-26 13:16:47", "cumulative_total": 3.0 }, "geometry": { "type": "Polygon", "coordinates": [ [ [ -69.065131224075486, 47.733641360313875 ], [ -69.071469760251887, 47.736568881734314 ], [ -69.070881043562792, 47.7417358223151 ], [ -69.063952492201409, 47.74397511760916 ], [ -69.057613554183163, 47.74104716031033 ], [ -69.058203569309867, 47.735880343663197 ], [ -69.065131224075486, 47.733641360313875 ] ] ] } },
{ "type": "Feature", "properties": { "hex_id": 981871, "centroid_lon": -69.079918576191218, "centroid_lat": 47.544700971291491, "occurrences_today": 3, "datetimes_today": "2026-04-26 12:46:38, 2026-04-26 12:57:41, 2026-04-26 13:16:47", "cumulative_total": 3.0 }, "geometry": { "type": "Polygon", "coordinates": [ [ [ -69.080502359495341, 47.539533768299528 ], [ -69.086819305503425, 47.54245951453953 ], [ -69.086236083275011, 47.547626774015875 ], [ -69.079334629957827, 47.549868164153011 ], [ -69.073017285831952, 47.546941984925198 ], [ -69.073601793083768, 47.541774848614928 ], [ -69.080502359495341, 47.539533768299528 ] ] ] } },
{ "type": "Feature", "properties": { "hex_id": 981878, "centroid_lon": -69.067621401714405, "centroid_lat": 47.6532098909612, "occurrences_today": 3, "datetimes_today": "2026-04-26 12:46:38, 2026-04-26 12:57:41, 2026-04-26 13:16:47", "cumulative_total": 3.0 }, "geometry": { "type": "Polygon", "coordinates": [ [ [ -69.06820861860092, 47.648042901122032 ], [ -69.074537378330234, 47.650969835843647 ], [ -69.073950725636152, 47.656136882398485 ], [ -69.067034020689661, 47.658376870628501 ], [ -69.060704860935047, 47.65544950128038 ], [ -69.061292806094357, 47.650282578395888 ], [ -69.06820861860092, 47.648042901122032 ] ] ] } },
{ "type": "Feature", "properties": { "hex_id": 981879, "centroid_lon": -69.065858765994065, "centroid_lat": 47.668710799439552, "occurrences_today": 3, "datetimes_today": "2026-04-26 12:46:38, 2026-04-26 12:57:41, 2026-04-26 13:16:47", "cumulative_total": 3.0 }, "geometry": { "type": "Polygon", "coordinates": [ [ [ -69.066446475468865, 47.663543840121946 ], [ -69.072776928222353, 47.666470945023732 ], [ -69.072189783386946, 47.671637961090177 ], [ -69.065270892207351, 47.673877748579329 ], [ -69.058940039155374, 47.670950208816372 ], [ -69.059528477523514, 47.665783316492622 ], [ -69.066446475468865, 47.663543840121946 ] ] ] } },
{ "type": "Feature", "properties": { "hex_id": 981880, "centroid_lon": -69.064094651466291, "centroid_lat": 47.684211616317498, "occurrences_today": 3, "datetimes_today": "2026-04-26 12:46:38, 2026-04-26 12:57:41, 2026-04-26 13:16:47", "cumulative_total": 3.0 }, "geometry": { "type": "Polygon", "coordinates": [ [ [ -69.064682854050773, 47.679044687539324 ], [ -69.071015001169684, 47.681971962720873 ], [ -69.070427363671953, 47.687138948281117 ], [ -69.063506284395928, 47.68937853491191 ], [ -69.057173736705181, 47.686450824634342 ], [ -69.057762668804259, 47.681283962889225 ], [ -69.064682854050773, 47.679044687539324 ] ] ] } },
{ "type": "Feature", "properties": { "hex_id": 981881, "centroid_lon": -69.062329056565275, "centroid_lat": 47.699712341541435, "occurrences_today": 3, "datetimes_today": "2026-04-26 12:46:38, 2026-04-26 12:57:41, 2026-04-26 13:16:47", "cumulative_total": 3.0 }, "geometry": { "type": "Polygon", "coordinates": [ [ [ -69.062917752781601, 47.694545443320557 ], [ -69.069251595608435, 47.697472888881556 ], [ -69.06866346492663, 47.70263984391778 ], [ -69.061740195688813, 47.704879229572576 ], [ -69.055405952016656, 47.701951348680531 ], [ -69.055995378369516, 47.696784517531974 ], [ -69.062917752781601, 47.694545443320557 ] ] ] } },
{ "type": "Feature", "properties": { "hex_id": 981882, "centroid_lon": -69.060561979722948, "centroid_lat": 47.715212975057653, "occurrences_today": 3, "datetimes_today": "2026-04-26 12:46:38, 2026-04-26 12:57:41, 2026-04-26 13:16:47", "cumulative_total": 3.0 }, "geometry": { "type": "Polygon", "coordinates": [ [ [ -69.061151170094092, 47.710046107411955 ], [ -69.067486709972599, 47.712973723452286 ], [ -69.066898085584171, 47.718140647946591 ], [ -69.059972624517187, 47.720379832507589 ], [ -69.053636683519684, 47.717451780901108 ], [ -69.054226604649955, 47.712284980367087 ], [ -69.061151170094092, 47.710046107411955 ] ] ] } },
{ "type": "Feature", "properties": { "hex_id": 981883, "centroid_lon": -69.058793419368911, "centroid_lat": 47.730713516812365, "occurrences_today": 3, "datetimes_today": "2026-04-26 12:46:38, 2026-04-26 12:57:41, 2026-04-26 13:16:47", "cumulative_total": 3.0 }, "geometry": { "type": "Polygon", "coordinates": [ [ [ -69.059383104418586, 47.72554667975983 ], [ -69.065720342693808, 47.728474466379375 ], [ -69.065131224075486, 47.733641360313875 ], [ -69.058203569309867, 47.735880343663197 ], [ -69.051865929641806, 47.732952121242178 ], [ -69.05245634607391, 47.727785351340643 ], [ -69.059383104418586, 47.72554667975983 ] ] ] } },
{ "type": "Feature", "properties": { "hex_id": 982482, "centroid_lon": -69.072432615445635, "centroid_lat": 47.552109111092072, "occurrences_today": 3, "datetimes_today": "2026-04-26 12:46:38, 2026-04-26 12:57:41, 2026-04-26 13:16:47", "cumulative_total": 3.0 }, "geometry": { "type": "Polygon", "coordinates": [ [ [ -69.073017285831952, 47.546941984925198 ], [ -69.079334629957827, 47.549868164153011 ], [ -69.07875052073787, 47.555035346882143 ], [ -69.071847781867476, 47.557276227113626 ], [ -69.065530039795803, 47.554349614740552 ], [ -69.066115434482924, 47.549182555348153 ], [ -69.073017285831952, 47.546941984925198 ] ] ] } },
{ "type": "Feature", "properties": { "hex_id": 982489, "centroid_lon": -69.060116751430741, "centroid_lat": 47.660616413979952, "occurrences_today": 3, "datetimes_today": "2026-04-26 12:46:38, 2026-04-26 12:57:41, 2026-04-26 13:16:47", "cumulative_total": 3.0 }, "geometry": { "type": "Polygon", "coordinates": [ [ [ -69.060704860935047, 47.65544950128038 ], [ -69.067034020689661, 47.658376870628501 ], [ -69.066446475468865, 47.663543840121946 ], [ -69.059528477523514, 47.665783316492622 ], [ -69.053198917917328, 47.662855512359975 ], [ -69.053787756050085, 47.657688666708339 ], [ -69.060704860935047, 47.65544950128038 ] ] ] } },
{ "type": "Feature", "properties": { "hex_id": 982490, "centroid_lon": -69.058351436268296, "centroid_lat": 47.676117090949241, "occurrences_today": 3, "datetimes_today": "2026-04-26 12:46:38, 2026-04-26 12:57:41, 2026-04-26 13:16:47", "cumulative_total": 3.0 }, "geometry": { "type": "Polygon", "coordinates": [ [ [ -69.058940039155374, 47.670950208816372 ], [ -69.065270892207351, 47.673877748579329 ], [ -69.064682854050773, 47.679044687539324 ], [ -69.057762668804259, 47.681283962889225 ], [ -69.051431415627775, 47.678355988106937 ], [ -69.052020747764246, 47.673189173061253 ], [ -69.058940039155374, 47.670950208816372 ] ] ] } },
{ "type": "Feature", "properties": { "hex_id": 982491, "centroid_lon": -69.056584639912984, "centroid_lat": 47.691617676182595, "occurrences_today": 3, "datetimes_today": "2026-04-26 12:46:38, 2026-04-26 12:57:41, 2026-04-26 13:16:47", "cumulative_total": 3.0 }, "geometry": { "type": "Polygon", "coordinates": [ [ [ -69.057173736705181, 47.686450824634342 ], [ -69.063506284395928, 47.68937853491191 ], [ -69.062917752781601, 47.694545443320557 ], [ -69.055995378369516, 47.696784517531974 ], [ -69.049662430281202, 47.693856372000162 ], [ -69.050252256944418, 47.688689587578388 ], [ -69.057173736705181, 47.686450824634342 ] ] ] } },
{ "type": "Feature", "properties": { "hex_id": 982492, "centroid_lon": -69.054816360796195, "centroid_lat": 47.70711816962622, "occurrences_today": 3, "datetimes_today": "2026-04-26 12:46:38, 2026-04-26 12:57:41, 2026-04-26 13:16:47", "cumulative_total": 3.0 }, "geometry": { "type": "Polygon", "coordinates": [ [ [ -69.055405952016656, 47.701951348680531 ], [ -69.061740195688813, 47.704879229572576 ], [ -69.061151170094092, 47.710046107411955 ], [ -69.054226604649955, 47.712284980367087 ], [ -69.04789196030697, 47.709356663985695 ], [ -69.048482282020728, 47.70418991020582 ], [ -69.055405952016656, 47.701951348680531 ] ] ] } },
{ "type": "Feature", "properties": { "hex_id": 982493, "centroid_lon": -69.053046597347091, "centroid_lat": 47.722618571226285, "occurrences_today": 3, "datetimes_today": "2026-04-26 12:46:38, 2026-04-26 12:57:41, 2026-04-26 13:16:47", "cumulative_total": 3.0 }, "geometry": { "type": "Polygon", "coordinates": [ [ [ -69.053636683519684, 47.717451780901108 ], [ -69.059972624517187, 47.720379832507589 ], [ -69.059383104418586, 47.72554667975983 ], [ -69.05245634607391, 47.727785351340643 ], [ -69.046120004132163, 47.724856864009595 ], [ -69.046710821421016, 47.719690140889604 ], [ -69.053636683519684, 47.717451780901108 ] ] ] } },
{ "type": "Feature", "properties": { "hex_id": 982494, "centroid_lon": -69.051275347992416, "centroid_lat": 47.738118880928887, "occurrences_today": 3, "datetimes_today": "2026-04-26 12:46:38, 2026-04-26 12:57:41, 2026-04-26 13:16:47", "cumulative_total": 3.0 }, "geometry": { "type": "Polygon", "coordinates": [ [ [ -69.051865929641806, 47.732952121242178 ], [ -69.058203569309867, 47.735880343663197 ], [ -69.057613554183163, 47.74104716031033 ], [ -69.050684601067388, 47.743285630398752 ], [ -69.044346560181509, 47.740356972017786 ], [ -69.044937873570817, 47.735190279575704 ], [ -69.051865929641806, 47.732952121242178 ] ] ] } },
{ "type": "Feature", "properties": { "hex_id": 983093, "centroid_lon": -69.064944481711478, "centroid_lat": 47.559516663974641, "occurrences_today": 3, "datetimes_today": "2026-04-26 12:46:38, 2026-04-26 12:57:41, 2026-04-26 13:16:47", "cumulative_total": 3.0 }, "geometry": { "type": "Polygon", "coordinates": [ [ [ -69.065530039795803, 47.554349614740552 ], [ -69.071847781867476, 47.557276227113626 ], [ -69.071262785040091, 47.562443332987854 ], [ -69.064358760172524, 47.564683703048409 ], [ -69.058040620327304, 47.561756657372634 ], [ -69.058626903065715, 47.556589675005903 ], [ -69.065530039795803, 47.554349614740552 ] ] ] } },
{ "type": "Feature", "properties": { "hex_id": 983099, "centroid_lon": -69.05437642963102, "centroid_lat": 47.652521810858708, "occurrences_today": 3, "datetimes_today": "2026-04-26 12:46:38, 2026-04-26 12:57:41, 2026-04-26 13:16:47", "cumulative_total": 3.0 }, "geometry": { "type": "Polygon", "coordinates": [ [ [ -69.054964938718143, 47.647354944813074 ], [ -69.061292806094357, 47.650282578395888 ], [ -69.060704860935047, 47.65544950128038 ], [ -69.053787756050085, 47.657688666708339 ], [ -69.04745948926886, 47.654760598417667 ], [ -69.048048726719628, 47.64959379947404 ], [ -69.054964938718143, 47.647354944813074 ] ] ] } },
{ "type": "Feature", "properties": { "hex_id": 983100, "centroid_lon": -69.052609915174742, "centroid_lat": 47.668022347811586, "occurrences_today": 3, "datetimes_today": "2026-04-26 12:46:38, 2026-04-26 12:57:41, 2026-04-26 13:16:47", "cumulative_total": 3.0 }, "geometry": { "type": "Polygon", "coordinates": [ [ [ -69.053198917917328, 47.662855512359975 ], [ -69.059528477523514, 47.665783316492622 ], [ -69.058940039155374, 47.670950208816372 ], [ -69.052020747764246, 47.673189173061253 ], [ -69.045690788480542, 47.670260933986022 ], [ -69.046280520207404, 47.665094165675661 ], [ -69.053198917917328, 47.662855512359975 ] ] ] } },
{ "type": "Feature", "properties": { "hex_id": 983101, "centroid_lon": -69.050841918707206, "centroid_lat": 47.683522792946633, "occurrences_today": 3, "datetimes_today": "2026-04-26 12:46:38, 2026-04-26 12:57:41, 2026-04-26 13:16:47", "cumulative_total": 3.0 }, "geometry": { "type": "Polygon", "coordinates": [ [ [ -69.051431415627775, 47.678355988106937 ], [ -69.057762668804259, 47.681283962889225 ], [ -69.057173736705181, 47.686450824634342 ], [ -69.050252256944418, 47.688689587578388 ], [ -69.043920603817767, 47.685761177618645 ], [ -69.044510830343896, 47.680594439959528 ], [ -69.051431415627775, 47.678355988106937 ] ] ] } },
{ "type": "Feature", "properties": { "hex_id": 983102, "centroid_lon": -69.049072438659394, "centroid_lat": 47.699023146209974, "occurrences_today": 3, "datetimes_today": "2026-04-26 12:46:38, 2026-04-26 12:57:41, 2026-04-26 13:16:47", "cumulative_total": 3.0 }, "geometry": { "type": "Polygon", "coordinates": [ [ [ -69.049662430281202, 47.693856372000162 ], [ -69.055995378369516, 47.696784517531974 ], [ -69.055405952016656, 47.701951348680531 ], [ -69.048482282020728, 47.70418991020582 ], [ -69.042148933709427, 47.701261329261541 ], [ -69.04273965555879, 47.696094622271666 ], [ -69.049662430281202, 47.693856372000162 ] ] ] } },
{ "type": "Feature", "properties": { "hex_id": 983103, "centroid_lon": -69.047301473459839, "centroid_lat": 47.714523407547645, "occurrences_today": 3, "datetimes_today": "2026-04-26 12:46:38, 2026-04-26 12:57:41, 2026-04-26 13:16:47", "cumulative_total": 3.0 }, "geometry": { "type": "Polygon", "coordinates": [ [ [ -69.04789196030697, 47.709356663985695 ], [ -69.054226604649955, 47.712284980367087 ], [ -69.053636683519684, 47.717451780901108 ], [ -69.046710821421016, 47.719690140889604 ], [ -69.040375776582053, 47.716761388860604 ], [ -69.040966994279387, 47.711594712558004 ], [ -69.04789196030697, 47.709356663985695 ] ] ] } },
{ "type": "Feature", "properties": { "hex_id": 983104, "centroid_lon": -69.045529021534904, "centroid_lat": 47.730023576905637, "occurrences_today": 3, "datetimes_today": "2026-04-26 12:46:38, 2026-04-26 12:57:41, 2026-04-26 13:16:47", "cumulative_total": 3.0 }, "geometry": { "type": "Polygon", "coordinates": [ [ [ -69.046120004132163, 47.724856864009595 ], [ -69.05245634607391, 47.727785351340643 ], [ -69.051865929641806, 47.732952121242178 ], [ -69.044937873570817, 47.735190279575704 ], [ -69.038601130859917, 47.732261356361704 ], [ -69.039192844930753, 47.727094710764455 ], [ -69.046120004132163, 47.724856864009595 ] ] ] } },
{ "type": "Feature", "properties": { "hex_id": 983703, "centroid_lon": -69.059213022201547, "centroid_lat": 47.551422682467852, "occurrences_today": 3, "datetimes_today": "2026-04-26 12:46:38, 2026-04-26 12:57:41, 2026-04-26 13:16:47", "cumulative_total": 3.0 }, "geometry": { "type": "Polygon", "coordinates": [ [ [ -69.059798977792326, 47.546255679760485 ], [ -69.066115434482924, 47.549182555348153 ], [ -69.065530039795803, 47.554349614740552 ], [ -69.058626903065715, 47.556589675005903 ], [ -69.052310049045246, 47.553662366191794 ], [ -69.052896729027253, 47.548495430405652 ], [ -69.059798977792326, 47.546255679760485 ] ] ] } },
{ "type": "Feature", "properties": { "hex_id": 983704, "centroid_lon": -69.057454173928818, "centroid_lat": 47.566923629566084, "occurrences_today": 3, "datetimes_today": "2026-04-26 12:46:38, 2026-04-26 12:57:41, 2026-04-26 13:16:47", "cumulative_total": 3.0 }, "geometry": { "type": "Polygon", "coordinates": [ [ [ -69.058040620327304, 47.561756657372634 ], [ -69.064358760172524, 47.564683703048409 ], [ -69.06377287512143, 47.56985073195991 ], [ -69.056867563812673, 47.572090591584242 ], [ -69.050549026366525, 47.56916311244828 ], [ -69.051136197772493, 47.563996207215098 ], [ -69.058040620327304, 47.561756657372634 ] ] ] } },
{ "type": "Feature", "properties": { "hex_id": 983710, "centroid_lon": -69.046870087117469, "centroid_lat": 47.659927387152209, "occurrences_today": 3, "datetimes_today": "2026-04-26 12:46:38, 2026-04-26 12:57:41, 2026-04-26 13:16:47", "cumulative_total": 3.0 }, "geometry": { "type": "Polygon", "coordinates": [ [ [ -69.04745948926886, 47.654760598417667 ], [ -69.053787756050085, 47.657688666708339 ], [ -69.053198917917328, 47.662855512359975 ], [ -69.046280520207404, 47.665094165675661 ], [ -69.03995185419528, 47.662165662519143 ], [ -69.040541985065886, 47.656998940979932 ], [ -69.04745948926886, 47.654760598417667 ] ] ] } },
{ "type": "Feature", "properties": { "hex_id": 983711, "centroid_lon": -69.045100891878775, "centroid_lat": 47.675427692081321, "occurrences_today": 3, "datetimes_today": "2026-04-26 12:46:38, 2026-04-26 12:57:41, 2026-04-26 13:16:47", "cumulative_total": 3.0 }, "geometry": { "type": "Polygon", "coordinates": [ [ [ -69.045690788480542, 47.670260933986022 ], [ -69.052020747764246, 47.673189173061253 ], [ -69.051431415627775, 47.678355988106937 ], [ -69.044510830343896, 47.680594439959528 ], [ -69.038180471557055, 47.677665765783651 ], [ -69.038771097499051, 47.672499074923003 ], [ -69.045690788480542, 47.670260933986022 ] ] ] } },
{ "type": "Feature", "properties": { "hex_id": 983712, "centroid_lon": -69.04333021224214, "centroid_lat": 47.690927905056697, "occurrences_today": 3, "datetimes_today": "2026-04-26 12:46:38, 2026-04-26 12:57:41, 2026-04-26 13:16:47", "cumulative_total": 3.0 }, "geometry": { "type": "Polygon", "coordinates": [ [ [ -69.043920603817767, 47.685761177618645 ], [ -69.050252256944418, 47.688689587578388 ], [ -69.049662430281202, 47.693856372000162 ], [ -69.04273965555879, 47.696094622271666 ], [ -69.036407602656595, 47.693165776976329 ], [ -69.03699872419412, 47.687999116812314 ], [ -69.043920603817767, 47.685761177618645 ] ] ] } },
{ "type": "Feature", "properties": { "hex_id": 983713, "centroid_lon": -69.041558046635728, "centroid_lat": 47.706428026024312, "occurrences_today": 3, "datetimes_today": "2026-04-26 12:46:38, 2026-04-26 12:57:41, 2026-04-26 13:16:47", "cumulative_total": 3.0 }, "geometry": { "type": "Polygon", "coordinates": [ [ [ -69.042148933709427, 47.701261329261541 ], [ -69.048482282020728, 47.70418991020582 ], [ -69.04789196030697, 47.709356663985695 ], [ -69.040966994279387, 47.711594712558004 ], [ -69.034633245919977, 47.708665696043013 ], [ -69.035224863577895, 47.7034990665937 ], [ -69.042148933709427, 47.701261329261541 ] ] ] } },
{ "type": "Feature", "properties": { "hex_id": 983714, "centroid_lon": -69.039784393485306, "centroid_lat": 47.721928054930089, "occurrences_today": 3, "datetimes_today": "2026-04-26 12:46:38, 2026-04-26 12:57:41, 2026-04-26 13:16:47", "cumulative_total": 3.0 }, "geometry": { "type": "Polygon", "coordinates": [ [ [ -69.040375776582053, 47.716761388860604 ], [ -69.046710821421016, 47.719690140889604 ], [ -69.046120004132163, 47.724856864009595 ], [ -69.039192844930753, 47.727094710764455 ], [ -69.032857399770933, 47.724165522929503 ], [ -69.033449514074945, 47.718998924212933 ], [ -69.040375776582053, 47.716761388860604 ] ] ] } },
{ "type": "Feature", "properties": { "hex_id": 983715, "centroid_lon": -69.038009251214348, "centroid_lat": 47.737427991719827, "occurrences_today": 3, "datetimes_today": "2026-04-26 12:46:38, 2026-04-26 12:57:41, 2026-04-26 13:16:47", "cumulative_total": 3.0 }, "geometry": { "type": "Polygon", "coordinates": [ [ [ -69.038601130859917, 47.732261356361704 ], [ -69.044937873570817, 47.735190279575704 ], [ -69.044346560181509, 47.740356972017786 ], [ -69.037417205935554, 47.742594616836818 ], [ -69.031080062630906, 47.739665257581457 ], [ -69.03167267410744, 47.734498689615776 ], [ -69.038601130859917, 47.732261356361704 ] ] ] } },
{ "type": "Feature", "properties": { "hex_id": 984314, "centroid_lon": -69.051723205312854, "centroid_lat": 47.558829291795604, "occurrences_today": 3, "datetimes_today": "2026-04-26 12:46:38, 2026-04-26 12:57:41, 2026-04-26 13:16:47", "cumulative_total": 3.0 }, "geometry": { "type": "Polygon", "coordinates": [ [ [ -69.052310049045246, 47.553662366191794 ], [ -69.058626903065715, 47.556589675005903 ], [ -69.058040620327304, 47.561756657372634 ], [ -69.051136197772493, 47.563996207215098 ], [ -69.044818946594816, 47.561068465017186 ], [ -69.045406515071576, 47.555901606427497 ], [ -69.052310049045246, 47.553662366191794 ] ] ] } },
{ "type": "Feature", "properties": { "hex_id": 984315, "centroid_lon": -69.049961691037325, "centroid_lat": 47.57433000749316, "occurrences_today": 3, "datetimes_today": "2026-04-26 12:46:38, 2026-04-26 12:57:41, 2026-04-26 13:16:47", "cumulative_total": 3.0 }, "geometry": { "type": "Polygon", "coordinates": [ [ [ -69.050549026366525, 47.56916311244828 ], [ -69.056867563812673, 47.572090591584242 ], [ -69.05628078992126, 47.577257543425155 ], [ -69.049374191727225, 47.579496892347805 ], [ -69.043055256853023, 47.576568979594185 ], [ -69.043643317543228, 47.571402151602506 ], [ -69.050549026366525, 47.56916311244828 ] ] ] } },
{ "type": "Feature", "properties": { "hex_id": 984321, "centroid_lon": -69.039361558359076, "centroid_lat": 47.667332373834171, "occurrences_today": 3, "datetimes_today": "2026-04-26 12:46:38, 2026-04-26 12:57:41, 2026-04-26 13:16:47", "cumulative_total": 3.0 }, "geometry": { "type": "Polygon", "coordinates": [ [ [ -69.03995185419528, 47.662165662519143 ], [ -69.046280520207404, 47.665094165675661 ], [ -69.045690788480542, 47.670260933986022 ], [ -69.038771097499051, 47.672499074923003 ], [ -69.032442032430453, 47.669570136742671 ], [ -69.033033057341626, 47.664403492716332 ], [ -69.03995185419528, 47.662165662519143 ] ] ] } },
{ "type": "Feature", "properties": { "hex_id": 984322, "centroid_lon": -69.037589680474838, "centroid_lat": 47.682832446414089, "occurrences_today": 3, "datetimes_today": "2026-04-26 12:46:38, 2026-04-26 12:57:41, 2026-04-26 13:16:47", "cumulative_total": 3.0 }, "geometry": { "type": "Polygon", "coordinates": [ [ [ -69.038180471557055, 47.677665765783651 ], [ -69.044510830343896, 47.680594439959528 ], [ -69.043920603817767, 47.685761177618645 ], [ -69.03699872419412, 47.687999116812314 ], [ -69.030667966078795, 47.685070007377732 ], [ -69.031259486857337, 47.679903394075382 ], [ -69.038180471557055, 47.677665765783651 ] ] ] } },
{ "type": "Feature", "properties": { "hex_id": 984323, "centroid_lon": -69.035816315803984, "centroid_lat": 47.69833242690413, "occurrences_today": 3, "datetimes_today": "2026-04-26 12:46:38, 2026-04-26 12:57:41, 2026-04-26 13:16:47", "cumulative_total": 3.0 }, "geometry": { "type": "Polygon", "coordinates": [ [ [ -69.036407602656595, 47.693165776976329 ], [ -69.04273965555879, 47.696094622271666 ], [ -69.042148933709427, 47.701261329261541 ], [ -69.035224863577895, 47.7034990665937 ], [ -69.028892411075105, 47.700569785804618 ], [ -69.029484428246064, 47.695403203244354 ], [ -69.036407602656595, 47.693165776976329 ] ] ] } },
{ "type": "Feature", "properties": { "hex_id": 984324, "centroid_lon": -69.034041462771796, "centroid_lat": 47.713832315250116, "occurrences_today": 3, "datetimes_today": "2026-04-26 12:46:38, 2026-04-26 12:57:41, 2026-04-26 13:16:47", "cumulative_total": 3.0 }, "geometry": { "type": "Polygon", "coordinates": [ [ [ -69.034633245919977, 47.708665696043013 ], [ -69.040966994279387, 47.711594712558004 ], [ -69.040375776582053, 47.716761388860604 ], [ -69.033449514074945, 47.718998924212933 ], [ -69.027115365842604, 47.716069471969021 ], [ -69.027707879931839, 47.710902920168955 ], [ -69.034633245919977, 47.708665696043013 ] ] ] } },
{ "type": "Feature", "properties": { "hex_id": 984325, "centroid_lon": -69.032265119801266, "centroid_lat": 47.729332111397788, "occurrences_today": 3, "datetimes_today": "2026-04-26 12:46:38, 2026-04-26 12:57:41, 2026-04-26 13:16:47", "cumulative_total": 3.0 }, "geometry": { "type": "Polygon", "coordinates": [ [ [ -69.032857399770933, 47.724165522929503 ], [ -69.039192844930753, 47.727094710764455 ], [ -69.038601130859917, 47.732261356361704 ], [ -69.03167267410744, 47.734498689615776 ], [ -69.025336828802239, 47.731569065816537 ], [ -69.025929840336346, 47.726402544794823 ], [ -69.032857399770933, 47.724165522929503 ] ] ] } },
{ "type": "Feature", "properties": { "hex_id": 984925, "centroid_lon": -69.044231214104585, "centroid_lat": 47.566235313409514, "occurrences_today": 3, "datetimes_today": "2026-04-26 12:46:38, 2026-04-26 12:57:41, 2026-04-26 13:16:47", "cumulative_total": 3.0 }, "geometry": { "type": "Polygon", "coordinates": [ [ [ -69.044818946594816, 47.561068465017186 ], [ -69.051136197772493, 47.563996207215098 ], [ -69.050549026366525, 47.56916311244828 ], [ -69.043643317543228, 47.571402151602506 ], [ -69.037325669381289, 47.568473975863363 ], [ -69.037914126969198, 47.56330719457813 ], [ -69.044818946594816, 47.561068465017186 ] ] ] } },
{ "type": "Feature", "properties": { "hex_id": 984926, "centroid_lon": -69.042467031976201, "centroid_lat": 47.581735797382557, "occurrences_today": 3, "datetimes_today": "2026-04-26 12:46:38, 2026-04-26 12:57:41, 2026-04-26 13:16:47", "cumulative_total": 3.0 }, "geometry": { "type": "Polygon", "coordinates": [ [ [ -69.043055256853023, 47.576568979594185 ], [ -69.049374191727225, 47.579496892347805 ], [ -69.048786528378514, 47.584663767010163 ], [ -69.041878642855039, 47.586902604965601 ], [ -69.035559310725986, 47.583974258436832 ], [ -69.036148261317493, 47.578807507794714 ], [ -69.043055256853023, 47.576568979594185 ] ] ] } },
{ "type": "Feature", "properties": { "hex_id": 984931, "centroid_lon": -69.03362391708022, "centroid_lat": 47.659236838452678, "occurrences_today": 3, "datetimes_today": "2026-04-26 12:46:38, 2026-04-26 12:57:41, 2026-04-26 13:16:47", "cumulative_total": 3.0 }, "geometry": { "type": "Polygon", "coordinates": [ [ [ -69.034214611704471, 47.654070173953706 ], [ -69.040541985065886, 47.656998940979932 ], [ -69.03995185419528, 47.662165662519143 ], [ -69.033033057341626, 47.664403492716332 ], [ -69.026705285370014, 47.661474290743101 ], [ -69.027296708804045, 47.656307693586832 ], [ -69.034214611704471, 47.654070173953706 ] ] ] } },
{ "type": "Feature", "properties": { "hex_id": 984932, "centroid_lon": -69.031850842288449, "centroid_lat": 47.674736770529691, "occurrences_today": 3, "datetimes_today": "2026-04-26 12:46:38, 2026-04-26 12:57:41, 2026-04-26 13:16:47", "cumulative_total": 3.0 }, "geometry": { "type": "Polygon", "coordinates": [ [ [ -69.032442032430453, 47.669570136742671 ], [ -69.038771097499051, 47.672499074923003 ], [ -69.038180471557055, 47.677665765783651 ], [ -69.031259486857337, 47.679903394075382 ], [ -69.024930022907, 47.676974020713196 ], [ -69.025521942479813, 47.671807454308286 ], [ -69.032442032430453, 47.669570136742671 ] ] ] } },
{ "type": "Feature", "properties": { "hex_id": 984933, "centroid_lon": -69.030076279894502, "centroid_lat": 47.690236610434724, "occurrences_today": 3, "datetimes_today": "2026-04-26 12:46:38, 2026-04-26 12:57:41, 2026-04-26 13:16:47", "cumulative_total": 3.0 }, "geometry": { "type": "Polygon", "coordinates": [ [ [ -69.030667966078795, 47.685070007377732 ], [ -69.03699872419412, 47.687999116812314 ], [ -69.036407602656595, 47.693165776976329 ], [ -69.029484428246064, 47.695403203244354 ], [ -69.023153270977303, 47.692473658392949 ], [ -69.023745687214145, 47.687307122757545 ], [ -69.030667966078795, 47.685070007377732 ] ] ] } },
{ "type": "Feature", "properties": { "hex_id": 984934, "centroid_lon": -69.028300228323175, "centroid_lat": 47.705736358113477, "occurrences_today": 3, "datetimes_today": "2026-04-26 12:46:38, 2026-04-26 12:57:41, 2026-04-26 13:16:47", "cumulative_total": 3.0 }, "geometry": { "type": "Polygon", "coordinates": [ [ [ -69.028892411075105, 47.700569785804618 ], [ -69.035224863577895, 47.7034990665937 ], [ -69.034633245919977, 47.708665696043013 ], [ -69.027707879931839, 47.710902920168955 ], [ -69.021375028003689, 47.707973203727931 ], [ -69.02196794143056, 47.702806698880167 ], [ -69.028892411075105, 47.700569785804618 ] ] ] } },
{ "type": "Feature", "properties": { "hex_id": 984935, "centroid_lon": -69.026522685996952, "centroid_lat": 47.721236013511636, "occurrences_today": 3, "datetimes_today": "2026-04-26 12:46:38, 2026-04-26 12:57:41, 2026-04-26 13:16:47", "cumulative_total": 3.0 }, "geometry": { "type": "Polygon", "coordinates": [ [ [ -69.027115365842604, 47.716069471969021 ], [ -69.033449514074945, 47.718998924212933 ], [ -69.032857399770933, 47.724165522929503 ], [ -69.025929840336346, 47.726402544794823 ], [ -69.019595292406606, 47.723472656663688 ], [ -69.020188703550289, 47.718306182621724 ], [ -69.027115365842604, 47.716069471969021 ] ] ] } },
{ "type": "Feature", "properties": { "hex_id": 984936, "centroid_lon": -69.024743651335996, "centroid_lat": 47.73673557657478, "occurrences_today": 3, "datetimes_today": "2026-04-26 12:46:38, 2026-04-26 12:57:41, 2026-04-26 13:16:47", "cumulative_total": 3.0 }, "geometry": { "type": "Polygon", "coordinates": [ [ [ -69.025336828802239, 47.731569065816537 ], [ -69.03167267410744, 47.734498689615776 ], [ -69.031080062630906, 47.739665257581457 ], [ -69.024150307879012, 47.741902077067508 ], [ -69.017814062604174, 47.738972017145656 ], [ -69.018407971992204, 47.733805573927683 ], [ -69.025336828802239, 47.731569065816537 ] ] ] } },
{ "type": "Feature", "properties": { "hex_id": 985536, "centroid_lon": -69.036737047516652, "centroid_lat": 47.573640746936221, "occurrences_today": 3, "datetimes_today": "2026-04-26 12:46:38, 2026-04-26 12:57:41, 2026-04-26 13:16:47", "cumulative_total": 3.0 }, "geometry": { "type": "Polygon", "coordinates": [ [ [ -69.037325669381289, 47.568473975863363 ], [ -69.043643317543228, 47.571402151602506 ], [ -69.043055256853023, 47.576568979594185 ], [ -69.036148261317493, 47.578807507794714 ], [ -69.029830216344536, 47.575878898356926 ], [ -69.030419563660317, 47.570712194484173 ], [ -69.037325669381289, 47.568473975863363 ] ] ] } },
{ "type": "Feature", "properties": { "hex_id": 985537, "centroid_lon": -69.034970195684309, "centroid_lat": 47.589140998860586, "occurrences_today": 3, "datetimes_today": "2026-04-26 12:46:38, 2026-04-26 12:57:41, 2026-04-26 13:16:47", "cumulative_total": 3.0 }, "geometry": { "type": "Polygon", "coordinates": [ [ [ -69.035559310725986, 47.583974258436832 ], [ -69.041878642855039, 47.586902604965601 ], [ -69.041290089431698, 47.592069402341352 ], [ -69.03438091613458, 47.594307729063964 ], [ -69.028061186924205, 47.591378948602539 ], [ -69.028651028034375, 47.58621227541812 ], [ -69.035559310725986, 47.583974258436832 ] ] ] } },
{ "type": "Feature", "properties": { "hex_id": 985542, "centroid_lon": -69.026113696614715, "centroid_lat": 47.666640877650927, "occurrences_today": 3, "datetimes_today": "2026-04-26 12:46:38, 2026-04-26 12:57:41, 2026-04-26 13:16:47", "cumulative_total": 3.0 }, "geometry": { "type": "Polygon", "coordinates": [ [ [ -69.026705285370014, 47.661474290743101 ], [ -69.033033057341626, 47.664403492716332 ], [ -69.032442032430453, 47.669570136742671 ], [ -69.025521942479813, 47.671807454308286 ], [ -69.019193772072825, 47.668877817230118 ], [ -69.019786089993545, 47.663711297758411 ], [ -69.026705285370014, 47.661474290743101 ] ] ] } },
{ "type": "Feature", "properties": { "hex_id": 985543, "centroid_lon": -69.024337937837913, "centroid_lat": 47.682140576863617, "occurrences_today": 3, "datetimes_today": "2026-04-26 12:46:38, 2026-04-26 12:57:41, 2026-04-26 13:16:47", "cumulative_total": 3.0 }, "geometry": { "type": "Polygon", "coordinates": [ [ [ -69.024930022907, 47.676974020713196 ], [ -69.031259486857337, 47.679903394075382 ], [ -69.030667966078795, 47.685070007377732 ], [ -69.023745687214145, 47.687307122757545 ], [ -69.017415824557105, 47.684377314055517 ], [ -69.018008639413026, 47.679210825380707 ], [ -69.024930022907, 47.676974020713196 ] ] ] } },
{ "type": "Feature", "properties": { "hex_id": 985544, "centroid_lon": -69.022560689068925, "centroid_lat": 47.697640183767838, "occurrences_today": 3, "datetimes_today": "2026-04-26 12:46:38, 2026-04-26 12:57:41, 2026-04-26 13:16:47", "cumulative_total": 3.0 }, "geometry": { "type": "Polygon", "coordinates": [ [ [ -69.023153270977303, 47.692473658392949 ], [ -69.029484428246064, 47.695403203244354 ], [ -69.028892411075105, 47.700569785804618 ], [ -69.02196794143056, 47.702806698880167 ], [ -69.01563638518364, 47.699876718453872 ], [ -69.016229697500918, 47.694710260594121 ], [ -69.023153270977303, 47.692473658392949 ] ] ] } },
{ "type": "Feature", "properties": { "hex_id": 985545, "centroid_lon": -69.020781948729791, "centroid_lat": 47.713139698309142, "occurrences_today": 3, "datetimes_today": "2026-04-26 12:46:38, 2026-04-26 12:57:41, 2026-04-26 13:16:47", "cumulative_total": 3.0 }, "geometry": { "type": "Polygon", "coordinates": [ [ [ -69.021375028003689, 47.707973203727931 ], [ -69.027707879931839, 47.710902920168955 ], [ -69.027115365842604, 47.716069471969021 ], [ -69.020188703550289, 47.718306182621724 ], [ -69.01385545237234, 47.715376030370599 ], [ -69.014449262677928, 47.710209603344126 ], [ -69.021375028003689, 47.707973203727931 ] ] ] } },
{ "type": "Feature", "properties": { "hex_id": 985546, "centroid_lon": -69.019001715240123, "centroid_lat": 47.72863912043303, "occurrences_today": 3, "datetimes_today": "2026-04-26 12:46:38, 2026-04-26 12:57:41, 2026-04-26 13:16:47", "cumulative_total": 3.0 }, "geometry": { "type": "Polygon", "coordinates": [ [ [ -69.019595292406606, 47.723472656663688 ], [ -69.025929840336346, 47.726402544794823 ], [ -69.025336828802239, 47.731569065816537 ], [ -69.018407971992204, 47.733805573927683 ], [ -69.012073024540882, 47.730875249751072 ], [ -69.012667333362486, 47.725708853576101 ], [ -69.019595292406606, 47.723472656663688 ] ] ] } },
{ "type": "Feature", "properties": { "hex_id": 986147, "centroid_lon": -69.029240704488515, "centroid_lat": 47.581045592002255, "occurrences_today": 3, "datetimes_today": "2026-04-26 12:46:38, 2026-04-26 12:57:41, 2026-04-26 13:16:47", "cumulative_total": 3.0 }, "geometry": { "type": "Polygon", "coordinates": [ [ [ -69.029830216344536, 47.575878898356926 ], [ -69.036148261317493, 47.578807507794714 ], [ -69.035559310725986, 47.583974258436832 ], [ -69.028651028034375, 47.58621227541812 ], [ -69.022332586423985, 47.583283232124245 ], [ -69.022922824084731, 47.578116605772102 ], [ -69.029830216344536, 47.575878898356926 ] ] ] } },
{ "type": "Feature", "properties": { "hex_id": 986148, "centroid_lon": -69.027471181100026, "centroid_lat": 47.596545611553495, "occurrences_today": 3, "datetimes_today": "2026-04-26 12:46:38, 2026-04-26 12:57:41, 2026-04-26 13:16:47", "cumulative_total": 3.0 }, "geometry": { "type": "Polygon", "coordinates": [ [ [ -69.028061186924205, 47.591378948602539 ], [ -69.03438091613458, 47.594307729063964 ], [ -69.033791472018876, 47.599474449044955 ], [ -69.026881010503885, 47.601712264269004 ], [ -69.020560884386001, 47.598783049717419 ], [ -69.021151616632622, 47.593616454098907 ], [ -69.028061186924205, 47.591378948602539 ] ] ] } },
{ "type": "Feature", "properties": { "hex_id": 986152, "centroid_lon": -69.020378242385988, "centroid_lat": 47.658544768025095, "occurrences_today": 3, "datetimes_today": "2026-04-26 12:46:38, 2026-04-26 12:57:41, 2026-04-26 13:16:47", "cumulative_total": 3.0 }, "geometry": { "type": "Polygon", "coordinates": [ [ [ -69.020970229308503, 47.653378228032182 ], [ -69.027296708804045, 47.656307693586832 ], [ -69.026705285370014, 47.661474290743101 ], [ -69.019786089993545, 47.663711297758411 ], [ -69.013459212508607, 47.660781397175725 ], [ -69.014051928331199, 47.655614924672903 ], [ -69.020970229308503, 47.653378228032182 ] ] ] } },
{ "type": "Feature", "properties": { "hex_id": 986153, "centroid_lon": -69.018601288565449, "centroid_lat": 47.674044326438228, "occurrences_today": 3, "datetimes_today": "2026-04-26 12:46:38, 2026-04-26 12:57:41, 2026-04-26 13:16:47", "cumulative_total": 3.0 }, "geometry": { "type": "Polygon", "coordinates": [ [ [ -69.019193772072825, 47.668877817230118 ], [ -69.025521942479813, 47.671807454308286 ], [ -69.024930022907, 47.676974020713196 ], [ -69.018008639413026, 47.679210825380707 ], [ -69.011680070745754, 47.676280753039627 ], [ -69.012273283774306, 47.671114311361116 ], [ -69.019193772072825, 47.668877817230118 ] ] ] } },
{ "type": "Feature", "properties": { "hex_id": 986154, "centroid_lon": -69.016822843939238, "centroid_lat": 47.689543792460668, "occurrences_today": 3, "datetimes_today": "2026-04-26 12:46:38, 2026-04-26 12:57:41, 2026-04-26 13:16:47", "cumulative_total": 3.0 }, "geometry": { "type": "Polygon", "coordinates": [ [ [ -69.017415824557105, 47.684377314055517 ], [ -69.023745687214145, 47.687307122757545 ], [ -69.023153270977303, 47.692473658392949 ], [ -69.016229697500918, 47.694710260594121 ], [ -69.009899436312551, 47.691780016394212 ], [ -69.01049314707339, 47.686613605558215 ], [ -69.017415824557105, 47.684377314055517 ] ] ] } },
{ "type": "Feature", "properties": { "hex_id": 986155, "centroid_lon": -69.015042906928826, "centroid_lat": 47.705043166037868, "occurrences_today": 3, "datetimes_today": "2026-04-26 12:46:38, 2026-04-26 12:57:41, 2026-04-26 13:16:47", "cumulative_total": 3.0 }, "geometry": { "type": "Polygon", "coordinates": [ [ [ -69.01563638518364, 47.699876718453872 ], [ -69.02196794143056, 47.702806698880167 ], [ -69.021375028003689, 47.707973203727931 ], [ -69.014449262677928, 47.710209603344126 ], [ -69.008117307628467, 47.707279187184781 ], [ -69.008711516648688, 47.702112807209538 ], [ -69.01563638518364, 47.699876718453872 ] ] ] } },
{ "type": "Feature", "properties": { "hex_id": 986156, "centroid_lon": -69.013261475953414, "centroid_lat": 47.720542447115264, "occurrences_today": 3, "datetimes_today": "2026-04-26 12:46:38, 2026-04-26 12:57:41, 2026-04-26 13:16:47", "cumulative_total": 3.0 }, "geometry": { "type": "Polygon", "coordinates": [ [ [ -69.01385545237234, 47.715376030370599 ], [ -69.020188703550289, 47.718306182621724 ], [ -69.019595292406606, 47.723472656663688 ], [ -69.012667333362486, 47.725708853576101 ], [ -69.00633368311064, 47.722778265356645 ], [ -69.006928390918134, 47.717611916260381 ], [ -69.01385545237234, 47.715376030370599 ] ] ] } },
{ "type": "Feature", "properties": { "hex_id": 986759, "centroid_lon": -69.019969987161332, "centroid_lat": 47.603949635087339, "occurrences_today": 3, "datetimes_today": "2026-04-26 12:46:38, 2026-04-26 12:57:41, 2026-04-26 13:16:47", "cumulative_total": 3.0 }, "geometry": { "type": "Polygon", "coordinates": [ [ [ -69.020560884386001, 47.598783049717419 ], [ -69.026881010503885, 47.601712264269004 ], [ -69.02629067507776, 47.606878906747049 ], [ -69.019378924900565, 47.609116210206714 ], [ -69.01305840204931, 47.606186561407412 ], [ -69.013650026050527, 47.60102004346313 ], [ -69.020560884386001, 47.598783049717419 ] ] ] } },
{ "type": "Feature", "properties": { "hex_id": 986762, "centroid_lon": -69.014644478535317, "centroid_lat": 47.650448441899321, "occurrences_today": 3, "datetimes_today": "2026-04-26 12:46:38, 2026-04-26 12:57:41, 2026-04-26 13:16:47", "cumulative_total": 3.0 }, "geometry": { "type": "Polygon", "coordinates": [ [ [ -69.015236863179311, 47.645281948857061 ], [ -69.021562050819412, 47.648211677781724 ], [ -69.020970229308503, 47.653378228032182 ], [ -69.014051928331199, 47.655614924672903 ], [ -69.007726343147326, 47.652684760797101 ], [ -69.008319456426179, 47.647518335298813 ], [ -69.015236863179311, 47.645281948857061 ] ] ] } },
{ "type": "Feature", "properties": { "hex_id": 986763, "centroid_lon": -69.012866331009107, "centroid_lat": 47.665947859405804, "occurrences_today": 3, "datetimes_today": "2026-04-26 12:46:38, 2026-04-26 12:57:41, 2026-04-26 13:16:47", "cumulative_total": 3.0 }, "geometry": { "type": "Polygon", "coordinates": [ [ [ -69.013459212508607, 47.660781397175725 ], [ -69.019786089993545, 47.663711297758411 ], [ -69.019193772072825, 47.668877817230118 ], [ -69.012273283774306, 47.671114311361116 ], [ -69.005946008475121, 47.668183975592513 ], [ -69.006539619230253, 47.663017580945976 ], [ -69.013459212508607, 47.660781397175725 ] ] ] } },
{ "type": "Feature", "properties": { "hex_id": 986764, "centroid_lon": -69.011086691864961, "centroid_lat": 47.681447184439342, "occurrences_today": 3, "datetimes_today": "2026-04-26 12:46:38, 2026-04-26 12:57:41, 2026-04-26 13:16:47", "cumulative_total": 3.0 }, "geometry": { "type": "Polygon", "coordinates": [ [ [ -69.011680070745754, 47.676280753039627 ], [ -69.018008639413026, 47.679210825380707 ], [ -69.017415824557105, 47.684377314055517 ], [ -69.01049314707339, 47.686613605558215 ], [ -69.00416418032124, 47.683683097796305 ], [ -69.004758289079163, 47.678516734019723 ], [ -69.011680070745754, 47.676280753039627 ] ] ] } },
{ "type": "Feature", "properties": { "hex_id": 986765, "centroid_lon": -69.009305559523852, "centroid_lat": 47.696946416945323, "occurrences_today": 3, "datetimes_today": "2026-04-26 12:46:38, 2026-04-26 12:57:41, 2026-04-26 13:16:47", "cumulative_total": 3.0 }, "geometry": { "type": "Polygon", "coordinates": [ [ [ -69.009899436312551, 47.691780016394212 ], [ -69.016229697500918, 47.694710260594121 ], [ -69.01563638518364, 47.699876718453872 ], [ -69.008711516648688, 47.702112807209538 ], [ -69.002380857104669, 47.699182127353708 ], [ -69.002975464392634, 47.694015794465336 ], [ -69.009899436312551, 47.691780016394212 ] ] ] } },
{ "type": "Feature", "properties": { "hex_id": 986766, "centroid_lon": -69.007522932404513, "centroid_lat": 47.712445556869092, "occurrences_today": 3, "datetimes_today": "2026-04-26 12:46:38, 2026-04-26 12:57:41, 2026-04-26 13:16:47", "cumulative_total": 3.0 }, "geometry": { "type": "Polygon", "coordinates": [ [ [ -69.008117307628467, 47.707279187184781 ], [ -69.014449262677928, 47.710209603344126 ], [ -69.01385545237234, 47.715376030370599 ], [ -69.006928390918134, 47.717611916260381 ], [ -69.000596037242062, 47.714681064209913 ], [ -69.001191143588102, 47.709514762228025 ], [ -69.008117307628467, 47.707279187184781 ] ] ] } },
{ "type": "Feature", "properties": { "hex_id": 986767, "centroid_lon": -69.005738808923283, "centroid_lat": 47.727944604155866, "occurrences_today": 3, "datetimes_today": "2026-04-26 12:46:38, 2026-04-26 12:57:41, 2026-04-26 13:16:47", "cumulative_total": 3.0 }, "geometry": { "type": "Polygon", "coordinates": [ [ [ -69.00633368311064, 47.722778265356645 ], [ -69.012667333362486, 47.725708853576101 ], [ -69.012073024540882, 47.730875249751072 ], [ -69.005143768297287, 47.733110932655983 ], [ -68.998809719147715, 47.730179908310014 ], [ -68.999405325080659, 47.725013637252928 ], [ -69.00633368311064, 47.722778265356645 ] ] ] } },
{ "type": "Feature", "properties": { "hex_id": 987370, "centroid_lon": -69.01246661280581, "centroid_lat": 47.611353069087983, "occurrences_today": 3, "datetimes_today": "2026-04-26 12:46:38, 2026-04-26 12:57:41, 2026-04-26 13:16:47", "cumulative_total": 3.0 }, "geometry": { "type": "Polygon", "coordinates": [ [ [ -69.01305840204931, 47.606186561407412 ], [ -69.019378924900565, 47.609116210206714 ], [ -69.018787697545577, 47.614282775073484 ], [ -69.011874658261846, 47.616519566502845 ], [ -69.00555373885166, 47.613589483298291 ], [ -69.006146255225943, 47.608423043136618 ], [ -69.01305840204931, 47.606186561407412 ] ] ] } },
{ "type": "Feature", "properties": { "hex_id": 987373, "centroid_lon": -69.007133064101509, "centroid_lat": 47.65785117601348, "occurrences_today": 3, "datetimes_today": "2026-04-26 12:46:38, 2026-04-26 12:57:41, 2026-04-26 13:16:47", "cumulative_total": 3.0 }, "geometry": { "type": "Polygon", "coordinates": [ [ [ -69.007726343147326, 47.652684760797101 ], [ -69.014051928331199, 47.655614924672903 ], [ -69.013459212508607, 47.660781397175725 ], [ -69.006539619230253, 47.663017580945976 ], [ -69.000213636677813, 47.660086981961229 ], [ -69.000807644713817, 47.654920634382286 ], [ -69.007726343147326, 47.652684760797101 ] ] ] } },
{ "type": "Feature", "properties": { "hex_id": 987374, "centroid_lon": -69.005352231777593, "centroid_lat": 47.673350359951108, "occurrences_today": 3, "datetimes_today": "2026-04-26 12:46:38, 2026-04-26 12:57:41, 2026-04-26 13:16:47", "cumulative_total": 3.0 }, "geometry": { "type": "Polygon", "coordinates": [ [ [ -69.005946008475121, 47.668183975592513 ], [ -69.012273283774306, 47.671114311361116 ], [ -69.011680070745754, 47.676280753039627 ], [ -69.004758289079163, 47.678516734019723 ], [ -68.998430616141192, 47.675585962907313 ], [ -68.99902512245005, 47.67041964622576 ], [ -69.005946008475121, 47.668183975592513 ] ] ] } },
{ "type": "Feature", "properties": { "hex_id": 987375, "centroid_lon": -69.003569905445275, "centroid_lat": 47.688849451278863, "occurrences_today": 3, "datetimes_today": "2026-04-26 12:46:38, 2026-04-26 12:57:41, 2026-04-26 13:16:47", "cumulative_total": 3.0 }, "geometry": { "type": "Polygon", "coordinates": [ [ [ -69.00416418032124, 47.683683097796305 ], [ -69.01049314707339, 47.686613605558215 ], [ -69.009899436312551, 47.691780016394212 ], [ -69.002975464392634, 47.694015794465336 ], [ -68.99664609973135, 47.691084851124607 ], [ -68.997241104840484, 47.685918565358769 ], [ -69.00416418032124, 47.683683097796305 ] ] ] } },
{ "type": "Feature", "properties": { "hex_id": 987376, "centroid_lon": -69.001786083522731, "centroid_lat": 47.704348449941939, "occurrences_today": 3, "datetimes_today": "2026-04-26 12:46:38, 2026-04-26 12:57:41, 2026-04-26 13:16:47", "cumulative_total": 3.0 }, "geometry": { "type": "Polygon", "coordinates": [ [ [ -69.002380857104669, 47.699182127353708 ], [ -69.008711516648688, 47.702112807209538 ], [ -69.008117307628467, 47.707279187184781 ], [ -69.001191143588102, 47.709514762228025 ], [ -68.994860085864403, 47.706583646558201 ], [ -68.995455590302043, 47.701417391726373 ], [ -69.002380857104669, 47.699182127353708 ] ] ] } },
{ "type": "Feature", "properties": { "hex_id": 987377, "centroid_lon": -69.000000764425849, "centroid_lat": 47.719847355885548, "occurrences_today": 3, "datetimes_today": "2026-04-26 12:46:38, 2026-04-26 12:57:41, 2026-04-26 13:16:47", "cumulative_total": 3.0 }, "geometry": { "type": "Polygon", "coordinates": [ [ [ -69.000596037242062, 47.714681064209913 ], [ -69.006928390918134, 47.717611916260381 ], [ -69.00633368311064, 47.722778265356645 ], [ -68.999405325080659, 47.725013637252928 ], [ -68.993072572954233, 47.722082349153162 ], [ -68.993668577249323, 47.716916125273649 ], [ -69.000596037242062, 47.714681064209913 ] ] ] } },
{ "type": "Feature", "properties": { "hex_id": 987981, "centroid_lon": -69.004961056970615, "centroid_lat": 47.61875591318109, "occurrences_today": 3, "datetimes_today": "2026-04-26 12:46:38, 2026-04-26 12:57:41, 2026-04-26 13:16:47", "cumulative_total": 3.0 }, "geometry": { "type": "Polygon", "coordinates": [ [ [ -69.00555373885166, 47.613589483298291 ], [ -69.011874658261846, 47.616519566502845 ], [ -69.011282538359197, 47.621686053649967 ], [ -69.0043682095245, 47.623922332783003 ], [ -68.99804689373012, 47.62099181501565 ], [ -68.998640303096323, 47.615825452745057 ], [ -69.00555373885166, 47.613589483298291 ] ] ] } },
{ "type": "Feature", "properties": { "hex_id": 987983, "centroid_lon": -69.001401486775947, "centroid_lat": 47.649754276508261, "occurrences_today": 3, "datetimes_today": "2026-04-26 12:46:38, 2026-04-26 12:57:41, 2026-04-26 13:16:47", "cumulative_total": 3.0 }, "geometry": { "type": "Polygon", "coordinates": [ [ [ -69.001995162922682, 47.644587908341194 ], [ -69.008319456426179, 47.647518335298813 ], [ -69.007726343147326, 47.652684760797101 ], [ -69.000807644713817, 47.654920634382286 ], [ -68.994482954287051, 47.651989772392717 ], [ -68.9950773591586, 47.646823471916974 ], [ -69.001995162922682, 47.644587908341194 ] ] ] } },
{ "type": "Feature", "properties": { "hex_id": 987984, "centroid_lon": -68.999619462609402, "centroid_lat": 47.665253319243064, "occurrences_today": 3, "datetimes_today": "2026-04-26 12:46:38, 2026-04-26 12:57:41, 2026-04-26 13:16:47", "cumulative_total": 3.0 }, "geometry": { "type": "Polygon", "coordinates": [ [ [ -69.000213636677813, 47.660086981961229 ], [ -69.006539619230253, 47.663017580945976 ], [ -69.005946008475121, 47.668183975592513 ], [ -68.99902512245005, 47.67041964622576 ], [ -68.992698742704562, 47.667488611974285 ], [ -68.993293646118616, 47.662322342423415 ], [ -69.000213636677813, 47.660086981961229 ] ] ] } },
{ "type": "Feature", "properties": { "hex_id": 987985, "centroid_lon": -68.997835943624224, "centroid_lat": 47.680752269285648, "occurrences_today": 3, "datetimes_today": "2026-04-26 12:46:38, 2026-04-26 12:57:41, 2026-04-26 13:16:47", "cumulative_total": 3.0 }, "geometry": { "type": "Polygon", "coordinates": [ [ [ -68.998430616141192, 47.675585962907313 ], [ -69.004758289079163, 47.678516734019723 ], [ -69.00416418032124, 47.683683097796305 ], [ -68.997241104840484, 47.685918565358769 ], [ -68.990913034439529, 47.682987358744661 ], [ -68.991508436923681, 47.677821120136954 ], [ -68.998430616141192, 47.675585962907313 ] ] ] } },
{ "type": "Feature", "properties": { "hex_id": 987986, "centroid_lon": -68.996050928238105, "centroid_lat": 47.696251126581153, "occurrences_today": 3, "datetimes_today": "2026-04-26 12:46:38, 2026-04-26 12:57:41, 2026-04-26 13:16:47", "cumulative_total": 3.0 }, "geometry": { "type": "Polygon", "coordinates": [ [ [ -68.99664609973135, 47.691084851124607 ], [ -69.002975464392634, 47.694015794465336 ], [ -69.002380857104669, 47.699182127353708 ], [ -68.995455590302043, 47.701417391726373 ], [ -68.989125827907642, 47.698486012648864 ], [ -68.989721729990265, 47.693319805002666 ], [ -68.99664609973135, 47.691084851124607 ] ] ] } },
{ "type": "Feature", "properties": { "hex_id": 987987, "centroid_lon": -68.994264414866436, "centroid_lat": 47.711749891074668, "occurrences_today": 3, "datetimes_today": "2026-04-26 12:46:38, 2026-04-26 12:57:41, 2026-04-26 13:16:47", "cumulative_total": 3.0 }, "geometry": { "type": "Polygon", "coordinates": [ [ [ -68.994860085864403, 47.706583646558201 ], [ -69.001191143588102, 47.709514762228025 ], [ -69.000596037242062, 47.714681064209913 ], [ -68.993668577249323, 47.716916125273649 ], [ -68.987337121522259, 47.713984573631805 ], [ -68.987933523732494, 47.708818396965476 ], [ -68.994860085864403, 47.706583646558201 ] ] ] } },
{ "type": "Feature", "properties": { "hex_id": 988593, "centroid_lon": -68.995671597966435, "centroid_lat": 47.641657161137012, "occurrences_today": 3, "datetimes_today": "2026-04-26 12:46:38, 2026-04-26 12:57:41, 2026-04-26 13:16:47", "cumulative_total": 3.0 }, "geometry": { "type": "Polygon", "coordinates": [ [ [ -68.99626567076902, 47.636490840054883 ], [ -69.002588673212486, 47.639421529883101 ], [ -69.001995162922682, 47.644587908341194 ], [ -68.9950773591586, 47.646823471916974 ], [ -68.988753960236807, 47.643892347133786 ], [ -68.989348761498931, 47.638726093796812 ], [ -68.99626567076902, 47.636490840054883 ] ] ] } },
{ "type": "Feature", "properties": { "hex_id": 988594, "centroid_lon": -68.993888383293253, "centroid_lat": 47.657156062562201, "occurrences_today": 3, "datetimes_today": "2026-04-26 12:46:38, 2026-04-26 12:57:41, 2026-04-26 13:16:47", "cumulative_total": 3.0 }, "geometry": { "type": "Polygon", "coordinates": [ [ [ -68.994482954287051, 47.651989772392717 ], [ -69.000807644713817, 47.654920634382286 ], [ -69.000213636677813, 47.660086981961229 ], [ -68.993293646118616, 47.662322342423415 ], [ -68.98696855894417, 47.659391045244142 ], [ -68.987563859018024, 47.654224822859483 ], [ -68.994482954287051, 47.651989772392717 ] ] ] } },
{ "type": "Feature", "properties": { "hex_id": 988595, "centroid_lon": -68.992103672992457, "centroid_lat": 47.672654871212814, "occurrences_today": 3, "datetimes_today": "2026-04-26 12:46:38, 2026-04-26 12:57:41, 2026-04-26 13:16:47", "cumulative_total": 3.0 }, "geometry": { "type": "Polygon", "coordinates": [ [ [ -68.992698742704562, 47.667488611974285 ], [ -68.99902512245005, 47.67041964622576 ], [ -68.998430616141192, 47.675585962907313 ], [ -68.991508436923681, 47.677821120136954 ], [ -68.985181660160961, 47.674889650460884 ], [ -68.985777459574322, 47.669723459046871 ], [ -68.992698742704562, 47.667488611974285 ] ] ] } },
{ "type": "Feature", "properties": { "hex_id": 988596, "centroid_lon": -68.990317465481311, "centroid_lat": 47.688153587033909, "occurrences_today": 3, "datetimes_today": "2026-04-26 12:46:38, 2026-04-26 12:57:41, 2026-04-26 13:16:47", "cumulative_total": 3.0 }, "geometry": { "type": "Polygon", "coordinates": [ [ [ -68.990913034439529, 47.682987358744661 ], [ -68.997241104840484, 47.685918565358769 ], [ -68.99664609973135, 47.691084851124607 ], [ -68.989721729990265, 47.693319805002666 ], [ -68.983393262302414, 47.690388162728951 ], [ -68.983989561583783, 47.685222002303959 ], [ -68.990913034439529, 47.682987358744661 ] ] ] } },
{ "type": "Feature", "properties": { "hex_id": 988597, "centroid_lon": -68.988529759174668, "centroid_lat": 47.703652209970478, "occurrences_today": 3, "datetimes_today": "2026-04-26 12:46:38, 2026-04-26 12:57:41, 2026-04-26 13:16:47", "cumulative_total": 3.0 }, "geometry": { "type": "Polygon", "coordinates": [ [ [ -68.989125827907642, 47.698486012648864 ], [ -68.995455590302043, 47.701417391726373 ], [ -68.994860085864403, 47.706583646558201 ], [ -68.987933523732494, 47.708818396965476 ], [ -68.981603363781346, 47.705886581993163 ], [ -68.98220016346005, 47.700720452575602 ], [ -68.989125827907642, 47.698486012648864 ] ] ] } },
{ "type": "Feature", "properties": { "hex_id": 988598, "centroid_lon": -68.986740552485131, "centroid_lat": 47.719150739967418, "occurrences_today": 3, "datetimes_today": "2026-04-26 12:46:38, 2026-04-26 12:57:41, 2026-04-26 13:16:47", "cumulative_total": 3.0 }, "geometry": { "type": "Polygon", "coordinates": [ [ [ -68.987337121522259, 47.713984573631805 ], [ -68.993668577249323, 47.716916125273649 ], [ -68.993072572954233, 47.722082349153162 ], [ -68.986143816562148, 47.72431689597029 ], [ -68.979811963008316, 47.721384908198317 ], [ -68.980409263614433, 47.71621880980657 ], [ -68.987337121522259, 47.713984573631805 ] ] ] } },
{ "type": "Feature", "properties": { "hex_id": 989205, "centroid_lon": -68.986373092482495, "centroid_lat": 47.66455725730728, "occurrences_today": 3, "datetimes_today": "2026-04-26 12:46:38, 2026-04-26 12:57:41, 2026-04-26 13:16:47", "cumulative_total": 3.0 }, "geometry": { "type": "Polygon", "coordinates": [ [ [ -68.98696855894417, 47.659391045244142 ], [ -68.993293646118616, 47.662322342423415 ], [ -68.992698742704562, 47.667488611974285 ], [ -68.985777459574322, 47.669723459046871 ], [ -68.979451975828084, 47.666791726520167 ], [ -68.980048171725187, 47.661625582335418 ], [ -68.98696855894417, 47.659391045244142 ] ] ] } },
{ "type": "Feature", "properties": { "hex_id": 989206, "centroid_lon": -68.984585694183707, "centroid_lat": 47.680055831547257, "occurrences_today": 3, "datetimes_today": "2026-04-26 12:46:38, 2026-04-26 12:57:41, 2026-04-26 13:16:47", "cumulative_total": 3.0 }, "geometry": { "type": "Polygon", "coordinates": [ [ [ -68.985181660160961, 47.674889650460884 ], [ -68.991508436923681, 47.677821120136954 ], [ -68.990913034439529, 47.682987358744661 ], [ -68.983989561583783, 47.685222002303959 ], [ -68.977662387980004, 47.682290097045488 ], [ -68.978259084014269, 47.677123983877266 ], [ -68.985181660160961, 47.674889650460884 ] ] ] } },
{ "type": "Feature", "properties": { "hex_id": 989208, "centroid_lon": -68.981006397185794, "centroid_lat": 47.711052701070855, "occurrences_today": 3, "datetimes_today": "2026-04-26 12:46:38, 2026-04-26 12:57:41, 2026-04-26 13:16:47", "cumulative_total": 3.0 }, "geometry": { "type": "Polygon", "coordinates": [ [ [ -68.981603363781346, 47.705886581993163 ], [ -68.987933523732494, 47.708818396965476 ], [ -68.987337121522259, 47.713984573631805 ], [ -68.980409263614433, 47.71621880980657 ], [ -68.974078706283208, 47.713286558781476 ], [ -68.974676404180968, 47.708120507701601 ], [ -68.981603363781346, 47.705886581993163 ] ] ] } },
{ "type": "Feature", "properties": { "hex_id": 989815, "centroid_lon": -68.980644201027445, "centroid_lat": 47.656459427815889, "occurrences_today": 3, "datetimes_today": "2026-04-26 12:46:38, 2026-04-26 12:57:41, 2026-04-26 13:16:47", "cumulative_total": 3.0 }, "geometry": { "type": "Polygon", "coordinates": [ [ [ -68.98124006379355, 47.651293262963669 ], [ -68.987563859018024, 47.654224822859483 ], [ -68.98696855894417, 47.659391045244142 ], [ -68.980048171725187, 47.661625582335418 ], [ -68.973723980373975, 47.658693587169282 ], [ -68.974320572309765, 47.65352749024926 ], [ -68.98124006379355, 47.651293262963669 ] ] ] } },
{ "type": "Feature", "properties": { "hex_id": 989816, "centroid_lon": -68.978855613277361, "centroid_lat": 47.671957860368138, "occurrences_today": 3, "datetimes_today": "2026-04-26 12:46:38, 2026-04-26 12:57:41, 2026-04-26 13:16:47", "cumulative_total": 3.0 }, "geometry": { "type": "Polygon", "coordinates": [ [ [ -68.979451975828084, 47.666791726520167 ], [ -68.985777459574322, 47.669723459046871 ], [ -68.985181660160961, 47.674889650460884 ], [ -68.978259084014269, 47.677123983877266 ], [ -68.971933203872439, 47.674191815845326 ], [ -68.972530296214117, 47.669025749969357 ], [ -68.979451975828084, 47.666791726520167 ] ] ] } },
{ "type": "Feature", "properties": { "hex_id": 989817, "centroid_lon": -68.977065525115734, "centroid_lat": 47.687456199870788, "occurrences_today": 3, "datetimes_today": "2026-04-26 12:46:38, 2026-04-26 12:57:41, 2026-04-26 13:16:47", "cumulative_total": 3.0 }, "geometry": { "type": "Polygon", "coordinates": [ [ [ -68.977662387980004, 47.682290097045488 ], [ -68.983989561583783, 47.685222002303959 ], [ -68.983393262302414, 47.690388162728951 ], [ -68.976468495362596, 47.692622292351096 ], [ -68.970140925094213, 47.689689951352342 ], [ -68.970738518371391, 47.684523916538865 ], [ -68.977662387980004, 47.682290097045488 ] ] ] } },
{ "type": "Feature", "properties": { "hex_id": 989818, "centroid_lon": -68.975273934954146, "centroid_lat": 47.702954446268535, "occurrences_today": 3, "datetimes_today": "2026-04-26 12:46:38, 2026-04-26 12:57:41, 2026-04-26 13:16:47", "cumulative_total": 3.0 }, "geometry": { "type": "Polygon", "coordinates": [ [ [ -68.975871298661701, 47.697788374484368 ], [ -68.98220016346005, 47.700720452575602 ], [ -68.981603363781346, 47.705886581993163 ], [ -68.974676404180968, 47.708120507701601 ], [ -68.968347142448863, 47.705187993634887 ], [ -68.968945237191932, 47.700021989902417 ], [ -68.975871298661701, 47.697788374484368 ] ] ] } },
{ "type": "Feature", "properties": { "hex_id": 989819, "centroid_lon": -68.973480841201877, "centroid_lat": 47.718452599506094, "occurrences_today": 3, "datetimes_today": "2026-04-26 12:46:38, 2026-04-26 12:57:41, 2026-04-26 13:16:47", "cumulative_total": 3.0 }, "geometry": { "type": "Polygon", "coordinates": [ [ [ -68.974078706283208, 47.713286558781476 ], [ -68.980409263614433, 47.71621880980657 ], [ -68.979811963008316, 47.721384908198317 ], [ -68.972882808877898, 47.723618629873442 ], [ -68.966551854343592, 47.720685942637509 ], [ -68.967150451083754, 47.715519970004507 ], [ -68.974078706283208, 47.713286558781476 ] ] ] } },
{ "type": "Feature", "properties": { "hex_id": 990427, "centroid_lon": -68.971335944611155, "centroid_lat": 47.679357871369184, "occurrences_today": 3, "datetimes_today": "2026-04-26 12:46:38, 2026-04-26 12:57:41, 2026-04-26 13:16:47", "cumulative_total": 3.0 }, "geometry": { "type": "Polygon", "coordinates": [ [ [ -68.971933203872439, 47.674191815845326 ], [ -68.978259084014269, 47.677123983877266 ], [ -68.977662387980004, 47.682290097045488 ], [ -68.970738518371391, 47.684523916538865 ], [ -68.964412242010482, 47.681591312843956 ], [ -68.965010231418361, 47.676425325385786 ], [ -68.971933203872439, 47.674191815845326 ] ] ] } },
{ "type": "Feature", "properties": { "hex_id": 990429, "centroid_lon": -68.967748880432481, "centroid_lat": 47.710353987002954, "occurrences_today": 3, "datetimes_today": "2026-04-26 12:46:38, 2026-04-26 12:57:41, 2026-04-26 13:16:47", "cumulative_total": 3.0 }, "geometry": { "type": "Polygon", "coordinates": [ [ [ -68.968347142448863, 47.705187993634887 ], [ -68.974676404180968, 47.708120507701601 ], [ -68.974078706283208, 47.713286558781476 ], [ -68.967150451083754, 47.715519970004507 ], [ -68.960820792594916, 47.712587019804388 ], [ -68.961419786003191, 47.707421094581839 ], [ -68.968347142448863, 47.705187993634887 ] ] ] } },
{ "type": "Feature", "properties": { "hex_id": 991039, "centroid_lon": -68.962018611930432, "centroid_lat": 47.702255158981529, "occurrences_today": 3, "datetimes_today": "2026-04-26 12:46:38, 2026-04-26 12:57:41, 2026-04-26 13:16:47", "cumulative_total": 3.0 }, "geometry": { "type": "Polygon", "coordinates": [ [ [ -68.962617270435729, 47.69708921300554 ], [ -68.968945237191932, 47.700021989902417 ], [ -68.968347142448863, 47.705187993634887 ], [ -68.961419786003191, 47.707421094581839 ], [ -68.955091422936263, 47.704487881628957 ], [ -68.955690812566644, 47.699322003852323 ], [ -68.962617270435729, 47.69708921300554 ] ] ] } },
{ "type": "Feature", "properties": { "hex_id": 991650, "centroid_lon": -68.954491865676204, "centroid_lat": 47.709653749016596, "occurrences_today": 3, "datetimes_today": "2026-04-26 12:46:38, 2026-04-26 12:57:41, 2026-04-26 13:16:47", "cumulative_total": 3.0 }, "geometry": { "type": "Polygon", "coordinates": [ [ [ -68.955091422936263, 47.704487881628957 ], [ -68.961419786003191, 47.707421094581839 ], [ -68.960820792594916, 47.712587019804388 ], [ -68.953892140727334, 47.714819606013101 ], [ -68.947563381527075, 47.711885956846338 ], [ -68.948163670268499, 47.706720157751924 ], [ -68.955091422936263, 47.704487881628957 ] ] ] } },
{ "type": "Feature", "properties": { "hex_id": 1000805, "centroid_lon": -68.859645709972341, "centroid_lat": 47.665616292021383, "occurrences_today": 3, "datetimes_today": "2026-04-26 12:46:38, 2026-04-26 12:57:41, 2026-04-26 13:16:47", "cumulative_total": 3.0 }, "geometry": { "type": "Polygon", "coordinates": [ [ [ -68.860253700092571, 47.660451298853161 ], [ -68.866571099846354, 47.663389306490494 ], [ -68.865963670464396, 47.668554358329807 ], [ -68.859037549942471, 47.670781274628361 ], [ -68.852719759389998, 47.667842830766318 ], [ -68.853328480098241, 47.662677906897414 ], [ -68.860253700092571, 47.660451298853161 ] ] ] } },
{ "type": "Feature", "properties": { "hex_id": 1001414, "centroid_lon": -68.855761662959253, "centroid_lat": 47.642018105716801, "occurrences_today": 3, "datetimes_today": "2026-04-26 12:46:38, 2026-04-26 12:57:41, 2026-04-26 13:16:47", "cumulative_total": 3.0 }, "geometry": { "type": "Polygon", "coordinates": [ [ [ -68.856369533980867, 47.636853129006049 ], [ -68.862683962673927, 47.63979122061064 ], [ -68.862076651593881, 47.644956256002466 ], [ -68.855153622120028, 47.647183071863452 ], [ -68.84883880333291, 47.644244544347096 ], [ -68.849447404053905, 47.639079636948438 ], [ -68.856369533980867, 47.636853129006049 ] ] ] } },
{ "type": "Feature", "properties": { "hex_id": 1001415, "centroid_lon": -68.853937030749393, "centroid_lat": 47.657512972455883, "occurrences_today": 3, "datetimes_today": "2026-04-26 12:46:38, 2026-04-26 12:57:41, 2026-04-26 13:16:47", "cumulative_total": 3.0 }, "geometry": { "type": "Polygon", "coordinates": [ [ [ -68.854545411403365, 47.65234802744385 ], [ -68.860861520363002, 47.655286295125862 ], [ -68.860253700092571, 47.660451298853161 ], [ -68.853328480098241, 47.662677906897414 ], [ -68.847011980782213, 47.659739203068632 ], [ -68.847621091756977, 47.654574327409328 ], [ -68.854545411403365, 47.65234802744385 ] ] ] } },
{ "type": "Feature", "properties": { "hex_id": 1002023, "centroid_lon": -68.851880107888121, "centroid_lat": 47.618419901620129, "occurrences_today": 14, "datetimes_today": "2026-04-26 12:46:38, 2026-04-26 12:57:41, 2026-04-26 13:16:47, 2026-04-26 13:31:39, 2026-04-26 14:01:48, 2026-04-26 14:16:41, 2026-04-26 14:30:06, 2026-04-26 14:46:48, 2026-04-26 15:01:42, 2026-04-26 15:16:36, 2026-04-26 15:31:39, 2026-04-26 15:47:10, 2026-04-26 16:01:41, 2026-04-26 16:17:01", "cumulative_total": 14.0 }, "geometry": { "type": "Polygon", "coordinates": [ [ [ -68.852487859383231, 47.613254941365284 ], [ -68.85879932108665, 47.616193116564567 ], [ -68.858192128737826, 47.621358135510462 ], [ -68.851272186667416, 47.62358485130801 ], [ -68.844960335573191, 47.620646240509615 ], [ -68.845568815880441, 47.615481349579632 ], [ -68.852487859383231, 47.613254941365284 ] ] ] } },
{ "type": "Feature", "properties": { "hex_id": 1002024, "centroid_lon": -68.850055834810107, "centroid_lat": 47.633914718974282, "occurrences_today": 3, "datetimes_today": "2026-04-26 12:46:38, 2026-04-26 12:57:41, 2026-04-26 13:16:47", "cumulative_total": 3.0 }, "geometry": { "type": "Polygon", "coordinates": [ [ [ -68.85066409566133, 47.62874979042676 ], [ -68.856977235244656, 47.631688141733321 ], [ -68.856369533980867, 47.636853129006049 ], [ -68.849447404053905, 47.639079636948438 ], [ -68.843133874818022, 47.63614084980798 ], [ -68.843742865101817, 47.630975990625913 ], [ -68.85066409566133, 47.62874979042676 ] ] ] } },
{ "type": "Feature", "properties": { "hex_id": 1002025, "centroid_lon": -68.848230032587225, "centroid_lat": 47.649409441168096, "occurrences_today": 3, "datetimes_today": "2026-04-26 12:46:38, 2026-04-26 12:57:41, 2026-04-26 13:16:47", "cumulative_total": 3.0 }, "geometry": { "type": "Polygon", "coordinates": [ [ [ -68.84883880333291, 47.644244544347096 ], [ -68.855153622120028, 47.647183071863452 ], [ -68.854545411403365, 47.65234802744385 ], [ -68.847621091756977, 47.654574327409328 ], [ -68.841305883055384, 47.65163536382412 ], [ -68.84191538385474, 47.646470536409218 ], [ -68.84883880333291, 47.644244544347096 ] ] ] } },
{ "type": "Feature", "properties": { "hex_id": 1002026, "centroid_lon": -68.846402699602962, "centroid_lat": 47.664904068143905, "occurrences_today": 3, "datetimes_today": "2026-04-26 12:46:38, 2026-04-26 12:57:41, 2026-04-26 13:16:47", "cumulative_total": 3.0 }, "geometry": { "type": "Polygon", "coordinates": [ [ [ -68.847011980782213, 47.659739203068632 ], [ -68.853328480098241, 47.662677906897414 ], [ -68.852719759389998, 47.667842830766318 ], [ -68.845793248159268, 47.670068922632979 ], [ -68.839476358666701, 47.667129782500261 ], [ -68.840086370521391, 47.661964986871773 ], [ -68.847011980782213, 47.659739203068632 ] ] ] } },
{ "type": "Feature", "properties": { "hex_id": 1002633, "centroid_lon": -68.846177126315155, "centroid_lat": 47.610316448071295, "occurrences_today": 14, "datetimes_today": "2026-04-26 12:46:38, 2026-04-26 12:57:41, 2026-04-26 13:16:47, 2026-04-26 13:31:39, 2026-04-26 14:01:48, 2026-04-26 14:16:41, 2026-04-26 14:30:06, 2026-04-26 14:46:48, 2026-04-26 15:01:42, 2026-04-26 15:16:36, 2026-04-26 15:31:39, 2026-04-26 15:47:10, 2026-04-26 16:01:41, 2026-04-26 16:17:01", "cumulative_total": 14.0 }, "geometry": { "type": "Polygon", "coordinates": [ [ [ -68.846785266937104, 47.605151535986707 ], [ -68.853095441212446, 47.608089970545606 ], [ -68.852487859383231, 47.613254941365284 ], [ -68.845568815880441, 47.615481349579632 ], [ -68.839258252655014, 47.612542479499446 ], [ -68.839867121822692, 47.607377636793053 ], [ -68.846785266937104, 47.605151535986707 ] ] ] } },
{ "type": "Feature", "properties": { "hex_id": 1002634, "centroid_lon": -68.844351685333592, "centroid_lat": 47.62581112085909, "occurrences_today": 14, "datetimes_today": "2026-04-26 12:46:38, 2026-04-26 12:57:41, 2026-04-26 13:16:47, 2026-04-26 13:31:39, 2026-04-26 14:01:48, 2026-04-26 14:16:41, 2026-04-26 14:30:06, 2026-04-26 14:46:48, 2026-04-26 15:01:42, 2026-04-26 15:16:36, 2026-04-26 15:31:39, 2026-04-26 15:47:10, 2026-04-26 16:01:41, 2026-04-26 16:17:01", "cumulative_total": 14.0 }, "geometry": { "type": "Polygon", "coordinates": [ [ [ -68.844960335573191, 47.620646240509615 ], [ -68.851272186667416, 47.62358485130801 ], [ -68.85066409566133, 47.62874979042676 ], [ -68.843742865101817, 47.630975990625913 ], [ -68.837430624796184, 47.628036944071489 ], [ -68.838040004201616, 47.622872133140817 ], [ -68.844960335573191, 47.620646240509615 ] ] ] } },
{ "type": "Feature", "properties": { "hex_id": 1002635, "centroid_lon": -68.842524714422296, "centroid_lat": 47.641305698403123, "occurrences_today": 3, "datetimes_today": "2026-04-26 12:46:38, 2026-04-26 12:57:41, 2026-04-26 13:16:47", "cumulative_total": 3.0 }, "geometry": { "type": "Polygon", "coordinates": [ [ [ -68.843133874818022, 47.63614084980798 ], [ -68.849447404053905, 47.639079636948438 ], [ -68.84883880333291, 47.644244544347096 ], [ -68.84191538385474, 47.646470536409218 ], [ -68.835601465145928, 47.643531313277855 ], [ -68.836211355328288, 47.63836653414215 ], [ -68.843133874818022, 47.63614084980798 ] ] ] } },
{ "type": "Feature", "properties": { "hex_id": 1002636, "centroid_lon": -68.840696211964271, "centroid_lat": 47.656800180645689, "occurrences_today": 3, "datetimes_today": "2026-04-26 12:46:38, 2026-04-26 12:57:41, 2026-04-26 13:16:47", "cumulative_total": 3.0 }, "geometry": { "type": "Polygon", "coordinates": [ [ [ -68.841305883055384, 47.65163536382412 ], [ -68.847621091756977, 47.654574327409328 ], [ -68.847011980782213, 47.659739203068632 ], [ -68.840086370521391, 47.661964986871773 ], [ -68.833770772085231, 47.659025587060647 ], [ -68.834381173584447, 47.653860839739238 ], [ -68.841305883055384, 47.65163536382412 ] ] ] } },
{ "type": "Feature", "properties": { "hex_id": 1003242, "centroid_lon": -68.842300899495314, "centroid_lat": 47.586718160112575, "occurrences_today": 14, "datetimes_today": "2026-04-26 12:46:38, 2026-04-26 12:57:41, 2026-04-26 13:16:47, 2026-04-26 13:31:39, 2026-04-26 14:01:48, 2026-04-26 14:16:41, 2026-04-26 14:30:06, 2026-04-26 14:46:48, 2026-04-26 15:01:42, 2026-04-26 15:16:36, 2026-04-26 15:31:39, 2026-04-26 15:47:10, 2026-04-26 16:01:41, 2026-04-26 16:17:01", "cumulative_total": 14.0 }, "geometry": { "type": "Polygon", "coordinates": [ [ [ -68.842908919462673, 47.581553264489422 ], [ -68.849216132491577, 47.584491781928776 ], [ -68.848608670523575, 47.589656736296945 ], [ -68.841692709807361, 47.591883045156642 ], [ -68.835385108529536, 47.588944092508314 ], [ -68.835993856157174, 47.583779266276011 ], [ -68.842908919462673, 47.581553264489422 ] ] ] } },
{ "type": "Feature", "properties": { "hex_id": 1003243, "centroid_lon": -68.840475821030793, "centroid_lat": 47.60221278349902, "occurrences_today": 14, "datetimes_today": "2026-04-26 12:46:38, 2026-04-26 12:57:41, 2026-04-26 13:16:47, 2026-04-26 13:31:39, 2026-04-26 14:01:48, 2026-04-26 14:16:41, 2026-04-26 14:30:06, 2026-04-26 14:46:48, 2026-04-26 15:01:42, 2026-04-26 15:16:36, 2026-04-26 15:31:39, 2026-04-26 15:47:10, 2026-04-26 16:01:41, 2026-04-26 16:17:01", "cumulative_total": 14.0 }, "geometry": { "type": "Polygon", "coordinates": [ [ [ -68.841084350339088, 47.59704791961952 ], [ -68.847393237806017, 47.599986613328049 ], [ -68.846785266937104, 47.605151535986707 ], [ -68.839867121822692, 47.607377636793053 ], [ -68.833557845846059, 47.604438507641021 ], [ -68.834167103433771, 47.599273713192957 ], [ -68.841084350339088, 47.59704791961952 ] ] ] } },
{ "type": "Feature", "properties": { "hex_id": 1003244, "centroid_lon": -68.838649213467946, "centroid_lat": 47.617707311616066, "occurrences_today": 14, "datetimes_today": "2026-04-26 12:46:38, 2026-04-26 12:57:41, 2026-04-26 13:16:47, 2026-04-26 13:31:39, 2026-04-26 14:01:48, 2026-04-26 14:16:41, 2026-04-26 14:30:06, 2026-04-26 14:46:48, 2026-04-26 15:01:42, 2026-04-26 15:16:36, 2026-04-26 15:31:39, 2026-04-26 15:47:10, 2026-04-26 16:01:41, 2026-04-26 16:17:01", "cumulative_total": 14.0 }, "geometry": { "type": "Polygon", "coordinates": [ [ [ -68.839258252655014, 47.612542479499446 ], [ -68.845568815880441, 47.615481349579632 ], [ -68.844960335573191, 47.620646240509615 ], [ -68.838040004201616, 47.622872133140817 ], [ -68.831729052205546, 47.619932827382463 ], [ -68.832338820291838, 47.614768064737923 ], [ -68.839258252655014, 47.612542479499446 ] ] ] } },
{ "type": "Feature", "properties": { "hex_id": 1003245, "centroid_lon": -68.836821075191722, "centroid_lat": 47.63320174440598, "occurrences_today": 14, "datetimes_today": "2026-04-26 12:46:38, 2026-04-26 12:57:41, 2026-04-26 13:16:47, 2026-04-26 13:31:39, 2026-04-26 14:01:48, 2026-04-26 14:16:41, 2026-04-26 14:30:06, 2026-04-26 14:46:48, 2026-04-26 15:01:42, 2026-04-26 15:16:36, 2026-04-26 15:31:39, 2026-04-26 15:47:10, 2026-04-26 16:01:41, 2026-04-26 16:17:01", "cumulative_total": 14.0 }, "geometry": { "type": "Polygon", "coordinates": [ [ [ -68.837430624796184, 47.628036944071489 ], [ -68.843742865101817, 47.630975990625913 ], [ -68.843133874818022, 47.63614084980798 ], [ -68.836211355328288, 47.63836653414215 ], [ -68.829898725990915, 47.635427051674753 ], [ -68.830509005115061, 47.630262320853021 ], [ -68.837430624796184, 47.628036944071489 ] ] ] } },
{ "type": "Feature", "properties": { "hex_id": 1003246, "centroid_lon": -68.83499140458467, "centroid_lat": 47.648696081810925, "occurrences_today": 3, "datetimes_today": "2026-04-26 12:46:38, 2026-04-26 12:57:41, 2026-04-26 13:16:47", "cumulative_total": 3.0 }, "geometry": { "type": "Polygon", "coordinates": [ [ [ -68.835601465145928, 47.643531313277855 ], [ -68.84191538385474, 47.646470536409218 ], [ -68.841305883055384, 47.65163536382412 ], [ -68.834381173584447, 47.653860839739238 ], [ -68.828066865582684, 47.650921180459932 ], [ -68.828677656284782, 47.645756481480355 ], [ -68.835601465145928, 47.643531313277855 ] ] ] } },
{ "type": "Feature", "properties": { "hex_id": 1003247, "centroid_lon": -68.833160200026953, "centroid_lat": 47.664190323773006, "occurrences_today": 3, "datetimes_today": "2026-04-26 12:46:38, 2026-04-26 12:57:41, 2026-04-26 13:16:47", "cumulative_total": 3.0 }, "geometry": { "type": "Polygon", "coordinates": [ [ [ -68.833770772085231, 47.659025587060647 ], [ -68.840086370521391, 47.661964986871773 ], [ -68.839476358666701, 47.667129782500261 ], [ -68.832549457349486, 47.669355049874149 ], [ -68.826233469358982, 47.666415213679969 ], [ -68.826844772179925, 47.661250546561888 ], [ -68.833770772085231, 47.659025587060647 ] ] ] } },
{ "type": "Feature", "properties": { "hex_id": 1003853, "centroid_lon": -68.834776190974992, "centroid_lat": 47.594108908147994, "occurrences_today": 14, "datetimes_today": "2026-04-26 12:46:38, 2026-04-26 12:57:41, 2026-04-26 13:16:47, 2026-04-26 13:31:39, 2026-04-26 14:01:48, 2026-04-26 14:16:41, 2026-04-26 14:30:06, 2026-04-26 14:46:48, 2026-04-26 15:01:42, 2026-04-26 15:16:36, 2026-04-26 15:31:39, 2026-04-26 15:47:10, 2026-04-26 16:01:41, 2026-04-26 16:17:01", "cumulative_total": 14.0 }, "geometry": { "type": "Polygon", "coordinates": [ [ [ -68.835385108529536, 47.588944092508314 ], [ -68.841692709807361, 47.591883045156642 ], [ -68.841084350339088, 47.59704791961952 ], [ -68.834167103433771, 47.599273713192957 ], [ -68.827859114086237, 47.596334325178915 ], [ -68.828468759653958, 47.591169579023898 ], [ -68.835385108529536, 47.588944092508314 ] ] ] } },
{ "type": "Feature", "properties": { "hex_id": 1003854, "centroid_lon": -68.832948418152043, "centroid_lat": 47.60960329149006, "occurrences_today": 14, "datetimes_today": "2026-04-26 12:46:38, 2026-04-26 12:57:41, 2026-04-26 13:16:47, 2026-04-26 13:31:39, 2026-04-26 14:01:48, 2026-04-26 14:16:41, 2026-04-26 14:30:06, 2026-04-26 14:46:48, 2026-04-26 15:01:42, 2026-04-26 15:16:36, 2026-04-26 15:31:39, 2026-04-26 15:47:10, 2026-04-26 16:01:41, 2026-04-26 16:17:01", "cumulative_total": 14.0 }, "geometry": { "type": "Polygon", "coordinates": [ [ [ -68.833557845846059, 47.604438507641021 ], [ -68.839867121822692, 47.607377636793053 ], [ -68.839258252655014, 47.612542479499446 ], [ -68.832338820291838, 47.614768064737923 ], [ -68.826029155984969, 47.611828499985599 ], [ -68.826639312311642, 47.606663785661908 ], [ -68.833557845846059, 47.604438507641021 ] ] ] } },
{ "type": "Feature", "properties": { "hex_id": 1003855, "centroid_lon": -68.831119113833282, "centroid_lat": 47.625097579421556, "occurrences_today": 14, "datetimes_today": "2026-04-26 12:46:38, 2026-04-26 12:57:41, 2026-04-26 13:16:47, 2026-04-26 13:31:39, 2026-04-26 14:01:48, 2026-04-26 14:16:41, 2026-04-26 14:30:06, 2026-04-26 14:46:48, 2026-04-26 15:01:42, 2026-04-26 15:16:36, 2026-04-26 15:31:39, 2026-04-26 15:47:10, 2026-04-26 16:01:41, 2026-04-26 16:17:01", "cumulative_total": 14.0 }, "geometry": { "type": "Polygon", "coordinates": [ [ [ -68.831729052205546, 47.619932827382463 ], [ -68.838040004201616, 47.622872133140817 ], [ -68.837430624796184, 47.628036944071489 ], [ -68.830509005115061, 47.630262320853021 ], [ -68.824197664528086, 47.627322579259655 ], [ -68.824808332153168, 47.622157896786618 ], [ -68.831729052205546, 47.619932827382463 ] ] ] } },
{ "type": "Feature", "properties": { "hex_id": 1003856, "centroid_lon": -68.829288276400845, "centroid_lat": 47.640591771884573, "occurrences_today": 3, "datetimes_today": "2026-04-26 12:46:38, 2026-04-26 12:57:41, 2026-04-26 13:16:47", "cumulative_total": 3.0 }, "geometry": { "type": "Polygon", "coordinates": [ [ [ -68.829898725990915, 47.635427051674753 ], [ -68.836211355328288, 47.63836653414215 ], [ -68.835601465145928, 47.643531313277855 ], [ -68.828677656284782, 47.645756481480355 ], [ -68.822364638095678, 47.64281656294304 ], [ -68.822975817559424, 47.637651912340004 ], [ -68.829898725990915, 47.635427051674753 ] ] ] } },
{ "type": "Feature", "properties": { "hex_id": 1003857, "centroid_lon": -68.827455904234441, "centroid_lat": 47.656085868821151, "occurrences_today": 3, "datetimes_today": "2026-04-26 12:46:38, 2026-04-26 12:57:41, 2026-04-26 13:16:47", "cumulative_total": 3.0 }, "geometry": { "type": "Polygon", "coordinates": [ [ [ -68.828066865582684, 47.650921180459932 ], [ -68.834381173584447, 47.653860839739238 ], [ -68.833770772085231, 47.659025587060647 ], [ -68.826844772179925, 47.661250546561888 ], [ -68.820530075065463, 47.658310450977616 ], [ -68.821141766908866, 47.653145832263995 ], [ -68.828066865582684, 47.650921180459932 ] ] ] } },
{ "type": "Feature", "properties": { "hex_id": 1004464, "centroid_lon": -68.827249298325427, "centroid_lat": 47.601499060725629, "occurrences_today": 14, "datetimes_today": "2026-04-26 12:46:38, 2026-04-26 12:57:41, 2026-04-26 13:16:47, 2026-04-26 13:31:39, 2026-04-26 14:01:48, 2026-04-26 14:16:41, 2026-04-26 14:30:06, 2026-04-26 14:46:48, 2026-04-26 15:01:42, 2026-04-26 15:16:36, 2026-04-26 15:31:39, 2026-04-26 15:47:10, 2026-04-26 16:01:41, 2026-04-26 16:17:01", "cumulative_total": 14.0 }, "geometry": { "type": "Polygon", "coordinates": [ [ [ -68.827859114086237, 47.596334325178915 ], [ -68.834167103433771, 47.599273713192957 ], [ -68.833557845846059, 47.604438507641021 ], [ -68.826639312311642, 47.606663785661908 ], [ -68.82033093507394, 47.603723962125464 ], [ -68.82094147920094, 47.598559296157326 ], [ -68.827859114086237, 47.596334325178915 ] ] ] } },
{ "type": "Feature", "properties": { "hex_id": 1004465, "centroid_lon": -68.825418829285468, "centroid_lat": 47.616993203694541, "occurrences_today": 14, "datetimes_today": "2026-04-26 12:46:38, 2026-04-26 12:57:41, 2026-04-26 13:16:47, 2026-04-26 13:31:39, 2026-04-26 14:01:48, 2026-04-26 14:16:41, 2026-04-26 14:30:06, 2026-04-26 14:46:48, 2026-04-26 15:01:42, 2026-04-26 15:16:36, 2026-04-26 15:31:39, 2026-04-26 15:47:10, 2026-04-26 16:01:41, 2026-04-26 16:17:01", "cumulative_total": 14.0 }, "geometry": { "type": "Polygon", "coordinates": [ [ [ -68.826029155984969, 47.611828499985599 ], [ -68.832338820291838, 47.614768064737923 ], [ -68.831729052205546, 47.619932827382463 ], [ -68.824808332153168, 47.622157896786618 ], [ -68.818498279695859, 47.619217896277213 ], [ -68.819109335381413, 47.614053262187568 ], [ -68.826029155984969, 47.611828499985599 ] ] ] } },
{ "type": "Feature", "properties": { "hex_id": 1004466, "centroid_lon": -68.823586826350194, "centroid_lat": 47.632487251111492, "occurrences_today": 4, "datetimes_today": "2026-04-26 12:46:38, 2026-04-26 12:57:41, 2026-04-26 13:16:47, 2026-04-26 13:31:39", "cumulative_total": 4.0 }, "geometry": { "type": "Polygon", "coordinates": [ [ [ -68.824197664528086, 47.627322579259655 ], [ -68.830509005115061, 47.630262320853021 ], [ -68.829898725990915, 47.635427051674753 ], [ -68.822975817559424, 47.637651912340004 ], [ -68.816664088561581, 47.634711734754717 ], [ -68.817275656346055, 47.629547132562941 ], [ -68.824197664528086, 47.627322579259655 ] ] ] } },
{ "type": "Feature", "properties": { "hex_id": 1004467, "centroid_lon": -68.821753287898886, "centroid_lat": 47.647981202918409, "occurrences_today": 3, "datetimes_today": "2026-04-26 12:46:38, 2026-04-26 12:57:41, 2026-04-26 13:16:47", "cumulative_total": 3.0 }, "geometry": { "type": "Polygon", "coordinates": [ [ [ -68.822364638095678, 47.64281656294304 ], [ -68.828677656284782, 47.645756481480355 ], [ -68.828066865582684, 47.650921180459932 ], [ -68.821141766908866, 47.653145832263995 ], [ -68.814828360048367, 47.650205477499767 ], [ -68.815440440472926, 47.645040907225294 ], [ -68.822364638095678, 47.64281656294304 ] ] ] } },
{ "type": "Feature", "properties": { "hex_id": 1005075, "centroid_lon": -68.819720220487412, "centroid_lat": 47.608888617469596, "occurrences_today": 14, "datetimes_today": "2026-04-26 12:46:38, 2026-04-26 12:57:41, 2026-04-26 13:16:47, 2026-04-26 13:31:39, 2026-04-26 14:01:48, 2026-04-26 14:16:41, 2026-04-26 14:30:06, 2026-04-26 14:46:48, 2026-04-26 15:01:42, 2026-04-26 15:16:36, 2026-04-26 15:31:39, 2026-04-26 15:47:10, 2026-04-26 16:01:41, 2026-04-26 16:17:01", "cumulative_total": 14.0 }, "geometry": { "type": "Polygon", "coordinates": [ [ [ -68.82033093507394, 47.603723962125464 ], [ -68.826639312311642, 47.606663785661908 ], [ -68.826029155984969, 47.611828499985599 ], [ -68.819109335381413, 47.614053262187568 ], [ -68.812800570433353, 47.611113002972004 ], [ -68.813412013739224, 47.605948417300404 ], [ -68.82033093507394, 47.603723962125464 ] ] ] } },
{ "type": "Feature", "properties": { "hex_id": 1005076, "centroid_lon": -68.817887053370768, "centroid_lat": 47.624382519736393, "occurrences_today": 14, "datetimes_today": "2026-04-26 12:46:38, 2026-04-26 12:57:41, 2026-04-26 13:16:47, 2026-04-26 13:31:39, 2026-04-26 14:01:48, 2026-04-26 14:16:41, 2026-04-26 14:30:06, 2026-04-26 14:46:48, 2026-04-26 15:01:42, 2026-04-26 15:16:36, 2026-04-26 15:31:39, 2026-04-26 15:47:10, 2026-04-26 16:01:41, 2026-04-26 16:17:01", "cumulative_total": 14.0 }, "geometry": { "type": "Polygon", "coordinates": [ [ [ -68.818498279695859, 47.619217896277213 ], [ -68.824808332153168, 47.622157896786618 ], [ -68.824197664528086, 47.627322579259655 ], [ -68.817275656346055, 47.629547132562941 ], [ -68.810965215918415, 47.626606696139667 ], [ -68.811577171583053, 47.621442142393803 ], [ -68.818498279695859, 47.619217896277213 ] ] ] } },
{ "type": "Feature", "properties": { "hex_id": 1005077, "centroid_lon": -68.816052349957261, "centroid_lat": 47.639876326309562, "occurrences_today": 3, "datetimes_today": "2026-04-26 12:46:38, 2026-04-26 12:57:41, 2026-04-26 13:16:47", "cumulative_total": 3.0 }, "geometry": { "type": "Polygon", "coordinates": [ [ [ -68.816664088561581, 47.634711734754717 ], [ -68.822975817559424, 47.637651912340004 ], [ -68.822364638095678, 47.64281656294304 ], [ -68.815440440472926, 47.645040907225294 ], [ -68.809128323244622, 47.642100293491211 ], [ -68.809740791809375, 47.636935771690524 ], [ -68.816664088561581, 47.634711734754717 ] ] ] } },
{ "type": "Feature", "properties": { "hex_id": 1005686, "centroid_lon": -68.812188956401343, "centroid_lat": 47.61627757800386, "occurrences_today": 14, "datetimes_today": "2026-04-26 12:46:38, 2026-04-26 12:57:41, 2026-04-26 13:16:47, 2026-04-26 13:31:39, 2026-04-26 14:01:48, 2026-04-26 14:16:41, 2026-04-26 14:30:06, 2026-04-26 14:46:48, 2026-04-26 15:01:42, 2026-04-26 15:16:36, 2026-04-26 15:31:39, 2026-04-26 15:47:10, 2026-04-26 16:01:41, 2026-04-26 16:17:01", "cumulative_total": 14.0 }, "geometry": { "type": "Polygon", "coordinates": [ [ [ -68.812800570433353, 47.611113002972004 ], [ -68.819109335381413, 47.614053262187568 ], [ -68.818498279695859, 47.619217896277213 ], [ -68.811577171583053, 47.621442142393803 ], [ -68.80526801910483, 47.618501447342389 ], [ -68.805880362209493, 47.613336942077041 ], [ -68.812800570433353, 47.611113002972004 ] ] ] } },
{ "type": "Feature", "properties": { "hex_id": 1005687, "centroid_lon": -68.810353089347245, "centroid_lat": 47.631771239239285, "occurrences_today": 3, "datetimes_today": "2026-04-26 12:46:38, 2026-04-26 12:57:41, 2026-04-26 13:16:47", "cumulative_total": 3.0 }, "geometry": { "type": "Polygon", "coordinates": [ [ [ -68.810965215918415, 47.626606696139667 ], [ -68.817275656346055, 47.629547132562941 ], [ -68.816664088561581, 47.634711734754717 ], [ -68.809740791809375, 47.636935771690524 ], [ -68.803429963591825, 47.633994899196537 ], [ -68.804042819856207, 47.628830425904283 ], [ -68.810965215918415, 47.626606696139667 ] ] ] } },
{ "type": "Feature", "properties": { "hex_id": 1006297, "centroid_lon": -68.804655505007133, "centroid_lat": 47.62366594195219, "occurrences_today": 4, "datetimes_today": "2026-04-26 12:46:38, 2026-04-26 12:57:41, 2026-04-26 13:16:47, 2026-04-26 13:31:39", "cumulative_total": 4.0 }, "geometry": { "type": "Polygon", "coordinates": [ [ [ -68.80526801910483, 47.618501447342389 ], [ -68.811577171583053, 47.621442142393803 ], [ -68.810965215918415, 47.626606696139667 ], [ -68.804042819856207, 47.628830425904283 ], [ -68.797733280028254, 47.625889294860272 ], [ -68.798346523552013, 47.620724870111054 ], [ -68.80526801910483, 47.618501447342389 ] ] ] } },
{ "type": "Feature", "properties": { "hex_id": 1022835, "centroid_lon": -68.520684342974519, "centroid_lat": 48.457800149281653, "occurrences_today": 21, "datetimes_today": "2026-04-26 13:31:39, 2026-04-26 14:01:48, 2026-04-26 14:16:41, 2026-04-26 14:30:06, 2026-04-26 14:46:48, 2026-04-26 15:01:42, 2026-04-26 15:16:36, 2026-04-26 15:31:39, 2026-04-26 15:47:10, 2026-04-26 16:01:41, 2026-04-26 16:17:01, 2026-04-26 16:46:42, 2026-04-26 17:02:09, 2026-04-26 17:16:43, 2026-04-26 17:31:51, 2026-04-26 17:46:59, 2026-04-26 18:16:56, 2026-04-26 18:31:46, 2026-04-26 19:01:35, 2026-04-26 19:16:52, 2026-04-26 19:46:38", "cumulative_total": 21.0 }, "geometry": { "type": "Polygon", "coordinates": [ [ [ -68.521343814235721, 48.452639250371853 ], [ -68.527733449301152, 48.455599397985722 ], [ -68.527074557222988, 48.460760359654643 ], [ -68.520024685367673, 48.462961036801602 ], [ -68.513634657498372, 48.4600004391067 ], [ -68.514294894221237, 48.454839614414567 ], [ -68.521343814235721, 48.452639250371853 ] ] ] } },
{ "type": "Feature", "properties": { "hex_id": 705145, "centroid_lon": -72.221411402455757, "centroid_lat": 45.02174017054886, "occurrences_today": 15, "datetimes_today": "2026-04-26 14:01:48, 2026-04-26 14:16:41, 2026-04-26 14:30:06, 2026-04-26 14:46:48, 2026-04-26 15:01:42, 2026-04-26 15:16:36, 2026-04-26 15:31:39, 2026-04-26 15:47:10, 2026-04-26 16:01:41, 2026-04-26 16:17:01, 2026-04-26 16:46:42, 2026-04-26 17:02:09, 2026-04-26 17:16:43, 2026-04-26 17:31:51, 2026-04-26 17:46:59", "cumulative_total": 15.0 }, "geometry": { "type": "Polygon", "coordinates": [ [ [ -72.22166265832648, 45.01654904301207 ], [ -72.227875651547421, 45.019298760521664 ], [ -72.227624933080747, 45.024489912885763 ], [ -72.221160078418379, 45.026931292243852 ], [ -72.2149466159713, 45.024181199915695 ], [ -72.215198477390189, 45.018990103111022 ], [ -72.22166265832648, 45.01654904301207 ] ] ] } },
{ "type": "Feature", "properties": { "hex_id": 540956, "centroid_lon": -73.91755093032512, "centroid_lat": 45.603901977425721, "occurrences_today": 8, "datetimes_today": "2026-04-26 20:16:53, 2026-04-26 20:31:55, 2026-04-26 20:46:23, 2026-04-26 21:01:31, 2026-04-26 21:16:34, 2026-04-26 21:31:25, 2026-04-26 21:47:11, 2026-04-26 22:01:22", "cumulative_total": 8.0 }, "geometry": { "type": "Polygon", "coordinates": [ [ [ -73.917650850669943, 45.598706190668096 ], [ -73.924011118242092, 45.601364647530332 ], [ -73.923911775790472, 45.606560442743039 ], [ -73.917450982656959, 45.609097759265936 ], [ -73.911090164519564, 45.606438935486196 ], [ -73.911190690071706, 45.601243162165837 ], [ -73.917650850669943, 45.598706190668096 ] ] ] } },
{ "type": "Feature", "properties": { "hex_id": 1299990, "centroid_lon": -65.520874006315452, "centroid_lat": 48.061025061026285, "occurrences_today": 1, "datetimes_today": "2026-04-26 23:46:23", "cumulative_total": 2.0 }, "geometry": { "type": "Polygon", "coordinates": [ [ [ -65.521823165692837, 48.055901600220096 ], [ -65.527967381252623, 48.059014197909647 ], [ -65.527018728084514, 48.064137747778204 ], [ -65.519924582279657, 48.066148503086744 ], [ -65.513780125215575, 48.063035444383573 ], [ -65.514730055367522, 48.057912091449388 ], [ -65.521823165692837, 48.055901600220096 ] ] ] } }
]
}
