{
"type": "FeatureCollection",
"name": "daily_2026-07-24",
"crs": { "type": "name", "properties": { "name": "urn:ogc:def:crs:OGC:1.3:CRS84" } },
"features": [
{ "type": "Feature", "properties": { "hex_id": 390227, "centroid_lon": -75.510465910846833, "centroid_lat": 46.613365929359738, "occurrences_today": 3, "datetimes_today": "2026-07-24 15:56:02, 2026-07-24 16:16:41, 2026-07-24 16:31:40", "cumulative_total": 54.0 }, "geometry": { "type": "Polygon", "coordinates": [ [ [ -75.510417099341325, 46.608170342091448 ], [ -75.516970706549586, 46.610738818875305 ], [ -75.517020149196284, 46.615934398463502 ], [ -75.510514735873841, 46.618561511848426 ], [ -75.503960484000558, 46.615992671270838 ], [ -75.503912290119416, 46.610797081169331 ], [ -75.510417099341325, 46.608170342091448 ] ] ] } },
{ "type": "Feature", "properties": { "hex_id": 477480, "centroid_lon": -74.582477489882692, "centroid_lat": 45.857704236518195, "occurrences_today": 85, "datetimes_today": "2026-07-24 00:02:05, 2026-07-24 00:16:40, 2026-07-24 00:31:58, 2026-07-24 00:46:49, 2026-07-24 01:01:55, 2026-07-24 01:16:40, 2026-07-24 01:33:10, 2026-07-24 01:47:11, 2026-07-24 02:01:42, 2026-07-24 02:18:40, 2026-07-24 02:31:44, 2026-07-24 02:46:50, 2026-07-24 03:01:40, 2026-07-24 03:16:36, 2026-07-24 03:31:53, 2026-07-24 03:47:12, 2026-07-24 04:02:00, 2026-07-24 04:18:15, 2026-07-24 04:31:38, 2026-07-24 04:46:53, 2026-07-24 05:01:54, 2026-07-24 05:22:07, 2026-07-24 05:33:06, 2026-07-24 05:46:52, 2026-07-24 06:18:29, 2026-07-24 06:31:43, 2026-07-24 06:47:25, 2026-07-24 07:16:53, 2026-07-24 07:31:42, 2026-07-24 08:03:56, 2026-07-24 08:18:28, 2026-07-24 08:31:40, 2026-07-24 08:46:43, 2026-07-24 09:01:53, 2026-07-24 09:31:43, 2026-07-24 09:47:55, 2026-07-24 10:01:44, 2026-07-24 10:16:49, 2026-07-24 10:31:51, 2026-07-24 10:46:43, 2026-07-24 11:01:43, 2026-07-24 11:31:41, 2026-07-24 12:02:19, 2026-07-24 12:19:32, 2026-07-24 12:32:06, 2026-07-24 12:46:46, 2026-07-24 12:59:03, 2026-07-24 13:17:09, 2026-07-24 13:33:01, 2026-07-24 13:46:46, 2026-07-24 14:02:07, 2026-07-24 14:17:02, 2026-07-24 14:47:11, 2026-07-24 15:02:07, 2026-07-24 15:17:47, 2026-07-24 15:31:41, 2026-07-24 15:56:02, 2026-07-24 16:16:41, 2026-07-24 16:31:40, 2026-07-24 16:47:02, 2026-07-24 17:01:51, 2026-07-24 17:16:43, 2026-07-24 17:31:38, 2026-07-24 17:46:45, 2026-07-24 18:02:14, 2026-07-24 18:16:45, 2026-07-24 18:32:11, 2026-07-24 18:47:12, 2026-07-24 19:01:49, 2026-07-24 19:17:25, 2026-07-24 19:31:42, 2026-07-24 19:47:26, 2026-07-24 20:02:36, 2026-07-24 20:31:41, 2026-07-24 20:47:09, 2026-07-24 21:02:52, 2026-07-24 21:31:53, 2026-07-24 21:47:22, 2026-07-24 22:02:06, 2026-07-24 22:31:39, 2026-07-24 22:46:42, 2026-07-24 23:01:38, 2026-07-24 23:17:39, 2026-07-24 23:32:04, 2026-07-24 23:47:06", "cumulative_total": 711.0 }, "geometry": { "type": "Polygon", "coordinates": [ [ [ -74.582516375627165, 45.852507891021503 ], [ -74.588937228901088, 45.855129414088736 ], [ -74.588898937705238, 45.860325761408468 ], [ -74.582438593470044, 45.862900577242634 ], [ -74.576017156317477, 45.860278690509539 ], [ -74.576056647275138, 45.855082351673552 ], [ -74.582516375627165, 45.852507891021503 ] ] ] } },
{ "type": "Feature", "properties": { "hex_id": 608079, "centroid_lon": -73.228175740749577, "centroid_lat": 45.09637843616656, "occurrences_today": 9, "datetimes_today": "2026-07-24 12:59:03, 2026-07-24 13:17:09, 2026-07-24 13:33:01, 2026-07-24 13:46:46, 2026-07-24 14:02:07, 2026-07-24 14:17:02, 2026-07-24 14:47:11, 2026-07-24 15:02:07, 2026-07-24 15:17:47", "cumulative_total": 107.0 }, "geometry": { "type": "Polygon", "coordinates": [ [ [ -73.228336413647625, 45.091183745610351 ], [ -73.23460737662468, 45.093879475422845 ], [ -73.234447257221603, 45.099074181103219 ], [ -73.22801502419226, 45.101573121527608 ], [ -73.221743551386737, 45.098877024790113 ], [ -73.221904821424559, 45.093682354616725 ], [ -73.228336413647625, 45.091183745610351 ] ] ] } },
{ "type": "Feature", "properties": { "hex_id": 609300, "centroid_lon": -73.215472675877095, "centroid_lat": 45.096180591476838, "occurrences_today": 1, "datetimes_today": "2026-07-24 12:46:46", "cumulative_total": 78.0 }, "geometry": { "type": "Polygon", "coordinates": [ [ [ -73.215634499232038, 45.090985936551483 ], [ -73.221904821424559, 45.093682354616725 ], [ -73.221743551386737, 45.098877024790113 ], [ -73.215310808550669, 45.101375241200628 ], [ -73.209039977019813, 45.098678456097808 ], [ -73.209202397648767, 45.093483821685531 ], [ -73.215634499232038, 45.090985936551483 ] ] ] } },
{ "type": "Feature", "properties": { "hex_id": 615425, "centroid_lon": -73.141820978868722, "centroid_lat": 45.406828978236717, "occurrences_today": 3, "datetimes_today": "2026-07-24 14:47:11, 2026-07-24 15:02:07, 2026-07-24 15:17:47", "cumulative_total": 31.0 }, "geometry": { "type": "Polygon", "coordinates": [ [ [ -73.141991312767829, 45.40163481962631 ], [ -73.148291834424285, 45.404335634544687 ], [ -73.148122061948001, 45.409529809218526 ], [ -73.141650598518098, 45.412023131602957 ], [ -73.135349561898082, 45.409321945060015 ], [ -73.135520503655997, 45.404127807821375 ], [ -73.141991312767829, 45.40163481962631 ] ] ] } },
{ "type": "Feature", "properties": { "hex_id": 658790, "centroid_lon": -72.676021122909731, "centroid_lat": 45.702312849816771, "occurrences_today": 12, "datetimes_today": "2026-07-24 20:02:36, 2026-07-24 20:31:41, 2026-07-24 20:47:09, 2026-07-24 21:02:52, 2026-07-24 21:31:53, 2026-07-24 21:47:22, 2026-07-24 22:02:06, 2026-07-24 22:31:39, 2026-07-24 22:46:42, 2026-07-24 23:01:38, 2026-07-24 23:17:39, 2026-07-24 23:32:04", "cumulative_total": 56.0 }, "geometry": { "type": "Polygon", "coordinates": [ [ [ -72.676236339406216, 45.697120504803245 ], [ -72.682546068179619, 45.699847099217607 ], [ -72.682331415342432, 45.705039464955021 ], [ -72.675805847529318, 45.707505189300072 ], [ -72.669495613990449, 45.704778215312004 ], [ -72.669711453010294, 45.699585896617307 ], [ -72.676236339406216, 45.697120504803245 ] ] ] } },
{ "type": "Feature", "properties": { "hex_id": 660011, "centroid_lon": -72.663186003136786, "centroid_lat": 45.702050903302698, "occurrences_today": 12, "datetimes_today": "2026-07-24 20:02:36, 2026-07-24 20:31:41, 2026-07-24 20:47:09, 2026-07-24 21:02:52, 2026-07-24 21:31:53, 2026-07-24 21:47:22, 2026-07-24 22:02:06, 2026-07-24 22:31:39, 2026-07-24 22:46:42, 2026-07-24 23:01:38, 2026-07-24 23:17:39, 2026-07-24 23:32:04", "cumulative_total": 56.0 }, "geometry": { "type": "Polygon", "coordinates": [ [ [ -72.663402405624268, 45.696858605457074 ], [ -72.669711453010294, 45.699585896617307 ], [ -72.669495613990449, 45.704778215312004 ], [ -72.662969541441655, 45.707243195609458 ], [ -72.656659989805647, 45.704515524765533 ], [ -72.656877014948449, 45.699323253372569 ], [ -72.663402405624268, 45.696858605457074 ] ] ] } },
{ "type": "Feature", "properties": { "hex_id": 779742, "centroid_lon": -71.331345151533398, "centroid_lat": 46.805066242518869, "occurrences_today": 2, "datetimes_today": "2026-07-24 09:31:43, 2026-07-24 09:47:55", "cumulative_total": 132.0 }, "geometry": { "type": "Polygon", "coordinates": [ [ [ -71.331698073722677, 46.799881285340206 ], [ -71.3380608393811, 46.802683454074078 ], [ -71.337708494038765, 46.807868445646804 ], [ -71.330992131526642, 46.810251192933478 ], [ -71.32462888685572, 46.807448618542857 ], [ -71.324982483675527, 46.802263702589023 ], [ -71.331698073722677, 46.799881285340206 ] ] ] } },
{ "type": "Feature", "properties": { "hex_id": 780963, "centroid_lon": -71.318266316987746, "centroid_lat": 46.804645707396226, "occurrences_today": 3, "datetimes_today": "2026-07-24 09:31:43, 2026-07-24 09:47:55, 2026-07-24 10:31:51", "cumulative_total": 37.0 }, "geometry": { "type": "Polygon", "coordinates": [ [ [ -71.318620490431201, 46.799460825963017 ], [ -71.324982483675527, 46.802263702589023 ], [ -71.32462888685572, 46.807448618542857 ], [ -71.317912045381973, 46.809830582050964 ], [ -71.311549573693298, 46.80702729966675 ], [ -71.311904421888741, 46.801842459599342 ], [ -71.318620490431201, 46.799460825963017 ] ] ] } },
{ "type": "Feature", "properties": { "hex_id": 781573, "centroid_lon": -71.312259171766499, "centroid_lat": 46.796657612746579, "occurrences_today": 2, "datetimes_today": "2026-07-24 09:31:43, 2026-07-24 09:47:55", "cumulative_total": 126.0 }, "geometry": { "type": "Polygon", "coordinates": [ [ [ -71.31261382336065, 46.791472759109176 ], [ -71.318974565746359, 46.794275937752047 ], [ -71.318620490431201, 46.799460825963017 ], [ -71.311904421888741, 46.801842459599342 ], [ -71.305543201524657, 46.799038875257949 ], [ -71.305898527647386, 46.793854063045437 ], [ -71.31261382336065, 46.791472759109176 ] ] ] } },
{ "type": "Feature", "properties": { "hex_id": 781574, "centroid_lon": -71.311194627146151, "centroid_lat": 46.812212132948112, "occurrences_today": 2, "datetimes_today": "2026-07-24 09:31:43, 2026-07-24 09:47:55", "cumulative_total": 115.0 }, "geometry": { "type": "Polygon", "coordinates": [ [ [ -71.311549573693298, 46.80702729966675 ], [ -71.317912045381973, 46.809830582050964 ], [ -71.317557675579906, 46.81501544992652 ], [ -71.310839582213205, 46.817396959442704 ], [ -71.304476632182315, 46.814593271139238 ], [ -71.304832253826248, 46.80940847930556 ], [ -71.311549573693298, 46.80702729966675 ] ] ] } },
{ "type": "Feature", "properties": { "hex_id": 782184, "centroid_lon": -71.305187776928975, "centroid_lat": 46.804223680678227, "occurrences_today": 7, "datetimes_today": "2026-07-24 09:31:43, 2026-07-24 09:47:55, 2026-07-24 10:01:44, 2026-07-24 10:16:49, 2026-07-24 10:31:51, 2026-07-24 10:46:43, 2026-07-24 11:01:43", "cumulative_total": 65.0 }, "geometry": { "type": "Polygon", "coordinates": [ [ [ -71.305543201524657, 46.799038875257949 ], [ -71.311904421888741, 46.801842459599342 ], [ -71.311549573693298, 46.80702729966675 ], [ -71.304832253826248, 46.80940847930556 ], [ -71.298470555586036, 46.806604489104643 ], [ -71.298826655054896, 46.801419725191124 ], [ -71.305543201524657, 46.799038875257949 ] ] ] } },
{ "type": "Feature", "properties": { "hex_id": 782794, "centroid_lon": -71.299182655861443, "centroid_lat": 46.796234954477775, "occurrences_today": 2, "datetimes_today": "2026-07-24 09:31:43, 2026-07-24 09:47:55", "cumulative_total": 55.0 }, "geometry": { "type": "Polygon", "coordinates": [ [ [ -71.299538558039814, 46.791050176965292 ], [ -71.305898527647386, 46.793854063045437 ], [ -71.305543201524657, 46.799038875257949 ], [ -71.298826655054896, 46.801419725191124 ], [ -71.292466208036942, 46.798615433311234 ], [ -71.292822784864967, 46.793430697364585 ], [ -71.299538558039814, 46.791050176965292 ] ] ] } },
{ "type": "Feature", "properties": { "hex_id": 794497, "centroid_lon": -71.055664991863566, "centroid_lat": 48.401450576150516, "occurrences_today": 3, "datetimes_today": "2026-07-24 10:31:51, 2026-07-24 10:46:43, 2026-07-24 11:01:43", "cumulative_total": 111.0 }, "geometry": { "type": "Polygon", "coordinates": [ [ [ -71.056066192882298, 48.396268727813208 ], [ -71.062604680143693, 48.399090827795284 ], [ -71.062204103540978, 48.404272714374549 ], [ -71.055263677116287, 48.406632417298532 ], [ -71.048724679187984, 48.403809886916598 ], [ -71.049126618310169, 48.398628084081224 ], [ -71.056066192882298, 48.396268727813208 ] ] ] } },
{ "type": "Feature", "properties": { "hex_id": 833562, "centroid_lon": -70.633839124909258, "centroid_lat": 48.27707411776597, "occurrences_today": 2, "datetimes_today": "2026-07-24 14:02:07, 2026-07-24 14:17:02", "cumulative_total": 35.0 }, "geometry": { "type": "Polygon", "coordinates": [ [ [ -70.634281220173435, 48.271894931302896 ], [ -70.640779295118747, 48.274739911644126 ], [ -70.640337812558982, 48.279919140410144 ], [ -70.633396904626068, 48.282253296493558 ], [ -70.626898342017867, 48.279407884143339 ], [ -70.627341174960478, 48.27422874778879 ], [ -70.634281220173435, 48.271894931302896 ] ] ] } },
{ "type": "Feature", "properties": { "hex_id": 659401, "centroid_lon": -72.669279715914868, "centroid_lat": 45.709970528472041, "occurrences_today": 12, "datetimes_today": "2026-07-24 20:02:36, 2026-07-24 20:31:41, 2026-07-24 20:47:09, 2026-07-24 21:02:52, 2026-07-24 21:31:53, 2026-07-24 21:47:22, 2026-07-24 22:02:06, 2026-07-24 22:31:39, 2026-07-24 22:46:42, 2026-07-24 23:01:38, 2026-07-24 23:17:39, 2026-07-24 23:32:04", "cumulative_total": 29.0 }, "geometry": { "type": "Polygon", "coordinates": [ [ [ -72.669495613990449, 45.704778215312004 ], [ -72.675805847529318, 45.707505189300072 ], [ -72.675590513245197, 45.712697523252871 ], [ -72.669063758763656, 45.715162836097122 ], [ -72.66275302051892, 45.712435482377039 ], [ -72.662969541441655, 45.707243195609458 ], [ -72.669495613990449, 45.704778215312004 ] ] ] } },
{ "type": "Feature", "properties": { "hex_id": 1190096, "centroid_lon": -66.725363339542739, "centroid_lat": 48.092413096771601, "occurrences_today": 1, "datetimes_today": "2026-07-24 09:01:53", "cumulative_total": 39.0 }, "geometry": { "type": "Polygon", "coordinates": [ [ [ -66.726193701939863, 48.08727279284053 ], [ -66.732423133553638, 48.090324544056323 ], [ -66.731593303248587, 48.095464926617097 ], [ -66.724532744741339, 48.097553385260532 ], [ -66.718303013480906, 48.094501178594484 ], [ -66.719134140292141, 48.089360968800897 ], [ -66.726193701939863, 48.08727279284053 ] ] ] } },
{ "type": "Feature", "properties": { "hex_id": 1190097, "centroid_lon": -66.722870857596575, "centroid_lat": 48.107833915895959, "occurrences_today": 1, "datetimes_today": "2026-07-24 09:01:53", "cumulative_total": 54.0 }, "geometry": { "type": "Polygon", "coordinates": [ [ [ -66.723701917453383, 48.102693658303316 ], [ -66.72993294574762, 48.105745645453013 ], [ -66.729102418387228, 48.110885981720166 ], [ -66.722039565088565, 48.112974158034476 ], [ -66.715808236990284, 48.109921715192719 ], [ -66.716640061912344, 48.104781551794396 ], [ -66.723701917453383, 48.102693658303316 ] ] ] } },
{ "type": "Feature", "properties": { "hex_id": 1190705, "centroid_lon": -66.722456322970046, "centroid_lat": 48.068799975095516, "occurrences_today": 1, "datetimes_today": "2026-07-24 09:01:53", "cumulative_total": 39.0 }, "geometry": { "type": "Polygon", "coordinates": [ [ [ -66.723286287908792, 48.063659688056362 ], [ -66.729512829129447, 48.066711422774375 ], [ -66.728683395527597, 48.071851788434223 ], [ -66.721626125821174, 48.073940246693532 ], [ -66.71539928551482, 48.070888056858891 ], [ -66.716230013918462, 48.065747863947152 ], [ -66.723286287908792, 48.063659688056362 ] ] ] } },
{ "type": "Feature", "properties": { "hex_id": 1190706, "centroid_lon": -66.719965034564424, "centroid_lat": 48.084220743550198, "occurrences_today": 1, "datetimes_today": "2026-07-24 09:01:53", "cumulative_total": 39.0 }, "geometry": { "type": "Polygon", "coordinates": [ [ [ -66.720795696380023, 48.079080502846423 ], [ -66.72702383201495, 48.082132473471283 ], [ -66.726193701939863, 48.08727279284053 ], [ -66.719134140292141, 48.089360968800897 ], [ -66.712905705414499, 48.086308542817847 ], [ -66.71373713134507, 48.081168396298246 ], [ -66.720795696380023, 48.079080502846423 ] ] ] } },
{ "type": "Feature", "properties": { "hex_id": 1190707, "centroid_lon": -66.717471654048424, "centroid_lat": 48.099641372926989, "occurrences_today": 1, "datetimes_today": "2026-07-24 09:01:53", "cumulative_total": 54.0 }, "geometry": { "type": "Polygon", "coordinates": [ [ [ -66.718303013480906, 48.094501178594484 ], [ -66.724532744741339, 48.097553385260532 ], [ -66.723701917453383, 48.102693658303316 ], [ -66.716640061912344, 48.104781551794396 ], [ -66.710410031252152, 48.101728889528452 ], [ -66.711242155450392, 48.09658878943695 ], [ -66.718303013480906, 48.094501178594484 ] ] ] } },
{ "type": "Feature", "properties": { "hex_id": 1190708, "centroid_lon": -66.714976179199823, "centroid_lat": 48.115061863117973, "occurrences_today": 1, "datetimes_today": "2026-07-24 09:01:53", "cumulative_total": 54.0 }, "geometry": { "type": "Polygon", "coordinates": [ [ [ -66.715808236990284, 48.109921715192719 ], [ -66.722039565088565, 48.112974158034476 ], [ -66.721208039846971, 48.118114384714872 ], [ -66.714143888458494, 48.120201995566134 ], [ -66.707912260803454, 48.117149096882628 ], [ -66.70874508401117, 48.112009043255298 ], [ -66.715808236990284, 48.109921715192719 ] ] ] } },
{ "type": "Feature", "properties": { "hex_id": 1190709, "centroid_lon": -66.712478607793145, "centroid_lat": 48.13048221401521, "occurrences_today": 1, "datetimes_today": "2026-07-24 09:01:53", "cumulative_total": 54.0 }, "geometry": { "type": "Polygon", "coordinates": [ [ [ -66.71331136468379, 48.125342112533218 ], [ -66.719544290833284, 48.128394791685302 ], [ -66.718712066896188, 48.133534971967343 ], [ -66.711645617704008, 48.135622300008087 ], [ -66.705412391840767, 48.132569164772228 ], [ -66.706245914800874, 48.127429157645118 ], [ -66.71331136468379, 48.125342112533218 ] ] ] } },
{ "type": "Feature", "properties": { "hex_id": 1191315, "centroid_lon": -66.717060509977543, "centroid_lat": 48.060607655579361, "occurrences_today": 1, "datetimes_today": "2026-07-24 09:01:53", "cumulative_total": 39.0 }, "geometry": { "type": "Polygon", "coordinates": [ [ [ -66.717890773774229, 48.055467431759482 ], [ -66.724116020719507, 48.058519385580077 ], [ -66.723286287908792, 48.063659688056362 ], [ -66.716230013918462, 48.065747863947152 ], [ -66.710004468290705, 48.062695455101888 ], [ -66.710835495253619, 48.057555325456072 ], [ -66.717890773774229, 48.055467431759482 ] ] ] } },
{ "type": "Feature", "properties": { "hex_id": 1191316, "centroid_lon": -66.714568324684421, "centroid_lat": 48.076028234310591, "occurrences_today": 1, "datetimes_today": "2026-07-24 09:01:53", "cumulative_total": 39.0 }, "geometry": { "type": "Polygon", "coordinates": [ [ [ -66.71539928551482, 48.070888056858891 ], [ -66.721626125821174, 48.073940246693532 ], [ -66.720795696380023, 48.079080502846423 ], [ -66.71373713134507, 48.081168396298246 ], [ -66.707509992199547, 48.078115751197473 ], [ -66.708341716845908, 48.072975667976593 ], [ -66.71539928551482, 48.070888056858891 ] ] ] } },
{ "type": "Feature", "properties": { "hex_id": 1191317, "centroid_lon": -66.712074046810372, "centroid_lat": 48.091448673865415, "occurrences_today": 1, "datetimes_today": "2026-07-24 09:01:53", "cumulative_total": 39.0 }, "geometry": { "type": "Polygon", "coordinates": [ [ [ -66.712905705414499, 48.086308542817847 ], [ -66.719134140292141, 48.089360968800897 ], [ -66.718303013480906, 48.094501178594484 ], [ -66.711242155450392, 48.09658878943695 ], [ -66.705013421576922, 48.093535907946141 ], [ -66.705845844647413, 48.088395871186236 ], [ -66.712905705414499, 48.086308542817847 ] ] ] } },
{ "type": "Feature", "properties": { "hex_id": 1191318, "centroid_lon": -66.709577674133243, "centroid_lat": 48.106868974135899, "occurrences_today": 1, "datetimes_today": "2026-07-24 09:01:53", "cumulative_total": 54.0 }, "geometry": { "type": "Polygon", "coordinates": [ [ [ -66.710410031252152, 48.101728889528452 ], [ -66.716640061912344, 48.104781551794396 ], [ -66.715808236990284, 48.109921715192719 ], [ -66.70874508401117, 48.112009043255298 ], [ -66.702514754198504, 48.10895592523979 ], [ -66.703347876434947, 48.103815934976936 ], [ -66.710410031252152, 48.101728889528452 ] ] ] } },
{ "type": "Feature", "properties": { "hex_id": 1191319, "centroid_lon": -66.707079204427558, "centroid_lat": 48.122289135013915, "occurrences_today": 1, "datetimes_today": "2026-07-24 09:01:53", "cumulative_total": 54.0 }, "geometry": { "type": "Polygon", "coordinates": [ [ [ -66.707912260803454, 48.117149096882628 ], [ -66.714143888458494, 48.120201995566134 ], [ -66.71331136468379, 48.125342112533218 ], [ -66.706245914800874, 48.127429157645118 ], [ -66.700013987836726, 48.124375802970121 ], [ -66.700847809982008, 48.119235859240405 ], [ -66.707912260803454, 48.117149096882628 ] ] ] } },
{ "type": "Feature", "properties": { "hex_id": 1191320, "centroid_lon": -66.704578635464614, "centroid_lat": 48.137709156391239, "occurrences_today": 1, "datetimes_today": "2026-07-24 09:01:53", "cumulative_total": 60.0 }, "geometry": { "type": "Polygon", "coordinates": [ [ [ -66.705412391840767, 48.132569164772228 ], [ -66.711645617704008, 48.135622300008087 ], [ -66.710812394333729, 48.140762370507879 ], [ -66.703744645589666, 48.142849132498135 ], [ -66.697511120260714, 48.139795541028704 ], [ -66.698345643058801, 48.134655643868292 ], [ -66.705412391840767, 48.132569164772228 ] ] ] } },
{ "type": "Feature", "properties": { "hex_id": 1191925, "centroid_lon": -66.711666289819803, "centroid_lat": 48.052415180343253, "occurrences_today": 1, "datetimes_today": "2026-07-24 09:01:53", "cumulative_total": 39.0 }, "geometry": { "type": "Polygon", "coordinates": [ [ [ -66.712496852071411, 48.04727501976744 ], [ -66.718720805390575, 48.050327192491537 ], [ -66.717890773774229, 48.055467431759482 ], [ -66.710835495253619, 48.057555325456072 ], [ -66.704611243654853, 48.054502697799293 ], [ -66.705442568774174, 48.049362631444133 ], [ -66.712496852071411, 48.04727501976744 ] ] ] } },
{ "type": "Feature", "properties": { "hex_id": 1191926, "centroid_lon": -66.709173208848853, "centroid_lat": 48.067835569276731, "occurrences_today": 1, "datetimes_today": "2026-07-24 09:01:53", "cumulative_total": 39.0 }, "geometry": { "type": "Polygon", "coordinates": [ [ [ -66.710004468290705, 48.062695455101888 ], [ -66.716230013918462, 48.065747863947152 ], [ -66.71539928551482, 48.070888056858891 ], [ -66.708341716845908, 48.072975667976593 ], [ -66.702115872782215, 48.069922803957247 ], [ -66.702947895741119, 48.064782784059858 ], [ -66.710004468290705, 48.062695455101888 ] ] ] } },
{ "type": "Feature", "properties": { "hex_id": 1191927, "centroid_lon": -66.706678034827505, "centroid_lat": 48.083255818935335, "occurrences_today": 1, "datetimes_today": "2026-07-24 09:01:53", "cumulative_total": 39.0 }, "geometry": { "type": "Polygon", "coordinates": [ [ [ -66.707509992199547, 48.078115751197473 ], [ -66.71373713134507, 48.081168396298246 ], [ -66.712905705414499, 48.086308542817847 ], [ -66.705845844647413, 48.088395871186236 ], [ -66.699618406909664, 48.085342770669826 ], [ -66.700451128448833, 48.080202797266239 ], [ -66.707509992199547, 48.078115751197473 ] ] ] } },
{ "type": "Feature", "properties": { "hex_id": 1191928, "centroid_lon": -66.704180765533593, "centroid_lat": 48.098675929211041, "occurrences_today": 1, "datetimes_today": "2026-07-24 09:01:53", "cumulative_total": 39.0 }, "geometry": { "type": "Polygon", "coordinates": [ [ [ -66.705013421576922, 48.093535907946141 ], [ -66.711242155450392, 48.09658878943695 ], [ -66.710410031252152, 48.101728889528452 ], [ -66.703347876434947, 48.103815934976936 ], [ -66.69711884381293, 48.100762597828783 ], [ -66.697952264674171, 48.095622670955109 ], [ -66.705013421576922, 48.093535907946141 ] ] ] } },
{ "type": "Feature", "properties": { "hex_id": 1191929, "centroid_lon": -66.701681398741712, "centroid_lat": 48.114095899995618, "occurrences_today": 1, "datetimes_today": "2026-07-24 09:01:53", "cumulative_total": 54.0 }, "geometry": { "type": "Polygon", "coordinates": [ [ [ -66.702514754198504, 48.10895592523979 ], [ -66.70874508401117, 48.112009043255298 ], [ -66.707912260803454, 48.117149096882628 ], [ -66.700847809982008, 48.119235859240405 ], [ -66.694617181264491, 48.116182285325706 ], [ -66.695451302190691, 48.111042405018097 ], [ -66.702514754198504, 48.10895592523979 ] ] ] } },
{ "type": "Feature", "properties": { "hex_id": 1191930, "centroid_lon": -66.699179932223217, "centroid_lat": 48.129515731180753, "occurrences_today": 1, "datetimes_today": "2026-07-24 09:01:53", "cumulative_total": 54.0 }, "geometry": { "type": "Polygon", "coordinates": [ [ [ -66.700013987836726, 48.124375802970121 ], [ -66.706245914800874, 48.127429157645118 ], [ -66.705412391840767, 48.132569164772228 ], [ -66.698345643058801, 48.134655643868292 ], [ -66.692113417033539, 48.131601833052081 ], [ -66.692948238768651, 48.126461999346724 ], [ -66.700013987836726, 48.124375802970121 ] ] ] } },
{ "type": "Feature", "properties": { "hex_id": 1191931, "centroid_lon": -66.69667636374615, "centroid_lat": 48.144935422657952, "occurrences_today": 1, "datetimes_today": "2026-07-24 09:01:53", "cumulative_total": 60.0 }, "geometry": { "type": "Polygon", "coordinates": [ [ [ -66.697511120260714, 48.139795541028704 ], [ -66.703744645589666, 48.142849132498135 ], [ -66.702910422133215, 48.147989093088903 ], [ -66.695841373432316, 48.150075288752035 ], [ -66.689607548885959, 48.147021240899221 ], [ -66.690443072175043, 48.141881453832362 ], [ -66.697511120260714, 48.139795541028704 ] ] ] } },
{ "type": "Feature", "properties": { "hex_id": 1192535, "centroid_lon": -66.706273661444712, "centroid_lat": 48.04422254961105, "occurrences_today": 1, "datetimes_today": "2026-07-24 09:01:53", "cumulative_total": 39.0 }, "geometry": { "type": "Polygon", "coordinates": [ [ [ -66.70710452174859, 48.039082452304044 ], [ -66.713327182090524, 48.042134843732633 ], [ -66.712496852071411, 48.04727501976744 ], [ -66.705442568774174, 48.049362631444133 ], [ -66.699219610555176, 48.046309785174799 ], [ -66.700051233428354, 48.041169782135022 ], [ -66.70710452174859, 48.039082452304044 ] ] ] } },
{ "type": "Feature", "properties": { "hex_id": 1192536, "centroid_lon": -66.703779686004566, "centroid_lat": 48.059642748672537, "occurrences_today": 1, "datetimes_today": "2026-07-24 09:01:53", "cumulative_total": 39.0 }, "geometry": { "type": "Polygon", "coordinates": [ [ [ -66.704611243654853, 48.054502697799293 ], [ -66.710835495253619, 48.057555325456072 ], [ -66.710004468290705, 48.062695455101888 ], [ -66.702947895741119, 48.064782784059858 ], [ -66.696723346109295, 48.061729701321028 ], [ -66.697555666977863, 48.05658974477182 ], [ -66.704611243654853, 48.054502697799293 ] ] ] } },
{ "type": "Feature", "properties": { "hex_id": 1192537, "centroid_lon": -66.701283617045561, "centroid_lat": 48.07506280836072, "occurrences_today": 1, "datetimes_today": "2026-07-24 09:01:53", "cumulative_total": 39.0 }, "geometry": { "type": "Polygon", "coordinates": [ [ [ -66.702115872782215, 48.069922803957247 ], [ -66.708341716845908, 48.072975667976593 ], [ -66.707509992199547, 48.078115751197473 ], [ -66.700451128448833, 48.080202797266239 ], [ -66.694224986196119, 48.077149477923392 ], [ -66.695058005800774, 48.072009567900828 ], [ -66.702115872782215, 48.069922803957247 ] ] ] } },
{ "type": "Feature", "properties": { "hex_id": 1192538, "centroid_lon": -66.698785452345589, "centroid_lat": 48.090482728567459, "occurrences_today": 1, "datetimes_today": "2026-07-24 09:01:53", "cumulative_total": 39.0 }, "geometry": { "type": "Polygon", "coordinates": [ [ [ -66.699618406909664, 48.085342770669826 ], [ -66.705845844647413, 48.088395871186236 ], [ -66.705013421576922, 48.093535907946141 ], [ -66.697952264674171, 48.095622670955109 ], [ -66.691724528591436, 48.092569114873562 ], [ -66.692558247673929, 48.087429251413774 ], [ -66.699618406909664, 48.085342770669826 ] ] ] } },
{ "type": "Feature", "properties": { "hex_id": 1192539, "centroid_lon": -66.696285189679287, "centroid_lat": 48.105902509184446, "occurrences_today": 1, "datetimes_today": "2026-07-24 09:01:53", "cumulative_total": 39.0 }, "geometry": { "type": "Polygon", "coordinates": [ [ [ -66.69711884381293, 48.100762597828783 ], [ -66.703347876434947, 48.103815934976936 ], [ -66.702514754198504, 48.10895592523979 ], [ -66.695451302190691, 48.111042405018097 ], [ -66.689221971067738, 48.107988612063032 ], [ -66.690056390370941, 48.10284879520222 ], [ -66.69711884381293, 48.100762597828783 ] ] ] } },
{ "type": "Feature", "properties": { "hex_id": 1192540, "centroid_lon": -66.693782826818037, "centroid_lat": 48.121322150103261, "occurrences_today": 1, "datetimes_today": "2026-07-24 09:01:53", "cumulative_total": 54.0 }, "geometry": { "type": "Polygon", "coordinates": [ [ [ -66.694617181264491, 48.116182285325706 ], [ -66.700847809982008, 48.119235859240405 ], [ -66.700013987836726, 48.124375802970121 ], [ -66.692948238768651, 48.126461999346724 ], [ -66.686717311394275, 48.123407969383187 ], [ -66.687552431662141, 48.118268199157541 ], [ -66.694617181264491, 48.116182285325706 ] ] ] } },
{ "type": "Feature", "properties": { "hex_id": 1192541, "centroid_lon": -66.691278361529953, "centroid_lat": 48.136741651215296, "occurrences_today": 1, "datetimes_today": "2026-07-24 09:01:53", "cumulative_total": 54.0 }, "geometry": { "type": "Polygon", "coordinates": [ [ [ -66.692113417033539, 48.131601833052081 ], [ -66.698345643058801, 48.134655643868292 ], [ -66.697511120260714, 48.139795541028704 ], [ -66.690443072175043, 48.141881453832362 ], [ -66.684210547337003, 48.13882718672523 ], [ -66.685046369314563, 48.13368746317105 ], [ -66.692113417033539, 48.131601833052081 ] ] ] } },
{ "type": "Feature", "properties": { "hex_id": 1193146, "centroid_lon": -66.698387755099077, "centroid_lat": 48.051449772721725, "occurrences_today": 1, "datetimes_today": "2026-07-24 09:01:53", "cumulative_total": 39.0 }, "geometry": { "type": "Polygon", "coordinates": [ [ [ -66.699219610555176, 48.046309785174799 ], [ -66.705442568774174, 48.049362631444133 ], [ -66.704611243654853, 48.054502697799293 ], [ -66.697555666977863, 48.05658974477182 ], [ -66.691332411128329, 48.053536443512499 ], [ -66.692165029504082, 48.048396550336143 ], [ -66.699219610555176, 48.046309785174799 ] ] ] } },
{ "type": "Feature", "properties": { "hex_id": 1193147, "centroid_lon": -66.695890792411035, "centroid_lat": 48.066869642365369, "occurrences_today": 1, "datetimes_today": "2026-07-24 09:01:53", "cumulative_total": 39.0 }, "geometry": { "type": "Polygon", "coordinates": [ [ [ -66.696723346109295, 48.061729701321028 ], [ -66.702947895741119, 48.064782784059858 ], [ -66.702115872782215, 48.069922803957247 ], [ -66.695058005800774, 48.072009567900828 ], [ -66.688833158382778, 48.068956029930618 ], [ -66.689666475650043, 48.063816183313747 ], [ -66.696723346109295, 48.061729701321028 ] ] ] } },
{ "type": "Feature", "properties": { "hex_id": 1193148, "centroid_lon": -66.693391733514659, "centroid_lat": 48.082289372429045, "occurrences_today": 1, "datetimes_today": "2026-07-24 09:01:53", "cumulative_total": 39.0 }, "geometry": { "type": "Polygon", "coordinates": [ [ [ -66.694224986196119, 48.077149477923392 ], [ -66.700451128448833, 48.080202797266239 ], [ -66.699618406909664, 48.085342770669826 ], [ -66.692558247673929, 48.087429251413774 ], [ -66.686331807479419, 48.084375476597991 ], [ -66.687165824379946, 48.079235676576758 ], [ -66.694224986196119, 48.077149477923392 ] ] ] } },
{ "type": "Feature", "properties": { "hex_id": 1193149, "centroid_lon": -66.690890576184628, "centroid_lat": 48.097708962804376, "occurrences_today": 1, "datetimes_today": "2026-07-24 09:01:53", "cumulative_total": 39.0 }, "geometry": { "type": "Polygon", "coordinates": [ [ [ -66.691724528591436, 48.092569114873562 ], [ -66.697952264674171, 48.095622670955109 ], [ -66.69711884381293, 48.100762597828783 ], [ -66.690056390370941, 48.10284879520222 ], [ -66.68382835619083, 48.09979478340604 ], [ -66.684663073467462, 48.094655030016668 ], [ -66.691724528591436, 48.092569114873562 ] ] ] } },
{ "type": "Feature", "properties": { "hex_id": 1193150, "centroid_lon": -66.688387318192369, "centroid_lat": 48.11312841338281, "occurrences_today": 1, "datetimes_today": "2026-07-24 09:01:53", "cumulative_total": 39.0 }, "geometry": { "type": "Polygon", "coordinates": [ [ [ -66.689221971067738, 48.107988612063032 ], [ -66.695451302190691, 48.111042405018097 ], [ -66.694617181264491, 48.116182285325706 ], [ -66.687552431662141, 48.118268199157541 ], [ -66.681322802286246, 48.115213950246002 ], [ -66.682158220682936, 48.110074243524743 ], [ -66.689221971067738, 48.107988612063032 ] ] ] } },
{ "type": "Feature", "properties": { "hex_id": 1193151, "centroid_lon": -66.685881957306023, "centroid_lat": 48.1285477240557, "occurrences_today": 1, "datetimes_today": "2026-07-24 09:01:53", "cumulative_total": 54.0 }, "geometry": { "type": "Polygon", "coordinates": [ [ [ -66.686717311394275, 48.123407969383187 ], [ -66.692948238768651, 48.126461999346724 ], [ -66.692113417033539, 48.131601833052081 ], [ -66.685046369314563, 48.13368746317105 ], [ -66.678815143531693, 48.130632977009022 ], [ -66.679651263793474, 48.12549331699217 ], [ -66.686717311394275, 48.123407969383187 ] ] ] } },
{ "type": "Feature", "properties": { "hex_id": 1193756, "centroid_lon": -66.69299741508064, "centroid_lat": 48.043256641647993, "occurrences_today": 1, "datetimes_today": "2026-07-24 09:01:53", "cumulative_total": 41.0 }, "geometry": { "type": "Polygon", "coordinates": [ [ [ -66.693829567940256, 48.038116717452056 ], [ -66.700051233428354, 48.041169782135022 ], [ -66.699219610555176, 48.046309785174799 ], [ -66.692165029504082, 48.048396550336143 ], [ -66.685943066787587, 48.045343030755205 ], [ -66.68677598226833, 48.040203200976372 ], [ -66.693829567940256, 48.038116717452056 ] ] ] } },
{ "type": "Feature", "properties": { "hex_id": 1193757, "centroid_lon": -66.6904995598711, "centroid_lat": 48.058676321173039, "occurrences_today": 1, "datetimes_today": "2026-07-24 09:01:53", "cumulative_total": 39.0 }, "geometry": { "type": "Polygon", "coordinates": [ [ [ -66.691332411128329, 48.053536443512499 ], [ -66.697555666977863, 48.05658974477182 ], [ -66.696723346109295, 48.061729701321028 ], [ -66.689666475650043, 48.063816183313747 ], [ -66.683442922416859, 48.06076242691514 ], [ -66.684276536944211, 48.055622643728611 ], [ -66.691332411128329, 48.053536443512499 ] ] ] } },
{ "type": "Feature", "properties": { "hex_id": 1193758, "centroid_lon": -66.68799960798691, "centroid_lat": 48.074095861019636, "occurrences_today": 1, "datetimes_today": "2026-07-24 09:01:53", "cumulative_total": 39.0 }, "geometry": { "type": "Polygon", "coordinates": [ [ [ -66.688833158382778, 48.068956029930618 ], [ -66.695058005800774, 48.072009567900828 ], [ -66.694224986196119, 48.077149477923392 ], [ -66.687165824379946, 48.079235676576758 ], [ -66.68094067942306, 48.076181683225812 ], [ -66.681774993738756, 48.071041946667755 ], [ -66.688833158382778, 48.068956029930618 ] ] ] } },
{ "type": "Feature", "properties": { "hex_id": 1193759, "centroid_lon": -66.685497557202794, "centroid_lat": 48.089515261079299, "occurrences_today": 1, "datetimes_today": "2026-07-24 09:01:53", "cumulative_total": 39.0 }, "geometry": { "type": "Polygon", "coordinates": [ [ [ -66.686331807479419, 48.084375476597991 ], [ -66.692558247673929, 48.087429251413774 ], [ -66.691724528591436, 48.092569114873562 ], [ -66.684663073467462, 48.094655030016668 ], [ -66.678436335578809, 48.091600799578515 ], [ -66.67927135042568, 48.086461109685203 ], [ -66.686331807479419, 48.084375476597991 ] ] ] } },
{ "type": "Feature", "properties": { "hex_id": 1193760, "centroid_lon": -66.682993405290205, "centroid_lat": 48.104934521243401, "occurrences_today": 1, "datetimes_today": "2026-07-24 09:01:53", "cumulative_total": 39.0 }, "geometry": { "type": "Polygon", "coordinates": [ [ [ -66.68382835619083, 48.09979478340604 ], [ -66.690056390370941, 48.10284879520222 ], [ -66.689221971067738, 48.107988612063032 ], [ -66.682158220682936, 48.110074243524743 ], [ -66.675929888653442, 48.107019775864423 ], [ -66.676765604775412, 48.101880132672164 ], [ -66.68382835619083, 48.09979478340604 ] ] ] } },
{ "type": "Feature", "properties": { "hex_id": 1193761, "centroid_lon": -66.68048715001737, "centroid_lat": 48.120353641403156, "occurrences_today": 1, "datetimes_today": "2026-07-24 09:01:53", "cumulative_total": 39.0 }, "geometry": { "type": "Polygon", "coordinates": [ [ [ -66.681322802286246, 48.115213950246002 ], [ -66.687552431662141, 48.118268199157541 ], [ -66.686717311394275, 48.123407969383187 ], [ -66.679651263793474, 48.12549331699217 ], [ -66.673421336412986, 48.122438611974573 ], [ -66.674257754555057, 48.117299015519677 ], [ -66.681322802286246, 48.115213950246002 ] ] ] } },
{ "type": "Feature", "properties": { "hex_id": 682610, "centroid_lon": -72.418228398967898, "centroid_lat": 45.860470575060958, "occurrences_today": 3, "datetimes_today": "2026-07-24 10:01:44, 2026-07-24 10:16:49, 2026-07-24 10:31:51", "cumulative_total": 222.0 }, "geometry": { "type": "Polygon", "coordinates": [ [ [ -72.418468795298452, 45.855279376463422 ], [ -72.424782864340386, 45.858020260958583 ], [ -72.424543032673753, 45.86321148286131 ], [ -72.417987936748432, 45.865661767940644 ], [ -72.411673368942587, 45.862920499560978 ], [ -72.411914395803691, 45.857729330051448 ], [ -72.418468795298452, 45.855279376463422 ] ] ] } },
{ "type": "Feature", "properties": { "hex_id": 683221, "centroid_lon": -72.411432276018118, "centroid_lat": 45.868111663347662, "occurrences_today": 2, "datetimes_today": "2026-07-24 18:47:12, 2026-07-24 19:01:49", "cumulative_total": 113.0 }, "geometry": { "type": "Polygon", "coordinates": [ [ [ -72.411673368942587, 45.862920499560978 ], [ -72.417987936748432, 45.865661767940644 ], [ -72.417747408617799, 45.870852955102173 ], [ -72.411191117007917, 45.873302821411151 ], [ -72.404876050505138, 45.870561168988338 ], [ -72.405117774286822, 45.865370034364645 ], [ -72.411673368942587, 45.862920499560978 ] ] ] } },
{ "type": "Feature", "properties": { "hex_id": 571481, "centroid_lon": -73.597053578215608, "centroid_lat": 45.60041506286408, "occurrences_today": 5, "datetimes_today": "2026-07-24 20:47:09, 2026-07-24 21:02:52, 2026-07-24 21:31:53, 2026-07-24 21:47:22, 2026-07-24 22:02:06", "cumulative_total": 155.0 }, "geometry": { "type": "Polygon", "coordinates": [ [ [ -73.597183062567083, 45.595219904315037 ], [ -73.603527376245083, 45.597896024384013 ], [ -73.603398465353237, 45.603091194568492 ], [ -73.596924058462264, 45.60561021638069 ], [ -73.590579206732471, 45.602933726415692 ], [ -73.590709299933508, 45.59773858459922 ], [ -73.597183062567083, 45.595219904315037 ] ] ] } },
{ "type": "Feature", "properties": { "hex_id": 572091, "centroid_lon": -73.590839357577181, "centroid_lat": 45.592543437747757, "occurrences_today": 5, "datetimes_today": "2026-07-24 20:47:09, 2026-07-24 21:02:52, 2026-07-24 21:31:53, 2026-07-24 21:47:22, 2026-07-24 22:02:06", "cumulative_total": 193.0 }, "geometry": { "type": "Polygon", "coordinates": [ [ [ -73.590969379675457, 45.587348285861346 ], [ -73.597312511528585, 45.590024740733597 ], [ -73.597183062567083, 45.595219904315037 ], [ -73.590709299933508, 45.59773858459922 ], [ -73.584365630494986, 45.595061759872991 ], [ -73.584496261263496, 45.58986662478123 ], [ -73.590969379675457, 45.587348285861346 ] ] ] } },
{ "type": "Feature", "properties": { "hex_id": 576973, "centroid_lon": -73.540380794551623, "centroid_lat": 45.560729125916765, "occurrences_today": 12, "datetimes_today": "2026-07-24 10:31:51, 2026-07-24 10:46:43, 2026-07-24 11:01:43, 2026-07-24 11:31:41, 2026-07-24 12:02:19, 2026-07-24 12:19:32, 2026-07-24 12:32:06, 2026-07-24 12:46:46, 2026-07-24 12:59:03, 2026-07-24 13:17:09, 2026-07-24 13:33:01, 2026-07-24 13:46:46", "cumulative_total": 136.0 }, "geometry": { "type": "Polygon", "coordinates": [ [ [ -73.540515322183836, 45.55553405971385 ], [ -73.54685244317244, 45.558213258135723 ], [ -73.54671848702867, 45.563408336524802 ], [ -73.540246230157265, 45.565924187064063 ], [ -73.533908574448546, 45.563244618722223 ], [ -73.534043710318983, 45.558049569825684 ], [ -73.540515322183836, 45.55553405971385 ] ] ] } },
{ "type": "Feature", "properties": { "hex_id": 519023, "centroid_lon": -74.137527076605622, "centroid_lat": 46.307290013521417, "occurrences_today": 5, "datetimes_today": "2026-07-24 00:02:05, 2026-07-24 00:16:40, 2026-07-24 00:31:58, 2026-07-24 00:46:49, 2026-07-24 01:01:55", "cumulative_total": 79.0 }, "geometry": { "type": "Polygon", "coordinates": [ [ [ -74.137608669485275, 46.302094529944263 ], [ -74.144060132233363, 46.304741059659719 ], [ -74.143979142219237, 46.309936549608565 ], [ -74.137445461215421, 46.312485492244882 ], [ -74.130993418116191, 46.309838588721689 ], [ -74.131075636364201, 46.304643116436381 ], [ -74.137608669485275, 46.302094529944263 ] ] ] } },
{ "type": "Feature", "properties": { "hex_id": 519634, "centroid_lon": -74.130911177184402, "centroid_lat": 46.315034056151674, "occurrences_today": 5, "datetimes_today": "2026-07-24 00:02:05, 2026-07-24 00:16:40, 2026-07-24 00:31:58, 2026-07-24 00:46:49, 2026-07-24 01:01:55", "cumulative_total": 181.0 }, "geometry": { "type": "Polygon", "coordinates": [ [ [ -74.130993418116191, 46.309838588721689 ], [ -74.137445461215421, 46.312485492244882 ], [ -74.137363823306956, 46.317680966114715 ], [ -74.130828913561032, 46.32022951872635 ], [ -74.124376290133924, 46.317582241230468 ], [ -74.124459156772843, 46.312386785162097 ], [ -74.130993418116191, 46.309838588721689 ] ] ] } },
{ "type": "Feature", "properties": { "hex_id": 520244, "centroid_lon": -74.124542000554683, "centroid_lat": 46.30719132423674, "occurrences_today": 5, "datetimes_today": "2026-07-24 00:02:05, 2026-07-24 00:16:40, 2026-07-24 00:31:58, 2026-07-24 00:46:49, 2026-07-24 01:01:55", "cumulative_total": 106.0 }, "geometry": { "type": "Polygon", "coordinates": [ [ [ -74.124624821487274, 46.30199585845439 ], [ -74.131075636364201, 46.304643116436381 ], [ -74.130993418116191, 46.309838588721689 ], [ -74.124459156772843, 46.312386785162097 ], [ -74.118007762064479, 46.309739153246952 ], [ -74.118091208523069, 46.30454369889101 ], [ -74.124624821487274, 46.30199585845439 ] ] ] } },
{ "type": "Feature", "properties": { "hex_id": 515333, "centroid_lon": -74.182724305677752, "centroid_lat": 45.886723175051181, "occurrences_today": 9, "datetimes_today": "2026-07-24 17:31:38, 2026-07-24 17:46:45, 2026-07-24 18:02:14, 2026-07-24 18:16:45, 2026-07-24 18:32:11, 2026-07-24 18:47:12, 2026-07-24 19:01:49, 2026-07-24 19:17:25, 2026-07-24 19:31:42", "cumulative_total": 50.0 }, "geometry": { "type": "Polygon", "coordinates": [ [ [ -74.18280049737406, 45.881527247313329 ], [ -74.189205569970568, 45.884171112361933 ], [ -74.189129968443396, 45.889367045951637 ], [ -74.182648093072558, 45.8919190979449 ], [ -74.176242451219366, 45.889274864934798 ], [ -74.176319253986605, 45.884078947958422 ], [ -74.18280049737406, 45.881527247313329 ] ] ] } },
{ "type": "Feature", "properties": { "hex_id": 516554, "centroid_lon": -74.16983742060188, "centroid_lat": 45.88663027576785, "occurrences_today": 6, "datetimes_today": "2026-07-24 11:31:41, 2026-07-24 12:02:19, 2026-07-24 12:19:32, 2026-07-24 12:32:06, 2026-07-24 12:46:46, 2026-07-24 12:59:03", "cumulative_total": 49.0 }, "geometry": { "type": "Polygon", "coordinates": [ [ [ -74.169914813362823, 45.881434364772709 ], [ -74.176319253986605, 45.884078947958422 ], [ -74.176242451219366, 45.889274864934798 ], [ -74.169760006602516, 45.891826181915782 ], [ -74.163354997227046, 45.88918123064461 ], [ -74.163433001212923, 45.883985330543389 ], [ -74.169914813362823, 45.881434364772709 ] ] ] } },
{ "type": "Feature", "properties": { "hex_id": 517164, "centroid_lon": -74.163510983799256, "centroid_lat": 45.878789425593396, "occurrences_today": 6, "datetimes_today": "2026-07-24 11:31:41, 2026-07-24 12:02:19, 2026-07-24 12:19:32, 2026-07-24 12:32:06, 2026-07-24 12:46:46, 2026-07-24 12:59:03", "cumulative_total": 73.0 }, "geometry": { "type": "Polygon", "coordinates": [ [ [ -74.163588944993307, 45.873593515794674 ], [ -74.169992184892564, 45.87623844893038 ], [ -74.169914813362823, 45.881434364772709 ], [ -74.163433001212923, 45.883985330543389 ], [ -74.157029193045261, 45.8813400293608 ], [ -74.157107765288671, 45.876144130519855 ], [ -74.163588944993307, 45.873593515794674 ] ] ] } },
{ "type": "Feature", "properties": { "hex_id": 517774, "centroid_lon": -74.157186315978791, "centroid_lat": 45.870948226828574, "occurrences_today": 6, "datetimes_today": "2026-07-24 11:31:41, 2026-07-24 12:02:19, 2026-07-24 12:19:32, 2026-07-24 12:32:06, 2026-07-24 12:46:46, 2026-07-24 12:59:03", "cumulative_total": 87.0 }, "geometry": { "type": "Polygon", "coordinates": [ [ [ -74.15726484512291, 45.86575231828698 ], [ -74.163666884802339, 45.86839760114718 ], [ -74.163588944993307, 45.873593515794674 ], [ -74.157107765288671, 45.876144130519855 ], [ -74.150705157823779, 45.873498479651396 ], [ -74.150784297841696, 45.868302582131442 ], [ -74.15726484512291, 45.86575231828698 ] ] ] } },
{ "type": "Feature", "properties": { "hex_id": 517775, "centroid_lon": -74.156950599241242, "centroid_lat": 45.886535923351403, "occurrences_today": 8, "datetimes_today": "2026-07-24 11:31:41, 2026-07-24 12:02:19, 2026-07-24 12:19:32, 2026-07-24 12:32:06, 2026-07-24 12:46:46, 2026-07-24 12:59:03, 2026-07-24 13:17:09, 2026-07-24 13:33:01", "cumulative_total": 35.0 }, "geometry": { "type": "Polygon", "coordinates": [ [ [ -74.157029193045261, 45.8813400293608 ], [ -74.163433001212923, 45.883985330543389 ], [ -74.163354997227046, 45.88918123064461 ], [ -74.156871983869308, 45.89173181249167 ], [ -74.15046760745507, 45.889086143099753 ], [ -74.150546812637828, 45.883890260135566 ], [ -74.157029193045261, 45.8813400293608 ] ] ] } },
{ "type": "Feature", "properties": { "hex_id": 518385, "centroid_lon": -74.150625996091605, "centroid_lat": 45.878694372319444, "occurrences_today": 6, "datetimes_today": "2026-07-24 11:31:41, 2026-07-24 12:02:19, 2026-07-24 12:19:32, 2026-07-24 12:32:06, 2026-07-24 12:46:46, 2026-07-24 12:59:03", "cumulative_total": 50.0 }, "geometry": { "type": "Polygon", "coordinates": [ [ [ -74.150705157823779, 45.873498479651396 ], [ -74.157107765288671, 45.876144130519855 ], [ -74.157029193045261, 45.8813400293608 ], [ -74.150546812637828, 45.883890260135566 ], [ -74.144143637409485, 45.881244241096475 ], [ -74.144223410344651, 45.876048359518691 ], [ -74.150705157823779, 45.873498479651396 ] ] ] } },
{ "type": "Feature", "properties": { "hex_id": 924444, "centroid_lon": -69.763449238615607, "centroid_lat": 46.954418934323343, "occurrences_today": 11, "datetimes_today": "2026-07-24 12:19:32, 2026-07-24 12:32:06, 2026-07-24 12:46:46, 2026-07-24 12:59:03, 2026-07-24 13:17:09, 2026-07-24 13:33:01, 2026-07-24 13:46:46, 2026-07-24 14:02:07, 2026-07-24 14:17:02, 2026-07-24 14:47:11, 2026-07-24 15:02:07", "cumulative_total": 23.0 }, "geometry": { "type": "Polygon", "coordinates": [ [ [ -69.763955268344887, 46.94924516515993 ], [ -69.770245693213951, 46.952131948632207 ], [ -69.769740218761896, 46.957305767285547 ], [ -69.762943068649079, 46.959592694607281 ], [ -69.756652228764324, 46.95670549130071 ], [ -69.75715895395949, 46.951531780572701 ], [ -69.763955268344887, 46.94924516515993 ] ] ] } },
{ "type": "Feature", "properties": { "hex_id": 925054, "centroid_lon": -69.757665538770496, "centroid_lat": 46.946358060955653, "occurrences_today": 11, "datetimes_today": "2026-07-24 12:19:32, 2026-07-24 12:32:06, 2026-07-24 12:46:46, 2026-07-24 12:59:03, 2026-07-24 13:17:09, 2026-07-24 13:33:01, 2026-07-24 13:46:46, 2026-07-24 14:02:07, 2026-07-24 14:17:02, 2026-07-24 14:47:11, 2026-07-24 15:02:07", "cumulative_total": 34.0 }, "geometry": { "type": "Polygon", "coordinates": [ [ [ -69.758171983246001, 46.941184332451073 ], [ -69.76446115788552, 46.944071387118498 ], [ -69.763955268344887, 46.94924516515993 ], [ -69.75715895395949, 46.951531780572701 ], [ -69.750869364744915, 46.948644306140984 ], [ -69.751376504442163, 46.943470636126754 ], [ -69.758171983246001, 46.941184332451073 ] ] ] } },
{ "type": "Feature", "properties": { "hex_id": 925665, "centroid_lon": -69.750362084516681, "centroid_lat": 46.95381796725659, "occurrences_today": 11, "datetimes_today": "2026-07-24 12:19:32, 2026-07-24 12:32:06, 2026-07-24 12:46:46, 2026-07-24 12:59:03, 2026-07-24 13:17:09, 2026-07-24 13:33:01, 2026-07-24 13:46:46, 2026-07-24 14:02:07, 2026-07-24 14:17:02, 2026-07-24 14:47:11, 2026-07-24 15:02:07", "cumulative_total": 23.0 }, "geometry": { "type": "Polygon", "coordinates": [ [ [ -69.750869364744915, 46.948644306140984 ], [ -69.75715895395949, 46.951531780572701 ], [ -69.756652228764324, 46.95670549130071 ], [ -69.74985466370876, 46.958991619472137 ], [ -69.743564660065175, 46.956103725119512 ], [ -69.744072635857464, 46.950930122582349 ], [ -69.750869364744915, 46.948644306140984 ] ] ] } },
{ "type": "Feature", "properties": { "hex_id": 490861, "centroid_lon": -74.448441745842757, "centroid_lat": 45.077609645620456, "occurrences_today": 28, "datetimes_today": "2026-07-24 14:17:02, 2026-07-24 14:47:11, 2026-07-24 15:02:07, 2026-07-24 15:17:47, 2026-07-24 15:31:41, 2026-07-24 15:56:02, 2026-07-24 16:16:41, 2026-07-24 16:31:40, 2026-07-24 16:47:02, 2026-07-24 17:01:51, 2026-07-24 17:16:43, 2026-07-24 17:31:38, 2026-07-24 17:46:45, 2026-07-24 18:02:14, 2026-07-24 18:16:45, 2026-07-24 18:32:11, 2026-07-24 18:47:12, 2026-07-24 19:01:49, 2026-07-24 19:17:25, 2026-07-24 19:31:42, 2026-07-24 19:47:26, 2026-07-24 20:02:36, 2026-07-24 20:31:41, 2026-07-24 20:47:09, 2026-07-24 21:02:52, 2026-07-24 21:31:53, 2026-07-24 21:47:22, 2026-07-24 22:02:06", "cumulative_total": 42.0 }, "geometry": { "type": "Polygon", "coordinates": [ [ [ -74.448491736805934, 45.072412690324668 ], [ -74.454818693353999, 45.075041667677148 ], [ -74.454769271346919, 45.0802386260726 ], [ -74.448391741292724, 45.082806596123298 ], [ -74.442064229377664, 45.080177263543881 ], [ -74.442114802879289, 45.074980316204346 ], [ -74.448491736805934, 45.072412690324668 ] ] ] } },
{ "type": "Feature", "properties": { "hex_id": 491471, "centroid_lon": -74.442165362639898, "centroid_lat": 45.069783364070886, "occurrences_today": 23, "datetimes_today": "2026-07-24 15:56:02, 2026-07-24 16:16:41, 2026-07-24 16:31:40, 2026-07-24 16:47:02, 2026-07-24 17:01:51, 2026-07-24 17:16:43, 2026-07-24 17:31:38, 2026-07-24 17:46:45, 2026-07-24 18:02:14, 2026-07-24 18:16:45, 2026-07-24 18:32:11, 2026-07-24 18:47:12, 2026-07-24 19:01:49, 2026-07-24 19:17:25, 2026-07-24 19:31:42, 2026-07-24 19:47:26, 2026-07-24 20:02:36, 2026-07-24 20:31:41, 2026-07-24 20:47:09, 2026-07-24 21:02:52, 2026-07-24 21:31:53, 2026-07-24 21:47:22, 2026-07-24 22:02:06", "cumulative_total": 39.0 }, "geometry": { "type": "Polygon", "coordinates": [ [ [ -74.442215908664053, 45.064586407143494 ], [ -74.448541714186774, 45.067215730235958 ], [ -74.448491736805934, 45.072412690324668 ], [ -74.442114802879289, 45.074980316204346 ], [ -74.43578844245198, 45.072350637920515 ], [ -74.435839570851329, 45.067153689012002 ], [ -74.442215908664053, 45.064586407143494 ] ] ] } },
{ "type": "Feature", "properties": { "hex_id": 492082, "centroid_lon": -74.435737300157498, "centroid_lat": 45.077547582034065, "occurrences_today": 28, "datetimes_today": "2026-07-24 14:17:02, 2026-07-24 14:47:11, 2026-07-24 15:02:07, 2026-07-24 15:17:47, 2026-07-24 15:31:41, 2026-07-24 15:56:02, 2026-07-24 16:16:41, 2026-07-24 16:31:40, 2026-07-24 16:47:02, 2026-07-24 17:01:51, 2026-07-24 17:16:43, 2026-07-24 17:31:38, 2026-07-24 17:46:45, 2026-07-24 18:02:14, 2026-07-24 18:16:45, 2026-07-24 18:32:11, 2026-07-24 18:47:12, 2026-07-24 19:01:49, 2026-07-24 19:17:25, 2026-07-24 19:31:42, 2026-07-24 19:47:26, 2026-07-24 20:02:36, 2026-07-24 20:31:41, 2026-07-24 20:47:09, 2026-07-24 21:02:52, 2026-07-24 21:31:53, 2026-07-24 21:47:22, 2026-07-24 22:02:06", "cumulative_total": 44.0 }, "geometry": { "type": "Polygon", "coordinates": [ [ [ -74.43578844245198, 45.072350637920515 ], [ -74.442114802879289, 45.074980316204346 ], [ -74.442064229377664, 45.080177263543881 ], [ -74.435686143963281, 45.08274452135268 ], [ -74.429359228645154, 45.080114487719136 ], [ -74.42941095362761, 45.074917551690142 ], [ -74.43578844245198, 45.072350637920515 ] ] ] } },
{ "type": "Feature", "properties": { "hex_id": 598338, "centroid_lon": -73.317398095528219, "centroid_lat": 45.518685531312855, "occurrences_today": 6, "datetimes_today": "2026-07-24 00:02:05, 2026-07-24 00:16:40, 2026-07-24 00:31:58, 2026-07-24 00:46:49, 2026-07-24 01:01:55, 2026-07-24 01:16:40", "cumulative_total": 155.0 }, "geometry": { "type": "Polygon", "coordinates": [ [ [ -73.317552942086053, 45.513490982078999 ], [ -73.323874451361021, 45.516182354937719 ], [ -73.323720171975268, 45.521376918545386 ], [ -73.317243206681695, 45.523880075390508 ], [ -73.310921172530385, 45.521188331086279 ], [ -73.311076628534806, 45.515993801446911 ], [ -73.317552942086053, 45.513490982078999 ] ] ] } },
{ "type": "Feature", "properties": { "hex_id": 791443, "centroid_lon": -71.091152102001843, "centroid_lat": 48.379283304037891, "occurrences_today": 4, "datetimes_today": "2026-07-24 19:47:26, 2026-07-24 20:02:36, 2026-07-24 20:31:41, 2026-07-24 20:47:09", "cumulative_total": 81.0 }, "geometry": { "type": "Polygon", "coordinates": [ [ [ -71.091549389858216, 48.374101215095656 ], [ -71.098087193750146, 48.376921279201831 ], [ -71.09769053017159, 48.382103406016746 ], [ -71.090754701559177, 48.384465385836592 ], [ -71.084216385996072, 48.381644891945761 ], [ -71.084614410675883, 48.376462848090398 ], [ -71.091549389858216, 48.374101215095656 ] ] ] } },
{ "type": "Feature", "properties": { "hex_id": 385329, "centroid_lon": -75.560454666358496, "centroid_lat": 46.394904003230089, "occurrences_today": 7, "datetimes_today": "2026-07-24 09:31:43, 2026-07-24 09:47:55, 2026-07-24 10:01:44, 2026-07-24 10:16:49, 2026-07-24 10:31:51, 2026-07-24 10:46:43, 2026-07-24 11:01:43", "cumulative_total": 32.0 }, "geometry": { "type": "Polygon", "coordinates": [ [ [ -75.560401481979028, 46.389708259035999 ], [ -75.566931122310748, 46.392274077313566 ], [ -75.566984931176549, 46.397469813331 ], [ -75.560507865428519, 46.400099742634808 ], [ -75.553977585917352, 46.397533563887613 ], [ -75.553925011338734, 46.392337816372923 ], [ -75.560401481979028, 46.389708259035999 ] ] ] } },
{ "type": "Feature", "properties": { "hex_id": 385940, "centroid_lon": -75.554030175018639, "centroid_lat": 46.40272930661402, "occurrences_today": 7, "datetimes_today": "2026-07-24 09:31:43, 2026-07-24 09:47:55, 2026-07-24 10:01:44, 2026-07-24 10:16:49, 2026-07-24 10:31:51, 2026-07-24 10:46:43, 2026-07-24 11:01:43", "cumulative_total": 32.0 }, "geometry": { "type": "Polygon", "coordinates": [ [ [ -75.553977585917352, 46.397533563887613 ], [ -75.560507865428519, 46.400099742634808 ], [ -75.560561079194201, 46.405295477250171 ], [ -75.554082778647555, 46.407925044552144 ], [ -75.547551859941848, 46.405358505167733 ], [ -75.547499880982315, 46.400162759185278 ], [ -75.553977585917352, 46.397533563887613 ] ] ] } },
{ "type": "Feature", "properties": { "hex_id": 565383, "centroid_lon": -73.658545363966297, "centroid_lat": 45.710284440943582, "occurrences_today": 18, "datetimes_today": "2026-07-24 09:31:43, 2026-07-24 09:47:55, 2026-07-24 10:01:44, 2026-07-24 10:16:49, 2026-07-24 10:31:51, 2026-07-24 10:46:43, 2026-07-24 11:01:43, 2026-07-24 11:31:41, 2026-07-24 12:02:19, 2026-07-24 12:19:32, 2026-07-24 12:32:06, 2026-07-24 12:46:46, 2026-07-24 12:59:03, 2026-07-24 13:17:09, 2026-07-24 13:33:01, 2026-07-24 13:46:46, 2026-07-24 14:02:07, 2026-07-24 14:17:02", "cumulative_total": 291.0 }, "geometry": { "type": "Polygon", "coordinates": [ [ [ -73.658669649059618, 45.705089248967198 ], [ -73.665029271169033, 45.707762075106459 ], [ -73.664905563713702, 45.712957278134979 ], [ -73.658421044846179, 45.715479627911407 ], [ -73.652060879131312, 45.712806431052982 ], [ -73.652185775877939, 45.707611255202274 ], [ -73.658669649059618, 45.705089248967198 ] ] ] } },
{ "type": "Feature", "properties": { "hex_id": 566592, "centroid_lon": -73.650196844433424, "centroid_lat": 45.523103799530006, "occurrences_today": 3, "datetimes_today": "2026-07-24 22:31:39, 2026-07-24 22:46:42, 2026-07-24 23:01:38", "cumulative_total": 320.0 }, "geometry": { "type": "Polygon", "coordinates": [ [ [ -73.650321089635895, 45.517908454418361 ], [ -73.65665938163346, 45.520581587787582 ], [ -73.656535708275698, 45.525776943990188 ], [ -73.65007256529249, 45.528299139630697 ], [ -73.643733735394378, 45.525625637843696 ], [ -73.643858586368623, 45.520430308898533 ], [ -73.650321089635895, 45.517908454418361 ] ] ] } },
{ "type": "Feature", "properties": { "hex_id": 567202, "centroid_lon": -73.64398340324945, "centroid_lat": 45.515234974939943, "occurrences_today": 3, "datetimes_today": "2026-07-24 22:31:39, 2026-07-24 22:46:42, 2026-07-24 23:01:38", "cumulative_total": 237.0 }, "geometry": { "type": "Polygon", "coordinates": [ [ [ -73.644108186048271, 45.510039635968056 ], [ -73.650445300911315, 45.512713104295841 ], [ -73.650321089635895, 45.517908454418361 ], [ -73.643858586368623, 45.520430308898533 ], [ -73.637520934069883, 45.517756472194478 ], [ -73.637646322462672, 45.512561149451038 ], [ -73.644108186048271, 45.510039635968056 ] ] ] } },
{ "type": "Feature", "properties": { "hex_id": 567203, "centroid_lon": -73.643608850315275, "centroid_lat": 45.530820961775362, "occurrences_today": 6, "datetimes_today": "2026-07-24 22:31:39, 2026-07-24 22:46:42, 2026-07-24 23:01:38, 2026-07-24 23:17:39, 2026-07-24 23:32:04, 2026-07-24 23:47:06", "cumulative_total": 165.0 }, "geometry": { "type": "Polygon", "coordinates": [ [ [ -73.643733735394378, 45.525625637843696 ], [ -73.65007256529249, 45.528299139630697 ], [ -73.649948252201725, 45.533494474720356 ], [ -73.643483931119832, 45.536016280693502 ], [ -73.637144563355434, 45.533342410329247 ], [ -73.637270054527747, 45.52814710263366 ], [ -73.643733735394378, 45.525625637843696 ] ] ] } },
{ "type": "Feature", "properties": { "hex_id": 567813, "centroid_lon": -73.637395511428736, "centroid_lat": 45.522951789922047, "occurrences_today": 12, "datetimes_today": "2026-07-24 13:17:09, 2026-07-24 13:33:01, 2026-07-24 13:46:46, 2026-07-24 14:02:07, 2026-07-24 14:17:02, 2026-07-24 14:47:11, 2026-07-24 15:02:07, 2026-07-24 15:17:47, 2026-07-24 15:31:41, 2026-07-24 22:31:39, 2026-07-24 22:46:42, 2026-07-24 23:01:38", "cumulative_total": 337.0 }, "geometry": { "type": "Polygon", "coordinates": [ [ [ -73.637520934069883, 45.517756472194478 ], [ -73.643858586368623, 45.520430308898533 ], [ -73.643733735394378, 45.525625637843696 ], [ -73.637270054527747, 45.52814710263366 ], [ -73.630931864827687, 45.525472897393982 ], [ -73.631057893384067, 45.520277595964515 ], [ -73.637520934069883, 45.517756472194478 ] ] ] } },
{ "type": "Feature", "properties": { "hex_id": 562313, "centroid_lon": -73.696980161946215, "centroid_lat": 45.437899157970683, "occurrences_today": 6, "datetimes_today": "2026-07-24 06:47:25, 2026-07-24 07:16:53, 2026-07-24 07:31:42, 2026-07-24 08:03:56, 2026-07-24 08:18:28, 2026-07-24 08:31:40", "cumulative_total": 202.0 }, "geometry": { "type": "Polygon", "coordinates": [ [ [ -73.69709974600984, 45.432703636660186 ], [ -73.703430849972293, 45.43537413187957 ], [ -73.703311835820372, 45.440569663798733 ], [ -73.696860545250132, 45.443094674288503 ], [ -73.690528904013888, 45.44042381216714 ], [ -73.690649090610719, 45.435228306522369 ], [ -73.69709974600984, 45.432703636660186 ] ] ] } },
{ "type": "Feature", "properties": { "hex_id": 551938, "centroid_lon": -73.804480735632026, "centroid_lat": 45.493642043968805, "occurrences_today": 4, "datetimes_today": "2026-07-24 22:46:42, 2026-07-24 23:01:38, 2026-07-24 23:17:39, 2026-07-24 23:32:04", "cumulative_total": 408.0 }, "geometry": { "type": "Polygon", "coordinates": [ [ [ -73.804590668725538, 45.488446360665442 ], [ -73.810933160261428, 45.491110985449403 ], [ -73.810823800200808, 45.496306678309082 ], [ -73.804370772518354, 45.498837722317873 ], [ -73.798027737974778, 45.496172730939158 ], [ -73.798138274111253, 45.490977062210924 ], [ -73.804590668725538, 45.488446360665442 ] ] ] } },
{ "type": "Feature", "properties": { "hex_id": 740780, "centroid_lon": -71.641857130656646, "centroid_lat": 48.529175439290668, "occurrences_today": 2, "datetimes_today": "2026-07-24 14:47:11, 2026-07-24 15:02:07", "cumulative_total": 53.0 }, "geometry": { "type": "Polygon", "coordinates": [ [ [ -71.642200315871818, 48.523990318219163 ], [ -71.648789149472307, 48.526780095297767 ], [ -71.648446603348731, 48.531965248845232 ], [ -71.641513847905685, 48.534360553848082 ], [ -71.634924472767111, 48.5315703494582 ], [ -71.635268394574268, 48.526385267448134 ], [ -71.642200315871818, 48.523990318219163 ] ] ] } },
{ "type": "Feature", "properties": { "hex_id": 471395, "centroid_lon": -74.644893896771009, "centroid_lat": 46.1696957789217, "occurrences_today": 6, "datetimes_today": "2026-07-24 18:47:12, 2026-07-24 19:01:49, 2026-07-24 19:17:25, 2026-07-24 19:31:42, 2026-07-24 19:47:26, 2026-07-24 20:02:36", "cumulative_total": 245.0 }, "geometry": { "type": "Polygon", "coordinates": [ [ [ -74.644927331225418, 46.164499680131549 ], [ -74.651387270827968, 46.167117664542573 ], [ -74.651354441651137, 46.172313764545834 ], [ -74.644860453107825, 46.174891872948628 ], [ -74.638399917438051, 46.172273521520381 ], [ -74.638433966375686, 46.167077428772764 ], [ -74.644927331225418, 46.164499680131549 ] ] ] } },
{ "type": "Feature", "properties": { "hex_id": 472005, "centroid_lon": -74.638468005938194, "centroid_lat": 46.161881331261213, "occurrences_today": 6, "datetimes_today": "2026-07-24 18:47:12, 2026-07-24 19:01:49, 2026-07-24 19:17:25, 2026-07-24 19:31:42, 2026-07-24 19:47:26, 2026-07-24 20:02:36", "cumulative_total": 65.0 }, "geometry": { "type": "Polygon", "coordinates": [ [ [ -74.638502036128784, 46.156685228985687 ], [ -74.644960756474205, 46.159303576578147 ], [ -74.644927331225418, 46.164499680131549 ], [ -74.638433966375686, 46.167077428772764 ], [ -74.631974650461984, 46.164458714198744 ], [ -74.632009294963098, 46.159262618031235 ], [ -74.638502036128784, 46.156685228985687 ] ] ] } },
{ "type": "Feature", "properties": { "hex_id": 472616, "centroid_lon": -74.631939996419462, "centroid_lat": 46.169654805601617, "occurrences_today": 6, "datetimes_today": "2026-07-24 18:47:12, 2026-07-24 19:01:49, 2026-07-24 19:17:25, 2026-07-24 19:31:42, 2026-07-24 19:47:26, 2026-07-24 20:02:36", "cumulative_total": 127.0 }, "geometry": { "type": "Polygon", "coordinates": [ [ [ -74.631974650461984, 46.164458714198744 ], [ -74.638433966375686, 46.167077428772764 ], [ -74.638399917438051, 46.172273521520381 ], [ -74.631905332832247, 46.174850892239881 ], [ -74.62544542135997, 46.172231810519406 ], [ -74.625480690048803, 46.167035725292088 ], [ -74.631974650461984, 46.164458714198744 ] ] ] } },
{ "type": "Feature", "properties": { "hex_id": 568424, "centroid_lon": -73.630805801845014, "centroid_lat": 45.530668193804935, "occurrences_today": 6, "datetimes_today": "2026-07-24 22:31:39, 2026-07-24 22:46:42, 2026-07-24 23:01:38, 2026-07-24 23:17:39, 2026-07-24 23:32:04, 2026-07-24 23:47:06", "cumulative_total": 118.0 }, "geometry": { "type": "Polygon", "coordinates": [ [ [ -73.630931864827687, 45.525472897393982 ], [ -73.637270054527747, 45.52814710263366 ], [ -73.637144563355434, 45.533342410329247 ], [ -73.630679704424466, 45.535863485197332 ], [ -73.62434097735769, 45.533188911262584 ], [ -73.624467646577031, 45.527993631219374 ], [ -73.630931864827687, 45.525472897393982 ] ] ] } },
{ "type": "Feature", "properties": { "hex_id": 1323799, "centroid_lon": -65.264346822968562, "centroid_lat": 48.031566575594795, "occurrences_today": 6, "datetimes_today": "2026-07-24 05:22:07, 2026-07-24 05:33:06, 2026-07-24 05:46:52, 2026-07-24 06:18:29, 2026-07-24 06:31:43, 2026-07-24 06:47:25", "cumulative_total": 39.0 }, "geometry": { "type": "Polygon", "coordinates": [ [ [ -65.265320419944004, 48.026446974874901 ], [ -65.271443629646086, 48.029572156230081 ], [ -65.270470532627073, 48.034691848144902 ], [ -65.263372954844598, 48.036686156821744 ], [ -65.257249516382188, 48.033560513731523 ], [ -65.258223884367396, 48.028441023762923 ], [ -65.265320419944004, 48.026446974874901 ] ] ] } },
{ "type": "Feature", "properties": { "hex_id": 568430, "centroid_lon": -73.628530768054802, "centroid_lat": 45.624182670949693, "occurrences_today": 2, "datetimes_today": "2026-07-24 15:31:41, 2026-07-24 15:56:02", "cumulative_total": 103.0 }, "geometry": { "type": "Polygon", "coordinates": [ [ [ -73.62865745269292, 45.618987464885009 ], [ -73.635005958737878, 45.621661873628156 ], [ -73.634879848708152, 45.626857091022252 ], [ -73.628404048769795, 45.629377871994414 ], [ -73.622055002769159, 45.626703093347381 ], [ -73.622182296650891, 45.621507903696838 ], [ -73.62865745269292, 45.618987464885009 ] ] ] } },
{ "type": "Feature", "properties": { "hex_id": 569040, "centroid_lon": -73.622309555729871, "centroid_lat": 45.616312709023838, "occurrences_today": 2, "datetimes_today": "2026-07-24 15:31:41, 2026-07-24 15:56:02", "cumulative_total": 515.0 }, "geometry": { "type": "Polygon", "coordinates": [ [ [ -73.622436780017793, 45.611117509328437 ], [ -73.628784102695818, 45.613792253800433 ], [ -73.62865745269292, 45.618987464885009 ], [ -73.622182296650891, 45.621507903696838 ], [ -73.615834434484725, 45.618832789362827 ], [ -73.615962267837034, 45.613637606143733 ], [ -73.622436780017793, 45.611117509328437 ] ] ] } },
{ "type": "Feature", "properties": { "hex_id": 598320, "centroid_lon": -73.325699664502892, "centroid_lat": 45.238172497523614, "occurrences_today": 5, "datetimes_today": "2026-07-24 00:16:40, 2026-07-24 00:31:58, 2026-07-24 00:46:49, 2026-07-24 01:01:55, 2026-07-24 01:16:40", "cumulative_total": 60.0 }, "geometry": { "type": "Polygon", "coordinates": [ [ [ -73.32585224836636, 45.232977670046402 ], [ -73.332143356746798, 45.235668271186142 ], [ -73.331991331846453, 45.240863112875289 ], [ -73.325547039107363, 45.24336731985165 ], [ -73.319255413302756, 45.240676350892358 ], [ -73.319408597647595, 45.235481542840098 ], [ -73.32585224836636, 45.232977670046402 ] ] ] } },
{ "type": "Feature", "properties": { "hex_id": 553160, "centroid_lon": -73.791351797566179, "centroid_lat": 45.50909433956167, "occurrences_today": 22, "datetimes_today": "2026-07-24 08:18:28, 2026-07-24 08:31:40, 2026-07-24 08:46:43, 2026-07-24 09:01:53, 2026-07-24 09:31:43, 2026-07-24 09:47:55, 2026-07-24 10:01:44, 2026-07-24 10:16:49, 2026-07-24 10:31:51, 2026-07-24 10:46:43, 2026-07-24 11:01:43, 2026-07-24 11:31:41, 2026-07-24 12:02:19, 2026-07-24 12:19:32, 2026-07-24 12:32:06, 2026-07-24 12:46:46, 2026-07-24 12:59:03, 2026-07-24 13:17:09, 2026-07-24 13:33:01, 2026-07-24 13:46:46, 2026-07-24 14:02:07, 2026-07-24 14:17:02", "cumulative_total": 105.0 }, "geometry": { "type": "Polygon", "coordinates": [ [ [ -73.791462997613692, 45.503898695392927 ], [ -73.797806575134672, 45.506564053525985 ], [ -73.797695948410777, 45.511759707384449 ], [ -73.791240567147042, 45.514289978771529 ], [ -73.784896446679156, 45.511624253724513 ], [ -73.785008250411735, 45.506428624268906 ], [ -73.791462997613692, 45.503898695392927 ] ] ] } },
{ "type": "Feature", "properties": { "hex_id": 554381, "centroid_lon": -73.778552930056946, "centroid_lat": 45.508958181243685, "occurrences_today": 21, "datetimes_today": "2026-07-24 08:31:40, 2026-07-24 08:46:43, 2026-07-24 09:01:53, 2026-07-24 09:31:43, 2026-07-24 09:47:55, 2026-07-24 10:01:44, 2026-07-24 10:16:49, 2026-07-24 10:31:51, 2026-07-24 10:46:43, 2026-07-24 11:01:43, 2026-07-24 11:31:41, 2026-07-24 12:02:19, 2026-07-24 12:19:32, 2026-07-24 12:32:06, 2026-07-24 12:46:46, 2026-07-24 12:59:03, 2026-07-24 13:17:09, 2026-07-24 13:33:01, 2026-07-24 13:46:46, 2026-07-24 14:02:07, 2026-07-24 14:17:02", "cumulative_total": 98.0 }, "geometry": { "type": "Polygon", "coordinates": [ [ [ -73.778665306937228, 45.50376256160466 ], [ -73.785008250411735, 45.506428624268906 ], [ -73.784896446679156, 45.511624253724513 ], [ -73.778440522483834, 45.514153795919356 ], [ -73.772097036559629, 45.511487366222141 ], [ -73.772210017270154, 45.506291761427576 ], [ -73.778665306937228, 45.50376256160466 ] ] ] } },
{ "type": "Feature", "properties": { "hex_id": 774858, "centroid_lon": -71.383663413894311, "centroid_lat": 46.806733465340834, "occurrences_today": 1, "datetimes_today": "2026-07-24 22:02:06", "cumulative_total": 135.0 }, "geometry": { "type": "Polygon", "coordinates": [ [ [ -71.384011330054093, 46.801548207855717 ], [ -71.390377180702799, 46.804347543256242 ], [ -71.390029842281436, 46.809532834628833 ], [ -71.383315401296755, 46.811918716119095 ], [ -71.376949069364116, 46.809118975468863 ], [ -71.377297659666695, 46.803933758644824 ], [ -71.384011330054093, 46.801548207855717 ] ] ] } },
{ "type": "Feature", "properties": { "hex_id": 775469, "centroid_lon": -71.376600382434532, "centroid_lat": 46.8143041855786, "occurrences_today": 1, "datetimes_today": "2026-07-24 22:02:06", "cumulative_total": 124.0 }, "geometry": { "type": "Polygon", "coordinates": [ [ [ -71.376949069364116, 46.809118975468863 ], [ -71.383315401296755, 46.811918716119095 ], [ -71.382967292228003, 46.817103960189812 ], [ -71.376251598844419, 46.819489388973352 ], [ -71.369884785728217, 46.816689242912169 ], [ -71.370234147145652, 46.811504073545152 ], [ -71.376949069364116, 46.809118975468863 ] ] ] } },
{ "type": "Feature", "properties": { "hex_id": 776079, "centroid_lon": -71.370583411746779, "centroid_lat": 46.806318897456372, "occurrences_today": 1, "datetimes_today": "2026-07-24 22:02:06", "cumulative_total": 74.0 }, "geometry": { "type": "Polygon", "coordinates": [ [ [ -71.370932579565121, 46.801133714646518 ], [ -71.377297659666695, 46.803933758644824 ], [ -71.376949069364116, 46.809118975468863 ], [ -71.370234147145652, 46.811504073545152 ], [ -71.363868586327854, 46.808703624195189 ], [ -71.36421842841122, 46.803518482187329 ], [ -71.370932579565121, 46.801133714646518 ] ] ] } },
{ "type": "Feature", "properties": { "hex_id": 526898, "centroid_lon": -74.06924223993343, "centroid_lat": 45.347995141116712, "occurrences_today": 5, "datetimes_today": "2026-07-24 10:16:49, 2026-07-24 10:31:51, 2026-07-24 10:46:43, 2026-07-24 11:01:43, 2026-07-24 11:31:41", "cumulative_total": 102.0 }, "geometry": { "type": "Polygon", "coordinates": [ [ [ -74.06932739617497, 45.342798878500531 ], [ -74.075666394887747, 45.345448836751842 ], [ -74.075581810800713, 45.350645106270306 ], [ -74.069157060476101, 45.353191398859728 ], [ -74.06281751282846, 45.350541078361637 ], [ -74.062903264432521, 45.345344827585109 ], [ -74.06932739617497, 45.342798878500531 ] ] ] } },
{ "type": "Feature", "properties": { "hex_id": 691138, "centroid_lon": -72.342221048945561, "centroid_lat": 45.562512126477202, "occurrences_today": 29, "datetimes_today": "2026-07-24 04:31:38, 2026-07-24 04:46:53, 2026-07-24 05:01:54, 2026-07-24 05:22:07, 2026-07-24 05:33:06, 2026-07-24 05:46:52, 2026-07-24 06:18:29, 2026-07-24 06:31:43, 2026-07-24 06:47:25, 2026-07-24 07:16:53, 2026-07-24 07:31:42, 2026-07-24 08:03:56, 2026-07-24 08:18:28, 2026-07-24 08:31:40, 2026-07-24 08:46:43, 2026-07-24 09:01:53, 2026-07-24 09:31:43, 2026-07-24 09:47:55, 2026-07-24 10:01:44, 2026-07-24 10:16:49, 2026-07-24 10:31:51, 2026-07-24 10:46:43, 2026-07-24 11:01:43, 2026-07-24 11:31:41, 2026-07-24 12:02:19, 2026-07-24 12:19:32, 2026-07-24 12:32:06, 2026-07-24 12:46:46, 2026-07-24 12:59:03", "cumulative_total": 113.0 }, "geometry": { "type": "Polygon", "coordinates": [ [ [ -72.342465960664569, 45.55732097171191 ], [ -72.348743287366958, 45.560065365791687 ], [ -72.348498930365309, 45.565256544466514 ], [ -72.341976070348878, 45.567703275475829 ], [ -72.335698255818016, 45.564958500709636 ], [ -72.335943789109635, 45.559767375684821 ], [ -72.342465960664569, 45.55732097171191 ] ] ] } },
{ "type": "Feature", "properties": { "hex_id": 566593, "centroid_lon": -73.649823905149688, "centroid_lat": 45.538689804798906, "occurrences_today": 44, "datetimes_today": "2026-07-24 09:01:53, 2026-07-24 09:31:43, 2026-07-24 09:47:55, 2026-07-24 10:01:44, 2026-07-24 10:16:49, 2026-07-24 10:31:51, 2026-07-24 10:46:43, 2026-07-24 11:01:43, 2026-07-24 11:31:41, 2026-07-24 12:02:19, 2026-07-24 12:19:32, 2026-07-24 12:32:06, 2026-07-24 12:46:46, 2026-07-24 12:59:03, 2026-07-24 13:17:09, 2026-07-24 13:33:01, 2026-07-24 13:46:46, 2026-07-24 14:02:07, 2026-07-24 14:17:02, 2026-07-24 14:47:11, 2026-07-24 15:02:07, 2026-07-24 15:17:47, 2026-07-24 15:31:41, 2026-07-24 15:56:02, 2026-07-24 16:16:41, 2026-07-24 16:31:40, 2026-07-24 16:47:02, 2026-07-24 17:01:51, 2026-07-24 17:16:43, 2026-07-24 17:31:38, 2026-07-24 17:46:45, 2026-07-24 18:02:14, 2026-07-24 18:16:45, 2026-07-24 18:32:11, 2026-07-24 18:47:12, 2026-07-24 19:01:49, 2026-07-24 19:17:25, 2026-07-24 19:31:42, 2026-07-24 19:47:26, 2026-07-24 20:02:36, 2026-07-24 20:31:41, 2026-07-24 20:47:09, 2026-07-24 21:02:52, 2026-07-24 21:31:53", "cumulative_total": 229.0 }, "geometry": { "type": "Polygon", "coordinates": [ [ [ -73.649948252201725, 45.533494474720356 ], [ -73.656288260198522, 45.536167641369829 ], [ -73.656164485456443, 45.541362982546694 ], [ -73.649699524124998, 45.543885129866283 ], [ -73.643358977796609, 45.541211594597968 ], [ -73.643483931119832, 45.536016280693502 ], [ -73.649948252201725, 45.533494474720356 ] ] ] } },
{ "type": "Feature", "properties": { "hex_id": 567814, "centroid_lon": -73.637019037900259, "centroid_lat": 45.538537713008722, "occurrences_today": 50, "datetimes_today": "2026-07-24 09:01:53, 2026-07-24 09:31:43, 2026-07-24 09:47:55, 2026-07-24 10:01:44, 2026-07-24 10:16:49, 2026-07-24 10:31:51, 2026-07-24 10:46:43, 2026-07-24 11:01:43, 2026-07-24 11:31:41, 2026-07-24 12:02:19, 2026-07-24 12:19:32, 2026-07-24 12:32:06, 2026-07-24 12:46:46, 2026-07-24 12:59:03, 2026-07-24 13:17:09, 2026-07-24 13:33:01, 2026-07-24 13:46:46, 2026-07-24 14:02:07, 2026-07-24 14:17:02, 2026-07-24 14:47:11, 2026-07-24 15:02:07, 2026-07-24 15:17:47, 2026-07-24 15:31:41, 2026-07-24 15:56:02, 2026-07-24 16:16:41, 2026-07-24 16:31:40, 2026-07-24 16:47:02, 2026-07-24 17:01:51, 2026-07-24 17:16:43, 2026-07-24 17:31:38, 2026-07-24 17:46:45, 2026-07-24 18:02:14, 2026-07-24 18:16:45, 2026-07-24 18:32:11, 2026-07-24 18:47:12, 2026-07-24 19:01:49, 2026-07-24 19:17:25, 2026-07-24 19:31:42, 2026-07-24 19:47:26, 2026-07-24 20:02:36, 2026-07-24 20:31:41, 2026-07-24 20:47:09, 2026-07-24 21:02:52, 2026-07-24 21:31:53, 2026-07-24 22:31:39, 2026-07-24 22:46:42, 2026-07-24 23:01:38, 2026-07-24 23:17:39, 2026-07-24 23:32:04, 2026-07-24 23:47:06", "cumulative_total": 191.0 }, "geometry": { "type": "Polygon", "coordinates": [ [ [ -73.637144563355434, 45.533342410329247 ], [ -73.643483931119832, 45.536016280693502 ], [ -73.643358977796609, 45.541211594597968 ], [ -73.636893478150725, 45.543733010672007 ], [ -73.630553572554504, 45.541058771571045 ], [ -73.630679704424466, 45.535863485197332 ], [ -73.637144563355434, 45.533342410329247 ] ] ] } },
{ "type": "Feature", "properties": { "hex_id": 556814, "centroid_lon": -73.756042230123967, "centroid_lat": 45.368399433663001, "occurrences_today": 2, "datetimes_today": "2026-07-24 23:17:39, 2026-07-24 23:32:04", "cumulative_total": 269.0 }, "geometry": { "type": "Polygon", "coordinates": [ [ [ -73.756156118482266, 45.363203729624679 ], [ -73.762482385531186, 45.365870929879186 ], [ -73.762369065792711, 45.371066643927023 ], [ -73.755928310712491, 45.373595132730536 ], [ -73.749601506102096, 45.370927567004252 ], [ -73.749715994122994, 45.365731878010429 ], [ -73.756156118482266, 45.363203729624679 ] ] ] } },
{ "type": "Feature", "properties": { "hex_id": 573917, "centroid_lon": -73.573784227759532, "centroid_lat": 45.506584684182052, "occurrences_today": 23, "datetimes_today": "2026-07-24 09:01:53, 2026-07-24 09:31:43, 2026-07-24 09:47:55, 2026-07-24 10:01:44, 2026-07-24 10:16:49, 2026-07-24 10:31:51, 2026-07-24 10:46:43, 2026-07-24 11:01:43, 2026-07-24 11:31:41, 2026-07-24 12:02:19, 2026-07-24 12:19:32, 2026-07-24 12:32:06, 2026-07-24 12:46:46, 2026-07-24 12:59:03, 2026-07-24 13:17:09, 2026-07-24 13:33:01, 2026-07-24 13:46:46, 2026-07-24 14:02:07, 2026-07-24 14:17:02, 2026-07-24 14:47:11, 2026-07-24 15:02:07, 2026-07-24 15:17:47, 2026-07-24 16:47:02", "cumulative_total": 504.0 }, "geometry": { "type": "Polygon", "coordinates": [ [ [ -73.573915429542865, 45.501389492123373 ], [ -73.580248164980915, 45.504066807800697 ], [ -73.580117533509494, 45.509262011701921 ], [ -73.573652990145789, 45.511779871199337 ], [ -73.567319720232248, 45.509102186600096 ], [ -73.567451528145881, 45.503907011489844 ], [ -73.573915429542865, 45.501389492123373 ] ] ] } },
{ "type": "Feature", "properties": { "hex_id": 573908, "centroid_lon": -73.577314138696465, "centroid_lat": 45.366312729352487, "occurrences_today": 5, "datetimes_today": "2026-07-24 21:31:53, 2026-07-24 21:47:22, 2026-07-24 22:02:06, 2026-07-24 22:31:39, 2026-07-24 22:46:42", "cumulative_total": 250.0 }, "geometry": { "type": "Polygon", "coordinates": [ [ [ -73.577444377583575, 45.361117401209086 ], [ -73.583761772815777, 45.363794398108396 ], [ -73.583632100088224, 45.368989738025121 ], [ -73.577183864301489, 45.371508052456839 ], [ -73.570865938423523, 45.368830688441925 ], [ -73.570996778966204, 45.363635377175065 ], [ -73.577444377583575, 45.361117401209086 ] ] ] } },
{ "type": "Feature", "properties": { "hex_id": 575129, "centroid_lon": -73.564548614360177, "centroid_lat": 45.366152980958915, "occurrences_today": 10, "datetimes_today": "2026-07-24 05:46:52, 2026-07-24 06:18:29, 2026-07-24 06:31:43, 2026-07-24 06:47:25, 2026-07-24 07:16:53, 2026-07-24 07:31:42, 2026-07-24 08:03:56, 2026-07-24 08:18:28, 2026-07-24 08:31:40, 2026-07-24 08:46:43", "cumulative_total": 266.0 }, "geometry": { "type": "Polygon", "coordinates": [ [ [ -73.564680020885561, 45.360957681591152 ], [ -73.570996778966204, 45.363635377175065 ], [ -73.570865938423523, 45.368830688441925 ], [ -73.564417172008845, 45.371348275282415 ], [ -73.558099883777444, 45.368670212466299 ], [ -73.558231892099485, 45.363474930106072 ], [ -73.564680020885561, 45.360957681591152 ] ] ] } },
{ "type": "Feature", "properties": { "hex_id": 581853, "centroid_lon": -73.490812835758007, "centroid_lat": 45.497723137944774, "occurrences_today": 11, "datetimes_today": "2026-07-24 07:16:53, 2026-07-24 07:31:42, 2026-07-24 08:03:56, 2026-07-24 08:18:28, 2026-07-24 08:31:40, 2026-07-24 08:46:43, 2026-07-24 09:01:53, 2026-07-24 20:47:09, 2026-07-24 21:02:52, 2026-07-24 21:31:53, 2026-07-24 21:47:22", "cumulative_total": 173.0 }, "geometry": { "type": "Polygon", "coordinates": [ [ [ -73.490951625745595, 45.492528130845947 ], [ -73.497279326809192, 45.495209988513835 ], [ -73.497141105739246, 45.500405008272097 ], [ -73.490674007873167, 45.502918139967221 ], [ -73.484345775795518, 45.500235912718949 ], [ -73.484485172585281, 45.49504092342039 ], [ -73.490951625745595, 45.492528130845947 ] ] ] } },
{ "type": "Feature", "properties": { "hex_id": 1024056, "centroid_lon": -68.507245395277124, "centroid_lat": 48.457039516975684, "occurrences_today": 2, "datetimes_today": "2026-07-24 16:16:41, 2026-07-24 16:31:40", "cumulative_total": 66.0 }, "geometry": { "type": "Polygon", "coordinates": [ [ [ -68.507906210896081, 48.451878755167527 ], [ -68.514294894221237, 48.454839614414567 ], [ -68.513634657498372, 48.4600004391067 ], [ -68.506584392939772, 48.462200267366534 ], [ -68.500195317470485, 48.45923895796092 ], [ -68.500856898636769, 48.45407827052275 ], [ -68.507906210896081, 48.451878755167527 ] ] ] } },
{ "type": "Feature", "properties": { "hex_id": 61312, "centroid_lon": -79.201832426106193, "centroid_lat": 48.78979396789812, "occurrences_today": 4, "datetimes_today": "2026-07-24 18:16:45, 2026-07-24 18:32:11, 2026-07-24 18:47:12, 2026-07-24 19:01:49", "cumulative_total": 84.0 }, "geometry": { "type": "Polygon", "coordinates": [ [ [ -79.201399210016191, 48.784614130150636 ], [ -79.208404456064557, 48.786955939743962 ], [ -79.208838428916266, 48.792135728753721 ], [ -79.202265765694975, 48.79497379809257 ], [ -79.19525963936357, 48.792631640139561 ], [ -79.194827056581587, 48.787451761278973 ], [ -79.201399210016191, 48.784614130150636 ] ] ] } },
{ "type": "Feature", "properties": { "hex_id": 61313, "centroid_lon": -79.203132815549353, "centroid_lat": 48.805333435818369, "occurrences_today": 2, "datetimes_today": "2026-07-24 19:17:25, 2026-07-24 19:31:42", "cumulative_total": 97.0 }, "geometry": { "type": "Polygon", "coordinates": [ [ [ -79.202699228827655, 48.800153620732978 ], [ -79.209706745818622, 48.802495284084074 ], [ -79.210141089959677, 48.8076750504027 ], [ -79.203566525905188, 48.810513243347728 ], [ -79.196558127838131, 48.808171231451091 ], [ -79.196125174946786, 48.802991375226604 ], [ -79.202699228827655, 48.800153620732978 ] ] ] } },
{ "type": "Feature", "properties": { "hex_id": 472006, "centroid_lon": -74.638365859122075, "centroid_lat": 46.177469609504108, "occurrences_today": 6, "datetimes_today": "2026-07-24 18:47:12, 2026-07-24 19:01:49, 2026-07-24 19:17:25, 2026-07-24 19:31:42, 2026-07-24 19:47:26, 2026-07-24 20:02:36", "cumulative_total": 127.0 }, "geometry": { "type": "Polygon", "coordinates": [ [ [ -74.638399917438051, 46.172273521520381 ], [ -74.644860453107825, 46.174891872948628 ], [ -74.644827000232681, 46.180087962212362 ], [ -74.638331791424577, 46.182665692723987 ], [ -74.6318706596971, 46.180046974113566 ], [ -74.631905332832247, 46.174850892239881 ], [ -74.638399917438051, 46.172273521520381 ] ] ] } },
{ "type": "Feature", "properties": { "hex_id": 472615, "centroid_lon": -74.632043929926056, "centroid_lat": 46.154066517099054, "occurrences_today": 6, "datetimes_today": "2026-07-24 18:47:12, 2026-07-24 19:01:49, 2026-07-24 19:17:25, 2026-07-24 19:31:42, 2026-07-24 19:47:26, 2026-07-24 20:02:36", "cumulative_total": 72.0 }, "geometry": { "type": "Polygon", "coordinates": [ [ [ -74.632078555354127, 46.148870411402157 ], [ -74.638536056950628, 46.15148912194617 ], [ -74.638502036128784, 46.156685228985687 ], [ -74.632009294963098, 46.159262618031235 ], [ -74.625551198296904, 46.156643540541388 ], [ -74.625586437862822, 46.151447441017957 ], [ -74.632078555354127, 46.148870411402157 ] ] ] } },
{ "type": "Feature", "properties": { "hex_id": 472617, "centroid_lon": -74.631835977010766, "centroid_lat": 46.185243051222699, "occurrences_today": 6, "datetimes_today": "2026-07-24 18:47:12, 2026-07-24 19:01:49, 2026-07-24 19:17:25, 2026-07-24 19:31:42, 2026-07-24 19:47:26, 2026-07-24 20:02:36", "cumulative_total": 57.0 }, "geometry": { "type": "Polygon", "coordinates": [ [ [ -74.6318706596971, 46.180046974113566 ], [ -74.638331791424577, 46.182665692723987 ], [ -74.638297714342329, 46.187861771180025 ], [ -74.631801284769963, 46.190439123567351 ], [ -74.625339556994504, 46.187820037609725 ], [ -74.625374854836139, 46.1826239666782 ], [ -74.6318706596971, 46.180046974113566 ] ] ] } },
{ "type": "Feature", "properties": { "hex_id": 473226, "centroid_lon": -74.625515949026678, "centroid_lat": 46.16183963529943, "occurrences_today": 6, "datetimes_today": "2026-07-24 18:47:12, 2026-07-24 19:01:49, 2026-07-24 19:17:25, 2026-07-24 19:31:42, 2026-07-24 19:47:26, 2026-07-24 20:02:36", "cumulative_total": 65.0 }, "geometry": { "type": "Polygon", "coordinates": [ [ [ -74.625551198296904, 46.156643540541388 ], [ -74.632009294963098, 46.159262618031235 ], [ -74.631974650461984, 46.164458714198744 ], [ -74.625480690048803, 46.167035725292088 ], [ -74.619021998322793, 46.164416280691547 ], [ -74.61905786206647, 46.159220192174523 ], [ -74.625551198296904, 46.156643540541388 ] ] ] } },
{ "type": "Feature", "properties": { "hex_id": 473227, "centroid_lon": -74.625410142956852, "centroid_lat": 46.177427890981434, "occurrences_today": 6, "datetimes_today": "2026-07-24 18:47:12, 2026-07-24 19:01:49, 2026-07-24 19:17:25, 2026-07-24 19:31:42, 2026-07-24 19:47:26, 2026-07-24 20:02:36", "cumulative_total": 61.0 }, "geometry": { "type": "Polygon", "coordinates": [ [ [ -74.62544542135997, 46.172231810519406 ], [ -74.631905332832247, 46.174850892239881 ], [ -74.6318706596971, 46.180046974113566 ], [ -74.625374854836139, 46.1826239666782 ], [ -74.618914347815135, 46.180004517646346 ], [ -74.618950241200508, 46.17480844342743 ], [ -74.62544542135997, 46.172231810519406 ] ] ] } },
{ "type": "Feature", "properties": { "hex_id": 473836, "centroid_lon": -74.61909371593633, "centroid_lat": 46.154024098891391, "occurrences_today": 6, "datetimes_today": "2026-07-24 18:47:12, 2026-07-24 19:01:49, 2026-07-24 19:17:25, 2026-07-24 19:31:42, 2026-07-24 19:47:26, 2026-07-24 20:02:36", "cumulative_total": 170.0 }, "geometry": { "type": "Polygon", "coordinates": [ [ [ -74.619129559935757, 46.148828000842116 ], [ -74.625586437862822, 46.151447441017957 ], [ -74.625551198296904, 46.156643540541388 ], [ -74.61905786206647, 46.159220192174523 ], [ -74.61260038957802, 46.156600384923806 ], [ -74.612636847878036, 46.151404293180967 ], [ -74.619129559935757, 46.148828000842116 ] ] ] } },
{ "type": "Feature", "properties": { "hex_id": 473837, "centroid_lon": -74.618986124701934, "centroid_lat": 46.169612364442507, "occurrences_today": 6, "datetimes_today": "2026-07-24 18:47:12, 2026-07-24 19:01:49, 2026-07-24 19:17:25, 2026-07-24 19:31:42, 2026-07-24 19:47:26, 2026-07-24 20:02:36", "cumulative_total": 225.0 }, "geometry": { "type": "Polygon", "coordinates": [ [ [ -74.619021998322793, 46.164416280691547 ], [ -74.625480690048803, 46.167035725292088 ], [ -74.62544542135997, 46.172231810519406 ], [ -74.618950241200508, 46.17480844342743 ], [ -74.6124909544247, 46.172188631551329 ], [ -74.612527442854798, 46.166992554108958 ], [ -74.619021998322793, 46.164416280691547 ] ] ] } },
{ "type": "Feature", "properties": { "hex_id": 473838, "centroid_lon": -74.61887844454246, "centroid_lat": 46.185200587099288, "occurrences_today": 6, "datetimes_today": "2026-07-24 18:47:12, 2026-07-24 19:01:49, 2026-07-24 19:17:25, 2026-07-24 19:31:42, 2026-07-24 19:47:26, 2026-07-24 20:02:36", "cumulative_total": 123.0 }, "geometry": { "type": "Polygon", "coordinates": [ [ [ -74.618914347815135, 46.180004517646346 ], [ -74.625374854836139, 46.1826239666782 ], [ -74.625339556994504, 46.187820037609725 ], [ -74.618842531379087, 46.190396651786287 ], [ -74.612381428819418, 46.187776835278058 ], [ -74.612417947410464, 46.182580772135857 ], [ -74.618914347815135, 46.180004517646346 ] ] ] } },
{ "type": "Feature", "properties": { "hex_id": 474447, "centroid_lon": -74.612563921238078, "centroid_lat": 46.161796471899798, "occurrences_today": 6, "datetimes_today": "2026-07-24 18:47:12, 2026-07-24 19:01:49, 2026-07-24 19:17:25, 2026-07-24 19:31:42, 2026-07-24 19:47:26, 2026-07-24 20:02:36", "cumulative_total": 240.0 }, "geometry": { "type": "Polygon", "coordinates": [ [ [ -74.61260038957802, 46.156600384923806 ], [ -74.61905786206647, 46.159220192174523 ], [ -74.619021998322793, 46.164416280691547 ], [ -74.612527442854798, 46.166992554108958 ], [ -74.606069375815153, 46.16437237961852 ], [ -74.606106458791274, 46.159176299016558 ], [ -74.61260038957802, 46.156600384923806 ] ] ] } },
{ "type": "Feature", "properties": { "hex_id": 474448, "centroid_lon": -74.612454455944402, "centroid_lat": 46.177384704226945, "occurrences_today": 6, "datetimes_today": "2026-07-24 18:47:12, 2026-07-24 19:01:49, 2026-07-24 19:17:25, 2026-07-24 19:31:42, 2026-07-24 19:47:26, 2026-07-24 20:02:36", "cumulative_total": 156.0 }, "geometry": { "type": "Polygon", "coordinates": [ [ [ -74.6124909544247, 46.172188631551329 ], [ -74.618950241200508, 46.17480844342743 ], [ -74.618914347815135, 46.180004517646346 ], [ -74.612417947410464, 46.182580772135857 ], [ -74.605958065595104, 46.179960592819263 ], [ -74.605995179220557, 46.174764526519844 ], [ -74.6124909544247, 46.172188631551329 ] ] ] } },
{ "type": "Feature", "properties": { "hex_id": 584312, "centroid_lon": -73.457973998148745, "centroid_lat": 45.762317592813375, "occurrences_today": 1, "datetimes_today": "2026-07-24 14:47:11", "cumulative_total": 510.0 }, "geometry": { "type": "Polygon", "coordinates": [ [ [ -73.458117121260429, 45.75712290674079 ], [ -73.464472726252083, 45.759806828221635 ], [ -73.464330179612617, 45.765001527348467 ], [ -73.457830835831189, 45.767512273793237 ], [ -73.451474693579812, 45.764827979054438 ], [ -73.451618432356341, 45.759633311193902 ], [ -73.458117121260429, 45.75712290674079 ] ] ] } },
{ "type": "Feature", "properties": { "hex_id": 620346, "centroid_lon": -73.071007986351759, "centroid_lat": 45.982488127705309, "occurrences_today": 2, "datetimes_today": "2026-07-24 06:18:29, 2026-07-24 09:01:53", "cumulative_total": 101.0 }, "geometry": { "type": "Polygon", "coordinates": [ [ [ -73.071188393005855, 45.977294707084759 ], [ -73.077549465662429, 45.980000160017312 ], [ -73.077369636788831, 45.985193597586871 ], [ -73.070827530153352, 45.987681543035265 ], [ -73.064465929269005, 45.98497571044755 ], [ -73.064646963231056, 45.97978231213208 ], [ -73.071188393005855, 45.977294707084759 ] ] ] } },
{ "type": "Feature", "properties": { "hex_id": 620347, "centroid_lon": -73.070466469056285, "centroid_lat": 45.998068357822753, "occurrences_today": 2, "datetimes_today": "2026-07-24 06:18:29, 2026-07-24 09:01:53", "cumulative_total": 92.0 }, "geometry": { "type": "Polygon", "coordinates": [ [ [ -73.070647024393807, 45.99287495307447 ], [ -73.077009830862337, 45.995580456864701 ], [ -73.076829853775919, 46.000773878572659 ], [ -73.070285864123946, 46.003261757279958 ], [ -73.063922529007584, 46.00055587362742 ], [ -73.064103712174159, 45.995362491195387 ], [ -73.070647024393807, 45.99287495307447 ] ] ] } },
{ "type": "Feature", "properties": { "hex_id": 620956, "centroid_lon": -73.064827947492077, "centroid_lat": 45.974588908522428, "occurrences_today": 2, "datetimes_today": "2026-07-24 06:18:29, 2026-07-24 09:01:53", "cumulative_total": 77.0 }, "geometry": { "type": "Polygon", "coordinates": [ [ [ -73.065008882068909, 45.96939549961882 ], [ -73.071368750132478, 45.972101281173799 ], [ -73.071188393005855, 45.977294707084759 ], [ -73.064646963231056, 45.97978231213208 ], [ -73.058286567409894, 45.977076150968138 ], [ -73.058468129104241, 45.9718827644313 ], [ -73.065008882068909, 45.96939549961882 ] ] ] } },
{ "type": "Feature", "properties": { "hex_id": 620957, "centroid_lon": -73.064284845588986, "centroid_lat": 45.990169103468723, "occurrences_today": 2, "datetimes_today": "2026-07-24 06:18:29, 2026-07-24 09:01:53", "cumulative_total": 92.0 }, "geometry": { "type": "Polygon", "coordinates": [ [ [ -73.064465929269005, 45.98497571044755 ], [ -73.070827530153352, 45.987681543035265 ], [ -73.070647024393807, 45.99287495307447 ], [ -73.064103712174159, 45.995362491195387 ], [ -73.05774158311263, 45.992656278791621 ], [ -73.057923294431021, 45.987462908148466 ], [ -73.064465929269005, 45.98497571044755 ] ] ] } },
{ "type": "Feature", "properties": { "hex_id": 620958, "centroid_lon": -73.063741296072365, "centroid_lat": 46.00574925076463, "occurrences_today": 2, "datetimes_today": "2026-07-24 06:18:29, 2026-07-24 09:01:53", "cumulative_total": 92.0 }, "geometry": { "type": "Polygon", "coordinates": [ [ [ -73.063922529007584, 46.00055587362742 ], [ -73.070285864123946, 46.003261757279958 ], [ -73.070105209579935, 46.008455151445908 ], [ -73.063560013351605, 46.010942622606862 ], [ -73.05719614963806, 46.008236358931065 ], [ -73.057378010733117, 46.003043004183098 ], [ -73.063922529007584, 46.00055587362742 ] ] ] } },
{ "type": "Feature", "properties": { "hex_id": 621566, "centroid_lon": -73.058649640957768, "centroid_lat": 45.96668937259691, "occurrences_today": 2, "datetimes_today": "2026-07-24 06:18:29, 2026-07-24 09:01:53", "cumulative_total": 77.0 }, "geometry": { "type": "Polygon", "coordinates": [ [ [ -73.058831102987412, 45.961495975465134 ], [ -73.06518976697842, 45.964202085421391 ], [ -73.065008882068909, 45.96939549961882 ], [ -73.058468129104241, 45.9718827644313 ], [ -73.05210893782548, 45.969176274912343 ], [ -73.0522910267822, 45.963982900209039 ], [ -73.058831102987412, 45.961495975465134 ] ] ] } },
{ "type": "Feature", "properties": { "hex_id": 621567, "centroid_lon": -73.0581049558578, "centroid_lat": 45.982269532207248, "occurrences_today": 2, "datetimes_today": "2026-07-24 06:18:29, 2026-07-24 09:01:53", "cumulative_total": 77.0 }, "geometry": { "type": "Polygon", "coordinates": [ [ [ -73.058286567409894, 45.977076150968138 ], [ -73.064646963231056, 45.97978231213208 ], [ -73.064465929269005, 45.98497571044755 ], [ -73.057923294431021, 45.987462908148466 ], [ -73.051562370902985, 45.984756367214786 ], [ -73.051744609902855, 45.979563008415404 ], [ -73.058286567409894, 45.977076150968138 ] ] ] } },
{ "type": "Feature", "properties": { "hex_id": 621568, "centroid_lon": -73.057559821885633, "centroid_lat": 45.997849644136558, "occurrences_today": 2, "datetimes_today": "2026-07-24 06:18:29, 2026-07-24 09:01:53", "cumulative_total": 92.0 }, "geometry": { "type": "Polygon", "coordinates": [ [ [ -73.05774158311263, 45.992656278791621 ], [ -73.064103712174159, 45.995362491195387 ], [ -73.063922529007584, 46.00055587362742 ], [ -73.057378010733117, 46.003043004183098 ], [ -73.051015353545168, 46.000336411802401 ], [ -73.051197742741152, 45.995143068908455 ], [ -73.05774158311263, 45.992656278791621 ] ] ] } },
{ "type": "Feature", "properties": { "hex_id": 621569, "centroid_lon": -73.057014238583562, "centroid_lat": 46.013429708380293, "occurrences_today": 2, "datetimes_today": "2026-07-24 06:18:29, 2026-07-24 09:01:53", "cumulative_total": 93.0 }, "geometry": { "type": "Polygon", "coordinates": [ [ [ -73.05719614963806, 46.008236358931065 ], [ -73.063560013351605, 46.010942622606862 ], [ -73.063378680828365, 46.016135989153931 ], [ -73.056832277552573, 46.018623052530636 ], [ -73.050467885292733, 46.015916408670606 ], [ -73.050650424837997, 46.010723081683643 ], [ -73.05719614963806, 46.008236358931065 ] ] ] } },
{ "type": "Feature", "properties": { "hex_id": 622176, "centroid_lon": -73.052473065758491, "centroid_lat": 45.958789520204775, "occurrences_today": 2, "datetimes_today": "2026-07-24 06:18:29, 2026-07-24 09:01:53", "cumulative_total": 77.0 }, "geometry": { "type": "Polygon", "coordinates": [ [ [ -73.052655054771321, 45.953596134899705 ], [ -73.059012515210043, 45.95630257303614 ], [ -73.058831102987412, 45.961495975465134 ], [ -73.0522910267822, 45.963982900209039 ], [ -73.045933039525252, 45.961276082556161 ], [ -73.046115655274775, 45.956082719741211 ], [ -73.052655054771321, 45.953596134899705 ] ] ] } },
{ "type": "Feature", "properties": { "hex_id": 622177, "centroid_lon": -73.051926798871364, "centroid_lat": 45.974369644314521, "occurrences_today": 2, "datetimes_today": "2026-07-24 06:18:29, 2026-07-24 09:01:53", "cumulative_total": 77.0 }, "geometry": { "type": "Polygon", "coordinates": [ [ [ -73.05210893782548, 45.969176274912343 ], [ -73.058468129104241, 45.9718827644313 ], [ -73.058286567409894, 45.977076150968138 ], [ -73.051744609902855, 45.979563008415404 ], [ -73.045384891387187, 45.976856139173002 ], [ -73.045567657598468, 45.971662792272227 ], [ -73.05210893782548, 45.969176274912343 ] ] ] } },
{ "type": "Feature", "properties": { "hex_id": 622178, "centroid_lon": -73.051380081854745, "centroid_lat": 45.989949720712545, "occurrences_today": 2, "datetimes_today": "2026-07-24 06:18:29, 2026-07-24 09:01:53", "cumulative_total": 69.0 }, "geometry": { "type": "Polygon", "coordinates": [ [ [ -73.051562370902985, 45.984756367214786 ], [ -73.057923294431021, 45.987462908148466 ], [ -73.05774158311263, 45.992656278791621 ], [ -73.051197742741152, 45.995143068908455 ], [ -73.044836291557161, 45.992436148044185 ], [ -73.045019208383579, 45.987242817059155 ], [ -73.051562370902985, 45.984756367214786 ] ] ] } },
{ "type": "Feature", "properties": { "hex_id": 622179, "centroid_lon": -73.050832914249796, "centroid_lat": 46.005529749394178, "occurrences_today": 2, "datetimes_today": "2026-07-24 06:18:29, 2026-07-24 09:01:53", "cumulative_total": 69.0 }, "geometry": { "type": "Polygon", "coordinates": [ [ [ -73.051015353545168, 46.000336411802401 ], [ -73.057378010733117, 46.003043004183098 ], [ -73.05719614963806, 46.008236358931065 ], [ -73.050650424837997, 46.010723081683643 ], [ -73.044287239574658, 46.008016109165084 ], [ -73.044470307169775, 46.00282279409732 ], [ -73.051015353545168, 46.000336411802401 ] ] ] } },
{ "type": "Feature", "properties": { "hex_id": 622787, "centroid_lon": -73.045750373638811, "centroid_lat": 45.966469440066568, "occurrences_today": 2, "datetimes_today": "2026-07-24 06:18:29, 2026-07-24 09:01:53", "cumulative_total": 106.0 }, "geometry": { "type": "Polygon", "coordinates": [ [ [ -73.045933039525252, 45.961276082556161 ], [ -73.0522910267822, 45.963982900209039 ], [ -73.05210893782548, 45.969176274912343 ], [ -73.045567657598468, 45.971662792272227 ], [ -73.03920914357424, 45.968955594942265 ], [ -73.039392436527265, 45.963762259994922 ], [ -73.045933039525252, 45.961276082556161 ] ] ] } },
{ "type": "Feature", "properties": { "hex_id": 622788, "centroid_lon": -73.045202074987898, "centroid_lat": 45.982049480768694, "occurrences_today": 2, "datetimes_today": "2026-07-24 06:18:29, 2026-07-24 09:01:53", "cumulative_total": 106.0 }, "geometry": { "type": "Polygon", "coordinates": [ [ [ -73.045384891387187, 45.976856139173002 ], [ -73.051744609902855, 45.979563008415404 ], [ -73.051562370902985, 45.984756367214786 ], [ -73.045019208383579, 45.987242817059155 ], [ -73.038658962682064, 45.984535567932546 ], [ -73.038842406668735, 45.979342248911252 ], [ -73.045384891387187, 45.976856139173002 ] ] ] } },
{ "type": "Feature", "properties": { "hex_id": 622789, "centroid_lon": -73.044653324491591, "centroid_lat": 45.997629473723627, "occurrences_today": 2, "datetimes_today": "2026-07-24 06:18:29, 2026-07-24 09:01:53", "cumulative_total": 69.0 }, "geometry": { "type": "Polygon", "coordinates": [ [ [ -73.044836291557161, 45.992436148044185 ], [ -73.051197742741152, 45.995143068908455 ], [ -73.051015353545168, 46.000336411802401 ], [ -73.044470307169775, 46.00282279409732 ], [ -73.038108328380957, 46.000115493141607 ], [ -73.038291923555278, 45.994922190047895 ], [ -73.044836291557161, 45.992436148044185 ] ] ] } },
{ "type": "Feature", "properties": { "hex_id": 622790, "centroid_lon": -73.044104121689145, "centroid_lat": 46.013209418926749, "occurrences_today": 2, "datetimes_today": "2026-07-24 06:18:29, 2026-07-24 09:01:53", "cumulative_total": 22.0 }, "geometry": { "type": "Polygon", "coordinates": [ [ [ -73.044287239574658, 46.008016109165084 ], [ -73.050650424837997, 46.010723081683643 ], [ -73.050467885292733, 46.015916408670606 ], [ -73.043920953496141, 46.018402723382138 ], [ -73.037557240208599, 46.015695370564771 ], [ -73.037740986724771, 46.010502083400212 ], [ -73.044287239574658, 46.008016109165084 ] ] ] } },
{ "type": "Feature", "properties": { "hex_id": 623397, "centroid_lon": -73.0395756791699, "centroid_lat": 45.958568919739271, "occurrences_today": 2, "datetimes_today": "2026-07-24 06:18:29, 2026-07-24 09:01:53", "cumulative_total": 106.0 }, "geometry": { "type": "Polygon", "coordinates": [ [ [ -73.03975887151924, 45.953375574175439 ], [ -73.046115655274775, 45.956082719741211 ], [ -73.045933039525252, 45.961276082556161 ], [ -73.039392436527265, 45.963762259994922 ], [ -73.033035126473763, 45.96105473479841 ], [ -73.033218945699133, 45.955861411859267 ], [ -73.03975887151924, 45.953375574175439 ] ] ] } },
{ "type": "Feature", "properties": { "hex_id": 623398, "centroid_lon": -73.039025800293771, "centroid_lat": 45.974148924581087, "occurrences_today": 2, "datetimes_today": "2026-07-24 06:18:29, 2026-07-24 09:01:53", "cumulative_total": 106.0 }, "geometry": { "type": "Polygon", "coordinates": [ [ [ -73.03920914357424, 45.968955594942265 ], [ -73.045567657598468, 45.971662792272227 ], [ -73.045384891387187, 45.976856139173002 ], [ -73.038842406668735, 45.979342248911252 ], [ -73.032483365928428, 45.976634671743469 ], [ -73.032667336605542, 45.971441364740684 ], [ -73.03920914357424, 45.968955594942265 ] ] ] } },
{ "type": "Feature", "properties": { "hex_id": 623399, "centroid_lon": -73.038475468316605, "centroid_lat": 45.989728881644837, "occurrences_today": 2, "datetimes_today": "2026-07-24 06:18:29, 2026-07-24 09:01:53", "cumulative_total": 69.0 }, "geometry": { "type": "Polygon", "coordinates": [ [ [ -73.038658962682064, 45.984535567932546 ], [ -73.045019208383579, 45.987242817059155 ], [ -73.044836291557161, 45.992436148044185 ], [ -73.038291923555278, 45.994922190047895 ], [ -73.03193115071916, 45.99221456087627 ], [ -73.03211527300239, 45.987021269811429 ], [ -73.038658962682064, 45.984535567932546 ] ] ] } },
{ "type": "Feature", "properties": { "hex_id": 623400, "centroid_lon": -73.037924682776506, "centroid_lat": 46.005308790925767, "occurrences_today": 2, "datetimes_today": "2026-07-24 06:18:29, 2026-07-24 09:01:53", "cumulative_total": 54.0 }, "geometry": { "type": "Polygon", "coordinates": [ [ [ -73.038108328380957, 46.000115493141607 ], [ -73.044470307169775, 46.00282279409732 ], [ -73.044287239574658, 46.008016109165084 ], [ -73.037740986724771, 46.010502083400212 ], [ -73.031378480382443, 46.007794402192147 ], [ -73.031562754426375, 46.002601127066804 ], [ -73.038108328380957, 46.000115493141607 ] ] ] } },
{ "type": "Feature", "properties": { "hex_id": 624007, "centroid_lon": -73.03340271447486, "centroid_lat": 45.950668083608356, "occurrences_today": 2, "datetimes_today": "2026-07-24 06:18:29, 2026-07-24 09:01:53", "cumulative_total": 106.0 }, "geometry": { "type": "Polygon", "coordinates": [ [ [ -73.033586432818041, 45.945474750045847 ], [ -73.039942013592338, 45.948182223303618 ], [ -73.03975887151924, 45.953375574175439 ], [ -73.033218945699133, 45.955861411859267 ], [ -73.026862839095841, 45.953153559017167 ], [ -73.027047184124541, 45.947960248140923 ], [ -73.033586432818041, 45.945474750045847 ] ] ] } },
{ "type": "Feature", "properties": { "hex_id": 624008, "centroid_lon": -73.032851256781612, "centroid_lat": 45.966248052425613, "occurrences_today": 2, "datetimes_today": "2026-07-24 06:18:29, 2026-07-24 09:01:53", "cumulative_total": 106.0 }, "geometry": { "type": "Polygon", "coordinates": [ [ [ -73.033035126473763, 45.96105473479841 ], [ -73.039392436527265, 45.963762259994922 ], [ -73.03920914357424, 45.968955594942265 ], [ -73.032667336605542, 45.971441364740684 ], [ -73.026309500305402, 45.968733459752777 ], [ -73.02649399720346, 45.963540164823264 ], [ -73.033035126473763, 45.96105473479841 ] ] ] } },
{ "type": "Feature", "properties": { "hex_id": 624009, "centroid_lon": -73.032299344733104, "centroid_lat": 45.981827973433766, "occurrences_today": 2, "datetimes_today": "2026-07-24 06:18:29, 2026-07-24 09:01:53", "cumulative_total": 98.0 }, "geometry": { "type": "Polygon", "coordinates": [ [ [ -73.032483365928428, 45.976634671743469 ], [ -73.038842406668735, 45.979342248911252 ], [ -73.038658962682064, 45.984535567932546 ], [ -73.03211527300239, 45.987021269811429 ], [ -73.02575570559739, 45.984313312645085 ], [ -73.025940354519577, 45.979120033663868 ], [ -73.032483365928428, 45.976634671743469 ] ] ] } },
{ "type": "Feature", "properties": { "hex_id": 624010, "centroid_lon": -73.03174697786622, "centroid_lat": 45.997407846628121, "occurrences_today": 2, "datetimes_today": "2026-07-24 06:18:29, 2026-07-24 09:01:53", "cumulative_total": 66.0 }, "geometry": { "type": "Polygon", "coordinates": [ [ [ -73.03193115071916, 45.99221456087627 ], [ -73.038291923555278, 45.994922190047895 ], [ -73.038108328380957, 46.000115493141607 ], [ -73.031562754426375, 46.002601127066804 ], [ -73.02520145450714, 45.999893117689332 ], [ -73.02538625560841, 45.994699854657988 ], [ -73.03193115071916, 45.99221456087627 ] ] ] } },
{ "type": "Feature", "properties": { "hex_id": 624011, "centroid_lon": -73.031194155717216, "centroid_lat": 46.012987672003966, "occurrences_today": 2, "datetimes_today": "2026-07-24 06:18:29, 2026-07-24 09:01:53", "cumulative_total": 26.0 }, "geometry": { "type": "Polygon", "coordinates": [ [ [ -73.031378480382443, 46.007794402192147 ], [ -73.037740986724771, 46.010502083400212 ], [ -73.037557240208599, 46.015695370564771 ], [ -73.031009780413498, 46.018180936502098 ], [ -73.024646746569218, 46.015472874880778 ], [ -73.024831700004796, 46.010279627800898 ], [ -73.031378480382443, 46.007794402192147 ] ] ] } },
{ "type": "Feature", "properties": { "hex_id": 624617, "centroid_lon": -73.02723147856446, "centroid_lat": 45.942766931949464, "occurrences_today": 2, "datetimes_today": "2026-07-24 06:18:29, 2026-07-24 09:01:53", "cumulative_total": 118.0 }, "geometry": { "type": "Polygon", "coordinates": [ [ [ -73.027415722432778, 45.937573610442968 ], [ -73.033770100745812, 45.940281411171902 ], [ -73.033586432818041, 45.945474750045847 ], [ -73.027047184124541, 45.947960248140923 ], [ -73.020692280451129, 45.945252067874065 ], [ -73.020877150814471, 45.940058769115396 ], [ -73.027415722432778, 45.937573610442968 ] ] ] } },
{ "type": "Feature", "properties": { "hex_id": 624618, "centroid_lon": -73.026678443461208, "centroid_lat": 45.958346864577997, "occurrences_today": 2, "datetimes_today": "2026-07-24 06:18:29, 2026-07-24 09:01:53", "cumulative_total": 106.0 }, "geometry": { "type": "Polygon", "coordinates": [ [ [ -73.026862839095841, 45.953153559017167 ], [ -73.033218945699133, 45.955861411859267 ], [ -73.033035126473763, 45.96105473479841 ], [ -73.02649399720346, 45.963540164823264 ], [ -73.020137364822602, 45.960831932236211 ], [ -73.020322387472433, 45.955638649434647 ], [ -73.026862839095841, 45.953153559017167 ] ] ] } },
{ "type": "Feature", "properties": { "hex_id": 624619, "centroid_lon": -73.026124952749839, "centroid_lat": 45.97392674936637, "occurrences_today": 2, "datetimes_today": "2026-07-24 06:18:29, 2026-07-24 09:01:53", "cumulative_total": 103.0 }, "geometry": { "type": "Polygon", "coordinates": [ [ [ -73.026309500305402, 45.968733459752777 ], [ -73.032667336605542, 45.971441364740684 ], [ -73.032483365928428, 45.976634671743469 ], [ -73.025940354519577, 45.979120033663868 ], [ -73.019581992024285, 45.976411748723898 ], [ -73.019767167115774, 45.97121848188101 ], [ -73.026309500305402, 45.968733459752777 ] ] ] } },
{ "type": "Feature", "properties": { "hex_id": 624620, "centroid_lon": -73.025571005966071, "centroid_lat": 45.989506586309858, "occurrences_today": 2, "datetimes_today": "2026-07-24 06:18:29, 2026-07-24 09:01:53", "cumulative_total": 95.0 }, "geometry": { "type": "Polygon", "coordinates": [ [ [ -73.02575570559739, 45.984313312645085 ], [ -73.03211527300239, 45.987021269811429 ], [ -73.03193115071916, 45.99221456087627 ], [ -73.02538625560841, 45.994699854657988 ], [ -73.019026161590304, 45.991991517332316 ], [ -73.019211489278817, 45.986798266449718 ], [ -73.02575570559739, 45.984313312645085 ] ] ] } },
{ "type": "Feature", "properties": { "hex_id": 624621, "centroid_lon": -73.02501660264501, "centroid_lat": 46.005086375403685, "occurrences_today": 2, "datetimes_today": "2026-07-24 06:18:29, 2026-07-24 09:01:53", "cumulative_total": 22.0 }, "geometry": { "type": "Polygon", "coordinates": [ [ [ -73.02520145450714, 45.999893117689332 ], [ -73.031562754426375, 46.002601127066804 ], [ -73.031378480382443, 46.007794402192147 ], [ -73.024831700004796, 46.010279627800898 ], [ -73.018469873054087, 46.007571238056705 ], [ -73.018655353495234, 46.002378003135988 ], [ -73.02520145450714, 45.999893117689332 ] ] ] } },
{ "type": "Feature", "properties": { "hex_id": 625227, "centroid_lon": -73.021061970450049, "centroid_lat": 45.934865465038058, "occurrences_today": 2, "datetimes_today": "2026-07-24 06:18:29, 2026-07-24 09:01:53", "cumulative_total": 118.0 }, "geometry": { "type": "Polygon", "coordinates": [ [ [ -73.021246739375115, 45.929672155642216 ], [ -73.027599915746649, 45.932380283621583 ], [ -73.027415722432778, 45.937573610442968 ], [ -73.020877150814471, 45.940058769115396 ], [ -73.01452344955085, 45.937350261644553 ], [ -73.014708844780444, 45.932156975058085 ], [ -73.021246739375115, 45.929672155642216 ] ] ] } },
{ "type": "Feature", "properties": { "hex_id": 625228, "centroid_lon": -73.020507359342872, "centroid_lat": 45.950445361313861, "occurrences_today": 2, "datetimes_today": "2026-07-24 06:18:29, 2026-07-24 09:01:53", "cumulative_total": 125.0 }, "geometry": { "type": "Polygon", "coordinates": [ [ [ -73.020692280451129, 45.945252067874065 ], [ -73.027047184124541, 45.947960248140923 ], [ -73.026862839095841, 45.953153559017167 ], [ -73.020322387472433, 45.955638649434647 ], [ -73.013966958490244, 45.952930089469341 ], [ -73.014152506423031, 45.947736818850359 ], [ -73.020692280451129, 45.945252067874065 ] ] ] } },
{ "type": "Feature", "properties": { "hex_id": 625229, "centroid_lon": -73.019952291376143, "centroid_lat": 45.966025209718396, "occurrences_today": 2, "datetimes_today": "2026-07-24 06:18:29, 2026-07-24 09:01:53", "cumulative_total": 103.0 }, "geometry": { "type": "Polygon", "coordinates": [ [ [ -73.020137364822602, 45.960831932236211 ], [ -73.02649399720346, 45.963540164823264 ], [ -73.026309500305402, 45.968733459752777 ], [ -73.019767167115774, 45.97121848188101 ], [ -73.013410009009036, 45.968509869388392 ], [ -73.013595709800555, 45.963316614738524 ], [ -73.020137364822602, 45.960831932236211 ] ] ] } },
{ "type": "Feature", "properties": { "hex_id": 625230, "centroid_lon": -73.019396766084398, "centroid_lat": 45.981605010246852, "occurrences_today": 2, "datetimes_today": "2026-07-24 06:18:29, 2026-07-24 09:01:53", "cumulative_total": 95.0 }, "geometry": { "type": "Polygon", "coordinates": [ [ [ -73.019581992024285, 45.976411748723898 ], [ -73.025940354519577, 45.979120033663868 ], [ -73.02575570559739, 45.984313312645085 ], [ -73.019211489278817, 45.986798266449718 ], [ -73.01285260064013, 45.98408960139696 ], [ -73.013038454446146, 45.978896362717798 ], [ -73.019581992024285, 45.976411748723898 ] ] ] } },
{ "type": "Feature", "properties": { "hex_id": 625231, "centroid_lon": -73.018840783001536, "centroid_lat": 45.997184762894463, "occurrences_today": 2, "datetimes_today": "2026-07-24 06:18:29, 2026-07-24 09:01:53", "cumulative_total": 90.0 }, "geometry": { "type": "Polygon", "coordinates": [ [ [ -73.019026161590304, 45.991991517332316 ], [ -73.02538625560841, 45.994699854657988 ], [ -73.02520145450714, 45.999893117689332 ], [ -73.018655353495234, 46.002378003135988 ], [ -73.012294732915819, 45.999669285490171 ], [ -73.012480739892325, 45.99447606278332 ], [ -73.019026161590304, 45.991991517332316 ] ] ] } },
{ "type": "Feature", "properties": { "hex_id": 625232, "centroid_lon": -73.018284341660788, "centroid_lat": 46.012764467656446, "occurrences_today": 2, "datetimes_today": "2026-07-24 06:18:29, 2026-07-24 09:01:53", "cumulative_total": 68.0 }, "geometry": { "type": "Polygon", "coordinates": [ [ [ -73.018469873054087, 46.007571238056705 ], [ -73.024831700004796, 46.010279627800898 ], [ -73.024646746569218, 46.015472874880778 ], [ -73.018098759297999, 46.017957691935031 ], [ -73.011736405367699, 46.015248921663243 ], [ -73.011922565670886, 46.010055714930317 ], [ -73.018469873054087, 46.007571238056705 ] ] ] } },
{ "type": "Feature", "properties": { "hex_id": 625837, "centroid_lon": -73.01489418914349, "centroid_lat": 45.926963683149481, "occurrences_today": 2, "datetimes_today": "2026-07-24 06:18:29, 2026-07-24 09:01:53", "cumulative_total": 129.0 }, "geometry": { "type": "Polygon", "coordinates": [ [ [ -73.015079482657242, 45.921770385918911 ], [ -73.021431457606838, 45.924478840928046 ], [ -73.021246739375115, 45.929672155642216 ], [ -73.014708844780444, 45.932156975058085 ], [ -73.008356345406739, 45.929448140603945 ], [ -73.008542265034549, 45.92425486624424 ], [ -73.015079482657242, 45.921770385918911 ] ] ] } },
{ "type": "Feature", "properties": { "hex_id": 625838, "centroid_lon": -73.014338003437487, "centroid_lat": 45.942543542908716, "occurrences_today": 2, "datetimes_today": "2026-07-24 06:18:29, 2026-07-24 09:01:53", "cumulative_total": 118.0 }, "geometry": { "type": "Polygon", "coordinates": [ [ [ -73.01452344955085, 45.937350261644553 ], [ -73.020877150814471, 45.940058769115396 ], [ -73.020692280451129, 45.945252067874065 ], [ -73.014152506423031, 45.947736818850359 ], [ -73.007798280319079, 45.945027931727566 ], [ -73.007984353066306, 45.939834673345786 ], [ -73.01452344955085, 45.937350261644553 ] ] ] } },
{ "type": "Feature", "properties": { "hex_id": 625839, "centroid_lon": -73.013781359621859, "centroid_lat": 45.958123354765455, "occurrences_today": 2, "datetimes_today": "2026-07-24 06:18:29, 2026-07-24 09:01:53", "cumulative_total": 115.0 }, "geometry": { "type": "Polygon", "coordinates": [ [ [ -73.013966958490244, 45.952930089469341 ], [ -73.020322387472433, 45.955638649434647 ], [ -73.020137364822602, 45.960831932236211 ], [ -73.013595709800555, 45.963316614738524 ], [ -73.007239755561343, 45.960607674914186 ], [ -73.007425981583921, 45.955414432511944 ], [ -73.013966958490244, 45.952930089469341 ] ] ] } },
{ "type": "Feature", "properties": { "hex_id": 625840, "centroid_lon": -73.013224257230007, "centroid_lat": 45.97370311871488, "occurrences_today": 2, "datetimes_today": "2026-07-24 06:18:29, 2026-07-24 09:01:53", "cumulative_total": 122.0 }, "geometry": { "type": "Polygon", "coordinates": [ [ [ -73.013410009009036, 45.968509869388392 ], [ -73.019767167115774, 45.97121848188101 ], [ -73.019581992024285, 45.976411748723898 ], [ -73.013038454446146, 45.978896362717798 ], [ -73.006680770665355, 45.976187370158961 ], [ -73.006867150119419, 45.970994143737876 ], [ -73.013410009009036, 45.968509869388392 ] ] ] } },
{ "type": "Feature", "properties": { "hex_id": 625841, "centroid_lon": -73.012666695794636, "centroid_lat": 45.989282834752196, "occurrences_today": 2, "datetimes_today": "2026-07-24 06:18:29, 2026-07-24 09:01:53", "cumulative_total": 78.0 }, "geometry": { "type": "Polygon", "coordinates": [ [ [ -73.01285260064013, 45.98408960139696 ], [ -73.019211489278817, 45.986798266449718 ], [ -73.019026161590304, 45.991991517332316 ], [ -73.012480739892325, 45.99447606278332 ], [ -73.006121325162155, 45.991767017457022 ], [ -73.006307858204096, 45.986573807018722 ], [ -73.01285260064013, 45.98408960139696 ] ] ] } },
{ "type": "Feature", "properties": { "hex_id": 625842, "centroid_lon": -73.012108674847809, "centroid_lat": 46.004862502872562, "occurrences_today": 2, "datetimes_today": "2026-07-24 06:18:29, 2026-07-24 09:01:53", "cumulative_total": 19.0 }, "geometry": { "type": "Polygon", "coordinates": [ [ [ -73.012294732915819, 45.999669285490171 ], [ -73.018655353495234, 46.002378003135988 ], [ -73.018469873054087, 46.007571238056705 ], [ -73.011922565670886, 46.010055714930317 ], [ -73.00556141858219, 46.007346616803531 ], [ -73.005748105368596, 46.002153422349615 ], [ -73.012294732915819, 45.999669285490171 ] ] ] } },
{ "type": "Feature", "properties": { "hex_id": 626448, "centroid_lon": -73.008170374756418, "centroid_lat": 45.934641409637862, "occurrences_today": 2, "datetimes_today": "2026-07-24 06:18:29, 2026-07-24 09:01:53", "cumulative_total": 118.0 }, "geometry": { "type": "Polygon", "coordinates": [ [ [ -73.008356345406739, 45.929448140603945 ], [ -73.014708844780444, 45.932156975058085 ], [ -73.01452344955085, 45.937350261644553 ], [ -73.007984353066306, 45.939834673345786 ], [ -73.001631329320318, 45.937125459286214 ], [ -73.00181792641385, 45.931932213196177 ], [ -73.008356345406739, 45.929448140603945 ] ] ] } },
{ "type": "Feature", "properties": { "hex_id": 626449, "centroid_lon": -73.007612156497387, "centroid_lat": 45.950221184783004, "occurrences_today": 2, "datetimes_today": "2026-07-24 06:18:29, 2026-07-24 09:01:53", "cumulative_total": 122.0 }, "geometry": { "type": "Polygon", "coordinates": [ [ [ -73.007798280319079, 45.945027931727566 ], [ -73.014152506423031, 45.947736818850359 ], [ -73.013966958490244, 45.952930089469341 ], [ -73.007425981583921, 45.955414432511944 ], [ -73.001071230691522, 45.95270516557671 ], [ -73.001257981476542, 45.947511935476662 ], [ -73.007798280319079, 45.945027931727566 ] ] ] } },
{ "type": "Feature", "properties": { "hex_id": 626450, "centroid_lon": -73.007053478412303, "centroid_lat": 45.965800911989554, "occurrences_today": 2, "datetimes_today": "2026-07-24 06:18:29, 2026-07-24 09:01:53", "cumulative_total": 115.0 }, "geometry": { "type": "Polygon", "coordinates": [ [ [ -73.007239755561343, 45.960607674914186 ], [ -73.013595709800555, 45.963316614738524 ], [ -73.013410009009036, 45.968509869388392 ], [ -73.006867150119419, 45.970994143737876 ], [ -73.000510670675197, 45.968284823893924 ], [ -73.000697575308251, 45.963091609785508 ], [ -73.007239755561343, 45.960607674914186 ] ] ] } },
{ "type": "Feature", "properties": { "hex_id": 626451, "centroid_lon": -73.006494340032702, "centroid_lat": 45.981380591252638, "occurrences_today": 2, "datetimes_today": "2026-07-24 06:18:29, 2026-07-24 09:01:53", "cumulative_total": 107.0 }, "geometry": { "type": "Polygon", "coordinates": [ [ [ -73.006680770665355, 45.976187370158961 ], [ -73.013038454446146, 45.978896362717798 ], [ -73.01285260064013, 45.98408960139696 ], [ -73.006307858204096, 45.986573807018722 ], [ -72.999949648801319, 45.983864434233006 ], [ -73.000136707439168, 45.978671236117847 ], [ -73.006680770665355, 45.976187370158961 ] ] ] } },
{ "type": "Feature", "properties": { "hex_id": 626452, "centroid_lon": -73.005934740889458, "centroid_lat": 45.996960222567374, "occurrences_today": 2, "datetimes_today": "2026-07-24 06:18:29, 2026-07-24 09:01:53", "cumulative_total": 52.0 }, "geometry": { "type": "Polygon", "coordinates": [ [ [ -73.006121325162155, 45.991767017457022 ], [ -73.012480739892325, 45.99447606278332 ], [ -73.012294732915819, 45.999669285490171 ], [ -73.005748105368596, 46.002153422349615 ], [ -72.999388164599097, 45.999443996589015 ], [ -72.999575377398742, 45.994250814468749 ], [ -73.006121325162155, 45.991767017457022 ] ] ] } },
{ "type": "Feature", "properties": { "hex_id": 627058, "centroid_lon": -73.00200447231164, "centroid_lat": 45.926738961776501, "occurrences_today": 2, "datetimes_today": "2026-07-24 06:18:29, 2026-07-24 09:01:53", "cumulative_total": 154.0 }, "geometry": { "type": "Polygon", "coordinates": [ [ [ -73.002190967031027, 45.92154570502737 ], [ -73.008542265034549, 45.92425486624424 ], [ -73.008356345406739, 45.929448140603945 ], [ -73.00181792641385, 45.931932213196177 ], [ -72.995466104505823, 45.929222672420451 ], [ -72.995653225477824, 45.924029438676655 ], [ -73.002190967031027, 45.92154570502737 ] ] ] } },
{ "type": "Feature", "properties": { "hex_id": 627059, "centroid_lon": -73.00144468101368, "centroid_lat": 45.942318700046442, "occurrences_today": 2, "datetimes_today": "2026-07-24 06:18:29, 2026-07-24 09:01:53", "cumulative_total": 128.0 }, "geometry": { "type": "Polygon", "coordinates": [ [ [ -73.001631329320318, 45.937125459286214 ], [ -73.007984353066306, 45.939834673345786 ], [ -73.007798280319079, 45.945027931727566 ], [ -73.001257981476542, 45.947511935476662 ], [ -72.994904433410326, 45.944802341651233 ], [ -72.995091708489497, 45.939609123907921 ], [ -73.001631329320318, 45.937125459286214 ] ] ] } },
{ "type": "Feature", "properties": { "hex_id": 627060, "centroid_lon": -73.000884428641228, "centroid_lat": 45.957898390346386, "occurrences_today": 2, "datetimes_today": "2026-07-24 06:18:29, 2026-07-24 09:01:53", "cumulative_total": 115.0 }, "geometry": { "type": "Polygon", "coordinates": [ [ [ -73.001071230691522, 45.95270516557671 ], [ -73.007425981583921, 45.955414432511944 ], [ -73.007239755561343, 45.960607674914186 ], [ -73.000697575308251, 45.963091609785508 ], [ -72.994342299679502, 45.960381962877264 ], [ -72.994529729022787, 45.955188761136085 ], [ -73.001071230691522, 45.95270516557671 ] ] ] } },
{ "type": "Feature", "properties": { "hex_id": 627061, "centroid_lon": -73.000323714724644, "centroid_lat": 45.973478032671416, "occurrences_today": 2, "datetimes_today": "2026-07-24 06:18:29, 2026-07-24 09:01:53", "cumulative_total": 126.0 }, "geometry": { "type": "Polygon", "coordinates": [ [ [ -73.000510670675197, 45.968284823893924 ], [ -73.006867150119419, 45.970994143737876 ], [ -73.006680770665355, 45.976187370158961 ], [ -73.000136707439168, 45.978671236117847 ], [ -72.993779702842104, 45.975961536093649 ], [ -72.993967286606647, 45.970768350356224 ], [ -73.000510670675197, 45.968284823893924 ] ] ] } },
{ "type": "Feature", "properties": { "hex_id": 627062, "centroid_lon": -72.999762538793661, "centroid_lat": 45.989057627016699, "occurrences_today": 2, "datetimes_today": "2026-07-24 06:18:29, 2026-07-24 09:01:53", "cumulative_total": 90.0 }, "geometry": { "type": "Polygon", "coordinates": [ [ [ -72.999949648801319, 45.983864434233006 ], [ -73.006307858204096, 45.986573807018722 ], [ -73.006121325162155, 45.991767017457022 ], [ -72.999575377398742, 45.994250814468749 ], [ -72.993216642426233, 45.991541061295422 ], [ -72.993404380769405, 45.986347891563419 ], [ -72.999949648801319, 45.983864434233006 ] ] ] } },
{ "type": "Feature", "properties": { "hex_id": 627063, "centroid_lon": -72.999200900377275, "centroid_lat": 46.004637173377283, "occurrences_today": 2, "datetimes_today": "2026-07-24 06:18:29, 2026-07-24 09:01:53", "cumulative_total": 52.0 }, "geometry": { "type": "Polygon", "coordinates": [ [ [ -72.999388164599097, 45.999443996589015 ], [ -73.005748105368596, 46.002153422349615 ], [ -73.00556141858219, 46.007346616803531 ], [ -72.999013584715769, 46.009830344833375 ], [ -72.992653117959264, 46.007120538477665 ], [ -72.992841011038692, 46.001927384752726 ], [ -72.999388164599097, 45.999443996589015 ] ] ] } },
{ "type": "Feature", "properties": { "hex_id": 627669, "centroid_lon": -72.995278932182188, "centroid_lat": 45.934415900830935, "occurrences_today": 2, "datetimes_today": "2026-07-24 06:18:29, 2026-07-24 09:01:53", "cumulative_total": 126.0 }, "geometry": { "type": "Polygon", "coordinates": [ [ [ -72.995466104505823, 45.929222672420451 ], [ -73.00181792641385, 45.931932213196177 ], [ -73.001631329320318, 45.937125459286214 ], [ -72.995091708489497, 45.939609123907921 ], [ -72.988739362729135, 45.936899203412949 ], [ -72.988927161634493, 45.931705998080837 ], [ -72.995466104505823, 45.929222672420451 ] ] ] } },
{ "type": "Feature", "properties": { "hex_id": 627670, "centroid_lon": -72.99471710692724, "centroid_lat": 45.949995554060678, "occurrences_today": 2, "datetimes_today": "2026-07-24 06:18:29, 2026-07-24 09:01:53", "cumulative_total": 138.0 }, "geometry": { "type": "Polygon", "coordinates": [ [ [ -72.994904433410326, 45.944802341651233 ], [ -73.001257981476542, 45.947511935476662 ], [ -73.001071230691522, 45.95270516557671 ], [ -72.994529729022787, 45.955188761136085 ], [ -72.988175656688597, 45.952478787384315 ], [ -72.988363610273666, 45.947285598064859 ], [ -72.994904433410326, 45.944802341651233 ] ] ] } },
{ "type": "Feature", "properties": { "hex_id": 627671, "centroid_lon": -72.994154818879949, "centroid_lat": 45.965575159284043, "occurrences_today": 2, "datetimes_today": "2026-07-24 06:18:29, 2026-07-24 09:01:53", "cumulative_total": 128.0 }, "geometry": { "type": "Polygon", "coordinates": [ [ [ -72.994342299679502, 45.960381962877264 ], [ -73.000697575308251, 45.963091609785508 ], [ -73.000510670675197, 45.968284823893924 ], [ -72.993967286606647, 45.970768350356224 ], [ -72.987611486293886, 45.96805832331443 ], [ -72.987799594716208, 45.962865150009279 ], [ -72.994342299679502, 45.960381962877264 ] ] ] } },
{ "type": "Feature", "properties": { "hex_id": 627672, "centroid_lon": -72.993592067568869, "centroid_lat": 45.981154716496086, "occurrences_today": 2, "datetimes_today": "2026-07-24 06:18:29, 2026-07-24 09:01:53", "cumulative_total": 90.0 }, "geometry": { "type": "Polygon", "coordinates": [ [ [ -72.993779702842104, 45.975961536093649 ], [ -73.000136707439168, 45.978671236117847 ], [ -72.999949648801319, 45.983864434233006 ], [ -72.993404380769405, 45.986347891563419 ], [ -72.987046851071923, 45.983637811198335 ], [ -72.98723511448928, 45.978444653909129 ], [ -72.993779702842104, 45.975961536093649 ] ] ] } },
{ "type": "Feature", "properties": { "hex_id": 627673, "centroid_lon": -72.993028852521832, "centroid_lat": 45.99673422569191, "occurrences_today": 4, "datetimes_today": "2026-07-24 06:18:29, 2026-07-24 09:01:53, 2026-07-24 21:02:52, 2026-07-24 21:31:53", "cumulative_total": 66.0 }, "geometry": { "type": "Polygon", "coordinates": [ [ [ -72.993216642426233, 45.991541061295422 ], [ -72.999575377398742, 45.994250814468749 ], [ -72.999388164599097, 45.999443996589015 ], [ -72.992841011038692, 46.001927384752726 ], [ -72.986481750548933, 45.999217251031041 ], [ -72.986670169119321, 45.994024109759451 ], [ -72.993216642426233, 45.991541061295422 ] ] ] } },
{ "type": "Feature", "properties": { "hex_id": 628279, "centroid_lon": -72.989114909014944, "centroid_lat": 45.926512787411561, "occurrences_today": 2, "datetimes_today": "2026-07-24 06:18:29, 2026-07-24 09:01:53", "cumulative_total": 100.0 }, "geometry": { "type": "Polygon", "coordinates": [ [ [ -72.989302604887911, 45.921319571405284 ], [ -72.995653225477824, 45.924029438676655 ], [ -72.995466104505823, 45.929222672420451 ], [ -72.988927161634493, 45.931705998080837 ], [ -72.98257601765981, 45.928995751136867 ], [ -72.982764339923762, 45.92380255827041 ], [ -72.989302604887911, 45.921319571405284 ] ] ] } },
{ "type": "Feature", "properties": { "hex_id": 628280, "centroid_lon": -72.988551512281347, "centroid_lat": 45.942092403407685, "occurrences_today": 2, "datetimes_today": "2026-07-24 06:18:29, 2026-07-24 09:01:53", "cumulative_total": 126.0 }, "geometry": { "type": "Polygon", "coordinates": [ [ [ -72.988739362729135, 45.936899203412949 ], [ -72.995091708489497, 45.939609123907921 ], [ -72.994904433410326, 45.944802341651233 ], [ -72.988363610273666, 45.947285598064859 ], [ -72.982010740713335, 45.944575297690221 ], [ -72.982199218072125, 45.93938212084695 ], [ -72.988739362729135, 45.936899203412949 ] ] ] } },
{ "type": "Feature", "properties": { "hex_id": 628281, "centroid_lon": -72.987987651508604, "centroid_lat": 45.957671971365855, "occurrences_today": 2, "datetimes_today": "2026-07-24 06:18:29, 2026-07-24 09:01:53", "cumulative_total": 124.0 }, "geometry": { "type": "Polygon", "coordinates": [ [ [ -72.988175656688597, 45.952478787384315 ], [ -72.994529729022787, 45.955188761136085 ], [ -72.994342299679502, 45.960381962877264 ], [ -72.987799594716208, 45.962865150009279 ], [ -72.981444998166495, 45.960154796170649 ], [ -72.981633630778077, 45.954961635352248 ], [ -72.988175656688597, 45.952478787384315 ] ] ] } },
{ "type": "Feature", "properties": { "hex_id": 628282, "centroid_lon": -72.987423326224075, "centroid_lat": 45.973251491281104, "occurrences_today": 2, "datetimes_today": "2026-07-24 06:18:29, 2026-07-24 09:01:53", "cumulative_total": 207.0 }, "geometry": { "type": "Polygon", "coordinates": [ [ [ -72.987611486293886, 45.96805832331443 ], [ -72.993967286606647, 45.970768350356224 ], [ -72.993779702842104, 45.975961536093649 ], [ -72.98723511448928, 45.978444653909129 ], [ -72.980878789545017, 45.975734246573182 ], [ -72.981067577567543, 45.970541101781308 ], [ -72.987611486293886, 45.96805832331443 ] ] ] } },
{ "type": "Feature", "properties": { "hex_id": 628283, "centroid_lon": -72.986858535954454, "centroid_lat": 45.988830963148509, "occurrences_today": 2, "datetimes_today": "2026-07-24 06:18:29, 2026-07-24 09:01:53", "cumulative_total": 123.0 }, "geometry": { "type": "Polygon", "coordinates": [ [ [ -72.987046851071923, 45.983637811198335 ], [ -72.993404380769405, 45.986347891563419 ], [ -72.993216642426233, 45.991541061295422 ], [ -72.986670169119321, 45.994024109759451 ], [ -72.980312114373987, 45.991313648892778 ], [ -72.980501057965853, 45.986120520129106 ], [ -72.987046851071923, 45.983637811198335 ] ] ] } },
{ "type": "Feature", "properties": { "hex_id": 628284, "centroid_lon": -72.986293280225723, "centroid_lat": 46.004410386963031, "occurrences_today": 2, "datetimes_today": "2026-07-24 06:18:29, 2026-07-24 09:01:53", "cumulative_total": 100.0 }, "geometry": { "type": "Polygon", "coordinates": [ [ [ -72.986481750548933, 45.999217251031041 ], [ -72.992841011038692, 46.001927384752726 ], [ -72.992653117959264, 46.007120538477665 ], [ -72.9861047581321, 46.009603517555277 ], [ -72.979744972177784, 46.006893003124446 ], [ -72.979934071497595, 46.00169989039064 ], [ -72.986481750548933, 45.999217251031041 ] ] ] } },
{ "type": "Feature", "properties": { "hex_id": 628890, "centroid_lon": -72.982387643715114, "centroid_lat": 45.934188938662437, "occurrences_today": 2, "datetimes_today": "2026-07-24 06:18:29, 2026-07-24 09:01:53", "cumulative_total": 107.0 }, "geometry": { "type": "Polygon", "coordinates": [ [ [ -72.98257601765981, 45.928995751136867 ], [ -72.988927161634493, 45.931705998080837 ], [ -72.988739362729135, 45.936899203412949 ], [ -72.982199218072125, 45.93938212084695 ], [ -72.975847550765153, 45.936671494070019 ], [ -72.976036551429928, 45.93147832975734 ], [ -72.98257601765981, 45.928995751136867 ] ] ] } },
{ "type": "Feature", "properties": { "hex_id": 628891, "centroid_lon": -72.981822211621164, "centroid_lat": 45.949768469192037, "occurrences_today": 2, "datetimes_today": "2026-07-24 06:18:29, 2026-07-24 09:01:53", "cumulative_total": 62.0 }, "geometry": { "type": "Polygon", "coordinates": [ [ [ -72.982010740713335, 45.944575297690221 ], [ -72.988363610273666, 45.947285598064859 ], [ -72.988175656688597, 45.952478787384315 ], [ -72.981633630778077, 45.954961635352248 ], [ -72.975280237470358, 45.952250954937504 ], [ -72.975469393802967, 45.947057806660283 ], [ -72.982010740713335, 45.944575297690221 ] ] ] } },
{ "type": "Feature", "properties": { "hex_id": 628892, "centroid_lon": -72.981256313768839, "centroid_lat": 45.965347951647068, "occurrences_today": 2, "datetimes_today": "2026-07-24 06:18:29, 2026-07-24 09:01:53", "cumulative_total": 157.0 }, "geometry": { "type": "Polygon", "coordinates": [ [ [ -72.981444998166495, 45.960154796170649 ], [ -72.987799594716208, 45.962865150009279 ], [ -72.987611486293886, 45.96805832331443 ], [ -72.981067577567543, 45.970541101781308 ], [ -72.974712456854945, 45.967830367695299 ], [ -72.974901769013968, 45.962637235455205 ], [ -72.981444998166495, 45.960154796170649 ] ] ] } },
{ "type": "Feature", "properties": { "hex_id": 628893, "centroid_lon": -72.980689949683665, "centroid_lat": 45.980927386022501, "occurrences_today": 2, "datetimes_today": "2026-07-24 06:18:29, 2026-07-24 09:01:53", "cumulative_total": 172.0 }, "geometry": { "type": "Polygon", "coordinates": [ [ [ -72.980878789545017, 45.975734246573182 ], [ -72.98723511448928, 45.978444653909129 ], [ -72.987046851071923, 45.983637811198335 ], [ -72.980501057965853, 45.986120520129106 ], [ -72.974144208442837, 45.983409732338387 ], [ -72.974333676587037, 45.978216616137075 ], [ -72.980878789545017, 45.975734246573182 ] ] ] } },
{ "type": "Feature", "properties": { "hex_id": 628894, "centroid_lon": -72.980123118890447, "centroid_lat": 45.99650677231336, "occurrences_today": 2, "datetimes_today": "2026-07-24 06:18:29, 2026-07-24 09:01:53", "cumulative_total": 169.0 }, "geometry": { "type": "Polygon", "coordinates": [ [ [ -72.980312114373987, 45.991313648892778 ], [ -72.986670169119321, 45.994024109759451 ], [ -72.986481750548933, 45.999217251031041 ], [ -72.979934071497595, 46.00169989039064 ], [ -72.973575491757231, 45.998989048861681 ], [ -72.973765116045612, 45.993795948700857 ], [ -72.980312114373987, 45.991313648892778 ] ] ] } },
{ "type": "Feature", "properties": { "hex_id": 629500, "centroid_lon": -72.976225500240616, "centroid_lat": 45.926285160099916, "occurrences_today": 2, "datetimes_today": "2026-07-24 06:18:29, 2026-07-24 09:01:53", "cumulative_total": 100.0 }, "geometry": { "type": "Polygon", "coordinates": [ [ [ -72.976414397214782, 45.921091985097895 ], [ -72.982764339923762, 45.92380255827041 ], [ -72.98257601765981, 45.928995751136867 ], [ -72.976036551429928, 45.93147832975734 ], [ -72.969686085856026, 45.928767376798604 ], [ -72.969875609359363, 45.923574225070901 ], [ -72.976414397214782, 45.921091985097895 ] ] ] } },
{ "type": "Feature", "properties": { "hex_id": 629501, "centroid_lon": -72.975658498228711, "centroid_lat": 45.941864653037726, "occurrences_today": 2, "datetimes_today": "2026-07-24 06:18:29, 2026-07-24 09:01:53", "cumulative_total": 110.0 }, "geometry": { "type": "Polygon", "coordinates": [ [ [ -72.975847550765153, 45.936671494070019 ], [ -72.982199218072125, 45.93938212084695 ], [ -72.982010740713335, 45.944575297690221 ], [ -72.975469393802967, 45.947057806660283 ], [ -72.969117203216442, 45.944346799889992 ], [ -72.969306882802215, 45.939153664208334 ], [ -72.975847550765153, 45.936671494070019 ] ] ] } },
{ "type": "Feature", "properties": { "hex_id": 629502, "centroid_lon": -72.975091029213218, "centroid_lat": 45.957444097869214, "occurrences_today": 2, "datetimes_today": "2026-07-24 06:18:29, 2026-07-24 09:01:53", "cumulative_total": 59.0 }, "geometry": { "type": "Polygon", "coordinates": [ [ [ -72.975280237470358, 45.952250954937504 ], [ -72.981633630778077, 45.954961635352248 ], [ -72.981444998166495, 45.960154796170649 ], [ -72.974901769013968, 45.962637235455205 ], [ -72.968547852011653, 45.95992617483985 ], [ -72.968737687838825, 45.954733055205935 ], [ -72.975280237470358, 45.952250954937504 ] ] ] } },
{ "type": "Feature", "properties": { "hex_id": 629503, "centroid_lon": -72.974523092718513, "centroid_lat": 45.973023494589327, "occurrences_today": 2, "datetimes_today": "2026-07-24 06:18:29, 2026-07-24 09:01:53", "cumulative_total": 106.0 }, "geometry": { "type": "Polygon", "coordinates": [ [ [ -72.974712456854945, 45.967830367695299 ], [ -72.981067577567543, 45.970541101781308 ], [ -72.980878789545017, 45.975734246573182 ], [ -72.974333676587037, 45.978216616137075 ], [ -72.967978031764417, 45.975505501643127 ], [ -72.968168023992149, 45.970312398058631 ], [ -72.974712456854945, 45.967830367695299 ] ] ] } },
{ "type": "Feature", "properties": { "hex_id": 629504, "centroid_lon": -72.97395468826825, "centroid_lat": 45.98860284319305, "occurrences_today": 2, "datetimes_today": "2026-07-24 06:18:29, 2026-07-24 09:01:53", "cumulative_total": 169.0 }, "geometry": { "type": "Polygon", "coordinates": [ [ [ -72.974144208442837, 45.983409732338387 ], [ -72.980501057965853, 45.986120520129106 ], [ -72.980312114373987, 45.991313648892778 ], [ -72.973765116045612, 45.993795948700857 ], [ -72.967407741996766, 45.991084780294706 ], [ -72.967597890784461, 45.985891692761349 ], [ -72.974144208442837, 45.983409732338387 ] ] ] } },
{ "type": "Feature", "properties": { "hex_id": 630110, "centroid_lon": -72.970065080870484, "centroid_lat": 45.918381067994915, "occurrences_today": 2, "datetimes_today": "2026-07-24 06:18:29, 2026-07-24 09:01:53", "cumulative_total": 83.0 }, "geometry": { "type": "Polygon", "coordinates": [ [ [ -72.970254500407023, 45.913187905570787 ], [ -72.976603242370032, 45.9158988047515 ], [ -72.976414397214782, 45.921091985097895 ], [ -72.969875609359363, 45.923574225070901 ], [ -72.963526344998442, 45.920862946150734 ], [ -72.963716390873245, 45.915669807062336 ], [ -72.970254500407023, 45.913187905570787 ] ] ] } },
{ "type": "Feature", "properties": { "hex_id": 630111, "centroid_lon": -72.969496510342864, "centroid_lat": 45.933960523177817, "occurrences_today": 2, "datetimes_today": "2026-07-24 06:18:29, 2026-07-24 09:01:53", "cumulative_total": 100.0 }, "geometry": { "type": "Polygon", "coordinates": [ [ [ -72.969686085856026, 45.928767376798604 ], [ -72.976036551429928, 45.93147832975734 ], [ -72.975847550765153, 45.936671494070019 ], [ -72.969306882802215, 45.939153664208334 ], [ -72.96295589441624, 45.936442331303027 ], [ -72.963146096787625, 45.931249208271282 ], [ -72.969686085856026, 45.928767376798604 ] ] ] } },
{ "type": "Feature", "properties": { "hex_id": 630112, "centroid_lon": -72.968927471567866, "centroid_lat": 45.949539930222578, "occurrences_today": 2, "datetimes_today": "2026-07-24 06:18:29, 2026-07-24 09:01:53", "cumulative_total": 112.0 }, "geometry": { "type": "Polygon", "coordinates": [ [ [ -72.969117203216442, 45.944346799889992 ], [ -72.975469393802967, 45.947057806660283 ], [ -72.975280237470358, 45.952250954937504 ], [ -72.968737687838825, 45.954733055205935 ], [ -72.962384974025625, 45.952021668281901 ], [ -72.962575333052953, 45.946828561308521 ], [ -72.969117203216442, 45.944346799889992 ] ] ] } },
{ "type": "Feature", "properties": { "hex_id": 630113, "centroid_lon": -72.968357964068659, "centroid_lat": 45.965119289124146, "occurrences_today": 2, "datetimes_today": "2026-07-24 06:18:29, 2026-07-24 09:01:53", "cumulative_total": 92.0 }, "geometry": { "type": "Polygon", "coordinates": [ [ [ -72.968547852011653, 45.95992617483985 ], [ -72.974901769013968, 45.962637235455205 ], [ -72.974712456854945, 45.967830367695299 ], [ -72.968168023992149, 45.970312398058631 ], [ -72.961813583348231, 45.967600957082205 ], [ -72.962004099191006, 45.962407866168924 ], [ -72.968547852011653, 45.95992617483985 ] ] ] } },
{ "type": "Feature", "properties": { "hex_id": 630114, "centroid_lon": -72.967787987367757, "centroid_lat": 45.980698599877414, "occurrences_today": 2, "datetimes_today": "2026-07-24 06:18:29, 2026-07-24 09:01:53", "cumulative_total": 89.0 }, "geometry": { "type": "Polygon", "coordinates": [ [ [ -72.967978031764417, 45.975505501643127 ], [ -72.974333676587037, 45.978216616137075 ], [ -72.974144208442837, 45.983409732338387 ], [ -72.967597890784461, 45.985891692761349 ], [ -72.961241721904884, 45.983180197698871 ], [ -72.96143239472292, 45.977987122847374 ], [ -72.967978031764417, 45.975505501643127 ] ] ] } },
{ "type": "Feature", "properties": { "hex_id": 630721, "centroid_lon": -72.9633362469758, "centroid_lat": 45.926056079887118, "occurrences_today": 2, "datetimes_today": "2026-07-24 06:18:29, 2026-07-24 09:01:53", "cumulative_total": 83.0 }, "geometry": { "type": "Polygon", "coordinates": [ [ [ -72.963526344998442, 45.920862946150734 ], [ -72.969875609359363, 45.923574225070901 ], [ -72.969686085856026, 45.928767376798604 ], [ -72.963146096787625, 45.931249208271282 ], [ -72.956796310081756, 45.928537549451363 ], [ -72.956987034771558, 45.923344439123817 ], [ -72.963526344998442, 45.920862946150734 ] ] ] } },
{ "type": "Feature", "properties": { "hex_id": 630722, "centroid_lon": -72.962765639843909, "centroid_lat": 45.941635448982176, "occurrences_today": 2, "datetimes_today": "2026-07-24 06:18:29, 2026-07-24 09:01:53", "cumulative_total": 100.0 }, "geometry": { "type": "Polygon", "coordinates": [ [ [ -72.96295589441624, 45.936442331303027 ], [ -72.969306882802215, 45.939153664208334 ], [ -72.969117203216442, 45.944346799889992 ], [ -72.962575333052953, 45.946828561308521 ], [ -72.956223821907912, 45.944116848296289 ], [ -72.95641470366769, 45.938923754037788 ], [ -72.96295589441624, 45.936442331303027 ] ] ] } },
{ "type": "Feature", "properties": { "hex_id": 630723, "centroid_lon": -72.96219456274423, "centroid_lat": 45.957214769902087, "occurrences_today": 2, "datetimes_today": "2026-07-24 06:18:29, 2026-07-24 09:01:53", "cumulative_total": 99.0 }, "geometry": { "type": "Polygon", "coordinates": [ [ [ -72.962384974025625, 45.952021668281901 ], [ -72.968737687838825, 45.954733055205935 ], [ -72.968547852011653, 45.95992617483985 ], [ -72.962004099191006, 45.962407866168924 ], [ -72.95565086220428, 45.959696098930664 ], [ -72.955841901193978, 45.954503020742912 ], [ -72.962384974025625, 45.952021668281901 ] ] ] } },
{ "type": "Feature", "properties": { "hex_id": 630724, "centroid_lon": -72.961623015198114, "centroid_lat": 45.972794042641752, "occurrences_today": 2, "datetimes_today": "2026-07-24 06:18:29, 2026-07-24 09:01:53", "cumulative_total": 66.0 }, "geometry": { "type": "Polygon", "coordinates": [ [ [ -72.961813583348231, 45.967600957082205 ], [ -72.968168023992149, 45.970312398058631 ], [ -72.967978031764417, 45.975505501643127 ], [ -72.96143239472292, 45.977987122847374 ], [ -72.955077430490604, 45.975275301349306 ], [ -72.955268626870392, 45.970082239234046 ], [ -72.961813583348231, 45.967600957082205 ] ] ] } },
{ "type": "Feature", "properties": { "hex_id": 631331, "centroid_lon": -72.957177707140218, "centroid_lat": 45.91815132344032, "occurrences_today": 2, "datetimes_today": "2026-07-24 06:18:29, 2026-07-24 09:01:53", "cumulative_total": 91.0 }, "geometry": { "type": "Polygon", "coordinates": [ [ [ -72.95736832720543, 45.912958202401043 ], [ -72.963716390873245, 45.915669807062336 ], [ -72.963526344998442, 45.920862946150734 ], [ -72.956987034771558, 45.923344439123817 ], [ -72.950638449225622, 45.920632454609624 ], [ -72.950829695766942, 45.915439357040562 ], [ -72.95736832720543, 45.912958202401043 ] ] ] } },
{ "type": "Feature", "properties": { "hex_id": 631332, "centroid_lon": -72.956605533053065, "centroid_lat": 45.933730654422753, "occurrences_today": 2, "datetimes_today": "2026-07-24 06:18:29, 2026-07-24 09:01:53", "cumulative_total": 86.0 }, "geometry": { "type": "Polygon", "coordinates": [ [ [ -72.956796310081756, 45.928537549451363 ], [ -72.963146096787625, 45.931249208271282 ], [ -72.96295589441624, 45.936442331303027 ], [ -72.95641470366769, 45.938923754037788 ], [ -72.950064394670065, 45.936211715157832 ], [ -72.950255798694982, 45.931018633668458 ], [ -72.956796310081756, 45.928537549451363 ] ] ] } },
{ "type": "Feature", "properties": { "hex_id": 631333, "centroid_lon": -72.956032887755939, "centroid_lat": 45.949309937198059, "occurrences_today": 2, "datetimes_today": "2026-07-24 06:18:29, 2026-07-24 09:01:53", "cumulative_total": 108.0 }, "geometry": { "type": "Polygon", "coordinates": [ [ [ -72.956223821907912, 45.944116848296289 ], [ -72.962575333052953, 45.946828561308521 ], [ -72.962384974025625, 45.952021668281901 ], [ -72.955841901193978, 45.954503020742912 ], [ -72.949489867343161, 45.951790927463399 ], [ -72.949681429011989, 45.946597862055498 ], [ -72.956223821907912, 45.944116848296289 ] ] ] } },
{ "type": "Feature", "properties": { "hex_id": 631334, "centroid_lon": -72.955459770769025, "centroid_lat": 45.964889171761094, "occurrences_today": 2, "datetimes_today": "2026-07-24 06:18:29, 2026-07-24 09:01:53", "cumulative_total": 140.0 }, "geometry": { "type": "Polygon", "coordinates": [ [ [ -72.95565086220428, 45.959696098930664 ], [ -72.962004099191006, 45.962407866168924 ], [ -72.961813583348231, 45.967600957082205 ], [ -72.955268626870392, 45.970082239234046 ], [ -72.948914866763445, 45.967370091521104 ], [ -72.949106586236738, 45.962177042196394 ], [ -72.95565086220428, 45.959696098930664 ] ] ] } },
{ "type": "Feature", "properties": { "hex_id": 631942, "centroid_lon": -72.950447150207566, "centroid_lat": 45.925825546818999, "occurrences_today": 2, "datetimes_today": "2026-07-24 06:18:29, 2026-07-24 09:01:53", "cumulative_total": 95.0 }, "geometry": { "type": "Polygon", "coordinates": [ [ [ -72.950638449225622, 45.920632454609624 ], [ -72.956987034771558, 45.923344439123817 ], [ -72.956796310081756, 45.928537549451363 ], [ -72.950255798694982, 45.931018633668458 ], [ -72.943906691324202, 45.928306269141139 ], [ -72.944098617147233, 45.923113200475136 ], [ -72.950638449225622, 45.920632454609624 ] ] ] } },
{ "type": "Feature", "properties": { "hex_id": 631943, "centroid_lon": -72.949872938115007, "centroid_lat": 45.941404791286907, "occurrences_today": 2, "datetimes_today": "2026-07-24 06:18:29, 2026-07-24 09:01:53", "cumulative_total": 86.0 }, "geometry": { "type": "Polygon", "coordinates": [ [ [ -72.950064394670065, 45.936211715157832 ], [ -72.95641470366769, 45.938923754037788 ], [ -72.956223821907912, 45.944116848296289 ], [ -72.949681429011989, 45.946597862055498 ], [ -72.943330597775955, 45.943885442955171 ], [ -72.943522681656432, 45.938692390381341 ], [ -72.950064394670065, 45.936211715157832 ] ] ] } },
{ "type": "Feature", "properties": { "hex_id": 631944, "centroid_lon": -72.949298253090689, "centroid_lat": 45.956983987510434, "occurrences_today": 2, "datetimes_today": "2026-07-24 06:18:29, 2026-07-24 09:01:53", "cumulative_total": 107.0 }, "geometry": { "type": "Polygon", "coordinates": [ [ [ -72.949489867343161, 45.951790927463399 ], [ -72.955841901193978, 45.954503020742912 ], [ -72.95565086220428, 45.959696098930664 ], [ -72.949106586236738, 45.962177042196394 ], [ -72.942754029733578, 45.959464568489146 ], [ -72.942946271832412, 45.954271532009251 ], [ -72.949489867343161, 45.951790927463399 ] ] ] } },
{ "type": "Feature", "properties": { "hex_id": 632552, "centroid_lon": -72.944290490320199, "centroid_lat": 45.917920126445473, "occurrences_today": 2, "datetimes_today": "2026-07-24 06:18:29, 2026-07-24 09:01:53", "cumulative_total": 91.0 }, "geometry": { "type": "Polygon", "coordinates": [ [ [ -72.944482310860906, 45.912727047052329 ], [ -72.950829695766942, 45.915439357040562 ], [ -72.950638449225622, 45.920632454609624 ], [ -72.944098617147233, 45.923113200475136 ], [ -72.937750710882966, 45.920400510520693 ], [ -72.93794315803747, 45.915207454732261 ], [ -72.944482310860906, 45.912727047052329 ] ] ] } },
{ "type": "Feature", "properties": { "hex_id": 632553, "centroid_lon": -72.943714712833213, "centroid_lat": 45.933499332443269, "occurrences_today": 2, "datetimes_today": "2026-07-24 06:18:29, 2026-07-24 09:01:53", "cumulative_total": 91.0 }, "geometry": { "type": "Polygon", "coordinates": [ [ [ -72.943906691324202, 45.928306269141139 ], [ -72.950255798694982, 45.931018633668458 ], [ -72.950064394670065, 45.936211715157832 ], [ -72.943522681656432, 45.938692390381341 ], [ -72.937173052514325, 45.935979645680597 ], [ -72.937365658139313, 45.930786605995053 ], [ -72.943906691324202, 45.928306269141139 ] ] ] } },
{ "type": "Feature", "properties": { "hex_id": 632554, "centroid_lon": -72.943138461173916, "centroid_lat": 45.949078490164531, "occurrences_today": 2, "datetimes_today": "2026-07-24 06:18:29, 2026-07-24 09:01:53", "cumulative_total": 85.0 }, "geometry": { "type": "Polygon", "coordinates": [ [ [ -72.943330597775955, 45.943885442955171 ], [ -72.949681429011989, 45.946597862055498 ], [ -72.949489867343161, 45.951790927463399 ], [ -72.942946271832412, 45.954271532009251 ], [ -72.936594918411586, 45.951558732528213 ], [ -72.936787682668395, 45.946365708947376 ], [ -72.943330597775955, 45.943885442955171 ] ] ] } },
{ "type": "Feature", "properties": { "hex_id": 633163, "centroid_lon": -72.937558210922887, "centroid_lat": 45.925593560941707, "occurrences_today": 2, "datetimes_today": "2026-07-24 06:18:29, 2026-07-24 09:01:53", "cumulative_total": 135.0 }, "geometry": { "type": "Polygon", "coordinates": [ [ [ -72.937750710882966, 45.920400510520693 ], [ -72.944098617147233, 45.923113200475136 ], [ -72.943906691324202, 45.928306269141139 ], [ -72.937365658139313, 45.930786605995053 ], [ -72.931017230570461, 45.928073535914208 ], [ -72.931210357473176, 45.922880509171122 ], [ -72.937750710882966, 45.920400510520693 ] ] ] } },
{ "type": "Feature", "properties": { "hex_id": 633773, "centroid_lon": -72.931403431396888, "centroid_lat": 45.917687477056617, "occurrences_today": 2, "datetimes_today": "2026-07-24 06:18:29, 2026-07-24 09:01:53", "cumulative_total": 139.0 }, "geometry": { "type": "Polygon", "coordinates": [ [ [ -72.931596452359557, 45.912494439570878 ], [ -72.93794315803747, 45.915207454732261 ], [ -72.937750710882966, 45.920400510520693 ], [ -72.931210357473176, 45.922880509171122 ], [ -72.924863130957092, 45.920167113930333 ], [ -72.925056778671035, 45.914974100183827 ], [ -72.931596452359557, 45.912494439570878 ] ] ] } },
{ "type": "Feature", "properties": { "hex_id": 442097, "centroid_lon": -74.955718357472222, "centroid_lat": 46.263769498910897, "occurrences_today": 2, "datetimes_today": "2026-07-24 14:47:11, 2026-07-24 15:02:07", "cumulative_total": 162.0 }, "geometry": { "type": "Polygon", "coordinates": [ [ [ -74.955722540468756, 46.258573387623564 ], [ -74.962208292885322, 46.261173772405918 ], [ -74.962204722289215, 46.26636988174112 ], [ -74.955714173322164, 46.268965605454078 ], [ -74.949227809658879, 46.266364855594354 ], [ -74.94923260620898, 46.261168747165456 ], [ -74.955722540468756, 46.258573387623564 ] ] ] } },
{ "type": "Feature", "properties": { "hex_id": 847465, "centroid_lon": -70.658845155903805, "centroid_lat": 46.11891729191909, "occurrences_today": 1, "datetimes_today": "2026-07-24 08:31:40", "cumulative_total": 106.0 }, "geometry": { "type": "Polygon", "coordinates": [ [ [ -70.659252781634251, 46.113735976508337 ], [ -70.665501259099003, 46.116571954252649 ], [ -70.665094178766111, 46.121753310016537 ], [ -70.658437418294596, 46.124098599817721 ], [ -70.652188507330024, 46.121262220326322 ], [ -70.652596790298773, 46.116080952845486 ], [ -70.659252781634251, 46.113735976508337 ] ] ] } },
{ "type": "Feature", "properties": { "hex_id": 848075, "centroid_lon": -70.653004961244122, "centroid_lat": 46.110899677844841, "occurrences_today": 1, "datetimes_today": "2026-07-24 08:31:40", "cumulative_total": 34.0 }, "geometry": { "type": "Polygon", "coordinates": [ [ [ -70.653413020204098, 46.105718395325368 ], [ -70.659660295523977, 46.108554653586452 ], [ -70.659252781634251, 46.113735976508337 ], [ -70.652596790298773, 46.116080952845486 ], [ -70.646349081913002, 46.113244292899395 ], [ -70.646757797890587, 46.108063058365794 ], [ -70.653413020204098, 46.105718395325368 ] ] ] } },
{ "type": "Feature", "properties": { "hex_id": 769367, "centroid_lon": -71.438927288064932, "centroid_lat": 46.863028851825696, "occurrences_today": 22, "datetimes_today": "2026-07-24 00:02:05, 2026-07-24 00:16:40, 2026-07-24 00:31:58, 2026-07-24 00:46:49, 2026-07-24 01:01:55, 2026-07-24 01:16:40, 2026-07-24 01:33:10, 2026-07-24 01:47:11, 2026-07-24 02:01:42, 2026-07-24 02:18:40, 2026-07-24 02:31:44, 2026-07-24 02:46:50, 2026-07-24 03:01:40, 2026-07-24 03:16:36, 2026-07-24 03:31:53, 2026-07-24 03:47:12, 2026-07-24 04:02:00, 2026-07-24 04:18:15, 2026-07-24 04:31:38, 2026-07-24 04:46:53, 2026-07-24 05:01:54, 2026-07-24 05:22:07", "cumulative_total": 162.0 }, "geometry": { "type": "Polygon", "coordinates": [ [ [ -71.439270568457616, 46.857843331403323 ], [ -71.445645965333128, 46.860639826095706 ], [ -71.445303265321712, 46.865825379904884 ], [ -71.438583912441487, 46.86821436559773 ], [ -71.43220803043198, 46.865417465344102 ], [ -71.432551986403638, 46.860231985025791 ], [ -71.439270568457616, 46.857843331403323 ] ] ] } },
{ "type": "Feature", "properties": { "hex_id": 770588, "centroid_lon": -71.425832824174677, "centroid_lat": 46.862620226415416, "occurrences_today": 22, "datetimes_today": "2026-07-24 00:02:05, 2026-07-24 00:16:40, 2026-07-24 00:31:58, 2026-07-24 00:46:49, 2026-07-24 01:01:55, 2026-07-24 01:16:40, 2026-07-24 01:33:10, 2026-07-24 01:47:11, 2026-07-24 02:01:42, 2026-07-24 02:18:40, 2026-07-24 02:31:44, 2026-07-24 02:46:50, 2026-07-24 03:01:40, 2026-07-24 03:16:36, 2026-07-24 03:31:53, 2026-07-24 03:47:12, 2026-07-24 04:02:00, 2026-07-24 04:18:15, 2026-07-24 04:31:38, 2026-07-24 04:46:53, 2026-07-24 05:01:54, 2026-07-24 05:22:07", "cumulative_total": 119.0 }, "geometry": { "type": "Polygon", "coordinates": [ [ [ -71.426177360304777, 46.857434779611019 ], [ -71.432551986403638, 46.860231985025791 ], [ -71.43220803043198, 46.865417465344102 ], [ -71.425488192467341, 46.867805666555412 ], [ -71.419113081803843, 46.865008055476729 ], [ -71.419458293636453, 46.85982264891755 ], [ -71.426177360304777, 46.857434779611019 ] ] ] } },
{ "type": "Feature", "properties": { "hex_id": 1099768, "centroid_lon": -67.652758303449531, "centroid_lat": 48.561385033646332, "occurrences_today": 2, "datetimes_today": "2026-07-24 12:02:19, 2026-07-24 12:19:32", "cumulative_total": 21.0 }, "geometry": { "type": "Polygon", "coordinates": [ [ [ -67.653508382071152, 48.556233709252965 ], [ -67.659854064759756, 48.559240377497865 ], [ -67.659104551354886, 48.564391772827385 ], [ -67.652008012934203, 48.56653634472196 ], [ -67.645661976960639, 48.563529219346691 ], [ -67.646412832616491, 48.558377979275235 ], [ -67.653508382071152, 48.556233709252965 ] ] ] } },
{ "type": "Feature", "properties": { "hex_id": 1100379, "centroid_lon": -67.644910909187999, "centroid_lat": 48.568680446083278, "occurrences_today": 2, "datetimes_today": "2026-07-24 12:02:19, 2026-07-24 12:19:32", "cumulative_total": 24.0 }, "geometry": { "type": "Polygon", "coordinates": [ [ [ -67.645661976960639, 48.563529219346691 ], [ -67.652008012934203, 48.56653634472196 ], [ -67.651257510448957, 48.571687642476654 ], [ -67.644159629222273, 48.573831659481804 ], [ -67.637813240192557, 48.570824076819072 ], [ -67.638565085369351, 48.565672934506686 ], [ -67.645661976960639, 48.563529219346691 ] ] ] } },
{ "type": "Feature", "properties": { "hex_id": 567812, "centroid_lon": -73.637771676618641, "centroid_lat": 45.507365821691806, "occurrences_today": 22, "datetimes_today": "2026-07-24 08:46:43, 2026-07-24 09:01:53, 2026-07-24 09:31:43, 2026-07-24 09:47:55, 2026-07-24 10:01:44, 2026-07-24 10:16:49, 2026-07-24 10:31:51, 2026-07-24 10:46:43, 2026-07-24 11:01:43, 2026-07-24 11:31:41, 2026-07-24 12:02:19, 2026-07-24 12:19:32, 2026-07-24 12:32:06, 2026-07-24 12:46:46, 2026-07-24 12:59:03, 2026-07-24 13:17:09, 2026-07-24 13:33:01, 2026-07-24 13:46:46, 2026-07-24 14:02:07, 2026-07-24 14:17:02, 2026-07-24 14:47:11, 2026-07-24 15:02:07", "cumulative_total": 222.0 }, "geometry": { "type": "Polygon", "coordinates": [ [ [ -73.63789699654923, 45.502170488916853 ], [ -73.644232934776568, 45.504844291982884 ], [ -73.644108186048271, 45.510039635968056 ], [ -73.637646322462672, 45.512561149451038 ], [ -73.631309847264149, 45.509886978050346 ], [ -73.631435772610928, 45.504691661565815 ], [ -73.63789699654923, 45.502170488916853 ] ] ] } },
{ "type": "Feature", "properties": { "hex_id": 692950, "centroid_lon": -72.337339143298962, "centroid_lat": 45.258375948093288, "occurrences_today": 17, "datetimes_today": "2026-07-24 10:16:49, 2026-07-24 10:31:51, 2026-07-24 10:46:43, 2026-07-24 11:01:43, 2026-07-24 11:31:41, 2026-07-24 12:02:19, 2026-07-24 12:19:32, 2026-07-24 12:32:06, 2026-07-24 12:46:46, 2026-07-24 12:59:03, 2026-07-24 13:17:09, 2026-07-24 13:33:01, 2026-07-24 13:46:46, 2026-07-24 14:02:07, 2026-07-24 14:17:02, 2026-07-24 14:47:11, 2026-07-24 15:02:07", "cumulative_total": 102.0 }, "geometry": { "type": "Polygon", "coordinates": [ [ [ -72.337581917675081, 45.253184536493109 ], [ -72.343826034930018, 45.255928563268263 ], [ -72.343583806357756, 45.261119998688976 ], [ -72.337096302869213, 45.263567353932878 ], [ -72.330851705875034, 45.260822950325021 ], [ -72.331095092086642, 45.255631568369537 ], [ -72.337581917675081, 45.253184536493109 ] ] ] } },
{ "type": "Feature", "properties": { "hex_id": 693560, "centroid_lon": -72.33133841209866, "centroid_lat": 45.25044018064883, "occurrences_today": 17, "datetimes_today": "2026-07-24 10:16:49, 2026-07-24 10:31:51, 2026-07-24 10:46:43, 2026-07-24 11:01:43, 2026-07-24 11:31:41, 2026-07-24 12:02:19, 2026-07-24 12:19:32, 2026-07-24 12:32:06, 2026-07-24 12:46:46, 2026-07-24 12:59:03, 2026-07-24 13:17:09, 2026-07-24 13:33:01, 2026-07-24 13:46:46, 2026-07-24 14:02:07, 2026-07-24 14:17:02, 2026-07-24 14:47:11, 2026-07-24 15:02:07", "cumulative_total": 125.0 }, "geometry": { "type": "Polygon", "coordinates": [ [ [ -72.331581665933101, 45.245248787163227 ], [ -72.337824626019568, 45.247993119132701 ], [ -72.337581917675081, 45.253184536493109 ], [ -72.331095092086642, 45.255631568369537 ], [ -72.324851652698797, 45.252886859616964 ], [ -72.325095518178728, 45.247695495834591 ], [ -72.331581665933101, 45.245248787163227 ] ] ] } },
{ "type": "Feature", "properties": { "hex_id": 694171, "centroid_lon": -72.324607720873345, "centroid_lat": 45.258078217629432, "occurrences_today": 17, "datetimes_today": "2026-07-24 10:16:49, 2026-07-24 10:31:51, 2026-07-24 10:46:43, 2026-07-24 11:01:43, 2026-07-24 11:31:41, 2026-07-24 12:02:19, 2026-07-24 12:19:32, 2026-07-24 12:32:06, 2026-07-24 12:46:46, 2026-07-24 12:59:03, 2026-07-24 13:17:09, 2026-07-24 13:33:01, 2026-07-24 13:46:46, 2026-07-24 14:02:07, 2026-07-24 14:17:02, 2026-07-24 14:47:11, 2026-07-24 15:02:07", "cumulative_total": 112.0 }, "geometry": { "type": "Polygon", "coordinates": [ [ [ -72.324851652698797, 45.252886859616964 ], [ -72.331095092086642, 45.255631568369537 ], [ -72.330851705875034, 45.260822950325021 ], [ -72.324363722680275, 45.263269569871625 ], [ -72.318119804057233, 45.260524484180898 ], [ -72.318364347842063, 45.255333155945287 ], [ -72.324851652698797, 45.252886859616964 ] ] ] } },
{ "type": "Feature", "properties": { "hex_id": 574519, "centroid_lon": -73.570735062207973, "centroid_lat": 45.374025994667115, "occurrences_today": 10, "datetimes_today": "2026-07-24 05:46:52, 2026-07-24 06:18:29, 2026-07-24 06:31:43, 2026-07-24 06:47:25, 2026-07-24 07:16:53, 2026-07-24 07:31:42, 2026-07-24 08:03:56, 2026-07-24 08:18:28, 2026-07-24 08:31:40, 2026-07-24 08:46:43", "cumulative_total": 292.0 }, "geometry": { "type": "Polygon", "coordinates": [ [ [ -73.570865938423523, 45.368830688441925 ], [ -73.577183864301489, 45.371508052456839 ], [ -73.577053554386737, 45.376703370522094 ], [ -73.570604150307616, 45.379221295850535 ], [ -73.564285693819613, 45.376543564561572 ], [ -73.564417172008845, 45.371348275282415 ], [ -73.570865938423523, 45.368830688441925 ] ] ] } },
{ "type": "Feature", "properties": { "hex_id": 725324, "centroid_lon": -71.985566548330709, "centroid_lat": 45.522468836891527, "occurrences_today": 21, "datetimes_today": "2026-07-24 00:02:05, 2026-07-24 00:16:40, 2026-07-24 00:31:58, 2026-07-24 00:46:49, 2026-07-24 01:01:55, 2026-07-24 01:16:40, 2026-07-24 01:33:10, 2026-07-24 01:47:11, 2026-07-24 02:01:42, 2026-07-24 02:18:40, 2026-07-24 02:31:44, 2026-07-24 02:46:50, 2026-07-24 03:01:40, 2026-07-24 03:16:36, 2026-07-24 03:31:53, 2026-07-24 03:47:12, 2026-07-24 04:02:00, 2026-07-24 04:18:15, 2026-07-24 04:31:38, 2026-07-24 04:46:53, 2026-07-24 05:01:54", "cumulative_total": 65.0 }, "geometry": { "type": "Polygon", "coordinates": [ [ [ -71.985843909672042, 45.517279248650247 ], [ -71.992098500002768, 45.52004272204767 ], [ -71.991821687017378, 45.525232337619762 ], [ -71.985289111310692, 45.527658419076481 ], [ -71.979034048315341, 45.52489456246952 ], [ -71.979312033665963, 45.519705007679384 ], [ -71.985843909672042, 45.517279248650247 ] ] ] } },
{ "type": "Feature", "properties": { "hex_id": 641807, "centroid_lon": -72.786455180308764, "centroid_lat": 47.434788120986262, "occurrences_today": 4, "datetimes_today": "2026-07-24 05:46:52, 2026-07-24 06:18:29, 2026-07-24 06:31:43, 2026-07-24 06:47:25", "cumulative_total": 43.0 }, "geometry": { "type": "Polygon", "coordinates": [ [ [ -72.786672953562629, 47.429596957514768 ], [ -72.793189533205194, 47.43232032095483 ], [ -72.79297238012964, 47.437511504769667 ], [ -72.786237346090431, 47.439979278973077 ], [ -72.779720207244793, 47.437255513884146 ], [ -72.779938661619909, 47.43206437630964 ], [ -72.786672953562629, 47.429596957514768 ] ] ] } },
{ "type": "Feature", "properties": { "hex_id": 803043, "centroid_lon": -70.962554068756432, "centroid_lat": 48.382628690929124, "occurrences_today": 14, "datetimes_today": "2026-07-24 06:18:29, 2026-07-24 06:31:43, 2026-07-24 06:47:25, 2026-07-24 07:16:53, 2026-07-24 07:31:42, 2026-07-24 08:03:56, 2026-07-24 08:18:28, 2026-07-24 08:31:40, 2026-07-24 08:46:43, 2026-07-24 09:01:53, 2026-07-24 09:31:43, 2026-07-24 09:47:55, 2026-07-24 10:01:44, 2026-07-24 10:16:49", "cumulative_total": 37.0 }, "geometry": { "type": "Polygon", "coordinates": [ [ [ -70.96296445404225, 48.377447413765012 ], [ -70.969495101106915, 48.380274612987513 ], [ -70.969085337948016, 48.385455929301592 ], [ -70.962143567184938, 48.387809960787173 ], [ -70.955612414300006, 48.384982330673907 ], [ -70.956023537956426, 48.379801100036431 ], [ -70.96296445404225, 48.377447413765012 ] ] ] } },
{ "type": "Feature", "properties": { "hex_id": 578805, "centroid_lon": -73.520962419845176, "centroid_lat": 45.568274479026655, "occurrences_today": 5, "datetimes_today": "2026-07-24 10:16:49, 2026-07-24 10:31:51, 2026-07-24 10:46:43, 2026-07-24 11:01:43, 2026-07-24 11:31:41", "cumulative_total": 73.0 }, "geometry": { "type": "Polygon", "coordinates": [ [ [ -73.521098772656529, 45.563079464944998 ], [ -73.527435782875571, 45.565759736457146 ], [ -73.527300001515428, 45.570954762918817 ], [ -73.520826029769836, 45.573469488044431 ], [ -73.51448848536981, 45.570788846335837 ], [ -73.514625446883841, 45.565593849762678 ], [ -73.521098772656529, 45.563079464944998 ] ] ] } },
{ "type": "Feature", "properties": { "hex_id": 605040, "centroid_lon": -73.253507020620475, "centroid_lat": 45.307251045034768, "occurrences_today": 14, "datetimes_today": "2026-07-24 08:46:43, 2026-07-24 09:01:53, 2026-07-24 09:31:43, 2026-07-24 09:47:55, 2026-07-24 10:01:44, 2026-07-24 10:16:49, 2026-07-24 10:31:51, 2026-07-24 10:46:43, 2026-07-24 11:01:43, 2026-07-24 11:31:41, 2026-07-24 12:02:19, 2026-07-24 12:19:32, 2026-07-24 12:32:06, 2026-07-24 12:46:46", "cumulative_total": 155.0 }, "geometry": { "type": "Polygon", "coordinates": [ [ [ -73.253666565225515, 45.30205647639351 ], [ -73.259961682457188, 45.30475108737344 ], [ -73.259802697866505, 45.309945670953788 ], [ -73.253347432554989, 45.312445608490769 ], [ -73.247051798776653, 45.309750628161602 ], [ -73.247211946841972, 45.304556079708647 ], [ -73.253666565225515, 45.30205647639351 ] ] ] } },
{ "type": "Feature", "properties": { "hex_id": 605650, "centroid_lon": -73.247372051295869, "centroid_lat": 45.299361526067329, "occurrences_today": 13, "datetimes_today": "2026-07-24 09:01:53, 2026-07-24 09:31:43, 2026-07-24 09:47:55, 2026-07-24 10:01:44, 2026-07-24 10:16:49, 2026-07-24 10:31:51, 2026-07-24 10:46:43, 2026-07-24 11:01:43, 2026-07-24 11:31:41, 2026-07-24 12:02:19, 2026-07-24 12:19:32, 2026-07-24 12:32:06, 2026-07-24 12:46:46", "cumulative_total": 33.0 }, "geometry": { "type": "Polygon", "coordinates": [ [ [ -73.247532112152939, 45.294166967237793 ], [ -73.253826066384619, 45.296861902567166 ], [ -73.253666565225515, 45.30205647639351 ], [ -73.247211946841972, 45.304556079708647 ], [ -73.240917476516458, 45.301860775073884 ], [ -73.241078140653784, 45.296666236493323 ], [ -73.247532112152939, 45.294166967237793 ] ] ] } },
{ "type": "Feature", "properties": { "hex_id": 606260, "centroid_lon": -73.241238761043377, "centroid_lat": 45.291471692721444, "occurrences_today": 3, "datetimes_today": "2026-07-24 12:02:19, 2026-07-24 12:19:32, 2026-07-24 12:32:06", "cumulative_total": 26.0 }, "geometry": { "type": "Polygon", "coordinates": [ [ [ -73.241399337699846, 45.286277143758348 ], [ -73.247692129427662, 45.288972403220193 ], [ -73.247532112152939, 45.294166967237793 ], [ -73.241078140653784, 45.296666236493323 ], [ -73.23478483328465, 45.293970607769907 ], [ -73.23494601304138, 45.288776079116474 ], [ -73.241399337699846, 45.286277143758348 ] ] ] } },
{ "type": "Feature", "properties": { "hex_id": 606261, "centroid_lon": -73.240756768616833, "centroid_lat": 45.307055308462949, "occurrences_today": 3, "datetimes_today": "2026-07-24 12:02:19, 2026-07-24 12:19:32, 2026-07-24 12:32:06", "cumulative_total": 98.0 }, "geometry": { "type": "Polygon", "coordinates": [ [ [ -73.240917476516458, 45.301860775073884 ], [ -73.247211946841972, 45.304556079708647 ], [ -73.247051798776653, 45.309750628161602 ], [ -73.240596016940287, 45.312249836660371 ], [ -73.234301030564694, 45.309554162562797 ], [ -73.234462342060937, 45.304359649493222 ], [ -73.240917476516458, 45.301860775073884 ] ] ] } },
{ "type": "Feature", "properties": { "hex_id": 606871, "centroid_lon": -73.234623609629381, "centroid_lat": 45.299165131228882, "occurrences_today": 5, "datetimes_today": "2026-07-24 12:02:19, 2026-07-24 12:19:32, 2026-07-24 12:32:06, 2026-07-24 12:46:46, 2026-07-24 12:59:03", "cumulative_total": 122.0 }, "geometry": { "type": "Polygon", "coordinates": [ [ [ -73.23478483328465, 45.293970607769907 ], [ -73.241078140653784, 45.296666236493323 ], [ -73.240917476516458, 45.301860775073884 ], [ -73.234462342060937, 45.304359649493222 ], [ -73.228168519094353, 45.301663651350907 ], [ -73.228330346166089, 45.296469148272088 ], [ -73.23478483328465, 45.293970607769907 ] ] ] } },
{ "type": "Feature", "properties": { "hex_id": 607482, "centroid_lon": -73.228006647943957, "centroid_lat": 45.3068581492318, "occurrences_today": 3, "datetimes_today": "2026-07-24 12:02:19, 2026-07-24 12:19:32, 2026-07-24 12:32:06", "cumulative_total": 163.0 }, "geometry": { "type": "Polygon", "coordinates": [ [ [ -73.228168519094353, 45.301663651350907 ], [ -73.234462342060937, 45.304359649493222 ], [ -73.234301030564694, 45.309554162562797 ], [ -73.227844732700163, 45.31205264191464 ], [ -73.221550394180156, 45.309356274196048 ], [ -73.221712869063381, 45.30416179676584 ], [ -73.228168519094353, 45.301663651350907 ] ] ] } },
{ "type": "Feature", "properties": { "hex_id": 560502, "centroid_lon": -73.708845301216698, "centroid_lat": 45.757633689100111, "occurrences_today": 20, "datetimes_today": "2026-07-24 06:47:25, 2026-07-24 07:16:53, 2026-07-24 07:31:42, 2026-07-24 08:03:56, 2026-07-24 08:18:28, 2026-07-24 08:31:40, 2026-07-24 08:46:43, 2026-07-24 09:01:53, 2026-07-24 09:31:43, 2026-07-24 09:47:55, 2026-07-24 10:01:44, 2026-07-24 10:16:49, 2026-07-24 10:31:51, 2026-07-24 10:46:43, 2026-07-24 11:01:43, 2026-07-24 11:31:41, 2026-07-24 12:02:19, 2026-07-24 12:19:32, 2026-07-24 12:32:06, 2026-07-24 12:46:46", "cumulative_total": 204.0 }, "geometry": { "type": "Polygon", "coordinates": [ [ [ -73.708965124449946, 45.752438435404812 ], [ -73.715332535393003, 45.755108522848865 ], [ -73.715213291932457, 45.760303787107468 ], [ -73.708725445158422, 45.762828937805907 ], [ -73.702357487273176, 45.760158479511766 ], [ -73.70247792309307, 45.754963241434368 ], [ -73.708965124449946, 45.752438435404812 ] ] ] } },
{ "type": "Feature", "properties": { "hex_id": 769264, "centroid_lon": -71.540625891254308, "centroid_lat": 45.260389737433059, "occurrences_today": 2, "datetimes_today": "2026-07-24 13:46:46, 2026-07-24 14:02:07", "cumulative_total": 30.0 }, "geometry": { "type": "Polygon", "coordinates": [ [ [ -71.540941252277847, 45.255202192631977 ], [ -71.547144572057945, 45.257988678551087 ], [ -71.546829745334634, 45.263176254791063 ], [ -71.540310444489762, 45.265577275778632 ], [ -71.534106676164697, 45.262790406343491 ], [ -71.534422657200977, 45.257602899500043 ], [ -71.540941252277847, 45.255202192631977 ] ] ] } },
{ "type": "Feature", "properties": { "hex_id": 770485, "centroid_lon": -71.52790352800848, "centroid_lat": 45.260003216375978, "occurrences_today": 2, "datetimes_today": "2026-07-24 13:46:46, 2026-07-24 14:02:07", "cumulative_total": 38.0 }, "geometry": { "type": "Polygon", "coordinates": [ [ [ -71.528220043146064, 45.254815741091917 ], [ -71.534422657200977, 45.257602899500043 ], [ -71.534106676164697, 45.262790406343491 ], [ -71.527586926817648, 45.265190685191996 ], [ -71.521383864728961, 45.262403143169422 ], [ -71.521700999992504, 45.257215705976016 ], [ -71.528220043146064, 45.254815741091917 ] ] ] } },
{ "type": "Feature", "properties": { "hex_id": 573336, "centroid_lon": -73.568480883403765, "centroid_lat": 45.96642021357254, "occurrences_today": 26, "datetimes_today": "2026-07-24 14:02:07, 2026-07-24 14:17:02, 2026-07-24 14:47:11, 2026-07-24 15:02:07, 2026-07-24 15:17:47, 2026-07-24 15:31:41, 2026-07-24 15:56:02, 2026-07-24 16:16:41, 2026-07-24 16:31:40, 2026-07-24 16:47:02, 2026-07-24 17:01:51, 2026-07-24 17:16:43, 2026-07-24 17:31:38, 2026-07-24 17:46:45, 2026-07-24 18:02:14, 2026-07-24 18:16:45, 2026-07-24 18:32:11, 2026-07-24 18:47:12, 2026-07-24 19:01:49, 2026-07-24 19:17:25, 2026-07-24 19:31:42, 2026-07-24 19:47:26, 2026-07-24 20:02:36, 2026-07-24 20:31:41, 2026-07-24 20:47:09, 2026-07-24 21:02:52", "cumulative_total": 190.0 }, "geometry": { "type": "Polygon", "coordinates": [ [ [ -73.568614700820604, 45.961225453402072 ], [ -73.574998841633644, 45.963903470503347 ], [ -73.574865608494036, 45.969098242684254 ], [ -73.568347029235269, 45.971614968697089 ], [ -73.561962340902923, 45.968936576746827 ], [ -73.562096779336144, 45.963741833698244 ], [ -73.568614700820604, 45.961225453402072 ] ] ] } },
{ "type": "Feature", "properties": { "hex_id": 573947, "centroid_lon": -73.561827865546405, "centroid_lat": 45.974131314746735, "occurrences_today": 26, "datetimes_today": "2026-07-24 14:02:07, 2026-07-24 14:17:02, 2026-07-24 14:47:11, 2026-07-24 15:02:07, 2026-07-24 15:17:47, 2026-07-24 15:31:41, 2026-07-24 15:56:02, 2026-07-24 16:16:41, 2026-07-24 16:31:40, 2026-07-24 16:47:02, 2026-07-24 17:01:51, 2026-07-24 17:16:43, 2026-07-24 17:31:38, 2026-07-24 17:46:45, 2026-07-24 18:02:14, 2026-07-24 18:16:45, 2026-07-24 18:32:11, 2026-07-24 18:47:12, 2026-07-24 19:01:49, 2026-07-24 19:17:25, 2026-07-24 19:31:42, 2026-07-24 19:47:26, 2026-07-24 20:02:36, 2026-07-24 20:31:41, 2026-07-24 20:47:09, 2026-07-24 21:02:52", "cumulative_total": 165.0 }, "geometry": { "type": "Polygon", "coordinates": [ [ [ -73.561962340902923, 45.968936576746827 ], [ -73.568347029235269, 45.971614968697089 ], [ -73.568213138302596, 45.976809718775655 ], [ -73.561693353254057, 45.979326047697917 ], [ -73.555308117439964, 45.976647280736842 ], [ -73.555443214143622, 45.97145255992988 ], [ -73.561962340902923, 45.968936576746827 ] ] ] } },
{ "type": "Feature", "properties": { "hex_id": 572726, "centroid_lon": -73.574732338761876, "centroid_lat": 45.974293009821906, "occurrences_today": 26, "datetimes_today": "2026-07-24 14:02:07, 2026-07-24 14:17:02, 2026-07-24 14:47:11, 2026-07-24 15:02:07, 2026-07-24 15:17:47, 2026-07-24 15:31:41, 2026-07-24 15:56:02, 2026-07-24 16:16:41, 2026-07-24 16:31:40, 2026-07-24 16:47:02, 2026-07-24 17:01:51, 2026-07-24 17:16:43, 2026-07-24 17:31:38, 2026-07-24 17:46:45, 2026-07-24 18:02:14, 2026-07-24 18:16:45, 2026-07-24 18:32:11, 2026-07-24 18:47:12, 2026-07-24 19:01:49, 2026-07-24 19:17:25, 2026-07-24 19:31:42, 2026-07-24 19:47:26, 2026-07-24 20:02:36, 2026-07-24 20:31:41, 2026-07-24 20:47:09, 2026-07-24 21:02:52", "cumulative_total": 173.0 }, "geometry": { "type": "Polygon", "coordinates": [ [ [ -73.574865608494036, 45.969098242684254 ], [ -73.581250954619392, 45.971775920933034 ], [ -73.581118269495207, 45.976970700020864 ], [ -73.574599032424743, 45.979487771916226 ], [ -73.568213138302596, 45.976809718775655 ], [ -73.568347029235269, 45.971614968697089 ], [ -73.574865608494036, 45.969098242684254 ] ] ] } },
{ "type": "Feature", "properties": { "hex_id": 558046, "centroid_lon": -73.739460775546291, "centroid_lat": 45.539714266684513, "occurrences_today": 9, "datetimes_today": "2026-07-24 09:01:53, 2026-07-24 09:31:43, 2026-07-24 09:47:55, 2026-07-24 10:01:44, 2026-07-24 10:16:49, 2026-07-24 10:31:51, 2026-07-24 10:46:43, 2026-07-24 11:01:43, 2026-07-24 11:31:41", "cumulative_total": 523.0 }, "geometry": { "type": "Polygon", "coordinates": [ [ [ -73.739576872836366, 45.534518752047056 ], [ -73.745921349418822, 45.537186988665013 ], [ -73.745805825680335, 45.542382513513175 ], [ -73.73934464653594, 45.544909776344511 ], [ -73.732999628127502, 45.542241171936155 ], [ -73.733116330678783, 45.537045672551464 ], [ -73.739576872836366, 45.534518752047056 ] ] ] } },
{ "type": "Feature", "properties": { "hex_id": 558657, "centroid_lon": -73.732882893689691, "centroid_lat": 45.547436666341021, "occurrences_today": 9, "datetimes_today": "2026-07-24 09:01:53, 2026-07-24 09:31:43, 2026-07-24 09:47:55, 2026-07-24 10:01:44, 2026-07-24 10:16:49, 2026-07-24 10:31:51, 2026-07-24 10:46:43, 2026-07-24 11:01:43, 2026-07-24 11:31:41", "cumulative_total": 215.0 }, "geometry": { "type": "Polygon", "coordinates": [ [ [ -73.732999628127502, 45.542241171936155 ], [ -73.73934464653594, 45.544909776344511 ], [ -73.739228485794655, 45.550105281026987 ], [ -73.732766127354608, 45.552632155766005 ], [ -73.726420567152246, 45.549963183407513 ], [ -73.726537907173139, 45.544767704324734 ], [ -73.732999628127502, 45.542241171936155 ] ] ] } },
{ "type": "Feature", "properties": { "hex_id": 597117, "centroid_lon": -73.330196569936291, "centroid_lat": 45.518873385125325, "occurrences_today": 6, "datetimes_today": "2026-07-24 00:02:05, 2026-07-24 00:16:40, 2026-07-24 00:31:58, 2026-07-24 00:46:49, 2026-07-24 01:01:55, 2026-07-24 01:16:40", "cumulative_total": 184.0 }, "geometry": { "type": "Polygon", "coordinates": [ [ [ -73.330350240014667, 45.513678802055239 ], [ -73.336672400550654, 45.516369475224778 ], [ -73.336519297825973, 45.521564072542766 ], [ -73.330042857890177, 45.524067963045376 ], [ -73.323720171975268, 45.521376918545386 ], [ -73.323874451361021, 45.516182354937719 ], [ -73.330350240014667, 45.513678802055239 ] ] ] } },
{ "type": "Feature", "properties": { "hex_id": 740171, "centroid_lon": -71.647075444910996, "centroid_lat": 48.552705797957636, "occurrences_today": 4, "datetimes_today": "2026-07-24 05:33:06, 2026-07-24 05:46:52, 2026-07-24 06:18:29, 2026-07-24 06:31:43", "cumulative_total": 49.0 }, "geometry": { "type": "Polygon", "coordinates": [ [ [ -71.647418380682694, 48.547520670442317 ], [ -71.654010508992798, 48.550310214872425 ], [ -71.653668213232848, 48.555495374827004 ], [ -71.64673241163878, 48.557890918963473 ], [ -71.640139740835167, 48.55510094692491 ], [ -71.640483414083704, 48.549915858429785 ], [ -71.647418380682694, 48.547520670442317 ] ] ] } },
{ "type": "Feature", "properties": { "hex_id": 796177, "centroid_lon": -71.207553466193801, "centroid_lat": 46.044931184245655, "occurrences_today": 24, "datetimes_today": "2026-07-24 14:47:11, 2026-07-24 15:02:07, 2026-07-24 15:17:47, 2026-07-24 15:31:41, 2026-07-24 15:56:02, 2026-07-24 16:16:41, 2026-07-24 16:31:40, 2026-07-24 16:47:02, 2026-07-24 17:01:51, 2026-07-24 17:16:43, 2026-07-24 17:31:38, 2026-07-24 17:46:45, 2026-07-24 18:02:14, 2026-07-24 18:16:45, 2026-07-24 18:32:11, 2026-07-24 18:47:12, 2026-07-24 19:01:49, 2026-07-24 19:17:25, 2026-07-24 19:31:42, 2026-07-24 19:47:26, 2026-07-24 20:02:36, 2026-07-24 20:31:41, 2026-07-24 20:47:09, 2026-07-24 21:02:52", "cumulative_total": 51.0 }, "geometry": { "type": "Polygon", "coordinates": [ [ [ -71.207908731869651, 46.039746267200123 ], [ -71.214179159170072, 46.042552799858484 ], [ -71.213824445378506, 46.047737751991619 ], [ -71.207198103034997, 46.050116094438366 ], [ -71.200927221349772, 46.047309165336458 ], [ -71.201283136359763, 46.042124290296165 ], [ -71.207908731869651, 46.039746267200123 ] ] ] } },
{ "type": "Feature", "properties": { "hex_id": 586132, "centroid_lon": -73.443668379006894, "centroid_lat": 45.582837678536997, "occurrences_today": 41, "datetimes_today": "2026-07-24 00:02:05, 2026-07-24 00:16:40, 2026-07-24 00:31:58, 2026-07-24 00:46:49, 2026-07-24 01:01:55, 2026-07-24 01:16:40, 2026-07-24 01:33:10, 2026-07-24 01:47:11, 2026-07-24 02:01:42, 2026-07-24 02:18:40, 2026-07-24 02:31:44, 2026-07-24 02:46:50, 2026-07-24 03:01:40, 2026-07-24 03:16:36, 2026-07-24 03:31:53, 2026-07-24 03:47:12, 2026-07-24 04:02:00, 2026-07-24 04:18:15, 2026-07-24 04:31:38, 2026-07-24 04:46:53, 2026-07-24 05:01:54, 2026-07-24 05:22:07, 2026-07-24 05:33:06, 2026-07-24 05:46:52, 2026-07-24 06:18:29, 2026-07-24 06:31:43, 2026-07-24 06:47:25, 2026-07-24 07:16:53, 2026-07-24 07:31:42, 2026-07-24 08:03:56, 2026-07-24 08:18:28, 2026-07-24 08:31:40, 2026-07-24 08:46:43, 2026-07-24 09:01:53, 2026-07-24 09:31:43, 2026-07-24 09:47:55, 2026-07-24 10:01:44, 2026-07-24 10:16:49, 2026-07-24 10:31:51, 2026-07-24 10:46:43, 2026-07-24 11:01:43", "cumulative_total": 493.0 }, "geometry": { "type": "Polygon", "coordinates": [ [ [ -73.443811928717309, 45.577642863716243 ], [ -73.450146767823824, 45.580327390611075 ], [ -73.450003788946503, 45.585522218579065 ], [ -73.443524790060124, 45.588032488259884 ], [ -73.437189419363435, 45.585347590266551 ], [ -73.437333579130112, 45.580152793755531 ], [ -73.443811928717309, 45.577642863716243 ] ] ] } },
{ "type": "Feature", "properties": { "hex_id": 547051, "centroid_lon": -73.856609371988966, "centroid_lat": 45.447404143543835, "occurrences_today": 56, "datetimes_today": "2026-07-24 00:02:05, 2026-07-24 00:16:40, 2026-07-24 00:31:58, 2026-07-24 00:46:49, 2026-07-24 01:01:55, 2026-07-24 01:16:40, 2026-07-24 01:33:10, 2026-07-24 01:47:11, 2026-07-24 02:01:42, 2026-07-24 02:18:40, 2026-07-24 02:31:44, 2026-07-24 02:46:50, 2026-07-24 03:01:40, 2026-07-24 03:16:36, 2026-07-24 03:31:53, 2026-07-24 03:47:12, 2026-07-24 04:02:00, 2026-07-24 04:18:15, 2026-07-24 04:31:38, 2026-07-24 04:46:53, 2026-07-24 05:01:54, 2026-07-24 05:22:07, 2026-07-24 05:33:06, 2026-07-24 05:46:52, 2026-07-24 06:18:29, 2026-07-24 06:31:43, 2026-07-24 06:47:25, 2026-07-24 07:16:53, 2026-07-24 07:31:42, 2026-07-24 08:03:56, 2026-07-24 08:18:28, 2026-07-24 08:31:40, 2026-07-24 08:46:43, 2026-07-24 09:01:53, 2026-07-24 09:31:43, 2026-07-24 09:47:55, 2026-07-24 10:01:44, 2026-07-24 10:16:49, 2026-07-24 10:31:51, 2026-07-24 10:46:43, 2026-07-24 11:01:43, 2026-07-24 11:31:41, 2026-07-24 12:02:19, 2026-07-24 12:19:32, 2026-07-24 12:32:06, 2026-07-24 12:46:46, 2026-07-24 12:59:03, 2026-07-24 13:17:09, 2026-07-24 13:33:01, 2026-07-24 13:46:46, 2026-07-24 14:02:07, 2026-07-24 14:17:02, 2026-07-24 14:47:11, 2026-07-24 15:02:07, 2026-07-24 15:17:47, 2026-07-24 15:31:41", "cumulative_total": 224.0 }, "geometry": { "type": "Polygon", "coordinates": [ [ [ -73.856714342988852, 45.442208321356482 ], [ -73.863054205467463, 45.444870046201515 ], [ -73.86294980680232, 45.450065877418957 ], [ -73.85650437233933, 45.452599960794544 ], [ -73.850163966180546, 45.449937870430894 ], [ -73.850269538155317, 45.444742062274699 ], [ -73.856714342988852, 45.442208321356482 ] ] ] } },
{ "type": "Feature", "properties": { "hex_id": 633196, "centroid_lon": -72.918236307519209, "centroid_lat": 46.439678951331096, "occurrences_today": 6, "datetimes_today": "2026-07-24 18:16:45, 2026-07-24 18:32:11, 2026-07-24 18:47:12, 2026-07-24 19:01:49, 2026-07-24 19:17:25, 2026-07-24 19:31:42", "cumulative_total": 62.0 }, "geometry": { "type": "Polygon", "coordinates": [ [ [ -72.918434125279759, 46.434486433248715 ], [ -72.924839633845181, 46.437200948004183 ], [ -72.92464240587438, 46.442393484712497 ], [ -72.918038435119144, 46.444871464026676 ], [ -72.911632391412894, 46.442156562239482 ], [ -72.911830853583922, 46.436964068236378 ], [ -72.918434125279759, 46.434486433248715 ] ] ] } },
{ "type": "Feature", "properties": { "hex_id": 790834, "centroid_lon": -71.096102751300421, "centroid_lat": 48.402831841911784, "occurrences_today": 16, "datetimes_today": "2026-07-24 12:19:32, 2026-07-24 12:32:06, 2026-07-24 12:46:46, 2026-07-24 12:59:03, 2026-07-24 13:17:09, 2026-07-24 13:33:01, 2026-07-24 13:46:46, 2026-07-24 14:02:07, 2026-07-24 14:17:02, 2026-07-24 14:47:11, 2026-07-24 15:02:07, 2026-07-24 15:17:47, 2026-07-24 15:31:41, 2026-07-24 15:56:02, 2026-07-24 16:16:41, 2026-07-24 16:31:40", "cumulative_total": 137.0 }, "geometry": { "type": "Polygon", "coordinates": [ [ [ -71.096499864783041, 48.397649743644379 ], [ -71.103040904334335, 48.400469605019481 ], [ -71.102644416027005, 48.405651741128509 ], [ -71.095705525240135, 48.408013933040245 ], [ -71.089163973111567, 48.405193641579082 ], [ -71.089561824306458, 48.400011588362958 ], [ -71.096499864783041, 48.397649743644379 ] ] ] } },
{ "type": "Feature", "properties": { "hex_id": 564766, "centroid_lon": -73.667373292709598, "centroid_lat": 45.609052266497407, "occurrences_today": 3, "datetimes_today": "2026-07-24 15:02:07, 2026-07-24 15:17:47, 2026-07-24 15:31:41", "cumulative_total": 191.0 }, "geometry": { "type": "Polygon", "coordinates": [ [ [ -73.667496325159732, 45.603856963361395 ], [ -73.673845035534967, 45.606529221633615 ], [ -73.673722577761993, 45.611724535710536 ], [ -73.667250226617057, 45.614247564628712 ], [ -73.660900975212698, 45.611574937009038 ], [ -73.661024615971087, 45.606379649883372 ], [ -73.667496325159732, 45.603856963361395 ] ] ] } },
{ "type": "Feature", "properties": { "hex_id": 695446, "centroid_lon": -72.271275614365578, "centroid_lat": 46.098693774753613, "occurrences_today": 2, "datetimes_today": "2026-07-24 00:02:05, 2026-07-24 00:16:40", "cumulative_total": 175.0 }, "geometry": { "type": "Polygon", "coordinates": [ [ [ -72.271531802987681, 46.093503411679137 ], [ -72.277864858584934, 46.096252763222552 ], [ -72.277609239648314, 46.10144315114529 ], [ -72.271019355324327, 46.103884131989176 ], [ -72.264685800472691, 46.101134392169385 ], [ -72.264942629175479, 46.095944059847547 ], [ -72.271531802987681, 46.093503411679137 ] ] ] } },
{ "type": "Feature", "properties": { "hex_id": 552548, "centroid_lon": -73.798248780072157, "centroid_lat": 45.485781388526192, "occurrences_today": 11, "datetimes_today": "2026-07-24 17:31:38, 2026-07-24 17:46:45, 2026-07-24 18:02:14, 2026-07-24 18:16:45, 2026-07-24 18:32:11, 2026-07-24 18:47:12, 2026-07-24 19:01:49, 2026-07-24 19:17:25, 2026-07-24 19:31:42, 2026-07-24 19:47:26, 2026-07-24 20:02:36", "cumulative_total": 124.0 }, "geometry": { "type": "Polygon", "coordinates": [ [ [ -73.798359255867666, 45.48058570988502 ], [ -73.804700571808965, 45.483250672407827 ], [ -73.804590668725538, 45.488446360665442 ], [ -73.798138274111253, 45.490977062210924 ], [ -73.791796415628369, 45.488311733133827 ], [ -73.791907494291237, 45.483116069130041 ], [ -73.798359255867666, 45.48058570988502 ] ] ] } },
{ "type": "Feature", "properties": { "hex_id": 569628, "centroid_lon": -73.624448078279585, "centroid_lat": 45.265548887688979, "occurrences_today": 7, "datetimes_today": "2026-07-24 05:33:06, 2026-07-24 05:46:52, 2026-07-24 06:18:29, 2026-07-24 06:31:43, 2026-07-24 06:47:25, 2026-07-24 07:16:53, 2026-07-24 07:31:42", "cumulative_total": 120.0 }, "geometry": { "type": "Polygon", "coordinates": [ [ [ -73.624573561752996, 45.260353362957922 ], [ -73.6308821618168, 45.263027692829361 ], [ -73.630757242140547, 45.268223228845287 ], [ -73.62432256063488, 45.270744407400542 ], [ -73.61801343095091, 45.268069712119939 ], [ -73.61813951238139, 45.262874203757193 ], [ -73.624573561752996, 45.260353362957922 ] ] ] } },
{ "type": "Feature", "properties": { "hex_id": 573312, "centroid_lon": -73.578022569888091, "centroid_lat": 45.592384588784441, "occurrences_today": 5, "datetimes_today": "2026-07-24 20:47:09, 2026-07-24 21:02:52, 2026-07-24 21:31:53, 2026-07-24 21:47:22, 2026-07-24 22:02:06", "cumulative_total": 290.0 }, "geometry": { "type": "Polygon", "coordinates": [ [ [ -73.578153773614019, 45.587189465514491 ], [ -73.584496261263496, 45.58986662478123 ], [ -73.584365630494986, 45.595061759872991 ], [ -73.577891330293994, 45.597579707014226 ], [ -73.571548305561294, 45.594902177775907 ], [ -73.571680118100744, 45.58970707143262 ], [ -73.578153773614019, 45.587189465514491 ] ] ] } },
{ "type": "Feature", "properties": { "hex_id": 366954, "centroid_lon": -75.742957634682043, "centroid_lat": 45.458506129524665, "occurrences_today": 10, "datetimes_today": "2026-07-24 06:18:29, 2026-07-24 06:31:43, 2026-07-24 06:47:25, 2026-07-24 07:16:53, 2026-07-24 07:31:42, 2026-07-24 08:03:56, 2026-07-24 08:18:28, 2026-07-24 08:31:40, 2026-07-24 08:46:43, 2026-07-24 09:01:53", "cumulative_total": 168.0 }, "geometry": { "type": "Polygon", "coordinates": [ [ [ -75.742889397143003, 45.453309718702918 ], [ -75.749317831241882, 45.455866155328202 ], [ -75.749386665359438, 45.461062556208617 ], [ -75.743025890849808, 45.463702535518287 ], [ -75.736596841540575, 45.461145752058435 ], [ -75.736529181957593, 45.45594933618797 ], [ -75.742889397143003, 45.453309718702918 ] ] ] } },
{ "type": "Feature", "properties": { "hex_id": 585522, "centroid_lon": -73.449860770987485, "centroid_lat": 45.590717041452002, "occurrences_today": 41, "datetimes_today": "2026-07-24 00:02:05, 2026-07-24 00:16:40, 2026-07-24 00:31:58, 2026-07-24 00:46:49, 2026-07-24 01:01:55, 2026-07-24 01:16:40, 2026-07-24 01:33:10, 2026-07-24 01:47:11, 2026-07-24 02:01:42, 2026-07-24 02:18:40, 2026-07-24 02:31:44, 2026-07-24 02:46:50, 2026-07-24 03:01:40, 2026-07-24 03:16:36, 2026-07-24 03:31:53, 2026-07-24 03:47:12, 2026-07-24 04:02:00, 2026-07-24 04:18:15, 2026-07-24 04:31:38, 2026-07-24 04:46:53, 2026-07-24 05:01:54, 2026-07-24 05:22:07, 2026-07-24 05:33:06, 2026-07-24 05:46:52, 2026-07-24 06:18:29, 2026-07-24 06:31:43, 2026-07-24 06:47:25, 2026-07-24 07:16:53, 2026-07-24 07:31:42, 2026-07-24 08:03:56, 2026-07-24 08:18:28, 2026-07-24 08:31:40, 2026-07-24 08:46:43, 2026-07-24 09:01:53, 2026-07-24 09:31:43, 2026-07-24 09:47:55, 2026-07-24 10:01:44, 2026-07-24 10:16:49, 2026-07-24 10:31:51, 2026-07-24 10:46:43, 2026-07-24 11:01:43", "cumulative_total": 340.0 }, "geometry": { "type": "Polygon", "coordinates": [ [ [ -73.450003788946503, 45.585522218579065 ], [ -73.456339808962156, 45.588206413782544 ], [ -73.456197362158704, 45.593401249743714 ], [ -73.449717713933609, 45.595911859229822 ], [ -73.443381161863812, 45.593227292884833 ], [ -73.443524790060124, 45.588032488259884 ], [ -73.450003788946503, 45.585522218579065 ] ] ] } },
{ "type": "Feature", "properties": { "hex_id": 859732, "centroid_lon": -70.456325499042251, "centroid_lat": 46.999672171492264, "occurrences_today": 13, "datetimes_today": "2026-07-24 20:02:36, 2026-07-24 20:31:41, 2026-07-24 20:47:09, 2026-07-24 21:02:52, 2026-07-24 21:31:53, 2026-07-24 21:47:22, 2026-07-24 22:02:06, 2026-07-24 22:31:39, 2026-07-24 22:46:42, 2026-07-24 23:01:38, 2026-07-24 23:17:39, 2026-07-24 23:32:04, 2026-07-24 23:47:06", "cumulative_total": 143.0 }, "geometry": { "type": "Polygon", "coordinates": [ [ [ -70.456765418490946, 46.994493080271887 ], [ -70.463101199898517, 46.997343097256156 ], [ -70.462661848920888, 47.00252223143827 ], [ -70.455885457475944, 47.004851254850372 ], [ -70.449549229736121, 47.002000822583639 ], [ -70.44998983973106, 46.996821782253924 ], [ -70.456765418490946, 46.994493080271887 ] ] ] } },
{ "type": "Feature", "properties": { "hex_id": 860343, "centroid_lon": -70.449108497429165, "centroid_lat": 47.007179855041542, "occurrences_today": 13, "datetimes_today": "2026-07-24 20:02:36, 2026-07-24 20:31:41, 2026-07-24 20:47:09, 2026-07-24 21:02:52, 2026-07-24 21:31:53, 2026-07-24 21:47:22, 2026-07-24 22:02:06, 2026-07-24 22:31:39, 2026-07-24 22:46:42, 2026-07-24 23:01:38, 2026-07-24 23:17:39, 2026-07-24 23:32:04, 2026-07-24 23:47:06", "cumulative_total": 79.0 }, "geometry": { "type": "Polygon", "coordinates": [ [ [ -70.449549229736121, 47.002000822583639 ], [ -70.455885457475944, 47.004851254850372 ], [ -70.455445293749563, 47.010030330345096 ], [ -70.448667642767631, 47.012358879626547 ], [ -70.442330968823057, 47.00950803191791 ], [ -70.442772392022647, 47.004329050436382 ], [ -70.449549229736121, 47.002000822583639 ] ] ] } },
{ "type": "Feature", "properties": { "hex_id": 559271, "centroid_lon": -73.725245401664381, "centroid_lat": 45.601917700200289, "occurrences_today": 5, "datetimes_today": "2026-07-24 13:17:09, 2026-07-24 13:33:01, 2026-07-24 13:46:46, 2026-07-24 14:02:07, 2026-07-24 14:17:02", "cumulative_total": 350.0 }, "geometry": { "type": "Polygon", "coordinates": [ [ [ -73.725363062807006, 45.596722270942983 ], [ -73.731713793192355, 45.599391336485667 ], [ -73.731596707294429, 45.604586776108349 ], [ -73.725127708350172, 45.607113124474679 ], [ -73.718776434897137, 45.604443690219064 ], [ -73.718894703445216, 45.599248276374801 ], [ -73.725363062807006, 45.596722270942983 ] ] ] } },
{ "type": "Feature", "properties": { "hex_id": 576976, "centroid_lon": -73.539168390081457, "centroid_lat": 45.607484494229034, "occurrences_today": 1, "datetimes_today": "2026-07-24 00:02:05", "cumulative_total": 78.0 }, "geometry": { "type": "Polygon", "coordinates": [ [ [ -73.539303249018218, 45.602289473529986 ], [ -73.545645518982752, 45.604968781722548 ], [ -73.545511232930195, 45.610163814631591 ], [ -73.539033494271138, 45.612679509871633 ], [ -73.532690688302154, 45.609999831153267 ], [ -73.532826156984257, 45.604804827785372 ], [ -73.539303249018218, 45.602289473529986 ] ] ] } },
{ "type": "Feature", "properties": { "hex_id": 564156, "centroid_lon": -73.673600086502589, "centroid_lat": 45.616919844785158, "occurrences_today": 3, "datetimes_today": "2026-07-24 15:02:07, 2026-07-24 15:17:47, 2026-07-24 15:31:41", "cumulative_total": 120.0 }, "geometry": { "type": "Polygon", "coordinates": [ [ [ -73.673722577761993, 45.611724535710536 ], [ -73.680072471139582, 45.61439645742373 ], [ -73.67995055488062, 45.619591777379355 ], [ -73.673477561745486, 45.622115148857411 ], [ -73.667127126870795, 45.619442857755217 ], [ -73.667250226617057, 45.614247564628712 ], [ -73.673722577761993, 45.611724535710536 ] ] ] } },
{ "type": "Feature", "properties": { "hex_id": 1038146, "centroid_lon": -68.25227052392512, "centroid_lat": 49.198712230513145, "occurrences_today": 5, "datetimes_today": "2026-07-24 07:16:53, 2026-07-24 07:31:42, 2026-07-24 08:03:56, 2026-07-24 08:18:28, 2026-07-24 08:31:40", "cumulative_total": 33.0 }, "geometry": { "type": "Polygon", "coordinates": [ [ [ -68.252975314596739, 49.193554800900287 ], [ -68.259438384424541, 49.196533322516089 ], [ -68.258734191888252, 49.201690818350308 ], [ -68.251565531895565, 49.203869647998474 ], [ -68.245102065327288, 49.200890663332189 ], [ -68.245807655418332, 49.195733312138664 ], [ -68.252975314596739, 49.193554800900287 ] ] ] } },
{ "type": "Feature", "properties": { "hex_id": 576363, "centroid_lon": -73.546584494277639, "centroid_lat": 45.568603409860884, "occurrences_today": 12, "datetimes_today": "2026-07-24 10:31:51, 2026-07-24 10:46:43, 2026-07-24 11:01:43, 2026-07-24 11:31:41, 2026-07-24 12:02:19, 2026-07-24 12:19:32, 2026-07-24 12:32:06, 2026-07-24 12:46:46, 2026-07-24 12:59:03, 2026-07-24 13:17:09, 2026-07-24 13:33:01, 2026-07-24 13:46:46", "cumulative_total": 102.0 }, "geometry": { "type": "Polygon", "coordinates": [ [ [ -73.54671848702867, 45.563408336524802 ], [ -73.553056787762443, 45.566087201550786 ], [ -73.552923366821958, 45.571282287013702 ], [ -73.546450464907025, 45.573798478143907 ], [ -73.540111628988413, 45.571119243155628 ], [ -73.540246230157265, 45.565924187064063 ], [ -73.54671848702867, 45.563408336524802 ] ] ] } },
{ "type": "Feature", "properties": { "hex_id": 574533, "centroid_lon": -73.565205889803494, "centroid_lat": 45.59222430231128, "occurrences_today": 6, "datetimes_today": "2026-07-24 08:03:56, 2026-07-24 08:18:28, 2026-07-24 08:31:40, 2026-07-24 08:46:43, 2026-07-24 09:01:53, 2026-07-24 09:31:43", "cumulative_total": 166.0 }, "geometry": { "type": "Polygon", "coordinates": [ [ [ -73.56533827512088, 45.587029207916594 ], [ -73.571680118100744, 45.58970707143262 ], [ -73.571548305561294, 45.594902177775907 ], [ -73.565073468295182, 45.59741939166053 ], [ -73.55873108873439, 45.594741158055413 ], [ -73.558864083008459, 45.589546080719444 ], [ -73.56533827512088, 45.587029207916594 ] ] ] } },
{ "type": "Feature", "properties": { "hex_id": 556825, "centroid_lon": -73.752266431112233, "centroid_lat": 45.539854877942169, "occurrences_today": 7, "datetimes_today": "2026-07-24 07:31:42, 2026-07-24 08:03:56, 2026-07-24 08:18:28, 2026-07-24 08:31:40, 2026-07-24 08:46:43, 2026-07-24 09:01:53, 2026-07-24 09:31:43", "cumulative_total": 244.0 }, "geometry": { "type": "Polygon", "coordinates": [ [ [ -73.752381349734492, 45.534659337972791 ], [ -73.758726462821059, 45.537326869726741 ], [ -73.758612117927157, 45.5425224197799 ], [ -73.752151481091545, 45.545050412938728 ], [ -73.745805825680335, 45.542382513513175 ], [ -73.745921349418822, 45.537186988665013 ], [ -73.752381349734492, 45.534659337972791 ] ] ] } },
{ "type": "Feature", "properties": { "hex_id": 632559, "centroid_lon": -72.940250073369214, "centroid_lat": 46.026973554439373, "occurrences_today": 2, "datetimes_today": "2026-07-24 06:18:29, 2026-07-24 09:01:53", "cumulative_total": 234.0 }, "geometry": { "type": "Polygon", "coordinates": [ [ [ -72.940443002946452, 46.021780587720016 ], [ -72.946802474565089, 46.02449328019496 ], [ -72.946610122263763, 46.029686265169595 ], [ -72.940057090783128, 46.032166515791204 ], [ -72.933697094906435, 46.029453441897118 ], [ -72.9338906547504, 46.024260498866063 ], [ -72.940443002946452, 46.021780587720016 ] ] ] } },
{ "type": "Feature", "properties": { "hex_id": 633170, "centroid_lon": -72.933503481879015, "centroid_lat": 46.034646379556619, "occurrences_today": 2, "datetimes_today": "2026-07-24 06:18:29, 2026-07-24 09:01:53", "cumulative_total": 316.0 }, "geometry": { "type": "Polygon", "coordinates": [ [ [ -72.933697094906435, 46.029453441897118 ], [ -72.940057090783128, 46.032166515791204 ], [ -72.939864055170176, 46.037359471775289 ], [ -72.933309815650034, 46.039839311844368 ], [ -72.926949295569472, 46.037125856370345 ], [ -72.92714353919483, 46.031932942472714 ], [ -72.933697094906435, 46.029453441897118 ] ] ] } },
{ "type": "Feature", "properties": { "hex_id": 633780, "centroid_lon": -72.927337729462053, "centroid_lat": 46.02674002319953, "occurrences_today": 2, "datetimes_today": "2026-07-24 06:18:29, 2026-07-24 09:01:53", "cumulative_total": 349.0 }, "geometry": { "type": "Polygon", "coordinates": [ [ [ -72.927531866389302, 46.021547098550997 ], [ -72.9338906547504, 46.024260498866063 ], [ -72.933697094906435, 46.029453441897118 ], [ -72.92714353919483, 46.031932942472714 ], [ -72.920784227099489, 46.029219160624933 ], [ -72.920978994431863, 46.024026259799776 ], [ -72.927531866389302, 46.021547098550997 ] ] ] } },
{ "type": "Feature", "properties": { "hex_id": 634390, "centroid_lon": -72.921173708267787, "centroid_lat": 46.018833353595447, "occurrences_today": 2, "datetimes_today": "2026-07-24 06:18:29, 2026-07-24 09:01:53", "cumulative_total": 312.0 }, "geometry": { "type": "Polygon", "coordinates": [ [ [ -72.921368368625437, 46.013640442012111 ], [ -72.927725949994695, 46.016354168527293 ], [ -72.927531866389302, 46.021547098550997 ], [ -72.920978994431863, 46.024026259799776 ], [ -72.914620889797703, 46.021312151799179 ], [ -72.914816180367723, 46.016119264100716 ], [ -72.921368368625437, 46.013640442012111 ] ] ] } },
{ "type": "Feature", "properties": { "hex_id": 634391, "centroid_lon": -72.920589406252489, "centroid_lat": 46.034412056070707, "occurrences_today": 2, "datetimes_today": "2026-07-24 06:18:29, 2026-07-24 09:01:53", "cumulative_total": 315.0 }, "geometry": { "type": "Polygon", "coordinates": [ [ [ -72.920784227099489, 46.029219160624933 ], [ -72.92714353919483, 46.031932942472714 ], [ -72.926949295569472, 46.037125856370345 ], [ -72.920394531872617, 46.039604946136883 ], [ -72.914034696097588, 46.036890782595613 ], [ -72.914230147680897, 46.031697911046813 ], [ -72.920784227099489, 46.029219160624933 ] ] ] } },
{ "type": "Feature", "properties": { "hex_id": 635001, "centroid_lon": -72.914425545574858, "centroid_lat": 46.026505034114599, "occurrences_today": 2, "datetimes_today": "2026-07-24 06:18:29, 2026-07-24 09:01:53", "cumulative_total": 346.0 }, "geometry": { "type": "Polygon", "coordinates": [ [ [ -72.914620889797703, 46.021312151799179 ], [ -72.920978994431863, 46.024026259799776 ], [ -72.920784227099489, 46.029219160624933 ], [ -72.914230147680897, 46.031697911046813 ], [ -72.907871519836476, 46.028983421400056 ], [ -72.908067494602662, 46.023790563043072 ], [ -72.914620889797703, 46.021312151799179 ] ] ] } },
{ "type": "Feature", "properties": { "hex_id": 580632, "centroid_lon": -73.503607634527341, "centroid_lat": 45.497891501947556, "occurrences_today": 4, "datetimes_today": "2026-07-24 20:47:09, 2026-07-24 21:02:52, 2026-07-24 21:31:53, 2026-07-24 21:47:22", "cumulative_total": 199.0 }, "geometry": { "type": "Polygon", "coordinates": [ [ [ -73.50374524893644, 45.492696464520733 ], [ -73.510073594224835, 45.495377621088231 ], [ -73.509936548912648, 45.500572671048289 ], [ -73.503469982541702, 45.503086534303513 ], [ -73.497141105739246, 45.500405008272097 ], [ -73.497279326809192, 45.495209988513835 ], [ -73.50374524893644, 45.492696464520733 ] ] ] } },
{ "type": "Feature", "properties": { "hex_id": 653277, "centroid_lon": -72.745343304699205, "centroid_lat": 45.41527872923961, "occurrences_today": 17, "datetimes_today": "2026-07-24 05:33:06, 2026-07-24 05:46:52, 2026-07-24 06:18:29, 2026-07-24 06:31:43, 2026-07-24 06:47:25, 2026-07-24 07:16:53, 2026-07-24 07:31:42, 2026-07-24 08:03:56, 2026-07-24 08:18:28, 2026-07-24 08:31:40, 2026-07-24 08:46:43, 2026-07-24 09:01:53, 2026-07-24 09:31:43, 2026-07-24 09:47:55, 2026-07-24 10:01:44, 2026-07-24 10:16:49, 2026-07-24 10:31:51", "cumulative_total": 95.0 }, "geometry": { "type": "Polygon", "coordinates": [ [ [ -72.745550026405837, 45.410085870765442 ], [ -72.751831722222761, 45.412808215365239 ], [ -72.751625556660798, 45.418001093775487 ], [ -72.745136526626155, 45.420471582235663 ], [ -72.738854331040429, 45.417748862356547 ], [ -72.739061665239277, 45.41255602936063 ], [ -72.745550026405837, 45.410085870765442 ] ] ] } },
{ "type": "Feature", "properties": { "hex_id": 556216, "centroid_lon": -73.758154425818788, "centroid_lat": 45.563304570286341, "occurrences_today": 3, "datetimes_today": "2026-07-24 12:19:32, 2026-07-24 12:32:06, 2026-07-24 12:46:46", "cumulative_total": 58.0 }, "geometry": { "type": "Polygon", "coordinates": [ [ [ -73.758268895746795, 45.558109040115788 ], [ -73.764616910311872, 45.560776264493278 ], [ -73.764503014901607, 45.565971804694314 ], [ -73.758039924605995, 45.568500095486094 ], [ -73.751691366813219, 45.565832503195409 ], [ -73.751806442533237, 45.560636988090792 ], [ -73.758268895746795, 45.558109040115788 ] ] ] } },
{ "type": "Feature", "properties": { "hex_id": 642418, "centroid_lon": -72.779501691712667, "centroid_lat": 47.442446645969348, "occurrences_today": 4, "datetimes_today": "2026-07-24 05:46:52, 2026-07-24 06:18:29, 2026-07-24 06:31:43, 2026-07-24 06:47:25", "cumulative_total": 34.0 }, "geometry": { "type": "Polygon", "coordinates": [ [ [ -72.779720207244793, 47.437255513884146 ], [ -72.786237346090431, 47.439979278973077 ], [ -72.786019450886073, 47.445170431474999 ], [ -72.779283115001945, 47.447637772565045 ], [ -72.772765417017936, 47.444913605658243 ], [ -72.77298461403484, 47.439722499548246 ], [ -72.779720207244793, 47.437255513884146 ] ] ] } },
{ "type": "Feature", "properties": { "hex_id": 557435, "centroid_lon": -73.746036841603242, "centroid_lat": 45.531991458841716, "occurrences_today": 7, "datetimes_today": "2026-07-24 07:31:42, 2026-07-24 08:03:56, 2026-07-24 08:18:28, 2026-07-24 08:31:40, 2026-07-24 08:46:43, 2026-07-24 09:01:53, 2026-07-24 09:31:43", "cumulative_total": 171.0 }, "geometry": { "type": "Polygon", "coordinates": [ [ [ -73.746152302244198, 45.526795924043419 ], [ -73.752496236968824, 45.529463793030629 ], [ -73.752381349734492, 45.534659337972791 ], [ -73.745921349418822, 45.537186988665013 ], [ -73.739576872836366, 45.534518752047056 ], [ -73.739692938416809, 45.529323232432205 ], [ -73.746152302244198, 45.526795924043419 ] ] ] } },
{ "type": "Feature", "properties": { "hex_id": 843803, "centroid_lon": -70.696349153264705, "centroid_lat": 46.135928582233667, "occurrences_today": 10, "datetimes_today": "2026-07-24 20:31:41, 2026-07-24 20:47:09, 2026-07-24 21:02:52, 2026-07-24 21:31:53, 2026-07-24 21:47:22, 2026-07-24 22:46:42, 2026-07-24 23:01:38, 2026-07-24 23:17:39, 2026-07-24 23:32:04, 2026-07-24 23:47:06", "cumulative_total": 37.0 }, "geometry": { "type": "Polygon", "coordinates": [ [ [ -70.696753503868933, 46.13074702555933 ], [ -70.703005924576928, 46.133581075612156 ], [ -70.702602120466722, 46.13876267229741 ], [ -70.695944691651164, 46.14111013144192 ], [ -70.689691835477319, 46.138275679704414 ], [ -70.690096843547167, 46.133094170571816 ], [ -70.696753503868933, 46.13074702555933 ] ] ] } },
{ "type": "Feature", "properties": { "hex_id": 788998, "centroid_lon": -71.121646774699002, "centroid_lat": 48.333556555421843, "occurrences_today": 8, "datetimes_today": "2026-07-24 09:31:43, 2026-07-24 09:47:55, 2026-07-24 10:01:44, 2026-07-24 10:16:49, 2026-07-24 10:31:51, 2026-07-24 10:46:43, 2026-07-24 11:01:43, 2026-07-24 11:31:41", "cumulative_total": 22.0 }, "geometry": { "type": "Polygon", "coordinates": [ [ [ -71.122040335927096, 48.328374237188434 ], [ -71.128574221679628, 48.331192471229066 ], [ -71.128181283693607, 48.336374826997549 ], [ -71.121253102013611, 48.338738866552347 ], [ -71.114718704496397, 48.335920203643006 ], [ -71.115113000383658, 48.330737930118104 ], [ -71.122040335927096, 48.328374237188434 ] ] ] } },
{ "type": "Feature", "properties": { "hex_id": 790833, "centroid_lon": -71.097293754177969, "centroid_lat": 48.387285525696029, "occurrences_today": 4, "datetimes_today": "2026-07-24 19:47:26, 2026-07-24 20:02:36, 2026-07-24 20:31:41, 2026-07-24 20:47:09", "cumulative_total": 19.0 }, "geometry": { "type": "Polygon", "coordinates": [ [ [ -71.09769053017159, 48.382103406016746 ], [ -71.104229695225754, 48.384923153914542 ], [ -71.103833543893117, 48.390105311411666 ], [ -71.096896865728667, 48.392467638238841 ], [ -71.09035718848952, 48.38964746049087 ], [ -71.090754701559177, 48.384465385836592 ], [ -71.09769053017159, 48.382103406016746 ] ] ] } },
{ "type": "Feature", "properties": { "hex_id": 846244, "centroid_lon": -70.671750393676334, "centroid_lat": 46.119407610974172, "occurrences_today": 1, "datetimes_today": "2026-07-24 08:31:40", "cumulative_total": 136.0 }, "geometry": { "type": "Polygon", "coordinates": [ [ [ -70.672156816877674, 46.114226207418383 ], [ -70.678406062987335, 46.117061502781972 ], [ -70.67800018540413, 46.122242946569237 ], [ -70.671343858923706, 46.124589007034189 ], [ -70.665094178766111, 46.121753310016537 ], [ -70.665501259099003, 46.116571954252649 ], [ -70.672156816877674, 46.114226207418383 ] ] ] } },
{ "type": "Feature", "properties": { "hex_id": 676492, "centroid_lon": -72.491671174153652, "centroid_lat": 45.659436227872469, "occurrences_today": 3, "datetimes_today": "2026-07-24 19:17:25, 2026-07-24 19:31:42, 2026-07-24 19:47:26", "cumulative_total": 23.0 }, "geometry": { "type": "Polygon", "coordinates": [ [ [ -72.4919031053943, 45.654244549691988 ], [ -72.498198707856687, 45.656981062765205 ], [ -72.497967336350669, 45.662172763447899 ], [ -72.491439179497789, 45.664627900394869 ], [ -72.485143080726658, 45.661891006682339 ], [ -72.485375635095807, 45.656699356726683 ], [ -72.4919031053943, 45.654244549691988 ] ] ] } },
{ "type": "Feature", "properties": { "hex_id": 583074, "centroid_lon": -73.478018150680384, "centroid_lat": 45.497553341310727, "occurrences_today": 2, "datetimes_today": "2026-07-24 12:19:32, 2026-07-24 12:32:06", "cumulative_total": 244.0 }, "geometry": { "type": "Polygon", "coordinates": [ [ [ -73.478158116208334, 45.492358364797752 ], [ -73.484485172585281, 45.49504092342039 ], [ -73.484345775795518, 45.500235912718949 ], [ -73.477878146934501, 45.502748312741709 ], [ -73.47155056004371, 45.500065384422328 ], [ -73.471691132514962, 45.49487042584137 ], [ -73.478158116208334, 45.492358364797752 ] ] ] } },
{ "type": "Feature", "properties": { "hex_id": 860954, "centroid_lon": -70.441889423074372, "centroid_lat": 47.014687005516969, "occurrences_today": 13, "datetimes_today": "2026-07-24 20:02:36, 2026-07-24 20:31:41, 2026-07-24 20:47:09, 2026-07-24 21:02:52, 2026-07-24 21:31:53, 2026-07-24 21:47:22, 2026-07-24 22:02:06, 2026-07-24 22:31:39, 2026-07-24 22:46:42, 2026-07-24 23:01:38, 2026-07-24 23:17:39, 2026-07-24 23:32:04, 2026-07-24 23:47:06", "cumulative_total": 94.0 }, "geometry": { "type": "Polygon", "coordinates": [ [ [ -70.442330968823057, 47.00950803191791 ], [ -70.448667642767631, 47.012358879626547 ], [ -70.448226665708987, 47.017537896337501 ], [ -70.441447754733957, 47.019865971232406 ], [ -70.435110634712387, 47.017014707922456 ], [ -70.43555287170021, 47.011835785385585 ], [ -70.442330968823057, 47.00950803191791 ] ] ] } },
{ "type": "Feature", "properties": { "hex_id": 861565, "centroid_lon": -70.434668274938176, "centroid_lat": 47.022193622566164, "occurrences_today": 13, "datetimes_today": "2026-07-24 20:02:36, 2026-07-24 20:31:41, 2026-07-24 20:47:09, 2026-07-24 21:02:52, 2026-07-24 21:31:53, 2026-07-24 21:47:22, 2026-07-24 22:02:06, 2026-07-24 22:31:39, 2026-07-24 22:46:42, 2026-07-24 23:01:38, 2026-07-24 23:17:39, 2026-07-24 23:32:04, 2026-07-24 23:47:06", "cumulative_total": 97.0 }, "geometry": { "type": "Polygon", "coordinates": [ [ [ -70.435110634712387, 47.017014707922456 ], [ -70.441447754733957, 47.019865971232406 ], [ -70.441005963759196, 47.025044929063164 ], [ -70.434225792334871, 47.027372529315578 ], [ -70.427888226364288, 47.024520850244834 ], [ -70.428331277724311, 47.019341986749133 ], [ -70.435110634712387, 47.017014707922456 ] ] ] } },
{ "type": "Feature", "properties": { "hex_id": 862175, "centroid_lon": -70.428774206103242, "centroid_lat": 47.014163115350698, "occurrences_today": 13, "datetimes_today": "2026-07-24 20:02:36, 2026-07-24 20:31:41, 2026-07-24 20:47:09, 2026-07-24 21:02:52, 2026-07-24 21:31:53, 2026-07-24 21:47:22, 2026-07-24 22:02:06, 2026-07-24 22:31:39, 2026-07-24 22:46:42, 2026-07-24 23:01:38, 2026-07-24 23:17:39, 2026-07-24 23:32:04, 2026-07-24 23:47:06", "cumulative_total": 155.0 }, "geometry": { "type": "Polygon", "coordinates": [ [ [ -70.429217011543841, 47.008984236050587 ], [ -70.43555287170021, 47.011835785385585 ], [ -70.435110634712387, 47.017014707922456 ], [ -70.428331277724311, 47.019341986749133 ], [ -70.421994972074884, 47.016490021719349 ], [ -70.422438468863845, 47.011311193624337 ], [ -70.429217011543841, 47.008984236050587 ] ] ] } },
{ "type": "Feature", "properties": { "hex_id": 669147, "centroid_lon": -72.581334593573985, "centroid_lat": 45.365149056977401, "occurrences_today": 2, "datetimes_today": "2026-07-24 00:02:05, 2026-07-24 00:16:40", "cumulative_total": 91.0 }, "geometry": { "type": "Polygon", "coordinates": [ [ [ -72.581555957031895, 45.359956760211801 ], [ -72.587823946410083, 45.362687875890543 ], [ -72.587603135314779, 45.367880194164812 ], [ -72.581113169800375, 45.370341348156323 ], [ -72.574844688385326, 45.367609856396712 ], [ -72.575066664501435, 45.362417586790365 ], [ -72.581555957031895, 45.359956760211801 ] ] ] } },
{ "type": "Feature", "properties": { "hex_id": 669757, "centroid_lon": -72.575288580153611, "centroid_lat": 45.357225311593069, "occurrences_today": 2, "datetimes_today": "2026-07-24 00:02:05, 2026-07-24 00:16:40", "cumulative_total": 81.0 }, "geometry": { "type": "Polygon", "coordinates": [ [ [ -72.575510435362091, 45.352033030805089 ], [ -72.581777260194272, 45.354764457859794 ], [ -72.581555957031895, 45.359956760211801 ], [ -72.575066664501435, 45.362417586790365 ], [ -72.568799348076936, 45.35968578370305 ], [ -72.56902181575505, 45.354493530133645 ], [ -72.575510435362091, 45.352033030805089 ] ] ] } },
{ "type": "Feature", "properties": { "hex_id": 670368, "centroid_lon": -72.56857681978677, "centroid_lat": 45.364878031677215, "occurrences_today": 2, "datetimes_today": "2026-07-24 00:02:05, 2026-07-24 00:16:40", "cumulative_total": 37.0 }, "geometry": { "type": "Polygon", "coordinates": [ [ [ -72.568799348076936, 45.35968578370305 ], [ -72.575066664501435, 45.362417586790365 ], [ -72.574844688385326, 45.367609856396712 ], [ -72.568354230864301, 45.370070274055827 ], [ -72.562086422908166, 45.36733809477969 ], [ -72.562309563984471, 45.362145874097145 ], [ -72.568799348076936, 45.35968578370305 ] ] ] } },
{ "type": "Feature", "properties": { "hex_id": 607481, "centroid_lon": -73.228492129173858, "centroid_lat": 45.291274639995507, "occurrences_today": 3, "datetimes_today": "2026-07-24 12:02:19, 2026-07-24 12:19:32, 2026-07-24 12:32:06", "cumulative_total": 68.0 }, "geometry": { "type": "Polygon", "coordinates": [ [ [ -73.228653868132341, 45.286080126521313 ], [ -73.23494601304138, 45.288776079116474 ], [ -73.23478483328465, 45.293970607769907 ], [ -73.228330346166089, 45.296469148272088 ], [ -73.222037686111932, 45.293772826301925 ], [ -73.222200028306744, 45.288578333268511 ], [ -73.228653868132341, 45.286080126521313 ] ] ] } },
{ "type": "Feature", "properties": { "hex_id": 514074, "centroid_lon": -74.204029330832796, "centroid_lat": 45.294445800649875, "occurrences_today": 7, "datetimes_today": "2026-07-24 12:02:19, 2026-07-24 12:19:32, 2026-07-24 12:32:06, 2026-07-24 12:46:46, 2026-07-24 12:59:03, 2026-07-24 13:17:09, 2026-07-24 13:33:01", "cumulative_total": 77.0 }, "geometry": { "type": "Polygon", "coordinates": [ [ [ -74.204102020309804, 45.289249304602698 ], [ -74.210441468921971, 45.291891808724365 ], [ -74.210369351749762, 45.297088310326423 ], [ -74.203956621550645, 45.299642291857161 ], [ -74.197616620442133, 45.296999427451709 ], [ -74.197689902022475, 45.291802941863409 ], [ -74.204102020309804, 45.289249304602698 ] ] ] } },
{ "type": "Feature", "properties": { "hex_id": 1036314, "centroid_lon": -68.273772310833067, "centroid_lat": 49.192174081373459, "occurrences_today": 2, "datetimes_today": "2026-07-24 07:16:53, 2026-07-24 07:31:42", "cumulative_total": 91.0 }, "geometry": { "type": "Polygon", "coordinates": [ [ [ -68.274474704197786, 49.187016417022427 ], [ -68.280938376594847, 49.189993748420811 ], [ -68.28023658158645, 49.195151478781945 ], [ -68.273069716807399, 49.197331733645591 ], [ -68.266605646751756, 49.194353939437363 ], [ -68.267308839060178, 49.189196353245748 ], [ -68.274474704197786, 49.187016417022427 ] ] ] } },
{ "type": "Feature", "properties": { "hex_id": 863393, "centroid_lon": -70.41965150986826, "centroid_lat": 46.967028380008038, "occurrences_today": 13, "datetimes_today": "2026-07-24 20:02:36, 2026-07-24 20:31:41, 2026-07-24 20:47:09, 2026-07-24 21:02:52, 2026-07-24 21:31:53, 2026-07-24 21:47:22, 2026-07-24 22:02:06, 2026-07-24 22:31:39, 2026-07-24 22:46:42, 2026-07-24 23:01:38, 2026-07-24 23:17:39, 2026-07-24 23:32:04, 2026-07-24 23:47:06", "cumulative_total": 233.0 }, "geometry": { "type": "Polygon", "coordinates": [ [ [ -70.42009446723462, 46.961849524047743 ], [ -70.426424406034684, 46.964701384948761 ], [ -70.425982015519125, 46.969880284194346 ], [ -70.419208429601966, 46.972207228058735 ], [ -70.412878046872365, 46.969354952045236 ], [ -70.41332169394677, 46.964176147346372 ], [ -70.42009446723462, 46.961849524047743 ] ] ] } },
{ "type": "Feature", "properties": { "hex_id": 367564, "centroid_lon": -75.736461540839969, "centroid_lat": 45.450752915490774, "occurrences_today": 10, "datetimes_today": "2026-07-24 06:18:29, 2026-07-24 06:31:43, 2026-07-24 06:47:25, 2026-07-24 07:16:53, 2026-07-24 07:31:42, 2026-07-24 08:03:56, 2026-07-24 08:18:28, 2026-07-24 08:31:40, 2026-07-24 08:46:43, 2026-07-24 09:01:53", "cumulative_total": 707.0 }, "geometry": { "type": "Polygon", "coordinates": [ [ [ -75.736393918181506, 45.445556489966826 ], [ -75.742821178226436, 45.448113303053084 ], [ -75.742889397143003, 45.453309718702918 ], [ -75.736529181957593, 45.45594933618797 ], [ -75.730101307192314, 45.453392176294251 ], [ -75.730034262338975, 45.448195745787416 ], [ -75.736393918181506, 45.445556489966826 ] ] ] } },
{ "type": "Feature", "properties": { "hex_id": 584905, "centroid_lon": -73.459038916981868, "centroid_lat": 45.489503563114681, "occurrences_today": 3, "datetimes_today": "2026-07-24 11:01:43, 2026-07-24 11:31:41, 2026-07-24 12:02:19", "cumulative_total": 179.0 }, "geometry": { "type": "Polygon", "coordinates": [ [ [ -73.459180587724134, 45.484308625328609 ], [ -73.465505823790636, 45.486992215653046 ], [ -73.465364721286434, 45.492187166409764 ], [ -73.458897207560142, 45.494698495810518 ], [ -73.452571441941515, 45.492014535715811 ], [ -73.452713719588317, 45.486819616055037 ], [ -73.459180587724134, 45.484308625328609 ] ] ] } },
{ "type": "Feature", "properties": { "hex_id": 788890, "centroid_lon": -71.243547571809771, "centroid_lat": 46.654118281423138, "occurrences_today": 5, "datetimes_today": "2026-07-24 00:02:05, 2026-07-24 00:16:40, 2026-07-24 00:31:58, 2026-07-24 00:46:49, 2026-07-24 01:01:55", "cumulative_total": 104.0 }, "geometry": { "type": "Polygon", "coordinates": [ [ [ -71.243907028985419, 46.648933703270913 ], [ -71.250247662768587, 46.651740172563869 ], [ -71.249888776368863, 46.656924785859594 ], [ -71.243188015215893, 46.659302852722924 ], [ -71.236846910092154, 46.656495979108705 ], [ -71.237207037427666, 46.65131144301872 ], [ -71.243907028985419, 46.648933703270913 ] ] ] } },
{ "type": "Feature", "properties": { "hex_id": 697306, "centroid_lon": -72.229567569856727, "centroid_lat": 46.541976235570552, "occurrences_today": 8, "datetimes_today": "2026-07-24 09:01:53, 2026-07-24 09:31:43, 2026-07-24 09:47:55, 2026-07-24 10:01:44, 2026-07-24 10:16:49, 2026-07-24 10:31:51, 2026-07-24 10:46:43, 2026-07-24 11:01:43", "cumulative_total": 11.0 }, "geometry": { "type": "Polygon", "coordinates": [ [ [ -72.229831724537476, 46.53678645809341 ], [ -72.236212956678528, 46.539539021226538 ], [ -72.235949384702977, 46.544728824176666 ], [ -72.229303342152861, 46.547166007161209 ], [ -72.222921600342318, 46.544413049512734 ], [ -72.223186410726214, 46.539223303461576 ], [ -72.229831724537476, 46.53678645809341 ] ] ] } },
{ "type": "Feature", "properties": { "hex_id": 1036925, "centroid_lon": -68.265902253550109, "centroid_lat": 49.199511513533857, "occurrences_today": 5, "datetimes_today": "2026-07-24 07:16:53, 2026-07-24 07:31:42, 2026-07-24 08:03:56, 2026-07-24 08:18:28, 2026-07-24 08:31:40", "cumulative_total": 22.0 }, "geometry": { "type": "Polygon", "coordinates": [ [ [ -68.266605646751756, 49.194353939437363 ], [ -68.273069716807399, 49.197331733645591 ], [ -68.272366922047183, 49.202489373836038 ], [ -68.265198659381554, 49.204669075532479 ], [ -68.258734191888252, 49.201690818350308 ], [ -68.259438384424541, 49.196533322516089 ], [ -68.266605646751756, 49.194353939437363 ] ] ] } },
{ "type": "Feature", "properties": { "hex_id": 649685, "centroid_lon": -72.739077445902367, "centroid_lat": 46.522011885964154, "occurrences_today": 8, "datetimes_today": "2026-07-24 00:02:05, 2026-07-24 00:16:40, 2026-07-24 00:31:58, 2026-07-24 00:46:49, 2026-07-24 01:01:55, 2026-07-24 01:16:40, 2026-07-24 01:33:10, 2026-07-24 01:47:11", "cumulative_total": 98.0 }, "geometry": { "type": "Polygon", "coordinates": [ [ [ -72.739292897699471, 46.516820059378269 ], [ -72.745698636351307, 46.519544589719267 ], [ -72.745483774296318, 46.524736436740966 ], [ -72.738861934537937, 46.527203707046183 ], [ -72.732455665721588, 46.524478786962888 ], [ -72.732671766807613, 46.5192869863833 ], [ -72.739292897699471, 46.516820059378269 ] ] ] } },
{ "type": "Feature", "properties": { "hex_id": 575187, "centroid_lon": -73.541127694244111, "centroid_lat": 46.270058196251185, "occurrences_today": 18, "datetimes_today": "2026-07-24 06:18:29, 2026-07-24 06:31:43, 2026-07-24 06:47:25, 2026-07-24 07:16:53, 2026-07-24 07:31:42, 2026-07-24 08:03:56, 2026-07-24 08:18:28, 2026-07-24 08:31:40, 2026-07-24 08:46:43, 2026-07-24 09:01:53, 2026-07-24 09:31:43, 2026-07-24 09:47:55, 2026-07-24 10:01:44, 2026-07-24 10:16:49, 2026-07-24 10:31:51, 2026-07-24 10:46:43, 2026-07-24 11:01:43, 2026-07-24 11:31:41", "cumulative_total": 38.0 }, "geometry": { "type": "Polygon", "coordinates": [ [ [ -73.541265519776488, 46.264863775862992 ], [ -73.547683107011011, 46.267543581503119 ], [ -73.54754587487345, 46.272738014253683 ], [ -73.540989830713499, 46.275252611580868 ], [ -73.534571688088889, 46.272572426898392 ], [ -73.534710145001299, 46.26737802399736 ], [ -73.541265519776488, 46.264863775862992 ] ] ] } },
{ "type": "Feature", "properties": { "hex_id": 1051538, "centroid_lon": -68.185243225452126, "centroid_lat": 48.586499709575484, "occurrences_today": 7, "datetimes_today": "2026-07-24 12:59:03, 2026-07-24 13:17:09, 2026-07-24 13:33:01, 2026-07-24 13:46:46, 2026-07-24 14:02:07, 2026-07-24 14:17:02, 2026-07-24 14:47:11", "cumulative_total": 46.0 }, "geometry": { "type": "Polygon", "coordinates": [ [ [ -68.185939822436879, 48.581342450187137 ], [ -68.192323343590843, 48.584321139869992 ], [ -68.191627323307173, 48.589478465309611 ], [ -68.18454643137845, 48.591656956836964 ], [ -68.178162530647825, 48.588677812965493 ], [ -68.17885990135153, 48.583520631823944 ], [ -68.185939822436879, 48.581342450187137 ] ] ] } },
{ "type": "Feature", "properties": { "hex_id": 546472, "centroid_lon": -73.853007767821524, "centroid_lat": 45.938451972680262, "occurrences_today": 37, "datetimes_today": "2026-07-24 12:19:32, 2026-07-24 12:32:06, 2026-07-24 12:46:46, 2026-07-24 12:59:03, 2026-07-24 13:17:09, 2026-07-24 13:33:01, 2026-07-24 13:46:46, 2026-07-24 14:02:07, 2026-07-24 14:17:02, 2026-07-24 14:47:11, 2026-07-24 15:02:07, 2026-07-24 15:17:47, 2026-07-24 15:31:41, 2026-07-24 15:56:02, 2026-07-24 16:16:41, 2026-07-24 16:31:40, 2026-07-24 16:47:02, 2026-07-24 17:01:51, 2026-07-24 17:16:43, 2026-07-24 17:31:38, 2026-07-24 17:46:45, 2026-07-24 18:02:14, 2026-07-24 18:16:45, 2026-07-24 18:32:11, 2026-07-24 18:47:12, 2026-07-24 19:01:49, 2026-07-24 19:17:25, 2026-07-24 19:31:42, 2026-07-24 19:47:26, 2026-07-24 20:02:36, 2026-07-24 20:31:41, 2026-07-24 20:47:09, 2026-07-24 21:02:52, 2026-07-24 21:31:53, 2026-07-24 21:47:22, 2026-07-24 22:02:06, 2026-07-24 22:31:39", "cumulative_total": 89.0 }, "geometry": { "type": "Polygon", "coordinates": [ [ [ -73.853114887329099, 45.933256605508063 ], [ -73.859509851325171, 45.935918835001196 ], [ -73.859403319142274, 45.941114211338295 ], [ -73.8529006189016, 45.943647334913841 ], [ -73.8465050969982, 45.94098473362336 ], [ -73.846612833232811, 45.935789380620214 ], [ -73.853114887329099, 45.933256605508063 ] ] ] } },
{ "type": "Feature", "properties": { "hex_id": 547693, "centroid_lon": -73.840110191986994, "centroid_lat": 45.938321778967449, "occurrences_today": 37, "datetimes_today": "2026-07-24 12:19:32, 2026-07-24 12:32:06, 2026-07-24 12:46:46, 2026-07-24 12:59:03, 2026-07-24 13:17:09, 2026-07-24 13:33:01, 2026-07-24 13:46:46, 2026-07-24 14:02:07, 2026-07-24 14:17:02, 2026-07-24 14:47:11, 2026-07-24 15:02:07, 2026-07-24 15:17:47, 2026-07-24 15:31:41, 2026-07-24 15:56:02, 2026-07-24 16:16:41, 2026-07-24 16:31:40, 2026-07-24 16:47:02, 2026-07-24 17:01:51, 2026-07-24 17:16:43, 2026-07-24 17:31:38, 2026-07-24 17:46:45, 2026-07-24 18:02:14, 2026-07-24 18:16:45, 2026-07-24 18:32:11, 2026-07-24 18:47:12, 2026-07-24 19:01:49, 2026-07-24 19:17:25, 2026-07-24 19:31:42, 2026-07-24 19:47:26, 2026-07-24 20:02:36, 2026-07-24 20:31:41, 2026-07-24 20:47:09, 2026-07-24 21:02:52, 2026-07-24 21:31:53, 2026-07-24 21:47:22, 2026-07-24 22:02:06, 2026-07-24 22:31:39", "cumulative_total": 60.0 }, "geometry": { "type": "Polygon", "coordinates": [ [ [ -73.840218515366104, 45.933126435258124 ], [ -73.846612833232811, 45.935789380620214 ], [ -73.8465050969982, 45.94098473362336 ], [ -73.840001838865206, 45.943517117733819 ], [ -73.833606963601767, 45.940853800453077 ], [ -73.83371590385795, 45.935658471046061 ], [ -73.840218515366104, 45.933126435258124 ] ] ] } },
{ "type": "Feature", "properties": { "hex_id": 826063, "centroid_lon": -70.924187483537196, "centroid_lat": 45.590827898857782, "occurrences_today": 7, "datetimes_today": "2026-07-24 02:46:50, 2026-07-24 03:01:40, 2026-07-24 03:16:36, 2026-07-24 03:31:53, 2026-07-24 03:47:12, 2026-07-24 04:02:00, 2026-07-24 04:18:15", "cumulative_total": 61.0 }, "geometry": { "type": "Polygon", "coordinates": [ [ [ -70.924563255212007, 45.585644334539651 ], [ -70.930769056654285, 45.588464428418945 ], [ -70.930393819336842, 45.593648030211511 ], [ -70.923811609365387, 45.596011456032841 ], [ -70.917605376079905, 45.593190969443846 ], [ -70.917981784574749, 45.588007449806831 ], [ -70.924563255212007, 45.585644334539651 ] ] ] } },
{ "type": "Feature", "properties": { "hex_id": 826673, "centroid_lon": -70.918358090431198, "centroid_lat": 45.582823923019703, "occurrences_today": 7, "datetimes_today": "2026-07-24 02:46:50, 2026-07-24 03:01:40, 2026-07-24 03:16:36, 2026-07-24 03:31:53, 2026-07-24 03:47:12, 2026-07-24 04:02:00, 2026-07-24 04:18:15", "cumulative_total": 84.0 }, "geometry": { "type": "Polygon", "coordinates": [ [ [ -70.918734293683642, 45.577640389083328 ], [ -70.924938924424168, 45.580460763079323 ], [ -70.924563255212007, 45.585644334539651 ], [ -70.917981784574749, 45.588007449806831 ], [ -70.911776722415141, 45.585186683160217 ], [ -70.912153562277496, 45.58000319396065 ], [ -70.918734293683642, 45.577640389083328 ] ] ] } },
{ "type": "Feature", "properties": { "hex_id": 827284, "centroid_lon": -70.911399779773049, "centroid_lat": 45.590370165202614, "occurrences_today": 7, "datetimes_today": "2026-07-24 02:46:50, 2026-07-24 03:01:40, 2026-07-24 03:16:36, 2026-07-24 03:31:53, 2026-07-24 03:47:12, 2026-07-24 04:02:00, 2026-07-24 04:18:15", "cumulative_total": 47.0 }, "geometry": { "type": "Polygon", "coordinates": [ [ [ -70.911776722415141, 45.585186683160217 ], [ -70.917981784574749, 45.588007449806831 ], [ -70.917605376079905, 45.593190969443846 ], [ -70.911022734316788, 45.595553640086948 ], [ -70.904817240841354, 45.592732480636798 ], [ -70.905194820410415, 45.587549043410682 ], [ -70.911776722415141, 45.585186683160217 ] ] ] } },
{ "type": "Feature", "properties": { "hex_id": 558661, "centroid_lon": -73.731479589381053, "centroid_lat": 45.609782210750474, "occurrences_today": 5, "datetimes_today": "2026-07-24 13:17:09, 2026-07-24 13:33:01, 2026-07-24 13:46:46, 2026-07-24 14:02:07, 2026-07-24 14:17:02", "cumulative_total": 145.0 }, "geometry": { "type": "Polygon", "coordinates": [ [ [ -73.731596707294429, 45.604586776108349 ], [ -73.737948620346131, 45.607255504000079 ], [ -73.737832078000622, 45.612450948947483 ], [ -73.731362439441497, 45.614977640411958 ], [ -73.725009982853535, 45.612308543766133 ], [ -73.725127708350172, 45.607113124474679 ], [ -73.731596707294429, 45.604586776108349 ] ] ] } },
{ "type": "Feature", "properties": { "hex_id": 684486, "centroid_lon": -72.365987828812408, "centroid_lat": 46.55299539703239, "occurrences_today": 7, "datetimes_today": "2026-07-24 05:01:54, 2026-07-24 05:22:07, 2026-07-24 05:33:06, 2026-07-24 05:46:52, 2026-07-24 06:18:29, 2026-07-24 06:31:43, 2026-07-24 06:47:25", "cumulative_total": 64.0 }, "geometry": { "type": "Polygon", "coordinates": [ [ [ -72.366239082072624, 46.547805045524498 ], [ -72.372628814298167, 46.55055015496869 ], [ -72.372378146159534, 46.555740530612923 ], [ -72.365736506077653, 46.558185742763456 ], [ -72.35934625821703, 46.555440239848757 ], [ -72.359598166049437, 46.550249918320603 ], [ -72.366239082072624, 46.547805045524498 ] ] ] } },
{ "type": "Feature", "properties": { "hex_id": 900623, "centroid_lon": -70.035270470542912, "centroid_lat": 46.78726901543434, "occurrences_today": 11, "datetimes_today": "2026-07-24 12:19:32, 2026-07-24 12:32:06, 2026-07-24 12:46:46, 2026-07-24 12:59:03, 2026-07-24 13:17:09, 2026-07-24 13:33:01, 2026-07-24 13:46:46, 2026-07-24 14:02:07, 2026-07-24 14:17:02, 2026-07-24 14:47:11, 2026-07-24 15:02:07", "cumulative_total": 94.0 }, "geometry": { "type": "Polygon", "coordinates": [ [ [ -70.035747507726953, 46.782092900445917 ], [ -70.042034909809431, 46.784964552435973 ], [ -70.041558427531712, 46.790140714204611 ], [ -70.034793301398594, 46.792445121981025 ], [ -70.028505476392851, 46.789573054462359 ], [ -70.028983200397931, 46.784396994761714 ], [ -70.035747507726953, 46.782092900445917 ] ] ] } },
{ "type": "Feature", "properties": { "hex_id": 901844, "centroid_lon": -70.022218338378053, "centroid_lat": 46.786700665091125, "occurrences_today": 11, "datetimes_today": "2026-07-24 12:19:32, 2026-07-24 12:32:06, 2026-07-24 12:46:46, 2026-07-24 12:59:03, 2026-07-24 13:17:09, 2026-07-24 13:33:01, 2026-07-24 13:46:46, 2026-07-24 14:02:07, 2026-07-24 14:17:02, 2026-07-24 14:47:11, 2026-07-24 15:02:07", "cumulative_total": 89.0 }, "geometry": { "type": "Polygon", "coordinates": [ [ [ -70.022696617051182, 46.781524652293285 ], [ -70.028983200397931, 46.784396994761714 ], [ -70.028505476392851, 46.789573054462359 ], [ -70.02173992740488, 46.791876669427857 ], [ -70.015452921712992, 46.789003911342 ], [ -70.01593188730854, 46.783827953973898 ], [ -70.022696617051182, 46.781524652293285 ] ] ] } },
{ "type": "Feature", "properties": { "hex_id": 902455, "centroid_lon": -70.014973823624629, "centroid_lat": 46.794179860238614, "occurrences_today": 11, "datetimes_today": "2026-07-24 12:19:32, 2026-07-24 12:32:06, 2026-07-24 12:46:46, 2026-07-24 12:59:03, 2026-07-24 13:17:09, 2026-07-24 13:33:01, 2026-07-24 13:46:46, 2026-07-24 14:02:07, 2026-07-24 14:17:02, 2026-07-24 14:47:11, 2026-07-24 15:02:07", "cumulative_total": 94.0 }, "geometry": { "type": "Polygon", "coordinates": [ [ [ -70.015452921712992, 46.789003911342 ], [ -70.02173992740488, 46.791876669427857 ], [ -70.021261384085932, 46.797052665302118 ], [ -70.014494592997679, 46.79935580066239 ], [ -70.008207165097858, 46.796482626802479 ], [ -70.008686950448435, 46.791306733422189 ], [ -70.015452921712992, 46.789003911342 ] ] ] } },
{ "type": "Feature", "properties": { "hex_id": 903676, "centroid_lon": -70.001920424630171, "centroid_lat": 46.793609131239513, "occurrences_today": 11, "datetimes_today": "2026-07-24 12:19:32, 2026-07-24 12:32:06, 2026-07-24 12:46:46, 2026-07-24 12:59:03, 2026-07-24 13:17:09, 2026-07-24 13:33:01, 2026-07-24 13:46:46, 2026-07-24 14:02:07, 2026-07-24 14:17:02, 2026-07-24 14:47:11, 2026-07-24 15:02:07", "cumulative_total": 94.0 }, "geometry": { "type": "Polygon", "coordinates": [ [ [ -70.002400764511535, 46.788433284959439 ], [ -70.008686950448435, 46.791306733422189 ], [ -70.008207165097858, 46.796482626802479 ], [ -70.001439951870367, 46.798784969027281 ], [ -69.995153344304072, 46.795911104701837 ], [ -69.995634371548789, 46.790735314080109 ], [ -70.002400764511535, 46.788433284959439 ] ] ] } },
{ "type": "Feature", "properties": { "hex_id": 904287, "centroid_lon": -69.994672183988044, "centroid_lat": 46.801086886820855, "occurrences_today": 11, "datetimes_today": "2026-07-24 12:19:32, 2026-07-24 12:32:06, 2026-07-24 12:46:46, 2026-07-24 12:59:03, 2026-07-24 13:17:09, 2026-07-24 13:33:01, 2026-07-24 13:46:46, 2026-07-24 14:02:07, 2026-07-24 14:17:02, 2026-07-24 14:47:11, 2026-07-24 15:02:07", "cumulative_total": 94.0 }, "geometry": { "type": "Polygon", "coordinates": [ [ [ -69.995153344304072, 46.795911104701837 ], [ -70.001439951870367, 46.798784969027281 ], [ -70.000959346186207, 46.803960798321413 ], [ -69.994190890554705, 46.806262660435799 ], [ -69.987903861496804, 46.803388380091057 ], [ -69.988385709516038, 46.798212653717037 ], [ -69.995153344304072, 46.795911104701837 ] ] ] } },
{ "type": "Feature", "properties": { "hex_id": 904897, "centroid_lon": -69.988867424271035, "centroid_lat": 46.793036918829863, "occurrences_today": 11, "datetimes_today": "2026-07-24 12:19:32, 2026-07-24 12:32:06, 2026-07-24 12:46:46, 2026-07-24 12:59:03, 2026-07-24 13:17:09, 2026-07-24 13:33:01, 2026-07-24 13:46:46, 2026-07-24 14:02:07, 2026-07-24 14:17:02, 2026-07-24 14:47:11, 2026-07-24 15:02:07", "cumulative_total": 94.0 }, "geometry": { "type": "Polygon", "coordinates": [ [ [ -69.989349005807767, 46.787861175430891 ], [ -69.995634371548789, 46.790735314080109 ], [ -69.995153344304072, 46.795911104701837 ], [ -69.988385709516038, 46.798212653717037 ], [ -69.982099922724231, 46.79533809911662 ], [ -69.982582191725257, 46.79016241151799 ], [ -69.989349005807767, 46.787861175430891 ] ] ] } },
{ "type": "Feature", "properties": { "hex_id": 905508, "centroid_lon": -69.981617520312071, "centroid_lat": 46.800513778192972, "occurrences_today": 11, "datetimes_today": "2026-07-24 12:19:32, 2026-07-24 12:32:06, 2026-07-24 12:46:46, 2026-07-24 12:59:03, 2026-07-24 13:17:09, 2026-07-24 13:33:01, 2026-07-24 13:46:46, 2026-07-24 14:02:07, 2026-07-24 14:17:02, 2026-07-24 14:47:11, 2026-07-24 15:02:07", "cumulative_total": 94.0 }, "geometry": { "type": "Polygon", "coordinates": [ [ [ -69.982099922724231, 46.79533809911662 ], [ -69.988385709516038, 46.798212653717037 ], [ -69.987903861496804, 46.803388380091057 ], [ -69.981134984442676, 46.805689448745717 ], [ -69.974848776738241, 46.802814478037533 ], [ -69.975331866954463, 46.797638854848238 ], [ -69.982099922724231, 46.79533809911662 ] ] ] } },
{ "type": "Feature", "properties": { "hex_id": 906118, "centroid_lon": -69.97581482356658, "centroid_lat": 46.792463223126212, "occurrences_today": 11, "datetimes_today": "2026-07-24 12:19:32, 2026-07-24 12:32:06, 2026-07-24 12:46:46, 2026-07-24 12:59:03, 2026-07-24 13:17:09, 2026-07-24 13:33:01, 2026-07-24 13:46:46, 2026-07-24 14:02:07, 2026-07-24 14:17:02, 2026-07-24 14:47:11, 2026-07-24 15:02:07", "cumulative_total": 89.0 }, "geometry": { "type": "Polygon", "coordinates": [ [ [ -69.976297646620722, 46.787287582872828 ], [ -69.982582191725257, 46.79016241151799 ], [ -69.982099922724231, 46.79533809911662 ], [ -69.975331866954463, 46.797638854848238 ], [ -69.969046901377823, 46.7947636101635 ], [ -69.969530411996971, 46.789588025852495 ], [ -69.976297646620722, 46.787287582872828 ] ] ] } },
{ "type": "Feature", "properties": { "hex_id": 906729, "centroid_lon": -69.968563257007787, "centroid_lat": 46.799939185932637, "occurrences_today": 11, "datetimes_today": "2026-07-24 12:19:32, 2026-07-24 12:32:06, 2026-07-24 12:46:46, 2026-07-24 12:59:03, 2026-07-24 13:17:09, 2026-07-24 13:33:01, 2026-07-24 13:46:46, 2026-07-24 14:02:07, 2026-07-24 14:17:02, 2026-07-24 14:47:11, 2026-07-24 15:02:07", "cumulative_total": 94.0 }, "geometry": { "type": "Polygon", "coordinates": [ [ [ -69.969046901377823, 46.7947636101635 ], [ -69.975331866954463, 46.797638854848238 ], [ -69.974848776738241, 46.802814478037533 ], [ -69.968079478840664, 46.805114753158584 ], [ -69.961794092930418, 46.802239092277759 ], [ -69.962278425205156, 46.797063572537745 ], [ -69.969046901377823, 46.7947636101635 ] ] ] } },
{ "type": "Feature", "properties": { "hex_id": 907339, "centroid_lon": -69.962762623536022, "centroid_lat": 46.79188804424539, "occurrences_today": 11, "datetimes_today": "2026-07-24 12:19:32, 2026-07-24 12:32:06, 2026-07-24 12:46:46, 2026-07-24 12:59:03, 2026-07-24 13:17:09, 2026-07-24 13:33:01, 2026-07-24 13:46:46, 2026-07-24 14:02:07, 2026-07-24 14:17:02, 2026-07-24 14:47:11, 2026-07-24 15:02:07", "cumulative_total": 89.0 }, "geometry": { "type": "Polygon", "coordinates": [ [ [ -69.96324668796926, 46.786712507402065 ], [ -69.969530411996971, 46.789588025852495 ], [ -69.969046901377823, 46.7947636101635 ], [ -69.962278425205156, 46.797063572537745 ], [ -69.95599428128412, 46.794187637959503 ], [ -69.956479033382848, 46.789012157200581 ], [ -69.96324668796926, 46.786712507402065 ] ] ] } },
{ "type": "Feature", "properties": { "hex_id": 907950, "centroid_lon": -69.955509395094808, "centroid_lat": 46.799363110156904, "occurrences_today": 11, "datetimes_today": "2026-07-24 12:19:32, 2026-07-24 12:32:06, 2026-07-24 12:46:46, 2026-07-24 12:59:03, 2026-07-24 13:17:09, 2026-07-24 13:33:01, 2026-07-24 13:46:46, 2026-07-24 14:02:07, 2026-07-24 14:17:02, 2026-07-24 14:47:11, 2026-07-24 15:02:07", "cumulative_total": 94.0 }, "geometry": { "type": "Polygon", "coordinates": [ [ [ -69.95599428128412, 46.794187637959503 ], [ -69.962278425205156, 46.797063572537745 ], [ -69.961794092930418, 46.802239092277759 ], [ -69.955024374768584, 46.804538573791483 ], [ -69.948739811093034, 46.80166222292894 ], [ -69.949225385287491, 46.796486806902742 ], [ -69.95599428128412, 46.794187637959503 ] ] ] } },
{ "type": "Feature", "properties": { "hex_id": 909171, "centroid_lon": -69.94245593559252, "centroid_lat": 46.798785550983105, "occurrences_today": 11, "datetimes_today": "2026-07-24 12:19:32, 2026-07-24 12:32:06, 2026-07-24 12:46:46, 2026-07-24 12:59:03, 2026-07-24 13:17:09, 2026-07-24 13:33:01, 2026-07-24 13:46:46, 2026-07-24 14:02:07, 2026-07-24 14:17:02, 2026-07-24 14:47:11, 2026-07-24 15:02:07", "cumulative_total": 106.0 }, "geometry": { "type": "Polygon", "coordinates": [ [ [ -69.942942063462155, 46.793610182621904 ], [ -69.949225385287491, 46.796486806902742 ], [ -69.948739811093034, 46.80166222292894 ], [ -69.941969673246206, 46.803960910761759 ], [ -69.935685932245548, 46.801083870108577 ], [ -69.936172748220599, 46.795908558060674 ], [ -69.942942063462155, 46.793610182621904 ] ] ] } },
{ "type": "Feature", "properties": { "hex_id": 50922, "centroid_lon": -79.301952340467253, "centroid_lat": 48.606839318722365, "occurrences_today": 5, "datetimes_today": "2026-07-24 08:03:56, 2026-07-24 08:18:28, 2026-07-24 08:31:40, 2026-07-24 08:46:43, 2026-07-24 09:01:53", "cumulative_total": 12.0 }, "geometry": { "type": "Polygon", "coordinates": [ [ [ -79.301511663104932, 48.601659989617119 ], [ -79.308495204379597, 48.603996352975415 ], [ -79.308936632069589, 48.609175632384137 ], [ -79.302393143084117, 48.612018640152613 ], [ -79.295408726204485, 48.609681932122868 ], [ -79.294968673960781, 48.604502561067122 ], [ -79.301511663104932, 48.601659989617119 ] ] ] } },
{ "type": "Feature", "properties": { "hex_id": 51532, "centroid_lon": -79.294528746755049, "centroid_lat": 48.599323182346204, "occurrences_today": 5, "datetimes_today": "2026-07-24 08:03:56, 2026-07-24 08:18:28, 2026-07-24 08:31:40, 2026-07-24 08:46:43, 2026-07-24 09:01:53", "cumulative_total": 12.0 }, "geometry": { "type": "Polygon", "coordinates": [ [ [ -79.294088944541912, 48.594143795961152 ], [ -79.301071110951682, 48.596480652837954 ], [ -79.301511663104932, 48.601659989617119 ], [ -79.294968673960781, 48.604502561067122 ], [ -79.287985632595607, 48.602165359518843 ], [ -79.287546455375377, 48.596985931263028 ], [ -79.294088944541912, 48.594143795961152 ] ] ] } },
{ "type": "Feature", "properties": { "hex_id": 60702, "centroid_lon": -79.2092725254859, "centroid_lat": 48.797315510200747, "occurrences_today": 2, "datetimes_today": "2026-07-24 19:17:25, 2026-07-24 19:31:42", "cumulative_total": 121.0 }, "geometry": { "type": "Polygon", "coordinates": [ [ [ -79.208838428916266, 48.792135728753721 ], [ -79.215845064966672, 48.794477043744408 ], [ -79.216279918691171, 48.799656776362731 ], [ -79.209706745818622, 48.802495284084074 ], [ -79.202699228827655, 48.800153620732978 ], [ -79.202265765694975, 48.79497379809257 ], [ -79.208838428916266, 48.792135728753721 ] ] ] } },
{ "type": "Feature", "properties": { "hex_id": 688884, "centroid_lon": -72.21975240681175, "centroid_lat": 48.490050734242956, "occurrences_today": 4, "datetimes_today": "2026-07-24 06:18:29, 2026-07-24 06:31:43, 2026-07-24 06:47:25, 2026-07-24 07:16:53", "cumulative_total": 10.0 }, "geometry": { "type": "Polygon", "coordinates": [ [ [ -72.220036194920823, 48.484862769462808 ], [ -72.226653175319285, 48.487619927512704 ], [ -72.22637003475937, 48.492807918896133 ], [ -72.219468538052439, 48.495238693076914 ], [ -72.212850990769667, 48.492481113373394 ], [ -72.213135507048875, 48.487293181214305 ], [ -72.220036194920823, 48.484862769462808 ] ] ] } },
{ "type": "Feature", "properties": { "hex_id": 179702, "centroid_lon": -77.842026127482683, "centroid_lat": 48.098916453833624, "occurrences_today": 1, "datetimes_today": "2026-07-24 09:01:53", "cumulative_total": 52.0 }, "geometry": { "type": "Polygon", "coordinates": [ [ [ -77.84173999150164, 48.093728409716952 ], [ -77.848590076130947, 48.096156238044237 ], [ -77.848876925696189, 48.101344249089252 ], [ -77.842312344300169, 48.10410449195853 ], [ -77.835461465235724, 48.10167630710712 ], [ -77.835175962031457, 48.096488235981042 ], [ -77.84173999150164, 48.093728409716952 ] ] ] } },
{ "type": "Feature", "properties": { "hex_id": 641197, "centroid_lon": -72.792755166260619, "centroid_lat": 47.442702683104237, "occurrences_today": 4, "datetimes_today": "2026-07-24 05:46:52, 2026-07-24 06:18:29, 2026-07-24 06:31:43, 2026-07-24 06:47:25", "cumulative_total": 125.0 }, "geometry": { "type": "Polygon", "coordinates": [ [ [ -72.79297238012964, 47.437511504769667 ], [ -72.799490261104026, 47.440234527553038 ], [ -72.799273667776859, 47.445425726170782 ], [ -72.792537891576643, 47.447893855958313 ], [ -72.786019450886073, 47.445170431474999 ], [ -72.786237346090431, 47.439979278973077 ], [ -72.79297238012964, 47.437511504769667 ] ] ] } },
{ "type": "Feature", "properties": { "hex_id": 1037535, "centroid_lon": -68.260142375835272, "centroid_lat": 49.191375814570513, "occurrences_today": 5, "datetimes_today": "2026-07-24 07:16:53, 2026-07-24 07:31:42, 2026-07-24 08:03:56, 2026-07-24 08:18:28, 2026-07-24 08:31:40", "cumulative_total": 44.0 }, "geometry": { "type": "Polygon", "coordinates": [ [ [ -68.26084616619417, 49.186218294516429 ], [ -68.267308839060178, 49.189196353245748 ], [ -68.266605646751756, 49.194353939437363 ], [ -68.259438384424541, 49.196533322516089 ], [ -68.252975314596739, 49.193554800900287 ], [ -68.253679903984235, 49.188397359162643 ], [ -68.26084616619417, 49.186218294516429 ] ] ] } },
{ "type": "Feature", "properties": { "hex_id": 556204, "centroid_lon": -73.762255715155064, "centroid_lat": 45.376262353006297, "occurrences_today": 2, "datetimes_today": "2026-07-24 23:17:39, 2026-07-24 23:32:04", "cumulative_total": 177.0 }, "geometry": { "type": "Polygon", "coordinates": [ [ [ -73.762369065792711, 45.371066643927023 ], [ -73.768696501139601, 45.373733508704397 ], [ -73.768583719440144, 45.378929227733408 ], [ -73.762142333607926, 45.381458057116966 ], [ -73.755814360237508, 45.378790826827242 ], [ -73.755928310712491, 45.373595132730536 ], [ -73.762369065792711, 45.371066643927023 ] ] ] } },
{ "type": "Feature", "properties": { "hex_id": 866449, "centroid_lon": -70.382202805122532, "centroid_lat": 47.020085512657438, "occurrences_today": 13, "datetimes_today": "2026-07-24 20:02:36, 2026-07-24 20:31:41, 2026-07-24 20:47:09, 2026-07-24 21:02:52, 2026-07-24 21:31:53, 2026-07-24 21:47:22, 2026-07-24 22:02:06, 2026-07-24 22:31:39, 2026-07-24 22:46:42, 2026-07-24 23:01:38, 2026-07-24 23:17:39, 2026-07-24 23:32:04, 2026-07-24 23:47:06", "cumulative_total": 140.0 }, "geometry": { "type": "Polygon", "coordinates": [ [ [ -70.382650204715475, 47.014906977459944 ], [ -70.388984064514744, 47.017761046522111 ], [ -70.388537232770403, 47.022939625405876 ], [ -70.381755281313829, 47.025264039887986 ], [ -70.375420977903303, 47.022409554692153 ], [ -70.375869069517421, 47.017231071214511 ], [ -70.382650204715475, 47.014906977459944 ] ] ] } },
{ "type": "Feature", "properties": { "hex_id": 581254, "centroid_lon": -73.49241904893897, "centroid_lat": 45.677032660588452, "occurrences_today": 1, "datetimes_today": "2026-07-24 10:46:43", "cumulative_total": 249.0 }, "geometry": { "type": "Polygon", "coordinates": [ [ [ -73.492558560419241, 45.671837813389089 ], [ -73.498906303744832, 45.674519756672197 ], [ -73.498767366616036, 45.679714616562038 ], [ -73.492279499281508, 45.682227502710852 ], [ -73.485931219788057, 45.679545187580572 ], [ -73.486071343784133, 45.67435035821353 ], [ -73.492558560419241, 45.671837813389089 ] ] ] } },
{ "type": "Feature", "properties": { "hex_id": 914675, "centroid_lon": -69.86964917994699, "centroid_lat": 46.943649118002973, "occurrences_today": 9, "datetimes_today": "2026-07-24 12:19:32, 2026-07-24 12:32:06, 2026-07-24 12:46:46, 2026-07-24 12:59:03, 2026-07-24 13:17:09, 2026-07-24 13:33:01, 2026-07-24 13:46:46, 2026-07-24 14:02:07, 2026-07-24 14:17:02", "cumulative_total": 17.0 }, "geometry": { "type": "Polygon", "coordinates": [ [ [ -69.870144788266103, 46.938474467877718 ], [ -69.876440211688475, 46.941355571229529 ], [ -69.875945160152057, 46.946530269835314 ], [ -69.869153434275731, 46.948823759416008 ], [ -69.862857591446627, 46.945942237153737 ], [ -69.863353893852988, 46.940767644287291 ], [ -69.870144788266103, 46.938474467877718 ] ] ] } },
{ "type": "Feature", "properties": { "hex_id": 915896, "centroid_lon": -69.856562442876125, "centroid_lat": 46.943060393058687, "occurrences_today": 9, "datetimes_today": "2026-07-24 12:19:32, 2026-07-24 12:32:06, 2026-07-24 12:46:46, 2026-07-24 12:59:03, 2026-07-24 13:17:09, 2026-07-24 13:33:01, 2026-07-24 13:46:46, 2026-07-24 14:02:07, 2026-07-24 14:17:02", "cumulative_total": 23.0 }, "geometry": { "type": "Polygon", "coordinates": [ [ [ -69.857059301822403, 46.937885848795517 ], [ -69.863353893852988, 46.940767644287291 ], [ -69.862857591446627, 46.945942237153737 ], [ -69.856065446235007, 46.948234928589443 ], [ -69.849770435383192, 46.945352714099592 ], [ -69.850267988516507, 46.940178227238164 ], [ -69.857059301822403, 46.937885848795517 ] ] ] } },
{ "type": "Feature", "properties": { "hex_id": 724747, "centroid_lon": -71.963754683083479, "centroid_lat": 46.044163260890954, "occurrences_today": 14, "datetimes_today": "2026-07-24 09:31:43, 2026-07-24 09:47:55, 2026-07-24 10:01:44, 2026-07-24 10:16:49, 2026-07-24 10:31:51, 2026-07-24 10:46:43, 2026-07-24 11:01:43, 2026-07-24 11:31:41, 2026-07-24 12:02:19, 2026-07-24 12:19:32, 2026-07-24 12:32:06, 2026-07-24 12:46:46, 2026-07-24 12:59:03, 2026-07-24 13:17:09", "cumulative_total": 139.0 }, "geometry": { "type": "Polygon", "coordinates": [ [ [ -71.964039176560348, 46.038974252688668 ], [ -71.970349977568944, 46.041740151290789 ], [ -71.970066047529556, 46.046929187304372 ], [ -71.963470111482323, 46.049352262996294 ], [ -71.957158825173806, 46.046585974200724 ], [ -71.957443960185884, 46.041396999971894 ], [ -71.964039176560348, 46.038974252688668 ] ] ] } },
{ "type": "Feature", "properties": { "hex_id": 459173, "centroid_lon": -74.775195155637007, "centroid_lat": 45.982960093297294, "occurrences_today": 49, "datetimes_today": "2026-07-24 00:02:05, 2026-07-24 00:16:40, 2026-07-24 00:31:58, 2026-07-24 00:46:49, 2026-07-24 01:01:55, 2026-07-24 01:16:40, 2026-07-24 01:33:10, 2026-07-24 01:47:11, 2026-07-24 02:01:42, 2026-07-24 02:18:40, 2026-07-24 02:31:44, 2026-07-24 02:46:50, 2026-07-24 03:01:40, 2026-07-24 03:16:36, 2026-07-24 03:31:53, 2026-07-24 03:47:12, 2026-07-24 04:02:00, 2026-07-24 04:18:15, 2026-07-24 04:31:38, 2026-07-24 04:46:53, 2026-07-24 05:01:54, 2026-07-24 05:22:07, 2026-07-24 05:33:06, 2026-07-24 05:46:52, 2026-07-24 06:18:29, 2026-07-24 06:31:43, 2026-07-24 06:47:25, 2026-07-24 07:16:53, 2026-07-24 07:31:42, 2026-07-24 08:03:56, 2026-07-24 08:18:28, 2026-07-24 08:31:40, 2026-07-24 08:46:43, 2026-07-24 09:01:53, 2026-07-24 09:31:43, 2026-07-24 09:47:55, 2026-07-24 10:01:44, 2026-07-24 10:16:49, 2026-07-24 10:31:51, 2026-07-24 10:46:43, 2026-07-24 11:01:43, 2026-07-24 11:31:41, 2026-07-24 12:02:19, 2026-07-24 12:19:32, 2026-07-24 12:32:06, 2026-07-24 12:46:46, 2026-07-24 12:59:03, 2026-07-24 13:17:09, 2026-07-24 13:33:01", "cumulative_total": 213.0 }, "geometry": { "type": "Polygon", "coordinates": [ [ [ -74.775216184483526, 45.977763764088486 ], [ -74.781660592412521, 45.980374443458125 ], [ -74.781640164587046, 45.985570772546424 ], [ -74.775174121012142, 45.988156417752698 ], [ -74.768729117841431, 45.985545375054791 ], [ -74.768750753485364, 45.980349050544625 ], [ -74.775216184483526, 45.977763764088486 ] ] ] } },
{ "type": "Feature", "properties": { "hex_id": 459783, "centroid_lon": -74.768772383186047, "centroid_lat": 45.975152721280594, "occurrences_today": 49, "datetimes_today": "2026-07-24 00:02:05, 2026-07-24 00:16:40, 2026-07-24 00:31:58, 2026-07-24 00:46:49, 2026-07-24 01:01:55, 2026-07-24 01:16:40, 2026-07-24 01:33:10, 2026-07-24 01:47:11, 2026-07-24 02:01:42, 2026-07-24 02:18:40, 2026-07-24 02:31:44, 2026-07-24 02:46:50, 2026-07-24 03:01:40, 2026-07-24 03:16:36, 2026-07-24 03:31:53, 2026-07-24 03:47:12, 2026-07-24 04:02:00, 2026-07-24 04:18:15, 2026-07-24 04:31:38, 2026-07-24 04:46:53, 2026-07-24 05:01:54, 2026-07-24 05:22:07, 2026-07-24 05:33:06, 2026-07-24 05:46:52, 2026-07-24 06:18:29, 2026-07-24 06:31:43, 2026-07-24 06:47:25, 2026-07-24 07:16:53, 2026-07-24 07:31:42, 2026-07-24 08:03:56, 2026-07-24 08:18:28, 2026-07-24 08:31:40, 2026-07-24 08:46:43, 2026-07-24 09:01:53, 2026-07-24 09:31:43, 2026-07-24 09:47:55, 2026-07-24 10:01:44, 2026-07-24 10:16:49, 2026-07-24 10:31:51, 2026-07-24 10:46:43, 2026-07-24 11:01:43, 2026-07-24 11:31:41, 2026-07-24 12:02:19, 2026-07-24 12:19:32, 2026-07-24 12:32:06, 2026-07-24 12:46:46, 2026-07-24 12:59:03, 2026-07-24 13:17:09, 2026-07-24 13:33:01", "cumulative_total": 157.0 }, "geometry": { "type": "Polygon", "coordinates": [ [ [ -74.768794006945541, 45.969956387262663 ], [ -74.775237207553687, 45.972567430126226 ], [ -74.775216184483526, 45.977763764088486 ], [ -74.768750753485364, 45.980349050544625 ], [ -74.762306958130111, 45.97773764438729 ], [ -74.762329188518123, 45.972541315133299 ], [ -74.768794006945541, 45.969956387262663 ] ] ] } },
{ "type": "Feature", "properties": { "hex_id": 581242, "centroid_lon": -73.49741751014858, "centroid_lat": 45.490014963681993, "occurrences_today": 4, "datetimes_today": "2026-07-24 20:47:09, 2026-07-24 21:02:52, 2026-07-24 21:31:53, 2026-07-24 21:47:22", "cumulative_total": 301.0 }, "geometry": { "type": "Polygon", "coordinates": [ [ [ -73.497555655770043, 45.484819933776706 ], [ -73.503882825781588, 45.487501422023172 ], [ -73.50374524893644, 45.492696464520733 ], [ -73.497279326809192, 45.495209988513835 ], [ -73.490951625745595, 45.492528130845947 ], [ -73.491090377848636, 45.48733311867084 ], [ -73.497555655770043, 45.484819933776706 ] ] ] } },
{ "type": "Feature", "properties": { "hex_id": 477481, "centroid_lon": -74.582360768625762, "centroid_lat": 45.873293244374942, "occurrences_today": 85, "datetimes_today": "2026-07-24 00:02:05, 2026-07-24 00:16:40, 2026-07-24 00:31:58, 2026-07-24 00:46:49, 2026-07-24 01:01:55, 2026-07-24 01:16:40, 2026-07-24 01:33:10, 2026-07-24 01:47:11, 2026-07-24 02:01:42, 2026-07-24 02:18:40, 2026-07-24 02:31:44, 2026-07-24 02:46:50, 2026-07-24 03:01:40, 2026-07-24 03:16:36, 2026-07-24 03:31:53, 2026-07-24 03:47:12, 2026-07-24 04:02:00, 2026-07-24 04:18:15, 2026-07-24 04:31:38, 2026-07-24 04:46:53, 2026-07-24 05:01:54, 2026-07-24 05:22:07, 2026-07-24 05:33:06, 2026-07-24 05:46:52, 2026-07-24 06:18:29, 2026-07-24 06:31:43, 2026-07-24 06:47:25, 2026-07-24 07:16:53, 2026-07-24 07:31:42, 2026-07-24 08:03:56, 2026-07-24 08:18:28, 2026-07-24 08:31:40, 2026-07-24 08:46:43, 2026-07-24 09:01:53, 2026-07-24 09:31:43, 2026-07-24 09:47:55, 2026-07-24 10:01:44, 2026-07-24 10:16:49, 2026-07-24 10:31:51, 2026-07-24 10:46:43, 2026-07-24 11:01:43, 2026-07-24 11:31:41, 2026-07-24 12:02:19, 2026-07-24 12:19:32, 2026-07-24 12:32:06, 2026-07-24 12:46:46, 2026-07-24 12:59:03, 2026-07-24 13:17:09, 2026-07-24 13:33:01, 2026-07-24 13:46:46, 2026-07-24 14:02:07, 2026-07-24 14:17:02, 2026-07-24 14:47:11, 2026-07-24 15:02:07, 2026-07-24 15:17:47, 2026-07-24 15:31:41, 2026-07-24 15:56:02, 2026-07-24 16:16:41, 2026-07-24 16:31:40, 2026-07-24 16:47:02, 2026-07-24 17:01:51, 2026-07-24 17:16:43, 2026-07-24 17:31:38, 2026-07-24 17:46:45, 2026-07-24 18:02:14, 2026-07-24 18:16:45, 2026-07-24 18:32:11, 2026-07-24 18:47:12, 2026-07-24 19:01:49, 2026-07-24 19:17:25, 2026-07-24 19:31:42, 2026-07-24 19:47:26, 2026-07-24 20:02:36, 2026-07-24 20:31:41, 2026-07-24 20:47:09, 2026-07-24 21:02:52, 2026-07-24 21:31:53, 2026-07-24 21:47:22, 2026-07-24 22:02:06, 2026-07-24 22:31:39, 2026-07-24 22:46:42, 2026-07-24 23:01:38, 2026-07-24 23:17:39, 2026-07-24 23:32:04, 2026-07-24 23:47:06", "cumulative_total": 390.0 }, "geometry": { "type": "Polygon", "coordinates": [ [ [ -74.5823996863856, 45.868096913194883 ], [ -74.588822323793721, 45.870718441733644 ], [ -74.588784001070962, 45.875914774739137 ], [ -74.582321840186879, 45.878489570782861 ], [ -74.575898618422514, 45.875867678379478 ], [ -74.575938141894838, 45.870671353862463 ], [ -74.5823996863856, 45.868096913194883 ] ] ] } },
{ "type": "Feature", "properties": { "hex_id": 478092, "centroid_lon": -74.575859084104621, "centroid_lat": 45.881063998123551, "occurrences_today": 67, "datetimes_today": "2026-07-24 00:02:05, 2026-07-24 00:16:40, 2026-07-24 00:31:58, 2026-07-24 00:46:49, 2026-07-24 01:01:55, 2026-07-24 01:16:40, 2026-07-24 01:33:10, 2026-07-24 01:47:11, 2026-07-24 02:01:42, 2026-07-24 02:18:40, 2026-07-24 02:31:44, 2026-07-24 02:46:50, 2026-07-24 03:01:40, 2026-07-24 03:16:36, 2026-07-24 03:31:53, 2026-07-24 03:47:12, 2026-07-24 04:02:00, 2026-07-24 04:18:15, 2026-07-24 04:31:38, 2026-07-24 04:46:53, 2026-07-24 05:01:54, 2026-07-24 05:22:07, 2026-07-24 05:33:06, 2026-07-24 05:46:52, 2026-07-24 06:18:29, 2026-07-24 06:31:43, 2026-07-24 06:47:25, 2026-07-24 07:16:53, 2026-07-24 07:31:42, 2026-07-24 08:03:56, 2026-07-24 08:18:28, 2026-07-24 08:31:40, 2026-07-24 08:46:43, 2026-07-24 09:01:53, 2026-07-24 09:31:43, 2026-07-24 09:47:55, 2026-07-24 10:01:44, 2026-07-24 10:16:49, 2026-07-24 10:31:51, 2026-07-24 10:46:43, 2026-07-24 11:01:43, 2026-07-24 11:31:41, 2026-07-24 12:02:19, 2026-07-24 12:19:32, 2026-07-24 12:32:06, 2026-07-24 12:46:46, 2026-07-24 12:59:03, 2026-07-24 13:17:09, 2026-07-24 13:33:01, 2026-07-24 13:46:46, 2026-07-24 14:02:07, 2026-07-24 14:17:02, 2026-07-24 14:47:11, 2026-07-24 15:02:07, 2026-07-24 15:17:47, 2026-07-24 15:31:41, 2026-07-24 15:56:02, 2026-07-24 16:16:41, 2026-07-24 16:31:40, 2026-07-24 16:47:02, 2026-07-24 17:01:51, 2026-07-24 17:16:43, 2026-07-24 17:31:38, 2026-07-24 17:46:45, 2026-07-24 18:02:14, 2026-07-24 18:16:45, 2026-07-24 18:32:11", "cumulative_total": 347.0 }, "geometry": { "type": "Polygon", "coordinates": [ [ [ -74.575898618422514, 45.875867678379478 ], [ -74.582321840186879, 45.878489570782861 ], [ -74.582282901065355, 45.883685892418619 ], [ -74.575819538937466, 45.886260313094702 ], [ -74.569395732827815, 45.883638056663592 ], [ -74.569435873187658, 45.878441743649617 ], [ -74.575898618422514, 45.875867678379478 ] ] ] } },
{ "type": "Feature", "properties": { "hex_id": 570849, "centroid_lon": -73.611704899382062, "centroid_lat": 45.26539467410025, "occurrences_today": 7, "datetimes_today": "2026-07-24 05:33:06, 2026-07-24 05:46:52, 2026-07-24 06:18:29, 2026-07-24 06:31:43, 2026-07-24 06:47:25, 2026-07-24 07:16:53, 2026-07-24 07:31:42", "cumulative_total": 150.0 }, "geometry": { "type": "Polygon", "coordinates": [ [ [ -73.611831544434537, 45.260199177147818 ], [ -73.61813951238139, 45.262874203757193 ], [ -73.61801343095091, 45.268069712119939 ], [ -73.611578219842201, 45.270590166028171 ], [ -73.605269722766465, 45.267914773893018 ], [ -73.605396965916825, 45.262719293439361 ], [ -73.611831544434537, 45.260199177147818 ] ] ] } },
{ "type": "Feature", "properties": { "hex_id": 607480, "centroid_lon": -73.228977213960235, "centroid_lat": 45.275691083980675, "occurrences_today": 3, "datetimes_today": "2026-07-24 12:02:19, 2026-07-24 12:19:32, 2026-07-24 12:32:06", "cumulative_total": 43.0 }, "geometry": { "type": "Polygon", "coordinates": [ [ [ -73.229138820858992, 45.270496554914523 ], [ -73.235429289066801, 45.273192461990803 ], [ -73.235268240917833, 45.278387006226772 ], [ -73.228815563056244, 45.280885607849655 ], [ -73.222524580111212, 45.278189331599528 ], [ -73.222686789750313, 45.272994822964257 ], [ -73.229138820858992, 45.270496554914523 ] ] ] } },
{ "type": "Feature", "properties": { "hex_id": 860342, "centroid_lon": -70.450430327456488, "centroid_lat": 46.991642734053521, "occurrences_today": 13, "datetimes_today": "2026-07-24 20:02:36, 2026-07-24 20:31:41, 2026-07-24 20:47:09, 2026-07-24 21:02:52, 2026-07-24 21:31:53, 2026-07-24 21:47:22, 2026-07-24 22:02:06, 2026-07-24 22:31:39, 2026-07-24 22:46:42, 2026-07-24 23:01:38, 2026-07-24 23:17:39, 2026-07-24 23:32:04, 2026-07-24 23:47:06", "cumulative_total": 150.0 }, "geometry": { "type": "Polygon", "coordinates": [ [ [ -70.450870692954865, 46.986463677983529 ], [ -70.457205215864491, 46.989313981190378 ], [ -70.456765418490946, 46.994493080271887 ], [ -70.44998983973106, 46.996821782253924 ], [ -70.443654870944883, 46.993971063830379 ], [ -70.444095926752667, 46.988792058708128 ], [ -70.450870692954865, 46.986463677983529 ] ] ] } },
{ "type": "Feature", "properties": { "hex_id": 860952, "centroid_lon": -70.444536860181614, "centroid_lat": 46.983613045707848, "occurrences_today": 13, "datetimes_today": "2026-07-24 20:02:36, 2026-07-24 20:31:41, 2026-07-24 20:47:09, 2026-07-24 21:02:52, 2026-07-24 21:31:53, 2026-07-24 21:47:22, 2026-07-24 22:02:06, 2026-07-24 22:31:39, 2026-07-24 22:46:42, 2026-07-24 23:01:38, 2026-07-24 23:17:39, 2026-07-24 23:32:04, 2026-07-24 23:47:06", "cumulative_total": 136.0 }, "geometry": { "type": "Polygon", "coordinates": [ [ [ -70.444977671274245, 46.978434024830698 ], [ -70.451310936268683, 46.981284614045073 ], [ -70.450870692954865, 46.986463677983529 ], [ -70.444095926752667, 46.988792058708128 ], [ -70.437762216336992, 46.985941054342852 ], [ -70.438203717502262, 46.980762084470463 ], [ -70.444977671274245, 46.978434024830698 ] ] ] } },
{ "type": "Feature", "properties": { "hex_id": 860953, "centroid_lon": -70.44321369271573, "centroid_lat": 46.9991500610735, "occurrences_today": 13, "datetimes_today": "2026-07-24 20:02:36, 2026-07-24 20:31:41, 2026-07-24 20:47:09, 2026-07-24 21:02:52, 2026-07-24 21:31:53, 2026-07-24 21:47:22, 2026-07-24 22:02:06, 2026-07-24 22:31:39, 2026-07-24 22:46:42, 2026-07-24 23:01:38, 2026-07-24 23:17:39, 2026-07-24 23:32:04, 2026-07-24 23:47:06", "cumulative_total": 136.0 }, "geometry": { "type": "Polygon", "coordinates": [ [ [ -70.443654870944883, 46.993971063830379 ], [ -70.44998983973106, 46.996821782253924 ], [ -70.449549229736121, 47.002000822583639 ], [ -70.442772392022647, 47.004329050436382 ], [ -70.436436977487446, 47.001477916636809 ], [ -70.436878846372181, 46.996298970427148 ], [ -70.443654870944883, 46.993971063830379 ] ] ] } },
{ "type": "Feature", "properties": { "hex_id": 861562, "centroid_lon": -70.438645096179528, "centroid_lat": 46.97558310671274, "occurrences_today": 13, "datetimes_today": "2026-07-24 20:02:36, 2026-07-24 20:31:41, 2026-07-24 20:47:09, 2026-07-24 21:02:52, 2026-07-24 21:31:53, 2026-07-24 21:47:22, 2026-07-24 22:02:06, 2026-07-24 22:31:39, 2026-07-24 22:46:42, 2026-07-24 23:01:38, 2026-07-24 23:17:39, 2026-07-24 23:32:04, 2026-07-24 23:47:06", "cumulative_total": 136.0 }, "geometry": { "type": "Polygon", "coordinates": [ [ [ -70.439086352411351, 46.970404121070793 ], [ -70.445418360073063, 46.973254996077756 ], [ -70.444977671274245, 46.978434024830698 ], [ -70.438203717502262, 46.980762084470463 ], [ -70.43187126487426, 46.977910794378424 ], [ -70.432313210941999, 46.972731859798273 ], [ -70.439086352411351, 46.970404121070793 ] ] ] } },
{ "type": "Feature", "properties": { "hex_id": 861563, "centroid_lon": -70.437320592641157, "centroid_lat": 46.991120016328786, "occurrences_today": 13, "datetimes_today": "2026-07-24 20:02:36, 2026-07-24 20:31:41, 2026-07-24 20:47:09, 2026-07-24 21:02:52, 2026-07-24 21:31:53, 2026-07-24 21:47:22, 2026-07-24 22:02:06, 2026-07-24 22:31:39, 2026-07-24 22:46:42, 2026-07-24 23:01:38, 2026-07-24 23:17:39, 2026-07-24 23:32:04, 2026-07-24 23:47:06", "cumulative_total": 136.0 }, "geometry": { "type": "Polygon", "coordinates": [ [ [ -70.437762216336992, 46.985941054342852 ], [ -70.444095926752667, 46.988792058708128 ], [ -70.443654870944883, 46.993971063830379 ], [ -70.436878846372181, 46.996298970427148 ], [ -70.430544690662884, 46.993447550751689 ], [ -70.430987004777322, 46.988268639856258 ], [ -70.437762216336992, 46.985941054342852 ] ] ] } },
{ "type": "Feature", "properties": { "hex_id": 861564, "centroid_lon": -70.435994985944333, "centroid_lat": 47.006656854956667, "occurrences_today": 13, "datetimes_today": "2026-07-24 20:02:36, 2026-07-24 20:31:41, 2026-07-24 20:47:09, 2026-07-24 21:02:52, 2026-07-24 21:31:53, 2026-07-24 21:47:22, 2026-07-24 22:02:06, 2026-07-24 22:31:39, 2026-07-24 22:46:42, 2026-07-24 23:01:38, 2026-07-24 23:17:39, 2026-07-24 23:32:04, 2026-07-24 23:47:06", "cumulative_total": 133.0 }, "geometry": { "type": "Polygon", "coordinates": [ [ [ -70.436436977487446, 47.001477916636809 ], [ -70.442772392022647, 47.004329050436382 ], [ -70.442330968823057, 47.00950803191791 ], [ -70.43555287170021, 47.011835785385585 ], [ -70.429217011543841, 47.008984236050587 ], [ -70.429659694088841, 47.00380534884998 ], [ -70.436436977487446, 47.001477916636809 ] ] ] } },
{ "type": "Feature", "properties": { "hex_id": 862172, "centroid_lon": -70.43275503441275, "centroid_lat": 46.967552917325442, "occurrences_today": 13, "datetimes_today": "2026-07-24 20:02:36, 2026-07-24 20:31:41, 2026-07-24 20:47:09, 2026-07-24 21:02:52, 2026-07-24 21:31:53, 2026-07-24 21:47:22, 2026-07-24 22:02:06, 2026-07-24 22:31:39, 2026-07-24 22:46:42, 2026-07-24 23:01:38, 2026-07-24 23:17:39, 2026-07-24 23:32:04, 2026-07-24 23:47:06", "cumulative_total": 136.0 }, "geometry": { "type": "Polygon", "coordinates": [ [ [ -70.433196735329034, 46.962373966961096 ], [ -70.439527486240237, 46.96522512754575 ], [ -70.439086352411351, 46.970404121070793 ], [ -70.432313210941999, 46.972731859798273 ], [ -70.425982015519125, 46.969880284194346 ], [ -70.426424406034684, 46.964701384948761 ], [ -70.433196735329034, 46.962373966961096 ] ] ] } },
{ "type": "Feature", "properties": { "hex_id": 862173, "centroid_lon": -70.431429196166903, "centroid_lat": 46.983089721064786, "occurrences_today": 13, "datetimes_today": "2026-07-24 20:02:36, 2026-07-24 20:31:41, 2026-07-24 20:47:09, 2026-07-24 21:02:52, 2026-07-24 21:31:53, 2026-07-24 21:47:22, 2026-07-24 22:02:06, 2026-07-24 22:31:39, 2026-07-24 22:46:42, 2026-07-24 23:01:38, 2026-07-24 23:17:39, 2026-07-24 23:32:04, 2026-07-24 23:47:06", "cumulative_total": 148.0 }, "geometry": { "type": "Polygon", "coordinates": [ [ [ -70.43187126487426, 46.977910794378424 ], [ -70.438203717502262, 46.980762084470463 ], [ -70.437762216336992, 46.985941054342852 ], [ -70.430987004777322, 46.988268639856258 ], [ -70.424654107310772, 46.985416934519925 ], [ -70.425096866199794, 46.980238058981051 ], [ -70.43187126487426, 46.977910794378424 ] ] ] } },
{ "type": "Feature", "properties": { "hex_id": 862174, "centroid_lon": -70.430102253780959, "centroid_lat": 46.998626453749964, "occurrences_today": 13, "datetimes_today": "2026-07-24 20:02:36, 2026-07-24 20:31:41, 2026-07-24 20:47:09, 2026-07-24 21:02:52, 2026-07-24 21:31:53, 2026-07-24 21:47:22, 2026-07-24 22:02:06, 2026-07-24 22:31:39, 2026-07-24 22:46:42, 2026-07-24 23:01:38, 2026-07-24 23:17:39, 2026-07-24 23:32:04, 2026-07-24 23:47:06", "cumulative_total": 136.0 }, "geometry": { "type": "Polygon", "coordinates": [ [ [ -70.430544690662884, 46.993447550751689 ], [ -70.436878846372181, 46.996298970427148 ], [ -70.436436977487446, 47.001477916636809 ], [ -70.429659694088841, 47.00380534884998 ], [ -70.423325093213876, 47.000953513705049 ], [ -70.423768220860524, 46.995774661883054 ], [ -70.430544690662884, 46.993447550751689 ] ] ] } },
{ "type": "Feature", "properties": { "hex_id": 862176, "centroid_lon": -70.427445051980399, "centroid_lat": 47.029699705836634, "occurrences_today": 13, "datetimes_today": "2026-07-24 20:02:36, 2026-07-24 20:31:41, 2026-07-24 20:47:09, 2026-07-24 21:02:52, 2026-07-24 21:31:53, 2026-07-24 21:47:22, 2026-07-24 22:02:06, 2026-07-24 22:31:39, 2026-07-24 22:46:42, 2026-07-24 23:01:38, 2026-07-24 23:17:39, 2026-07-24 23:32:04, 2026-07-24 23:47:06", "cumulative_total": 83.0 }, "geometry": { "type": "Polygon", "coordinates": [ [ [ -70.427888226364288, 47.024520850244834 ], [ -70.434225792334871, 47.027372529315578 ], [ -70.433783186859742, 47.032551428169576 ], [ -70.427001754529826, 47.034878553523406 ], [ -70.420663742738554, 47.032026458532421 ], [ -70.421107609055085, 47.026847654174524 ], [ -70.427888226364288, 47.024520850244834 ] ] ] } },
{ "type": "Feature", "properties": { "hex_id": 862782, "centroid_lon": -70.426866673844387, "centroid_lat": 46.959522477803162, "occurrences_today": 13, "datetimes_today": "2026-07-24 20:02:36, 2026-07-24 20:31:41, 2026-07-24 20:47:09, 2026-07-24 21:02:52, 2026-07-24 21:31:53, 2026-07-24 21:47:22, 2026-07-24 22:02:06, 2026-07-24 22:31:39, 2026-07-24 22:46:42, 2026-07-24 23:01:38, 2026-07-24 23:17:39, 2026-07-24 23:32:04, 2026-07-24 23:47:06", "cumulative_total": 142.0 }, "geometry": { "type": "Polygon", "coordinates": [ [ [ -70.427308818990795, 46.954343562758709 ], [ -70.433638313733439, 46.9571950087063 ], [ -70.433196735329034, 46.962373966961096 ], [ -70.426424406034684, 46.964701384948761 ], [ -70.42009446723462, 46.961849524047743 ], [ -70.420537301743721, 46.956670660179 ], [ -70.427308818990795, 46.954343562758709 ] ] ] } },
{ "type": "Feature", "properties": { "hex_id": 862783, "centroid_lon": -70.425539502255035, "centroid_lat": 46.975059175538817, "occurrences_today": 13, "datetimes_today": "2026-07-24 20:02:36, 2026-07-24 20:31:41, 2026-07-24 20:47:09, 2026-07-24 21:02:52, 2026-07-24 21:31:53, 2026-07-24 21:47:22, 2026-07-24 22:02:06, 2026-07-24 22:31:39, 2026-07-24 22:46:42, 2026-07-24 23:01:38, 2026-07-24 23:17:39, 2026-07-24 23:32:04, 2026-07-24 23:47:06", "cumulative_total": 148.0 }, "geometry": { "type": "Polygon", "coordinates": [ [ [ -70.425982015519125, 46.969880284194346 ], [ -70.432313210941999, 46.972731859798273 ], [ -70.43187126487426, 46.977910794378424 ], [ -70.425096866199794, 46.980238058981051 ], [ -70.418765226393049, 46.97738606819874 ], [ -70.419208429601966, 46.972207228058735 ], [ -70.425982015519125, 46.969880284194346 ] ] ] } },
{ "type": "Feature", "properties": { "hex_id": 862784, "centroid_lon": -70.424211225545235, "centroid_lat": 46.990595802154289, "occurrences_today": 13, "datetimes_today": "2026-07-24 20:02:36, 2026-07-24 20:31:41, 2026-07-24 20:47:09, 2026-07-24 21:02:52, 2026-07-24 21:31:53, 2026-07-24 21:47:22, 2026-07-24 22:02:06, 2026-07-24 22:31:39, 2026-07-24 22:46:42, 2026-07-24 23:01:38, 2026-07-24 23:17:39, 2026-07-24 23:32:04, 2026-07-24 23:47:06", "cumulative_total": 148.0 }, "geometry": { "type": "Polygon", "coordinates": [ [ [ -70.424654107310772, 46.985416934519925 ], [ -70.430987004777322, 46.988268639856258 ], [ -70.430544690662884, 46.993447550751689 ], [ -70.423768220860524, 46.995774661883054 ], [ -70.417434878683423, 46.99292254114318 ], [ -70.417878450976531, 46.987743724742089 ], [ -70.424654107310772, 46.985416934519925 ] ] ] } },
{ "type": "Feature", "properties": { "hex_id": 862785, "centroid_lon": -70.422881842562575, "centroid_lat": 47.006132357619187, "occurrences_today": 13, "datetimes_today": "2026-07-24 20:02:36, 2026-07-24 20:31:41, 2026-07-24 20:47:09, 2026-07-24 21:02:52, 2026-07-24 21:31:53, 2026-07-24 21:47:22, 2026-07-24 22:02:06, 2026-07-24 22:31:39, 2026-07-24 22:46:42, 2026-07-24 23:01:38, 2026-07-24 23:17:39, 2026-07-24 23:32:04, 2026-07-24 23:47:06", "cumulative_total": 133.0 }, "geometry": { "type": "Polygon", "coordinates": [ [ [ -70.423325093213876, 47.000953513705049 ], [ -70.429659694088841, 47.00380534884998 ], [ -70.429217011543841, 47.008984236050587 ], [ -70.422438468863845, 47.011311193624337 ], [ -70.416103422951394, 47.008458942850609 ], [ -70.416547364713651, 47.00328015019857 ], [ -70.423325093213876, 47.000953513705049 ] ] ] } },
{ "type": "Feature", "properties": { "hex_id": 862786, "centroid_lon": -70.421551352152903, "centroid_lat": 47.021668841903121, "occurrences_today": 13, "datetimes_today": "2026-07-24 20:02:36, 2026-07-24 20:31:41, 2026-07-24 20:47:09, 2026-07-24 21:02:52, 2026-07-24 21:31:53, 2026-07-24 21:47:22, 2026-07-24 22:02:06, 2026-07-24 22:31:39, 2026-07-24 22:46:42, 2026-07-24 23:01:38, 2026-07-24 23:17:39, 2026-07-24 23:32:04, 2026-07-24 23:47:06", "cumulative_total": 46.0 }, "geometry": { "type": "Polygon", "coordinates": [ [ [ -70.421994972074884, 47.016490021719349 ], [ -70.428331277724311, 47.019341986749133 ], [ -70.427888226364288, 47.024520850244834 ], [ -70.421107609055085, 47.026847654174524 ], [ -70.414770858040967, 47.023995273290538 ], [ -70.415215169657912, 47.018816504397719 ], [ -70.421994972074884, 47.016490021719349 ] ] ] } },
{ "type": "Feature", "properties": { "hex_id": 863394, "centroid_lon": -70.418321900198819, "centroid_lat": 46.98256490042688, "occurrences_today": 13, "datetimes_today": "2026-07-24 20:02:36, 2026-07-24 20:31:41, 2026-07-24 20:47:09, 2026-07-24 21:02:52, 2026-07-24 21:31:53, 2026-07-24 21:47:22, 2026-07-24 22:02:06, 2026-07-24 22:31:39, 2026-07-24 22:46:42, 2026-07-24 23:01:38, 2026-07-24 23:17:39, 2026-07-24 23:32:04, 2026-07-24 23:47:06", "cumulative_total": 148.0 }, "geometry": { "type": "Polygon", "coordinates": [ [ [ -70.418765226393049, 46.97738606819874 ], [ -70.425096866199794, 46.980238058981051 ], [ -70.424654107310772, 46.985416934519925 ], [ -70.417878450976531, 46.987743724742089 ], [ -70.41154636691401, 46.984891318622196 ], [ -70.411990383398759, 46.979712537684286 ], [ -70.418765226393049, 46.97738606819874 ] ] ] } },
{ "type": "Feature", "properties": { "hex_id": 863395, "centroid_lon": -70.416991183276721, "centroid_lat": 46.998101349629039, "occurrences_today": 13, "datetimes_today": "2026-07-24 20:02:36, 2026-07-24 20:31:41, 2026-07-24 20:47:09, 2026-07-24 21:02:52, 2026-07-24 21:31:53, 2026-07-24 21:47:22, 2026-07-24 22:02:06, 2026-07-24 22:31:39, 2026-07-24 22:46:42, 2026-07-24 23:01:38, 2026-07-24 23:17:39, 2026-07-24 23:32:04, 2026-07-24 23:47:06", "cumulative_total": 133.0 }, "geometry": { "type": "Polygon", "coordinates": [ [ [ -70.417434878683423, 46.99292254114318 ], [ -70.423768220860524, 46.995774661883054 ], [ -70.423325093213876, 47.000953513705049 ], [ -70.416547364713651, 47.00328015019857 ], [ -70.410213577954281, 47.00042761389593 ], [ -70.410657964234602, 46.995248856729155 ], [ -70.417434878683423, 46.99292254114318 ] ] ] } },
{ "type": "Feature", "properties": { "hex_id": 863396, "centroid_lon": -70.415659357947092, "centroid_lat": 47.01363772758404, "occurrences_today": 13, "datetimes_today": "2026-07-24 20:02:36, 2026-07-24 20:31:41, 2026-07-24 20:47:09, 2026-07-24 21:02:52, 2026-07-24 21:31:53, 2026-07-24 21:47:22, 2026-07-24 22:02:06, 2026-07-24 22:31:39, 2026-07-24 22:46:42, 2026-07-24 23:01:38, 2026-07-24 23:17:39, 2026-07-24 23:32:04, 2026-07-24 23:47:06", "cumulative_total": 133.0 }, "geometry": { "type": "Polygon", "coordinates": [ [ [ -70.416103422951394, 47.008458942850609 ], [ -70.422438468863845, 47.011311193624337 ], [ -70.421994972074884, 47.016490021719349 ], [ -70.415215169657912, 47.018816504397719 ], [ -70.408879678836442, 47.015963837835869 ], [ -70.409324435298103, 47.010785104450427 ], [ -70.416103422951394, 47.008458942850609 ] ] ] } },
{ "type": "Feature", "properties": { "hex_id": 863397, "centroid_lon": -70.414326423053367, "centroid_lat": 47.029174034261359, "occurrences_today": 13, "datetimes_today": "2026-07-24 20:02:36, 2026-07-24 20:31:41, 2026-07-24 20:47:09, 2026-07-24 21:02:52, 2026-07-24 21:31:53, 2026-07-24 21:47:22, 2026-07-24 22:02:06, 2026-07-24 22:31:39, 2026-07-24 22:46:42, 2026-07-24 23:01:38, 2026-07-24 23:17:39, 2026-07-24 23:32:04, 2026-07-24 23:47:06", "cumulative_total": 46.0 }, "geometry": { "type": "Polygon", "coordinates": [ [ [ -70.414770858040967, 47.023995273290538 ], [ -70.421107609055085, 47.026847654174524 ], [ -70.420663742738554, 47.032026458532421 ], [ -70.413881864652197, 47.034352787309025 ], [ -70.407544668402053, 47.031499990411419 ], [ -70.407989795431376, 47.026321280817506 ], [ -70.414770858040967, 47.023995273290538 ] ] ] } },
{ "type": "Feature", "properties": { "hex_id": 864003, "centroid_lon": -70.413765217969882, "centroid_lat": 46.958997334729439, "occurrences_today": 13, "datetimes_today": "2026-07-24 20:02:36, 2026-07-24 20:31:41, 2026-07-24 20:47:09, 2026-07-24 21:02:52, 2026-07-24 21:31:53, 2026-07-24 21:47:22, 2026-07-24 22:02:06, 2026-07-24 22:31:39, 2026-07-24 22:46:42, 2026-07-24 23:01:38, 2026-07-24 23:17:39, 2026-07-24 23:32:04, 2026-07-24 23:47:06", "cumulative_total": 148.0 }, "geometry": { "type": "Polygon", "coordinates": [ [ [ -70.414208618984446, 46.953818514195589 ], [ -70.420537301743721, 46.956670660179 ], [ -70.42009446723462, 46.961849524047743 ], [ -70.41332169394677, 46.964176147346372 ], [ -70.406992567711953, 46.961323586316389 ], [ -70.40743665819781, 46.956144817100864 ], [ -70.414208618984446, 46.953818514195589 ] ] ] } },
{ "type": "Feature", "properties": { "hex_id": 864004, "centroid_lon": -70.412434276703948, "centroid_lat": 46.974533748824911, "occurrences_today": 13, "datetimes_today": "2026-07-24 20:02:36, 2026-07-24 20:31:41, 2026-07-24 20:47:09, 2026-07-24 21:02:52, 2026-07-24 21:31:53, 2026-07-24 21:47:22, 2026-07-24 22:02:06, 2026-07-24 22:31:39, 2026-07-24 22:46:42, 2026-07-24 23:01:38, 2026-07-24 23:17:39, 2026-07-24 23:32:04, 2026-07-24 23:47:06", "cumulative_total": 148.0 }, "geometry": { "type": "Polygon", "coordinates": [ [ [ -70.412878046872365, 46.969354952045236 ], [ -70.419208429601966, 46.972207228058735 ], [ -70.418765226393049, 46.97738606819874 ], [ -70.411990383398759, 46.979712537684286 ], [ -70.405659556867818, 46.976859846399194 ], [ -70.406104017089746, 46.971681100966684 ], [ -70.412878046872365, 46.969354952045236 ] ] ] } },
{ "type": "Feature", "properties": { "hex_id": 864005, "centroid_lon": -70.411102227206896, "centroid_lat": 46.990070091637534, "occurrences_today": 13, "datetimes_today": "2026-07-24 20:02:36, 2026-07-24 20:31:41, 2026-07-24 20:47:09, 2026-07-24 21:02:52, 2026-07-24 21:31:53, 2026-07-24 21:47:22, 2026-07-24 22:02:06, 2026-07-24 22:31:39, 2026-07-24 22:46:42, 2026-07-24 23:01:38, 2026-07-24 23:17:39, 2026-07-24 23:32:04, 2026-07-24 23:47:06", "cumulative_total": 133.0 }, "geometry": { "type": "Polygon", "coordinates": [ [ [ -70.41154636691401, 46.984891318622196 ], [ -70.417878450976531, 46.987743724742089 ], [ -70.417434878683423, 46.99292254114318 ], [ -70.410657964234602, 46.995248856729155 ], [ -70.404325436044672, 46.99239603511252 ], [ -70.404770266388141, 46.987217313473245 ], [ -70.41154636691401, 46.984891318622196 ] ] ] } },
{ "type": "Feature", "properties": { "hex_id": 864006, "centroid_lon": -70.409769068323072, "centroid_lat": 47.005606363136728, "occurrences_today": 13, "datetimes_today": "2026-07-24 20:02:36, 2026-07-24 20:31:41, 2026-07-24 20:47:09, 2026-07-24 21:02:52, 2026-07-24 21:31:53, 2026-07-24 21:47:22, 2026-07-24 22:02:06, 2026-07-24 22:31:39, 2026-07-24 22:46:42, 2026-07-24 23:01:38, 2026-07-24 23:17:39, 2026-07-24 23:32:04, 2026-07-24 23:47:06", "cumulative_total": 133.0 }, "geometry": { "type": "Polygon", "coordinates": [ [ [ -70.410213577954281, 47.00042761389593 ], [ -70.416547364713651, 47.00328015019857 ], [ -70.416103422951394, 47.008458942850609 ], [ -70.409324435298103, 47.010785104450427 ], [ -70.402990204085, 47.007932152425738 ], [ -70.403435404936033, 47.002753454589907 ], [ -70.410213577954281, 47.00042761389593 ] ] ] } },
{ "type": "Feature", "properties": { "hex_id": 864007, "centroid_lon": -70.408434798895186, "centroid_lat": 47.021142563291939, "occurrences_today": 13, "datetimes_today": "2026-07-24 20:02:36, 2026-07-24 20:31:41, 2026-07-24 20:47:09, 2026-07-24 21:02:52, 2026-07-24 21:31:53, 2026-07-24 21:47:22, 2026-07-24 22:02:06, 2026-07-24 22:31:39, 2026-07-24 22:46:42, 2026-07-24 23:01:38, 2026-07-24 23:17:39, 2026-07-24 23:32:04, 2026-07-24 23:47:06", "cumulative_total": 163.0 }, "geometry": { "type": "Polygon", "coordinates": [ [ [ -70.408879678836442, 47.015963837835869 ], [ -70.415215169657912, 47.018816504397719 ], [ -70.414770858040967, 47.023995273290538 ], [ -70.407989795431376, 47.026321280817506 ], [ -70.401653859829622, 47.023468198308159 ], [ -70.402099431574783, 47.018289524286004 ], [ -70.408879678836442, 47.015963837835869 ] ] ] } },
{ "type": "Feature", "properties": { "hex_id": 864008, "centroid_lon": -70.407099417764229, "centroid_lat": 47.036678692072542, "occurrences_today": 13, "datetimes_today": "2026-07-24 20:02:36, 2026-07-24 20:31:41, 2026-07-24 20:47:09, 2026-07-24 21:02:52, 2026-07-24 21:31:53, 2026-07-24 21:47:22, 2026-07-24 22:02:06, 2026-07-24 22:31:39, 2026-07-24 22:46:42, 2026-07-24 23:01:38, 2026-07-24 23:17:39, 2026-07-24 23:32:04, 2026-07-24 23:47:06", "cumulative_total": 112.0 }, "geometry": { "type": "Polygon", "coordinates": [ [ [ -70.407544668402053, 47.031499990411419 ], [ -70.413881864652197, 47.034352787309025 ], [ -70.413437182794496, 47.039531532432427 ], [ -70.406654043474887, 47.041857385799759 ], [ -70.400316402117625, 47.039004172729058 ], [ -70.400762345144102, 47.033825522530826 ], [ -70.407544668402053, 47.031499990411419 ] ] ] } },
{ "type": "Feature", "properties": { "hex_id": 864613, "centroid_lon": -70.407880625523887, "centroid_lat": 46.950966039959916, "occurrences_today": 13, "datetimes_today": "2026-07-24 20:02:36, 2026-07-24 20:31:41, 2026-07-24 20:47:09, 2026-07-24 21:02:52, 2026-07-24 21:31:53, 2026-07-24 21:47:22, 2026-07-24 22:02:06, 2026-07-24 22:31:39, 2026-07-24 22:46:42, 2026-07-24 23:01:38, 2026-07-24 23:17:39, 2026-07-24 23:32:04, 2026-07-24 23:47:06", "cumulative_total": 148.0 }, "geometry": { "type": "Polygon", "coordinates": [ [ [ -70.408324469732904, 46.945787254894704 ], [ -70.414651897033139, 46.948639685745931 ], [ -70.414208618984446, 46.953818514195589 ], [ -70.40743665819781, 46.956144817100864 ], [ -70.401108787875671, 46.953291971269017 ], [ -70.401553321319327, 46.948113237579015 ], [ -70.408324469732904, 46.945787254894704 ] ] ] } },
{ "type": "Feature", "properties": { "hex_id": 864614, "centroid_lon": -70.406548354023514, "centroid_lat": 46.96650234760537, "occurrences_today": 13, "datetimes_today": "2026-07-24 20:02:36, 2026-07-24 20:31:41, 2026-07-24 20:47:09, 2026-07-24 21:02:52, 2026-07-24 21:31:53, 2026-07-24 21:47:22, 2026-07-24 22:02:06, 2026-07-24 22:31:39, 2026-07-24 22:46:42, 2026-07-24 23:01:38, 2026-07-24 23:17:39, 2026-07-24 23:32:04, 2026-07-24 23:47:06", "cumulative_total": 148.0 }, "geometry": { "type": "Polygon", "coordinates": [ [ [ -70.406992567711953, 46.961323586316389 ], [ -70.41332169394677, 46.964176147346372 ], [ -70.412878046872365, 46.969354952045236 ], [ -70.406104017089746, 46.971681100966684 ], [ -70.399774447507653, 46.968828124731111 ], [ -70.400219351012652, 46.963649414846209 ], [ -70.406992567711953, 46.961323586316389 ] ] ] } },
{ "type": "Feature", "properties": { "hex_id": 864615, "centroid_lon": -70.405214973314898, "centroid_lat": 46.98203858390174, "occurrences_today": 13, "datetimes_today": "2026-07-24 20:02:36, 2026-07-24 20:31:41, 2026-07-24 20:47:09, 2026-07-24 21:02:52, 2026-07-24 21:31:53, 2026-07-24 21:47:22, 2026-07-24 22:02:06, 2026-07-24 22:31:39, 2026-07-24 22:46:42, 2026-07-24 23:01:38, 2026-07-24 23:17:39, 2026-07-24 23:32:04, 2026-07-24 23:47:06", "cumulative_total": 133.0 }, "geometry": { "type": "Polygon", "coordinates": [ [ [ -70.405659556867818, 46.976859846399194 ], [ -70.411990383398759, 46.979712537684286 ], [ -70.41154636691401, 46.984891318622196 ], [ -70.404770266388141, 46.987217313473245 ], [ -70.398438996184296, 46.984364206757462 ], [ -70.398884270136364, 46.979185520687871 ], [ -70.405659556867818, 46.976859846399194 ] ] ] } },
{ "type": "Feature", "properties": { "hex_id": 864616, "centroid_lon": -70.403880482241604, "centroid_lat": 46.997574748818451, "occurrences_today": 13, "datetimes_today": "2026-07-24 20:02:36, 2026-07-24 20:31:41, 2026-07-24 20:47:09, 2026-07-24 21:02:52, 2026-07-24 21:31:53, 2026-07-24 21:47:22, 2026-07-24 22:02:06, 2026-07-24 22:31:39, 2026-07-24 22:46:42, 2026-07-24 23:01:38, 2026-07-24 23:17:39, 2026-07-24 23:32:04, 2026-07-24 23:47:06", "cumulative_total": 133.0 }, "geometry": { "type": "Polygon", "coordinates": [ [ [ -70.404325436044672, 46.99239603511252 ], [ -70.410657964234602, 46.995248856729155 ], [ -70.410213577954281, 47.00042761389593 ], [ -70.403435404936033, 47.002753454589907 ], [ -70.397102432747332, 46.999900217317325 ], [ -70.397548077532718, 46.994721555073326 ], [ -70.404325436044672, 46.99239603511252 ] ] ] } },
{ "type": "Feature", "properties": { "hex_id": 864617, "centroid_lon": -70.402544879645575, "centroid_lat": 47.013110842324814, "occurrences_today": 13, "datetimes_today": "2026-07-24 20:02:36, 2026-07-24 20:31:41, 2026-07-24 20:47:09, 2026-07-24 21:02:52, 2026-07-24 21:31:53, 2026-07-24 21:47:22, 2026-07-24 22:02:06, 2026-07-24 22:31:39, 2026-07-24 22:46:42, 2026-07-24 23:01:38, 2026-07-24 23:17:39, 2026-07-24 23:32:04, 2026-07-24 23:47:06", "cumulative_total": 151.0 }, "geometry": { "type": "Polygon", "coordinates": [ [ [ -70.402990204085, 47.007932152425738 ], [ -70.409324435298103, 47.010785104450427 ], [ -70.408879678836442, 47.015963837835869 ], [ -70.402099431574783, 47.018289524286004 ], [ -70.395764756036797, 47.015436156379984 ], [ -70.396210772042366, 47.010257517971802 ], [ -70.402990204085, 47.007932152425738 ] ] ] } },
{ "type": "Feature", "properties": { "hex_id": 864618, "centroid_lon": -70.401208164367077, "centroid_lat": 47.028646864390147, "occurrences_today": 13, "datetimes_today": "2026-07-24 20:02:36, 2026-07-24 20:31:41, 2026-07-24 20:47:09, 2026-07-24 21:02:52, 2026-07-24 21:31:53, 2026-07-24 21:47:22, 2026-07-24 22:02:06, 2026-07-24 22:31:39, 2026-07-24 22:46:42, 2026-07-24 23:01:38, 2026-07-24 23:17:39, 2026-07-24 23:32:04, 2026-07-24 23:47:06", "cumulative_total": 133.0 }, "geometry": { "type": "Polygon", "coordinates": [ [ [ -70.401653859829622, 47.023468198308159 ], [ -70.407989795431376, 47.026321280817506 ], [ -70.407544668402053, 47.031499990411419 ], [ -70.400762345144102, 47.033825522530826 ], [ -70.394425964891056, 47.030972023914629 ], [ -70.394872352504208, 47.025793409352531 ], [ -70.401653859829622, 47.023468198308159 ] ] ] } },
{ "type": "Feature", "properties": { "hex_id": 864619, "centroid_lon": -70.399870335244614, "centroid_lat": 47.044182814983735, "occurrences_today": 13, "datetimes_today": "2026-07-24 20:02:36, 2026-07-24 20:31:41, 2026-07-24 20:47:09, 2026-07-24 21:02:52, 2026-07-24 21:31:53, 2026-07-24 21:47:22, 2026-07-24 22:02:06, 2026-07-24 22:31:39, 2026-07-24 22:46:42, 2026-07-24 23:01:38, 2026-07-24 23:17:39, 2026-07-24 23:32:04, 2026-07-24 23:47:06", "cumulative_total": 46.0 }, "geometry": { "type": "Polygon", "coordinates": [ [ [ -70.400316402117625, 47.039004172729058 ], [ -70.406654043474887, 47.041857385799759 ], [ -70.406208545490998, 47.047036071591926 ], [ -70.399424144481941, 47.04936144929367 ], [ -70.393086058146793, 47.046507819890451 ], [ -70.393532817755471, 47.041329229184726 ], [ -70.400316402117625, 47.039004172729058 ] ] ] } },
{ "type": "Feature", "properties": { "hex_id": 865223, "centroid_lon": -70.401997731494816, "centroid_lat": 46.942934495956258, "occurrences_today": 13, "datetimes_today": "2026-07-24 20:02:36, 2026-07-24 20:31:41, 2026-07-24 20:47:09, 2026-07-24 21:02:52, 2026-07-24 21:31:53, 2026-07-24 21:47:22, 2026-07-24 22:02:06, 2026-07-24 22:31:39, 2026-07-24 22:46:42, 2026-07-24 23:01:38, 2026-07-24 23:17:39, 2026-07-24 23:32:04, 2026-07-24 23:47:06", "cumulative_total": 142.0 }, "geometry": { "type": "Polygon", "coordinates": [ [ [ -70.402442018444916, 46.937755746401862 ], [ -70.40876819086759, 46.940608461906358 ], [ -70.408324469732904, 46.945787254894704 ], [ -70.401553321319327, 46.948113237579015 ], [ -70.395226706328003, 46.945260107159839 ], [ -70.395671682276131, 46.940081409037496 ], [ -70.402442018444916, 46.937755746401862 ] ] ] } },
{ "type": "Feature", "properties": { "hex_id": 865224, "centroid_lon": -70.400664131121047, "centroid_lat": 46.958470697025128, "occurrences_today": 13, "datetimes_today": "2026-07-24 20:02:36, 2026-07-24 20:31:41, 2026-07-24 20:47:09, 2026-07-24 21:02:52, 2026-07-24 21:31:53, 2026-07-24 21:47:22, 2026-07-24 22:02:06, 2026-07-24 22:31:39, 2026-07-24 22:46:42, 2026-07-24 23:01:38, 2026-07-24 23:17:39, 2026-07-24 23:32:04, 2026-07-24 23:47:06", "cumulative_total": 171.0 }, "geometry": { "type": "Polygon", "coordinates": [ [ [ -70.401108787875671, 46.953291971269017 ], [ -70.40743665819781, 46.956144817100864 ], [ -70.406992567711953, 46.961323586316389 ], [ -70.400219351012652, 46.963649414846209 ], [ -70.393891037796948, 46.960796153874782 ], [ -70.394336384131265, 46.955617479579615 ], [ -70.401108787875671, 46.953291971269017 ] ] ] } },
{ "type": "Feature", "properties": { "hex_id": 865225, "centroid_lon": -70.399329420563177, "centroid_lat": 46.974006826678703, "occurrences_today": 13, "datetimes_today": "2026-07-24 20:02:36, 2026-07-24 20:31:41, 2026-07-24 20:47:09, 2026-07-24 21:02:52, 2026-07-24 21:31:53, 2026-07-24 21:47:22, 2026-07-24 22:02:06, 2026-07-24 22:31:39, 2026-07-24 22:46:42, 2026-07-24 23:01:38, 2026-07-24 23:17:39, 2026-07-24 23:32:04, 2026-07-24 23:47:06", "cumulative_total": 133.0 }, "geometry": { "type": "Polygon", "coordinates": [ [ [ -70.399774447507653, 46.968828124731111 ], [ -70.406104017089746, 46.971681100966684 ], [ -70.405659556867818, 46.976859846399194 ], [ -70.398884270136364, 46.979185520687871 ], [ -70.392554257335519, 46.976332129087666 ], [ -70.392999974441992, 46.971153478629937 ], [ -70.399774447507653, 46.968828124731111 ] ] ] } },
{ "type": "Feature", "properties": { "hex_id": 865226, "centroid_lon": -70.397993598664073, "centroid_lat": 46.989542884886319, "occurrences_today": 13, "datetimes_today": "2026-07-24 20:02:36, 2026-07-24 20:31:41, 2026-07-24 20:47:09, 2026-07-24 21:02:52, 2026-07-24 21:31:53, 2026-07-24 21:47:22, 2026-07-24 22:02:06, 2026-07-24 22:31:39, 2026-07-24 22:46:42, 2026-07-24 23:01:38, 2026-07-24 23:17:39, 2026-07-24 23:32:04, 2026-07-24 23:47:06", "cumulative_total": 133.0 }, "geometry": { "type": "Polygon", "coordinates": [ [ [ -70.398438996184296, 46.984364206757462 ], [ -70.404770266388141, 46.987217313473245 ], [ -70.404325436044672, 46.99239603511252 ], [ -70.397548077532718, 46.994721555073326 ], [ -70.391216363784707, 46.991868032767691 ], [ -70.391662452049843, 46.986689406157673 ], [ -70.398438996184296, 46.984364206757462 ] ] ] } },
{ "type": "Feature", "properties": { "hex_id": 865227, "centroid_lon": -70.396656664264867, "centroid_lat": 47.005078871617208, "occurrences_today": 13, "datetimes_today": "2026-07-24 20:02:36, 2026-07-24 20:31:41, 2026-07-24 20:47:09, 2026-07-24 21:02:52, 2026-07-24 21:31:53, 2026-07-24 21:47:22, 2026-07-24 22:02:06, 2026-07-24 22:31:39, 2026-07-24 22:46:42, 2026-07-24 23:01:38, 2026-07-24 23:17:39, 2026-07-24 23:32:04, 2026-07-24 23:47:06", "cumulative_total": 133.0 }, "geometry": { "type": "Polygon", "coordinates": [ [ [ -70.397102432747332, 46.999900217317325 ], [ -70.403435404936033, 47.002753454589907 ], [ -70.402990204085, 47.007932152425738 ], [ -70.396210772042366, 47.010257517971802 ], [ -70.389877355983799, 47.007403864884047 ], [ -70.390323815794716, 47.002225262132022 ], [ -70.397102432747332, 46.999900217317325 ] ] ] } },
{ "type": "Feature", "properties": { "hex_id": 865228, "centroid_lon": -70.395318616205103, "centroid_lat": 47.020614786840611, "occurrences_today": 13, "datetimes_today": "2026-07-24 20:02:36, 2026-07-24 20:31:41, 2026-07-24 20:47:09, 2026-07-24 21:02:52, 2026-07-24 21:31:53, 2026-07-24 21:47:22, 2026-07-24 22:02:06, 2026-07-24 22:31:39, 2026-07-24 22:46:42, 2026-07-24 23:01:38, 2026-07-24 23:17:39, 2026-07-24 23:32:04, 2026-07-24 23:47:06", "cumulative_total": 136.0 }, "geometry": { "type": "Polygon", "coordinates": [ [ [ -70.395764756036797, 47.015436156379984 ], [ -70.402099431574783, 47.018289524286004 ], [ -70.401653859829622, 47.023468198308159 ], [ -70.394872352504208, 47.025793409352531 ], [ -70.388537232770403, 47.022939625405876 ], [ -70.388984064514744, 47.017761046522111 ], [ -70.395764756036797, 47.015436156379984 ] ] ] } },
{ "type": "Feature", "properties": { "hex_id": 865229, "centroid_lon": -70.393979453322515, "centroid_lat": 47.036150630525732, "occurrences_today": 13, "datetimes_today": "2026-07-24 20:02:36, 2026-07-24 20:31:41, 2026-07-24 20:47:09, 2026-07-24 21:02:52, 2026-07-24 21:31:53, 2026-07-24 21:47:22, 2026-07-24 22:02:06, 2026-07-24 22:31:39, 2026-07-24 22:46:42, 2026-07-24 23:01:38, 2026-07-24 23:17:39, 2026-07-24 23:32:04, 2026-07-24 23:47:06", "cumulative_total": 46.0 }, "geometry": { "type": "Polygon", "coordinates": [ [ [ -70.394425964891056, 47.030972023914629 ], [ -70.400762345144102, 47.033825522530826 ], [ -70.400316402117625, 47.039004172729058 ], [ -70.393532817755471, 47.041329229184726 ], [ -70.387195992980438, 47.038475314302254 ], [ -70.387643197046415, 47.03329675929708 ], [ -70.394425964891056, 47.030972023914629 ] ] ] } },
{ "type": "Feature", "properties": { "hex_id": 865230, "centroid_lon": -70.392639174453265, "centroid_lat": 47.051686402641764, "occurrences_today": 13, "datetimes_today": "2026-07-24 20:02:36, 2026-07-24 20:31:41, 2026-07-24 20:47:09, 2026-07-24 21:02:52, 2026-07-24 21:31:53, 2026-07-24 21:47:22, 2026-07-24 22:02:06, 2026-07-24 22:31:39, 2026-07-24 22:46:42, 2026-07-24 23:01:38, 2026-07-24 23:17:39, 2026-07-24 23:32:04, 2026-07-24 23:47:06", "cumulative_total": 46.0 }, "geometry": { "type": "Polygon", "coordinates": [ [ [ -70.393086058146793, 47.046507819890451 ], [ -70.399424144481941, 47.04936144929367 ], [ -70.398977829786475, 47.054540075657734 ], [ -70.392192166631716, 47.056864977437542 ], [ -70.385853635448115, 47.054010931542287 ], [ -70.386301212224524, 47.048832400426015 ], [ -70.393086058146793, 47.046507819890451 ] ] ] } },
{ "type": "Feature", "properties": { "hex_id": 865834, "centroid_lon": -70.394781606960663, "centroid_lat": 46.950438797340915, "occurrences_today": 13, "datetimes_today": "2026-07-24 20:02:36, 2026-07-24 20:31:41, 2026-07-24 20:47:09, 2026-07-24 21:02:52, 2026-07-24 21:31:53, 2026-07-24 21:47:22, 2026-07-24 22:02:06, 2026-07-24 22:31:39, 2026-07-24 22:46:42, 2026-07-24 23:01:38, 2026-07-24 23:17:39, 2026-07-24 23:32:04, 2026-07-24 23:47:06", "cumulative_total": 148.0 }, "geometry": { "type": "Polygon", "coordinates": [ [ [ -70.395226706328003, 46.945260107159839 ], [ -70.401553321319327, 46.948113237579015 ], [ -70.401108787875671, 46.953291971269017 ], [ -70.394336384131265, 46.955617479579615 ], [ -70.388009326699745, 46.952763934086867 ], [ -70.388455115409982, 46.947585295423565 ], [ -70.395226706328003, 46.945260107159839 ] ] ] } },
{ "type": "Feature", "properties": { "hex_id": 865835, "centroid_lon": -70.393445567914824, "centroid_lat": 46.965974820225263, "occurrences_today": 13, "datetimes_today": "2026-07-24 20:02:36, 2026-07-24 20:31:41, 2026-07-24 20:47:09, 2026-07-24 21:02:52, 2026-07-24 21:31:53, 2026-07-24 21:47:22, 2026-07-24 22:02:06, 2026-07-24 22:31:39, 2026-07-24 22:46:42, 2026-07-24 23:01:38, 2026-07-24 23:17:39, 2026-07-24 23:32:04, 2026-07-24 23:47:06", "cumulative_total": 133.0 }, "geometry": { "type": "Polygon", "coordinates": [ [ [ -70.393891037796948, 46.960796153874782 ], [ -70.400219351012652, 46.963649414846209 ], [ -70.399774447507653, 46.968828124731111 ], [ -70.392999974441992, 46.971153478629937 ], [ -70.386671218461331, 46.96829980235993 ], [ -70.387117378268371, 46.963121187556197 ], [ -70.393891037796948, 46.960796153874782 ] ] ] } },
{ "type": "Feature", "properties": { "hex_id": 865836, "centroid_lon": -70.39210841655246, "centroid_lat": 46.981510771597272, "occurrences_today": 13, "datetimes_today": "2026-07-24 20:02:36, 2026-07-24 20:31:41, 2026-07-24 20:47:09, 2026-07-24 21:02:52, 2026-07-24 21:31:53, 2026-07-24 21:47:22, 2026-07-24 22:02:06, 2026-07-24 22:31:39, 2026-07-24 22:46:42, 2026-07-24 23:01:38, 2026-07-24 23:17:39, 2026-07-24 23:32:04, 2026-07-24 23:47:06", "cumulative_total": 133.0 }, "geometry": { "type": "Polygon", "coordinates": [ [ [ -70.392554257335519, 46.976332129087666 ], [ -70.398884270136364, 46.979185520687871 ], [ -70.398438996184296, 46.984364206757462 ], [ -70.391662452049843, 46.986689406157673 ], [ -70.385331996159067, 46.983835599033746 ], [ -70.385778527449688, 46.978657008099844 ], [ -70.392554257335519, 46.976332129087666 ] ] ] } },
{ "type": "Feature", "properties": { "hex_id": 865837, "centroid_lon": -70.390770151713994, "centroid_lat": 46.997046651426182, "occurrences_today": 13, "datetimes_today": "2026-07-24 20:02:36, 2026-07-24 20:31:41, 2026-07-24 20:47:09, 2026-07-24 21:02:52, 2026-07-24 21:31:53, 2026-07-24 21:47:22, 2026-07-24 22:02:06, 2026-07-24 22:31:39, 2026-07-24 22:46:42, 2026-07-24 23:01:38, 2026-07-24 23:17:39, 2026-07-24 23:32:04, 2026-07-24 23:47:06", "cumulative_total": 133.0 }, "geometry": { "type": "Polygon", "coordinates": [ [ [ -70.391216363784707, 46.991868032767691 ], [ -70.397548077532718, 46.994721555073326 ], [ -70.397102432747332, 46.999900217317325 ], [ -70.390323815794716, 47.002225262132022 ], [ -70.383991658631487, 46.999371324077394 ], [ -70.384438561793033, 46.994192757023661 ], [ -70.391216363784707, 46.991868032767691 ] ] ] } },
{ "type": "Feature", "properties": { "hex_id": 865838, "centroid_lon": -70.389430772238157, "centroid_lat": 47.012582459681127, "occurrences_today": 13, "datetimes_today": "2026-07-24 20:02:36, 2026-07-24 20:31:41, 2026-07-24 20:47:09, 2026-07-24 21:02:52, 2026-07-24 21:31:53, 2026-07-24 21:47:22, 2026-07-24 22:02:06, 2026-07-24 22:31:39, 2026-07-24 22:46:42, 2026-07-24 23:01:38, 2026-07-24 23:17:39, 2026-07-24 23:32:04, 2026-07-24 23:47:06", "cumulative_total": 133.0 }, "geometry": { "type": "Polygon", "coordinates": [ [ [ -70.389877355983799, 47.007403864884047 ], [ -70.396210772042366, 47.010257517971802 ], [ -70.395764756036797, 47.015436156379984 ], [ -70.388984064514744, 47.017761046522111 ], [ -70.382650204715475, 47.014906977459944 ], [ -70.383097480135845, 47.009728434296704 ], [ -70.389877355983799, 47.007403864884047 ] ] ] } },
{ "type": "Feature", "properties": { "hex_id": 865839, "centroid_lon": -70.388090276962018, "centroid_lat": 47.028118196331249, "occurrences_today": 13, "datetimes_today": "2026-07-24 20:02:36, 2026-07-24 20:31:41, 2026-07-24 20:47:09, 2026-07-24 21:02:52, 2026-07-24 21:31:53, 2026-07-24 21:47:22, 2026-07-24 22:02:06, 2026-07-24 22:31:39, 2026-07-24 22:46:42, 2026-07-24 23:01:38, 2026-07-24 23:17:39, 2026-07-24 23:32:04, 2026-07-24 23:47:06", "cumulative_total": 25.0 }, "geometry": { "type": "Polygon", "coordinates": [ [ [ -70.388537232770403, 47.022939625405876 ], [ -70.394872352504208, 47.025793409352531 ], [ -70.394425964891056, 47.030972023914629 ], [ -70.387643197046415, 47.03329675929708 ], [ -70.38130763324618, 47.030442559150451 ], [ -70.381755281313829, 47.025264039887986 ], [ -70.388537232770403, 47.022939625405876 ] ] ] } },
{ "type": "Feature", "properties": { "hex_id": 865840, "centroid_lon": -70.386748664720884, "centroid_lat": 47.043653861345632, "occurrences_today": 13, "datetimes_today": "2026-07-24 20:02:36, 2026-07-24 20:31:41, 2026-07-24 20:47:09, 2026-07-24 21:02:52, 2026-07-24 21:31:53, 2026-07-24 21:47:22, 2026-07-24 22:02:06, 2026-07-24 22:31:39, 2026-07-24 22:46:42, 2026-07-24 23:01:38, 2026-07-24 23:17:39, 2026-07-24 23:32:04, 2026-07-24 23:47:06", "cumulative_total": 46.0 }, "geometry": { "type": "Polygon", "coordinates": [ [ [ -70.387195992980438, 47.038475314302254 ], [ -70.393532817755471, 47.041329229184726 ], [ -70.393086058146793, 47.046507819890451 ], [ -70.386301212224524, 47.048832400426015 ], [ -70.379963943057035, 47.045978069117879 ], [ -70.380411964161027, 47.040799573766542 ], [ -70.387195992980438, 47.038475314302254 ] ] ] } },
{ "type": "Feature", "properties": { "hex_id": 865841, "centroid_lon": -70.385405934348412, "centroid_lat": 47.059189454693318, "occurrences_today": 13, "datetimes_today": "2026-07-24 20:02:36, 2026-07-24 20:31:41, 2026-07-24 20:47:09, 2026-07-24 21:02:52, 2026-07-24 21:31:53, 2026-07-24 21:47:22, 2026-07-24 22:02:06, 2026-07-24 22:31:39, 2026-07-24 22:46:42, 2026-07-24 23:01:38, 2026-07-24 23:17:39, 2026-07-24 23:32:04, 2026-07-24 23:47:06", "cumulative_total": 25.0 }, "geometry": { "type": "Polygon", "coordinates": [ [ [ -70.385853635448115, 47.054010931542287 ], [ -70.392192166631716, 47.056864977437542 ], [ -70.391745034638959, 47.062043544276598 ], [ -70.384958108882145, 47.064367969877942 ], [ -70.378619132979836, 47.061513507331192 ], [ -70.379067527509761, 47.056335035901355 ], [ -70.385853635448115, 47.054010931542287 ] ] ] } },
{ "type": "Feature", "properties": { "hex_id": 866444, "centroid_lon": -70.388900780507129, "centroid_lat": 46.942406648809367, "occurrences_today": 13, "datetimes_today": "2026-07-24 20:02:36, 2026-07-24 20:31:41, 2026-07-24 20:47:09, 2026-07-24 21:02:52, 2026-07-24 21:31:53, 2026-07-24 21:47:22, 2026-07-24 22:02:06, 2026-07-24 22:31:39, 2026-07-24 22:46:42, 2026-07-24 23:01:38, 2026-07-24 23:17:39, 2026-07-24 23:32:04, 2026-07-24 23:47:06", "cumulative_total": 148.0 }, "geometry": { "type": "Polygon", "coordinates": [ [ [ -70.389346322034086, 46.937227994245404 ], [ -70.395671682276131, 46.940081409037496 ], [ -70.395226706328003, 46.945260107159839 ], [ -70.388455115409982, 46.947585295423565 ], [ -70.382129313180727, 46.944731465623924 ], [ -70.382575543813829, 46.939552862634564 ], [ -70.389346322034086, 46.937227994245404 ] ] ] } },
{ "type": "Feature", "properties": { "hex_id": 866445, "centroid_lon": -70.387563414333528, "centroid_lat": 46.957942564798124, "occurrences_today": 13, "datetimes_today": "2026-07-24 20:02:36, 2026-07-24 20:31:41, 2026-07-24 20:47:09, 2026-07-24 21:02:52, 2026-07-24 21:31:53, 2026-07-24 21:47:22, 2026-07-24 22:02:06, 2026-07-24 22:31:39, 2026-07-24 22:46:42, 2026-07-24 23:01:38, 2026-07-24 23:17:39, 2026-07-24 23:32:04, 2026-07-24 23:47:06", "cumulative_total": 133.0 }, "geometry": { "type": "Polygon", "coordinates": [ [ [ -70.388009326699745, 46.952763934086867 ], [ -70.394336384131265, 46.955617479579615 ], [ -70.393891037796948, 46.960796153874782 ], [ -70.387117378268371, 46.963121187556197 ], [ -70.380789878525334, 46.960267226830958 ], [ -70.38123648057946, 46.955088647723286 ], [ -70.388009326699745, 46.952763934086867 ] ] ] } },
{ "type": "Feature", "properties": { "hex_id": 866446, "centroid_lon": -70.386224934869432, "centroid_lat": 46.973478409208198, "occurrences_today": 13, "datetimes_today": "2026-07-24 20:02:36, 2026-07-24 20:31:41, 2026-07-24 20:47:09, 2026-07-24 21:02:52, 2026-07-24 21:31:53, 2026-07-24 21:47:22, 2026-07-24 22:02:06, 2026-07-24 22:31:39, 2026-07-24 22:46:42, 2026-07-24 23:01:38, 2026-07-24 23:17:39, 2026-07-24 23:32:04, 2026-07-24 23:47:06", "cumulative_total": 133.0 }, "geometry": { "type": "Polygon", "coordinates": [ [ [ -70.386671218461331, 46.96829980235993 ], [ -70.392999974441992, 46.971153478629937 ], [ -70.392554257335519, 46.976332129087666 ], [ -70.385778527449688, 46.978657008099844 ], [ -70.379449328832948, 46.975802916372288 ], [ -70.379896302695116, 46.970624361156609 ], [ -70.386671218461331, 46.96829980235993 ] ] ] } },
{ "type": "Feature", "properties": { "hex_id": 866447, "centroid_lon": -70.38488534095454, "centroid_lat": 46.989014182008731, "occurrences_today": 13, "datetimes_today": "2026-07-24 20:02:36, 2026-07-24 20:31:41, 2026-07-24 20:47:09, 2026-07-24 21:02:52, 2026-07-24 21:31:53, 2026-07-24 21:47:22, 2026-07-24 22:02:06, 2026-07-24 22:31:39, 2026-07-24 22:46:42, 2026-07-24 23:01:38, 2026-07-24 23:17:39, 2026-07-24 23:32:04, 2026-07-24 23:47:06", "cumulative_total": 133.0 }, "geometry": { "type": "Polygon", "coordinates": [ [ [ -70.385331996159067, 46.983835599033746 ], [ -70.391662452049843, 46.986689406157673 ], [ -70.391216363784707, 46.991868032767691 ], [ -70.384438561793033, 46.994192757023661 ], [ -70.37810766294136, 46.991338534216936 ], [ -70.378555008999172, 46.986160002903596 ], [ -70.385331996159067, 46.983835599033746 ] ] ] } },
{ "type": "Feature", "properties": { "hex_id": 866448, "centroid_lon": -70.383544631426801, "centroid_lat": 47.004549883168792, "occurrences_today": 13, "datetimes_today": "2026-07-24 20:02:36, 2026-07-24 20:31:41, 2026-07-24 20:47:09, 2026-07-24 21:02:52, 2026-07-24 21:31:53, 2026-07-24 21:47:22, 2026-07-24 22:02:06, 2026-07-24 22:31:39, 2026-07-24 22:46:42, 2026-07-24 23:01:38, 2026-07-24 23:17:39, 2026-07-24 23:32:04, 2026-07-24 23:47:06", "cumulative_total": 133.0 }, "geometry": { "type": "Polygon", "coordinates": [ [ [ -70.383991658631487, 46.999371324077394 ], [ -70.390323815794716, 47.002225262132022 ], [ -70.389877355983799, 47.007403864884047 ], [ -70.383097480135845, 47.009728434296704 ], [ -70.376764879686689, 47.006874080333915 ], [ -70.377212598328285, 47.001695572933251 ], [ -70.383991658631487, 46.999371324077394 ] ] ] } },
{ "type": "Feature", "properties": { "hex_id": 866450, "centroid_lon": -70.380859860876313, "centroid_lat": 47.035621070443682, "occurrences_today": 13, "datetimes_today": "2026-07-24 20:02:36, 2026-07-24 20:31:41, 2026-07-24 20:47:09, 2026-07-24 21:02:52, 2026-07-24 21:31:53, 2026-07-24 21:47:22, 2026-07-24 22:02:06, 2026-07-24 22:31:39, 2026-07-24 22:46:42, 2026-07-24 23:01:38, 2026-07-24 23:17:39, 2026-07-24 23:32:04, 2026-07-24 23:47:06", "cumulative_total": 25.0 }, "geometry": { "type": "Polygon", "coordinates": [ [ [ -70.38130763324618, 47.030442559150451 ], [ -70.387643197046415, 47.03329675929708 ], [ -70.387195992980438, 47.038475314302254 ], [ -70.380411964161027, 47.040799573766542 ], [ -70.374075956423965, 47.037944957260578 ], [ -70.374524421399869, 47.032766497716338 ], [ -70.38130763324618, 47.030442559150451 ] ] ] } },
{ "type": "Feature", "properties": { "hex_id": 866451, "centroid_lon": -70.379515797521051, "centroid_lat": 47.05115655649653, "occurrences_today": 13, "datetimes_today": "2026-07-24 20:02:36, 2026-07-24 20:31:41, 2026-07-24 20:47:09, 2026-07-24 21:02:52, 2026-07-24 21:31:53, 2026-07-24 21:47:22, 2026-07-24 22:02:06, 2026-07-24 22:31:39, 2026-07-24 22:46:42, 2026-07-24 23:01:38, 2026-07-24 23:17:39, 2026-07-24 23:32:04, 2026-07-24 23:47:06", "cumulative_total": 46.0 }, "geometry": { "type": "Polygon", "coordinates": [ [ [ -70.379963943057035, 47.045978069117879 ], [ -70.386301212224524, 47.048832400426015 ], [ -70.385853635448115, 47.054010931542287 ], [ -70.379067527509761, 47.056335035901355 ], [ -70.372729814079648, 47.053480288008096 ], [ -70.373178652807198, 47.048301852407619 ], [ -70.379963943057035, 47.045978069117879 ] ] ] } },
{ "type": "Feature", "properties": { "hex_id": 866452, "centroid_lon": -70.378170613887931, "centroid_lat": 47.066691970784895, "occurrences_today": 13, "datetimes_today": "2026-07-24 20:02:36, 2026-07-24 20:31:41, 2026-07-24 20:47:09, 2026-07-24 21:02:52, 2026-07-24 21:31:53, 2026-07-24 21:47:22, 2026-07-24 22:02:06, 2026-07-24 22:31:39, 2026-07-24 22:46:42, 2026-07-24 23:01:38, 2026-07-24 23:17:39, 2026-07-24 23:32:04, 2026-07-24 23:47:06", "cumulative_total": 25.0 }, "geometry": { "type": "Polygon", "coordinates": [ [ [ -70.378619132979836, 47.061513507331192 ], [ -70.384958108882145, 47.064367969877942 ], [ -70.384510159005956, 47.069546477095003 ], [ -70.377721970190663, 47.071870426261327 ], [ -70.371382549699675, 47.069015546903536 ], [ -70.3718317625693, 47.063837135257216 ], [ -70.378619132979836, 47.061513507331192 ] ] ] } },
{ "type": "Feature", "properties": { "hex_id": 867054, "centroid_lon": -70.383021650725823, "centroid_lat": 46.934374251686918, "occurrences_today": 13, "datetimes_today": "2026-07-24 20:02:36, 2026-07-24 20:31:41, 2026-07-24 20:47:09, 2026-07-24 21:02:52, 2026-07-24 21:31:53, 2026-07-24 21:47:22, 2026-07-24 22:02:06, 2026-07-24 22:31:39, 2026-07-24 22:46:42, 2026-07-24 23:01:38, 2026-07-24 23:17:39, 2026-07-24 23:32:04, 2026-07-24 23:47:06", "cumulative_total": 148.0 }, "geometry": { "type": "Polygon", "coordinates": [ [ [ -70.38346763395964, 46.929195632782154 ], [ -70.389791740033729, 46.932049331732827 ], [ -70.389346322034086, 46.937227994245404 ], [ -70.382575543813829, 46.939552862634564 ], [ -70.376250996205201, 46.936698748742401 ], [ -70.376697668308466, 46.931520181469004 ], [ -70.38346763395964, 46.929195632782154 ] ] ] } },
{ "type": "Feature", "properties": { "hex_id": 867055, "centroid_lon": -70.3816829587836, "centroid_lat": 46.949910060653878, "occurrences_today": 13, "datetimes_today": "2026-07-24 20:02:36, 2026-07-24 20:31:41, 2026-07-24 20:47:09, 2026-07-24 21:02:52, 2026-07-24 21:31:53, 2026-07-24 21:47:22, 2026-07-24 22:02:06, 2026-07-24 22:31:39, 2026-07-24 22:46:42, 2026-07-24 23:01:38, 2026-07-24 23:17:39, 2026-07-24 23:32:04, 2026-07-24 23:47:06", "cumulative_total": 133.0 }, "geometry": { "type": "Polygon", "coordinates": [ [ [ -70.382129313180727, 46.944731465623924 ], [ -70.388455115409982, 46.947585295423565 ], [ -70.388009326699745, 46.952763934086867 ], [ -70.38123648057946, 46.955088647723286 ], [ -70.3749102364918, 46.95223440275727 ], [ -70.37535728033987, 46.947055859387682 ], [ -70.382129313180727, 46.944731465623924 ] ] ] } },
{ "type": "Feature", "properties": { "hex_id": 867056, "centroid_lon": -70.380343152578234, "centroid_lat": 46.965445797975775, "occurrences_today": 13, "datetimes_today": "2026-07-24 20:02:36, 2026-07-24 20:31:41, 2026-07-24 20:47:09, 2026-07-24 21:02:52, 2026-07-24 21:31:53, 2026-07-24 21:47:22, 2026-07-24 22:02:06, 2026-07-24 22:31:39, 2026-07-24 22:46:42, 2026-07-24 23:01:38, 2026-07-24 23:17:39, 2026-07-24 23:32:04, 2026-07-24 23:47:06", "cumulative_total": 133.0 }, "geometry": { "type": "Polygon", "coordinates": [ [ [ -70.380789878525334, 46.960267226830958 ], [ -70.387117378268371, 46.963121187556197 ], [ -70.386671218461331, 46.96829980235993 ], [ -70.379896302695116, 46.970624361156609 ], [ -70.373568360769553, 46.967769985039965 ], [ -70.374015776749701, 46.962591465584559 ], [ -70.380789878525334, 46.960267226830958 ] ] ] } },
{ "type": "Feature", "properties": { "hex_id": 867057, "centroid_lon": -70.379002230948672, "centroid_lat": 46.980981463621646, "occurrences_today": 13, "datetimes_today": "2026-07-24 20:02:36, 2026-07-24 20:31:41, 2026-07-24 20:47:09, 2026-07-24 21:02:52, 2026-07-24 21:31:53, 2026-07-24 21:47:22, 2026-07-24 22:02:06, 2026-07-24 22:31:39, 2026-07-24 22:46:42, 2026-07-24 23:01:38, 2026-07-24 23:17:39, 2026-07-24 23:32:04, 2026-07-24 23:47:06", "cumulative_total": 133.0 }, "geometry": { "type": "Polygon", "coordinates": [ [ [ -70.379449328832948, 46.975802916372288 ], [ -70.385778527449688, 46.978657008099844 ], [ -70.385331996159067, 46.983835599033746 ], [ -70.378555008999172, 46.986160002903596 ], [ -70.372225367875529, 46.983305495559442 ], [ -70.372673156375598, 46.978127000028557 ], [ -70.379449328832948, 46.975802916372288 ] ] ] } },
{ "type": "Feature", "properties": { "hex_id": 867058, "centroid_lon": -70.377660192732122, "centroid_lat": 46.996517057560538, "occurrences_today": 13, "datetimes_today": "2026-07-24 20:02:36, 2026-07-24 20:31:41, 2026-07-24 20:47:09, 2026-07-24 21:02:52, 2026-07-24 21:31:53, 2026-07-24 21:47:22, 2026-07-24 22:02:06, 2026-07-24 22:31:39, 2026-07-24 22:46:42, 2026-07-24 23:01:38, 2026-07-24 23:17:39, 2026-07-24 23:32:04, 2026-07-24 23:47:06", "cumulative_total": 25.0 }, "geometry": { "type": "Polygon", "coordinates": [ [ [ -70.37810766294136, 46.991338534216936 ], [ -70.384438561793033, 46.994192757023661 ], [ -70.383991658631487, 46.999371324077394 ], [ -70.377212598328285, 47.001695572933251 ], [ -70.370881256645092, 46.998840934284623 ], [ -70.371329418053449, 46.99366246268864 ], [ -70.37810766294136, 46.991338534216936 ] ] ] } },
{ "type": "Feature", "properties": { "hex_id": 867059, "centroid_lon": -70.376317036764135, "centroid_lat": 47.012052579761388, "occurrences_today": 13, "datetimes_today": "2026-07-24 20:02:36, 2026-07-24 20:31:41, 2026-07-24 20:47:09, 2026-07-24 21:02:52, 2026-07-24 21:31:53, 2026-07-24 21:47:22, 2026-07-24 22:02:06, 2026-07-24 22:31:39, 2026-07-24 22:46:42, 2026-07-24 23:01:38, 2026-07-24 23:17:39, 2026-07-24 23:32:04, 2026-07-24 23:47:06", "cumulative_total": 25.0 }, "geometry": { "type": "Polygon", "coordinates": [ [ [ -70.376764879686689, 47.006874080333915 ], [ -70.383097480135845, 47.009728434296704 ], [ -70.382650204715475, 47.014906977459944 ], [ -70.375869069517421, 47.017231071214511 ], [ -70.369536025911856, 47.014376301184377 ], [ -70.369984560617539, 47.009197853533657 ], [ -70.376764879686689, 47.006874080333915 ] ] ] } },
{ "type": "Feature", "properties": { "hex_id": 867060, "centroid_lon": -70.374972761878553, "centroid_lat": 47.027588030193151, "occurrences_today": 13, "datetimes_today": "2026-07-24 20:02:36, 2026-07-24 20:31:41, 2026-07-24 20:47:09, 2026-07-24 21:02:52, 2026-07-24 21:31:53, 2026-07-24 21:47:22, 2026-07-24 22:02:06, 2026-07-24 22:31:39, 2026-07-24 22:46:42, 2026-07-24 23:01:38, 2026-07-24 23:17:39, 2026-07-24 23:32:04, 2026-07-24 23:47:06", "cumulative_total": 25.0 }, "geometry": { "type": "Polygon", "coordinates": [ [ [ -70.375420977903303, 47.022409554692153 ], [ -70.381755281313829, 47.025264039887986 ], [ -70.38130763324618, 47.030442559150451 ], [ -70.374524421399869, 47.032766497716338 ], [ -70.368189674507832, 47.029911596227571 ], [ -70.368638582900331, 47.024733172532493 ], [ -70.375420977903303, 47.022409554692153 ] ] ] } },
{ "type": "Feature", "properties": { "hex_id": 867061, "centroid_lon": -70.373627366907527, "centroid_lat": 47.043123408824719, "occurrences_today": 13, "datetimes_today": "2026-07-24 20:02:36, 2026-07-24 20:31:41, 2026-07-24 20:47:09, 2026-07-24 21:02:52, 2026-07-24 21:31:53, 2026-07-24 21:47:22, 2026-07-24 22:02:06, 2026-07-24 22:31:39, 2026-07-24 22:46:42, 2026-07-24 23:01:38, 2026-07-24 23:17:39, 2026-07-24 23:32:04, 2026-07-24 23:47:06", "cumulative_total": 25.0 }, "geometry": { "type": "Polygon", "coordinates": [ [ [ -70.374075956423965, 47.037944957260578 ], [ -70.380411964161027, 47.040799573766542 ], [ -70.379963943057035, 47.045978069117879 ], [ -70.373178652807198, 47.048301852407619 ], [ -70.366842201263253, 47.045446819382981 ], [ -70.367291483732672, 47.040268419653962 ], [ -70.374075956423965, 47.037944957260578 ] ] ] } },
{ "type": "Feature", "properties": { "hex_id": 867062, "centroid_lon": -70.372280850681477, "centroid_lat": 47.058658715625008, "occurrences_today": 13, "datetimes_today": "2026-07-24 20:02:36, 2026-07-24 20:31:41, 2026-07-24 20:47:09, 2026-07-24 21:02:52, 2026-07-24 21:31:53, 2026-07-24 21:47:22, 2026-07-24 22:02:06, 2026-07-24 22:31:39, 2026-07-24 22:46:42, 2026-07-24 23:01:38, 2026-07-24 23:17:39, 2026-07-24 23:32:04, 2026-07-24 23:47:06", "cumulative_total": 49.0 }, "geometry": { "type": "Polygon", "coordinates": [ [ [ -70.372729814079648, 47.053480288008096 ], [ -70.379067527509761, 47.056335035901355 ], [ -70.378619132979836, 47.061513507331192 ], [ -70.3718317625693, 47.063837135257216 ], [ -70.365493605006662, 47.060981970619409 ], [ -70.365943261943684, 47.055803594866873 ], [ -70.372729814079648, 47.053480288008096 ] ] ] } },
{ "type": "Feature", "properties": { "hex_id": 867665, "centroid_lon": -70.375804200229993, "centroid_lat": 46.94187730804903, "occurrences_today": 13, "datetimes_today": "2026-07-24 20:02:36, 2026-07-24 20:31:41, 2026-07-24 20:47:09, 2026-07-24 21:02:52, 2026-07-24 21:31:53, 2026-07-24 21:47:22, 2026-07-24 22:02:06, 2026-07-24 22:31:39, 2026-07-24 22:46:42, 2026-07-24 23:01:38, 2026-07-24 23:17:39, 2026-07-24 23:32:04, 2026-07-24 23:47:06", "cumulative_total": 133.0 }, "geometry": { "type": "Polygon", "coordinates": [ [ [ -70.376250996205201, 46.936698748742401 ], [ -70.382575543813829, 46.939552862634564 ], [ -70.382129313180727, 46.944731465623924 ], [ -70.37535728033987, 46.947055859387682 ], [ -70.369032291325553, 46.944201330395252 ], [ -70.369479776514794, 46.939022822805789 ], [ -70.376250996205201, 46.936698748742401 ] ] ] } },
{ "type": "Feature", "properties": { "hex_id": 867666, "centroid_lon": -70.374463068642754, "centroid_lat": 46.957412938156608, "occurrences_today": 13, "datetimes_today": "2026-07-24 20:02:36, 2026-07-24 20:31:41, 2026-07-24 20:47:09, 2026-07-24 21:02:52, 2026-07-24 21:31:53, 2026-07-24 21:47:22, 2026-07-24 22:02:06, 2026-07-24 22:31:39, 2026-07-24 22:46:42, 2026-07-24 23:01:38, 2026-07-24 23:17:39, 2026-07-24 23:32:04, 2026-07-24 23:47:06", "cumulative_total": 25.0 }, "geometry": { "type": "Polygon", "coordinates": [ [ [ -70.3749102364918, 46.95223440275727 ], [ -70.38123648057946, 46.955088647723286 ], [ -70.380789878525334, 46.960267226830958 ], [ -70.374015776749701, 46.962591465584559 ], [ -70.367689090932672, 46.959736805293304 ], [ -70.368136948577586, 46.954558321640178 ], [ -70.3749102364918, 46.95223440275727 ] ] ] } },
{ "type": "Feature", "properties": { "hex_id": 867667, "centroid_lon": -70.373120820659224, "centroid_lat": 46.972948496521674, "occurrences_today": 13, "datetimes_today": "2026-07-24 20:02:36, 2026-07-24 20:31:41, 2026-07-24 20:47:09, 2026-07-24 21:02:52, 2026-07-24 21:31:53, 2026-07-24 21:47:22, 2026-07-24 22:02:06, 2026-07-24 22:31:39, 2026-07-24 22:46:42, 2026-07-24 23:01:38, 2026-07-24 23:17:39, 2026-07-24 23:32:04, 2026-07-24 23:47:06", "cumulative_total": 25.0 }, "geometry": { "type": "Polygon", "coordinates": [ [ [ -70.373568360769553, 46.967769985039965 ], [ -70.379896302695116, 46.970624361156609 ], [ -70.379449328832948, 46.975802916372288 ], [ -70.372673156375598, 46.978127000028557 ], [ -70.366344772396715, 46.975272208361552 ], [ -70.366793002885387, 46.970093748655138 ], [ -70.373568360769553, 46.967769985039965 ] ] ] } },
{ "type": "Feature", "properties": { "hex_id": 867668, "centroid_lon": -70.371777455115875, "centroid_lat": 46.988483983113191, "occurrences_today": 13, "datetimes_today": "2026-07-24 20:02:36, 2026-07-24 20:31:41, 2026-07-24 20:47:09, 2026-07-24 21:02:52, 2026-07-24 21:31:53, 2026-07-24 21:47:22, 2026-07-24 22:02:06, 2026-07-24 22:31:39, 2026-07-24 22:46:42, 2026-07-24 23:01:38, 2026-07-24 23:17:39, 2026-07-24 23:32:04, 2026-07-24 23:47:06", "cumulative_total": 25.0 }, "geometry": { "type": "Polygon", "coordinates": [ [ [ -70.372225367875529, 46.983305495559442 ], [ -70.378555008999172, 46.986160002903596 ], [ -70.37810766294136, 46.991338534216936 ], [ -70.371329418053449, 46.99366246268864 ], [ -70.364999334552337, 46.990807539568848 ], [ -70.365447938273419, 46.985629103819555 ], [ -70.372225367875529, 46.983305495559442 ] ] ] } },
{ "type": "Feature", "properties": { "hex_id": 867669, "centroid_lon": -70.370432970847517, "centroid_lat": 47.004019397900016, "occurrences_today": 13, "datetimes_today": "2026-07-24 20:02:36, 2026-07-24 20:31:41, 2026-07-24 20:47:09, 2026-07-24 21:02:52, 2026-07-24 21:31:53, 2026-07-24 21:47:22, 2026-07-24 22:02:06, 2026-07-24 22:31:39, 2026-07-24 22:46:42, 2026-07-24 23:01:38, 2026-07-24 23:17:39, 2026-07-24 23:32:04, 2026-07-24 23:47:06", "cumulative_total": 33.0 }, "geometry": { "type": "Polygon", "coordinates": [ [ [ -70.370881256645092, 46.998840934284623 ], [ -70.377212598328285, 47.001695572933251 ], [ -70.376764879686689, 47.006874080333915 ], [ -70.369984560617539, 47.009197853533657 ], [ -70.363652776232414, 47.006342798884006 ], [ -70.364101753575113, 47.001164387102229 ], [ -70.370881256645092, 46.998840934284623 ] ] ] } },
{ "type": "Feature", "properties": { "hex_id": 867670, "centroid_lon": -70.369087366687225, "centroid_lat": 47.019554740851042, "occurrences_today": 13, "datetimes_today": "2026-07-24 20:02:36, 2026-07-24 20:31:41, 2026-07-24 20:47:09, 2026-07-24 21:02:52, 2026-07-24 21:31:53, 2026-07-24 21:47:22, 2026-07-24 22:02:06, 2026-07-24 22:31:39, 2026-07-24 22:46:42, 2026-07-24 23:01:38, 2026-07-24 23:17:39, 2026-07-24 23:32:04, 2026-07-24 23:47:06", "cumulative_total": 25.0 }, "geometry": { "type": "Polygon", "coordinates": [ [ [ -70.369536025911856, 47.014376301184377 ], [ -70.375869069517421, 47.017231071214511 ], [ -70.375420977903303, 47.022409554692153 ], [ -70.368638582900331, 47.024733172532493 ], [ -70.362305096268159, 47.021877986275783 ], [ -70.362754447622265, 47.016699598471938 ], [ -70.369536025911856, 47.014376301184377 ] ] ] } },
{ "type": "Feature", "properties": { "hex_id": 867671, "centroid_lon": -70.367740641466398, "centroid_lat": 47.035090011935097, "occurrences_today": 13, "datetimes_today": "2026-07-24 20:02:36, 2026-07-24 20:31:41, 2026-07-24 20:47:09, 2026-07-24 21:02:52, 2026-07-24 21:31:53, 2026-07-24 21:47:22, 2026-07-24 22:02:06, 2026-07-24 22:31:39, 2026-07-24 22:46:42, 2026-07-24 23:01:38, 2026-07-24 23:17:39, 2026-07-24 23:32:04, 2026-07-24 23:47:06", "cumulative_total": 25.0 }, "geometry": { "type": "Polygon", "coordinates": [ [ [ -70.368189674507832, 47.029911596227571 ], [ -70.374524421399869, 47.032766497716338 ], [ -70.374075956423965, 47.037944957260578 ], [ -70.367291483732672, 47.040268419653962 ], [ -70.360956293489096, 47.037413101712922 ], [ -70.361406019244967, 47.03223473789744 ], [ -70.368189674507832, 47.029911596227571 ] ] ] } },
{ "type": "Feature", "properties": { "hex_id": 867672, "centroid_lon": -70.366392794014729, "centroid_lat": 47.050625211120995, "occurrences_today": 13, "datetimes_today": "2026-07-24 20:02:36, 2026-07-24 20:31:41, 2026-07-24 20:47:09, 2026-07-24 21:02:52, 2026-07-24 21:31:53, 2026-07-24 21:47:22, 2026-07-24 22:02:06, 2026-07-24 22:31:39, 2026-07-24 22:46:42, 2026-07-24 23:01:38, 2026-07-24 23:17:39, 2026-07-24 23:32:04, 2026-07-24 23:47:06", "cumulative_total": 46.0 }, "geometry": { "type": "Polygon", "coordinates": [ [ [ -70.366842201263253, 47.045446819382981 ], [ -70.373178652807198, 47.048301852407619 ], [ -70.372729814079648, 47.053480288008096 ], [ -70.365943261943684, 47.055803594866873 ], [ -70.359606366723014, 47.052948145164137 ], [ -70.360056467271576, 47.047769805347443 ], [ -70.366842201263253, 47.045446819382981 ] ] ] } },
{ "type": "Feature", "properties": { "hex_id": 867673, "centroid_lon": -70.365043823160207, "centroid_lat": 47.066160338377472, "occurrences_today": 13, "datetimes_today": "2026-07-24 20:02:36, 2026-07-24 20:31:41, 2026-07-24 20:47:09, 2026-07-24 21:02:52, 2026-07-24 21:31:53, 2026-07-24 21:47:22, 2026-07-24 22:02:06, 2026-07-24 22:31:39, 2026-07-24 22:46:42, 2026-07-24 23:01:38, 2026-07-24 23:17:39, 2026-07-24 23:32:04, 2026-07-24 23:47:06", "cumulative_total": 28.0 }, "geometry": { "type": "Polygon", "coordinates": [ [ [ -70.365493605006662, 47.060981970619409 ], [ -70.3718317625693, 47.063837135257216 ], [ -70.371382549699675, 47.069015546903536 ], [ -70.364593916360803, 47.071338698139925 ], [ -70.358255314796025, 47.068483116598074 ], [ -70.358705790528774, 47.063304800790618 ], [ -70.365493605006662, 47.060981970619409 ] ] ] } },
{ "type": "Feature", "properties": { "hex_id": 868277, "centroid_lon": -70.367241109049644, "centroid_lat": 46.964915280965343, "occurrences_today": 13, "datetimes_today": "2026-07-24 20:02:36, 2026-07-24 20:31:41, 2026-07-24 20:47:09, 2026-07-24 21:02:52, 2026-07-24 21:31:53, 2026-07-24 21:47:22, 2026-07-24 22:02:06, 2026-07-24 22:31:39, 2026-07-24 22:46:42, 2026-07-24 23:01:38, 2026-07-24 23:17:39, 2026-07-24 23:32:04, 2026-07-24 23:47:06", "cumulative_total": 25.0 }, "geometry": { "type": "Polygon", "coordinates": [ [ [ -70.367689090932672, 46.959736805293304 ], [ -70.374015776749701, 46.962591465584559 ], [ -70.373568360769553, 46.967769985039965 ], [ -70.366793002885387, 46.970093748655138 ], [ -70.360465875468321, 46.967238672879759 ], [ -70.360914547492285, 46.962060249039816 ], [ -70.367689090932672, 46.959736805293304 ] ] ] } },
{ "type": "Feature", "properties": { "hex_id": 868278, "centroid_lon": -70.365896417540469, "centroid_lat": 46.980450660083392, "occurrences_today": 13, "datetimes_today": "2026-07-24 20:02:36, 2026-07-24 20:31:41, 2026-07-24 20:47:09, 2026-07-24 21:02:52, 2026-07-24 21:31:53, 2026-07-24 21:47:22, 2026-07-24 22:02:06, 2026-07-24 22:31:39, 2026-07-24 22:46:42, 2026-07-24 23:01:38, 2026-07-24 23:17:39, 2026-07-24 23:32:04, 2026-07-24 23:47:06", "cumulative_total": 25.0 }, "geometry": { "type": "Polygon", "coordinates": [ [ [ -70.366344772396715, 46.975272208361552 ], [ -70.372673156375598, 46.978127000028557 ], [ -70.372225367875529, 46.983305495559442 ], [ -70.365447938273419, 46.985629103819555 ], [ -70.359119112370749, 46.982773896443213 ], [ -70.359568157950775, 46.977595496582616 ], [ -70.366344772396715, 46.975272208361552 ] ] ] } },
{ "type": "Feature", "properties": { "hex_id": 868279, "centroid_lon": -70.364550606333992, "centroid_lat": 46.995985967330121, "occurrences_today": 13, "datetimes_today": "2026-07-24 20:02:36, 2026-07-24 20:31:41, 2026-07-24 20:47:09, 2026-07-24 21:02:52, 2026-07-24 21:31:53, 2026-07-24 21:47:22, 2026-07-24 22:02:06, 2026-07-24 22:31:39, 2026-07-24 22:46:42, 2026-07-24 23:01:38, 2026-07-24 23:17:39, 2026-07-24 23:32:04, 2026-07-24 23:47:06", "cumulative_total": 25.0 }, "geometry": { "type": "Polygon", "coordinates": [ [ [ -70.364999334552337, 46.990807539568848 ], [ -70.371329418053449, 46.99366246268864 ], [ -70.370881256645092, 46.998840934284623 ], [ -70.364101753575113, 47.001164387102229 ], [ -70.357771227826191, 46.998309048047773 ], [ -70.358220647351757, 46.993130672176953 ], [ -70.364999334552337, 46.990807539568848 ] ] ] } },
{ "type": "Feature", "properties": { "hex_id": 868280, "centroid_lon": -70.363203674262579, "centroid_lat": 47.011521202674309, "occurrences_today": 13, "datetimes_today": "2026-07-24 20:02:36, 2026-07-24 20:31:41, 2026-07-24 20:47:09, 2026-07-24 21:02:52, 2026-07-24 21:31:53, 2026-07-24 21:47:22, 2026-07-24 22:02:06, 2026-07-24 22:31:39, 2026-07-24 22:46:42, 2026-07-24 23:01:38, 2026-07-24 23:17:39, 2026-07-24 23:32:04, 2026-07-24 23:47:06", "cumulative_total": 33.0 }, "geometry": { "type": "Polygon", "coordinates": [ [ [ -70.363652776232414, 47.006342798884006 ], [ -70.369984560617539, 47.009197853533657 ], [ -70.369536025911856, 47.014376301184377 ], [ -70.362754447622265, 47.016699598471938 ], [ -70.35642222066511, 47.013844127662125 ], [ -70.356872014526246, 47.008665775791528 ], [ -70.363652776232414, 47.006342798884006 ] ] ] } },
{ "type": "Feature", "properties": { "hex_id": 868281, "centroid_lon": -70.361855620156845, "centroid_lat": 47.027056366084679, "occurrences_today": 13, "datetimes_today": "2026-07-24 20:02:36, 2026-07-24 20:31:41, 2026-07-24 20:47:09, 2026-07-24 21:02:52, 2026-07-24 21:31:53, 2026-07-24 21:47:22, 2026-07-24 22:02:06, 2026-07-24 22:31:39, 2026-07-24 22:46:42, 2026-07-24 23:01:38, 2026-07-24 23:17:39, 2026-07-24 23:32:04, 2026-07-24 23:47:06", "cumulative_total": 25.0 }, "geometry": { "type": "Polygon", "coordinates": [ [ [ -70.362305096268159, 47.021877986275783 ], [ -70.368638582900331, 47.024733172532493 ], [ -70.368189674507832, 47.029911596227571 ], [ -70.361406019244967, 47.03223473789744 ], [ -70.355072089716273, 47.029379135254949 ], [ -70.355522258303566, 47.024200807394998 ], [ -70.362305096268159, 47.021877986275783 ] ] ] } },
{ "type": "Feature", "properties": { "hex_id": 868282, "centroid_lon": -70.360506442845775, "centroid_lat": 47.04259145752998, "occurrences_today": 13, "datetimes_today": "2026-07-24 20:02:36, 2026-07-24 20:31:41, 2026-07-24 20:47:09, 2026-07-24 21:02:52, 2026-07-24 21:31:53, 2026-07-24 21:47:22, 2026-07-24 22:02:06, 2026-07-24 22:31:39, 2026-07-24 22:46:42, 2026-07-24 23:01:38, 2026-07-24 23:17:39, 2026-07-24 23:32:04, 2026-07-24 23:47:06", "cumulative_total": 25.0 }, "geometry": { "type": "Polygon", "coordinates": [ [ [ -70.360956293489096, 47.037413101712922 ], [ -70.367291483732672, 47.040268419653962 ], [ -70.366842201263253, 47.045446819382981 ], [ -70.360056467271576, 47.047769805347443 ], [ -70.353720833806733, 47.04491407079486 ], [ -70.354171377511349, 47.039735766956035 ], [ -70.360956293489096, 47.037413101712922 ] ] ] } },
{ "type": "Feature", "properties": { "hex_id": 868283, "centroid_lon": -70.359156141156575, "centroid_lat": 47.05812647697892, "occurrences_today": 13, "datetimes_today": "2026-07-24 20:02:36, 2026-07-24 20:31:41, 2026-07-24 20:47:09, 2026-07-24 21:02:52, 2026-07-24 21:31:53, 2026-07-24 21:47:22, 2026-07-24 22:02:06, 2026-07-24 22:31:39, 2026-07-24 22:46:42, 2026-07-24 23:01:38, 2026-07-24 23:17:39, 2026-07-24 23:32:04, 2026-07-24 23:47:06", "cumulative_total": 25.0 }, "geometry": { "type": "Polygon", "coordinates": [ [ [ -70.359606366723014, 47.052948145164137 ], [ -70.365943261943684, 47.055803594866873 ], [ -70.365493605006662, 47.060981970619409 ], [ -70.358705790528774, 47.063304800790618 ], [ -70.352368451761834, 47.060448934250438 ], [ -70.352819370975524, 47.055270654443227 ], [ -70.359606366723014, 47.052948145164137 ] ] ] } },
{ "type": "Feature", "properties": { "hex_id": 868284, "centroid_lon": -70.357804713914774, "centroid_lat": 47.073661424400136, "occurrences_today": 13, "datetimes_today": "2026-07-24 20:02:36, 2026-07-24 20:31:41, 2026-07-24 20:47:09, 2026-07-24 21:02:52, 2026-07-24 21:31:53, 2026-07-24 21:47:22, 2026-07-24 22:02:06, 2026-07-24 22:31:39, 2026-07-24 22:46:42, 2026-07-24 23:01:38, 2026-07-24 23:17:39, 2026-07-24 23:32:04, 2026-07-24 23:47:06", "cumulative_total": 38.0 }, "geometry": { "type": "Polygon", "coordinates": [ [ [ -70.358255314796025, 47.068483116598074 ], [ -70.364593916360803, 47.071338698139925 ], [ -70.364143884564939, 47.076517049905576 ], [ -70.357353987841478, 47.078839724195618 ], [ -70.351014942405186, 47.075983725590255 ], [ -70.351466237520285, 47.07080546982511 ], [ -70.358255314796025, 47.068483116598074 ] ] ] } },
{ "type": "Feature", "properties": { "hex_id": 868889, "centroid_lon": -70.358669942185514, "centroid_lat": 46.987952288308385, "occurrences_today": 13, "datetimes_today": "2026-07-24 20:02:36, 2026-07-24 20:31:41, 2026-07-24 20:47:09, 2026-07-24 21:02:52, 2026-07-24 21:31:53, 2026-07-24 21:47:22, 2026-07-24 22:02:06, 2026-07-24 22:31:39, 2026-07-24 22:46:42, 2026-07-24 23:01:38, 2026-07-24 23:17:39, 2026-07-24 23:32:04, 2026-07-24 23:47:06", "cumulative_total": 25.0 }, "geometry": { "type": "Polygon", "coordinates": [ [ [ -70.359119112370749, 46.982773896443213 ], [ -70.365447938273419, 46.985629103819555 ], [ -70.364999334552337, 46.990807539568848 ], [ -70.358220647351757, 46.993130672176953 ], [ -70.351891379655086, 46.990275048932276 ], [ -70.352341240909695, 46.985096709014378 ], [ -70.359119112370749, 46.982773896443213 ] ] ] } },
{ "type": "Feature", "properties": { "hex_id": 868890, "centroid_lon": -70.357321683565473, "centroid_lat": 47.003487415919679, "occurrences_today": 13, "datetimes_today": "2026-07-24 20:02:36, 2026-07-24 20:31:41, 2026-07-24 20:47:09, 2026-07-24 21:02:52, 2026-07-24 21:31:53, 2026-07-24 21:47:22, 2026-07-24 22:02:06, 2026-07-24 22:31:39, 2026-07-24 22:46:42, 2026-07-24 23:01:38, 2026-07-24 23:17:39, 2026-07-24 23:32:04, 2026-07-24 23:47:06", "cumulative_total": 33.0 }, "geometry": { "type": "Polygon", "coordinates": [ [ [ -70.357771227826191, 46.998309048047773 ], [ -70.364101753575113, 47.001164387102229 ], [ -70.363652776232414, 47.006342798884006 ], [ -70.356872014526246, 47.008665775791528 ], [ -70.350541046659501, 47.00581002064331 ], [ -70.350991282573389, 47.000631704747917 ], [ -70.357771227826191, 46.998309048047773 ] ] ] } },
{ "type": "Feature", "properties": { "hex_id": 868891, "centroid_lon": -70.355972301938692, "centroid_lat": 47.019022471530334, "occurrences_today": 13, "datetimes_today": "2026-07-24 20:02:36, 2026-07-24 20:31:41, 2026-07-24 20:47:09, 2026-07-24 21:02:52, 2026-07-24 21:31:53, 2026-07-24 21:47:22, 2026-07-24 22:02:06, 2026-07-24 22:31:39, 2026-07-24 22:46:42, 2026-07-24 23:01:38, 2026-07-24 23:17:39, 2026-07-24 23:32:04, 2026-07-24 23:47:06", "cumulative_total": 25.0 }, "geometry": { "type": "Polygon", "coordinates": [ [ [ -70.35642222066511, 47.013844127662125 ], [ -70.362754447622265, 47.016699598471938 ], [ -70.362305096268159, 47.021877986275783 ], [ -70.355522258303566, 47.024200807394998 ], [ -70.349189588904537, 47.021344920265861 ], [ -70.349640199868546, 47.01616662840344 ], [ -70.35642222066511, 47.013844127662125 ] ] ] } },
{ "type": "Feature", "properties": { "hex_id": 868892, "centroid_lon": -70.354621796133372, "centroid_lat": 47.03455745510901, "occurrences_today": 13, "datetimes_today": "2026-07-24 20:02:36, 2026-07-24 20:31:41, 2026-07-24 20:47:09, 2026-07-24 21:02:52, 2026-07-24 21:31:53, 2026-07-24 21:47:22, 2026-07-24 22:02:06, 2026-07-24 22:31:39, 2026-07-24 22:46:42, 2026-07-24 23:01:38, 2026-07-24 23:17:39, 2026-07-24 23:32:04, 2026-07-24 23:47:06", "cumulative_total": 25.0 }, "geometry": { "type": "Polygon", "coordinates": [ [ [ -70.355072089716273, 47.029379135254949 ], [ -70.361406019244967, 47.03223473789744 ], [ -70.360956293489096, 47.037413101712922 ], [ -70.354171377511349, 47.039735766956035 ], [ -70.347837005216491, 47.036879747768488 ], [ -70.34828799162203, 47.031701479949554 ], [ -70.355072089716273, 47.029379135254949 ] ] ] } },
{ "type": "Feature", "properties": { "hex_id": 868893, "centroid_lon": -70.353270164975967, "centroid_lat": 47.050092366624305, "occurrences_today": 13, "datetimes_today": "2026-07-24 20:02:36, 2026-07-24 20:31:41, 2026-07-24 20:47:09, 2026-07-24 21:02:52, 2026-07-24 21:31:53, 2026-07-24 21:47:22, 2026-07-24 22:02:06, 2026-07-24 22:31:39, 2026-07-24 22:46:42, 2026-07-24 23:01:38, 2026-07-24 23:17:39, 2026-07-24 23:32:04, 2026-07-24 23:47:06", "cumulative_total": 38.0 }, "geometry": { "type": "Polygon", "coordinates": [ [ [ -70.353720833806733, 47.04491407079486 ], [ -70.360056467271576, 47.047769805347443 ], [ -70.359606366723014, 47.052948145164137 ], [ -70.352819370975524, 47.055270654443227 ], [ -70.346483294419954, 47.052414503119721 ], [ -70.34693465665903, 47.047236259354747 ], [ -70.353720833806733, 47.04491407079486 ] ] ] } },
{ "type": "Feature", "properties": { "hex_id": 868894, "centroid_lon": -70.351917407291282, "centroid_lat": 47.065627206044773, "occurrences_today": 13, "datetimes_today": "2026-07-24 20:02:36, 2026-07-24 20:31:41, 2026-07-24 20:47:09, 2026-07-24 21:02:52, 2026-07-24 21:31:53, 2026-07-24 21:47:22, 2026-07-24 22:02:06, 2026-07-24 22:31:39, 2026-07-24 22:46:42, 2026-07-24 23:01:38, 2026-07-24 23:17:39, 2026-07-24 23:32:04, 2026-07-24 23:47:06", "cumulative_total": 38.0 }, "geometry": { "type": "Polygon", "coordinates": [ [ [ -70.352368451761834, 47.060448934250438 ], [ -70.358705790528774, 47.063304800790618 ], [ -70.358255314796025, 47.068483116598074 ], [ -70.351466237520285, 47.07080546982511 ], [ -70.345128455337814, 47.067949186288033 ], [ -70.345580193802988, 47.062770966587529 ], [ -70.352368451761834, 47.060448934250438 ] ] ] } },
{ "type": "Feature", "properties": { "hex_id": 869501, "centroid_lon": -70.350090685772372, "centroid_lat": 47.010988328528875, "occurrences_today": 13, "datetimes_today": "2026-07-24 20:02:36, 2026-07-24 20:31:41, 2026-07-24 20:47:09, 2026-07-24 21:02:52, 2026-07-24 21:31:53, 2026-07-24 21:47:22, 2026-07-24 22:02:06, 2026-07-24 22:31:39, 2026-07-24 22:46:42, 2026-07-24 23:01:38, 2026-07-24 23:17:39, 2026-07-24 23:32:04, 2026-07-24 23:47:06", "cumulative_total": 25.0 }, "geometry": { "type": "Polygon", "coordinates": [ [ [ -70.350541046659501, 47.00581002064331 ], [ -70.356872014526246, 47.008665775791528 ], [ -70.35642222066511, 47.013844127662125 ], [ -70.349640199868546, 47.01616662840344 ], [ -70.34330879001422, 47.01331045700239 ], [ -70.34375984290061, 47.00813220117945 ], [ -70.350541046659501, 47.00581002064331 ] ] ] } },
{ "type": "Feature", "properties": { "hex_id": 869502, "centroid_lon": -70.348738852836874, "centroid_lat": 47.026523204114959, "occurrences_today": 13, "datetimes_today": "2026-07-24 20:02:36, 2026-07-24 20:31:41, 2026-07-24 20:47:09, 2026-07-24 21:02:52, 2026-07-24 21:31:53, 2026-07-24 21:47:22, 2026-07-24 22:02:06, 2026-07-24 22:31:39, 2026-07-24 22:46:42, 2026-07-24 23:01:38, 2026-07-24 23:17:39, 2026-07-24 23:32:04, 2026-07-24 23:47:06", "cumulative_total": 25.0 }, "geometry": { "type": "Polygon", "coordinates": [ [ [ -70.349189588904537, 47.021344920265861 ], [ -70.355522258303566, 47.024200807394998 ], [ -70.355072089716273, 47.029379135254949 ], [ -70.34828799162203, 47.031701479949554 ], [ -70.341954879911569, 47.028845176341896 ], [ -70.342406308563255, 47.023666944584775 ], [ -70.349189588904537, 47.021344920265861 ] ] ] } },
{ "type": "Feature", "properties": { "hex_id": 869503, "centroid_lon": -70.347385893576671, "centroid_lat": 47.04205800757061, "occurrences_today": 13, "datetimes_today": "2026-07-24 20:02:36, 2026-07-24 20:31:41, 2026-07-24 20:47:09, 2026-07-24 21:02:52, 2026-07-24 21:31:53, 2026-07-24 21:47:22, 2026-07-24 22:02:06, 2026-07-24 22:31:39, 2026-07-24 22:46:42, 2026-07-24 23:01:38, 2026-07-24 23:17:39, 2026-07-24 23:32:04, 2026-07-24 23:47:06", "cumulative_total": 59.0 }, "geometry": { "type": "Polygon", "coordinates": [ [ [ -70.347837005216491, 47.036879747768488 ], [ -70.354171377511349, 47.039735766956035 ], [ -70.353720833806733, 47.04491407079486 ], [ -70.34693465665903, 47.047236259354747 ], [ -70.340599841728604, 47.044379823462904 ], [ -70.341051646537849, 47.039201615782126 ], [ -70.347837005216491, 47.036879747768488 ] ] ] } },
{ "type": "Feature", "properties": { "hex_id": 869504, "centroid_lon": -70.346031806815816, "centroid_lat": 47.057592738864372, "occurrences_today": 13, "datetimes_today": "2026-07-24 20:02:36, 2026-07-24 20:31:41, 2026-07-24 20:47:09, 2026-07-24 21:02:52, 2026-07-24 21:31:53, 2026-07-24 21:47:22, 2026-07-24 22:02:06, 2026-07-24 22:31:39, 2026-07-24 22:46:42, 2026-07-24 23:01:38, 2026-07-24 23:17:39, 2026-07-24 23:32:04, 2026-07-24 23:47:06", "cumulative_total": 38.0 }, "geometry": { "type": "Polygon", "coordinates": [ [ [ -70.346483294419954, 47.052414503119721 ], [ -70.352819370975524, 47.055270654443227 ], [ -70.352368451761834, 47.060448934250438 ], [ -70.345580193802988, 47.062770966587529 ], [ -70.339243674287488, 47.059914398333781 ], [ -70.339695855647093, 47.054736214739904 ], [ -70.346483294419954, 47.052414503119721 ] ] ] } },
{ "type": "Feature", "properties": { "hex_id": 869505, "centroid_lon": -70.344676591376597, "centroid_lat": 47.073127397964697, "occurrences_today": 13, "datetimes_today": "2026-07-24 20:02:36, 2026-07-24 20:31:41, 2026-07-24 20:47:09, 2026-07-24 21:02:52, 2026-07-24 21:31:53, 2026-07-24 21:47:22, 2026-07-24 22:02:06, 2026-07-24 22:31:39, 2026-07-24 22:46:42, 2026-07-24 23:01:38, 2026-07-24 23:17:39, 2026-07-24 23:32:04, 2026-07-24 23:47:06", "cumulative_total": 38.0 }, "geometry": { "type": "Polygon", "coordinates": [ [ [ -70.345128455337814, 47.067949186288033 ], [ -70.351466237520285, 47.07080546982511 ], [ -70.351014942405186, 47.075983725590255 ], [ -70.344224601875652, 47.078305601616364 ], [ -70.337886376408647, 47.075448900922936 ], [ -70.338338934711999, 47.070270741426469 ], [ -70.345128455337814, 47.067949186288033 ] ] ] } },
{ "type": "Feature", "properties": { "hex_id": 470785, "centroid_lon": -74.651321603431924, "centroid_lat": 46.177509859786554, "occurrences_today": 6, "datetimes_today": "2026-07-24 18:47:12, 2026-07-24 19:01:49, 2026-07-24 19:17:25, 2026-07-24 19:31:42, 2026-07-24 19:47:26, 2026-07-24 20:02:36", "cumulative_total": 135.0 }, "geometry": { "type": "Polygon", "coordinates": [ [ [ -74.651354441651137, 46.172313764545834 ], [ -74.65781560101918, 46.174931385545406 ], [ -74.65778336841349, 46.180127481934441 ], [ -74.651288756167233, 46.182705950264797 ], [ -74.644827000232681, 46.180087962212362 ], [ -74.644860453107825, 46.174891872948628 ], [ -74.651354441651137, 46.172313764545834 ] ] ] } },
{ "type": "Feature", "properties": { "hex_id": 643028, "centroid_lon": -72.773203749702148, "centroid_lat": 47.434531387944311, "occurrences_today": 4, "datetimes_today": "2026-07-24 05:46:52, 2026-07-24 06:18:29, 2026-07-24 06:31:43, 2026-07-24 06:47:25", "cumulative_total": 36.0 }, "geometry": { "type": "Polygon", "coordinates": [ [ [ -72.773422824041532, 47.429340270846645 ], [ -72.779938661619909, 47.43206437630964 ], [ -72.779720207244793, 47.437255513884146 ], [ -72.77298461403484, 47.439722499548246 ], [ -72.766468217830962, 47.436997992318567 ], [ -72.766687973440881, 47.43180690126043 ], [ -72.773422824041532, 47.429340270846645 ] ] ] } },
{ "type": "Feature", "properties": { "hex_id": 467708, "centroid_lon": -74.685878816051215, "centroid_lat": 45.795677130532951, "occurrences_today": 2, "datetimes_today": "2026-07-24 00:02:05, 2026-07-24 00:16:40", "cumulative_total": 197.0 }, "geometry": { "type": "Polygon", "coordinates": [ [ [ -74.685908008486493, 45.790480668409835 ], [ -74.692326633075481, 45.793096404213522 ], [ -74.692298034588376, 45.798292867111137 ], [ -74.685849615613137, 45.800873587894522 ], [ -74.679430405080112, 45.79825749023874 ], [ -74.679460199463648, 45.793061033716967 ], [ -74.685908008486493, 45.790480668409835 ] ] ] } },
{ "type": "Feature", "properties": { "hex_id": 471372, "centroid_lon": -74.647179441119846, "centroid_lat": 45.811153786150932, "occurrences_today": 52, "datetimes_today": "2026-07-24 00:02:05, 2026-07-24 00:16:40, 2026-07-24 00:31:58, 2026-07-24 00:46:49, 2026-07-24 01:01:55, 2026-07-24 01:16:40, 2026-07-24 01:33:10, 2026-07-24 01:47:11, 2026-07-24 02:01:42, 2026-07-24 02:18:40, 2026-07-24 02:31:44, 2026-07-24 02:46:50, 2026-07-24 03:01:40, 2026-07-24 03:16:36, 2026-07-24 03:31:53, 2026-07-24 03:47:12, 2026-07-24 04:02:00, 2026-07-24 04:18:15, 2026-07-24 04:31:38, 2026-07-24 04:46:53, 2026-07-24 05:01:54, 2026-07-24 05:22:07, 2026-07-24 05:33:06, 2026-07-24 05:46:52, 2026-07-24 06:18:29, 2026-07-24 06:31:43, 2026-07-24 06:47:25, 2026-07-24 07:16:53, 2026-07-24 07:31:42, 2026-07-24 08:03:56, 2026-07-24 08:18:28, 2026-07-24 08:31:40, 2026-07-24 08:46:43, 2026-07-24 09:01:53, 2026-07-24 09:31:43, 2026-07-24 09:47:55, 2026-07-24 10:01:44, 2026-07-24 10:16:49, 2026-07-24 10:31:51, 2026-07-24 10:46:43, 2026-07-24 11:01:43, 2026-07-24 11:31:41, 2026-07-24 12:02:19, 2026-07-24 12:19:32, 2026-07-24 12:32:06, 2026-07-24 12:46:46, 2026-07-24 12:59:03, 2026-07-24 13:17:09, 2026-07-24 13:33:01, 2026-07-24 13:46:46, 2026-07-24 14:02:07, 2026-07-24 14:17:02", "cumulative_total": 304.0 }, "geometry": { "type": "Polygon", "coordinates": [ [ [ -74.647212247682347, 45.805957358624447 ], [ -74.65363082178294, 45.808575260975687 ], [ -74.653598609151544, 45.813771689668542 ], [ -74.647146625562101, 45.816350208912226 ], [ -74.640727466527167, 45.813731944127639 ], [ -74.640760876012962, 45.808535522598028 ], [ -74.647212247682347, 45.805957358624447 ] ] ] } },
{ "type": "Feature", "properties": { "hex_id": 471982, "centroid_lon": -74.640794276341012, "centroid_lat": 45.803339096302544, "occurrences_today": 59, "datetimes_today": "2026-07-24 00:02:05, 2026-07-24 00:16:40, 2026-07-24 00:31:58, 2026-07-24 00:46:49, 2026-07-24 01:01:55, 2026-07-24 01:16:40, 2026-07-24 01:33:10, 2026-07-24 01:47:11, 2026-07-24 02:01:42, 2026-07-24 02:18:40, 2026-07-24 02:31:44, 2026-07-24 02:46:50, 2026-07-24 03:01:40, 2026-07-24 03:16:36, 2026-07-24 03:31:53, 2026-07-24 03:47:12, 2026-07-24 04:02:00, 2026-07-24 04:18:15, 2026-07-24 04:31:38, 2026-07-24 04:46:53, 2026-07-24 05:01:54, 2026-07-24 05:22:07, 2026-07-24 05:33:06, 2026-07-24 05:46:52, 2026-07-24 06:18:29, 2026-07-24 06:31:43, 2026-07-24 06:47:25, 2026-07-24 07:16:53, 2026-07-24 07:31:42, 2026-07-24 08:03:56, 2026-07-24 08:18:28, 2026-07-24 08:31:40, 2026-07-24 08:46:43, 2026-07-24 09:01:53, 2026-07-24 09:31:43, 2026-07-24 09:47:55, 2026-07-24 10:01:44, 2026-07-24 10:16:49, 2026-07-24 10:31:51, 2026-07-24 10:46:43, 2026-07-24 11:01:43, 2026-07-24 11:31:41, 2026-07-24 12:02:19, 2026-07-24 12:19:32, 2026-07-24 12:32:06, 2026-07-24 12:46:46, 2026-07-24 12:59:03, 2026-07-24 13:17:09, 2026-07-24 13:33:01, 2026-07-24 13:46:46, 2026-07-24 14:02:07, 2026-07-24 14:17:02, 2026-07-24 18:02:14, 2026-07-24 18:16:45, 2026-07-24 18:32:11, 2026-07-24 18:47:12, 2026-07-24 19:01:49, 2026-07-24 19:17:25, 2026-07-24 19:31:42", "cumulative_total": 342.0 }, "geometry": { "type": "Polygon", "coordinates": [ [ [ -74.640827667514415, 45.798142665241151 ], [ -74.647245045252618, 45.800760926332707 ], [ -74.647212247682347, 45.805957358624447 ], [ -74.640760876012962, 45.808535522598028 ], [ -74.634342913827851, 45.805916899108304 ], [ -74.634376907755893, 45.800720474108459 ], [ -74.640827667514415, 45.798142665241151 ] ] ] } },
{ "type": "Feature", "properties": { "hex_id": 472594, "centroid_lon": -74.634206844882101, "centroid_lat": 45.826702551442111, "occurrences_today": 3, "datetimes_today": "2026-07-24 10:46:43, 2026-07-24 11:01:43, 2026-07-24 11:31:41", "cumulative_total": 239.0 }, "geometry": { "type": "Polygon", "coordinates": [ [ [ -74.634240876109885, 45.821506145508444 ], [ -74.640660620069923, 45.824124772889249 ], [ -74.640627183092263, 45.829321180121312 ], [ -74.634172804321508, 45.831898952609279 ], [ -74.62775247544576, 45.829279962469393 ], [ -74.627787110253308, 45.82408356266599 ], [ -74.634240876109885, 45.821506145508444 ] ] ] } },
{ "type": "Feature", "properties": { "hex_id": 473203, "centroid_lon": -74.627925554561358, "centroid_lat": 45.80329791578022, "occurrences_today": 7, "datetimes_today": "2026-07-24 18:02:14, 2026-07-24 18:16:45, 2026-07-24 18:32:11, 2026-07-24 18:47:12, 2026-07-24 19:01:49, 2026-07-24 19:17:25, 2026-07-24 19:31:42", "cumulative_total": 220.0 }, "geometry": { "type": "Polygon", "coordinates": [ [ [ -74.627960141923865, 45.798101492140624 ], [ -74.634376907755893, 45.800720474108459 ], [ -74.634342913827851, 45.805916899108304 ], [ -74.627890957716232, 45.808494334652536 ], [ -74.62147360793395, 45.805874990159012 ], [ -74.6215087982103, 45.800678572712258 ], [ -74.627960141923865, 45.798101492140624 ] ] ] } },
{ "type": "Feature", "properties": { "hex_id": 476259, "centroid_lon": -74.595358687227261, "centroid_lat": 45.857750577167565, "occurrences_today": 85, "datetimes_today": "2026-07-24 00:02:05, 2026-07-24 00:16:40, 2026-07-24 00:31:58, 2026-07-24 00:46:49, 2026-07-24 01:01:55, 2026-07-24 01:16:40, 2026-07-24 01:33:10, 2026-07-24 01:47:11, 2026-07-24 02:01:42, 2026-07-24 02:18:40, 2026-07-24 02:31:44, 2026-07-24 02:46:50, 2026-07-24 03:01:40, 2026-07-24 03:16:36, 2026-07-24 03:31:53, 2026-07-24 03:47:12, 2026-07-24 04:02:00, 2026-07-24 04:18:15, 2026-07-24 04:31:38, 2026-07-24 04:46:53, 2026-07-24 05:01:54, 2026-07-24 05:22:07, 2026-07-24 05:33:06, 2026-07-24 05:46:52, 2026-07-24 06:18:29, 2026-07-24 06:31:43, 2026-07-24 06:47:25, 2026-07-24 07:16:53, 2026-07-24 07:31:42, 2026-07-24 08:03:56, 2026-07-24 08:18:28, 2026-07-24 08:31:40, 2026-07-24 08:46:43, 2026-07-24 09:01:53, 2026-07-24 09:31:43, 2026-07-24 09:47:55, 2026-07-24 10:01:44, 2026-07-24 10:16:49, 2026-07-24 10:31:51, 2026-07-24 10:46:43, 2026-07-24 11:01:43, 2026-07-24 11:31:41, 2026-07-24 12:02:19, 2026-07-24 12:19:32, 2026-07-24 12:32:06, 2026-07-24 12:46:46, 2026-07-24 12:59:03, 2026-07-24 13:17:09, 2026-07-24 13:33:01, 2026-07-24 13:46:46, 2026-07-24 14:02:07, 2026-07-24 14:17:02, 2026-07-24 14:47:11, 2026-07-24 15:02:07, 2026-07-24 15:17:47, 2026-07-24 15:31:41, 2026-07-24 15:56:02, 2026-07-24 16:16:41, 2026-07-24 16:31:40, 2026-07-24 16:47:02, 2026-07-24 17:01:51, 2026-07-24 17:16:43, 2026-07-24 17:31:38, 2026-07-24 17:46:45, 2026-07-24 18:02:14, 2026-07-24 18:16:45, 2026-07-24 18:32:11, 2026-07-24 18:47:12, 2026-07-24 19:01:49, 2026-07-24 19:17:25, 2026-07-24 19:31:42, 2026-07-24 19:47:26, 2026-07-24 20:02:36, 2026-07-24 20:31:41, 2026-07-24 20:47:09, 2026-07-24 21:02:52, 2026-07-24 21:31:53, 2026-07-24 21:47:22, 2026-07-24 22:02:06, 2026-07-24 22:31:39, 2026-07-24 22:46:42, 2026-07-24 23:01:38, 2026-07-24 23:17:39, 2026-07-24 23:32:04, 2026-07-24 23:47:06", "cumulative_total": 478.0 }, "geometry": { "type": "Polygon", "coordinates": [ [ [ -74.595396373369084, 45.852554223318741 ], [ -74.601817842032602, 45.855175024617459 ], [ -74.601780750609237, 45.860371380159251 ], [ -74.595320990746359, 45.862946926245691 ], [ -74.588898937705238, 45.860325761408468 ], [ -74.588937228901088, 45.855129414088736 ], [ -74.595396373369084, 45.852554223318741 ] ] ] } },
{ "type": "Feature", "properties": { "hex_id": 561112, "centroid_lon": -73.702598325930353, "centroid_lat": 45.749767998365087, "occurrences_today": 9, "datetimes_today": "2026-07-24 10:16:49, 2026-07-24 10:31:51, 2026-07-24 10:46:43, 2026-07-24 11:01:43, 2026-07-24 11:31:41, 2026-07-24 12:02:19, 2026-07-24 12:19:32, 2026-07-24 12:32:06, 2026-07-24 12:46:46", "cumulative_total": 137.0 }, "geometry": { "type": "Polygon", "coordinates": [ [ [ -73.702718695796179, 45.744572750303988 ], [ -73.709084914869322, 45.747243176720076 ], [ -73.708965124449946, 45.752438435404812 ], [ -73.70247792309307, 45.754963241434368 ], [ -73.69611115755049, 45.75229244420975 ], [ -73.696232139823096, 45.747097211829164 ], [ -73.702718695796179, 45.744572750303988 ] ] ] } },
{ "type": "Feature", "properties": { "hex_id": 759586, "centroid_lon": -71.556621008735874, "centroid_lat": 46.663981291960695, "occurrences_today": 5, "datetimes_today": "2026-07-24 05:33:06, 2026-07-24 05:46:52, 2026-07-24 06:18:29, 2026-07-24 06:31:43, 2026-07-24 06:47:25", "cumulative_total": 26.0 }, "geometry": { "type": "Polygon", "coordinates": [ [ [ -71.556950658728411, 46.658794937680554 ], [ -71.563309622936842, 46.661584482947362 ], [ -71.562980549003342, 46.666770869344447 ], [ -71.556291267525822, 46.669167639724876 ], [ -71.549931818491629, 46.666377692577008 ], [ -71.550262135729227, 46.66119137699625 ], [ -71.556950658728411, 46.658794937680554 ] ] ] } },
{ "type": "Feature", "properties": { "hex_id": 790110, "centroid_lon": -71.231588269826872, "centroid_lat": 46.638135248511517, "occurrences_today": 5, "datetimes_today": "2026-07-24 00:02:05, 2026-07-24 00:16:40, 2026-07-24 00:31:58, 2026-07-24 00:46:49, 2026-07-24 01:01:55", "cumulative_total": 14.0 }, "geometry": { "type": "Polygon", "coordinates": [ [ [ -71.231948668644776, 46.632950727093849 ], [ -71.238286822142044, 46.635757793595374 ], [ -71.237926993418299, 46.640942350261319 ], [ -71.23122777135282, 46.643319763064341 ], [ -71.224889147434723, 46.640512292361109 ], [ -71.225250215968558, 46.635327813122828 ], [ -71.231948668644776, 46.632950727093849 ] ] ] } },
{ "type": "Feature", "properties": { "hex_id": 412764, "centroid_lon": -75.264978505434001, "centroid_lat": 45.811391260634942, "occurrences_today": 5, "datetimes_today": "2026-07-24 00:02:05, 2026-07-24 00:16:40, 2026-07-24 00:31:58, 2026-07-24 00:46:49, 2026-07-24 01:01:55", "cumulative_total": 225.0 }, "geometry": { "type": "Polygon", "coordinates": [ [ [ -75.264953866479516, 45.806194790308822 ], [ -75.271401236076812, 45.80877792242481 ], [ -75.271426476862558, 45.813974387649672 ], [ -75.265003151144313, 45.816587726203757 ], [ -75.258555172958751, 45.814004237908222 ], [ -75.258531129081973, 45.80880776730347 ], [ -75.264953866479516, 45.806194790308822 ] ] ] } },
{ "type": "Feature", "properties": { "hex_id": 413985, "centroid_lon": -75.252107790014975, "centroid_lat": 45.811420383327707, "occurrences_today": 5, "datetimes_today": "2026-07-24 00:02:05, 2026-07-24 00:16:40, 2026-07-24 00:31:58, 2026-07-24 00:46:49, 2026-07-24 01:01:55", "cumulative_total": 216.0 }, "geometry": { "type": "Polygon", "coordinates": [ [ [ -75.25208434780879, 45.806223907752837 ], [ -75.258531129081973, 45.80880776730347 ], [ -75.258555172958751, 45.814004237908222 ], [ -75.252131238648857, 45.816616854146254 ], [ -75.245683849276276, 45.814032638283244 ], [ -75.24566100231516, 45.808836162559899 ], [ -75.25208434780879, 45.806223907752837 ] ] ] } },
{ "type": "Feature", "properties": { "hex_id": 453704, "centroid_lon": -74.832086528415104, "centroid_lat": 46.380566083605139, "occurrences_today": 18, "datetimes_today": "2026-07-24 06:18:29, 2026-07-24 06:31:43, 2026-07-24 06:47:25, 2026-07-24 07:16:53, 2026-07-24 07:31:42, 2026-07-24 08:03:56, 2026-07-24 08:18:28, 2026-07-24 08:31:40, 2026-07-24 08:46:43, 2026-07-24 09:01:53, 2026-07-24 09:31:43, 2026-07-24 09:47:55, 2026-07-24 10:01:44, 2026-07-24 10:16:49, 2026-07-24 10:31:51, 2026-07-24 10:46:43, 2026-07-24 11:01:43, 2026-07-24 11:31:41", "cumulative_total": 215.0 }, "geometry": { "type": "Polygon", "coordinates": [ [ [ -74.832102454835734, 46.375370099730723 ], [ -74.838596130512457, 46.37797745350943 ], [ -74.838580818674217, 46.383173436698954 ], [ -74.832070597595916, 46.385762062732525 ], [ -74.825576311736128, 46.383154341118519 ], [ -74.825592857136201, 46.377958361372919 ], [ -74.832102454835734, 46.375370099730723 ] ] ] } },
{ "type": "Feature", "properties": { "hex_id": 454315, "centroid_lon": -74.825559761766399, "centroid_lat": 46.388350316116764, "occurrences_today": 18, "datetimes_today": "2026-07-24 06:18:29, 2026-07-24 06:31:43, 2026-07-24 06:47:25, 2026-07-24 07:16:53, 2026-07-24 07:31:42, 2026-07-24 08:03:56, 2026-07-24 08:18:28, 2026-07-24 08:31:40, 2026-07-24 08:46:43, 2026-07-24 09:01:53, 2026-07-24 09:31:43, 2026-07-24 09:47:55, 2026-07-24 10:01:44, 2026-07-24 10:16:49, 2026-07-24 10:31:51, 2026-07-24 10:46:43, 2026-07-24 11:01:43, 2026-07-24 11:31:41", "cumulative_total": 215.0 }, "geometry": { "type": "Polygon", "coordinates": [ [ [ -74.825576311736128, 46.383154341118519 ], [ -74.832070597595916, 46.385762062732525 ], [ -74.832054662376635, 46.39095803711291 ], [ -74.825543207225422, 46.393546286367723 ], [ -74.819048311187203, 46.39093819675189 ], [ -74.819065480477065, 46.385742225949791 ], [ -74.825576311736128, 46.383154341118519 ] ] ] } },
{ "type": "Feature", "properties": { "hex_id": 627674, "centroid_lon": -72.992465173266041, "centroid_lat": 46.012313686866555, "occurrences_today": 2, "datetimes_today": "2026-07-24 06:18:29, 2026-07-24 09:01:53", "cumulative_total": 58.0 }, "geometry": { "type": "Polygon", "coordinates": [ [ [ -72.992653117959264, 46.007120538477665 ], [ -72.999013584715769, 46.009830344833375 ], [ -72.998826217597127, 46.015023510957107 ], [ -72.992277176941442, 46.01750682991922 ], [ -72.985916184250485, 46.014796642807589 ], [ -72.9861047581321, 46.009603517555277 ], [ -72.992653117959264, 46.007120538477665 ] ] ] } },
{ "type": "Feature", "properties": { "hex_id": 628285, "centroid_lon": -72.985727558563241, "centroid_lat": 46.019989762719774, "occurrences_today": 2, "datetimes_today": "2026-07-24 06:18:29, 2026-07-24 09:01:53", "cumulative_total": 29.0 }, "geometry": { "type": "Polygon", "coordinates": [ [ [ -72.985916184250485, 46.014796642807589 ], [ -72.992277176941442, 46.01750682991922 ], [ -72.992089128967947, 46.022699967635482 ], [ -72.985538881052761, 46.025182877291634 ], [ -72.979177362480087, 46.022472309263208 ], [ -72.979366617686679, 46.017279212560929 ], [ -72.985916184250485, 46.014796642807589 ] ] ] } },
{ "type": "Feature", "properties": { "hex_id": 628895, "centroid_lon": -72.979555820913362, "centroid_lat": 46.012086110514609, "occurrences_today": 2, "datetimes_today": "2026-07-24 06:18:29, 2026-07-24 09:01:53", "cumulative_total": 68.0 }, "geometry": { "type": "Polygon", "coordinates": [ [ [ -72.979744972177784, 46.006893003124446 ], [ -72.9861047581321, 46.009603517555277 ], [ -72.985916184250485, 46.014796642807589 ], [ -72.979366617686679, 46.017279212560929 ], [ -72.97300630632067, 46.014568317260178 ], [ -72.973196086912466, 46.009375233141533 ], [ -72.979744972177784, 46.006893003124446 ] ] ] } },
{ "type": "Feature", "properties": { "hex_id": 628896, "centroid_lon": -72.978988055275892, "centroid_lat": 46.027665400621274, "occurrences_today": 2, "datetimes_today": "2026-07-24 06:18:29, 2026-07-24 09:01:53", "cumulative_total": 65.0 }, "geometry": { "type": "Polygon", "coordinates": [ [ [ -72.979177362480087, 46.022472309263208 ], [ -72.985538881052761, 46.025182877291634 ], [ -72.985350151701425, 46.030375986523026 ], [ -72.978798696056415, 46.03285848663495 ], [ -72.972436651655002, 46.030147537528826 ], [ -72.972626588709659, 46.024954469454009 ], [ -72.979177362480087, 46.022472309263208 ] ] ] } },
{ "type": "Feature", "properties": { "hex_id": 629505, "centroid_lon": -72.973385815385413, "centroid_lat": 46.004182143675294, "occurrences_today": 2, "datetimes_today": "2026-07-24 06:18:29, 2026-07-24 09:01:53", "cumulative_total": 91.0 }, "geometry": { "type": "Polygon", "coordinates": [ [ [ -72.973575491757231, 45.998989048861681 ], [ -72.979934071497595, 46.00169989039064 ], [ -72.979744972177784, 46.006893003124446 ], [ -72.973196086912466, 46.009375233141533 ], [ -72.966836982230092, 46.006664010789535 ], [ -72.967027287737338, 46.001470939308994 ], [ -72.973575491757231, 45.998989048861681 ] ] ] } },
{ "type": "Feature", "properties": { "hex_id": 629506, "centroid_lon": -72.972816473592303, "centroid_lat": 46.019761396031079, "occurrences_today": 2, "datetimes_today": "2026-07-24 06:18:29, 2026-07-24 09:01:53", "cumulative_total": 65.0 }, "geometry": { "type": "Polygon", "coordinates": [ [ [ -72.97300630632067, 46.014568317260178 ], [ -72.979366617686679, 46.017279212560929 ], [ -72.979177362480087, 46.022472309263208 ], [ -72.972626588709659, 46.024954469454009 ], [ -72.966265751985034, 46.022243193122513 ], [ -72.966456214371718, 46.017050137696479 ], [ -72.97300630632067, 46.014568317260178 ] ] ] } },
{ "type": "Feature", "properties": { "hex_id": 629507, "centroid_lon": -72.972246662410555, "centroid_lat": 46.035340600255324, "occurrences_today": 2, "datetimes_today": "2026-07-24 06:18:29, 2026-07-24 09:01:53", "cumulative_total": 65.0 }, "geometry": { "type": "Polygon", "coordinates": [ [ [ -72.972436651655002, 46.030147537528826 ], [ -72.978798696056415, 46.03285848663495 ], [ -72.978609284803952, 46.038051567304038 ], [ -72.972056620958597, 46.040533657633304 ], [ -72.965694050781607, 46.037822327288588 ], [ -72.965884670207785, 46.032629287918759 ], [ -72.972436651655002, 46.030147537528826 ] ] ] } },
{ "type": "Feature", "properties": { "hex_id": 630115, "centroid_lon": -72.967217540986994, "centroid_lat": 45.996277862477314, "occurrences_today": 2, "datetimes_today": "2026-07-24 06:18:29, 2026-07-24 09:01:53", "cumulative_total": 108.0 }, "geometry": { "type": "Polygon", "coordinates": [ [ [ -72.967407741996766, 45.991084780294706 ], [ -72.973765116045612, 45.993795948700857 ], [ -72.973575491757231, 45.998989048861681 ], [ -72.967027287737338, 46.001470939308994 ], [ -72.960669389215809, 45.998759390126729 ], [ -72.960860219169135, 45.993566331338727 ], [ -72.967407741996766, 45.991084780294706 ] ] ] } },
{ "type": "Feature", "properties": { "hex_id": 630116, "centroid_lon": -72.966646624447478, "centroid_lat": 46.011857076918758, "occurrences_today": 2, "datetimes_today": "2026-07-24 06:18:29, 2026-07-24 09:01:53", "cumulative_total": 68.0 }, "geometry": { "type": "Polygon", "coordinates": [ [ [ -72.966836982230092, 46.006664010789535 ], [ -72.973196086912466, 46.009375233141533 ], [ -72.97300630632067, 46.014568317260178 ], [ -72.966456214371718, 46.017050137696479 ], [ -72.960096584800539, 46.014338534360689 ], [ -72.960287572049339, 46.009145491637902 ], [ -72.966836982230092, 46.006664010789535 ] ] ] } },
{ "type": "Feature", "properties": { "hex_id": 630117, "centroid_lon": -72.966075237269663, "centroid_lat": 46.027436243196661, "occurrences_today": 2, "datetimes_today": "2026-07-24 06:18:29, 2026-07-24 09:01:53", "cumulative_total": 65.0 }, "geometry": { "type": "Polygon", "coordinates": [ [ [ -72.966265751985034, 46.022243193122513 ], [ -72.972626588709659, 46.024954469454009 ], [ -72.972436651655002, 46.030147537528826 ], [ -72.965884670207785, 46.032629287918759 ], [ -72.95952330817785, 46.029917630395637 ], [ -72.959714452882636, 46.024724603739742 ], [ -72.966265751985034, 46.022243193122513 ] ] ] } },
{ "type": "Feature", "properties": { "hex_id": 630118, "centroid_lon": -72.96550337897331, "centroid_lat": 46.043015361305983, "occurrences_today": 2, "datetimes_today": "2026-07-24 06:18:29, 2026-07-24 09:01:53", "cumulative_total": 65.0 }, "geometry": { "type": "Polygon", "coordinates": [ [ [ -72.965694050781607, 46.037822327288588 ], [ -72.972056620958597, 46.040533657633304 ], [ -72.971866527281364, 46.045726709662617 ], [ -72.9653126547651, 46.048208389970746 ], [ -72.958949558865896, 46.045496678226478 ], [ -72.959140861187336, 46.040303667639186 ], [ -72.965694050781607, 46.037822327288588 ] ] ] } },
{ "type": "Feature", "properties": { "hex_id": 630725, "centroid_lon": -72.961050996726215, "centroid_lat": 45.98837326719606, "occurrences_today": 2, "datetimes_today": "2026-07-24 06:18:29, 2026-07-24 09:01:53", "cumulative_total": 88.0 }, "geometry": { "type": "Polygon", "coordinates": [ [ [ -72.961241721904884, 45.983180197698871 ], [ -72.967597890784461, 45.985891692761349 ], [ -72.967407741996766, 45.991084780294706 ], [ -72.960860219169135, 45.993566331338727 ], [ -72.95450352628589, 45.990854455547073 ], [ -72.954694880216167, 45.985661409506022 ], [ -72.961241721904884, 45.983180197698871 ] ] ] } },
{ "type": "Feature", "properties": { "hex_id": 630726, "centroid_lon": -72.960478506848503, "centroid_lat": 46.003952443559839, "occurrences_today": 2, "datetimes_today": "2026-07-24 06:18:29, 2026-07-24 09:01:53", "cumulative_total": 108.0 }, "geometry": { "type": "Polygon", "coordinates": [ [ [ -72.960669389215809, 45.998759390126729 ], [ -72.967027287737338, 46.001470939308994 ], [ -72.966836982230092, 46.006664010789535 ], [ -72.960287572049339, 46.009145491637902 ], [ -72.95392914910849, 46.006433561518811 ], [ -72.954120660749908, 46.001240531553677 ], [ -72.960669389215809, 45.998759390126729 ] ] ] } },
{ "type": "Feature", "properties": { "hex_id": 630727, "centroid_lon": -72.95990554508424, "centroid_lat": 46.019531571728052, "occurrences_today": 2, "datetimes_today": "2026-07-24 06:18:29, 2026-07-24 09:01:53", "cumulative_total": 65.0 }, "geometry": { "type": "Polygon", "coordinates": [ [ [ -72.960096584800539, 46.014338534360689 ], [ -72.966456214371718, 46.017050137696479 ], [ -72.966265751985034, 46.022243193122513 ], [ -72.959714452882636, 46.024724603739742 ], [ -72.953354298476071, 46.022012619259364 ], [ -72.95354596798947, 46.01681960537185 ], [ -72.960096584800539, 46.014338534360689 ] ] ] } },
{ "type": "Feature", "properties": { "hex_id": 630728, "centroid_lon": -72.959332110952047, "centroid_lat": 46.035110651695518, "occurrences_today": 2, "datetimes_today": "2026-07-24 06:18:29, 2026-07-24 09:01:53", "cumulative_total": 65.0 }, "geometry": { "type": "Polygon", "coordinates": [ [ [ -72.95952330817785, 46.029917630395637 ], [ -72.965884670207785, 46.032629287918759 ], [ -72.965694050781607, 46.037822327288588 ], [ -72.959140861187336, 46.040303667639186 ], [ -72.952778973905595, 46.037591628763572 ], [ -72.952970801452054, 46.032398630955413 ], [ -72.95952330817785, 46.029917630395637 ] ] ] } },
{ "type": "Feature", "properties": { "hex_id": 631335, "centroid_lon": -72.954886181611798, "centroid_lat": 45.980468358106691, "occurrences_today": 2, "datetimes_today": "2026-07-24 06:18:29, 2026-07-24 09:01:53", "cumulative_total": 73.0 }, "geometry": { "type": "Polygon", "coordinates": [ [ [ -72.955077430490604, 45.975275301349306 ], [ -72.96143239472292, 45.977987122847374 ], [ -72.961241721904884, 45.983180197698871 ], [ -72.954694880216167, 45.985661409506022 ], [ -72.948339392448815, 45.982949207325774 ], [ -72.948531269887368, 45.977756174085989 ], [ -72.955077430490604, 45.975275301349306 ] ] ] } },
{ "type": "Feature", "properties": { "hex_id": 631336, "centroid_lon": -72.954312119803078, "centroid_lat": 45.996047496229686, "occurrences_today": 2, "datetimes_today": "2026-07-24 06:18:29, 2026-07-24 09:01:53", "cumulative_total": 108.0 }, "geometry": { "type": "Polygon", "coordinates": [ [ [ -72.95450352628589, 45.990854455547073 ], [ -72.960860219169135, 45.993566331338727 ], [ -72.960669389215809, 45.998759390126729 ], [ -72.954120660749908, 46.001240531553677 ], [ -72.947763443916458, 45.998528274872214 ], [ -72.94795547948128, 45.993335257719075 ], [ -72.95450352628589, 45.990854455547073 ] ] ] } },
{ "type": "Feature", "properties": { "hex_id": 631337, "centroid_lon": -72.953737584860974, "centroid_lat": 46.011626586124933, "occurrences_today": 2, "datetimes_today": "2026-07-24 06:18:29, 2026-07-24 09:01:53", "cumulative_total": 73.0 }, "geometry": { "type": "Polygon", "coordinates": [ [ [ -72.95392914910849, 46.006433561518811 ], [ -72.960287572049339, 46.009145491637902 ], [ -72.960096584800539, 46.014338534360689 ], [ -72.95354596798947, 46.01681960537185 ], [ -72.947187020682847, 46.014107294155217 ], [ -72.947379214535161, 46.008914293090477 ], [ -72.95392914910849, 46.006433561518811 ] ] ] } },
{ "type": "Feature", "properties": { "hex_id": 631338, "centroid_lon": -72.953162576302915, "centroid_lat": 46.027205627787275, "occurrences_today": 2, "datetimes_today": "2026-07-24 06:18:29, 2026-07-24 09:01:53", "cumulative_total": 73.0 }, "geometry": { "type": "Polygon", "coordinates": [ [ [ -72.953354298476071, 46.022012619259364 ], [ -72.959714452882636, 46.024724603739742 ], [ -72.95952330817785, 46.029917630395637 ], [ -72.952970801452054, 46.032398630955413 ], [ -72.946610122263763, 46.029686265169595 ], [ -72.946802474565089, 46.02449328019496 ], [ -72.953354298476071, 46.022012619259364 ] ] ] } },
{ "type": "Feature", "properties": { "hex_id": 631339, "centroid_lon": -72.952587093645619, "centroid_lat": 46.042784621211567, "occurrences_today": 2, "datetimes_today": "2026-07-24 06:18:29, 2026-07-24 09:01:53", "cumulative_total": 73.0 }, "geometry": { "type": "Polygon", "coordinates": [ [ [ -72.952778973905595, 46.037591628763572 ], [ -72.959140861187336, 46.040303667639186 ], [ -72.958949558865896, 46.045496678226478 ], [ -72.952395160654177, 46.047977608299213 ], [ -72.946032748174332, 46.045265187910182 ], [ -72.946225259086361, 46.040072219027387 ], [ -72.952778973905595, 46.037591628763572 ] ] ] } },
{ "type": "Feature", "properties": { "hex_id": 631945, "centroid_lon": -72.948723094652962, "centroid_lat": 45.972563135484364, "occurrences_today": 2, "datetimes_today": "2026-07-24 06:18:29, 2026-07-24 09:01:53", "cumulative_total": 79.0 }, "geometry": { "type": "Polygon", "coordinates": [ [ [ -72.948914866763445, 45.967370091521104 ], [ -72.955268626870392, 45.970082239234046 ], [ -72.955077430490604, 45.975275301349306 ], [ -72.948531269887368, 45.977756174085989 ], [ -72.942176986713761, 45.975043645737863 ], [ -72.942369387192144, 45.969850625353637 ], [ -72.948914866763445, 45.967370091521104 ] ] ] } },
{ "type": "Feature", "properties": { "hex_id": 631946, "centroid_lon": -72.948147462319426, "centroid_lat": 45.988142235203547, "occurrences_today": 2, "datetimes_today": "2026-07-24 06:18:29, 2026-07-24 09:01:53", "cumulative_total": 108.0 }, "geometry": { "type": "Polygon", "coordinates": [ [ [ -72.948339392448815, 45.982949207325774 ], [ -72.954694880216167, 45.985661409506022 ], [ -72.95450352628589, 45.990854455547073 ], [ -72.94795547948128, 45.993335257719075 ], [ -72.941599468232525, 45.990622674696056 ], [ -72.941792027251893, 45.985429670409268 ], [ -72.948339392448815, 45.982949207325774 ] ] ] } },
{ "type": "Feature", "properties": { "hex_id": 631947, "centroid_lon": -72.947571355607067, "centroid_lat": 46.003721286662739, "occurrences_today": 2, "datetimes_today": "2026-07-24 06:18:29, 2026-07-24 09:01:53", "cumulative_total": 73.0 }, "geometry": { "type": "Polygon", "coordinates": [ [ [ -72.947763443916458, 45.998528274872214 ], [ -72.954120660749908, 46.001240531553677 ], [ -72.95392914910849, 46.006433561518811 ], [ -72.947379214535161, 46.008914293090477 ], [ -72.941021473805222, 46.006201655358517 ], [ -72.941214191527166, 46.001008667170886 ], [ -72.947763443916458, 45.998528274872214 ] ] ] } },
{ "type": "Feature", "properties": { "hex_id": 631948, "centroid_lon": -72.946994774032135, "centroid_lat": 46.01930028985678, "occurrences_today": 2, "datetimes_today": "2026-07-24 06:18:29, 2026-07-24 09:01:53", "cumulative_total": 138.0 }, "geometry": { "type": "Polygon", "coordinates": [ [ [ -72.947187020682847, 46.014107294155217 ], [ -72.95354596798947, 46.01681960537185 ], [ -72.953354298476071, 46.022012619259364 ], [ -72.946802474565089, 46.02449328019496 ], [ -72.940443002946452, 46.021780587720016 ], [ -72.940635879532849, 46.016587615633277 ], [ -72.947187020682847, 46.014107294155217 ] ] ] } },
{ "type": "Feature", "properties": { "hex_id": 631949, "centroid_lon": -72.94641771711018, "centroid_lat": 46.034879244780463, "occurrences_today": 2, "datetimes_today": "2026-07-24 06:18:29, 2026-07-24 09:01:53", "cumulative_total": 146.0 }, "geometry": { "type": "Polygon", "coordinates": [ [ [ -72.946610122263763, 46.029686265169595 ], [ -72.952970801452054, 46.032398630955413 ], [ -72.952778973905595, 46.037591628763572 ], [ -72.946225259086361, 46.040072219027387 ], [ -72.939864055170176, 46.037359471775289 ], [ -72.940057090783128, 46.032166515791204 ], [ -72.946610122263763, 46.029686265169595 ] ] ] } },
{ "type": "Feature", "properties": { "hex_id": 632555, "centroid_lon": -72.942561734859453, "centroid_lat": 45.964657599604003, "occurrences_today": 2, "datetimes_today": "2026-07-24 06:18:29, 2026-07-24 09:01:53", "cumulative_total": 46.0 }, "geometry": { "type": "Polygon", "coordinates": [ [ [ -72.942754029733578, 45.959464568489146 ], [ -72.949106586236738, 45.962177042196394 ], [ -72.948914866763445, 45.967370091521104 ], [ -72.942369387192144, 45.969850625353637 ], [ -72.936016308090302, 45.967137771058233 ], [ -72.936209231140495, 45.961944763583851 ], [ -72.942754029733578, 45.959464568489146 ] ] ] } },
{ "type": "Feature", "properties": { "hex_id": 632556, "centroid_lon": -72.941984533406313, "centroid_lat": 45.980236660756454, "occurrences_today": 2, "datetimes_today": "2026-07-24 06:18:29, 2026-07-24 09:01:53", "cumulative_total": 144.0 }, "geometry": { "type": "Polygon", "coordinates": [ [ [ -72.942176986713761, 45.975043645737863 ], [ -72.948531269887368, 45.977756174085989 ], [ -72.948339392448815, 45.982949207325774 ], [ -72.941792027251893, 45.985429670409268 ], [ -72.935437221065328, 45.982716761265422 ], [ -72.935630303070695, 45.977523769899221 ], [ -72.942176986713761, 45.975043645737863 ] ] ] } },
{ "type": "Feature", "properties": { "hex_id": 632557, "centroid_lon": -72.941406856330275, "centroid_lat": 45.995815673616661, "occurrences_today": 2, "datetimes_today": "2026-07-24 06:18:29, 2026-07-24 09:01:53", "cumulative_total": 148.0 }, "geometry": { "type": "Polygon", "coordinates": [ [ [ -72.941599468232525, 45.990622674696056 ], [ -72.94795547948128, 45.993335257719075 ], [ -72.947763443916458, 45.998528274872214 ], [ -72.941214191527166, 46.001008667170886 ], [ -72.934857656850824, 45.998295703144471 ], [ -72.935050897973397, 45.993102727888235 ], [ -72.941599468232525, 45.990622674696056 ] ] ] } },
{ "type": "Feature", "properties": { "hex_id": 632558, "centroid_lon": -72.940828703146437, "centroid_lat": 46.011394638179375, "occurrences_today": 2, "datetimes_today": "2026-07-24 06:18:29, 2026-07-24 09:01:53", "cumulative_total": 144.0 }, "geometry": { "type": "Polygon", "coordinates": [ [ [ -72.941021473805222, 46.006201655358517 ], [ -72.947379214535161, 46.008914293090477 ], [ -72.947187020682847, 46.014107294155217 ], [ -72.940635879532849, 46.016587615633277 ], [ -72.934277614960266, 46.013874596690123 ], [ -72.934471015362291, 46.008681637545614 ], [ -72.941021473805222, 46.006201655358517 ] ] ] } },
{ "type": "Feature", "properties": { "hex_id": 632560, "centroid_lon": -72.939670966512281, "centroid_lat": 46.042552422391438, "occurrences_today": 2, "datetimes_today": "2026-07-24 06:18:29, 2026-07-24 09:01:53", "cumulative_total": 171.0 }, "geometry": { "type": "Polygon", "coordinates": [ [ [ -72.939864055170176, 46.037359471775289 ], [ -72.946225259086361, 46.040072219027387 ], [ -72.946032748174332, 46.045265187910182 ], [ -72.939477824791453, 46.047745367639465 ], [ -72.933116096201402, 46.0450322387602 ], [ -72.933309815650034, 46.039839311844368 ], [ -72.939864055170176, 46.037359471775289 ] ] ] } },
{ "type": "Feature", "properties": { "hex_id": 633164, "centroid_lon": -72.936980394030002, "centroid_lat": 45.941172679998111, "occurrences_today": 2, "datetimes_today": "2026-07-24 06:18:29, 2026-07-24 09:01:53", "cumulative_total": 128.0 }, "geometry": { "type": "Polygon", "coordinates": [ [ [ -72.937173052514325, 45.935979645680597 ], [ -72.943522681656432, 45.938692390381341 ], [ -72.943330597775955, 45.943885442955171 ], [ -72.936787682668395, 45.946365708947376 ], [ -72.930437531808678, 45.943652583912929 ], [ -72.930630817756196, 45.938459573285307 ], [ -72.937173052514325, 45.935979645680597 ] ] ] } },
{ "type": "Feature", "properties": { "hex_id": 633165, "centroid_lon": -72.936402101241598, "centroid_lat": 45.956751750740445, "occurrences_today": 2, "datetimes_today": "2026-07-24 06:18:29, 2026-07-24 09:01:53", "cumulative_total": 249.0 }, "geometry": { "type": "Polygon", "coordinates": [ [ [ -72.936594918411586, 45.951558732528213 ], [ -72.942946271832412, 45.954271532009251 ], [ -72.942754029733578, 45.959464568489146 ], [ -72.936209231140495, 45.961944763583851 ], [ -72.929857355588638, 45.959231583561674 ], [ -72.930050800742904, 45.954038589051301 ], [ -72.936594918411586, 45.951558732528213 ] ] ] } },
{ "type": "Feature", "properties": { "hex_id": 633166, "centroid_lon": -72.935823332073014, "centroid_lat": 45.972330773163428, "occurrences_today": 2, "datetimes_today": "2026-07-24 06:18:29, 2026-07-24 09:01:53", "cumulative_total": 117.0 }, "geometry": { "type": "Polygon", "coordinates": [ [ [ -72.936016308090302, 45.967137771058233 ], [ -72.942369387192144, 45.969850625353637 ], [ -72.942176986713761, 45.975043645737863 ], [ -72.935630303070695, 45.977523769899221 ], [ -72.929276701424016, 45.974810534855187 ], [ -72.92947030594722, 45.969617556463824 ], [ -72.936016308090302, 45.967137771058233 ] ] ] } },
{ "type": "Feature", "properties": { "hex_id": 633167, "centroid_lon": -72.935244086038892, "centroid_lat": 45.987909747261831, "occurrences_today": 2, "datetimes_today": "2026-07-24 06:18:29, 2026-07-24 09:01:53", "cumulative_total": 144.0 }, "geometry": { "type": "Polygon", "coordinates": [ [ [ -72.935437221065328, 45.982716761265422 ], [ -72.941792027251893, 45.985429670409268 ], [ -72.941599468232525, 45.990622674696056 ], [ -72.935050897973397, 45.993102727888235 ], [ -72.928695568827834, 45.99038943778811 ], [ -72.928889332882392, 45.985196475517526 ], [ -72.935437221065328, 45.982716761265422 ] ] ] } },
{ "type": "Feature", "properties": { "hex_id": 633168, "centroid_lon": -72.934664362653137, "centroid_lat": 46.003488673030326, "occurrences_today": 2, "datetimes_today": "2026-07-24 06:18:29, 2026-07-24 09:01:53", "cumulative_total": 144.0 }, "geometry": { "type": "Polygon", "coordinates": [ [ [ -72.934857656850824, 45.998295703144471 ], [ -72.941214191527166, 46.001008667170886 ], [ -72.941021473805222, 46.006201655358517 ], [ -72.934471015362291, 46.008681637545614 ], [ -72.928113957312391, 46.005968292355149 ], [ -72.928307881060931, 46.000775346207114 ], [ -72.934857656850824, 45.998295703144471 ] ] ] } },
{ "type": "Feature", "properties": { "hex_id": 633169, "centroid_lon": -72.934084161428999, "centroid_lat": 46.019067550463689, "occurrences_today": 2, "datetimes_today": "2026-07-24 06:18:29, 2026-07-24 09:01:53", "cumulative_total": 171.0 }, "geometry": { "type": "Polygon", "coordinates": [ [ [ -72.934277614960266, 46.013874596690123 ], [ -72.940635879532849, 46.016587615633277 ], [ -72.940443002946452, 46.021780587720016 ], [ -72.9338906547504, 46.024260498866063 ], [ -72.927531866389302, 46.021547098550997 ], [ -72.927725949994695, 46.016354168527293 ], [ -72.934277614960266, 46.013874596690123 ] ] ] } },
{ "type": "Feature", "properties": { "hex_id": 633774, "centroid_lon": -72.930824050670793, "centroid_lat": 45.933266557285663, "occurrences_today": 2, "datetimes_today": "2026-07-24 06:18:29, 2026-07-24 09:01:53", "cumulative_total": 137.0 }, "geometry": { "type": "Polygon", "coordinates": [ [ [ -72.931017230570461, 45.928073535914208 ], [ -72.937365658139313, 45.930786605995053 ], [ -72.937173052514325, 45.935979645680597 ], [ -72.930630817756196, 45.938459573285307 ], [ -72.924281868936603, 45.935746122917777 ], [ -72.924475676107875, 45.930553125297521 ], [ -72.931017230570461, 45.928073535914208 ] ] ] } },
{ "type": "Feature", "properties": { "hex_id": 633775, "centroid_lon": -72.93024419281025, "centroid_lat": 45.948845589168322, "occurrences_today": 2, "datetimes_today": "2026-07-24 06:18:29, 2026-07-24 09:01:53", "cumulative_total": 120.0 }, "geometry": { "type": "Polygon", "coordinates": [ [ [ -72.930437531808678, 45.943652583912929 ], [ -72.936787682668395, 45.946365708947376 ], [ -72.936594918411586, 45.951558732528213 ], [ -72.930050800742904, 45.954038589051301 ], [ -72.923700128219494, 45.951325083522846 ], [ -72.923894095010453, 45.946132102030639 ], [ -72.930437531808678, 45.943652583912929 ] ] ] } },
{ "type": "Feature", "properties": { "hex_id": 633776, "centroid_lon": -72.929663857329416, "centroid_lat": 45.964424572699251, "occurrences_today": 2, "datetimes_today": "2026-07-24 06:18:29, 2026-07-24 09:01:53", "cumulative_total": 117.0 }, "geometry": { "type": "Polygon", "coordinates": [ [ [ -72.929857355588638, 45.959231583561674 ], [ -72.936209231140495, 45.961944763583851 ], [ -72.936016308090302, 45.967137771058233 ], [ -72.92947030594722, 45.969617556463824 ], [ -72.923117908318346, 45.966903995740147 ], [ -72.923312034891524, 45.961711030377799 ], [ -72.929857355588638, 45.959231583561674 ] ] ] } },
{ "type": "Feature", "properties": { "hex_id": 633777, "centroid_lon": -72.929083043741755, "centroid_lat": 45.98000350787315, "occurrences_today": 2, "datetimes_today": "2026-07-24 06:18:29, 2026-07-24 09:01:53", "cumulative_total": 133.0 }, "geometry": { "type": "Polygon", "coordinates": [ [ [ -72.929276701424016, 45.974810534855187 ], [ -72.935630303070695, 45.977523769899221 ], [ -72.935437221065328, 45.982716761265422 ], [ -72.928889332882392, 45.985196475517526 ], [ -72.922535208744961, 45.982482859564378 ], [ -72.922729495263155, 45.977289910333646 ], [ -72.929276701424016, 45.974810534855187 ] ] ] } },
{ "type": "Feature", "properties": { "hex_id": 633778, "centroid_lon": -72.928501751560034, "centroid_lat": 45.99558239468471, "occurrences_today": 2, "datetimes_today": "2026-07-24 06:18:29, 2026-07-24 09:01:53", "cumulative_total": 171.0 }, "geometry": { "type": "Polygon", "coordinates": [ [ [ -72.928695568827834, 45.99038943778811 ], [ -72.935050897973397, 45.993102727888235 ], [ -72.934857656850824, 45.998295703144471 ], [ -72.928307881060931, 46.000775346207114 ], [ -72.921952029010512, 45.998061674990133 ], [ -72.922146475636765, 45.992868741892806 ], [ -72.928695568827834, 45.99038943778811 ] ] ] } },
{ "type": "Feature", "properties": { "hex_id": 633779, "centroid_lon": -72.927919980296352, "centroid_lat": 46.011161233128604, "occurrences_today": 2, "datetimes_today": "2026-07-24 06:18:29, 2026-07-24 09:01:53", "cumulative_total": 171.0 }, "geometry": { "type": "Polygon", "coordinates": [ [ [ -72.928113957312391, 46.005968292355149 ], [ -72.934471015362291, 46.008681637545614 ], [ -72.934277614960266, 46.013874596690123 ], [ -72.927725949994695, 46.016354168527293 ], [ -72.921368368625437, 46.013640442012111 ], [ -72.921562975523003, 46.008447525049988 ], [ -72.928113957312391, 46.005968292355149 ] ] ] } },
{ "type": "Feature", "properties": { "hex_id": 634384, "centroid_lon": -72.924669430108708, "centroid_lat": 45.925360122301647, "occurrences_today": 2, "datetimes_today": "2026-07-24 06:18:29, 2026-07-24 09:01:53", "cumulative_total": 123.0 }, "geometry": { "type": "Polygon", "coordinates": [ [ [ -72.924863130957092, 45.920167113930333 ], [ -72.931210357473176, 45.922880509171122 ], [ -72.931017230570461, 45.928073535914208 ], [ -72.924475676107875, 45.930553125297521 ], [ -72.918127928807579, 45.927839349817148 ], [ -72.918322256736047, 45.922646365258338 ], [ -72.924863130957092, 45.920167113930333 ] ] ] } },
{ "type": "Feature", "properties": { "hex_id": 634385, "centroid_lon": -72.924088008576803, "centroid_lat": 45.940939115162223, "occurrences_today": 2, "datetimes_today": "2026-07-24 06:18:29, 2026-07-24 09:01:53", "cumulative_total": 123.0 }, "geometry": { "type": "Polygon", "coordinates": [ [ [ -72.924281868936603, 45.935746122917777 ], [ -72.930630817756196, 45.938459573285307 ], [ -72.930437531808678, 45.943652583912929 ], [ -72.923894095010453, 45.946132102030639 ], [ -72.91754462499415, 45.943418271216196 ], [ -72.91773911295472, 45.938225302796276 ], [ -72.924281868936603, 45.935746122917777 ] ] ] } },
{ "type": "Feature", "properties": { "hex_id": 634386, "centroid_lon": -72.923506108185876, "centroid_lat": 45.956518059638633, "occurrences_today": 2, "datetimes_today": "2026-07-24 06:18:29, 2026-07-24 09:01:53", "cumulative_total": 250.0 }, "geometry": { "type": "Polygon", "coordinates": [ [ [ -72.923700128219494, 45.951325083522846 ], [ -72.930050800742904, 45.954038589051301 ], [ -72.929857355588638, 45.959231583561674 ], [ -72.923312034891524, 45.961711030377799 ], [ -72.916960840758534, 45.958997144194939 ], [ -72.917155488914176, 45.953804191915722 ], [ -72.923700128219494, 45.951325083522846 ] ] ] } },
{ "type": "Feature", "properties": { "hex_id": 634387, "centroid_lon": -72.922923728448254, "centroid_lat": 45.972096955725497, "occurrences_today": 2, "datetimes_today": "2026-07-24 06:18:29, 2026-07-24 09:01:53", "cumulative_total": 148.0 }, "geometry": { "type": "Polygon", "coordinates": [ [ [ -72.923117908318346, 45.966903995740147 ], [ -72.92947030594722, 45.969617556463824 ], [ -72.929276701424016, 45.974810534855187 ], [ -72.922729495263155, 45.977289910333646 ], [ -72.916376575611451, 45.974575968748013 ], [ -72.916571384125319, 45.969383032611276 ], [ -72.923117908318346, 45.966903995740147 ] ] ] } },
{ "type": "Feature", "properties": { "hex_id": 634388, "centroid_lon": -72.922340868875537, "centroid_lat": 45.987675803417517, "occurrences_today": 2, "datetimes_today": "2026-07-24 06:18:29, 2026-07-24 09:01:53", "cumulative_total": 160.0 }, "geometry": { "type": "Polygon", "coordinates": [ [ [ -72.922535208744961, 45.982482859564378 ], [ -72.928889332882392, 45.985196475517526 ], [ -72.928695568827834, 45.99038943778811 ], [ -72.922146475636765, 45.992868741892806 ], [ -72.915791829062883, 45.99015474486999 ], [ -72.915986798098388, 45.984961824877558 ], [ -72.922535208744961, 45.982482859564378 ] ] ] } },
{ "type": "Feature", "properties": { "hex_id": 634389, "centroid_lon": -72.921757528978645, "centroid_lat": 46.003254602709262, "occurrences_today": 2, "datetimes_today": "2026-07-24 06:18:29, 2026-07-24 09:01:53", "cumulative_total": 171.0 }, "geometry": { "type": "Polygon", "coordinates": [ [ [ -72.921952029010512, 45.998061674990133 ], [ -72.928307881060931, 46.000775346207114 ], [ -72.928113957312391, 46.005968292355149 ], [ -72.921562975523003, 46.008447525049988 ], [ -72.915206600622099, 46.005733472555512 ], [ -72.915401730342921, 46.00054056870917 ], [ -72.921952029010512, 45.998061674990133 ] ] ] } },
{ "type": "Feature", "properties": { "hex_id": 634995, "centroid_lon": -72.917933547553162, "centroid_lat": 45.933032328996532, "occurrences_today": 2, "datetimes_today": "2026-07-24 06:18:29, 2026-07-24 09:01:53", "cumulative_total": 159.0 }, "geometry": { "type": "Polygon", "coordinates": [ [ [ -72.918127928807579, 45.927839349817148 ], [ -72.924475676107875, 45.930553125297521 ], [ -72.924281868936603, 45.935746122917777 ], [ -72.91773911295472, 45.938225302796276 ], [ -72.91139084492437, 45.935511146916113 ], [ -72.911585853587852, 45.930318191622547 ], [ -72.918127928807579, 45.927839349817148 ] ] ] } },
{ "type": "Feature", "properties": { "hex_id": 634996, "centroid_lon": -72.917350083653332, "centroid_lat": 45.94861123425607, "occurrences_today": 2, "datetimes_today": "2026-07-24 06:18:29, 2026-07-24 09:01:53", "cumulative_total": 133.0 }, "geometry": { "type": "Polygon", "coordinates": [ [ [ -72.91754462499415, 45.943418271216196 ], [ -72.923894095010453, 45.946132102030639 ], [ -72.923700128219494, 45.951325083522846 ], [ -72.917155488914176, 45.953804191915722 ], [ -72.910805497755405, 45.951089980494075 ], [ -72.911000667026315, 45.945897041352076 ], [ -72.91754462499415, 45.943418271216196 ] ] ] } },
{ "type": "Feature", "properties": { "hex_id": 634997, "centroid_lon": -72.916766139168303, "centroid_lat": 45.964190091093528, "occurrences_today": 6, "datetimes_today": "2026-07-24 06:18:29, 2026-07-24 09:01:53, 2026-07-24 09:31:43, 2026-07-24 09:47:55, 2026-07-24 10:01:44, 2026-07-24 10:16:49", "cumulative_total": 152.0 }, "geometry": { "type": "Polygon", "coordinates": [ [ [ -72.916960840758534, 45.958997144194939 ], [ -72.923312034891524, 45.961711030377799 ], [ -72.923117908318346, 45.966903995740147 ], [ -72.916571384125319, 45.969383032611276 ], [ -72.910219668437094, 45.966668765613676 ], [ -72.910414998478984, 45.961475842625063 ], [ -72.916960840758534, 45.958997144194939 ] ] ] } },
{ "type": "Feature", "properties": { "hex_id": 634998, "centroid_lon": -72.916181713608523, "centroid_lat": 45.979768899503497, "occurrences_today": 6, "datetimes_today": "2026-07-24 06:18:29, 2026-07-24 09:01:53, 2026-07-24 09:31:43, 2026-07-24 09:47:55, 2026-07-24 10:01:44, 2026-07-24 10:16:49", "cumulative_total": 152.0 }, "geometry": { "type": "Polygon", "coordinates": [ [ [ -72.916376575611451, 45.974575968748013 ], [ -72.922729495263155, 45.977289910333646 ], [ -72.922535208744961, 45.982482859564378 ], [ -72.915986798098388, 45.984961824877558 ], [ -72.909633356478267, 45.982247502269509 ], [ -72.909828847454961, 45.977054595436087 ], [ -72.916376575611451, 45.974575968748013 ] ] ] } },
{ "type": "Feature", "properties": { "hex_id": 634999, "centroid_lon": -72.915596806483777, "centroid_lat": 45.995347659480586, "occurrences_today": 6, "datetimes_today": "2026-07-24 06:18:29, 2026-07-24 09:01:53, 2026-07-24 09:31:43, 2026-07-24 09:47:55, 2026-07-24 10:01:44, 2026-07-24 10:16:49", "cumulative_total": 168.0 }, "geometry": { "type": "Polygon", "coordinates": [ [ [ -72.915791829062883, 45.99015474486999 ], [ -72.922146475636765, 45.992868741892806 ], [ -72.921952029010512, 45.998061674990133 ], [ -72.915401730342921, 46.00054056870917 ], [ -72.909046561387044, 45.997826190456131 ], [ -72.909242213462562, 45.992633299779719 ], [ -72.915791829062883, 45.99015474486999 ] ] ] } },
{ "type": "Feature", "properties": { "hex_id": 635000, "centroid_lon": -72.915011417303091, "centroid_lat": 46.01092637101943, "occurrences_today": 2, "datetimes_today": "2026-07-24 06:18:29, 2026-07-24 09:01:53", "cumulative_total": 227.0 }, "geometry": { "type": "Polygon", "coordinates": [ [ [ -72.915206600622099, 46.005733472555512 ], [ -72.921562975523003, 46.008447525049988 ], [ -72.921368368625437, 46.013640442012111 ], [ -72.914816180367723, 46.016119264100716 ], [ -72.908459282670876, 46.013404830168113 ], [ -72.908655096009483, 46.008211955650538 ], [ -72.915206600622099, 46.005733472555512 ] ] ] } },
{ "type": "Feature", "properties": { "hex_id": 635606, "centroid_lon": -72.911195782743249, "centroid_lat": 45.940704096826025, "occurrences_today": 2, "datetimes_today": "2026-07-24 06:18:29, 2026-07-24 09:01:53", "cumulative_total": 207.0 }, "geometry": { "type": "Polygon", "coordinates": [ [ [ -72.91139084492437, 45.935511146916113 ], [ -72.91773911295472, 45.938225302796276 ], [ -72.91754462499415, 45.943418271216196 ], [ -72.911000667026315, 45.945897041352076 ], [ -72.904651878320308, 45.943182504911888 ], [ -72.904847568239632, 45.937989578961158 ], [ -72.91139084492437, 45.935511146916113 ] ] ] } },
{ "type": "Feature", "properties": { "hex_id": 635607, "centroid_lon": -72.910610274912358, "centroid_lat": 45.956282914251808, "occurrences_today": 6, "datetimes_today": "2026-07-24 06:18:29, 2026-07-24 09:01:53, 2026-07-24 09:31:43, 2026-07-24 09:47:55, 2026-07-24 10:01:44, 2026-07-24 10:16:49", "cumulative_total": 152.0 }, "geometry": { "type": "Polygon", "coordinates": [ [ [ -72.910805497755405, 45.951089980494075 ], [ -72.917155488914176, 45.953804191915722 ], [ -72.916960840758534, 45.958997144194939 ], [ -72.910414998478984, 45.961475842625063 ], [ -72.904064486232244, 45.958761250435863 ], [ -72.904260337334847, 45.953568340649433 ], [ -72.910805497755405, 45.951089980494075 ] ] ] } },
{ "type": "Feature", "properties": { "hex_id": 635608, "centroid_lon": -72.910024284768483, "centroid_lat": 45.971861683217405, "occurrences_today": 6, "datetimes_today": "2026-07-24 06:18:29, 2026-07-24 09:01:53, 2026-07-24 09:31:43, 2026-07-24 09:47:55, 2026-07-24 10:01:44, 2026-07-24 10:16:49", "cumulative_total": 163.0 }, "geometry": { "type": "Polygon", "coordinates": [ [ [ -72.910219668437094, 45.966668765613676 ], [ -72.916571384125319, 45.969383032611276 ], [ -72.916376575611451, 45.974575968748013 ], [ -72.909828847454961, 45.977054595436087 ], [ -72.903476610266011, 45.974339947463307 ], [ -72.903672622716073, 45.969147053843002 ], [ -72.910219668437094, 45.966668765613676 ] ] ] } },
{ "type": "Feature", "properties": { "hex_id": 635609, "centroid_lon": -72.909437811820212, "centroid_lat": 45.987440403717457, "occurrences_today": 6, "datetimes_today": "2026-07-24 06:18:29, 2026-07-24 09:01:53, 2026-07-24 09:31:43, 2026-07-24 09:47:55, 2026-07-24 10:01:44, 2026-07-24 10:16:49", "cumulative_total": 152.0 }, "geometry": { "type": "Polygon", "coordinates": [ [ [ -72.909633356478267, 45.982247502269509 ], [ -72.915986798098388, 45.984961824877558 ], [ -72.915791829062883, 45.99015474486999 ], [ -72.909242213462562, 45.992633299779719 ], [ -72.902888249928623, 45.98991859598874 ], [ -72.903084423890562, 45.984725718536374 ], [ -72.909633356478267, 45.982247502269509 ] ] ] } },
{ "type": "Feature", "properties": { "hex_id": 635610, "centroid_lon": -72.908850855575452, "centroid_lat": 46.003019075746465, "occurrences_today": 2, "datetimes_today": "2026-07-24 06:18:29, 2026-07-24 09:01:53", "cumulative_total": 207.0 }, "geometry": { "type": "Polygon", "coordinates": [ [ [ -72.909046561387044, 45.997826190456131 ], [ -72.915401730342921, 46.00054056870917 ], [ -72.915206600622099, 46.005733472555512 ], [ -72.908655096009483, 46.008211955650538 ], [ -72.902299404726321, 46.005497196006679 ], [ -72.902495740364799, 46.000304334724092 ], [ -72.909046561387044, 45.997826190456131 ] ] ] } },
{ "type": "Feature", "properties": { "hex_id": 635611, "centroid_lon": -72.90826341554137, "centroid_lat": 46.018597699299043, "occurrences_today": 2, "datetimes_today": "2026-07-24 06:18:29, 2026-07-24 09:01:53", "cumulative_total": 227.0 }, "geometry": { "type": "Polygon", "coordinates": [ [ [ -72.908459282670876, 46.013404830168113 ], [ -72.914816180367723, 46.016119264100716 ], [ -72.914620889797703, 46.021312151799179 ], [ -72.908067494602662, 46.023790563043072 ], [ -72.901710074164669, 46.021075747511688 ], [ -72.901906571644574, 46.015882902400683 ], [ -72.908459282670876, 46.013404830168113 ] ] ] } },
{ "type": "Feature", "properties": { "hex_id": 636218, "centroid_lon": -72.903868581365401, "centroid_lat": 45.963954154833793, "occurrences_today": 6, "datetimes_today": "2026-07-24 06:18:29, 2026-07-24 09:01:53, 2026-07-24 09:31:43, 2026-07-24 09:47:55, 2026-07-24 10:01:44, 2026-07-24 10:16:49", "cumulative_total": 152.0 }, "geometry": { "type": "Polygon", "coordinates": [ [ [ -72.904064486232244, 45.958761250435863 ], [ -72.910414998478984, 45.961475842625063 ], [ -72.910219668437094, 45.966668765613676 ], [ -72.903672622716073, 45.969147053843002 ], [ -72.897321589436004, 45.966432080725916 ], [ -72.897518122892009, 45.961239200372752 ], [ -72.904064486232244, 45.958761250435863 ] ] ] } },
{ "type": "Feature", "properties": { "hex_id": 636219, "centroid_lon": -72.903280543996928, "centroid_lat": 45.979532835694499, "occurrences_today": 6, "datetimes_today": "2026-07-24 06:18:29, 2026-07-24 09:01:53, 2026-07-24 09:31:43, 2026-07-24 09:47:55, 2026-07-24 10:01:44, 2026-07-24 10:16:49", "cumulative_total": 152.0 }, "geometry": { "type": "Polygon", "coordinates": [ [ [ -72.903476610266011, 45.974339947463307 ], [ -72.909828847454961, 45.977054595436087 ], [ -72.909633356478267, 45.982247502269509 ], [ -72.903084423890562, 45.984725718536374 ], [ -72.896731665255672, 45.982010689427987 ], [ -72.896928360636153, 45.97681782525374 ], [ -72.903476610266011, 45.974339947463307 ] ] ] } },
{ "type": "Feature", "properties": { "hex_id": 636220, "centroid_lon": -72.902692022092793, "centroid_lat": 45.99511146805137, "occurrences_today": 6, "datetimes_today": "2026-07-24 06:18:29, 2026-07-24 09:01:53, 2026-07-24 09:31:43, 2026-07-24 09:47:55, 2026-07-24 10:01:44, 2026-07-24 10:16:49", "cumulative_total": 152.0 }, "geometry": { "type": "Polygon", "coordinates": [ [ [ -72.902888249928623, 45.98991859598874 ], [ -72.909242213462562, 45.992633299779719 ], [ -72.909046561387044, 45.997826190456131 ], [ -72.902495740364799, 46.000304334724092 ], [ -72.89614125497188, 45.997589249589659 ], [ -72.896338112441882, 45.992396401596153 ], [ -72.902888249928623, 45.98991859598874 ] ] ] } },
{ "type": "Feature", "properties": { "hex_id": 388325, "centroid_lon": -75.519639759073826, "centroid_lat": 45.514307031339541, "occurrences_today": 8, "datetimes_today": "2026-07-24 09:31:43, 2026-07-24 09:47:55, 2026-07-24 10:01:44, 2026-07-24 10:16:49, 2026-07-24 10:31:51, 2026-07-24 10:46:43, 2026-07-24 11:01:43, 2026-07-24 11:31:41", "cumulative_total": 112.0 }, "geometry": { "type": "Polygon", "coordinates": [ [ [ -75.519591938756747, 45.5091104479854 ], [ -75.526016758102003, 45.511679443739666 ], [ -75.526065174041946, 45.516876019420202 ], [ -75.519687592455071, 45.519503609906231 ], [ -75.513262164420595, 45.516934264300268 ], [ -75.513214926666606, 45.511737678124604 ], [ -75.519591938756747, 45.5091104479854 ] ] ] } },
{ "type": "Feature", "properties": { "hex_id": 573923, "centroid_lon": -73.571416456986228, "centroid_lat": 45.60009727907633, "occurrences_today": 6, "datetimes_today": "2026-07-24 08:03:56, 2026-07-24 08:18:28, 2026-07-24 08:31:40, 2026-07-24 08:46:43, 2026-07-24 09:01:53, 2026-07-24 09:31:43", "cumulative_total": 134.0 }, "geometry": { "type": "Polygon", "coordinates": [ [ [ -73.571548305561294, 45.594902177775907 ], [ -73.577891330293994, 45.597579707014226 ], [ -73.577760054819663, 45.602774820203756 ], [ -73.571284572363425, 45.605292375333832 ], [ -73.564941010583766, 45.602614475964224 ], [ -73.565073468295182, 45.59741939166053 ], [ -73.571548305561294, 45.594902177775907 ] ] ] } },
{ "type": "Feature", "properties": { "hex_id": 373672, "centroid_lon": -75.673079889562842, "centroid_lat": 45.497915525759772, "occurrences_today": 7, "datetimes_today": "2026-07-24 19:47:26, 2026-07-24 20:02:36, 2026-07-24 20:31:41, 2026-07-24 20:47:09, 2026-07-24 21:02:52, 2026-07-24 21:31:53, 2026-07-24 21:47:22", "cumulative_total": 311.0 }, "geometry": { "type": "Polygon", "coordinates": [ [ [ -75.673017984726627, 45.492719072505452 ], [ -75.679447808507049, 45.495279416393799 ], [ -75.679510310314555, 45.500475860414042 ], [ -75.673141811307204, 45.503111974200273 ], [ -75.666711373644489, 45.500551282260879 ], [ -75.666650048877088, 45.495354824650882 ], [ -75.673017984726627, 45.492719072505452 ] ] ] } },
{ "type": "Feature", "properties": { "hex_id": 597743, "centroid_lon": -73.316577541457988, "centroid_lat": 45.760321271856263, "occurrences_today": 6, "datetimes_today": "2026-07-24 20:47:09, 2026-07-24 21:02:52, 2026-07-24 21:31:53, 2026-07-24 21:47:22, 2026-07-24 22:02:06, 2026-07-24 22:31:39", "cumulative_total": 181.0 }, "geometry": { "type": "Polygon", "coordinates": [ [ [ -73.316733773807442, 45.755126945425388 ], [ -73.32308214959464, 45.757818637124743 ], [ -73.322926491696037, 45.763012978008071 ], [ -73.316421266315686, 45.765515593128193 ], [ -73.310072358877747, 45.762823526888731 ], [ -73.310229208456434, 45.757629220134291 ], [ -73.316733773807442, 45.755126945425388 ] ] ] } },
{ "type": "Feature", "properties": { "hex_id": 372451, "centroid_lon": -75.685878212189934, "centroid_lat": 45.497839393797399, "occurrences_today": 7, "datetimes_today": "2026-07-24 19:47:26, 2026-07-24 20:02:36, 2026-07-24 20:31:41, 2026-07-24 20:47:09, 2026-07-24 21:02:52, 2026-07-24 21:31:53, 2026-07-24 21:47:22", "cumulative_total": 295.0 }, "geometry": { "type": "Polygon", "coordinates": [ [ [ -75.685815130482851, 45.492642954260745 ], [ -75.692245516939096, 45.4952025744482 ], [ -75.692309195769511, 45.500399004620341 ], [ -75.685941311126541, 45.503035828517724 ], [ -75.679510310314555, 45.500475860414042 ], [ -75.679447808507049, 45.495279416393799 ], [ -75.685815130482851, 45.492642954260745 ] ] ] } },
{ "type": "Feature", "properties": { "hex_id": 572702, "centroid_lon": -73.584234964013703, "centroid_lat": 45.600256889927181, "occurrences_today": 5, "datetimes_today": "2026-07-24 20:47:09, 2026-07-24 21:02:52, 2026-07-24 21:31:53, 2026-07-24 21:47:22, 2026-07-24 22:02:06", "cumulative_total": 144.0 }, "geometry": { "type": "Polygon", "coordinates": [ [ [ -73.584365630494986, 45.595061759872991 ], [ -73.590709299933508, 45.59773858459922 ], [ -73.590579206732471, 45.602933726415692 ], [ -73.58410426180761, 45.605452014943687 ], [ -73.577760054819663, 45.602774820203756 ], [ -73.577891330293994, 45.597579707014226 ], [ -73.584365630494986, 45.595061759872991 ] ] ] } },
{ "type": "Feature", "properties": { "hex_id": 721097, "centroid_lon": -71.991460897992454, "centroid_lat": 46.247560026271252, "occurrences_today": 17, "datetimes_today": "2026-07-24 05:46:52, 2026-07-24 06:18:29, 2026-07-24 06:31:43, 2026-07-24 06:47:25, 2026-07-24 07:16:53, 2026-07-24 07:31:42, 2026-07-24 08:03:56, 2026-07-24 08:18:28, 2026-07-24 08:31:40, 2026-07-24 08:46:43, 2026-07-24 09:01:53, 2026-07-24 09:31:43, 2026-07-24 09:47:55, 2026-07-24 10:01:44, 2026-07-24 10:16:49, 2026-07-24 10:31:51, 2026-07-24 10:46:43", "cumulative_total": 199.0 }, "geometry": { "type": "Polygon", "coordinates": [ [ [ -71.991744804510517, 46.242371070689224 ], [ -71.998079872573797, 46.245135952204414 ], [ -71.997796536062097, 46.250324935436176 ], [ -71.991176913307214, 46.252748975772938 ], [ -71.984841353418105, 46.249983701612933 ], [ -71.985125908083006, 46.244794779826684 ], [ -71.991744804510517, 46.242371070689224 ] ] ] } },
{ "type": "Feature", "properties": { "hex_id": 826710, "centroid_lon": -70.875953803778842, "centroid_lat": 46.158151553406569, "occurrences_today": 12, "datetimes_today": "2026-07-24 09:47:55, 2026-07-24 10:01:44, 2026-07-24 10:16:49, 2026-07-24 10:31:51, 2026-07-24 10:46:43, 2026-07-24 11:01:43, 2026-07-24 11:31:41, 2026-07-24 12:02:19, 2026-07-24 12:19:32, 2026-07-24 12:32:06, 2026-07-24 12:46:46, 2026-07-24 12:59:03", "cumulative_total": 56.0 }, "geometry": { "type": "Polygon", "coordinates": [ [ [ -70.876341609653551, 46.15296881832235 ], [ -70.882606391811336, 46.155793401150547 ], [ -70.882219135942933, 46.160976174558314 ], [ -70.875565891382223, 46.163334281244879 ], [ -70.869300665758189, 46.16050929783443 ], [ -70.869689128124847, 46.155326608384584 ], [ -70.876341609653551, 46.15296881832235 ] ] ] } },
{ "type": "Feature", "properties": { "hex_id": 730223, "centroid_lon": -71.92164789506522, "centroid_lat": 45.754620540053971, "occurrences_today": 9, "datetimes_today": "2026-07-24 00:46:49, 2026-07-24 01:01:55, 2026-07-24 01:16:40, 2026-07-24 01:33:10, 2026-07-24 01:47:11, 2026-07-24 02:01:42, 2026-07-24 02:18:40, 2026-07-24 02:31:44, 2026-07-24 02:46:50", "cumulative_total": 46.0 }, "geometry": { "type": "Polygon", "coordinates": [ [ [ -71.921933433206746, 45.749431471985154 ], [ -71.928210008292893, 45.752198938531109 ], [ -71.927925024351055, 45.757388034665759 ], [ -71.921362278798, 45.759809602000374 ], [ -71.915085227650991, 45.757041748696743 ], [ -71.915371398091565, 45.751852714880698 ], [ -71.921933433206746, 45.749431471985154 ] ] ] } },
{ "type": "Feature", "properties": { "hex_id": 606869, "centroid_lon": -73.235590293375765, "centroid_lat": 45.267997912560979, "occurrences_today": 3, "datetimes_today": "2026-07-24 12:02:19, 2026-07-24 12:19:32, 2026-07-24 12:32:06", "cumulative_total": 31.0 }, "geometry": { "type": "Polygon", "coordinates": [ [ [ -73.235751253859334, 45.262803357937393 ], [ -73.242041207286007, 45.265498895997048 ], [ -73.241880805416272, 45.270693465723426 ], [ -73.235429289066801, 45.273192461990803 ], [ -73.229138820858992, 45.270496554914523 ], [ -73.229300383767182, 45.265302020651362 ], [ -73.235751253859334, 45.262803357937393 ] ] ] } },
{ "type": "Feature", "properties": { "hex_id": 788902, "centroid_lon": -71.23054063333646, "centroid_lat": 46.840758525460089, "occurrences_today": 2, "datetimes_today": "2026-07-24 23:32:04, 2026-07-24 23:47:06", "cumulative_total": 224.0 }, "geometry": { "type": "Polygon", "coordinates": [ [ [ -71.230903691296575, 46.83557419445971 ], [ -71.237264970041892, 46.838381933308149 ], [ -71.236902488413349, 46.843566299703419 ], [ -71.230177474712747, 46.845942849581469 ], [ -71.223815720316864, 46.843134703765642 ], [ -71.224179455237262, 46.837950415105922 ], [ -71.230903691296575, 46.83557419445971 ] ] ] } },
{ "type": "Feature", "properties": { "hex_id": 390784, "centroid_lon": -75.49637007960429, "centroid_lat": 45.779441093191039, "occurrences_today": 3, "datetimes_today": "2026-07-24 02:18:40, 2026-07-24 02:31:44, 2026-07-24 02:46:50", "cumulative_total": 65.0 }, "geometry": { "type": "Polygon", "coordinates": [ [ [ -75.49632397655472, 45.774244733321133 ], [ -75.50277822641408, 45.776814794706631 ], [ -75.50282493316206, 45.782011147116435 ], [ -75.496416195289711, 45.784637448277863 ], [ -75.489961329093958, 45.782067033508355 ], [ -75.489915817111239, 45.776870671026693 ], [ -75.49632397655472, 45.774244733321133 ] ] ] } },
{ "type": "Feature", "properties": { "hex_id": 391394, "centroid_lon": -75.489870317598559, "centroid_lat": 45.771674303762865, "occurrences_today": 3, "datetimes_today": "2026-07-24 02:18:40, 2026-07-24 02:31:44, 2026-07-24 02:46:50", "cumulative_total": 73.0 }, "geometry": { "type": "Polygon", "coordinates": [ [ [ -75.489824830551697, 45.766477931716821 ], [ -75.49627788613671, 45.769048368668138 ], [ -75.49632397655472, 45.774244733321133 ], [ -75.489915817111239, 45.776870671026693 ], [ -75.483462145687156, 45.774299880720534 ], [ -75.483417249549831, 45.769103506128914 ], [ -75.489824830551697, 45.766477931716821 ] ] ] } },
{ "type": "Feature", "properties": { "hex_id": 181533, "centroid_lon": -77.82147752953172, "centroid_lat": 48.091630532891216, "occurrences_today": 1, "datetimes_today": "2026-07-24 09:01:53", "cumulative_total": 245.0 }, "geometry": { "type": "Polygon", "coordinates": [ [ [ -77.821193533253563, 48.08644239001945 ], [ -77.828041720034008, 48.088871485603008 ], [ -77.828326429371501, 48.094059595633034 ], [ -77.821761606034585, 48.096818669789705 ], [ -77.814912625955714, 48.09438921752691 ], [ -77.814629262540976, 48.089201047857145 ], [ -77.821193533253563, 48.08644239001945 ] ] ] } },
{ "type": "Feature", "properties": { "hex_id": 182143, "centroid_lon": -77.814345979147163, "centroid_lat": 48.084012872220256, "occurrences_today": 1, "datetimes_today": "2026-07-24 09:01:53", "cumulative_total": 190.0 }, "geometry": { "type": "Polygon", "coordinates": [ [ [ -77.814062775745555, 48.078824690616649 ], [ -77.820909617171324, 48.081254241174825 ], [ -77.821193533253563, 48.08644239001945 ], [ -77.814629262540976, 48.089201047857145 ], [ -77.807781628428032, 48.086771140632457 ], [ -77.80749905774357, 48.081582932307029 ], [ -77.814062775745555, 48.078824690616649 ] ] ] } },
{ "type": "Feature", "properties": { "hex_id": 606870, "centroid_lon": -73.235107148914238, "centroid_lat": 45.28358154526871, "occurrences_today": 3, "datetimes_today": "2026-07-24 12:02:19, 2026-07-24 12:19:32, 2026-07-24 12:32:06", "cumulative_total": 16.0 }, "geometry": { "type": "Polygon", "coordinates": [ [ [ -73.235268240917833, 45.278387006226772 ], [ -73.241559870637772, 45.281082589604232 ], [ -73.241399337699846, 45.286277143758348 ], [ -73.23494601304138, 45.288776079116474 ], [ -73.228653868132341, 45.286080126521313 ], [ -73.228815563056244, 45.280885607849655 ], [ -73.235268240917833, 45.278387006226772 ] ] ] } },
{ "type": "Feature", "properties": { "hex_id": 171151, "centroid_lon": -77.932382449335989, "centroid_lat": 48.034302137216379, "occurrences_today": 1, "datetimes_today": "2026-07-24 09:01:53", "cumulative_total": 72.0 }, "geometry": { "type": "Polygon", "coordinates": [ [ [ -77.932087891834911, 48.029114447646272 ], [ -77.938933263824154, 48.031536997600561 ], [ -77.939228533478669, 48.03672465314547 ], [ -77.93267708996656, 48.039489820714415 ], [ -77.925830922679452, 48.037066916180578 ], [ -77.925536994232132, 48.031879198727587 ], [ -77.932087891834911, 48.029114447646272 ] ] ] } },
{ "type": "Feature", "properties": { "hex_id": 171762, "centroid_lon": -77.926124934082608, "centroid_lat": 48.042254627567452, "occurrences_today": 1, "datetimes_today": "2026-07-24 09:01:53", "cumulative_total": 72.0 }, "geometry": { "type": "Polygon", "coordinates": [ [ [ -77.925830922679452, 48.037066916180578 ], [ -77.93267708996656, 48.039489820714415 ], [ -77.932971813756438, 48.044677498139997 ], [ -77.926419028471344, 48.047442332887805 ], [ -77.91957206579707, 48.045019073594503 ], [ -77.9192786838248, 48.039831334383123 ], [ -77.925830922679452, 48.037066916180578 ] ] ] } },
{ "type": "Feature", "properties": { "hex_id": 172372, "centroid_lon": -77.918985384634638, "centroid_lat": 48.034643589111568, "occurrences_today": 1, "datetimes_today": "2026-07-24 09:01:53", "cumulative_total": 72.0 }, "geometry": { "type": "Polygon", "coordinates": [ [ [ -77.918692168196898, 48.029455837780283 ], [ -77.925536994232132, 48.031879198727587 ], [ -77.925830922679452, 48.037066916180578 ], [ -77.9192786838248, 48.039831334383123 ], [ -77.912433063012713, 48.037407618688185 ], [ -77.912140475861804, 48.032219839608594 ], [ -77.918692168196898, 48.029455837780283 ] ] ] } },
{ "type": "Feature", "properties": { "hex_id": 172373, "centroid_lon": -77.91986553058112, "centroid_lat": 48.050206806745301, "occurrences_today": 1, "datetimes_today": "2026-07-24 09:01:53", "cumulative_total": 45.0 }, "geometry": { "type": "Polygon", "coordinates": [ [ [ -77.91957206579707, 48.045019073594503 ], [ -77.926419028471344, 48.047442332887805 ], [ -77.926713205875444, 48.052630032141209 ], [ -77.92015907820668, 48.055394533835084 ], [ -77.91331132005601, 48.05297091960238 ], [ -77.913018485080201, 48.047783158685498 ], [ -77.91957206579707, 48.045019073594503 ] ] ] } },
{ "type": "Feature", "properties": { "hex_id": 172983, "centroid_lon": -77.912725732742302, "centroid_lat": 48.042595391713967, "occurrences_today": 1, "datetimes_today": "2026-07-24 09:01:53", "cumulative_total": 72.0 }, "geometry": { "type": "Polygon", "coordinates": [ [ [ -77.912433063012713, 48.037407618688185 ], [ -77.9192786838248, 48.039831334383123 ], [ -77.91957206579707, 48.045019073594503 ], [ -77.913018485080201, 48.047783158685498 ], [ -77.906172069402345, 48.045359088063044 ], [ -77.905880029336743, 48.040171287347391 ], [ -77.912433063012713, 48.037407618688185 ] ] ] } },
{ "type": "Feature", "properties": { "hex_id": 172984, "centroid_lon": -77.913604237699388, "centroid_lat": 48.058158674464174, "occurrences_today": 1, "datetimes_today": "2026-07-24 09:01:53", "cumulative_total": 38.0 }, "geometry": { "type": "Polygon", "coordinates": [ [ [ -77.91331132005601, 48.05297091960238 ], [ -77.92015907820668, 48.055394533835084 ], [ -77.920452708703422, 48.060582254863455 ], [ -77.913897238039979, 48.063346423270488 ], [ -77.907048684323911, 48.060922453918359 ], [ -77.906756396866356, 48.055734671348937 ], [ -77.91331132005601, 48.05297091960238 ] ] ] } },
{ "type": "Feature", "properties": { "hex_id": 173594, "centroid_lon": -77.906464191902359, "centroid_lat": 48.050546882730359, "occurrences_today": 1, "datetimes_today": "2026-07-24 09:01:53", "cumulative_total": 72.0 }, "geometry": { "type": "Polygon", "coordinates": [ [ [ -77.906172069402345, 48.045359088063044 ], [ -77.913018485080201, 48.047783158685498 ], [ -77.91331132005601, 48.05297091960238 ], [ -77.906756396866356, 48.055734671348937 ], [ -77.899909186233927, 48.053310245618995 ], [ -77.899617693775312, 48.048122423320287 ], [ -77.906172069402345, 48.045359088063044 ] ] ] } },
{ "type": "Feature", "properties": { "hex_id": 173595, "centroid_lon": -77.907341054304595, "centroid_lat": 48.06611023043822, "occurrences_today": 1, "datetimes_today": "2026-07-24 09:01:53", "cumulative_total": 47.0 }, "geometry": { "type": "Polygon", "coordinates": [ [ [ -77.907048684323911, 48.060922453918359 ], [ -77.913897238039979, 48.063346423270488 ], [ -77.914190321107455, 48.068534166020889 ], [ -77.907633506838053, 48.071298000908087 ], [ -77.900784157467626, 48.068873676256445 ], [ -77.900492418050575, 48.063685872087483 ], [ -77.907048684323911, 48.060922453918359 ] ] ] } },
{ "type": "Feature", "properties": { "hex_id": 174204, "centroid_lon": -77.899326283577139, "centroid_lat": 48.042934594979165, "occurrences_today": 1, "datetimes_today": "2026-07-24 09:01:53", "cumulative_total": 72.0 }, "geometry": { "type": "Polygon", "coordinates": [ [ [ -77.899034955609949, 48.037746760596015 ], [ -77.905880029336743, 48.040171287347391 ], [ -77.906172069402345, 48.045359088063044 ], [ -77.899617693775312, 48.048122423320287 ], [ -77.892771825704401, 48.04569754147343 ], [ -77.892481127634127, 48.040509679535091 ], [ -77.899034955609949, 48.037746760596015 ] ] ] } },
{ "type": "Feature", "properties": { "hex_id": 174205, "centroid_lon": -77.9002007609825, "centroid_lat": 48.058498061874857, "occurrences_today": 1, "datetimes_today": "2026-07-24 09:01:53", "cumulative_total": 54.0 }, "geometry": { "type": "Polygon", "coordinates": [ [ [ -77.899909186233927, 48.053310245618995 ], [ -77.906756396866356, 48.055734671348937 ], [ -77.907048684323911, 48.060922453918359 ], [ -77.900492418050575, 48.063685872087483 ], [ -77.893644412374925, 48.061261091070058 ], [ -77.893353468045362, 48.056073247241322 ], [ -77.899909186233927, 48.053310245618995 ] ] ] } },
{ "type": "Feature", "properties": { "hex_id": 174206, "centroid_lon": -77.901075979263268, "centroid_lat": 48.074061474381345, "occurrences_today": 1, "datetimes_today": "2026-07-24 09:01:53", "cumulative_total": 47.0 }, "geometry": { "type": "Polygon", "coordinates": [ [ [ -77.900784157467626, 48.068873676256445 ], [ -77.907633506838053, 48.071298000908087 ], [ -77.907926041953914, 48.076485765327547 ], [ -77.901367883467032, 48.079249266461765 ], [ -77.894517738353471, 48.076824586330524 ], [ -77.8942265474995, 48.071636760615064 ], [ -77.900784157467626, 48.068873676256445 ] ] ] } },
{ "type": "Feature", "properties": { "hex_id": 174815, "centroid_lon": -77.893062605831688, "centroid_lat": 48.050885397375644, "occurrences_today": 1, "datetimes_today": "2026-07-24 09:01:53", "cumulative_total": 72.0 }, "geometry": { "type": "Polygon", "coordinates": [ [ [ -77.892771825704401, 48.04569754147343 ], [ -77.899617693775312, 48.048122423320287 ], [ -77.899909186233927, 48.053310245618995 ], [ -77.893353468045362, 48.056073247241322 ], [ -77.886506805541984, 48.053648010119026 ], [ -77.886216655689068, 48.048460126720158 ], [ -77.892771825704401, 48.04569754147343 ] ] ] } },
{ "type": "Feature", "properties": { "hex_id": 174816, "centroid_lon": -77.893935438849823, "centroid_lat": 48.066448928861455, "occurrences_today": 1, "datetimes_today": "2026-07-24 09:01:53", "cumulative_total": 54.0 }, "geometry": { "type": "Polygon", "coordinates": [ [ [ -77.893644412374925, 48.061261091070058 ], [ -77.900492418050575, 48.063685872087483 ], [ -77.900784157467626, 48.068873676256445 ], [ -77.8942265474995, 48.071636760615064 ], [ -77.887377746692124, 48.069211624130084 ], [ -77.887087351014117, 48.064023758824383 ], [ -77.893644412374925, 48.061261091070058 ] ] ] } },
{ "type": "Feature", "properties": { "hex_id": 175426, "centroid_lon": -77.886797037307204, "centroid_lat": 48.058835887487234, "occurrences_today": 1, "datetimes_today": "2026-07-24 09:01:53", "cumulative_total": 54.0 }, "geometry": { "type": "Polygon", "coordinates": [ [ [ -77.886506805541984, 48.053648010119026 ], [ -77.893353468045362, 48.056073247241322 ], [ -77.893644412374925, 48.061261091070058 ], [ -77.887087351014117, 48.064023758824383 ], [ -77.880239893989994, 48.061598166246654 ], [ -77.879950292876813, 48.056410261440355 ], [ -77.886506805541984, 48.053648010119026 ] ] ] } },
{ "type": "Feature", "properties": { "hex_id": 175427, "centroid_lon": -77.887668224370671, "centroid_lat": 48.074399483403901, "occurrences_today": 1, "datetimes_today": "2026-07-24 09:01:53", "cumulative_total": 54.0 }, "geometry": { "type": "Polygon", "coordinates": [ [ [ -77.887377746692124, 48.069211624130084 ], [ -77.8942265474995, 48.071636760615064 ], [ -77.894517738353471, 48.076824586330524 ], [ -77.887958784079132, 48.079587336645446 ], [ -77.881109188051667, 48.077161844512773 ], [ -77.880819341548076, 48.071973957783257 ], [ -77.887377746692124, 48.069211624130084 ] ] ] } },
{ "type": "Feature", "properties": { "hex_id": 176036, "centroid_lon": -77.879660773501755, "centroid_lat": 48.051222350609294, "occurrences_today": 1, "datetimes_today": "2026-07-24 09:01:53", "cumulative_total": 72.0 }, "geometry": { "type": "Polygon", "coordinates": [ [ [ -77.879371335835515, 48.046034433753839 ], [ -77.886216655689068, 48.048460126720158 ], [ -77.886506805541984, 48.053648010119026 ], [ -77.879950292876813, 48.056410261440355 ], [ -77.873104179113113, 48.053984213030766 ], [ -77.872815371954033, 48.048796268813433 ], [ -77.879371335835515, 48.046034433753839 ] ] ] } },
{ "type": "Feature", "properties": { "hex_id": 176037, "centroid_lon": -77.880529576870643, "centroid_lat": 48.066786065027763, "occurrences_today": 1, "datetimes_today": "2026-07-24 09:01:53", "cumulative_total": 54.0 }, "geometry": { "type": "Polygon", "coordinates": [ [ [ -77.880239893989994, 48.061598166246654 ], [ -77.887087351014117, 48.064023758824383 ], [ -77.887377746692124, 48.069211624130084 ], [ -77.880819341548076, 48.071973957783257 ], [ -77.873971089915116, 48.069548009569999 ], [ -77.873682038064388, 48.064360083409447 ], [ -77.880239893989994, 48.061598166246654 ] ] ] } },
{ "type": "Feature", "properties": { "hex_id": 176038, "centroid_lon": -77.881399116410776, "centroid_lat": 48.082349725215877, "occurrences_today": 1, "datetimes_today": "2026-07-24 09:01:53", "cumulative_total": 64.0 }, "geometry": { "type": "Polygon", "coordinates": [ [ [ -77.881109188051667, 48.077161844512773 ], [ -77.887958784079132, 48.079587336645446 ], [ -77.888249425846993, 48.084775183854298 ], [ -77.881689126654791, 48.087537599892194 ], [ -77.87483873531896, 48.08511175193167 ], [ -77.8745494385131, 48.079923843831523 ], [ -77.881109188051667, 48.077161844512773 ] ] ] } },
{ "type": "Feature", "properties": { "hex_id": 176647, "centroid_lon": -77.873393067806816, "centroid_lat": 48.059172151229561, "occurrences_today": 1, "datetimes_today": "2026-07-24 09:01:53", "cumulative_total": 45.0 }, "geometry": { "type": "Polygon", "coordinates": [ [ [ -77.873104179113113, 48.053984213030766 ], [ -77.879950292876813, 48.056410261440355 ], [ -77.880239893989994, 48.061598166246654 ], [ -77.873682038064388, 48.064360083409447 ], [ -77.866835130302718, 48.061933679376565 ], [ -77.866546872493885, 48.056745713874506 ], [ -77.873104179113113, 48.053984213030766 ] ] ] } },
{ "type": "Feature", "properties": { "hex_id": 176648, "centroid_lon": -77.874260223388248, "centroid_lat": 48.074735929710833, "occurrences_today": 1, "datetimes_today": "2026-07-24 09:01:53", "cumulative_total": 47.0 }, "geometry": { "type": "Polygon", "coordinates": [ [ [ -77.873971089915116, 48.069548009569999 ], [ -77.880819341548076, 48.071973957783257 ], [ -77.881109188051667, 48.077161844512773 ], [ -77.8745494385131, 48.079923843831523 ], [ -77.867700392183309, 48.077497539802629 ], [ -77.86741189011822, 48.072309592341014 ], [ -77.873971089915116, 48.069548009569999 ] ] ] } },
{ "type": "Feature", "properties": { "hex_id": 176649, "centroid_lon": -77.875128113835189, "centroid_lat": 48.09029965401092, "occurrences_today": 1, "datetimes_today": "2026-07-24 09:01:53", "cumulative_total": 40.0 }, "geometry": { "type": "Polygon", "coordinates": [ [ [ -77.87483873531896, 48.08511175193167 ], [ -77.881689126654791, 48.087537599892194 ], [ -77.881979218813115, 48.092725468541296 ], [ -77.875417574091088, 48.095487550068789 ], [ -77.868566387358811, 48.0930613461002 ], [ -77.868277640774352, 48.087873416682612 ], [ -77.87483873531896, 48.08511175193167 ] ] ] } },
{ "type": "Feature", "properties": { "hex_id": 177258, "centroid_lon": -77.867123469501095, "centroid_lat": 48.067121638865544, "occurrences_today": 1, "datetimes_today": "2026-07-24 09:01:53", "cumulative_total": 47.0 }, "geometry": { "type": "Polygon", "coordinates": [ [ [ -77.866835130302718, 48.061933679376565 ], [ -77.873682038064388, 48.064360083409447 ], [ -77.873971089915116, 48.069548009569999 ], [ -77.86741189011822, 48.072309592341014 ], [ -77.860564188270857, 48.06988283250476 ], [ -77.860276480335273, 48.064694845771228 ], [ -77.866835130302718, 48.061933679376565 ] ] ] } },
{ "type": "Feature", "properties": { "hex_id": 177259, "centroid_lon": -77.867988975725609, "centroid_lat": 48.082685481249946, "occurrences_today": 1, "datetimes_today": "2026-07-24 09:01:53", "cumulative_total": 52.0 }, "geometry": { "type": "Polygon", "coordinates": [ [ [ -77.867700392183309, 48.077497539802629 ], [ -77.8745494385131, 48.079923843831523 ], [ -77.87483873531896, 48.08511175193167 ], [ -77.868277640774352, 48.087873416682612 ], [ -77.861427799659921, 48.085446756657923 ], [ -77.861139847903999, 48.080258787948509 ], [ -77.867700392183309, 48.077497539802629 ] ] ] } },
{ "type": "Feature", "properties": { "hex_id": 177260, "centroid_lon": -77.868855215508262, "centroid_lat": 48.098249269502283, "occurrences_today": 1, "datetimes_today": "2026-07-24 09:01:53", "cumulative_total": 40.0 }, "geometry": { "type": "Polygon", "coordinates": [ [ [ -77.868566387358811, 48.0930613461002 ], [ -77.875417574091088, 48.095487550068789 ], [ -77.875707116116018, 48.100675440104929 ], [ -77.869144125251992, 48.103437186888492 ], [ -77.86229214303529, 48.101010626731544 ], [ -77.862003947196342, 48.095822676049842 ], [ -77.868566387358811, 48.0930613461002 ] ] ] } },
{ "type": "Feature", "properties": { "hex_id": 177868, "centroid_lon": -77.859988853614823, "centroid_lat": 48.059506853030449, "occurrences_today": 1, "datetimes_today": "2026-07-24 09:01:53", "cumulative_total": 45.0 }, "geometry": { "type": "Polygon", "coordinates": [ [ [ -77.859701308080389, 48.054318854282812 ], [ -77.866546872493885, 48.056745713874506 ], [ -77.866835130302718, 48.061933679376565 ], [ -77.860276480335273, 48.064694845771228 ], [ -77.853430122446838, 48.062267630388519 ], [ -77.853143208029906, 48.057079604472513 ], [ -77.859701308080389, 48.054318854282812 ] ] ] } },
{ "type": "Feature", "properties": { "hex_id": 177869, "centroid_lon": -77.860851977450707, "centroid_lat": 48.07507081323066, "occurrences_today": 1, "datetimes_today": "2026-07-24 09:01:53", "cumulative_total": 47.0 }, "geometry": { "type": "Polygon", "coordinates": [ [ [ -77.860564188270857, 48.06988283250476 ], [ -77.86741189011822, 48.072309592341014 ], [ -77.867700392183309, 48.077497539802629 ], [ -77.861139847903999, 48.080258787948509 ], [ -77.854291351883376, 48.077831672128767 ], [ -77.854004194344483, 48.07264366421704 ], [ -77.860564188270857, 48.06988283250476 ] ] ] } },
{ "type": "Feature", "properties": { "hex_id": 177870, "centroid_lon": -77.86171583274762, "centroid_lat": 48.090634719358498, "occurrences_today": 1, "datetimes_today": "2026-07-24 09:01:53", "cumulative_total": 47.0 }, "geometry": { "type": "Polygon", "coordinates": [ [ [ -77.861427799659921, 48.085446756657923 ], [ -77.868277640774352, 48.087873416682612 ], [ -77.868566387358811, 48.0930613461002 ], [ -77.862003947196342, 48.095822676049842 ], [ -77.855153311209548, 48.093395659849101 ], [ -77.85486591028679, 48.088207669945199 ], [ -77.861427799659921, 48.085446756657923 ] ] ] } },
{ "type": "Feature", "properties": { "hex_id": 178479, "centroid_lon": -77.85371711787532, "centroid_lat": 48.067455650303515, "occurrences_today": 1, "datetimes_today": "2026-07-24 09:01:53", "cumulative_total": 45.0 }, "geometry": { "type": "Polygon", "coordinates": [ [ [ -77.853430122446838, 48.062267630388519 ], [ -77.860276480335273, 48.064694845771228 ], [ -77.860564188270857, 48.06988283250476 ], [ -77.854004194344483, 48.07264366421704 ], [ -77.847157042893755, 48.070216092863241 ], [ -77.846870678960769, 48.065028045838631 ], [ -77.853430122446838, 48.062267630388519 ] ] ] } },
{ "type": "Feature", "properties": { "hex_id": 178480, "centroid_lon": -77.854578590521101, "centroid_lat": 48.083019674038269, "occurrences_today": 1, "datetimes_today": "2026-07-24 09:01:53", "cumulative_total": 47.0 }, "geometry": { "type": "Polygon", "coordinates": [ [ [ -77.854291351883376, 48.077831672128767 ], [ -77.861139847903999, 48.080258787948509 ], [ -77.861427799659921, 48.085446756657923 ], [ -77.85486591028679, 48.088207669945199 ], [ -77.848016620005467, 48.085780197961817 ], [ -77.847730013387078, 48.080592168925222 ], [ -77.854291351883376, 48.077831672128767 ] ] ] } },
{ "type": "Feature", "properties": { "hex_id": 178481, "centroid_lon": -77.855440793318536, "centroid_lat": 48.098583643749592, "occurrences_today": 1, "datetimes_today": "2026-07-24 09:01:53", "cumulative_total": 40.0 }, "geometry": { "type": "Polygon", "coordinates": [ [ [ -77.855153311209548, 48.093395659849101 ], [ -77.862003947196342, 48.095822676049842 ], [ -77.86229214303529, 48.101010626731544 ], [ -77.855728356642913, 48.103771621646295 ], [ -77.848876925696189, 48.101344249089252 ], [ -77.848590076130947, 48.096156238044237 ], [ -77.855153311209548, 48.093395659849101 ] ] ] } },
{ "type": "Feature", "properties": { "hex_id": 179090, "centroid_lon": -77.847443487692871, "centroid_lat": 48.075404133892235, "occurrences_today": 1, "datetimes_today": "2026-07-24 09:01:53", "cumulative_total": 47.0 }, "geometry": { "type": "Polygon", "coordinates": [ [ [ -77.847157042893755, 48.070216092863241 ], [ -77.854004194344483, 48.07264366421704 ], [ -77.854291351883376, 48.077831672128767 ], [ -77.847730013387078, 48.080592168925222 ], [ -77.84088206828693, 48.078164241420211 ], [ -77.840596255361547, 48.072976173340372 ], [ -77.847157042893755, 48.070216092863241 ] ] ] } },
{ "type": "Feature", "properties": { "hex_id": 179091, "centroid_lon": -77.848303307577069, "centroid_lat": 48.090968221001624, "occurrences_today": 1, "datetimes_today": "2026-07-24 09:01:53", "cumulative_total": 47.0 }, "geometry": { "type": "Polygon", "coordinates": [ [ [ -77.848016620005467, 48.085780197961817 ], [ -77.85486591028679, 48.088207669945199 ], [ -77.855153311209548, 48.093395659849101 ], [ -77.848590076130947, 48.096156238044237 ], [ -77.84173999150164, 48.093728409716952 ], [ -77.841453936327994, 48.088540359608899 ], [ -77.848016620005467, 48.085780197961817 ] ] ] } },
{ "type": "Feature", "properties": { "hex_id": 179701, "centroid_lon": -77.841167961932754, "centroid_lat": 48.083352303509841, "occurrences_today": 1, "datetimes_today": "2026-07-24 09:01:53", "cumulative_total": 47.0 }, "geometry": { "type": "Polygon", "coordinates": [ [ [ -77.84088206828693, 48.078164241420211 ], [ -77.847730013387078, 48.080592168925222 ], [ -77.848016620005467, 48.085780197961817 ], [ -77.841453936327994, 48.088540359608899 ], [ -77.834605197491385, 48.086112075772505 ], [ -77.8343199360977, 48.080923986690841 ], [ -77.84088206828693, 48.078164241420211 ] ] ] } },
{ "type": "Feature", "properties": { "hex_id": 180311, "centroid_lon": -77.834034755249661, "centroid_lat": 48.07573589162476, "occurrences_today": 1, "datetimes_today": "2026-07-24 09:01:53", "cumulative_total": 45.0 }, "geometry": { "type": "Polygon", "coordinates": [ [ [ -77.833749654918407, 48.070547790574643 ], [ -77.840596255361547, 48.072976173340372 ], [ -77.84088206828693, 48.078164241420211 ], [ -77.8343199360977, 48.080923986690841 ], [ -77.827472542529208, 48.078495247606277 ], [ -77.827188074304217, 48.073307119640347 ], [ -77.833749654918407, 48.070547790574643 ] ] ] } },
{ "type": "Feature", "properties": { "hex_id": 180312, "centroid_lon": -77.834890539459664, "centroid_lat": 48.091300158869373, "occurrences_today": 1, "datetimes_today": "2026-07-24 09:01:53", "cumulative_total": 80.0 }, "geometry": { "type": "Polygon", "coordinates": [ [ [ -77.834605197491385, 48.086112075772505 ], [ -77.841453936327994, 48.088540359608899 ], [ -77.84173999150164, 48.093728409716952 ], [ -77.835175962031457, 48.096488235981042 ], [ -77.828326429371501, 48.094059595633034 ], [ -77.828041720034008, 48.088871485603008 ], [ -77.834605197491385, 48.086112075772505 ] ] ] } },
{ "type": "Feature", "properties": { "hex_id": 180922, "centroid_lon": -77.827757091096188, "centroid_lat": 48.083683369593949, "occurrences_today": 1, "datetimes_today": "2026-07-24 09:01:53", "cumulative_total": 117.0 }, "geometry": { "type": "Polygon", "coordinates": [ [ [ -77.827472542529208, 48.078495247606277 ], [ -77.8343199360977, 48.080923986690841 ], [ -77.834605197491385, 48.086112075772505 ], [ -77.828041720034008, 48.088871485603008 ], [ -77.821193533253563, 48.08644239001945 ], [ -77.820909617171324, 48.081254241174825 ], [ -77.827472542529208, 48.078495247606277 ] ] ] } },
{ "type": "Feature", "properties": { "hex_id": 180923, "centroid_lon": -77.828611219137542, "centroid_lat": 48.09924769968363, "occurrences_today": 1, "datetimes_today": "2026-07-24 09:01:53", "cumulative_total": 116.0 }, "geometry": { "type": "Polygon", "coordinates": [ [ [ -77.828326429371501, 48.094059595633034 ], [ -77.835175962031457, 48.096488235981042 ], [ -77.835461465235724, 48.10167630710712 ], [ -77.828896089361052, 48.104435797754441 ], [ -77.822045762790978, 48.102006800714555 ], [ -77.821761606034585, 48.096818669789705 ], [ -77.828326429371501, 48.094059595633034 ] ] ] } },
{ "type": "Feature", "properties": { "hex_id": 495149, "centroid_lon": -74.401612198618793, "centroid_lat": 45.303447398839232, "occurrences_today": 1, "datetimes_today": "2026-07-24 15:17:47", "cumulative_total": 64.0 }, "geometry": { "type": "Polygon", "coordinates": [ [ [ -74.401666862376999, 45.298250692610338 ], [ -74.408016598212782, 45.300882277687563 ], [ -74.40796250958573, 45.30607898750474 ], [ -74.401557519964555, 45.308644100267649 ], [ -74.395207223896122, 45.30601215670773 ], [ -74.395262477676553, 45.300815458931773 ], [ -74.401666862376999, 45.298250692610338 ] ] ] } },
{ "type": "Feature", "properties": { "hex_id": 631963, "centroid_lon": -72.938288735820265, "centroid_lat": 46.252979542430452, "occurrences_today": 2, "datetimes_today": "2026-07-24 23:32:04, 2026-07-24 23:47:06", "cumulative_total": 184.0 }, "geometry": { "type": "Polygon", "coordinates": [ [ [ -72.938483377108014, 46.247786788270034 ], [ -72.944868451317731, 46.250499921616509 ], [ -72.944674394263714, 46.255692694134389 ], [ -72.938094040899443, 46.258172291218926 ], [ -72.931708436098234, 46.25545877348182 ], [ -72.931903715234426, 46.250266043116888 ], [ -72.938483377108014, 46.247786788270034 ] ] ] } },
{ "type": "Feature", "properties": { "hex_id": 632572, "centroid_lon": -72.932684294044037, "centroid_lat": 46.229495067900856, "occurrences_today": 2, "datetimes_today": "2026-07-24 23:32:04, 2026-07-24 23:47:06", "cumulative_total": 117.0 }, "geometry": { "type": "Polygon", "coordinates": [ [ [ -72.932879304404551, 46.224302310658722 ], [ -72.939261406295074, 46.227015717912451 ], [ -72.939066979356241, 46.232208493558844 ], [ -72.932489229965142, 46.234687819767913 ], [ -72.926106598380514, 46.231974028380854 ], [ -72.926302245862729, 46.226781294984058 ], [ -72.932879304404551, 46.224302310658722 ] ] ] } },
{ "type": "Feature", "properties": { "hex_id": 632573, "centroid_lon": -72.932098940578726, "centroid_lat": 46.245073307376124, "occurrences_today": 2, "datetimes_today": "2026-07-24 23:32:04, 2026-07-24 23:47:06", "cumulative_total": 144.0 }, "geometry": { "type": "Polygon", "coordinates": [ [ [ -72.932294112149506, 46.239880566259728 ], [ -72.93867796478105, 46.242594028737813 ], [ -72.938483377108014, 46.247786788270034 ], [ -72.931903715234426, 46.250266043116888 ], [ -72.925519332487866, 46.247552196295821 ], [ -72.925715141711521, 46.242359479036928 ], [ -72.932294112149506, 46.239880566259728 ] ] ] } },
{ "type": "Feature", "properties": { "hex_id": 633182, "centroid_lon": -72.926497839467984, "centroid_lat": 46.221588556208339, "occurrences_today": 2, "datetimes_today": "2026-07-24 23:32:04, 2026-07-24 23:47:06", "cumulative_total": 108.0 }, "geometry": { "type": "Polygon", "coordinates": [ [ [ -72.926693379214697, 46.216395812053896 ], [ -72.93307426106503, 46.219109548041722 ], [ -72.932879304404551, 46.224302310658722 ], [ -72.926302245862729, 46.226781294984058 ], [ -72.919920834793913, 46.224067174910523 ], [ -72.920117011466985, 46.218874454663336 ], [ -72.926693379214697, 46.216395812053896 ] ] ] } },
{ "type": "Feature", "properties": { "hex_id": 633183, "centroid_lon": -72.925910897002922, "centroid_lat": 46.23716675639853, "occurrences_today": 2, "datetimes_today": "2026-07-24 23:32:04, 2026-07-24 23:47:06", "cumulative_total": 134.0 }, "geometry": { "type": "Polygon", "coordinates": [ [ [ -72.926106598380514, 46.231974028380854 ], [ -72.932489229965142, 46.234687819767913 ], [ -72.932294112149506, 46.239880566259728 ], [ -72.925715141711521, 46.242359479036928 ], [ -72.919331980487954, 46.239645303354536 ], [ -72.919528319322865, 46.234452599256308 ], [ -72.926106598380514, 46.231974028380854 ] ] ] } },
{ "type": "Feature", "properties": { "hex_id": 633184, "centroid_lon": -72.925323469313525, "centroid_lat": 46.252744908175025, "occurrences_today": 2, "datetimes_today": "2026-07-24 23:32:04, 2026-07-24 23:47:06", "cumulative_total": 108.0 }, "geometry": { "type": "Polygon", "coordinates": [ [ [ -72.925519332487866, 46.247552196295821 ], [ -72.931903715234426, 46.250266043116888 ], [ -72.931708436098234, 46.25545877348182 ], [ -72.925127552170025, 46.257937614674354 ], [ -72.9187426393637, 46.255223383348216 ], [ -72.918939140526859, 46.250030695400689 ], [ -72.925519332487866, 46.247552196295821 ] ] ] } },
{ "type": "Feature", "properties": { "hex_id": 633793, "centroid_lon": -72.919724604085374, "centroid_lat": 46.229259889774909, "occurrences_today": 2, "datetimes_today": "2026-07-24 23:32:04, 2026-07-24 23:47:06", "cumulative_total": 108.0 }, "geometry": { "type": "Polygon", "coordinates": [ [ [ -72.919920834793913, 46.224067174910523 ], [ -72.926302245862729, 46.226781294984058 ], [ -72.926106598380514, 46.231974028380854 ], [ -72.919528319322865, 46.234452599256308 ], [ -72.913146379090904, 46.231738094935139 ], [ -72.913343247061249, 46.226545404052146 ], [ -72.919920834793913, 46.224067174910523 ] ] ] } },
{ "type": "Feature", "properties": { "hex_id": 633794, "centroid_lon": -72.919135587562124, "centroid_lat": 46.2448380020694, "occurrences_today": 2, "datetimes_today": "2026-07-24 23:32:04, 2026-07-24 23:47:06", "cumulative_total": 135.0 }, "geometry": { "type": "Polygon", "coordinates": [ [ [ -72.919331980487954, 46.239645303354536 ], [ -72.925715141711521, 46.242359479036928 ], [ -72.925519332487866, 46.247552196295821 ], [ -72.918939140526859, 46.250030695400689 ], [ -72.91255544971979, 46.247316135260974 ], [ -72.912752480438726, 46.242123460539744 ], [ -72.919331980487954, 46.239645303354536 ] ] ] } },
{ "type": "Feature", "properties": { "hex_id": 340720, "centroid_lon": -76.022855545944566, "centroid_lat": 45.729171325638831, "occurrences_today": 11, "datetimes_today": "2026-07-24 08:03:56, 2026-07-24 08:18:28, 2026-07-24 08:31:40, 2026-07-24 08:46:43, 2026-07-24 09:01:53, 2026-07-24 09:31:43, 2026-07-24 09:47:55, 2026-07-24 10:01:44, 2026-07-24 10:16:49, 2026-07-24 10:31:51, 2026-07-24 10:46:43", "cumulative_total": 459.0 }, "geometry": { "type": "Polygon", "coordinates": [ [ [ -76.022760712877982, 45.723975553852256 ], [ -76.02923276608918, 45.726515739381561 ], [ -76.029328207648788, 45.731711498319385 ], [ -76.02295040498359, 45.73436709252605 ], [ -76.016477717302564, 45.731826559791678 ], [ -76.016383466765333, 45.726630780120793 ], [ -76.022760712877982, 45.723975553852256 ] ] ] } },
{ "type": "Feature", "properties": { "hex_id": 554995, "centroid_lon": -73.770965530518325, "centroid_lat": 45.563443141046854, "occurrences_today": 5, "datetimes_today": "2026-07-24 14:17:02, 2026-07-24 14:47:11, 2026-07-24 15:02:07, 2026-07-24 15:17:47, 2026-07-24 15:31:41", "cumulative_total": 146.0 }, "geometry": { "type": "Polygon", "coordinates": [ [ [ -73.771078820281971, 45.558247585911509 ], [ -73.777427471445677, 45.560914104638996 ], [ -73.777314756376541, 45.566109669677765 ], [ -73.770852209792181, 45.568638691215959 ], [ -73.764503014901607, 45.565971804694314 ], [ -73.764616910311872, 45.560776264493278 ], [ -73.771078820281971, 45.558247585911509 ] ] ] } },
{ "type": "Feature", "properties": { "hex_id": 592863, "centroid_lon": -73.366171874576864, "centroid_lat": 45.823400574375256, "occurrences_today": 5, "datetimes_today": "2026-07-24 12:02:19, 2026-07-24 12:19:32, 2026-07-24 12:32:06, 2026-07-24 12:46:46, 2026-07-24 12:59:03", "cumulative_total": 191.0 }, "geometry": { "type": "Polygon", "coordinates": [ [ [ -73.366323839306574, 45.818206175140496 ], [ -73.372681763017724, 45.820895210911345 ], [ -73.372530375352142, 45.826089624126418 ], [ -73.366019868189738, 45.828594968474469 ], [ -73.359661409078953, 45.825905557811048 ], [ -73.359813992516081, 45.820711177757325 ], [ -73.366323839306574, 45.818206175140496 ] ] ] } },
{ "type": "Feature", "properties": { "hex_id": 575148, "centroid_lon": -73.556998850099518, "centroid_lat": 45.66227670400928, "occurrences_today": 20, "datetimes_today": "2026-07-24 09:31:43, 2026-07-24 09:47:55, 2026-07-24 10:01:44, 2026-07-24 10:16:49, 2026-07-24 10:31:51, 2026-07-24 10:46:43, 2026-07-24 11:01:43, 2026-07-24 11:31:41, 2026-07-24 12:02:19, 2026-07-24 12:19:32, 2026-07-24 12:32:06, 2026-07-24 12:46:46, 2026-07-24 12:59:03, 2026-07-24 13:17:09, 2026-07-24 13:33:01, 2026-07-24 13:46:46, 2026-07-24 14:02:07, 2026-07-24 14:17:02, 2026-07-24 14:47:11, 2026-07-24 15:02:07", "cumulative_total": 149.0 }, "geometry": { "type": "Polygon", "coordinates": [ [ [ -73.55713231798839, 45.657081692306072 ], [ -73.563481582867041, 45.659760070274878 ], [ -73.563348689766926, 45.664955094025466 ], [ -73.556865345692785, 45.667471710663207 ], [ -73.550515542549363, 45.664792961636842 ], [ -73.550649621732546, 45.659597967095124 ], [ -73.55713231798839, 45.657081692306072 ] ] ] } },
{ "type": "Feature", "properties": { "hex_id": 509838, "centroid_lon": -74.240822223177602, "centroid_lat": 45.879329237241322, "occurrences_today": 53, "datetimes_today": "2026-07-24 00:02:05, 2026-07-24 00:16:40, 2026-07-24 00:31:58, 2026-07-24 00:46:49, 2026-07-24 01:01:55, 2026-07-24 01:16:40, 2026-07-24 01:33:10, 2026-07-24 01:47:11, 2026-07-24 02:01:42, 2026-07-24 02:18:40, 2026-07-24 02:31:44, 2026-07-24 02:46:50, 2026-07-24 03:01:40, 2026-07-24 03:16:36, 2026-07-24 03:31:53, 2026-07-24 03:47:12, 2026-07-24 04:02:00, 2026-07-24 04:18:15, 2026-07-24 04:31:38, 2026-07-24 04:46:53, 2026-07-24 05:01:54, 2026-07-24 05:22:07, 2026-07-24 05:33:06, 2026-07-24 05:46:52, 2026-07-24 06:18:29, 2026-07-24 06:31:43, 2026-07-24 06:47:25, 2026-07-24 07:16:53, 2026-07-24 07:31:42, 2026-07-24 08:03:56, 2026-07-24 08:18:28, 2026-07-24 08:31:40, 2026-07-24 08:46:43, 2026-07-24 09:01:53, 2026-07-24 09:31:43, 2026-07-24 09:47:55, 2026-07-24 10:01:44, 2026-07-24 10:16:49, 2026-07-24 10:31:51, 2026-07-24 10:46:43, 2026-07-24 11:01:43, 2026-07-24 11:31:41, 2026-07-24 12:02:19, 2026-07-24 12:19:32, 2026-07-24 12:32:06, 2026-07-24 12:46:46, 2026-07-24 12:59:03, 2026-07-24 13:17:09, 2026-07-24 13:33:01, 2026-07-24 13:46:46, 2026-07-24 14:02:07, 2026-07-24 14:17:02, 2026-07-24 14:47:11", "cumulative_total": 365.0 }, "geometry": { "type": "Polygon", "coordinates": [ [ [ -74.240892980697993, 45.874133230155564 ], [ -74.247300005053106, 45.876773853954127 ], [ -74.247229838247037, 45.881969866307074 ], [ -74.240751446241106, 45.88452523949632 ], [ -74.234343850591074, 45.881884248395771 ], [ -74.234415218235327, 45.876688251473425 ], [ -74.240892980697993, 45.874133230155564 ] ] ] } },
{ "type": "Feature", "properties": { "hex_id": 570285, "centroid_lon": -73.600148822821254, "centroid_lat": 45.990196473586415, "occurrences_today": 26, "datetimes_today": "2026-07-24 14:02:07, 2026-07-24 14:17:02, 2026-07-24 14:47:11, 2026-07-24 15:02:07, 2026-07-24 15:17:47, 2026-07-24 15:31:41, 2026-07-24 15:56:02, 2026-07-24 16:16:41, 2026-07-24 16:31:40, 2026-07-24 16:47:02, 2026-07-24 17:01:51, 2026-07-24 17:16:43, 2026-07-24 17:31:38, 2026-07-24 17:46:45, 2026-07-24 18:02:14, 2026-07-24 18:16:45, 2026-07-24 18:32:11, 2026-07-24 18:47:12, 2026-07-24 19:01:49, 2026-07-24 19:17:25, 2026-07-24 19:31:42, 2026-07-24 19:47:26, 2026-07-24 20:02:36, 2026-07-24 20:31:41, 2026-07-24 20:47:09, 2026-07-24 21:02:52", "cumulative_total": 149.0 }, "geometry": { "type": "Polygon", "coordinates": [ [ [ -73.600279789059343, 45.985001664058508 ], [ -73.606668204743116, 45.987677949549926 ], [ -73.60653782395903, 45.992872770778796 ], [ -73.600017820603313, 45.995391278081456 ], [ -73.593628855451485, 45.99271461773202 ], [ -73.593760443111208, 45.987519825003545 ], [ -73.600279789059343, 45.985001664058508 ] ] ] } },
{ "type": "Feature", "properties": { "hex_id": 570895, "centroid_lon": -73.593891994631605, "centroid_lat": 45.982325027239582, "occurrences_today": 26, "datetimes_today": "2026-07-24 14:02:07, 2026-07-24 14:17:02, 2026-07-24 14:47:11, 2026-07-24 15:02:07, 2026-07-24 15:17:47, 2026-07-24 15:31:41, 2026-07-24 15:56:02, 2026-07-24 16:16:41, 2026-07-24 16:31:40, 2026-07-24 16:47:02, 2026-07-24 17:01:51, 2026-07-24 17:16:43, 2026-07-24 17:31:38, 2026-07-24 17:46:45, 2026-07-24 18:02:14, 2026-07-24 18:16:45, 2026-07-24 18:32:11, 2026-07-24 18:47:12, 2026-07-24 19:01:49, 2026-07-24 19:17:25, 2026-07-24 19:31:42, 2026-07-24 19:47:26, 2026-07-24 20:02:36, 2026-07-24 20:31:41, 2026-07-24 20:47:09, 2026-07-24 21:02:52", "cumulative_total": 149.0 }, "geometry": { "type": "Polygon", "coordinates": [ [ [ -73.594023510024954, 45.977130224440188 ], [ -73.600410719329801, 45.979806849497777 ], [ -73.600279789059343, 45.985001664058508 ], [ -73.593760443111208, 45.987519825003545 ], [ -73.587372684816657, 45.984842825130599 ], [ -73.587504821447666, 45.979648039193563 ], [ -73.594023510024954, 45.977130224440188 ] ] ] } },
{ "type": "Feature", "properties": { "hex_id": 571506, "centroid_lon": -73.587240511886918, "centroid_lat": 45.990037606029503, "occurrences_today": 26, "datetimes_today": "2026-07-24 14:02:07, 2026-07-24 14:17:02, 2026-07-24 14:47:11, 2026-07-24 15:02:07, 2026-07-24 15:17:47, 2026-07-24 15:31:41, 2026-07-24 15:56:02, 2026-07-24 16:16:41, 2026-07-24 16:31:40, 2026-07-24 16:47:02, 2026-07-24 17:01:51, 2026-07-24 17:16:43, 2026-07-24 17:31:38, 2026-07-24 17:46:45, 2026-07-24 18:02:14, 2026-07-24 18:16:45, 2026-07-24 18:32:11, 2026-07-24 18:47:12, 2026-07-24 19:01:49, 2026-07-24 19:17:25, 2026-07-24 19:31:42, 2026-07-24 19:47:26, 2026-07-24 20:02:36, 2026-07-24 20:31:41, 2026-07-24 20:47:09, 2026-07-24 21:02:52", "cumulative_total": 140.0 }, "geometry": { "type": "Polygon", "coordinates": [ [ [ -73.587372684816657, 45.984842825130599 ], [ -73.593760443111208, 45.987519825003545 ], [ -73.593628855451485, 45.99271461773202 ], [ -73.587108302646087, 45.995232381890233 ], [ -73.58071999539878, 45.992555007039968 ], [ -73.580852789897278, 45.987360243074406 ], [ -73.587372684816657, 45.984842825130599 ] ] ] } },
{ "type": "Feature", "properties": { "hex_id": 572116, "centroid_lon": -73.580985547925295, "centroid_lat": 45.982165474068012, "occurrences_today": 26, "datetimes_today": "2026-07-24 14:02:07, 2026-07-24 14:17:02, 2026-07-24 14:47:11, 2026-07-24 15:02:07, 2026-07-24 15:17:47, 2026-07-24 15:31:41, 2026-07-24 15:56:02, 2026-07-24 16:16:41, 2026-07-24 16:31:40, 2026-07-24 16:47:02, 2026-07-24 17:01:51, 2026-07-24 17:16:43, 2026-07-24 17:31:38, 2026-07-24 17:46:45, 2026-07-24 18:02:14, 2026-07-24 18:16:45, 2026-07-24 18:32:11, 2026-07-24 18:47:12, 2026-07-24 19:01:49, 2026-07-24 19:17:25, 2026-07-24 19:31:42, 2026-07-24 19:47:26, 2026-07-24 20:02:36, 2026-07-24 20:31:41, 2026-07-24 20:47:09, 2026-07-24 21:02:52", "cumulative_total": 149.0 }, "geometry": { "type": "Polygon", "coordinates": [ [ [ -73.581118269495207, 45.976970700020864 ], [ -73.587504821447666, 45.979648039193563 ], [ -73.587372684816657, 45.984842825130599 ], [ -73.580852789897278, 45.987360243074406 ], [ -73.57446568947023, 45.984682528967141 ], [ -73.574599032424743, 45.979487771916226 ], [ -73.581118269495207, 45.976970700020864 ] ] ] } },
{ "type": "Feature", "properties": { "hex_id": 573337, "centroid_lon": -73.568079210593297, "centroid_lat": 45.98200446380816, "occurrences_today": 26, "datetimes_today": "2026-07-24 14:02:07, 2026-07-24 14:17:02, 2026-07-24 14:47:11, 2026-07-24 15:02:07, 2026-07-24 15:17:47, 2026-07-24 15:31:41, 2026-07-24 15:56:02, 2026-07-24 16:16:41, 2026-07-24 16:31:40, 2026-07-24 16:47:02, 2026-07-24 17:01:51, 2026-07-24 17:16:43, 2026-07-24 17:31:38, 2026-07-24 17:46:45, 2026-07-24 18:02:14, 2026-07-24 18:16:45, 2026-07-24 18:32:11, 2026-07-24 18:47:12, 2026-07-24 19:01:49, 2026-07-24 19:17:25, 2026-07-24 19:31:42, 2026-07-24 19:47:26, 2026-07-24 20:02:36, 2026-07-24 20:31:41, 2026-07-24 20:47:09, 2026-07-24 21:02:52", "cumulative_total": 140.0 }, "geometry": { "type": "Polygon", "coordinates": [ [ [ -73.568213138302596, 45.976809718775655 ], [ -73.574599032424743, 45.979487771916226 ], [ -73.57446568947023, 45.984682528967141 ], [ -73.567945246094837, 45.987199203794525 ], [ -73.561558804013316, 45.984520775600267 ], [ -73.561693353254057, 45.979326047697917 ], [ -73.568213138302596, 45.976809718775655 ] ] ] } },
{ "type": "Feature", "properties": { "hex_id": 587383, "centroid_lon": -73.417665295177443, "centroid_lat": 46.050171926800139, "occurrences_today": 13, "datetimes_today": "2026-07-24 00:02:05, 2026-07-24 00:16:40, 2026-07-24 00:31:58, 2026-07-24 00:46:49, 2026-07-24 01:01:55, 2026-07-24 01:16:40, 2026-07-24 01:33:10, 2026-07-24 01:47:11, 2026-07-24 02:01:42, 2026-07-24 02:18:40, 2026-07-24 02:31:44, 2026-07-24 02:46:50, 2026-07-24 03:01:40", "cumulative_total": 183.0 }, "geometry": { "type": "Polygon", "coordinates": [ [ [ -73.417813639906115, 46.044977603307515 ], [ -73.424199813535083, 46.047664038871396 ], [ -73.424052053577029, 46.052858375897962 ], [ -73.417516909667199, 46.055366245179911 ], [ -73.411130192056149, 46.05267943227517 ], [ -73.411279162323112, 46.047485127495051 ], [ -73.417813639906115, 46.044977603307515 ] ] ] } },
{ "type": "Feature", "properties": { "hex_id": 539741, "centroid_lon": -73.928590091983153, "centroid_lat": 45.697546467511494, "occurrences_today": 5, "datetimes_today": "2026-07-24 08:46:43, 2026-07-24 09:01:53, 2026-07-24 09:31:43, 2026-07-24 09:47:55, 2026-07-24 10:01:44", "cumulative_total": 85.0 }, "geometry": { "type": "Polygon", "coordinates": [ [ [ -73.928689316769635, 45.692350747440592 ], [ -73.935060645712028, 45.695008646114609 ], [ -73.934962001830783, 45.700204374548335 ], [ -73.928490840032424, 45.702742182668302 ], [ -73.922118957353618, 45.700083915994028 ], [ -73.922218790200432, 45.694888209265045 ], [ -73.928689316769635, 45.692350747440592 ] ] ] } },
{ "type": "Feature", "properties": { "hex_id": 475039, "centroid_lon": -74.608130395929564, "centroid_lat": 45.873384522997782, "occurrences_today": 43, "datetimes_today": "2026-07-24 00:02:05, 2026-07-24 00:16:40, 2026-07-24 00:31:58, 2026-07-24 00:46:49, 2026-07-24 01:01:55, 2026-07-24 01:16:40, 2026-07-24 01:33:10, 2026-07-24 01:47:11, 2026-07-24 02:01:42, 2026-07-24 02:18:40, 2026-07-24 02:31:44, 2026-07-24 02:46:50, 2026-07-24 03:01:40, 2026-07-24 03:16:36, 2026-07-24 03:31:53, 2026-07-24 03:47:12, 2026-07-24 04:02:00, 2026-07-24 04:18:15, 2026-07-24 04:31:38, 2026-07-24 04:46:53, 2026-07-24 05:01:54, 2026-07-24 05:22:07, 2026-07-24 05:33:06, 2026-07-24 05:46:52, 2026-07-24 06:18:29, 2026-07-24 06:31:43, 2026-07-24 06:47:25, 2026-07-24 07:16:53, 2026-07-24 07:31:42, 2026-07-24 08:03:56, 2026-07-24 08:18:28, 2026-07-24 08:31:40, 2026-07-24 08:46:43, 2026-07-24 09:01:53, 2026-07-24 09:31:43, 2026-07-24 09:47:55, 2026-07-24 10:01:44, 2026-07-24 10:16:49, 2026-07-24 10:31:51, 2026-07-24 10:46:43, 2026-07-24 11:01:43, 2026-07-24 11:31:41, 2026-07-24 12:02:19", "cumulative_total": 297.0 }, "geometry": { "type": "Polygon", "coordinates": [ [ [ -74.608166912498405, 45.868188175366008 ], [ -74.614590781216222, 45.870808259451657 ], [ -74.614554860024299, 45.876004608648522 ], [ -74.60809386934055, 45.878580865860442 ], [ -74.601669415267693, 45.875960418165192 ], [ -74.601706537230214, 45.870764076933085 ], [ -74.608166912498405, 45.868188175366008 ] ] ] } },
{ "type": "Feature", "properties": { "hex_id": 475649, "centroid_lon": -74.601743649009592, "centroid_lat": 45.865567730931126, "occurrences_today": 13, "datetimes_today": "2026-07-24 00:02:05, 2026-07-24 00:16:40, 2026-07-24 00:31:58, 2026-07-24 00:46:49, 2026-07-24 01:01:55, 2026-07-24 01:16:40, 2026-07-24 01:33:10, 2026-07-24 01:47:11, 2026-07-24 02:01:42, 2026-07-24 02:18:40, 2026-07-24 02:31:44, 2026-07-24 02:46:50, 2026-07-24 03:01:40", "cumulative_total": 267.0 }, "geometry": { "type": "Polygon", "coordinates": [ [ [ -74.601780750609237, 45.860371380159251 ], [ -74.608203419050454, 45.8629918229651 ], [ -74.608166912498405, 45.868188175366008 ], [ -74.601706537230214, 45.870764076933085 ], [ -74.595283283922853, 45.868143270553155 ], [ -74.595320990746359, 45.862946926245691 ], [ -74.601780750609237, 45.860371380159251 ] ] ] } },
{ "type": "Feature", "properties": { "hex_id": 475650, "centroid_lon": -74.601632283118548, "centroid_lat": 45.881156754627426, "occurrences_today": 43, "datetimes_today": "2026-07-24 00:02:05, 2026-07-24 00:16:40, 2026-07-24 00:31:58, 2026-07-24 00:46:49, 2026-07-24 01:01:55, 2026-07-24 01:16:40, 2026-07-24 01:33:10, 2026-07-24 01:47:11, 2026-07-24 02:01:42, 2026-07-24 02:18:40, 2026-07-24 02:31:44, 2026-07-24 02:46:50, 2026-07-24 03:01:40, 2026-07-24 03:16:36, 2026-07-24 03:31:53, 2026-07-24 03:47:12, 2026-07-24 04:02:00, 2026-07-24 04:18:15, 2026-07-24 04:31:38, 2026-07-24 04:46:53, 2026-07-24 05:01:54, 2026-07-24 05:22:07, 2026-07-24 05:33:06, 2026-07-24 05:46:52, 2026-07-24 06:18:29, 2026-07-24 06:31:43, 2026-07-24 06:47:25, 2026-07-24 07:16:53, 2026-07-24 07:31:42, 2026-07-24 08:03:56, 2026-07-24 08:18:28, 2026-07-24 08:31:40, 2026-07-24 08:46:43, 2026-07-24 09:01:53, 2026-07-24 09:31:43, 2026-07-24 09:47:55, 2026-07-24 10:01:44, 2026-07-24 10:16:49, 2026-07-24 10:31:51, 2026-07-24 10:46:43, 2026-07-24 11:01:43, 2026-07-24 11:31:41, 2026-07-24 12:02:19", "cumulative_total": 297.0 }, "geometry": { "type": "Polygon", "coordinates": [ [ [ -74.601669415267693, 45.875960418165192 ], [ -74.60809386934055, 45.878580865860442 ], [ -74.608057332727938, 45.883777203953976 ], [ -74.60159514077931, 45.886353086319851 ], [ -74.595170101361703, 45.883732274851837 ], [ -74.595207839234035, 45.878535944856225 ], [ -74.601669415267693, 45.875960418165192 ] ] ] } },
{ "type": "Feature", "properties": { "hex_id": 476260, "centroid_lon": -74.595245566753249, "centroid_lat": 45.873339610089999, "occurrences_today": 43, "datetimes_today": "2026-07-24 00:02:05, 2026-07-24 00:16:40, 2026-07-24 00:31:58, 2026-07-24 00:46:49, 2026-07-24 01:01:55, 2026-07-24 01:16:40, 2026-07-24 01:33:10, 2026-07-24 01:47:11, 2026-07-24 02:01:42, 2026-07-24 02:18:40, 2026-07-24 02:31:44, 2026-07-24 02:46:50, 2026-07-24 03:01:40, 2026-07-24 03:16:36, 2026-07-24 03:31:53, 2026-07-24 03:47:12, 2026-07-24 04:02:00, 2026-07-24 04:18:15, 2026-07-24 04:31:38, 2026-07-24 04:46:53, 2026-07-24 05:01:54, 2026-07-24 05:22:07, 2026-07-24 05:33:06, 2026-07-24 05:46:52, 2026-07-24 06:18:29, 2026-07-24 06:31:43, 2026-07-24 06:47:25, 2026-07-24 07:16:53, 2026-07-24 07:31:42, 2026-07-24 08:03:56, 2026-07-24 08:18:28, 2026-07-24 08:31:40, 2026-07-24 08:46:43, 2026-07-24 09:01:53, 2026-07-24 09:31:43, 2026-07-24 09:47:55, 2026-07-24 10:01:44, 2026-07-24 10:16:49, 2026-07-24 10:31:51, 2026-07-24 10:46:43, 2026-07-24 11:01:43, 2026-07-24 11:31:41, 2026-07-24 12:02:19", "cumulative_total": 297.0 }, "geometry": { "type": "Polygon", "coordinates": [ [ [ -74.595283283922853, 45.868143270553155 ], [ -74.601706537230214, 45.870764076933085 ], [ -74.601669415267693, 45.875960418165192 ], [ -74.595207839234035, 45.878535944856225 ], [ -74.588784001070962, 45.875914774739137 ], [ -74.588822323793721, 45.870718441733644 ], [ -74.595283283922853, 45.868143270553155 ] ] ] } },
{ "type": "Feature", "properties": { "hex_id": 476870, "centroid_lon": -74.588860636003972, "centroid_lat": 45.865522103956778, "occurrences_today": 85, "datetimes_today": "2026-07-24 00:02:05, 2026-07-24 00:16:40, 2026-07-24 00:31:58, 2026-07-24 00:46:49, 2026-07-24 01:01:55, 2026-07-24 01:16:40, 2026-07-24 01:33:10, 2026-07-24 01:47:11, 2026-07-24 02:01:42, 2026-07-24 02:18:40, 2026-07-24 02:31:44, 2026-07-24 02:46:50, 2026-07-24 03:01:40, 2026-07-24 03:16:36, 2026-07-24 03:31:53, 2026-07-24 03:47:12, 2026-07-24 04:02:00, 2026-07-24 04:18:15, 2026-07-24 04:31:38, 2026-07-24 04:46:53, 2026-07-24 05:01:54, 2026-07-24 05:22:07, 2026-07-24 05:33:06, 2026-07-24 05:46:52, 2026-07-24 06:18:29, 2026-07-24 06:31:43, 2026-07-24 06:47:25, 2026-07-24 07:16:53, 2026-07-24 07:31:42, 2026-07-24 08:03:56, 2026-07-24 08:18:28, 2026-07-24 08:31:40, 2026-07-24 08:46:43, 2026-07-24 09:01:53, 2026-07-24 09:31:43, 2026-07-24 09:47:55, 2026-07-24 10:01:44, 2026-07-24 10:16:49, 2026-07-24 10:31:51, 2026-07-24 10:46:43, 2026-07-24 11:01:43, 2026-07-24 11:31:41, 2026-07-24 12:02:19, 2026-07-24 12:19:32, 2026-07-24 12:32:06, 2026-07-24 12:46:46, 2026-07-24 12:59:03, 2026-07-24 13:17:09, 2026-07-24 13:33:01, 2026-07-24 13:46:46, 2026-07-24 14:02:07, 2026-07-24 14:17:02, 2026-07-24 14:47:11, 2026-07-24 15:02:07, 2026-07-24 15:17:47, 2026-07-24 15:31:41, 2026-07-24 15:56:02, 2026-07-24 16:16:41, 2026-07-24 16:31:40, 2026-07-24 16:47:02, 2026-07-24 17:01:51, 2026-07-24 17:16:43, 2026-07-24 17:31:38, 2026-07-24 17:46:45, 2026-07-24 18:02:14, 2026-07-24 18:16:45, 2026-07-24 18:32:11, 2026-07-24 18:47:12, 2026-07-24 19:01:49, 2026-07-24 19:17:25, 2026-07-24 19:31:42, 2026-07-24 19:47:26, 2026-07-24 20:02:36, 2026-07-24 20:31:41, 2026-07-24 20:47:09, 2026-07-24 21:02:52, 2026-07-24 21:31:53, 2026-07-24 21:47:22, 2026-07-24 22:02:06, 2026-07-24 22:31:39, 2026-07-24 22:46:42, 2026-07-24 23:01:38, 2026-07-24 23:17:39, 2026-07-24 23:32:04, 2026-07-24 23:47:06", "cumulative_total": 425.0 }, "geometry": { "type": "Polygon", "coordinates": [ [ [ -74.588898937705238, 45.860325761408468 ], [ -74.595320990746359, 45.862946926245691 ], [ -74.595283283922853, 45.868143270553155 ], [ -74.588822323793721, 45.870718441733644 ], [ -74.5823996863856, 45.868096913194883 ], [ -74.582438593470044, 45.862900577242634 ], [ -74.588898937705238, 45.860325761408468 ] ] ] } },
{ "type": "Feature", "properties": { "hex_id": 476871, "centroid_lon": -74.588745667832086, "centroid_lat": 45.881111102973236, "occurrences_today": 43, "datetimes_today": "2026-07-24 00:02:05, 2026-07-24 00:16:40, 2026-07-24 00:31:58, 2026-07-24 00:46:49, 2026-07-24 01:01:55, 2026-07-24 01:16:40, 2026-07-24 01:33:10, 2026-07-24 01:47:11, 2026-07-24 02:01:42, 2026-07-24 02:18:40, 2026-07-24 02:31:44, 2026-07-24 02:46:50, 2026-07-24 03:01:40, 2026-07-24 03:16:36, 2026-07-24 03:31:53, 2026-07-24 03:47:12, 2026-07-24 04:02:00, 2026-07-24 04:18:15, 2026-07-24 04:31:38, 2026-07-24 04:46:53, 2026-07-24 05:01:54, 2026-07-24 05:22:07, 2026-07-24 05:33:06, 2026-07-24 05:46:52, 2026-07-24 06:18:29, 2026-07-24 06:31:43, 2026-07-24 06:47:25, 2026-07-24 07:16:53, 2026-07-24 07:31:42, 2026-07-24 08:03:56, 2026-07-24 08:18:28, 2026-07-24 08:31:40, 2026-07-24 08:46:43, 2026-07-24 09:01:53, 2026-07-24 09:31:43, 2026-07-24 09:47:55, 2026-07-24 10:01:44, 2026-07-24 10:16:49, 2026-07-24 10:31:51, 2026-07-24 10:46:43, 2026-07-24 11:01:43, 2026-07-24 11:31:41, 2026-07-24 12:02:19", "cumulative_total": 297.0 }, "geometry": { "type": "Polygon", "coordinates": [ [ [ -74.588784001070962, 45.875914774739137 ], [ -74.595207839234035, 45.878535944856225 ], [ -74.595170101361703, 45.883732274851837 ], [ -74.588707324073539, 45.886307426436005 ], [ -74.582282901065355, 45.883685892418619 ], [ -74.582321840186879, 45.878489570782861 ], [ -74.588784001070962, 45.875914774739137 ] ] ] } },
{ "type": "Feature", "properties": { "hex_id": 478091, "centroid_lon": -74.575977654525261, "centroid_lat": 45.86547502457249, "occurrences_today": 69, "datetimes_today": "2026-07-24 00:02:05, 2026-07-24 00:16:40, 2026-07-24 00:31:58, 2026-07-24 00:46:49, 2026-07-24 01:01:55, 2026-07-24 01:16:40, 2026-07-24 01:33:10, 2026-07-24 01:47:11, 2026-07-24 02:01:42, 2026-07-24 02:18:40, 2026-07-24 02:31:44, 2026-07-24 02:46:50, 2026-07-24 03:01:40, 2026-07-24 03:16:36, 2026-07-24 03:31:53, 2026-07-24 03:47:12, 2026-07-24 04:02:00, 2026-07-24 04:18:15, 2026-07-24 04:31:38, 2026-07-24 04:46:53, 2026-07-24 05:01:54, 2026-07-24 05:22:07, 2026-07-24 05:33:06, 2026-07-24 05:46:52, 2026-07-24 06:18:29, 2026-07-24 06:31:43, 2026-07-24 06:47:25, 2026-07-24 07:16:53, 2026-07-24 07:31:42, 2026-07-24 08:03:56, 2026-07-24 08:18:28, 2026-07-24 08:31:40, 2026-07-24 08:46:43, 2026-07-24 09:01:53, 2026-07-24 09:31:43, 2026-07-24 09:47:55, 2026-07-24 10:01:44, 2026-07-24 10:16:49, 2026-07-24 10:31:51, 2026-07-24 10:46:43, 2026-07-24 11:01:43, 2026-07-24 11:31:41, 2026-07-24 12:02:19, 2026-07-24 12:19:32, 2026-07-24 12:32:06, 2026-07-24 12:46:46, 2026-07-24 12:59:03, 2026-07-24 13:17:09, 2026-07-24 13:33:01, 2026-07-24 13:46:46, 2026-07-24 14:02:07, 2026-07-24 14:17:02, 2026-07-24 14:47:11, 2026-07-24 15:02:07, 2026-07-24 15:17:47, 2026-07-24 15:31:41, 2026-07-24 15:56:02, 2026-07-24 16:16:41, 2026-07-24 16:31:40, 2026-07-24 16:47:02, 2026-07-24 17:01:51, 2026-07-24 17:16:43, 2026-07-24 17:31:38, 2026-07-24 17:46:45, 2026-07-24 18:02:14, 2026-07-24 18:16:45, 2026-07-24 18:32:11, 2026-07-24 18:47:12, 2026-07-24 19:01:49", "cumulative_total": 340.0 }, "geometry": { "type": "Polygon", "coordinates": [ [ [ -74.576017156317477, 45.860278690509539 ], [ -74.582438593470044, 45.862900577242634 ], [ -74.5823996863856, 45.868096913194883 ], [ -74.575938141894838, 45.870671353862463 ], [ -74.569516120874567, 45.86804910330045 ], [ -74.569556228209095, 45.862852775965216 ], [ -74.576017156317477, 45.860278690509539 ] ] ] } },
{ "type": "Feature", "properties": { "hex_id": 478702, "centroid_lon": -74.569476002535325, "centroid_lat": 45.873245425861917, "occurrences_today": 56, "datetimes_today": "2026-07-24 00:02:05, 2026-07-24 00:16:40, 2026-07-24 00:31:58, 2026-07-24 00:46:49, 2026-07-24 01:01:55, 2026-07-24 01:16:40, 2026-07-24 01:33:10, 2026-07-24 01:47:11, 2026-07-24 02:01:42, 2026-07-24 02:18:40, 2026-07-24 02:31:44, 2026-07-24 02:46:50, 2026-07-24 03:01:40, 2026-07-24 03:16:36, 2026-07-24 03:31:53, 2026-07-24 03:47:12, 2026-07-24 04:02:00, 2026-07-24 04:18:15, 2026-07-24 04:31:38, 2026-07-24 04:46:53, 2026-07-24 05:01:54, 2026-07-24 05:22:07, 2026-07-24 05:33:06, 2026-07-24 05:46:52, 2026-07-24 06:18:29, 2026-07-24 06:31:43, 2026-07-24 06:47:25, 2026-07-24 07:16:53, 2026-07-24 07:31:42, 2026-07-24 08:03:56, 2026-07-24 08:18:28, 2026-07-24 08:31:40, 2026-07-24 08:46:43, 2026-07-24 09:01:53, 2026-07-24 09:31:43, 2026-07-24 09:47:55, 2026-07-24 10:01:44, 2026-07-24 10:16:49, 2026-07-24 10:31:51, 2026-07-24 10:46:43, 2026-07-24 11:01:43, 2026-07-24 11:31:41, 2026-07-24 12:02:19, 2026-07-24 12:19:32, 2026-07-24 12:32:06, 2026-07-24 12:46:46, 2026-07-24 12:59:03, 2026-07-24 13:17:09, 2026-07-24 13:33:01, 2026-07-24 13:46:46, 2026-07-24 14:02:07, 2026-07-24 14:17:02, 2026-07-24 14:47:11, 2026-07-24 15:02:07, 2026-07-24 15:17:47, 2026-07-24 15:31:41", "cumulative_total": 378.0 }, "geometry": { "type": "Polygon", "coordinates": [ [ [ -74.569516120874567, 45.86804910330045 ], [ -74.575938141894838, 45.870671353862463 ], [ -74.575898618422514, 45.875867678379478 ], [ -74.569435873187658, 45.878441743649617 ], [ -74.563013268310783, 45.87581912909566 ], [ -74.563053992521631, 45.870622813328971 ], [ -74.569516120874567, 45.86804910330045 ] ] ] } },
{ "type": "Feature", "properties": { "hex_id": 479312, "centroid_lon": -74.563094705561241, "centroid_lat": 45.865426492787705, "occurrences_today": 1, "datetimes_today": "2026-07-24 14:02:07", "cumulative_total": 301.0 }, "geometry": { "type": "Polygon", "coordinates": [ [ [ -74.563135407433364, 45.860230167471833 ], [ -74.569556228209095, 45.862852775965216 ], [ -74.569516120874567, 45.86804910330045 ], [ -74.563053992521631, 45.870622813328971 ], [ -74.556632588377667, 45.867999840879421 ], [ -74.556673895951093, 45.862803522422972 ], [ -74.563135407433364, 45.860230167471833 ] ] ] } },
{ "type": "Feature", "properties": { "hex_id": 479313, "centroid_lon": -74.562972532924888, "centroid_lat": 45.881015440087779, "occurrences_today": 20, "datetimes_today": "2026-07-24 09:31:43, 2026-07-24 09:47:55, 2026-07-24 10:01:44, 2026-07-24 10:16:49, 2026-07-24 10:31:51, 2026-07-24 10:46:43, 2026-07-24 11:01:43, 2026-07-24 11:31:41, 2026-07-24 12:02:19, 2026-07-24 12:19:32, 2026-07-24 12:32:06, 2026-07-24 12:46:46, 2026-07-24 12:59:03, 2026-07-24 13:17:09, 2026-07-24 13:33:01, 2026-07-24 13:46:46, 2026-07-24 14:02:07, 2026-07-24 14:17:02, 2026-07-24 14:47:11, 2026-07-24 15:02:07", "cumulative_total": 279.0 }, "geometry": { "type": "Polygon", "coordinates": [ [ [ -74.563013268310783, 45.87581912909566 ], [ -74.569435873187658, 45.878441743649617 ], [ -74.569395732827815, 45.883638056663592 ], [ -74.562931786360181, 45.886211746305378 ], [ -74.556508597637986, 45.883588767596343 ], [ -74.556549939224951, 45.878392463466092 ], [ -74.563013268310783, 45.87581912909566 ] ] ] } },
{ "type": "Feature", "properties": { "hex_id": 555593, "centroid_lon": -73.768809252093931, "centroid_lat": 45.368537784709062, "occurrences_today": 2, "datetimes_today": "2026-07-24 23:17:39, 2026-07-24 23:32:04", "cumulative_total": 170.0 }, "geometry": { "type": "Polygon", "coordinates": [ [ [ -73.768921972313422, 45.363342055747474 ], [ -73.775248869605875, 45.366008555171319 ], [ -73.775136718180804, 45.371204294016223 ], [ -73.768696501139601, 45.373733508704397 ], [ -73.762369065792711, 45.371066643927023 ], [ -73.762482385531186, 45.365870929879186 ], [ -73.768921972313422, 45.363342055747474 ] ] ] } },
{ "type": "Feature", "properties": { "hex_id": 591061, "centroid_lon": -73.372019749794504, "centroid_lat": 46.283363412309548, "occurrences_today": 11, "datetimes_today": "2026-07-24 12:02:19, 2026-07-24 12:19:32, 2026-07-24 12:32:06, 2026-07-24 12:46:46, 2026-07-24 12:59:03, 2026-07-24 13:17:09, 2026-07-24 13:33:01, 2026-07-24 13:46:46, 2026-07-24 14:02:07, 2026-07-24 14:17:02, 2026-07-24 14:47:11", "cumulative_total": 44.0 }, "geometry": { "type": "Polygon", "coordinates": [ [ [ -73.372173618972454, 46.278169417732954 ], [ -73.378584239884304, 46.280858623756018 ], [ -73.378430962125918, 46.286052632388611 ], [ -73.371865838191241, 46.288557401750367 ], [ -73.365454668292386, 46.285867814926874 ], [ -73.365609171300704, 46.280673839608291 ], [ -73.372173618972454, 46.278169417732954 ] ] ] } },
{ "type": "Feature", "properties": { "hex_id": 597778, "centroid_lon": -73.29993217901621, "centroid_lat": 46.305696814331419, "occurrences_today": 76, "datetimes_today": "2026-07-24 02:18:40, 2026-07-24 02:31:44, 2026-07-24 02:46:50, 2026-07-24 03:01:40, 2026-07-24 03:16:36, 2026-07-24 03:31:53, 2026-07-24 03:47:12, 2026-07-24 04:02:00, 2026-07-24 04:18:15, 2026-07-24 04:31:38, 2026-07-24 04:46:53, 2026-07-24 05:01:54, 2026-07-24 05:22:07, 2026-07-24 05:33:06, 2026-07-24 05:46:52, 2026-07-24 06:18:29, 2026-07-24 06:31:43, 2026-07-24 06:47:25, 2026-07-24 07:16:53, 2026-07-24 07:31:42, 2026-07-24 08:03:56, 2026-07-24 08:18:28, 2026-07-24 08:31:40, 2026-07-24 08:46:43, 2026-07-24 09:01:53, 2026-07-24 09:31:43, 2026-07-24 09:47:55, 2026-07-24 10:01:44, 2026-07-24 10:16:49, 2026-07-24 10:31:51, 2026-07-24 10:46:43, 2026-07-24 11:01:43, 2026-07-24 11:31:41, 2026-07-24 12:02:19, 2026-07-24 12:19:32, 2026-07-24 12:32:06, 2026-07-24 12:46:46, 2026-07-24 12:59:03, 2026-07-24 13:17:09, 2026-07-24 13:33:01, 2026-07-24 13:46:46, 2026-07-24 14:02:07, 2026-07-24 14:17:02, 2026-07-24 14:47:11, 2026-07-24 15:02:07, 2026-07-24 15:17:47, 2026-07-24 15:31:41, 2026-07-24 15:56:02, 2026-07-24 16:16:41, 2026-07-24 16:31:40, 2026-07-24 16:47:02, 2026-07-24 17:01:51, 2026-07-24 17:16:43, 2026-07-24 17:31:38, 2026-07-24 17:46:45, 2026-07-24 18:02:14, 2026-07-24 18:16:45, 2026-07-24 18:32:11, 2026-07-24 18:47:12, 2026-07-24 19:01:49, 2026-07-24 19:17:25, 2026-07-24 19:31:42, 2026-07-24 19:47:26, 2026-07-24 20:02:36, 2026-07-24 20:31:41, 2026-07-24 20:47:09, 2026-07-24 21:02:52, 2026-07-24 21:31:53, 2026-07-24 21:47:22, 2026-07-24 22:02:06, 2026-07-24 22:31:39, 2026-07-24 22:46:42, 2026-07-24 23:01:38, 2026-07-24 23:17:39, 2026-07-24 23:32:04, 2026-07-24 23:47:06", "cumulative_total": 97.0 }, "geometry": { "type": "Polygon", "coordinates": [ [ [ -73.300092984855098, 46.30050303024391 ], [ -73.306502538386326, 46.303196256463217 ], [ -73.306342323642468, 46.308390055332616 ], [ -73.299771328828257, 46.310890593247578 ], [ -73.293361228558638, 46.308196985265013 ], [ -73.293522669826416, 46.303003221197031 ], [ -73.300092984855098, 46.30050303024391 ] ] ] } },
{ "type": "Feature", "properties": { "hex_id": 778524, "centroid_lon": -71.341254851705571, "centroid_lat": 46.852150276050835, "occurrences_today": 3, "datetimes_today": "2026-07-24 20:31:41, 2026-07-24 20:47:09, 2026-07-24 21:02:52", "cumulative_total": 114.0 }, "geometry": { "type": "Polygon", "coordinates": [ [ [ -71.341607401009966, 46.846965304166318 ], [ -71.347976137851973, 46.849767073484557 ], [ -71.34762416701976, 46.854952079698059 ], [ -71.340902204623987, 46.857335241179427 ], [ -71.334532987103927, 46.854533065643508 ], [ -71.334886212623786, 46.849348134910713 ], [ -71.341607401009966, 46.846965304166318 ] ] ] } },
{ "type": "Feature", "properties": { "hex_id": 729797, "centroid_lon": -71.757591283178058, "centroid_lat": 48.626007446266243, "occurrences_today": 6, "datetimes_today": "2026-07-24 09:31:43, 2026-07-24 09:47:55, 2026-07-24 10:01:44, 2026-07-24 10:16:49, 2026-07-24 10:31:51, 2026-07-24 10:46:43", "cumulative_total": 19.0 }, "geometry": { "type": "Polygon", "coordinates": [ [ [ -71.757923782571751, 48.62082180804574 ], [ -71.764531669958401, 48.623605327900052 ], [ -71.764199815084623, 48.628790997493432 ], [ -71.757258689134076, 48.63119307809103 ], [ -71.750650251895038, 48.628409130519742 ], [ -71.750983490424474, 48.623223530139533 ], [ -71.757923782571751, 48.62082180804574 ] ] ] } },
{ "type": "Feature", "properties": { "hex_id": 593481, "centroid_lon": -73.356293965801001, "centroid_lat": 45.940180618707593, "occurrences_today": 7, "datetimes_today": "2026-07-24 19:31:42, 2026-07-24 19:47:26, 2026-07-24 20:02:36, 2026-07-24 20:31:41, 2026-07-24 20:47:09, 2026-07-24 21:02:52, 2026-07-24 21:31:53", "cumulative_total": 70.0 }, "geometry": { "type": "Polygon", "coordinates": [ [ [ -73.35644747273858, 45.934986351730842 ], [ -73.362818086170265, 45.937676058046343 ], [ -73.362665159741439, 45.942870339135041 ], [ -73.356140416722255, 45.94537488054317 ], [ -73.349769264930131, 45.942684797739346 ], [ -73.349923394503335, 45.937490550081158 ], [ -73.35644747273858, 45.934986351730842 ] ] ] } },
{ "type": "Feature", "properties": { "hex_id": 620959, "centroid_lon": -73.063197298485704, "centroid_lat": 46.021329350405694, "occurrences_today": 2, "datetimes_today": "2026-07-24 06:18:29, 2026-07-24 09:01:53", "cumulative_total": 171.0 }, "geometry": { "type": "Polygon", "coordinates": [ [ [ -73.063378680828365, 46.016135989153931 ], [ -73.069743751589371, 46.018841923903381 ], [ -73.06956294810908, 46.024035302194598 ], [ -73.063015866306685, 46.026522706361931 ], [ -73.056650266528109, 46.023816391381899 ], [ -73.056832277552573, 46.018623052530636 ], [ -73.063378680828365, 46.016135989153931 ] ] ] } },
{ "type": "Feature", "properties": { "hex_id": 746166, "centroid_lon": -71.689690286976813, "centroid_lat": 46.839387245461772, "occurrences_today": 11, "datetimes_today": "2026-07-24 00:02:05, 2026-07-24 00:16:40, 2026-07-24 00:31:58, 2026-07-24 00:46:49, 2026-07-24 01:01:55, 2026-07-24 01:16:40, 2026-07-24 01:33:10, 2026-07-24 01:47:11, 2026-07-24 02:01:42, 2026-07-24 02:18:40, 2026-07-24 02:31:44", "cumulative_total": 138.0 }, "geometry": { "type": "Polygon", "coordinates": [ [ [ -71.690009158747714, 46.834200338953082 ], [ -71.696395606581689, 46.836983111010902 ], [ -71.696077318447394, 46.842170048446349 ], [ -71.68937132675137, 46.844574145580779 ], [ -71.682984383750664, 46.841790970376373 ], [ -71.683303927582031, 46.836604101251098 ], [ -71.690009158747714, 46.834200338953082 ] ] ] } },
{ "type": "Feature", "properties": { "hex_id": 746776, "centroid_lon": -71.683623382800903, "centroid_lat": 46.831417225729922, "occurrences_today": 11, "datetimes_today": "2026-07-24 00:02:05, 2026-07-24 00:16:40, 2026-07-24 00:31:58, 2026-07-24 00:46:49, 2026-07-24 01:01:55, 2026-07-24 01:16:40, 2026-07-24 01:33:10, 2026-07-24 01:47:11, 2026-07-24 02:01:42, 2026-07-24 02:18:40, 2026-07-24 02:31:44", "cumulative_total": 138.0 }, "geometry": { "type": "Polygon", "coordinates": [ [ [ -71.683942749438032, 46.826230343813357 ], [ -71.690327942094754, 46.829013426055276 ], [ -71.690009158747714, 46.834200338953082 ], [ -71.683303927582031, 46.836604101251098 ], [ -71.676918240232339, 46.833820615919898 ], [ -71.677238278710576, 46.828633771446917 ], [ -71.683942749438032, 46.826230343813357 ] ] ] } },
{ "type": "Feature", "properties": { "hex_id": 747386, "centroid_lon": -71.6775582284492, "centroid_lat": 46.823446920572323, "occurrences_today": 11, "datetimes_today": "2026-07-24 00:02:05, 2026-07-24 00:16:40, 2026-07-24 00:31:58, 2026-07-24 00:46:49, 2026-07-24 01:01:55, 2026-07-24 01:16:40, 2026-07-24 01:33:10, 2026-07-24 01:47:11, 2026-07-24 02:01:42, 2026-07-24 02:18:40, 2026-07-24 02:31:44", "cumulative_total": 124.0 }, "geometry": { "type": "Polygon", "coordinates": [ [ [ -71.677878089479023, 46.818260063296684 ], [ -71.684262027524099, 46.821043455502 ], [ -71.683942749438032, 46.826230343813357 ], [ -71.677238278710576, 46.828633771446917 ], [ -71.670853846445951, 46.825849976209653 ], [ -71.67117437909755, 46.820663156437725 ], [ -71.677878089479023, 46.818260063296684 ] ] ] } },
{ "type": "Feature", "properties": { "hex_id": 747387, "centroid_lon": -71.676598112983754, "centroid_lat": 46.83900745399071, "occurrences_today": 11, "datetimes_today": "2026-07-24 00:02:05, 2026-07-24 00:16:40, 2026-07-24 00:31:58, 2026-07-24 00:46:49, 2026-07-24 01:01:55, 2026-07-24 01:16:40, 2026-07-24 01:33:10, 2026-07-24 01:47:11, 2026-07-24 02:01:42, 2026-07-24 02:18:40, 2026-07-24 02:31:44", "cumulative_total": 138.0 }, "geometry": { "type": "Polygon", "coordinates": [ [ [ -71.676918240232339, 46.833820615919898 ], [ -71.683303927582031, 46.836604101251098 ], [ -71.682984383750664, 46.841790970376373 ], [ -71.676277896933982, 46.844194285658773 ], [ -71.669891714983621, 46.841410397075968 ], [ -71.670212514419831, 46.836223596529337 ], [ -71.676918240232339, 46.833820615919898 ] ] ] } },
{ "type": "Feature", "properties": { "hex_id": 747996, "centroid_lon": -71.671494822882636, "centroid_lat": 46.815476330258477, "occurrences_today": 11, "datetimes_today": "2026-07-24 00:02:05, 2026-07-24 00:16:40, 2026-07-24 00:31:58, 2026-07-24 00:46:49, 2026-07-24 01:01:55, 2026-07-24 01:16:40, 2026-07-24 01:33:10, 2026-07-24 01:47:11, 2026-07-24 02:01:42, 2026-07-24 02:18:40, 2026-07-24 02:31:44", "cumulative_total": 124.0 }, "geometry": { "type": "Polygon", "coordinates": [ [ [ -71.671815177831974, 46.810289497672485 ], [ -71.678197861830753, 46.813073199620561 ], [ -71.677878089479023, 46.818260063296684 ], [ -71.67117437909755, 46.820663156437725 ], [ -71.664791201352301, 46.817879051515042 ], [ -71.665112227704185, 46.812692256492852 ], [ -71.671815177831974, 46.810289497672485 ] ] ] } },
{ "type": "Feature", "properties": { "hex_id": 747997, "centroid_lon": -71.670533224896985, "centroid_lat": 46.831036789573723, "occurrences_today": 11, "datetimes_today": "2026-07-24 00:02:05, 2026-07-24 00:16:40, 2026-07-24 00:31:58, 2026-07-24 00:46:49, 2026-07-24 01:01:55, 2026-07-24 01:16:40, 2026-07-24 01:33:10, 2026-07-24 01:47:11, 2026-07-24 02:01:42, 2026-07-24 02:18:40, 2026-07-24 02:31:44", "cumulative_total": 124.0 }, "geometry": { "type": "Polygon", "coordinates": [ [ [ -71.670853846445951, 46.825849976209653 ], [ -71.677238278710576, 46.828633771446917 ], [ -71.676918240232339, 46.833820615919898 ], [ -71.670212514419831, 46.836223596529337 ], [ -71.66382758802807, 46.833439398097894 ], [ -71.664148881545131, 46.828252622318132 ], [ -71.670853846445951, 46.825849976209653 ] ] ] } },
{ "type": "Feature", "properties": { "hex_id": 747998, "centroid_lon": -71.669570826557518, "centroid_lat": 46.846597191213021, "occurrences_today": 11, "datetimes_today": "2026-07-24 00:02:05, 2026-07-24 00:16:40, 2026-07-24 00:31:58, 2026-07-24 00:46:49, 2026-07-24 01:01:55, 2026-07-24 01:16:40, 2026-07-24 01:33:10, 2026-07-24 01:47:11, 2026-07-24 02:01:42, 2026-07-24 02:18:40, 2026-07-24 02:31:44", "cumulative_total": 148.0 }, "geometry": { "type": "Polygon", "coordinates": [ [ [ -71.669891714983621, 46.841410397075968 ], [ -71.676277896933982, 46.844194285658773 ], [ -71.675957592052228, 46.849381110923524 ], [ -71.669249849110642, 46.851783978939956 ], [ -71.662863172652166, 46.84899968694323 ], [ -71.663184733612525, 46.843812930411012 ], [ -71.669891714983621, 46.841410397075968 ] ] ] } },
{ "type": "Feature", "properties": { "hex_id": 748607, "centroid_lon": -71.664470085976248, "centroid_lat": 46.823065840123661, "occurrences_today": 11, "datetimes_today": "2026-07-24 00:02:05, 2026-07-24 00:16:40, 2026-07-24 00:31:58, 2026-07-24 00:46:49, 2026-07-24 01:01:55, 2026-07-24 01:16:40, 2026-07-24 01:33:10, 2026-07-24 01:47:11, 2026-07-24 02:01:42, 2026-07-24 02:18:40, 2026-07-24 02:31:44", "cumulative_total": 124.0 }, "geometry": { "type": "Polygon", "coordinates": [ [ [ -71.664791201352301, 46.817879051515042 ], [ -71.67117437909755, 46.820663156437725 ], [ -71.670853846445951, 46.825849976209653 ], [ -71.664148881545131, 46.828252622318132 ], [ -71.657765210145925, 46.825468114258683 ], [ -71.658086997270601, 46.82028136329447 ], [ -71.664791201352301, 46.817879051515042 ] ] ] } },
{ "type": "Feature", "properties": { "hex_id": 748608, "centroid_lon": -71.663506205394185, "centroid_lat": 46.83862616746238, "occurrences_today": 11, "datetimes_today": "2026-07-24 00:02:05, 2026-07-24 00:16:40, 2026-07-24 00:31:58, 2026-07-24 00:46:49, 2026-07-24 01:01:55, 2026-07-24 01:16:40, 2026-07-24 01:33:10, 2026-07-24 01:47:11, 2026-07-24 02:01:42, 2026-07-24 02:18:40, 2026-07-24 02:31:44", "cumulative_total": 137.0 }, "geometry": { "type": "Polygon", "coordinates": [ [ [ -71.66382758802807, 46.833439398097894 ], [ -71.670212514419831, 46.836223596529337 ], [ -71.669891714983621, 46.841410397075968 ], [ -71.663184733612525, 46.843812930411012 ], [ -71.656799313186298, 46.841028328623096 ], [ -71.657121368134725, 46.835841596923565 ], [ -71.66382758802807, 46.833439398097894 ] ] ] } },
{ "type": "Feature", "properties": { "hex_id": 748609, "centroid_lon": -71.662541522482172, "centroid_lat": 46.854186437058466, "occurrences_today": 11, "datetimes_today": "2026-07-24 00:02:05, 2026-07-24 00:16:40, 2026-07-24 00:31:58, 2026-07-24 00:46:49, 2026-07-24 01:01:55, 2026-07-24 01:16:40, 2026-07-24 01:33:10, 2026-07-24 01:47:11, 2026-07-24 02:01:42, 2026-07-24 02:18:40, 2026-07-24 02:31:44", "cumulative_total": 148.0 }, "geometry": { "type": "Polygon", "coordinates": [ [ [ -71.662863172652166, 46.84899968694323 ], [ -71.669249849110642, 46.851783978939956 ], [ -71.66892878261207, 46.856970760256168 ], [ -71.662219783071578, 46.859373180756151 ], [ -71.65583261219777, 46.856588485183167 ], [ -71.656154935248821, 46.851401772753469 ], [ -71.662863172652166, 46.84899968694323 ] ] ] } },
{ "type": "Feature", "properties": { "hex_id": 749217, "centroid_lon": -71.658408695182601, "centroid_lat": 46.815094605909827, "occurrences_today": 11, "datetimes_today": "2026-07-24 00:02:05, 2026-07-24 00:16:40, 2026-07-24 00:31:58, 2026-07-24 00:46:49, 2026-07-24 01:01:55, 2026-07-24 01:16:40, 2026-07-24 01:33:10, 2026-07-24 01:47:11, 2026-07-24 02:01:42, 2026-07-24 02:18:40, 2026-07-24 02:31:44", "cumulative_total": 123.0 }, "geometry": { "type": "Polygon", "coordinates": [ [ [ -71.658730303912833, 46.809907842105332 ], [ -71.665112227704185, 46.812692256492852 ], [ -71.664791201352301, 46.817879051515042 ], [ -71.658086997270601, 46.82028136329447 ], [ -71.651704580298116, 46.817496545827595 ], [ -71.652026860557555, 46.812309819727545 ], [ -71.658730303912833, 46.809907842105332 ] ] ] } },
{ "type": "Feature", "properties": { "hex_id": 749218, "centroid_lon": -71.657443333777621, "centroid_lat": 46.830654858801914, "occurrences_today": 11, "datetimes_today": "2026-07-24 00:02:05, 2026-07-24 00:16:40, 2026-07-24 00:31:58, 2026-07-24 00:46:49, 2026-07-24 01:01:55, 2026-07-24 01:16:40, 2026-07-24 01:33:10, 2026-07-24 01:47:11, 2026-07-24 02:01:42, 2026-07-24 02:18:40, 2026-07-24 02:31:44", "cumulative_total": 124.0 }, "geometry": { "type": "Polygon", "coordinates": [ [ [ -71.657765210145925, 46.825468114258683 ], [ -71.664148881545131, 46.828252622318132 ], [ -71.66382758802807, 46.833439398097894 ], [ -71.657121368134725, 46.835841596923565 ], [ -71.65073720317433, 46.833056685565147 ], [ -71.651059751637504, 46.827869978746961 ], [ -71.657765210145925, 46.825468114258683 ] ] ] } },
{ "type": "Feature", "properties": { "hex_id": 749219, "centroid_lon": -71.656477168901318, "centroid_lat": 46.846215053899904, "occurrences_today": 11, "datetimes_today": "2026-07-24 00:02:05, 2026-07-24 00:16:40, 2026-07-24 00:31:58, 2026-07-24 00:46:49, 2026-07-24 01:01:55, 2026-07-24 01:16:40, 2026-07-24 01:33:10, 2026-07-24 01:47:11, 2026-07-24 02:01:42, 2026-07-24 02:18:40, 2026-07-24 02:31:44", "cumulative_total": 158.0 }, "geometry": { "type": "Polygon", "coordinates": [ [ [ -71.656799313186298, 46.841028328623096 ], [ -71.663184733612525, 46.843812930411012 ], [ -71.662863172652166, 46.84899968694323 ], [ -71.656154935248821, 46.851401772753469 ], [ -71.64976902088101, 46.848616767446785 ], [ -71.650091837827134, 46.84343007991562 ], [ -71.656799313186298, 46.841028328623096 ] ] ] } },
{ "type": "Feature", "properties": { "hex_id": 749828, "centroid_lon": -71.65138221066843, "centroid_lat": 46.822683265500913, "occurrences_today": 11, "datetimes_today": "2026-07-24 00:02:05, 2026-07-24 00:16:40, 2026-07-24 00:31:58, 2026-07-24 00:46:49, 2026-07-24 01:01:55, 2026-07-24 01:16:40, 2026-07-24 01:33:10, 2026-07-24 01:47:11, 2026-07-24 02:01:42, 2026-07-24 02:18:40, 2026-07-24 02:31:44", "cumulative_total": 124.0 }, "geometry": { "type": "Polygon", "coordinates": [ [ [ -71.651704580298116, 46.817496545827595 ], [ -71.658086997270601, 46.82028136329447 ], [ -71.657765210145925, 46.825468114258683 ], [ -71.651059751637504, 46.827869978746961 ], [ -71.644676841576768, 46.825084758038606 ], [ -71.644999883081695, 46.819898076150388 ], [ -71.651704580298116, 46.817496545827595 ] ] ] } },
{ "type": "Feature", "properties": { "hex_id": 749829, "centroid_lon": -71.650414565247871, "centroid_lat": 46.83824338595489, "occurrences_today": 11, "datetimes_today": "2026-07-24 00:02:05, 2026-07-24 00:16:40, 2026-07-24 00:31:58, 2026-07-24 00:46:49, 2026-07-24 01:01:55, 2026-07-24 01:16:40, 2026-07-24 01:33:10, 2026-07-24 01:47:11, 2026-07-24 02:01:42, 2026-07-24 02:18:40, 2026-07-24 02:31:44", "cumulative_total": 124.0 }, "geometry": { "type": "Polygon", "coordinates": [ [ [ -71.65073720317433, 46.833056685565147 ], [ -71.657121368134725, 46.835841596923565 ], [ -71.656799313186298, 46.841028328623096 ], [ -71.650091837827134, 46.84343007991562 ], [ -71.643707179398547, 46.840644765095981 ], [ -71.644030489766266, 46.835458102511978 ], [ -71.65073720317433, 46.833056685565147 ] ] ] } },
{ "type": "Feature", "properties": { "hex_id": 749830, "centroid_lon": -71.649446114378478, "centroid_lat": 46.853803448547801, "occurrences_today": 11, "datetimes_today": "2026-07-24 00:02:05, 2026-07-24 00:16:40, 2026-07-24 00:31:58, 2026-07-24 00:46:49, 2026-07-24 01:01:55, 2026-07-24 01:16:40, 2026-07-24 01:33:10, 2026-07-24 01:47:11, 2026-07-24 02:01:42, 2026-07-24 02:18:40, 2026-07-24 02:31:44", "cumulative_total": 149.0 }, "geometry": { "type": "Polygon", "coordinates": [ [ [ -71.64976902088101, 46.848616767446785 ], [ -71.656154935248821, 46.851401772753469 ], [ -71.65583261219777, 46.856588485183167 ], [ -71.649123118288429, 46.858990123218085 ], [ -71.642736710072185, 46.856204714230344 ], [ -71.643060289582635, 46.851018070955746 ], [ -71.64976902088101, 46.848616767446785 ] ] ] } },
{ "type": "Feature", "properties": { "hex_id": 750438, "centroid_lon": -71.645322835027841, "centroid_lat": 46.814711387828581, "occurrences_today": 11, "datetimes_today": "2026-07-24 00:02:05, 2026-07-24 00:16:40, 2026-07-24 00:31:58, 2026-07-24 00:46:49, 2026-07-24 01:01:55, 2026-07-24 01:16:40, 2026-07-24 01:33:10, 2026-07-24 01:47:11, 2026-07-24 02:01:42, 2026-07-24 02:18:40, 2026-07-24 02:31:44", "cumulative_total": 123.0 }, "geometry": { "type": "Polygon", "coordinates": [ [ [ -71.645645697446227, 46.80952469307374 ], [ -71.652026860557555, 46.812309819727545 ], [ -71.651704580298116, 46.817496545827595 ], [ -71.644999883081695, 46.819898076150388 ], [ -71.638618227354684, 46.817112546312622 ], [ -71.638941761428754, 46.811925889402914 ], [ -71.645645697446227, 46.80952469307374 ] ] ] } },
{ "type": "Feature", "properties": { "hex_id": 750439, "centroid_lon": -71.644353710481965, "centroid_lat": 46.830271433492676, "occurrences_today": 11, "datetimes_today": "2026-07-24 00:02:05, 2026-07-24 00:16:40, 2026-07-24 00:31:58, 2026-07-24 00:46:49, 2026-07-24 01:01:55, 2026-07-24 01:16:40, 2026-07-24 01:33:10, 2026-07-24 01:47:11, 2026-07-24 02:01:42, 2026-07-24 02:18:40, 2026-07-24 02:31:44", "cumulative_total": 124.0 }, "geometry": { "type": "Polygon", "coordinates": [ [ [ -71.644676841576768, 46.825084758038606 ], [ -71.651059751637504, 46.827869978746961 ], [ -71.65073720317433, 46.833056685565147 ], [ -71.644030489766266, 46.835458102511978 ], [ -71.637647086710373, 46.832672478399999 ], [ -71.637970890026608, 46.827485840811732 ], [ -71.644676841576768, 46.825084758038606 ] ] ] } },
{ "type": "Feature", "properties": { "hex_id": 750440, "centroid_lon": -71.643383779347701, "centroid_lat": 46.845831421244085, "occurrences_today": 11, "datetimes_today": "2026-07-24 00:02:05, 2026-07-24 00:16:40, 2026-07-24 00:31:58, 2026-07-24 00:46:49, 2026-07-24 01:01:55, 2026-07-24 01:16:40, 2026-07-24 01:33:10, 2026-07-24 01:47:11, 2026-07-24 02:01:42, 2026-07-24 02:18:40, 2026-07-24 02:31:44", "cumulative_total": 133.0 }, "geometry": { "type": "Polygon", "coordinates": [ [ [ -71.643707179398547, 46.840644765095981 ], [ -71.650091837827134, 46.84343007991562 ], [ -71.64976902088101, 46.848616767446785 ], [ -71.643060289582635, 46.851018070955746 ], [ -71.636675137779108, 46.848232352512632 ], [ -71.636999210617788, 46.843045734251021 ], [ -71.643707179398547, 46.840644765095981 ] ] ] } },
{ "type": "Feature", "properties": { "hex_id": 751049, "centroid_lon": -71.638294603564333, "centroid_lat": 46.822299196782417, "occurrences_today": 11, "datetimes_today": "2026-07-24 00:02:05, 2026-07-24 00:16:40, 2026-07-24 00:31:58, 2026-07-24 00:46:49, 2026-07-24 01:01:55, 2026-07-24 01:16:40, 2026-07-24 01:33:10, 2026-07-24 01:47:11, 2026-07-24 02:01:42, 2026-07-24 02:18:40, 2026-07-24 02:31:44", "cumulative_total": 123.0 }, "geometry": { "type": "Polygon", "coordinates": [ [ [ -71.638618227354684, 46.817112546312622 ], [ -71.644999883081695, 46.819898076150388 ], [ -71.644676841576768, 46.825084758038606 ], [ -71.637970890026608, 46.827485840811732 ], [ -71.631588741777136, 46.82469990762791 ], [ -71.631913037569149, 46.819513295083944 ], [ -71.638618227354684, 46.817112546312622 ] ] ] } },
{ "type": "Feature", "properties": { "hex_id": 751050, "centroid_lon": -71.637323193584479, "centroid_lat": 46.837859109546621, "occurrences_today": 11, "datetimes_today": "2026-07-24 00:02:05, 2026-07-24 00:16:40, 2026-07-24 00:31:58, 2026-07-24 00:46:49, 2026-07-24 01:01:55, 2026-07-24 01:16:40, 2026-07-24 01:33:10, 2026-07-24 01:47:11, 2026-07-24 02:01:42, 2026-07-24 02:18:40, 2026-07-24 02:31:44", "cumulative_total": 124.0 }, "geometry": { "type": "Polygon", "coordinates": [ [ [ -71.637647086710373, 46.832672478399999 ], [ -71.644030489766266, 46.835458102511978 ], [ -71.643707179398547, 46.840644765095981 ], [ -71.636999210617788, 46.843045734251021 ], [ -71.630615314660119, 46.8402597065732 ], [ -71.630939880353822, 46.83507311337312 ], [ -71.637647086710373, 46.832672478399999 ] ] ] } },
{ "type": "Feature", "properties": { "hex_id": 751660, "centroid_lon": -71.631264356049087, "centroid_lat": 46.829886513724503, "occurrences_today": 11, "datetimes_today": "2026-07-24 00:02:05, 2026-07-24 00:16:40, 2026-07-24 00:31:58, 2026-07-24 00:46:49, 2026-07-24 01:01:55, 2026-07-24 01:16:40, 2026-07-24 01:33:10, 2026-07-24 01:47:11, 2026-07-24 02:01:42, 2026-07-24 02:18:40, 2026-07-24 02:31:44", "cumulative_total": 123.0 }, "geometry": { "type": "Polygon", "coordinates": [ [ [ -71.631588741777136, 46.82469990762791 ], [ -71.637970890026608, 46.827485840811732 ], [ -71.637647086710373, 46.832672478399999 ], [ -71.630939880353822, 46.83507311337312 ], [ -71.624557239675354, 46.832286776681116 ], [ -71.624882297751242, 46.827100208591091 ], [ -71.631588741777136, 46.82469990762791 ] ] ] } },
{ "type": "Feature", "properties": { "hex_id": 751661, "centroid_lon": -71.630290658936772, "centroid_lat": 46.84544629332413, "occurrences_today": 11, "datetimes_today": "2026-07-24 00:02:05, 2026-07-24 00:16:40, 2026-07-24 00:31:58, 2026-07-24 00:46:49, 2026-07-24 01:01:55, 2026-07-24 01:16:40, 2026-07-24 01:33:10, 2026-07-24 01:47:11, 2026-07-24 02:01:42, 2026-07-24 02:18:40, 2026-07-24 02:31:44", "cumulative_total": 163.0 }, "geometry": { "type": "Polygon", "coordinates": [ [ [ -71.630615314660119, 46.8402597065732 ], [ -71.636999210617788, 46.843045734251021 ], [ -71.636675137779108, 46.848232352512632 ], [ -71.629965913152532, 46.850632873625386 ], [ -71.623581524386694, 46.847846442219513 ], [ -71.62390685302438, 46.842659893495913 ], [ -71.630615314660119, 46.8402597065732 ] ] ] } },
{ "type": "Feature", "properties": { "hex_id": 605649, "centroid_lon": -73.247852103134633, "centroid_lat": 45.283777834014657, "occurrences_today": 3, "datetimes_today": "2026-07-24 12:02:19, 2026-07-24 12:19:32, 2026-07-24 12:32:06", "cumulative_total": 142.0 }, "geometry": { "type": "Polygon", "coordinates": [ [ [ -73.248012033288347, 45.278583259621342 ], [ -73.254304309331204, 45.281278149978903 ], [ -73.254144938422968, 45.286472739359709 ], [ -73.247692129427662, 45.288972403220193 ], [ -73.241399337699846, 45.286277143758348 ], [ -73.241559870637772, 45.281082589604232 ], [ -73.248012033288347, 45.278583259621342 ] ] ] } },
{ "type": "Feature", "properties": { "hex_id": 631962, "centroid_lon": -72.938872498857691, "centroid_lat": 46.237401263834016, "occurrences_today": 2, "datetimes_today": "2026-07-24 23:32:04, 2026-07-24 23:47:06", "cumulative_total": 78.0 }, "geometry": { "type": "Polygon", "coordinates": [ [ [ -72.939066979356241, 46.232208493558844 ], [ -72.945450301817687, 46.234921571855978 ], [ -72.945256405076449, 46.240114360477101 ], [ -72.93867796478105, 46.242594028737813 ], [ -72.932294112149506, 46.239880566259728 ], [ -72.932489229965142, 46.234687819767913 ], [ -72.939066979356241, 46.232208493558844 ] ] ] } },
{ "type": "Feature", "properties": { "hex_id": 327278, "centroid_lon": -76.160653286953703, "centroid_lat": 45.556363312972465, "occurrences_today": 9, "datetimes_today": "2026-07-24 10:31:51, 2026-07-24 10:46:43, 2026-07-24 11:01:43, 2026-07-24 11:31:41, 2026-07-24 12:02:19, 2026-07-24 12:19:32, 2026-07-24 12:32:06, 2026-07-24 12:46:46, 2026-07-24 12:59:03", "cumulative_total": 10.0 }, "geometry": { "type": "Polygon", "coordinates": [ [ [ -76.160546325934178, 45.551167621841699 ], [ -76.167004427739315, 45.553700210301237 ], [ -76.167111993379052, 45.558895887201508 ], [ -76.160760277204204, 45.561558999160582 ], [ -76.154301541542921, 45.559026067096532 ], [ -76.154195155922451, 45.553830366742581 ], [ -76.160546325934178, 45.551167621841699 ] ] ] } },
{ "type": "Feature", "properties": { "hex_id": 327279, "centroid_lon": -76.16097434543758, "centroid_lat": 45.571950356708641, "occurrences_today": 9, "datetimes_today": "2026-07-24 10:31:51, 2026-07-24 10:46:43, 2026-07-24 11:01:43, 2026-07-24 11:31:41, 2026-07-24 12:02:19, 2026-07-24 12:19:32, 2026-07-24 12:32:06, 2026-07-24 12:46:46, 2026-07-24 12:59:03", "cumulative_total": 10.0 }, "geometry": { "type": "Polygon", "coordinates": [ [ [ -76.160867296695571, 45.566754680405978 ], [ -76.167327212859618, 45.569287226167503 ], [ -76.167434866720228, 45.574482888233142 ], [ -76.161081423440095, 45.577146028068498 ], [ -76.154620872892025, 45.574613138514962 ], [ -76.154514400017931, 45.569417452982762 ], [ -76.160867296695571, 45.566754680405978 ] ] ] } },
{ "type": "Feature", "properties": { "hex_id": 327889, "centroid_lon": -76.154407956238174, "centroid_lat": 45.564221762509938, "occurrences_today": 9, "datetimes_today": "2026-07-24 10:31:51, 2026-07-24 10:46:43, 2026-07-24 11:01:43, 2026-07-24 11:31:41, 2026-07-24 12:02:19, 2026-07-24 12:19:32, 2026-07-24 12:32:06, 2026-07-24 12:46:46, 2026-07-24 12:59:03", "cumulative_total": 10.0 }, "geometry": { "type": "Polygon", "coordinates": [ [ [ -76.154301541542921, 45.559026067096532 ], [ -76.160760277204204, 45.561558999160582 ], [ -76.160867296695571, 45.566754680405978 ], [ -76.154514400017931, 45.569417452982762 ], [ -76.148055030471113, 45.566884177150982 ], [ -76.147949191497233, 45.561688472574815 ], [ -76.154301541542921, 45.559026067096532 ] ] ] } },
{ "type": "Feature", "properties": { "hex_id": 1141876, "centroid_lon": -67.228544497235006, "centroid_lat": 48.275969115350399, "occurrences_today": 4, "datetimes_today": "2026-07-24 08:31:40, 2026-07-24 08:46:43, 2026-07-24 09:01:53, 2026-07-24 09:31:43", "cumulative_total": 38.0 }, "geometry": { "type": "Polygon", "coordinates": [ [ [ -67.229329721335361, 48.270822600814597 ], [ -67.235613750635778, 48.273849627233808 ], [ -67.234829074340183, 48.278996216166036 ], [ -67.227759052487897, 48.28111561564274 ], [ -67.221474696068768, 48.2780881338564 ], [ -67.222260688542022, 48.272941708027219 ], [ -67.229329721335361, 48.270822600814597 ] ] ] } },
{ "type": "Feature", "properties": { "hex_id": 774241, "centroid_lon": -71.396958361400578, "centroid_lat": 46.70582573505385, "occurrences_today": 30, "datetimes_today": "2026-07-24 11:31:41, 2026-07-24 12:02:19, 2026-07-24 12:19:32, 2026-07-24 12:32:06, 2026-07-24 12:46:46, 2026-07-24 12:59:03, 2026-07-24 13:17:09, 2026-07-24 13:33:01, 2026-07-24 13:46:46, 2026-07-24 14:02:07, 2026-07-24 14:17:02, 2026-07-24 14:47:11, 2026-07-24 15:02:07, 2026-07-24 15:17:47, 2026-07-24 15:31:41, 2026-07-24 15:56:02, 2026-07-24 16:16:41, 2026-07-24 16:31:40, 2026-07-24 16:47:02, 2026-07-24 17:01:51, 2026-07-24 17:16:43, 2026-07-24 17:31:38, 2026-07-24 17:46:45, 2026-07-24 18:02:14, 2026-07-24 18:16:45, 2026-07-24 18:32:11, 2026-07-24 18:47:12, 2026-07-24 19:01:49, 2026-07-24 19:17:25, 2026-07-24 19:31:42", "cumulative_total": 68.0 }, "geometry": { "type": "Polygon", "coordinates": [ [ [ -71.397303781165405, 46.700640309820692 ], [ -71.403658779927767, 46.703438632630323 ], [ -71.403313934983075, 46.708624091556608 ], [ -71.396612846017774, 46.711011153600381 ], [ -71.390257368069769, 46.708212427022332 ], [ -71.390603458239681, 46.703027042235441 ], [ -71.397303781165405, 46.700640309820692 ] ] ] } },
{ "type": "Feature", "properties": { "hex_id": 1082680, "centroid_lon": -67.827808504770601, "centroid_lat": 48.666067199889973, "occurrences_today": 3, "datetimes_today": "2026-07-24 10:46:43, 2026-07-24 11:01:43, 2026-07-24 11:31:41", "cumulative_total": 44.0 }, "geometry": { "type": "Polygon", "coordinates": [ [ [ -67.828543504331677, 48.660913961540025 ], [ -67.834913256355577, 48.663912037041122 ], [ -67.834178828868204, 48.669065344859312 ], [ -67.827073297160055, 48.671220425297214 ], [ -67.820703181149455, 48.668221892161277 ], [ -67.821438960758641, 48.663068736290761 ], [ -67.828543504331677, 48.660913961540025 ] ] ] } },
{ "type": "Feature", "properties": { "hex_id": 606259, "centroid_lon": -73.241720359871721, "centroid_lat": 45.275888030259203, "occurrences_today": 3, "datetimes_today": "2026-07-24 12:02:19, 2026-07-24 12:19:32, 2026-07-24 12:32:06", "cumulative_total": 18.0 }, "geometry": { "type": "Polygon", "coordinates": [ [ [ -73.241880805416272, 45.270693465723426 ], [ -73.248171919903328, 45.273388680040398 ], [ -73.248012033288347, 45.278583259621342 ], [ -73.241559870637772, 45.281082589604232 ], [ -73.235268240917833, 45.278387006226772 ], [ -73.235429289066801, 45.273192461990803 ], [ -73.241880805416272, 45.270693465723426 ] ] ] } },
{ "type": "Feature", "properties": { "hex_id": 955031, "centroid_lon": -69.333827335780541, "centroid_lat": 47.900586413238905, "occurrences_today": 3, "datetimes_today": "2026-07-24 05:46:52, 2026-07-24 06:18:29, 2026-07-24 06:31:43", "cumulative_total": 22.0 }, "geometry": { "type": "Polygon", "coordinates": [ [ [ -69.334393169221286, 47.895417204673429 ], [ -69.340767246566571, 47.898331152594153 ], [ -69.340201989955986, 47.903500415633026 ], [ -69.333261343536108, 47.905755612069342 ], [ -69.326886848192544, 47.902841227818371 ], [ -69.327453417210748, 47.897672083529329 ], [ -69.334393169221286, 47.895417204673429 ] ] ] } },
{ "type": "Feature", "properties": { "hex_id": 1401377, "centroid_lon": -64.28320041788254, "centroid_lat": 48.638201000811648, "occurrences_today": 6, "datetimes_today": "2026-07-24 08:46:43, 2026-07-24 09:01:53, 2026-07-24 09:31:43, 2026-07-24 09:47:55, 2026-07-24 10:01:44, 2026-07-24 10:16:49", "cumulative_total": 14.0 }, "geometry": { "type": "Polygon", "coordinates": [ [ [ -64.284294073801448, 48.633097746386717 ], [ -64.29041549546146, 48.636276937285025 ], [ -64.289322334942909, 48.641380292196615 ], [ -64.282106455529245, 48.643304232277266 ], [ -64.275984844957662, 48.640124566489561 ], [ -64.277079302602502, 48.635021435573904 ], [ -64.284294073801448, 48.633097746386717 ] ] ] } },
{ "type": "Feature", "properties": { "hex_id": 75317, "centroid_lon": -79.000671511654176, "centroid_lat": 48.228044157566842, "occurrences_today": 1, "datetimes_today": "2026-07-24 15:56:02", "cumulative_total": 59.0 }, "geometry": { "type": "Polygon", "coordinates": [ [ [ -79.000267057437227, 48.222862506698043 ], [ -79.00718500405587, 48.225219090623938 ], [ -79.007590190076229, 48.230400695509211 ], [ -79.001076080215142, 48.233225801187217 ], [ -78.994157287428536, 48.230868873561953 ], [ -78.993753450712106, 48.225687184028217 ], [ -79.000267057437227, 48.222862506698043 ] ] ] } },
{ "type": "Feature", "properties": { "hex_id": 845023, "centroid_lon": -70.684655966102653, "centroid_lat": 46.119896476972507, "occurrences_today": 6, "datetimes_today": "2026-07-24 05:22:07, 2026-07-24 05:33:06, 2026-07-24 05:46:52, 2026-07-24 06:18:29, 2026-07-24 06:31:43, 2026-07-24 06:47:25", "cumulative_total": 98.0 }, "geometry": { "type": "Polygon", "coordinates": [ [ [ -70.685061186661258, 46.114714985531343 ], [ -70.691311200981474, 46.117549598335415 ], [ -70.690906526261486, 46.122731129886354 ], [ -70.684250634320307, 46.125077960934213 ], [ -70.67800018540413, 46.122242946569237 ], [ -70.678406062987335, 46.117061502781972 ], [ -70.685061186661258, 46.114714985531343 ] ] ] } },
{ "type": "Feature", "properties": { "hex_id": 913454, "centroid_lon": -69.882736329074348, "centroid_lat": 46.944236352647408, "occurrences_today": 9, "datetimes_today": "2026-07-24 12:19:32, 2026-07-24 12:32:06, 2026-07-24 12:46:46, 2026-07-24 12:59:03, 2026-07-24 13:17:09, 2026-07-24 13:33:01, 2026-07-24 13:46:46, 2026-07-24 14:02:07, 2026-07-24 14:17:02", "cumulative_total": 10.0 }, "geometry": { "type": "Polygon", "coordinates": [ [ [ -69.883230686623492, 46.939061596925733 ], [ -69.88952694099504, 46.941942007944704 ], [ -69.889033140471227, 46.947116812024106 ], [ -69.882241834515767, 46.949411099677 ], [ -69.875945160152057, 46.946530269835314 ], [ -69.876440211688475, 46.941355571229529 ], [ -69.883230686623492, 46.939061596925733 ] ] ] } },
{ "type": "Feature", "properties": { "hex_id": 915897, "centroid_lon": -69.855071039677341, "centroid_lat": 46.958583973448, "occurrences_today": 9, "datetimes_today": "2026-07-24 12:19:32, 2026-07-24 12:32:06, 2026-07-24 12:46:46, 2026-07-24 12:59:03, 2026-07-24 13:17:09, 2026-07-24 13:33:01, 2026-07-24 13:46:46, 2026-07-24 14:02:07, 2026-07-24 14:17:02", "cumulative_total": 10.0 }, "geometry": { "type": "Polygon", "coordinates": [ [ [ -69.855568311851343, 46.953409455386378 ], [ -69.861864573944203, 46.956291396716104 ], [ -69.861367858752729, 46.961465963409182 ], [ -69.854573629665239, 46.96375848277296 ], [ -69.848276948451854, 46.960876122218735 ], [ -69.848774915398693, 46.95570166159132 ], [ -69.855568311851343, 46.953409455386378 ] ] ] } },
{ "type": "Feature", "properties": { "hex_id": 917729, "centroid_lon": -69.834687095316397, "centroid_lat": 46.965459135507203, "occurrences_today": 9, "datetimes_today": "2026-07-24 12:19:32, 2026-07-24 12:32:06, 2026-07-24 12:46:46, 2026-07-24 12:59:03, 2026-07-24 13:17:09, 2026-07-24 13:33:01, 2026-07-24 13:46:46, 2026-07-24 14:02:07, 2026-07-24 14:17:02", "cumulative_total": 14.0 }, "geometry": { "type": "Polygon", "coordinates": [ [ [ -69.835186452251506, 46.960284789979056 ], [ -69.841482300315576, 46.963167842935924 ], [ -69.84098350021938, 46.968342237293768 ], [ -69.834187599956806, 46.970633472266066 ], [ -69.827891333502279, 46.967749999840244 ], [ -69.828391385652793, 46.962575711977173 ], [ -69.835186452251506, 46.960284789979056 ] ] ] } },
{ "type": "Feature", "properties": { "hex_id": 918340, "centroid_lon": -69.827391142731742, "centroid_lat": 46.972924278923152, "occurrences_today": 9, "datetimes_today": "2026-07-24 12:19:32, 2026-07-24 12:32:06, 2026-07-24 12:46:46, 2026-07-24 12:59:03, 2026-07-24 13:17:09, 2026-07-24 13:33:01, 2026-07-24 13:46:46, 2026-07-24 14:02:07, 2026-07-24 14:17:02", "cumulative_total": 10.0 }, "geometry": { "type": "Polygon", "coordinates": [ [ [ -69.827891333502279, 46.967749999840244 ], [ -69.834187599956806, 46.970633472266066 ], [ -69.833687966124714, 46.975807800254216 ], [ -69.82689081329309, 46.978098549224434 ], [ -69.820594128592262, 46.975214657172671 ], [ -69.821095014921283, 46.970040435842712 ], [ -69.827891333502279, 46.967749999840244 ] ] ] } },
{ "type": "Feature", "properties": { "hex_id": 605648, "centroid_lon": -73.248331762994084, "centroid_lat": 45.268194095271973, "occurrences_today": 3, "datetimes_today": "2026-07-24 12:02:19, 2026-07-24 12:19:32, 2026-07-24 12:32:06", "cumulative_total": 19.0 }, "geometry": { "type": "Polygon", "coordinates": [ [ [ -73.248491562575126, 45.262999505316202 ], [ -73.254782161785656, 45.265694350729923 ], [ -73.254622920998088, 45.270888955663878 ], [ -73.248171919903328, 45.273388680040398 ], [ -73.241880805416272, 45.270693465723426 ], [ -73.242041207286007, 45.265498895997048 ], [ -73.248491562575126, 45.262999505316202 ] ] ] } },
{ "type": "Feature", "properties": { "hex_id": 849296, "centroid_lon": -70.640102030708448, "centroid_lat": 46.110407312184428, "occurrences_today": 1, "datetimes_today": "2026-07-24 08:31:40", "cumulative_total": 44.0 }, "geometry": { "type": "Polygon", "coordinates": [ [ [ -70.640511291535589, 46.105226118174805 ], [ -70.646757797890587, 46.108063058365794 ], [ -70.646349081913002, 46.113244292899395 ], [ -70.63969265756873, 46.115588498658795 ], [ -70.633445718695796, 46.112751156689988 ], [ -70.633855636646956, 46.107570010804217 ], [ -70.640511291535589, 46.105226118174805 ] ] ] } },
{ "type": "Feature", "properties": { "hex_id": 730226, "centroid_lon": -71.919074532972033, "centroid_lat": 45.80132187710813, "occurrences_today": 7, "datetimes_today": "2026-07-24 00:02:05, 2026-07-24 00:16:40, 2026-07-24 00:31:58, 2026-07-24 00:46:49, 2026-07-24 01:01:55, 2026-07-24 01:16:40, 2026-07-24 01:33:10", "cumulative_total": 324.0 }, "geometry": { "type": "Polygon", "coordinates": [ [ [ -71.919360775194122, 45.796132864158082 ], [ -71.925642343428208, 45.798900583494081 ], [ -71.925356656744214, 45.804089624559367 ], [ -71.918788212386701, 45.806510883931495 ], [ -71.91250616699098, 45.803742777207226 ], [ -71.912793043087945, 45.798553798563731 ], [ -71.919360775194122, 45.796132864158082 ] ] ] } },
{ "type": "Feature", "properties": { "hex_id": 807334, "centroid_lon": -70.893441998672884, "centroid_lat": 48.652952455477468, "occurrences_today": 12, "datetimes_today": "2026-07-24 17:16:43, 2026-07-24 17:31:38, 2026-07-24 17:46:45, 2026-07-24 18:02:14, 2026-07-24 18:16:45, 2026-07-24 18:32:11, 2026-07-24 18:47:12, 2026-07-24 19:01:49, 2026-07-24 19:17:25, 2026-07-24 19:31:42, 2026-07-24 19:47:26, 2026-07-24 20:02:36", "cumulative_total": 73.0 }, "geometry": { "type": "Polygon", "coordinates": [ [ [ -70.893863377479619, 48.647771867890356 ], [ -70.900423877227638, 48.650603761571716 ], [ -70.900003128662036, 48.655784389211689 ], [ -70.893020499981716, 48.658133035649108 ], [ -70.886459489898783, 48.655300706555266 ], [ -70.886881618787456, 48.650120166507769 ], [ -70.893863377479619, 48.647771867890356 ] ] ] } },
{ "type": "Feature", "properties": { "hex_id": 847464, "centroid_lon": -70.660067697610955, "centroid_lat": 46.103373323154422, "occurrences_today": 1, "datetimes_today": "2026-07-24 08:31:40", "cumulative_total": 76.0 }, "geometry": { "type": "Polygon", "coordinates": [ [ [ -70.660474987933128, 46.098191985213234 ], [ -70.666721830073172, 46.10102784194428 ], [ -70.666315084714626, 46.106209220215547 ], [ -70.659660295523977, 46.108554653586452 ], [ -70.653413020204098, 46.105718395325368 ], [ -70.653820967216745, 46.100537105288041 ], [ -70.660474987933128, 46.098191985213234 ] ] ] } },
{ "type": "Feature", "properties": { "hex_id": 626453, "centroid_lon": -73.005374680512773, "centroid_lat": 46.012539805928952, "occurrences_today": 2, "datetimes_today": "2026-07-24 06:18:29, 2026-07-24 09:01:53", "cumulative_total": 32.0 }, "geometry": { "type": "Polygon", "coordinates": [ [ [ -73.00556141858219, 46.007346616803531 ], [ -73.011922565670886, 46.010055714930317 ], [ -73.011736405367699, 46.015248921663243 ], [ -73.005187891142924, 46.017732989725722 ], [ -72.998826217597127, 46.015023510957107 ], [ -72.999013584715769, 46.009830344833375 ], [ -73.00556141858219, 46.007346616803531 ] ] ] } },
{ "type": "Feature", "properties": { "hex_id": 400600, "centroid_lon": -75.398833788176233, "centroid_lat": 46.528078243339664, "occurrences_today": 3, "datetimes_today": "2026-07-24 00:02:05, 2026-07-24 00:16:40, 2026-07-24 00:31:58", "cumulative_total": 27.0 }, "geometry": { "type": "Polygon", "coordinates": [ [ [ -75.398795764248206, 46.522882497810805 ], [ -75.405333854526745, 46.525457456452926 ], [ -75.405372505304115, 46.530653195464815 ], [ -75.398871822625765, 46.533273984103317 ], [ -75.39233309497456, 46.530698661586015 ], [ -75.392295687377995, 46.525502914372431 ], [ -75.398795764248206, 46.522882497810805 ] ] ] } },
{ "type": "Feature", "properties": { "hex_id": 401210, "centroid_lon": -75.392258290129192, "centroid_lat": 46.520307162394396, "occurrences_today": 3, "datetimes_today": "2026-07-24 00:02:05, 2026-07-24 00:16:40, 2026-07-24 00:31:58", "cumulative_total": 27.0 }, "geometry": { "type": "Polygon", "coordinates": [ [ [ -75.392220903224569, 46.515111405651894 ], [ -75.398757750838044, 46.517686747516713 ], [ -75.398795764248206, 46.522882497810805 ], [ -75.392295687377995, 46.525502914372431 ], [ -75.38575820291301, 46.522927208663098 ], [ -75.385721432173312, 46.517731450303671 ], [ -75.392220903224569, 46.515111405651894 ] ] ] } },
{ "type": "Feature", "properties": { "hex_id": 1017946, "centroid_lon": -68.584237717833517, "centroid_lat": 48.383404220225508, "occurrences_today": 8, "datetimes_today": "2026-07-24 12:19:32, 2026-07-24 12:32:06, 2026-07-24 12:46:46, 2026-07-24 12:59:03, 2026-07-24 13:17:09, 2026-07-24 13:33:01, 2026-07-24 13:46:46, 2026-07-24 14:02:07", "cumulative_total": 24.0 }, "geometry": { "type": "Polygon", "coordinates": [ [ [ -68.584889044811391, 48.378242606762811 ], [ -68.591273795680365, 48.381198973249859 ], [ -68.590623046737022, 48.386360648786329 ], [ -68.58358620699579, 48.388565822443852 ], [ -68.577201061985136, 48.385609007402735 ], [ -68.577853150791384, 48.380447467326711 ], [ -68.584889044811391, 48.378242606762811 ] ] ] } },
{ "type": "Feature", "properties": { "hex_id": 654497, "centroid_lon": -72.733196248597309, "centroid_lat": 45.399447351908194, "occurrences_today": 36, "datetimes_today": "2026-07-24 08:46:43, 2026-07-24 09:01:53, 2026-07-24 09:31:43, 2026-07-24 09:47:55, 2026-07-24 10:01:44, 2026-07-24 10:16:49, 2026-07-24 10:31:51, 2026-07-24 15:56:02, 2026-07-24 16:16:41, 2026-07-24 16:31:40, 2026-07-24 16:47:02, 2026-07-24 17:01:51, 2026-07-24 17:16:43, 2026-07-24 17:31:38, 2026-07-24 17:46:45, 2026-07-24 18:02:14, 2026-07-24 18:16:45, 2026-07-24 18:32:11, 2026-07-24 18:47:12, 2026-07-24 19:01:49, 2026-07-24 19:17:25, 2026-07-24 19:31:42, 2026-07-24 19:47:26, 2026-07-24 20:02:36, 2026-07-24 20:31:41, 2026-07-24 20:47:09, 2026-07-24 21:02:52, 2026-07-24 21:31:53, 2026-07-24 21:47:22, 2026-07-24 22:02:06, 2026-07-24 22:31:39, 2026-07-24 22:46:42, 2026-07-24 23:01:38, 2026-07-24 23:17:39, 2026-07-24 23:32:04, 2026-07-24 23:47:06", "cumulative_total": 144.0 }, "geometry": { "type": "Polygon", "coordinates": [ [ [ -72.73340396881413, 45.394254522514792 ], [ -72.739683328815715, 45.396977497481103 ], [ -72.739476164108041, 45.402170346922652 ], [ -72.732988471752947, 45.404640175815963 ], [ -72.726708612879207, 45.401916825664919 ], [ -72.726916945213773, 45.396724021869325 ], [ -72.73340396881413, 45.394254522514792 ] ] ] } },
{ "type": "Feature", "properties": { "hex_id": 587986, "centroid_lon": -73.41454617479323, "centroid_lat": 45.933209128200964, "occurrences_today": 1, "datetimes_today": "2026-07-24 14:47:11", "cumulative_total": 67.0 }, "geometry": { "type": "Polygon", "coordinates": [ [ [ -73.414694206935096, 45.928014705781813 ], [ -73.421066934215844, 45.930701193108561 ], [ -73.420919483182573, 45.935895629059694 ], [ -73.414398102015539, 45.938403545506496 ], [ -73.408024834268915, 45.935716682321655 ], [ -73.408173488141415, 45.930522278613523 ], [ -73.414694206935096, 45.928014705781813 ] ] ] } },
{ "type": "Feature", "properties": { "hex_id": 790109, "centroid_lon": -71.232669167449558, "centroid_lat": 46.622581663666857, "occurrences_today": 5, "datetimes_today": "2026-07-24 00:02:05, 2026-07-24 00:16:40, 2026-07-24 00:31:58, 2026-07-24 00:46:49, 2026-07-24 01:01:55", "cumulative_total": 28.0 }, "geometry": { "type": "Polygon", "coordinates": [ [ [ -71.233029267505088, 46.617397121659018 ], [ -71.239365711638669, 46.62020408245742 ], [ -71.23900618121796, 46.625388659692682 ], [ -71.232308967840893, 46.627766198812054 ], [ -71.225972053642778, 46.624958834031489 ], [ -71.226332822851944, 46.619774334179922 ], [ -71.233029267505088, 46.617397121659018 ] ] ] } },
{ "type": "Feature", "properties": { "hex_id": 846854, "centroid_lon": -70.665908227735869, "centroid_lat": 46.111390590985337, "occurrences_today": 1, "datetimes_today": "2026-07-24 08:31:40", "cumulative_total": 62.0 }, "geometry": { "type": "Polygon", "coordinates": [ [ [ -70.666315084714626, 46.106209220215547 ], [ -70.672563128565642, 46.109044796367805 ], [ -70.672156816877674, 46.114226207418383 ], [ -70.665501259099003, 46.116571954252649 ], [ -70.659252781634251, 46.113735976508337 ], [ -70.659660295523977, 46.108554653586452 ], [ -70.666315084714626, 46.106209220215547 ] ] ] } },
{ "type": "Feature", "properties": { "hex_id": 848074, "centroid_lon": -70.654228802320034, "centroid_lat": 46.09535580773386, "occurrences_today": 1, "datetimes_today": "2026-07-24 08:31:40", "cumulative_total": 28.0 }, "geometry": { "type": "Polygon", "coordinates": [ [ [ -70.654636525551979, 46.090174502663807 ], [ -70.660882166528438, 46.093010639763854 ], [ -70.660474987933128, 46.098191985213234 ], [ -70.653820967216745, 46.100537105288041 ], [ -70.647574893493996, 46.097700566719972 ], [ -70.647983273195948, 46.092519309609713 ], [ -70.654636525551979, 46.090174502663807 ] ] ] } },
{ "type": "Feature", "properties": { "hex_id": 723526, "centroid_lon": -71.976661419974505, "centroid_lat": 46.044505715344648, "occurrences_today": 14, "datetimes_today": "2026-07-24 09:31:43, 2026-07-24 09:47:55, 2026-07-24 10:01:44, 2026-07-24 10:16:49, 2026-07-24 10:31:51, 2026-07-24 10:46:43, 2026-07-24 11:01:43, 2026-07-24 11:31:41, 2026-07-24 12:02:19, 2026-07-24 12:19:32, 2026-07-24 12:32:06, 2026-07-24 12:46:46, 2026-07-24 12:59:03, 2026-07-24 13:17:09", "cumulative_total": 135.0 }, "geometry": { "type": "Polygon", "coordinates": [ [ [ -71.976944708603682, 46.039316645493969 ], [ -71.983256228790722, 46.042081847210873 ], [ -71.982973503803507, 46.047270944747943 ], [ -71.976378053550633, 46.049694779109828 ], [ -71.970066047529556, 46.046929187304372 ], [ -71.970349977568944, 46.041740151290789 ], [ -71.976944708603682, 46.039316645493969 ] ] ] } },
{ "type": "Feature", "properties": { "hex_id": 641656, "centroid_lon": -72.87918084332172, "centroid_lat": 45.082632821689977, "occurrences_today": 34, "datetimes_today": "2026-07-24 12:59:03, 2026-07-24 13:17:09, 2026-07-24 13:33:01, 2026-07-24 13:46:46, 2026-07-24 14:02:07, 2026-07-24 14:17:02, 2026-07-24 14:47:11, 2026-07-24 15:02:07, 2026-07-24 15:17:47, 2026-07-24 15:31:41, 2026-07-24 15:56:02, 2026-07-24 16:16:41, 2026-07-24 16:31:40, 2026-07-24 16:47:02, 2026-07-24 17:01:51, 2026-07-24 17:16:43, 2026-07-24 17:31:38, 2026-07-24 17:46:45, 2026-07-24 18:02:14, 2026-07-24 18:16:45, 2026-07-24 18:32:11, 2026-07-24 18:47:12, 2026-07-24 19:01:49, 2026-07-24 19:17:25, 2026-07-24 19:31:42, 2026-07-24 19:47:26, 2026-07-24 20:02:36, 2026-07-24 20:31:41, 2026-07-24 20:47:09, 2026-07-24 21:02:52, 2026-07-24 21:31:53, 2026-07-24 21:47:22, 2026-07-24 22:02:06, 2026-07-24 22:31:39", "cumulative_total": 192.0 }, "geometry": { "type": "Polygon", "coordinates": [ [ [ -72.879373058556837, 45.077439195444555 ], [ -72.885625415349125, 45.08015377066998 ], [ -72.885433748444726, 45.085347415429482 ], [ -72.878988575875539, 45.087826442547872 ], [ -72.872735722972266, 45.085111497442227 ], [ -72.872928538731841, 45.079917895161771 ], [ -72.879373058556837, 45.077439195444555 ] ] ] } },
{ "type": "Feature", "properties": { "hex_id": 558050, "centroid_lon": -73.738065130832439, "centroid_lat": 45.602060054074421, "occurrences_today": 5, "datetimes_today": "2026-07-24 13:17:09, 2026-07-24 13:33:01, 2026-07-24 13:46:46, 2026-07-24 14:02:07, 2026-07-24 14:17:02", "cumulative_total": 74.0 }, "geometry": { "type": "Polygon", "coordinates": [ [ [ -73.738181609470274, 45.596864599170551 ], [ -73.744532978953487, 45.599532958468238 ], [ -73.744417075737985, 45.604728423610339 ], [ -73.737948620346131, 45.607255504000079 ], [ -73.731596707294429, 45.604586776108349 ], [ -73.731713793192355, 45.599391336485667 ], [ -73.738181609470274, 45.596864599170551 ] ] ] } },
{ "type": "Feature", "properties": { "hex_id": 655108, "centroid_lon": -72.726500223748829, "centroid_lat": 45.407109623970619, "occurrences_today": 7, "datetimes_today": "2026-07-24 08:46:43, 2026-07-24 09:01:53, 2026-07-24 09:31:43, 2026-07-24 09:47:55, 2026-07-24 10:01:44, 2026-07-24 10:16:49, 2026-07-24 10:31:51", "cumulative_total": 147.0 }, "geometry": { "type": "Polygon", "coordinates": [ [ [ -72.726708612879207, 45.401916825664919 ], [ -72.732988471752947, 45.404640175815963 ], [ -72.732780638262128, 45.409832994237831 ], [ -72.726291777803624, 45.412302416786147 ], [ -72.720011420114631, 45.409578691293575 ], [ -72.720220421680395, 45.404385918658299 ], [ -72.726708612879207, 45.401916825664919 ] ] ] } },
{ "type": "Feature", "properties": { "hex_id": 922613, "centroid_lon": -69.782324265719353, "centroid_lat": 46.963078470414985, "occurrences_today": 11, "datetimes_today": "2026-07-24 12:19:32, 2026-07-24 12:32:06, 2026-07-24 12:46:46, 2026-07-24 12:59:03, 2026-07-24 13:17:09, 2026-07-24 13:33:01, 2026-07-24 13:46:46, 2026-07-24 14:02:07, 2026-07-24 14:17:02, 2026-07-24 14:47:11, 2026-07-24 15:02:07", "cumulative_total": 23.0 }, "geometry": { "type": "Polygon", "coordinates": [ [ [ -69.782828629030277, 46.957904552951291 ], [ -69.789121140074542, 46.960790373583336 ], [ -69.788617332627524, 46.965964340367421 ], [ -69.781819762612301, 46.968252379027767 ], [ -69.775526835524474, 46.965366138578226 ], [ -69.776031894446973, 46.96019227935188 ], [ -69.782828629030277, 46.957904552951291 ] ] ] } },
{ "type": "Feature", "properties": { "hex_id": 989816, "centroid_lon": -68.978855613277361, "centroid_lat": 47.671957860368138, "occurrences_today": 6, "datetimes_today": "2026-07-24 08:46:43, 2026-07-24 09:01:53, 2026-07-24 09:31:43, 2026-07-24 09:47:55, 2026-07-24 10:01:44, 2026-07-24 10:16:49", "cumulative_total": 17.0 }, "geometry": { "type": "Polygon", "coordinates": [ [ [ -68.979451975828084, 47.666791726520167 ], [ -68.985777459574322, 47.669723459046871 ], [ -68.985181660160961, 47.674889650460884 ], [ -68.978259084014269, 47.677123983877266 ], [ -68.971933203872439, 47.674191815845326 ], [ -68.972530296214117, 47.669025749969357 ], [ -68.979451975828084, 47.666791726520167 ] ] ] } },
{ "type": "Feature", "properties": { "hex_id": 194968, "centroid_lon": -77.677154982942781, "centroid_lat": 48.157426338576549, "occurrences_today": 7, "datetimes_today": "2026-07-24 14:02:07, 2026-07-24 14:17:02, 2026-07-24 14:47:11, 2026-07-24 15:02:07, 2026-07-24 15:17:47, 2026-07-24 15:31:41, 2026-07-24 15:56:02", "cumulative_total": 59.0 }, "geometry": { "type": "Polygon", "coordinates": [ [ [ -77.676884880402284, 48.152237626981361 ], [ -77.683735504943613, 48.154675269662263 ], [ -77.684006321367278, 48.159863949962428 ], [ -77.677425161867049, 48.162615044322067 ], [ -77.670573747045026, 48.160177042348074 ], [ -77.670304282031424, 48.154988305378261 ], [ -77.676884880402284, 48.152237626981361 ] ] ] } },
{ "type": "Feature", "properties": { "hex_id": 62489, "centroid_lon": -79.132300521007068, "centroid_lat": 48.106473840437637, "occurrences_today": 1, "datetimes_today": "2026-07-24 14:17:02", "cumulative_total": 42.0 }, "geometry": { "type": "Polygon", "coordinates": [ [ [ -79.131884558899102, 48.101292926892043 ], [ -79.138791311062988, 48.103641909186692 ], [ -79.139208001589296, 48.108822775387935 ], [ -79.132716600480464, 48.11165474657502 ], [ -79.125809002511787, 48.109305423826662 ], [ -79.125393651498783, 48.104124470414725 ], [ -79.131884558899102, 48.101292926892043 ] ] ] } },
{ "type": "Feature", "properties": { "hex_id": 567819, "centroid_lon": -73.635132034288262, "centroid_lat": 45.616466651216669, "occurrences_today": 7, "datetimes_today": "2026-07-24 04:18:15, 2026-07-24 04:31:38, 2026-07-24 04:46:53, 2026-07-24 05:01:54, 2026-07-24 05:22:07, 2026-07-24 05:33:06, 2026-07-24 05:46:52", "cumulative_total": 71.0 }, "geometry": { "type": "Polygon", "coordinates": [ [ [ -73.635258075370913, 45.611271423787848 ], [ -73.641606041425291, 45.613945462787065 ], [ -73.641480574806749, 45.619140701478045 ], [ -73.635005958737878, 45.621661873628156 ], [ -73.62865745269292, 45.618987464885009 ], [ -73.628784102695818, 45.613792253800433 ], [ -73.635258075370913, 45.611271423787848 ] ] ] } },
{ "type": "Feature", "properties": { "hex_id": 848685, "centroid_lon": -70.647166401738232, "centroid_lat": 46.102881816305654, "occurrences_today": 1, "datetimes_today": "2026-07-24 08:31:40", "cumulative_total": 83.0 }, "geometry": { "type": "Polygon", "coordinates": [ [ [ -70.647574893493996, 46.097700566719972 ], [ -70.653820967216745, 46.100537105288041 ], [ -70.653413020204098, 46.105718395325368 ], [ -70.646757797890587, 46.108063058365794 ], [ -70.640511291535589, 46.105226118174805 ], [ -70.640920440088308, 46.100044916630928 ], [ -70.647574893493996, 46.097700566719972 ] ] ] } },
{ "type": "Feature", "properties": { "hex_id": 918337, "centroid_lon": -69.831887873380026, "centroid_lat": 46.926355451212956, "occurrences_today": 11, "datetimes_today": "2026-07-24 12:19:32, 2026-07-24 12:32:06, 2026-07-24 12:46:46, 2026-07-24 12:59:03, 2026-07-24 13:17:09, 2026-07-24 13:33:01, 2026-07-24 13:46:46, 2026-07-24 14:02:07, 2026-07-24 14:17:02, 2026-07-24 14:47:11, 2026-07-24 15:02:07", "cumulative_total": 17.0 }, "geometry": { "type": "Polygon", "coordinates": [ [ [ -69.83238681829863, 46.921181093160797 ], [ -69.838678078940433, 46.924064125863822 ], [ -69.83817968963416, 46.929238532736413 ], [ -69.831388790225233, 46.93152980049657 ], [ -69.825097112231219, 46.928646348846918 ], [ -69.825596750950453, 46.923472048449725 ], [ -69.83238681829863, 46.921181093160797 ] ] ] } },
{ "type": "Feature", "properties": { "hex_id": 649070, "centroid_lon": -72.748486446354434, "centroid_lat": 46.452050078080916, "occurrences_today": 21, "datetimes_today": "2026-07-24 00:02:05, 2026-07-24 00:16:40, 2026-07-24 00:31:58, 2026-07-24 00:46:49, 2026-07-24 01:01:55, 2026-07-24 01:16:40, 2026-07-24 01:33:10, 2026-07-24 01:47:11, 2026-07-24 02:01:42, 2026-07-24 02:18:40, 2026-07-24 02:31:44, 2026-07-24 02:46:50, 2026-07-24 03:01:40, 2026-07-24 03:16:36, 2026-07-24 03:31:53, 2026-07-24 03:47:12, 2026-07-24 04:02:00, 2026-07-24 04:18:15, 2026-07-24 04:31:38, 2026-07-24 04:46:53, 2026-07-24 05:01:54", "cumulative_total": 80.0 }, "geometry": { "type": "Polygon", "coordinates": [ [ [ -72.748700478859774, 46.446858154089441 ], [ -72.755098624570849, 46.449582050803507 ], [ -72.754885179744235, 46.454773995109015 ], [ -72.748272354727973, 46.457241996576073 ], [ -72.741873680469467, 46.45451771113261 ], [ -72.742088359754334, 46.449325813017943 ], [ -72.748700478859774, 46.446858154089441 ] ] ] } },
{ "type": "Feature", "properties": { "hex_id": 622791, "centroid_lon": -73.043554466119204, "centroid_lat": 46.028789316373405, "occurrences_today": 2, "datetimes_today": "2026-07-24 06:18:29, 2026-07-24 09:01:53", "cumulative_total": 31.0 }, "geometry": { "type": "Polygon", "coordinates": [ [ [ -73.043737734978521, 46.023596022531088 ], [ -73.05010265573361, 46.026303046736352 ], [ -73.049919965685646, 46.03149635781481 ], [ -73.043371146901038, 46.033982604908964 ], [ -73.037005697701986, 46.031275200197399 ], [ -73.037189595714381, 46.026081928963528 ], [ -73.043737734978521, 46.023596022531088 ] ] ] } },
{ "type": "Feature", "properties": { "hex_id": 623401, "centroid_lon": -73.037373443210868, "centroid_lat": 46.020888652419288, "occurrences_today": 2, "datetimes_today": "2026-07-24 06:18:29, 2026-07-24 09:01:53", "cumulative_total": 35.0 }, "geometry": { "type": "Polygon", "coordinates": [ [ [ -73.037557240208599, 46.015695370564771 ], [ -73.043920953496141, 46.018402723382138 ], [ -73.043737734978521, 46.023596022531088 ], [ -73.037189595714381, 46.026081928963528 ], [ -73.030825354454066, 46.023374195686387 ], [ -73.031009780413498, 46.018180936502098 ], [ -73.037557240208599, 46.015695370564771 ] ] ] } },
{ "type": "Feature", "properties": { "hex_id": 624012, "centroid_lon": -73.030640877821696, "centroid_lat": 46.028567449556618, "occurrences_today": 2, "datetimes_today": "2026-07-24 06:18:29, 2026-07-24 09:01:53", "cumulative_total": 25.0 }, "geometry": { "type": "Polygon", "coordinates": [ [ [ -73.030825354454066, 46.023374195686387 ], [ -73.037189595714381, 46.026081928963528 ], [ -73.037005697701986, 46.031275200197399 ], [ -73.030456350499136, 46.033760698112644 ], [ -73.024091581317634, 46.031052584214692 ], [ -73.024276687242917, 46.025859353087839 ], [ -73.030825354454066, 46.023374195686387 ] ] ] } },
{ "type": "Feature", "properties": { "hex_id": 911003, "centroid_lon": -69.922144264781707, "centroid_lat": 46.805679233126689, "occurrences_today": 11, "datetimes_today": "2026-07-24 12:19:32, 2026-07-24 12:32:06, 2026-07-24 12:46:46, 2026-07-24 12:59:03, 2026-07-24 13:17:09, 2026-07-24 13:33:01, 2026-07-24 13:46:46, 2026-07-24 14:02:07, 2026-07-24 14:17:02, 2026-07-24 14:47:11, 2026-07-24 15:02:07", "cumulative_total": 58.0 }, "geometry": { "type": "Polygon", "coordinates": [ [ [ -69.922632457407275, 46.800504033934452 ], [ -69.928915375293101, 46.803381764187094 ], [ -69.92842773620319, 46.808557011241653 ], [ -69.92165593710007, 46.810854423704669 ], [ -69.915372600757962, 46.807976276835348 ], [ -69.915861481928616, 46.802801134185472 ], [ -69.922632457407275, 46.800504033934452 ] ] ] } },
{ "type": "Feature", "properties": { "hex_id": 917115, "centroid_lon": -69.846462706583495, "centroid_lat": 46.911423417883142, "occurrences_today": 11, "datetimes_today": "2026-07-24 12:19:32, 2026-07-24 12:32:06, 2026-07-24 12:46:46, 2026-07-24 12:59:03, 2026-07-24 13:17:09, 2026-07-24 13:33:01, 2026-07-24 13:46:46, 2026-07-24 14:02:07, 2026-07-24 14:17:02, 2026-07-24 14:47:11, 2026-07-24 15:02:07", "cumulative_total": 61.0 }, "geometry": { "type": "Polygon", "coordinates": [ [ [ -69.846959988792889, 46.906248927262141 ], [ -69.853250414299978, 46.909131122542135 ], [ -69.852753687504205, 46.914305661832799 ], [ -69.845965286623297, 46.916597899760141 ], [ -69.839674443477222, 46.913715285846997 ], [ -69.840172418803334, 46.90854085270562 ], [ -69.846959988792889, 46.906248927262141 ] ] ] } },
{ "type": "Feature", "properties": { "hex_id": 621570, "centroid_lon": -73.056468205493204, "centroid_lat": 46.029009724933907, "occurrences_today": 2, "datetimes_today": "2026-07-24 06:18:29, 2026-07-24 09:01:53", "cumulative_total": 17.0 }, "geometry": { "type": "Polygon", "coordinates": [ [ [ -73.056650266528109, 46.023816391381899 ], [ -73.063015866306685, 46.026522706361931 ], [ -73.062834384274353, 46.03171605702255 ], [ -73.056286094430817, 46.03420305318653 ], [ -73.049919965685646, 46.03149635781481 ], [ -73.05010265573361, 46.026303046736352 ], [ -73.056650266528109, 46.023816391381899 ] ] ] } },
{ "type": "Feature", "properties": { "hex_id": 622180, "centroid_lon": -73.050285295596936, "centroid_lat": 46.021109730354908, "occurrences_today": 2, "datetimes_today": "2026-07-24 06:18:29, 2026-07-24 09:01:53", "cumulative_total": 21.0 }, "geometry": { "type": "Polygon", "coordinates": [ [ [ -73.050467885292733, 46.015916408670606 ], [ -73.056832277552573, 46.018623052530636 ], [ -73.056650266528109, 46.023816391381899 ], [ -73.05010265573361, 46.026303046736352 ], [ -73.043737734978521, 46.023596022531088 ], [ -73.043920953496141, 46.018402723382138 ], [ -73.050467885292733, 46.015916408670606 ] ] ] } },
{ "type": "Feature", "properties": { "hex_id": 623402, "centroid_lon": -73.036821749156488, "centroid_lat": 46.036468466120688, "occurrences_today": 2, "datetimes_today": "2026-07-24 06:18:29, 2026-07-24 09:01:53", "cumulative_total": 17.0 }, "geometry": { "type": "Polygon", "coordinates": [ [ [ -73.037005697701986, 46.031275200197399 ], [ -73.043371146901038, 46.033982604908964 ], [ -73.043187777306912, 46.039175888137571 ], [ -73.036637750060692, 46.041661726733224 ], [ -73.030271772469163, 46.038953941354293 ], [ -73.030456350499136, 46.033760698112644 ], [ -73.037005697701986, 46.031275200197399 ] ] ] } },
{ "type": "Feature", "properties": { "hex_id": 624622, "centroid_lon": -73.024461742321023, "centroid_lat": 46.020666116643163, "occurrences_today": 2, "datetimes_today": "2026-07-24 06:18:29, 2026-07-24 09:01:53", "cumulative_total": 17.0 }, "geometry": { "type": "Polygon", "coordinates": [ [ [ -73.024646746569218, 46.015472874880778 ], [ -73.031009780413498, 46.018180936502098 ], [ -73.030825354454066, 46.023374195686387 ], [ -73.024276687242917, 46.025859353087839 ], [ -73.017913125948411, 46.023150910892298 ], [ -73.018098759297999, 46.017957691935031 ], [ -73.024646746569218, 46.015472874880778 ] ] ] } },
{ "type": "Feature", "properties": { "hex_id": 624623, "centroid_lon": -73.023906424527851, "centroid_lat": 46.036245810023509, "occurrences_today": 2, "datetimes_today": "2026-07-24 06:18:29, 2026-07-24 09:01:53", "cumulative_total": 17.0 }, "geometry": { "type": "Polygon", "coordinates": [ [ [ -73.024091581317634, 46.031052584214692 ], [ -73.030456350499136, 46.033760698112644 ], [ -73.030271772469163, 46.038953941354293 ], [ -73.023721216856288, 46.041439030514113 ], [ -73.017355919805425, 46.038730535834318 ], [ -73.017541706219475, 46.033537332842116 ], [ -73.024091581317634, 46.031052584214692 ] ] ] } },
{ "type": "Feature", "properties": { "hex_id": 625233, "centroid_lon": -73.017727441594701, "centroid_lat": 46.028344124528047, "occurrences_today": 2, "datetimes_today": "2026-07-24 06:18:29, 2026-07-24 09:01:53", "cumulative_total": 17.0 }, "geometry": { "type": "Polygon", "coordinates": [ [ [ -73.017913125948411, 46.023150910892298 ], [ -73.024276687242917, 46.025859353087839 ], [ -73.024091581317634, 46.031052584214692 ], [ -73.017541706219475, 46.033537332842116 ], [ -73.011177617526712, 46.030828509911366 ], [ -73.011363931313014, 46.025635319153949 ], [ -73.017913125948411, 46.023150910892298 ] ] ] } },
{ "type": "Feature", "properties": { "hex_id": 625843, "centroid_lon": -73.011550193920883, "centroid_lat": 46.020442123071184, "occurrences_today": 2, "datetimes_today": "2026-07-24 06:18:29, 2026-07-24 09:01:53", "cumulative_total": 17.0 }, "geometry": { "type": "Polygon", "coordinates": [ [ [ -73.011736405367699, 46.015248921663243 ], [ -73.018098759297999, 46.017957691935031 ], [ -73.017913125948411, 46.023150910892298 ], [ -73.011363931313014, 46.025635319153949 ], [ -73.005001050455206, 46.022926168193642 ], [ -73.005187891142924, 46.017732989725722 ], [ -73.011736405367699, 46.015248921663243 ] ] ] } },
{ "type": "Feature", "properties": { "hex_id": 625844, "centroid_lon": -73.010991252544571, "centroid_lat": 46.036021695343258, "occurrences_today": 2, "datetimes_today": "2026-07-24 06:18:29, 2026-07-24 09:01:53", "cumulative_total": 17.0 }, "geometry": { "type": "Polygon", "coordinates": [ [ [ -73.011177617526712, 46.030828509911366 ], [ -73.017541706219475, 46.033537332842116 ], [ -73.017355919805425, 46.038730535834318 ], [ -73.010804836349166, 46.041214875449427 ], [ -73.004440220310286, 46.038505671622481 ], [ -73.004627215056345, 46.033312509142192 ], [ -73.011177617526712, 46.030828509911366 ] ] ] } },
{ "type": "Feature", "properties": { "hex_id": 626454, "centroid_lon": -73.004814158432168, "centroid_lat": 46.028119341332498, "occurrences_today": 2, "datetimes_today": "2026-07-24 06:18:29, 2026-07-24 09:01:53", "cumulative_total": 17.0 }, "geometry": { "type": "Polygon", "coordinates": [ [ [ -73.005001050455206, 46.022926168193642 ], [ -73.011363931313014, 46.025635319153949 ], [ -73.011177617526712, 46.030828509911366 ], [ -73.004627215056345, 46.033312509142192 ], [ -72.998263807323312, 46.030602977332386 ], [ -72.998451328918406, 46.025409827206794 ], [ -73.005001050455206, 46.022926168193642 ] ] ] } },
{ "type": "Feature", "properties": { "hex_id": 627064, "centroid_lon": -72.998638799003842, "centroid_lat": 46.020216671748315, "occurrences_today": 2, "datetimes_today": "2026-07-24 06:18:29, 2026-07-24 09:01:53", "cumulative_total": 17.0 }, "geometry": { "type": "Polygon", "coordinates": [ [ [ -72.998826217597127, 46.015023510957107 ], [ -73.005187891142924, 46.017732989725722 ], [ -73.005001050455206, 46.022926168193642 ], [ -72.998451328918406, 46.025409827206794 ], [ -72.992089128967947, 46.022699967635482 ], [ -72.992277176941442, 46.01750682991922 ], [ -72.998826217597127, 46.015023510957107 ] ] ] } },
{ "type": "Feature", "properties": { "hex_id": 627065, "centroid_lon": -72.998076234201051, "centroid_lat": 46.035796122124907, "occurrences_today": 2, "datetimes_today": "2026-07-24 06:18:29, 2026-07-24 09:01:53", "cumulative_total": 17.0 }, "geometry": { "type": "Polygon", "coordinates": [ [ [ -72.998263807323312, 46.030602977332386 ], [ -73.004627215056345, 46.033312509142192 ], [ -73.004440220310286, 46.038505671622481 ], [ -72.997888609534073, 46.040989261584166 ], [ -72.991524674978308, 46.038279348763908 ], [ -72.991712878003938, 46.033086227057986 ], [ -72.998263807323312, 46.030602977332386 ] ] ] } },
{ "type": "Feature", "properties": { "hex_id": 627675, "centroid_lon": -72.991901029327977, "centroid_lat": 46.027893100015113, "occurrences_today": 2, "datetimes_today": "2026-07-24 06:18:29, 2026-07-24 09:01:53", "cumulative_total": 17.0 }, "geometry": { "type": "Polygon", "coordinates": [ [ [ -72.992089128967947, 46.022699967635482 ], [ -72.998451328918406, 46.025409827206794 ], [ -72.998263807323312, 46.030602977332386 ], [ -72.991712878003938, 46.033086227057986 ], [ -72.985350151701425, 46.030375986523026 ], [ -72.985538881052761, 46.025182877291634 ], [ -72.992089128967947, 46.022699967635482 ] ] ] } },
{ "type": "Feature", "properties": { "hex_id": 627676, "centroid_lon": -72.991336420233452, "centroid_lat": 46.043472465132673, "occurrences_today": 2, "datetimes_today": "2026-07-24 06:18:29, 2026-07-24 09:01:53", "cumulative_total": 17.0 }, "geometry": { "type": "Polygon", "coordinates": [ [ [ -72.991524674978308, 46.038279348763908 ], [ -72.997888609534073, 46.040989261584166 ], [ -72.99770093330487, 46.046182395709984 ], [ -72.991148113751791, 46.048665576164126 ], [ -72.984783652425989, 46.045955282172415 ], [ -72.984972537405682, 46.040762188963598 ], [ -72.991524674978308, 46.038279348763908 ] ] ] } },
{ "type": "Feature", "properties": { "hex_id": 628286, "centroid_lon": -72.985161370491625, "centroid_lat": 46.035569090413738, "occurrences_today": 2, "datetimes_today": "2026-07-24 06:18:29, 2026-07-24 09:01:53", "cumulative_total": 17.0 }, "geometry": { "type": "Polygon", "coordinates": [ [ [ -72.985350151701425, 46.030375986523026 ], [ -72.991712878003938, 46.033086227057986 ], [ -72.991524674978308, 46.038279348763908 ], [ -72.984972537405682, 46.040762188963598 ], [ -72.978609284803952, 46.038051567304038 ], [ -72.978798696056415, 46.03285848663495 ], [ -72.985350151701425, 46.030375986523026 ] ] ] } },
{ "type": "Feature", "properties": { "hex_id": 628897, "centroid_lon": -72.978419821500808, "centroid_lat": 46.043244642628352, "occurrences_today": 2, "datetimes_today": "2026-07-24 06:18:29, 2026-07-24 09:01:53", "cumulative_total": 17.0 }, "geometry": { "type": "Polygon", "coordinates": [ [ [ -72.978609284803952, 46.038051567304038 ], [ -72.984972537405682, 46.040762188963598 ], [ -72.984783652425989, 46.045955282172415 ], [ -72.978230306129291, 46.048437712607729 ], [ -72.971866527281364, 46.045726709662617 ], [ -72.972056620958597, 46.040533657633304 ], [ -72.978609284803952, 46.038051567304038 ] ] ] } },
{ "type": "Feature", "properties": { "hex_id": 912225, "centroid_lon": -69.907620837169489, "centroid_lat": 46.820623041375505, "occurrences_today": 11, "datetimes_today": "2026-07-24 12:19:32, 2026-07-24 12:32:06, 2026-07-24 12:46:46, 2026-07-24 12:59:03, 2026-07-24 13:17:09, 2026-07-24 13:33:01, 2026-07-24 13:46:46, 2026-07-24 14:02:07, 2026-07-24 14:17:02, 2026-07-24 14:47:11, 2026-07-24 15:02:07", "cumulative_total": 63.0 }, "geometry": { "type": "Polygon", "coordinates": [ [ [ -69.90811067796372, 46.815447972616745 ], [ -69.914394432622004, 46.818326536259107 ], [ -69.913905145563234, 46.823501653030185 ], [ -69.907130860839075, 46.82579810149597 ], [ -69.900846688004933, 46.822919120924148 ], [ -69.901337218023997, 46.817744108881783 ], [ -69.90811067796372, 46.815447972616745 ] ] ] } },
{ "type": "Feature", "properties": { "hex_id": 357260, "centroid_lon": -75.863041823965588, "centroid_lat": 46.611249449316858, "occurrences_today": 4, "datetimes_today": "2026-07-24 16:31:40, 2026-07-24 16:47:02, 2026-07-24 17:01:51, 2026-07-24 17:16:43", "cumulative_total": 41.0 }, "geometry": { "type": "Polygon", "coordinates": [ [ [ -75.862959306744301, 46.606054243877452 ], [ -75.869529025601622, 46.60860241199812 ], [ -75.869612178375164, 46.613797606091694 ], [ -75.863124364043003, 46.616444649904174 ], [ -75.856553986773349, 46.613896121781693 ], [ -75.856472082256076, 46.608700909915754 ], [ -75.862959306744301, 46.606054243877452 ] ] ] } },
{ "type": "Feature", "properties": { "hex_id": 789498, "centroid_lon": -71.239725142693558, "centroid_lat": 46.615019498367168, "occurrences_today": 5, "datetimes_today": "2026-07-24 00:02:05, 2026-07-24 00:16:40, 2026-07-24 00:31:58, 2026-07-24 00:46:49, 2026-07-24 01:01:55", "cumulative_total": 11.0 }, "geometry": { "type": "Polygon", "coordinates": [ [ [ -71.240084474416861, 46.60983490742268 ], [ -71.24642044838312, 46.612641464398607 ], [ -71.24606168617585, 46.617826090497388 ], [ -71.239365711638669, 46.62020408245742 ], [ -71.233029267505088, 46.617397121659018 ], [ -71.233389268041762, 46.612212572789254 ], [ -71.240084474416861, 46.60983490742268 ] ] ] } },
{ "type": "Feature", "properties": { "hex_id": 401211, "centroid_lon": -75.39237051292244, "centroid_lat": 46.535894404035197, "occurrences_today": 3, "datetimes_today": "2026-07-24 00:02:05, 2026-07-24 00:16:40, 2026-07-24 00:31:58", "cumulative_total": 32.0 }, "geometry": { "type": "Polygon", "coordinates": [ [ [ -75.39233309497456, 46.530698661586015 ], [ -75.398871822625765, 46.533273984103317 ], [ -75.398909867600423, 46.538469720101844 ], [ -75.39240794122523, 46.541090141720012 ], [ -75.38586857619056, 46.538514455159302 ], [ -75.385831774918131, 46.533318711090857 ], [ -75.39233309497456, 46.530698661586015 ] ] ] } },
{ "type": "Feature", "properties": { "hex_id": 789499, "centroid_lon": -71.238646551397181, "centroid_lat": 46.630573230072244, "occurrences_today": 5, "datetimes_today": "2026-07-24 00:02:05, 2026-07-24 00:16:40, 2026-07-24 00:31:58, 2026-07-24 00:46:49, 2026-07-24 01:01:55", "cumulative_total": 20.0 }, "geometry": { "type": "Polygon", "coordinates": [ [ [ -71.23900618121796, 46.625388659692682 ], [ -71.245343864191454, 46.628195322152287 ], [ -71.244984804345933, 46.633379927706933 ], [ -71.238286822142044, 46.635757793595374 ], [ -71.231948668644776, 46.632950727093849 ], [ -71.232308967840893, 46.627766198812054 ], [ -71.23900618121796, 46.625388659692682 ] ] ] } },
{ "type": "Feature", "properties": { "hex_id": 790720, "centroid_lon": -71.225611184693108, "centroid_lat": 46.630143327012689, "occurrences_today": 5, "datetimes_today": "2026-07-24 00:02:05, 2026-07-24 00:16:40, 2026-07-24 00:31:58, 2026-07-24 00:46:49, 2026-07-24 01:01:55", "cumulative_total": 20.0 }, "geometry": { "type": "Polygon", "coordinates": [ [ [ -71.225972053642778, 46.624958834031489 ], [ -71.232308967840893, 46.627766198812054 ], [ -71.231948668644776, 46.632950727093849 ], [ -71.225250215968558, 46.635327813122828 ], [ -71.218912831808979, 46.632520044200341 ], [ -71.219274370252691, 46.62733559345704 ], [ -71.225972053642778, 46.624958834031489 ] ] ] } },
{ "type": "Feature", "properties": { "hex_id": 545259, "centroid_lon": -73.863354709988229, "centroid_lat": 46.063268599636082, "occurrences_today": 3, "datetimes_today": "2026-07-24 23:17:39, 2026-07-24 23:32:04, 2026-07-24 23:47:06", "cumulative_total": 18.0 }, "geometry": { "type": "Polygon", "coordinates": [ [ [ -73.863461326296232, 46.058073327695851 ], [ -73.869871080402589, 46.060735058624289 ], [ -73.869765055461087, 46.065930339651445 ], [ -73.863248064359979, 46.068463866641203 ], [ -73.856837748212357, 46.06580176240923 ], [ -73.856944985197117, 46.060606504556894 ], [ -73.863461326296232, 46.058073327695851 ] ] ] } },
{ "type": "Feature", "properties": { "hex_id": 647849, "centroid_lon": -72.761497416911666, "centroid_lat": 46.452305599441871, "occurrences_today": 21, "datetimes_today": "2026-07-24 00:02:05, 2026-07-24 00:16:40, 2026-07-24 00:31:58, 2026-07-24 00:46:49, 2026-07-24 01:01:55, 2026-07-24 01:16:40, 2026-07-24 01:33:10, 2026-07-24 01:47:11, 2026-07-24 02:01:42, 2026-07-24 02:18:40, 2026-07-24 02:31:44, 2026-07-24 02:46:50, 2026-07-24 03:01:40, 2026-07-24 03:16:36, 2026-07-24 03:31:53, 2026-07-24 03:47:12, 2026-07-24 04:02:00, 2026-07-24 04:18:15, 2026-07-24 04:31:38, 2026-07-24 04:46:53, 2026-07-24 05:01:54", "cumulative_total": 58.0 }, "geometry": { "type": "Polygon", "coordinates": [ [ [ -72.761710215098418, 46.447113629396966 ], [ -72.768109066210016, 46.449836809671304 ], [ -72.767896855902464, 46.455028799901498 ], [ -72.761284559944016, 46.457497563999141 ], [ -72.754885179744235, 46.454773995109015 ], [ -72.755098624570849, 46.449582050803507 ], [ -72.761710215098418, 46.447113629396966 ] ] ] } },
{ "type": "Feature", "properties": { "hex_id": 1278022, "centroid_lon": -65.731380427868913, "centroid_lat": 48.234420955448336, "occurrences_today": 2, "datetimes_today": "2026-07-24 19:17:25, 2026-07-24 19:31:42", "cumulative_total": 12.0 }, "geometry": { "type": "Polygon", "coordinates": [ [ [ -65.732314354207503, 48.229294536572404 ], [ -65.738492550325532, 48.232397928356143 ], [ -65.737559139574387, 48.237524434772006 ], [ -65.730446240288117, 48.23954735611008 ], [ -65.72426778987105, 48.236443501714994 ], [ -65.725202492946877, 48.23131718865779 ], [ -65.732314354207503, 48.229294536572404 ] ] ] } },
{ "type": "Feature", "properties": { "hex_id": 399990, "centroid_lon": -75.405411166776801, "centroid_lat": 46.535848929710774, "occurrences_today": 3, "datetimes_today": "2026-07-24 00:02:05, 2026-07-24 00:16:40, 2026-07-24 00:31:58", "cumulative_total": 18.0 }, "geometry": { "type": "Polygon", "coordinates": [ [ [ -75.405372505304115, 46.530653195464815 ], [ -75.411911838758002, 46.533227770647962 ], [ -75.41195112742399, 46.538423498308383 ], [ -75.405449838948485, 46.54104465919081 ], [ -75.398909867600423, 46.538469720101844 ], [ -75.398871822625765, 46.533273984103317 ], [ -75.405372505304115, 46.530653195464815 ] ] ] } },
{ "type": "Feature", "properties": { "hex_id": 400601, "centroid_lon": -75.398947923103862, "centroid_lat": 46.543665451335258, "occurrences_today": 3, "datetimes_today": "2026-07-24 00:02:05, 2026-07-24 00:16:40, 2026-07-24 00:31:58", "cumulative_total": 18.0 }, "geometry": { "type": "Polygon", "coordinates": [ [ [ -75.398909867600423, 46.538469720101844 ], [ -75.405449838948485, 46.54104465919081 ], [ -75.405488521822861, 46.546240383904987 ], [ -75.398985989139703, 46.548861177803595 ], [ -75.392445379886482, 46.546285874640525 ], [ -75.39240794122523, 46.541090141720012 ], [ -75.398909867600423, 46.538469720101844 ] ] ] } },
{ "type": "Feature", "properties": { "hex_id": 771309, "centroid_lon": -71.299376704199574, "centroid_lat": 48.581006924085074, "occurrences_today": 15, "datetimes_today": "2026-07-24 00:02:05, 2026-07-24 00:16:40, 2026-07-24 00:31:58, 2026-07-24 00:46:49, 2026-07-24 01:01:55, 2026-07-24 01:16:40, 2026-07-24 01:33:10, 2026-07-24 01:47:11, 2026-07-24 02:01:42, 2026-07-24 02:18:40, 2026-07-24 02:31:44, 2026-07-24 02:46:50, 2026-07-24 03:01:40, 2026-07-24 03:16:36, 2026-07-24 03:31:53", "cumulative_total": 20.0 }, "geometry": { "type": "Polygon", "coordinates": [ [ [ -71.299755531850565, 48.575823763391703 ], [ -71.30633096049047, 48.578632838706518 ], [ -71.305952767782202, 48.583816035349621 ], [ -71.298997768837211, 48.586190077875258 ], [ -71.292421812985481, 48.583380571572818 ], [ -71.292801383251458, 48.578197453803696 ], [ -71.299755531850565, 48.575823763391703 ] ] ] } },
{ "type": "Feature", "properties": { "hex_id": 896960, "centroid_lon": -70.07442923824388, "centroid_lat": 46.788965166180539, "occurrences_today": 11, "datetimes_today": "2026-07-24 12:19:32, 2026-07-24 12:32:06, 2026-07-24 12:46:46, 2026-07-24 12:59:03, 2026-07-24 13:17:09, 2026-07-24 13:33:01, 2026-07-24 13:46:46, 2026-07-24 14:02:07, 2026-07-24 14:17:02, 2026-07-24 14:47:11, 2026-07-24 15:02:07", "cumulative_total": 46.0 }, "geometry": { "type": "Polygon", "coordinates": [ [ [ -70.074902550142085, 46.783788746207897 ], [ -70.081192405782531, 46.786658325623208 ], [ -70.08071964950463, 46.791834792007997 ], [ -70.073955795405155, 46.794141577769295 ], [ -70.067665515107535, 46.791271583092595 ], [ -70.068139513521331, 46.786095217981845 ], [ -70.074902550142085, 46.783788746207897 ] ] ] } },
{ "type": "Feature", "properties": { "hex_id": 897571, "centroid_lon": -70.067191385560577, "centroid_lat": 46.796447939809177, "occurrences_today": 11, "datetimes_today": "2026-07-24 12:19:32, 2026-07-24 12:32:06, 2026-07-24 12:46:46, 2026-07-24 12:59:03, 2026-07-24 13:17:09, 2026-07-24 13:33:01, 2026-07-24 13:46:46, 2026-07-24 14:02:07, 2026-07-24 14:17:02, 2026-07-24 14:47:11, 2026-07-24 15:02:07", "cumulative_total": 46.0 }, "geometry": { "type": "Polygon", "coordinates": [ [ [ -70.067665515107535, 46.791271583092595 ], [ -70.073955795405155, 46.794141577769295 ], [ -70.073482221580704, 46.79931798097283 ], [ -70.066717124835165, 46.801624288130299 ], [ -70.060426420016157, 46.79875387803537 ], [ -70.060901236418758, 46.793577576267083 ], [ -70.067665515107535, 46.791271583092595 ] ] ] } },
{ "type": "Feature", "properties": { "hex_id": 898181, "centroid_lon": -70.061375921495497, "centroid_lat": 46.78840126609434, "occurrences_today": 11, "datetimes_today": "2026-07-24 12:19:32, 2026-07-24 12:32:06, 2026-07-24 12:46:46, 2026-07-24 12:59:03, 2026-07-24 13:17:09, 2026-07-24 13:33:01, 2026-07-24 13:46:46, 2026-07-24 14:02:07, 2026-07-24 14:17:02, 2026-07-24 14:47:11, 2026-07-24 15:02:07", "cumulative_total": 46.0 }, "geometry": { "type": "Polygon", "coordinates": [ [ [ -70.061850475291735, 46.783224947518484 ], [ -70.068139513521331, 46.786095217981845 ], [ -70.067665515107535, 46.791271583092595 ], [ -70.060901236418758, 46.793577576267083 ], [ -70.054611774109887, 46.790706890453123 ], [ -70.055087014523735, 46.785530626881112 ], [ -70.061850475291735, 46.783224947518484 ] ] ] } },
{ "type": "Feature", "properties": { "hex_id": 898182, "centroid_lon": -70.059951472242361, "centroid_lat": 46.803930171397901, "occurrences_today": 11, "datetimes_today": "2026-07-24 12:19:32, 2026-07-24 12:32:06, 2026-07-24 12:46:46, 2026-07-24 12:59:03, 2026-07-24 13:17:09, 2026-07-24 13:33:01, 2026-07-24 13:46:46, 2026-07-24 14:02:07, 2026-07-24 14:17:02, 2026-07-24 14:47:11, 2026-07-24 15:02:07", "cumulative_total": 46.0 }, "geometry": { "type": "Polygon", "coordinates": [ [ [ -70.060426420016157, 46.79875387803537 ], [ -70.066717124835165, 46.801624288130299 ], [ -70.066242732885996, 46.806800628054638 ], [ -70.059476393051952, 46.809106456353391 ], [ -70.053185263847624, 46.806235630683368 ], [ -70.053660898817242, 46.801059392355576 ], [ -70.060426420016157, 46.79875387803537 ] ] ] } },
{ "type": "Feature", "properties": { "hex_id": 898183, "centroid_lon": -70.058525840239653, "centroid_lat": 46.819459001037877, "occurrences_today": 11, "datetimes_today": "2026-07-24 12:19:32, 2026-07-24 12:32:06, 2026-07-24 12:46:46, 2026-07-24 12:59:03, 2026-07-24 13:17:09, 2026-07-24 13:33:01, 2026-07-24 13:46:46, 2026-07-24 14:02:07, 2026-07-24 14:17:02, 2026-07-24 14:47:11, 2026-07-24 15:02:07", "cumulative_total": 46.0 }, "geometry": { "type": "Polygon", "coordinates": [ [ [ -70.059001182399527, 46.814282732900466 ], [ -70.0652935551349, 46.817153282707721 ], [ -70.064818769242237, 46.822329597433878 ], [ -70.058050366526857, 46.824635260764275 ], [ -70.051757569099919, 46.821764295157294 ], [ -70.052233599034452, 46.816588082085545 ], [ -70.059001182399527, 46.814282732900466 ] ] ] } },
{ "type": "Feature", "properties": { "hex_id": 898792, "centroid_lon": -70.054136402222852, "centroid_lat": 46.795883145611711, "occurrences_today": 11, "datetimes_today": "2026-07-24 12:19:32, 2026-07-24 12:32:06, 2026-07-24 12:46:46, 2026-07-24 12:59:03, 2026-07-24 13:17:09, 2026-07-24 13:33:01, 2026-07-24 13:46:46, 2026-07-24 14:02:07, 2026-07-24 14:17:02, 2026-07-24 14:47:11, 2026-07-24 15:02:07", "cumulative_total": 46.0 }, "geometry": { "type": "Polygon", "coordinates": [ [ [ -70.054611774109887, 46.790706890453123 ], [ -70.060901236418758, 46.793577576267083 ], [ -70.060426420016157, 46.79875387803537 ], [ -70.053660898817242, 46.801059392355576 ], [ -70.04737101256525, 46.798188291034229 ], [ -70.047847071409862, 46.793012090965931 ], [ -70.054611774109887, 46.790706890453123 ] ] ] } },
{ "type": "Feature", "properties": { "hex_id": 898793, "centroid_lon": -70.052709497268523, "centroid_lat": 46.811411860593793, "occurrences_today": 11, "datetimes_today": "2026-07-24 12:19:32, 2026-07-24 12:32:06, 2026-07-24 12:46:46, 2026-07-24 12:59:03, 2026-07-24 13:17:09, 2026-07-24 13:33:01, 2026-07-24 13:46:46, 2026-07-24 14:02:07, 2026-07-24 14:17:02, 2026-07-24 14:47:11, 2026-07-24 15:02:07", "cumulative_total": 46.0 }, "geometry": { "type": "Polygon", "coordinates": [ [ [ -70.053185263847624, 46.806235630683368 ], [ -70.059476393051952, 46.809106456353391 ], [ -70.059001182399527, 46.814282732900466 ], [ -70.052233599034452, 46.816588082085545 ], [ -70.045942045581157, 46.813716840683568 ], [ -70.046418499696415, 46.808540665894384 ], [ -70.053185263847624, 46.806235630683368 ] ] ] } },
{ "type": "Feature", "properties": { "hex_id": 898794, "centroid_lon": -70.051281407419395, "centroid_lat": 46.826940499807719, "occurrences_today": 11, "datetimes_today": "2026-07-24 12:19:32, 2026-07-24 12:32:06, 2026-07-24 12:46:46, 2026-07-24 12:59:03, 2026-07-24 13:17:09, 2026-07-24 13:33:01, 2026-07-24 13:46:46, 2026-07-24 14:02:07, 2026-07-24 14:17:02, 2026-07-24 14:47:11, 2026-07-24 15:02:07", "cumulative_total": 46.0 }, "geometry": { "type": "Polygon", "coordinates": [ [ [ -70.051757569099919, 46.821764295157294 ], [ -70.058050366526857, 46.824635260764275 ], [ -70.05757476121569, 46.829811512078351 ], [ -70.050805113947334, 46.832116696035499 ], [ -70.044511891965357, 46.829245314471827 ], [ -70.044988741761216, 46.824069164973615 ], [ -70.051757569099919, 46.821764295157294 ] ] ] } },
{ "type": "Feature", "properties": { "hex_id": 899402, "centroid_lon": -70.048322998588574, "centroid_lat": 46.787835882473885, "occurrences_today": 11, "datetimes_today": "2026-07-24 12:19:32, 2026-07-24 12:32:06, 2026-07-24 12:46:46, 2026-07-24 12:59:03, 2026-07-24 13:17:09, 2026-07-24 13:33:01, 2026-07-24 13:46:46, 2026-07-24 14:02:07, 2026-07-24 14:17:02, 2026-07-24 14:47:11, 2026-07-24 15:02:07", "cumulative_total": 46.0 }, "geometry": { "type": "Polygon", "coordinates": [ [ [ -70.04879879414689, 46.782659665559443 ], [ -70.055087014523735, 46.785530626881112 ], [ -70.054611774109887, 46.790706890453123 ], [ -70.047847071409862, 46.793012090965931 ], [ -70.041558427531712, 46.790140714204611 ], [ -70.042034909809431, 46.784964552435973 ], [ -70.04879879414689, 46.782659665559443 ] ] ] } },
{ "type": "Feature", "properties": { "hex_id": 899403, "centroid_lon": -70.046894822009264, "centroid_lat": 46.803364482677473, "occurrences_today": 11, "datetimes_today": "2026-07-24 12:19:32, 2026-07-24 12:32:06, 2026-07-24 12:46:46, 2026-07-24 12:59:03, 2026-07-24 13:17:09, 2026-07-24 13:33:01, 2026-07-24 13:46:46, 2026-07-24 14:02:07, 2026-07-24 14:17:02, 2026-07-24 14:47:11, 2026-07-24 15:02:07", "cumulative_total": 46.0 }, "geometry": { "type": "Polygon", "coordinates": [ [ [ -70.04737101256525, 46.798188291034229 ], [ -70.053660898817242, 46.801059392355576 ], [ -70.053185263847624, 46.806235630683368 ], [ -70.046418499696415, 46.808540665894384 ], [ -70.04012818963767, 46.805669148908848 ], [ -70.040605067491384, 46.800493012442367 ], [ -70.04737101256525, 46.798188291034229 ] ] ] } },
{ "type": "Feature", "properties": { "hex_id": 899404, "centroid_lon": -70.045465459617944, "centroid_lat": 46.818893007043762, "occurrences_today": 11, "datetimes_today": "2026-07-24 12:19:32, 2026-07-24 12:32:06, 2026-07-24 12:46:46, 2026-07-24 12:59:03, 2026-07-24 13:17:09, 2026-07-24 13:33:01, 2026-07-24 13:46:46, 2026-07-24 14:02:07, 2026-07-24 14:17:02, 2026-07-24 14:47:11, 2026-07-24 15:02:07", "cumulative_total": 46.0 }, "geometry": { "type": "Polygon", "coordinates": [ [ [ -70.045942045581157, 46.813716840683568 ], [ -70.052233599034452, 46.816588082085545 ], [ -70.051757569099919, 46.821764295157294 ], [ -70.044988741761216, 46.824069164973615 ], [ -70.038696764195549, 46.821197507682783 ], [ -70.039174038035384, 46.816021396530367 ], [ -70.045942045581157, 46.813716840683568 ] ] ] } },
{ "type": "Feature", "properties": { "hex_id": 899405, "centroid_lon": -70.044034910184763, "centroid_lat": 46.834421455537061, "occurrences_today": 11, "datetimes_today": "2026-07-24 12:19:32, 2026-07-24 12:32:06, 2026-07-24 12:46:46, 2026-07-24 12:59:03, 2026-07-24 13:17:09, 2026-07-24 13:33:01, 2026-07-24 13:46:46, 2026-07-24 14:02:07, 2026-07-24 14:17:02, 2026-07-24 14:47:11, 2026-07-24 15:02:07", "cumulative_total": 46.0 }, "geometry": { "type": "Polygon", "coordinates": [ [ [ -70.044511891965357, 46.829245314471827 ], [ -70.050805113947334, 46.832116696035499 ], [ -70.05032868863816, 46.837292883839325 ], [ -70.043557796373804, 46.839597588168012 ], [ -70.037264149973595, 46.836725790490647 ], [ -70.037741820210343, 46.831549704664241 ], [ -70.044511891965357, 46.829245314471827 ] ] ] } },
{ "type": "Feature", "properties": { "hex_id": 900013, "centroid_lon": -70.041081813440854, "centroid_lat": 46.795316867540514, "occurrences_today": 11, "datetimes_today": "2026-07-24 12:19:32, 2026-07-24 12:32:06, 2026-07-24 12:46:46, 2026-07-24 12:59:03, 2026-07-24 13:17:09, 2026-07-24 13:33:01, 2026-07-24 13:46:46, 2026-07-24 14:02:07, 2026-07-24 14:17:02, 2026-07-24 14:47:11, 2026-07-24 15:02:07", "cumulative_total": 46.0 }, "geometry": { "type": "Polygon", "coordinates": [ [ [ -70.041558427531712, 46.790140714204611 ], [ -70.047847071409862, 46.793012090965931 ], [ -70.04737101256525, 46.798188291034229 ], [ -70.040605067491384, 46.800493012442367 ], [ -70.03431600024841, 46.797621220084643 ], [ -70.034793301398594, 46.792445121981025 ], [ -70.041558427531712, 46.790140714204611 ] ] ] } },
{ "type": "Feature", "properties": { "hex_id": 900014, "centroid_lon": -70.039651179834223, "centroid_lat": 46.810845276938615, "occurrences_today": 11, "datetimes_today": "2026-07-24 12:19:32, 2026-07-24 12:32:06, 2026-07-24 12:46:46, 2026-07-24 12:59:03, 2026-07-24 13:17:09, 2026-07-24 13:33:01, 2026-07-24 13:46:46, 2026-07-24 14:02:07, 2026-07-24 14:17:02, 2026-07-24 14:47:11, 2026-07-24 15:02:07", "cumulative_total": 46.0 }, "geometry": { "type": "Polygon", "coordinates": [ [ [ -70.04012818963767, 46.805669148908848 ], [ -70.046418499696415, 46.808540665894384 ], [ -70.045942045581157, 46.813716840683568 ], [ -70.039174038035384, 46.816021396530367 ], [ -70.032883304306623, 46.813149463723818 ], [ -70.033361001748062, 46.807973390957372 ], [ -70.04012818963767, 46.805669148908848 ] ] ] } },
{ "type": "Feature", "properties": { "hex_id": 900015, "centroid_lon": -70.038219358269089, "centroid_lat": 46.826373610394505, "occurrences_today": 11, "datetimes_today": "2026-07-24 12:19:32, 2026-07-24 12:32:06, 2026-07-24 12:46:46, 2026-07-24 12:59:03, 2026-07-24 13:17:09, 2026-07-24 13:33:01, 2026-07-24 13:46:46, 2026-07-24 14:02:07, 2026-07-24 14:17:02, 2026-07-24 14:47:11, 2026-07-24 15:02:07", "cumulative_total": 46.0 }, "geometry": { "type": "Polygon", "coordinates": [ [ [ -70.038696764195549, 46.821197507682783 ], [ -70.044988741761216, 46.824069164973615 ], [ -70.044511891965357, 46.829245314471827 ], [ -70.037741820210343, 46.831549704664241 ], [ -70.031449418669212, 46.828677631327629 ], [ -70.031927512812899, 46.823501583910279 ], [ -70.038696764195549, 46.821197507682783 ] ] ] } },
{ "type": "Feature", "properties": { "hex_id": 900016, "centroid_lon": -70.036786347513171, "centroid_lat": 46.841901867872402, "occurrences_today": 11, "datetimes_today": "2026-07-24 12:19:32, 2026-07-24 12:32:06, 2026-07-24 12:46:46, 2026-07-24 12:59:03, 2026-07-24 13:17:09, 2026-07-24 13:33:01, 2026-07-24 13:46:46, 2026-07-24 14:02:07, 2026-07-24 14:17:02, 2026-07-24 14:47:11, 2026-07-24 15:02:07", "cumulative_total": 46.0 }, "geometry": { "type": "Polygon", "coordinates": [ [ [ -70.037264149973595, 46.836725790490647 ], [ -70.043557796373804, 46.839597588168012 ], [ -70.043080550486806, 46.844773712363306 ], [ -70.036308412783342, 46.847077936808176 ], [ -70.030014342102007, 46.84420572286016 ], [ -70.030492833359531, 46.839029700803906 ], [ -70.037264149973595, 46.836725790490647 ] ] ] } },
{ "type": "Feature", "properties": { "hex_id": 900624, "centroid_lon": -70.033838567046772, "centroid_lat": 46.802797309743866, "occurrences_today": 11, "datetimes_today": "2026-07-24 12:19:32, 2026-07-24 12:32:06, 2026-07-24 12:46:46, 2026-07-24 12:59:03, 2026-07-24 13:17:09, 2026-07-24 13:33:01, 2026-07-24 13:46:46, 2026-07-24 14:02:07, 2026-07-24 14:17:02, 2026-07-24 14:47:11, 2026-07-24 15:02:07", "cumulative_total": 46.0 }, "geometry": { "type": "Polygon", "coordinates": [ [ [ -70.03431600024841, 46.797621220084643 ], [ -70.040605067491384, 46.800493012442367 ], [ -70.04012818963767, 46.805669148908848 ], [ -70.033361001748062, 46.807973390957372 ], [ -70.027071511277043, 46.805101182846485 ], [ -70.027549631878074, 46.799925148506084 ], [ -70.03431600024841, 46.797621220084643 ] ] ] } },
{ "type": "Feature", "properties": { "hex_id": 900625, "centroid_lon": -70.032405474676793, "centroid_lat": 46.818325528041903, "occurrences_today": 11, "datetimes_today": "2026-07-24 12:19:32, 2026-07-24 12:32:06, 2026-07-24 12:46:46, 2026-07-24 12:59:03, 2026-07-24 13:17:09, 2026-07-24 13:33:01, 2026-07-24 13:46:46, 2026-07-24 14:02:07, 2026-07-24 14:17:02, 2026-07-24 14:47:11, 2026-07-24 15:02:07", "cumulative_total": 46.0 }, "geometry": { "type": "Polygon", "coordinates": [ [ [ -70.032883304306623, 46.813149463723818 ], [ -70.039174038035384, 46.816021396530367 ], [ -70.038696764195549, 46.821197507682783 ], [ -70.031927512812899, 46.823501583910279 ], [ -70.025636355551057, 46.820629235125864 ], [ -70.026114873159258, 46.815453226157693 ], [ -70.032883304306623, 46.813149463723818 ] ] ] } },
{ "type": "Feature", "properties": { "hex_id": 900626, "centroid_lon": -70.030971192200013, "centroid_lat": 46.833853670292612, "occurrences_today": 11, "datetimes_today": "2026-07-24 12:19:32, 2026-07-24 12:32:06, 2026-07-24 12:46:46, 2026-07-24 12:59:03, 2026-07-24 13:17:09, 2026-07-24 13:33:01, 2026-07-24 13:46:46, 2026-07-24 14:02:07, 2026-07-24 14:17:02, 2026-07-24 14:47:11, 2026-07-24 15:02:07", "cumulative_total": 46.0 }, "geometry": { "type": "Polygon", "coordinates": [ [ [ -70.031449418669212, 46.828677631327629 ], [ -70.037741820210343, 46.831549704664241 ], [ -70.037264149973595, 46.836725790490647 ], [ -70.030492833359531, 46.839029700803906 ], [ -70.024200007980085, 46.836157211264577 ], [ -70.024678923007258, 46.830981227680638 ], [ -70.031449418669212, 46.828677631327629 ] ] ] } },
{ "type": "Feature", "properties": { "hex_id": 900627, "centroid_lon": -70.029535718381652, "centroid_lat": 46.849381736460074, "occurrences_today": 11, "datetimes_today": "2026-07-24 12:19:32, 2026-07-24 12:32:06, 2026-07-24 12:46:46, 2026-07-24 12:59:03, 2026-07-24 13:17:09, 2026-07-24 13:33:01, 2026-07-24 13:46:46, 2026-07-24 14:02:07, 2026-07-24 14:17:02, 2026-07-24 14:47:11, 2026-07-24 15:02:07", "cumulative_total": 46.0 }, "geometry": { "type": "Polygon", "coordinates": [ [ [ -70.030014342102007, 46.84420572286016 ], [ -70.036308412783342, 46.847077936808176 ], [ -70.035830345738333, 46.85225399729665 ], [ -70.029056962152609, 46.854557741602314 ], [ -70.022762467327482, 46.851685111226601 ], [ -70.023241780186055, 46.84650915303888 ], [ -70.030014342102007, 46.84420572286016 ] ] ] } },
{ "type": "Feature", "properties": { "hex_id": 901234, "centroid_lon": -70.028027620234781, "centroid_lat": 46.794749105710927, "occurrences_today": 11, "datetimes_today": "2026-07-24 12:19:32, 2026-07-24 12:32:06, 2026-07-24 12:46:46, 2026-07-24 12:59:03, 2026-07-24 13:17:09, 2026-07-24 13:33:01, 2026-07-24 13:46:46, 2026-07-24 14:02:07, 2026-07-24 14:17:02, 2026-07-24 14:47:11, 2026-07-24 15:02:07", "cumulative_total": 46.0 }, "geometry": { "type": "Polygon", "coordinates": [ [ [ -70.028505476392851, 46.789573054462359 ], [ -70.034793301398594, 46.792445121981025 ], [ -70.03431600024841, 46.797621220084643 ], [ -70.027549631878074, 46.799925148506084 ], [ -70.021261384085932, 46.797052665302118 ], [ -70.02173992740488, 46.791876669427857 ], [ -70.028505476392851, 46.789573054462359 ] ] ] } },
{ "type": "Feature", "properties": { "hex_id": 901235, "centroid_lon": -70.026593258386001, "centroid_lat": 46.810277208730788, "occurrences_today": 11, "datetimes_today": "2026-07-24 12:19:32, 2026-07-24 12:32:06, 2026-07-24 12:46:46, 2026-07-24 12:59:03, 2026-07-24 13:17:09, 2026-07-24 13:33:01, 2026-07-24 13:46:46, 2026-07-24 14:02:07, 2026-07-24 14:17:02, 2026-07-24 14:47:11, 2026-07-24 15:02:07", "cumulative_total": 46.0 }, "geometry": { "type": "Polygon", "coordinates": [ [ [ -70.027071511277043, 46.805101182846485 ], [ -70.033361001748062, 46.807973390957372 ], [ -70.032883304306623, 46.813149463723818 ], [ -70.026114873159258, 46.815453226157693 ], [ -70.01982495959723, 46.812580602136855 ], [ -70.020303900227844, 46.80740463165796 ], [ -70.027071511277043, 46.805101182846485 ] ] ] } },
{ "type": "Feature", "properties": { "hex_id": 901236, "centroid_lon": -70.025157705515653, "centroid_lat": 46.82580523563395, "occurrences_today": 11, "datetimes_today": "2026-07-24 12:19:32, 2026-07-24 12:32:06, 2026-07-24 12:46:46, 2026-07-24 12:59:03, 2026-07-24 13:17:09, 2026-07-24 13:33:01, 2026-07-24 13:46:46, 2026-07-24 14:02:07, 2026-07-24 14:17:02, 2026-07-24 14:47:11, 2026-07-24 15:02:07", "cumulative_total": 46.0 }, "geometry": { "type": "Polygon", "coordinates": [ [ [ -70.025636355551057, 46.820629235125864 ], [ -70.031927512812899, 46.823501583910279 ], [ -70.031449418669212, 46.828677631327629 ], [ -70.024678923007258, 46.830981227680638 ], [ -70.018387342349598, 46.828108462761485 ], [ -70.018866680703908, 46.822932517689956 ], [ -70.025636355551057, 46.820629235125864 ] ] ] } },
{ "type": "Feature", "properties": { "hex_id": 901237, "centroid_lon": -70.023720960388289, "centroid_lat": 46.841333186384439, "occurrences_today": 11, "datetimes_today": "2026-07-24 12:19:32, 2026-07-24 12:32:06, 2026-07-24 12:46:46, 2026-07-24 12:59:03, 2026-07-24 13:17:09, 2026-07-24 13:33:01, 2026-07-24 13:46:46, 2026-07-24 14:02:07, 2026-07-24 14:17:02, 2026-07-24 14:47:11, 2026-07-24 15:02:07", "cumulative_total": 46.0 }, "geometry": { "type": "Polygon", "coordinates": [ [ [ -70.024200007980085, 46.836157211264577 ], [ -70.030492833359531, 46.839029700803906 ], [ -70.030014342102007, 46.84420572286016 ], [ -70.023241780186055, 46.84650915303888 ], [ -70.016948531105726, 46.843636247139905 ], [ -70.017428267596372, 46.838460327487809 ], [ -70.024200007980085, 46.836157211264577 ] ] ] } },
{ "type": "Feature", "properties": { "hex_id": 901845, "centroid_lon": -70.020782708375492, "centroid_lat": 46.802228652712593, "occurrences_today": 11, "datetimes_today": "2026-07-24 12:19:32, 2026-07-24 12:32:06, 2026-07-24 12:46:46, 2026-07-24 12:59:03, 2026-07-24 13:17:09, 2026-07-24 13:33:01, 2026-07-24 13:46:46, 2026-07-24 14:02:07, 2026-07-24 14:17:02, 2026-07-24 14:47:11, 2026-07-24 15:02:07", "cumulative_total": 46.0 }, "geometry": { "type": "Polygon", "coordinates": [ [ [ -70.021261384085932, 46.797052665302118 ], [ -70.027549631878074, 46.799925148506084 ], [ -70.027071511277043, 46.805101182846485 ], [ -70.020303900227844, 46.80740463165796 ], [ -70.014015229786395, 46.804531732611991 ], [ -70.014494592997679, 46.79935580066239 ], [ -70.021261384085932, 46.797052665302118 ] ] ] } },
{ "type": "Feature", "properties": { "hex_id": 901846, "centroid_lon": -70.019345886437847, "centroid_lat": 46.817756564147977, "occurrences_today": 11, "datetimes_today": "2026-07-24 12:19:32, 2026-07-24 12:32:06, 2026-07-24 12:46:46, 2026-07-24 12:59:03, 2026-07-24 13:17:09, 2026-07-24 13:33:01, 2026-07-24 13:46:46, 2026-07-24 14:02:07, 2026-07-24 14:17:02, 2026-07-24 14:47:11, 2026-07-24 15:02:07", "cumulative_total": 46.0 }, "geometry": { "type": "Polygon", "coordinates": [ [ [ -70.01982495959723, 46.812580602136855 ], [ -70.026114873159258, 46.815453226157693 ], [ -70.025636355551057, 46.820629235125864 ], [ -70.018866680703908, 46.822932517689956 ], [ -70.012576344188176, 46.820059477602385 ], [ -70.013056105427466, 46.814883571083321 ], [ -70.01982495959723, 46.812580602136855 ] ] ] } },
{ "type": "Feature", "properties": { "hex_id": 901847, "centroid_lon": -70.017907871329044, "centroid_lat": 46.833284399361212, "occurrences_today": 11, "datetimes_today": "2026-07-24 12:19:32, 2026-07-24 12:32:06, 2026-07-24 12:46:46, 2026-07-24 12:59:03, 2026-07-24 13:17:09, 2026-07-24 13:33:01, 2026-07-24 13:46:46, 2026-07-24 14:02:07, 2026-07-24 14:17:02, 2026-07-24 14:47:11, 2026-07-24 15:02:07", "cumulative_total": 46.0 }, "geometry": { "type": "Polygon", "coordinates": [ [ [ -70.018387342349598, 46.828108462761485 ], [ -70.024678923007258, 46.830981227680638 ], [ -70.024200007980085, 46.836157211264577 ], [ -70.017428267596372, 46.838460327487809 ], [ -70.01113626368037, 46.835587146277042 ], [ -70.011616423360522, 46.830411265200588 ], [ -70.018387342349598, 46.828108462761485 ] ] ] } },
{ "type": "Feature", "properties": { "hex_id": 901848, "centroid_lon": -70.01646866181116, "centroid_lat": 46.848812158316214, "occurrences_today": 11, "datetimes_today": "2026-07-24 12:19:32, 2026-07-24 12:32:06, 2026-07-24 12:46:46, 2026-07-24 12:59:03, 2026-07-24 13:17:09, 2026-07-24 13:33:01, 2026-07-24 13:46:46, 2026-07-24 14:02:07, 2026-07-24 14:17:02, 2026-07-24 14:47:11, 2026-07-24 15:02:07", "cumulative_total": 46.0 }, "geometry": { "type": "Polygon", "coordinates": [ [ [ -70.016948531105726, 46.843636247139905 ], [ -70.023241780186055, 46.84650915303888 ], [ -70.022762467327482, 46.851685111226601 ], [ -70.01598865966676, 46.853988061015372 ], [ -70.009694987023252, 46.851114738599762 ], [ -70.010175545557715, 46.845938882977975 ], [ -70.016948531105726, 46.843636247139905 ] ] ] } },
{ "type": "Feature", "properties": { "hex_id": 902456, "centroid_lon": -70.013535733944934, "centroid_lat": 46.809707656086076, "occurrences_today": 11, "datetimes_today": "2026-07-24 12:19:32, 2026-07-24 12:32:06, 2026-07-24 12:46:46, 2026-07-24 12:59:03, 2026-07-24 13:17:09, 2026-07-24 13:33:01, 2026-07-24 13:46:46, 2026-07-24 14:02:07, 2026-07-24 14:17:02, 2026-07-24 14:47:11, 2026-07-24 15:02:07", "cumulative_total": 46.0 }, "geometry": { "type": "Polygon", "coordinates": [ [ [ -70.014015229786395, 46.804531732611991 ], [ -70.020303900227844, 46.80740463165796 ], [ -70.01982495959723, 46.812580602136855 ], [ -70.013056105427466, 46.814883571083321 ], [ -70.006767012474086, 46.812010256038604 ], [ -70.007247196156541, 46.806834388112037 ], [ -70.014015229786395, 46.804531732611991 ] ] ] } },
{ "type": "Feature", "properties": { "hex_id": 902457, "centroid_lon": -70.012096450181147, "centroid_lat": 46.825235375641924, "occurrences_today": 11, "datetimes_today": "2026-07-24 12:19:32, 2026-07-24 12:32:06, 2026-07-24 12:46:46, 2026-07-24 12:59:03, 2026-07-24 13:17:09, 2026-07-24 13:33:01, 2026-07-24 13:46:46, 2026-07-24 14:02:07, 2026-07-24 14:17:02, 2026-07-24 14:47:11, 2026-07-24 15:02:07", "cumulative_total": 46.0 }, "geometry": { "type": "Polygon", "coordinates": [ [ [ -70.012576344188176, 46.820059477602385 ], [ -70.018866680703908, 46.822932517689956 ], [ -70.018387342349598, 46.828108462761485 ], [ -70.011616423360522, 46.830411265200588 ], [ -70.005325664028646, 46.82753780888946 ], [ -70.005806246456061, 46.822361966428666 ], [ -70.012576344188176, 46.820059477602385 ] ] ] } },
{ "type": "Feature", "properties": { "hex_id": 902458, "centroid_lon": -70.010655971094749, "centroid_lat": 46.840763018869964, "occurrences_today": 11, "datetimes_today": "2026-07-24 12:19:32, 2026-07-24 12:32:06, 2026-07-24 12:46:46, 2026-07-24 12:59:03, 2026-07-24 13:17:09, 2026-07-24 13:33:01, 2026-07-24 13:46:46, 2026-07-24 14:02:07, 2026-07-24 14:17:02, 2026-07-24 14:47:11, 2026-07-24 15:02:07", "cumulative_total": 46.0 }, "geometry": { "type": "Polygon", "coordinates": [ [ [ -70.01113626368037, 46.835587146277042 ], [ -70.017428267596372, 46.838460327487809 ], [ -70.016948531105726, 46.843636247139905 ], [ -70.010175545557715, 46.845938882977975 ], [ -70.003883118521145, 46.843065285318723 ], [ -70.004364100107182, 46.837889468335838 ], [ -70.01113626368037, 46.835587146277042 ] ] ] } },
{ "type": "Feature", "properties": { "hex_id": 902459, "centroid_lon": -70.009214295445375, "centroid_lat": 46.856290585733994, "occurrences_today": 11, "datetimes_today": "2026-07-24 12:19:32, 2026-07-24 12:32:06, 2026-07-24 12:46:46, 2026-07-24 12:59:03, 2026-07-24 13:17:09, 2026-07-24 13:33:01, 2026-07-24 13:46:46, 2026-07-24 14:02:07, 2026-07-24 14:17:02, 2026-07-24 14:47:11, 2026-07-24 15:02:07", "cumulative_total": 46.0 }, "geometry": { "type": "Polygon", "coordinates": [ [ [ -70.009694987023252, 46.851114738599762 ], [ -70.01598865966676, 46.853988061015372 ], [ -70.015508524626554, 46.859163955236042 ], [ -70.008733470778068, 46.861466424379302 ], [ -70.002439374709368, 46.858592685290105 ], [ -70.002920755868303, 46.853416893797217 ], [ -70.009694987023252, 46.851114738599762 ] ] ] } },
{ "type": "Feature", "properties": { "hex_id": 903066, "centroid_lon": -70.007727247015836, "centroid_lat": 46.801658511699536, "occurrences_today": 11, "datetimes_today": "2026-07-24 12:19:32, 2026-07-24 12:32:06, 2026-07-24 12:46:46, 2026-07-24 12:59:03, 2026-07-24 13:17:09, 2026-07-24 13:33:01, 2026-07-24 13:46:46, 2026-07-24 14:02:07, 2026-07-24 14:17:02, 2026-07-24 14:47:11, 2026-07-24 15:02:07", "cumulative_total": 46.0 }, "geometry": { "type": "Polygon", "coordinates": [ [ [ -70.008207165097858, 46.796482626802479 ], [ -70.014494592997679, 46.79935580066239 ], [ -70.014015229786395, 46.804531732611991 ], [ -70.007247196156541, 46.806834388112037 ], [ -70.000959346186207, 46.803960798321413 ], [ -70.001439951870367, 46.798784969027281 ], [ -70.008207165097858, 46.796482626802479 ] ] ] } },
{ "type": "Feature", "properties": { "hex_id": 903067, "centroid_lon": -70.006286695922554, "centroid_lat": 46.817186115477938, "occurrences_today": 11, "datetimes_today": "2026-07-24 12:19:32, 2026-07-24 12:32:06, 2026-07-24 12:46:46, 2026-07-24 12:59:03, 2026-07-24 13:17:09, 2026-07-24 13:33:01, 2026-07-24 13:46:46, 2026-07-24 14:02:07, 2026-07-24 14:17:02, 2026-07-24 14:47:11, 2026-07-24 15:02:07", "cumulative_total": 46.0 }, "geometry": { "type": "Polygon", "coordinates": [ [ [ -70.006767012474086, 46.812010256038604 ], [ -70.013056105427466, 46.814883571083321 ], [ -70.012576344188176, 46.820059477602385 ], [ -70.005806246456061, 46.822361966428666 ], [ -69.999516731128395, 46.819488235228476 ], [ -69.999997735861186, 46.814312431423339 ], [ -70.006767012474086, 46.812010256038604 ] ] ] } },
{ "type": "Feature", "properties": { "hex_id": 903068, "centroid_lon": -70.004844948594339, "centroid_lat": 46.83271364285897, "occurrences_today": 11, "datetimes_today": "2026-07-24 12:19:32, 2026-07-24 12:32:06, 2026-07-24 12:46:46, 2026-07-24 12:59:03, 2026-07-24 13:17:09, 2026-07-24 13:33:01, 2026-07-24 13:46:46, 2026-07-24 14:02:07, 2026-07-24 14:17:02, 2026-07-24 14:47:11, 2026-07-24 15:02:07", "cumulative_total": 46.0 }, "geometry": { "type": "Polygon", "coordinates": [ [ [ -70.005325664028646, 46.82753780888946 ], [ -70.011616423360522, 46.830411265200588 ], [ -70.01113626368037, 46.835587146277042 ], [ -70.004364100107182, 46.837889468335838 ], [ -69.998072918097023, 46.835015595644322 ], [ -69.998554322292335, 46.829839817340307 ], [ -70.005325664028646, 46.82753780888946 ] ] ] } },
{ "type": "Feature", "properties": { "hex_id": 903069, "centroid_lon": -70.003402003790185, "centroid_lat": 46.848241093806294, "occurrences_today": 11, "datetimes_today": "2026-07-24 12:19:32, 2026-07-24 12:32:06, 2026-07-24 12:46:46, 2026-07-24 12:59:03, 2026-07-24 13:17:09, 2026-07-24 13:33:01, 2026-07-24 13:46:46, 2026-07-24 14:02:07, 2026-07-24 14:17:02, 2026-07-24 14:47:11, 2026-07-24 15:02:07", "cumulative_total": 46.0 }, "geometry": { "type": "Polygon", "coordinates": [ [ [ -70.003883118521145, 46.843065285318723 ], [ -70.010175545557715, 46.845938882977975 ], [ -70.009694987023252, 46.851114738599762 ], [ -70.002920755868303, 46.853416893797217 ], [ -69.996627905849223, 46.850542879532526 ], [ -69.99710970992156, 46.84536712674177 ], [ -70.003883118521145, 46.843065285318723 ] ] ] } },
{ "type": "Feature", "properties": { "hex_id": 903677, "centroid_lon": -70.000478607531804, "centroid_lat": 46.809136619120537, "occurrences_today": 11, "datetimes_today": "2026-07-24 12:19:32, 2026-07-24 12:32:06, 2026-07-24 12:46:46, 2026-07-24 12:59:03, 2026-07-24 13:17:09, 2026-07-24 13:33:01, 2026-07-24 13:46:46, 2026-07-24 14:02:07, 2026-07-24 14:17:02, 2026-07-24 14:47:11, 2026-07-24 15:02:07", "cumulative_total": 46.0 }, "geometry": { "type": "Polygon", "coordinates": [ [ [ -70.000959346186207, 46.803960798321413 ], [ -70.007247196156541, 46.806834388112037 ], [ -70.006767012474086, 46.812010256038604 ], [ -69.999997735861186, 46.814312431423339 ], [ -69.993709463958083, 46.811438425545312 ], [ -69.994190890554705, 46.806262660435799 ], [ -70.000959346186207, 46.803960798321413 ] ] ] } },
{ "type": "Feature", "properties": { "hex_id": 903678, "centroid_lon": -69.999035593287445, "centroid_lat": 46.824664030534578, "occurrences_today": 11, "datetimes_today": "2026-07-24 12:19:32, 2026-07-24 12:32:06, 2026-07-24 12:46:46, 2026-07-24 12:59:03, 2026-07-24 13:17:09, 2026-07-24 13:33:01, 2026-07-24 13:46:46, 2026-07-24 14:02:07, 2026-07-24 14:17:02, 2026-07-24 14:47:11, 2026-07-24 15:02:07", "cumulative_total": 46.0 }, "geometry": { "type": "Polygon", "coordinates": [ [ [ -69.999516731128395, 46.819488235228476 ], [ -70.005806246456061, 46.822361966428666 ], [ -70.005325664028646, 46.82753780888946 ], [ -69.998554322292335, 46.829839817340307 ], [ -69.992264384728315, 46.826965669827885 ], [ -69.992746211090946, 46.821789930242701 ], [ -69.999516731128395, 46.819488235228476 ] ] ] } },
{ "type": "Feature", "properties": { "hex_id": 903679, "centroid_lon": -69.99759138065545, "centroid_lat": 46.840191365445257, "occurrences_today": 11, "datetimes_today": "2026-07-24 12:19:32, 2026-07-24 12:32:06, 2026-07-24 12:46:46, 2026-07-24 12:59:03, 2026-07-24 13:17:09, 2026-07-24 13:33:01, 2026-07-24 13:46:46, 2026-07-24 14:02:07, 2026-07-24 14:17:02, 2026-07-24 14:47:11, 2026-07-24 15:02:07", "cumulative_total": 46.0 }, "geometry": { "type": "Polygon", "coordinates": [ [ [ -69.998072918097023, 46.835015595644322 ], [ -70.004364100107182, 46.837889468335838 ], [ -70.003883118521145, 46.843065285318723 ], [ -69.99710970992156, 46.84536712674177 ], [ -69.990818105371247, 46.842492837513049 ], [ -69.991300331914587, 46.837317123464402 ], [ -69.998072918097023, 46.835015595644322 ] ] ] } },
{ "type": "Feature", "properties": { "hex_id": 903680, "centroid_lon": -69.996145968392355, "centroid_lat": 46.855718623816173, "occurrences_today": 11, "datetimes_today": "2026-07-24 12:19:32, 2026-07-24 12:32:06, 2026-07-24 12:46:46, 2026-07-24 12:59:03, 2026-07-24 13:17:09, 2026-07-24 13:33:01, 2026-07-24 13:46:46, 2026-07-24 14:02:07, 2026-07-24 14:17:02, 2026-07-24 14:47:11, 2026-07-24 15:02:07", "cumulative_total": 46.0 }, "geometry": { "type": "Polygon", "coordinates": [ [ [ -69.996627905849223, 46.850542879532526 ], [ -70.002920755868303, 46.853416893797217 ], [ -70.002439374709368, 46.858592685290105 ], [ -69.995663897504784, 46.860894359591342 ], [ -69.989370624641538, 46.858019928564318 ], [ -69.9898532517809, 46.852844240064364 ], [ -69.996627905849223, 46.850542879532526 ] ] ] } },
{ "type": "Feature", "properties": { "hex_id": 904288, "centroid_lon": -69.993227904152178, "centroid_lat": 46.816614182148079, "occurrences_today": 11, "datetimes_today": "2026-07-24 12:19:32, 2026-07-24 12:32:06, 2026-07-24 12:46:46, 2026-07-24 12:59:03, 2026-07-24 13:17:09, 2026-07-24 13:33:01, 2026-07-24 13:46:46, 2026-07-24 14:02:07, 2026-07-24 14:17:02, 2026-07-24 14:47:11, 2026-07-24 15:02:07", "cumulative_total": 46.0 }, "geometry": { "type": "Polygon", "coordinates": [ [ [ -69.993709463958083, 46.811438425545312 ], [ -69.999997735861186, 46.814312431423339 ], [ -69.999516731128395, 46.819488235228476 ], [ -69.992746211090946, 46.821789930242701 ], [ -69.986457517393077, 46.818915508120583 ], [ -69.986939765481395, 46.813739807294169 ], [ -69.993709463958083, 46.811438425545312 ] ] ] } },
{ "type": "Feature", "properties": { "hex_id": 904289, "centroid_lon": -69.991782425018243, "centroid_lat": 46.832141400902223, "occurrences_today": 11, "datetimes_today": "2026-07-24 12:19:32, 2026-07-24 12:32:06, 2026-07-24 12:46:46, 2026-07-24 12:59:03, 2026-07-24 13:17:09, 2026-07-24 13:33:01, 2026-07-24 13:46:46, 2026-07-24 14:02:07, 2026-07-24 14:17:02, 2026-07-24 14:47:11, 2026-07-24 15:02:07", "cumulative_total": 46.0 }, "geometry": { "type": "Polygon", "coordinates": [ [ [ -69.992264384728315, 46.826965669827885 ], [ -69.998554322292335, 46.829839817340307 ], [ -69.998072918097023, 46.835015595644322 ], [ -69.991300331914587, 46.837317123464402 ], [ -69.985009972252413, 46.834442559482937 ], [ -69.985492620824729, 46.829266884216317 ], [ -69.992264384728315, 46.826965669827885 ] ] ] } },
{ "type": "Feature", "properties": { "hex_id": 904290, "centroid_lon": -69.99033574534208, "centroid_lat": 46.847668543046829, "occurrences_today": 11, "datetimes_today": "2026-07-24 12:19:32, 2026-07-24 12:32:06, 2026-07-24 12:46:46, 2026-07-24 12:59:03, 2026-07-24 13:17:09, 2026-07-24 13:33:01, 2026-07-24 13:46:46, 2026-07-24 14:02:07, 2026-07-24 14:17:02, 2026-07-24 14:47:11, 2026-07-24 15:02:07", "cumulative_total": 46.0 }, "geometry": { "type": "Polygon", "coordinates": [ [ [ -69.990818105371247, 46.842492837513049 ], [ -69.99710970992156, 46.84536712674177 ], [ -69.996627905849223, 46.850542879532526 ], [ -69.9898532517809, 46.852844240064364 ], [ -69.983561224828833, 46.849969534141529 ], [ -69.984044274300672, 46.844793884446894 ], [ -69.990818105371247, 46.842492837513049 ] ] ] } },
{ "type": "Feature", "properties": { "hex_id": 904291, "centroid_lon": -69.988887863877764, "centroid_lat": 46.863195608545333, "occurrences_today": 11, "datetimes_today": "2026-07-24 12:19:32, 2026-07-24 12:32:06, 2026-07-24 12:46:46, 2026-07-24 12:59:03, 2026-07-24 13:17:09, 2026-07-24 13:33:01, 2026-07-24 13:46:46, 2026-07-24 14:02:07, 2026-07-24 14:17:02, 2026-07-24 14:47:11, 2026-07-24 15:02:07", "cumulative_total": 46.0 }, "geometry": { "type": "Polygon", "coordinates": [ [ [ -69.989370624641538, 46.858019928564318 ], [ -69.995663897504784, 46.860894359591342 ], [ -69.995181693140353, 46.866070086856695 ], [ -69.988404969443366, 46.868371280006066 ], [ -69.982111273874551, 46.86549643205975 ], [ -69.98259472466205, 46.860320807949314 ], [ -69.989370624641538, 46.858019928564318 ] ] ] } },
{ "type": "Feature", "properties": { "hex_id": 904898, "centroid_lon": -69.987421880167275, "centroid_lat": 46.808564097950537, "occurrences_today": 11, "datetimes_today": "2026-07-24 12:19:32, 2026-07-24 12:32:06, 2026-07-24 12:46:46, 2026-07-24 12:59:03, 2026-07-24 13:17:09, 2026-07-24 13:33:01, 2026-07-24 13:46:46, 2026-07-24 14:02:07, 2026-07-24 14:17:02, 2026-07-24 14:47:11, 2026-07-24 15:02:07", "cumulative_total": 46.0 }, "geometry": { "type": "Polygon", "coordinates": [ [ [ -69.987903861496804, 46.803388380091057 ], [ -69.994190890554705, 46.806262660435799 ], [ -69.993709463958083, 46.811438425545312 ], [ -69.986939765481395, 46.813739807294169 ], [ -69.98065231506996, 46.810865110773484 ], [ -69.981134984442676, 46.805689448745717 ], [ -69.987903861496804, 46.803388380091057 ] ] ] } },
{ "type": "Feature", "properties": { "hex_id": 904899, "centroid_lon": -69.985975135856236, "centroid_lat": 46.82409120042842, "occurrences_today": 11, "datetimes_today": "2026-07-24 12:19:32, 2026-07-24 12:32:06, 2026-07-24 12:46:46, 2026-07-24 12:59:03, 2026-07-24 13:17:09, 2026-07-24 13:33:01, 2026-07-24 13:46:46, 2026-07-24 14:02:07, 2026-07-24 14:17:02, 2026-07-24 14:47:11, 2026-07-24 15:02:07", "cumulative_total": 46.0 }, "geometry": { "type": "Polygon", "coordinates": [ [ [ -69.986457517393077, 46.818915508120583 ], [ -69.992746211090946, 46.821789930242701 ], [ -69.992264384728315, 46.826965669827885 ], [ -69.985492620824729, 46.829266884216317 ], [ -69.979203505470366, 46.826392045693382 ], [ -69.979686575629955, 46.82121640924867 ], [ -69.986457517393077, 46.818915508120583 ] ] ] } },
{ "type": "Feature", "properties": { "hex_id": 904900, "centroid_lon": -69.984527190093132, "centroid_lat": 46.839618226226925, "occurrences_today": 11, "datetimes_today": "2026-07-24 12:19:32, 2026-07-24 12:32:06, 2026-07-24 12:46:46, 2026-07-24 12:59:03, 2026-07-24 13:17:09, 2026-07-24 13:33:01, 2026-07-24 13:46:46, 2026-07-24 14:02:07, 2026-07-24 14:17:02, 2026-07-24 14:47:11, 2026-07-24 15:02:07", "cumulative_total": 46.0 }, "geometry": { "type": "Polygon", "coordinates": [ [ [ -69.985009972252413, 46.834442559482937 ], [ -69.991300331914587, 46.837317123464402 ], [ -69.990818105371247, 46.842492837513049 ], [ -69.984044274300672, 46.844793884446894 ], [ -69.977753492678829, 46.841918903839627 ], [ -69.978236964041031, 46.836743292990221 ], [ -69.985009972252413, 46.834442559482937 ] ] ] } },
{ "type": "Feature", "properties": { "hex_id": 904901, "centroid_lon": -69.983078041631387, "centroid_lat": 46.85514517530946, "occurrences_today": 11, "datetimes_today": "2026-07-24 12:19:32, 2026-07-24 12:32:06, 2026-07-24 12:46:46, 2026-07-24 12:59:03, 2026-07-24 13:17:09, 2026-07-24 13:33:01, 2026-07-24 13:46:46, 2026-07-24 14:02:07, 2026-07-24 14:17:02, 2026-07-24 14:47:11, 2026-07-24 15:02:07", "cumulative_total": 46.0 }, "geometry": { "type": "Polygon", "coordinates": [ [ [ -69.983561224828833, 46.849969534141529 ], [ -69.9898532517809, 46.852844240064364 ], [ -69.989370624641538, 46.858019928564318 ], [ -69.98259472466205, 46.860320807949314 ], [ -69.976302275446912, 46.857445685175527 ], [ -69.976786148428062, 46.852270099933648 ], [ -69.983561224828833, 46.849969534141529 ] ] ] } },
{ "type": "Feature", "properties": { "hex_id": 904902, "centroid_lon": -69.981627689222577, "centroid_lat": 46.870672047639388, "occurrences_today": 11, "datetimes_today": "2026-07-24 12:19:32, 2026-07-24 12:32:06, 2026-07-24 12:46:46, 2026-07-24 12:59:03, 2026-07-24 13:17:09, 2026-07-24 13:33:01, 2026-07-24 13:46:46, 2026-07-24 14:02:07, 2026-07-24 14:17:02, 2026-07-24 14:47:11, 2026-07-24 15:02:07", "cumulative_total": 46.0 }, "geometry": { "type": "Polygon", "coordinates": [ [ [ -69.982111273874551, 46.86549643205975 ], [ -69.988404969443366, 46.868371280006066 ], [ -69.987921941292058, 46.873546942945154 ], [ -69.981143970659829, 46.875847654686893 ], [ -69.974849852524315, 46.872972389664312 ], [ -69.975334127541387, 46.867796830042224 ], [ -69.982111273874551, 46.86549643205975 ] ] ] } },
{ "type": "Feature", "properties": { "hex_id": 905509, "centroid_lon": -69.980169512147768, "centroid_lat": 46.816040764274923, "occurrences_today": 11, "datetimes_today": "2026-07-24 12:19:32, 2026-07-24 12:32:06, 2026-07-24 12:46:46, 2026-07-24 12:59:03, 2026-07-24 13:17:09, 2026-07-24 13:33:01, 2026-07-24 13:46:46, 2026-07-24 14:02:07, 2026-07-24 14:17:02, 2026-07-24 14:47:11, 2026-07-24 15:02:07", "cumulative_total": 46.0 }, "geometry": { "type": "Polygon", "coordinates": [ [ [ -69.98065231506996, 46.810865110773484 ], [ -69.986939765481395, 46.813739807294169 ], [ -69.986457517393077, 46.818915508120583 ], [ -69.979686575629955, 46.82121640924867 ], [ -69.97339870400333, 46.818341296395417 ], [ -69.97388219530886, 46.813165698812469 ], [ -69.98065231506996, 46.810865110773484 ] ] ] } },
{ "type": "Feature", "properties": { "hex_id": 905510, "centroid_lon": -69.978720301622801, "centroid_lat": 46.831567673607694, "occurrences_today": 11, "datetimes_today": "2026-07-24 12:19:32, 2026-07-24 12:32:06, 2026-07-24 12:46:46, 2026-07-24 12:59:03, 2026-07-24 13:17:09, 2026-07-24 13:33:01, 2026-07-24 13:46:46, 2026-07-24 14:02:07, 2026-07-24 14:17:02, 2026-07-24 14:47:11, 2026-07-24 15:02:07", "cumulative_total": 46.0 }, "geometry": { "type": "Polygon", "coordinates": [ [ [ -69.979203505470366, 46.826392045693382 ], [ -69.985492620824729, 46.829266884216317 ], [ -69.985009972252413, 46.834442559482937 ], [ -69.978236964041031, 46.836743292990221 ], [ -69.971947427168729, 46.833868037909745 ], [ -69.97243131997952, 46.828692465945409 ], [ -69.979203505470366, 46.826392045693382 ] ] ] } },
{ "type": "Feature", "properties": { "hex_id": 905511, "centroid_lon": -69.977269887489925, "centroid_lat": 46.847094506154562, "occurrences_today": 11, "datetimes_today": "2026-07-24 12:19:32, 2026-07-24 12:32:06, 2026-07-24 12:46:46, 2026-07-24 12:59:03, 2026-07-24 13:17:09, 2026-07-24 13:33:01, 2026-07-24 13:46:46, 2026-07-24 14:02:07, 2026-07-24 14:17:02, 2026-07-24 14:47:11, 2026-07-24 15:02:07", "cumulative_total": 46.0 }, "geometry": { "type": "Polygon", "coordinates": [ [ [ -69.977753492678829, 46.841918903839627 ], [ -69.984044274300672, 46.844793884446894 ], [ -69.983561224828833, 46.849969534141529 ], [ -69.976786148428062, 46.852270099933648 ], [ -69.970494944985276, 46.849394702543734 ], [ -69.97097923971792, 46.844219156210258 ], [ -69.977753492678829, 46.841918903839627 ] ] ] } },
{ "type": "Feature", "properties": { "hex_id": 905512, "centroid_lon": -69.97581826850012, "centroid_lat": 46.862621261878829, "occurrences_today": 11, "datetimes_today": "2026-07-24 12:19:32, 2026-07-24 12:32:06, 2026-07-24 12:46:46, 2026-07-24 12:59:03, 2026-07-24 13:17:09, 2026-07-24 13:33:01, 2026-07-24 13:46:46, 2026-07-24 14:02:07, 2026-07-24 14:17:02, 2026-07-24 14:47:11, 2026-07-24 15:02:07", "cumulative_total": 46.0 }, "geometry": { "type": "Polygon", "coordinates": [ [ [ -69.976302275446912, 46.857445685175527 ], [ -69.98259472466205, 46.860320807949314 ], [ -69.982111273874551, 46.86549643205975 ], [ -69.975334127541387, 46.867796830042224 ], [ -69.969041256202118, 46.864921290260561 ], [ -69.969525953273759, 46.859745769570239 ], [ -69.976302275446912, 46.857445685175527 ] ] ] } },
{ "type": "Feature", "properties": { "hex_id": 906119, "centroid_lon": -69.974365552871774, "centroid_lat": 46.807990092692719, "occurrences_today": 11, "datetimes_today": "2026-07-24 12:19:32, 2026-07-24 12:32:06, 2026-07-24 12:46:46, 2026-07-24 12:59:03, 2026-07-24 13:17:09, 2026-07-24 13:33:01, 2026-07-24 13:46:46, 2026-07-24 14:02:07, 2026-07-24 14:17:02, 2026-07-24 14:47:11, 2026-07-24 15:02:07", "cumulative_total": 46.0 }, "geometry": { "type": "Polygon", "coordinates": [ [ [ -69.974848776738241, 46.802814478037533 ], [ -69.981134984442676, 46.805689448745717 ], [ -69.98065231506996, 46.810865110773484 ], [ -69.97388219530886, 46.813165698812469 ], [ -69.967595566830198, 46.810290311839935 ], [ -69.968079478840664, 46.805114753158584 ], [ -69.974848776738241, 46.802814478037533 ] ] ] } },
{ "type": "Feature", "properties": { "hex_id": 906120, "centroid_lon": -69.972915078908969, "centroid_lat": 46.823516885440185, "occurrences_today": 11, "datetimes_today": "2026-07-24 12:19:32, 2026-07-24 12:32:06, 2026-07-24 12:46:46, 2026-07-24 12:59:03, 2026-07-24 13:17:09, 2026-07-24 13:33:01, 2026-07-24 13:46:46, 2026-07-24 14:02:07, 2026-07-24 14:17:02, 2026-07-24 14:47:11, 2026-07-24 15:02:07", "cumulative_total": 46.0 }, "geometry": { "type": "Polygon", "coordinates": [ [ [ -69.97339870400333, 46.818341296395417 ], [ -69.979686575629955, 46.82121640924867 ], [ -69.979203505470366, 46.826392045693382 ], [ -69.97243131997952, 46.828692465945409 ], [ -69.966143027276331, 46.825816936602898 ], [ -69.966627341094309, 46.820641403563464 ], [ -69.97339870400333, 46.818341296395417 ] ] ] } },
{ "type": "Feature", "properties": { "hex_id": 906121, "centroid_lon": -69.971463400430295, "centroid_lat": 46.839043601331817, "occurrences_today": 11, "datetimes_today": "2026-07-24 12:19:32, 2026-07-24 12:32:06, 2026-07-24 12:46:46, 2026-07-24 12:59:03, 2026-07-24 13:17:09, 2026-07-24 13:33:01, 2026-07-24 13:46:46, 2026-07-24 14:02:07, 2026-07-24 14:17:02, 2026-07-24 14:47:11, 2026-07-24 15:02:07", "cumulative_total": 46.0 }, "geometry": { "type": "Polygon", "coordinates": [ [ [ -69.971947427168729, 46.833868037909745 ], [ -69.978236964041031, 46.836743292990221 ], [ -69.977753492678829, 46.841918903839627 ], [ -69.97097923971792, 46.844219156210258 ], [ -69.964689281466491, 46.841343484415503 ], [ -69.965173997508757, 46.836167977030293 ], [ -69.971947427168729, 46.833868037909745 ] ] ] } },
{ "type": "Feature", "properties": { "hex_id": 906122, "centroid_lon": -69.970010516186022, "centroid_lat": 46.854570240330844, "occurrences_today": 11, "datetimes_today": "2026-07-24 12:19:32, 2026-07-24 12:32:06, 2026-07-24 12:46:46, 2026-07-24 12:59:03, 2026-07-24 13:17:09, 2026-07-24 13:33:01, 2026-07-24 13:46:46, 2026-07-24 14:02:07, 2026-07-24 14:17:02, 2026-07-24 14:47:11, 2026-07-24 15:02:07", "cumulative_total": 46.0 }, "geometry": { "type": "Polygon", "coordinates": [ [ [ -69.970494944985276, 46.849394702543734 ], [ -69.976786148428062, 46.852270099933648 ], [ -69.976302275446912, 46.857445685175527 ], [ -69.969525953273759, 46.859745769570239 ], [ -69.963234328149085, 46.856869955240867 ], [ -69.963719446833053, 46.85169447352218 ], [ -69.970494944985276, 46.849394702543734 ] ] ] } },
{ "type": "Feature", "properties": { "hex_id": 906123, "centroid_lon": -69.968556424924643, "centroid_lat": 46.870096802400425, "occurrences_today": 11, "datetimes_today": "2026-07-24 12:19:32, 2026-07-24 12:32:06, 2026-07-24 12:46:46, 2026-07-24 12:59:03, 2026-07-24 13:17:09, 2026-07-24 13:33:01, 2026-07-24 13:46:46, 2026-07-24 14:02:07, 2026-07-24 14:17:02, 2026-07-24 14:47:11, 2026-07-24 15:02:07", "cumulative_total": 46.0 }, "geometry": { "type": "Polygon", "coordinates": [ [ [ -69.969041256202118, 46.864921290260561 ], [ -69.975334127541387, 46.867796830042224 ], [ -69.974849852524315, 46.872972389664312 ], [ -69.96807145939492, 46.875272305988474 ], [ -69.961778166070729, 46.872396349042042 ], [ -69.962263687814399, 46.86722089300217 ], [ -69.969041256202118, 46.864921290260561 ] ] ] } },
{ "type": "Feature", "properties": { "hex_id": 906730, "centroid_lon": -69.96711152093016, "centroid_lat": 46.815465861975362, "occurrences_today": 11, "datetimes_today": "2026-07-24 12:19:32, 2026-07-24 12:32:06, 2026-07-24 12:46:46, 2026-07-24 12:59:03, 2026-07-24 13:17:09, 2026-07-24 13:33:01, 2026-07-24 13:46:46, 2026-07-24 14:02:07, 2026-07-24 14:17:02, 2026-07-24 14:47:11, 2026-07-24 15:02:07", "cumulative_total": 46.0 }, "geometry": { "type": "Polygon", "coordinates": [ [ [ -69.967595566830198, 46.810290311839935 ], [ -69.97388219530886, 46.813165698812469 ], [ -69.97339870400333, 46.818341296395417 ], [ -69.966627341094309, 46.820641403563464 ], [ -69.960340291980103, 46.817765600169999 ], [ -69.960825026364191, 46.812590106095243 ], [ -69.967595566830198, 46.810290311839935 ] ] ] } },
{ "type": "Feature", "properties": { "hex_id": 906731, "centroid_lon": -69.965658579429927, "centroid_lat": 46.830992461092315, "occurrences_today": 11, "datetimes_today": "2026-07-24 12:19:32, 2026-07-24 12:32:06, 2026-07-24 12:46:46, 2026-07-24 12:59:03, 2026-07-24 13:17:09, 2026-07-24 13:33:01, 2026-07-24 13:46:46, 2026-07-24 14:02:07, 2026-07-24 14:17:02, 2026-07-24 14:47:11, 2026-07-24 15:02:07", "cumulative_total": 46.0 }, "geometry": { "type": "Polygon", "coordinates": [ [ [ -69.966143027276331, 46.825816936602898 ], [ -69.97243131997952, 46.828692465945409 ], [ -69.971947427168729, 46.833868037909745 ], [ -69.965173997508757, 46.836167977030293 ], [ -69.958885283867914, 46.833292031041864 ], [ -69.959370420778328, 46.828116562644681 ], [ -69.966143027276331, 46.825816936602898 ] ] ] } },
{ "type": "Feature", "properties": { "hex_id": 906732, "centroid_lon": -69.964204431256704, "centroid_lat": 46.846518983246604, "occurrences_today": 11, "datetimes_today": "2026-07-24 12:19:32, 2026-07-24 12:32:06, 2026-07-24 12:46:46, 2026-07-24 12:59:03, 2026-07-24 13:17:09, 2026-07-24 13:33:01, 2026-07-24 13:46:46, 2026-07-24 14:02:07, 2026-07-24 14:17:02, 2026-07-24 14:47:11, 2026-07-24 15:02:07", "cumulative_total": 46.0 }, "geometry": { "type": "Polygon", "coordinates": [ [ [ -69.964689281466491, 46.841343484415503 ], [ -69.97097923971792, 46.844219156210258 ], [ -69.970494944985276, 46.849394702543734 ], [ -69.963719446833053, 46.85169447352218 ], [ -69.957429067341579, 46.848818384856365 ], [ -69.95791460719596, 46.843642942149081 ], [ -69.964689281466491, 46.841343484415503 ] ] ] } },
{ "type": "Feature", "properties": { "hex_id": 906733, "centroid_lon": -69.962749075158357, "centroid_lat": 46.862045428401323, "occurrences_today": 11, "datetimes_today": "2026-07-24 12:19:32, 2026-07-24 12:32:06, 2026-07-24 12:46:46, 2026-07-24 12:59:03, 2026-07-24 13:17:09, 2026-07-24 13:33:01, 2026-07-24 13:46:46, 2026-07-24 14:02:07, 2026-07-24 14:17:02, 2026-07-24 14:47:11, 2026-07-24 15:02:07", "cumulative_total": 46.0 }, "geometry": { "type": "Polygon", "coordinates": [ [ [ -69.963234328149085, 46.856869955240867 ], [ -69.969525953273759, 46.859745769570239 ], [ -69.969041256202118, 46.864921290260561 ], [ -69.962263687814399, 46.86722089300217 ], [ -69.955971641147102, 46.864344661576496 ], [ -69.956457584363648, 46.859169244571454 ], [ -69.963234328149085, 46.856869955240867 ] ] ] } },
{ "type": "Feature", "properties": { "hex_id": 906734, "centroid_lon": -69.961292509880849, "centroid_lat": 46.877571796519547, "occurrences_today": 11, "datetimes_today": "2026-07-24 12:19:32, 2026-07-24 12:32:06, 2026-07-24 12:46:46, 2026-07-24 12:59:03, 2026-07-24 13:17:09, 2026-07-24 13:33:01, 2026-07-24 13:46:46, 2026-07-24 14:02:07, 2026-07-24 14:17:02, 2026-07-24 14:47:11, 2026-07-24 15:02:07", "cumulative_total": 46.0 }, "geometry": { "type": "Polygon", "coordinates": [ [ [ -69.961778166070729, 46.872396349042042 ], [ -69.96807145939492, 46.875272305988474 ], [ -69.967586359566482, 46.880447801023344 ], [ -69.960806719198217, 46.882747235433321 ], [ -69.954513004028612, 46.879870861165159 ], [ -69.954999351026146, 46.874695469874744 ], [ -69.961778166070729, 46.872396349042042 ] ] ] } },
{ "type": "Feature", "properties": { "hex_id": 907340, "centroid_lon": -69.961309626665525, "centroid_lat": 46.807414603464032, "occurrences_today": 11, "datetimes_today": "2026-07-24 12:19:32, 2026-07-24 12:32:06, 2026-07-24 12:46:46, 2026-07-24 12:59:03, 2026-07-24 13:17:09, 2026-07-24 13:33:01, 2026-07-24 13:46:46, 2026-07-24 14:02:07, 2026-07-24 14:17:02, 2026-07-24 14:47:11, 2026-07-24 15:02:07", "cumulative_total": 46.0 }, "geometry": { "type": "Polygon", "coordinates": [ [ [ -69.961794092930418, 46.802239092277759 ], [ -69.968079478840664, 46.805114753158584 ], [ -69.967595566830198, 46.810290311839935 ], [ -69.960825026364191, 46.812590106095243 ], [ -69.954539220259107, 46.809714028861798 ], [ -69.955024374768584, 46.804538573791483 ], [ -69.961794092930418, 46.802239092277759 ] ] ] } },
{ "type": "Feature", "properties": { "hex_id": 907341, "centroid_lon": -69.959855423466934, "centroid_lat": 46.822941085686935, "occurrences_today": 11, "datetimes_today": "2026-07-24 12:19:32, 2026-07-24 12:32:06, 2026-07-24 12:46:46, 2026-07-24 12:59:03, 2026-07-24 13:17:09, 2026-07-24 13:33:01, 2026-07-24 13:46:46, 2026-07-24 14:02:07, 2026-07-24 14:17:02, 2026-07-24 14:47:11, 2026-07-24 15:02:07", "cumulative_total": 46.0 }, "geometry": { "type": "Polygon", "coordinates": [ [ [ -69.960340291980103, 46.817765600169999 ], [ -69.966627341094309, 46.820641403563464 ], [ -69.966143027276331, 46.825816936602898 ], [ -69.959370420778328, 46.828116562644681 ], [ -69.953082951167559, 46.825240342673666 ], [ -69.953568508505001, 46.820064913304272 ], [ -69.960340291980103, 46.817765600169999 ] ] ] } },
{ "type": "Feature", "properties": { "hex_id": 907342, "centroid_lon": -69.958400012689253, "centroid_lat": 46.838467490877129, "occurrences_today": 11, "datetimes_today": "2026-07-24 12:19:32, 2026-07-24 12:32:06, 2026-07-24 12:46:46, 2026-07-24 12:59:03, 2026-07-24 13:17:09, 2026-07-24 13:33:01, 2026-07-24 13:46:46, 2026-07-24 14:02:07, 2026-07-24 14:17:02, 2026-07-24 14:47:11, 2026-07-24 15:02:07", "cumulative_total": 46.0 }, "geometry": { "type": "Polygon", "coordinates": [ [ [ -69.958885283867914, 46.833292031041864 ], [ -69.965173997508757, 46.836167977030293 ], [ -69.964689281466491, 46.841343484415503 ], [ -69.95791460719596, 46.843642942149081 ], [ -69.951625472756589, 46.840766579358046 ], [ -69.952111433339809, 46.835591175701936 ], [ -69.958885283867914, 46.833292031041864 ] ] ] } },
{ "type": "Feature", "properties": { "hex_id": 907343, "centroid_lon": -69.956943393079641, "centroid_lat": 46.853993818997623, "occurrences_today": 11, "datetimes_today": "2026-07-24 12:19:32, 2026-07-24 12:32:06, 2026-07-24 12:46:46, 2026-07-24 12:59:03, 2026-07-24 13:17:09, 2026-07-24 13:33:01, 2026-07-24 13:46:46, 2026-07-24 14:02:07, 2026-07-24 14:17:02, 2026-07-24 14:47:11, 2026-07-24 15:02:07", "cumulative_total": 46.0 }, "geometry": { "type": "Polygon", "coordinates": [ [ [ -69.957429067341579, 46.848818384856365 ], [ -69.963719446833053, 46.85169447352218 ], [ -69.963234328149085, 46.856869955240867 ], [ -69.956457584363648, 46.859169244571454 ], [ -69.950166783771508, 46.856292738877833 ], [ -69.950653148018958, 46.851117360947384 ], [ -69.957429067341579, 46.848818384856365 ] ] ] } },
{ "type": "Feature", "properties": { "hex_id": 907344, "centroid_lon": -69.955485563383448, "centroid_lat": 46.86952007001139, "occurrences_today": 11, "datetimes_today": "2026-07-24 12:19:32, 2026-07-24 12:32:06, 2026-07-24 12:46:46, 2026-07-24 12:59:03, 2026-07-24 13:17:09, 2026-07-24 13:33:01, 2026-07-24 13:46:46, 2026-07-24 14:02:07, 2026-07-24 14:17:02, 2026-07-24 14:47:11, 2026-07-24 15:02:07", "cumulative_total": 46.0 }, "geometry": { "type": "Polygon", "coordinates": [ [ [ -69.955971641147102, 46.864344661576496 ], [ -69.962263687814399, 46.86722089300217 ], [ -69.961778166070729, 46.872396349042042 ], [ -69.954999351026146, 46.874695469874744 ], [ -69.948706882955804, 46.871818821195887 ], [ -69.949193651286521, 46.866643469003471 ], [ -69.955971641147102, 46.864344661576496 ] ] ] } },
{ "type": "Feature", "properties": { "hex_id": 907951, "centroid_lon": -69.954053931520036, "centroid_lat": 46.814889475366527, "occurrences_today": 11, "datetimes_today": "2026-07-24 12:19:32, 2026-07-24 12:32:06, 2026-07-24 12:46:46, 2026-07-24 12:59:03, 2026-07-24 13:17:09, 2026-07-24 13:33:01, 2026-07-24 13:46:46, 2026-07-24 14:02:07, 2026-07-24 14:17:02, 2026-07-24 14:47:11, 2026-07-24 15:02:07", "cumulative_total": 46.0 }, "geometry": { "type": "Polygon", "coordinates": [ [ [ -69.954539220259107, 46.809714028861798 ], [ -69.960825026364191, 46.812590106095243 ], [ -69.960340291980103, 46.817765600169999 ], [ -69.953568508505001, 46.820064913304272 ], [ -69.947282282344105, 46.81718841956166 ], [ -69.947768259667754, 46.812013029259759 ], [ -69.954539220259107, 46.809714028861798 ] ] ] } },
{ "type": "Feature", "properties": { "hex_id": 907952, "centroid_lon": -69.952597259461314, "centroid_lat": 46.830415763473354, "occurrences_today": 11, "datetimes_today": "2026-07-24 12:19:32, 2026-07-24 12:32:06, 2026-07-24 12:46:46, 2026-07-24 12:59:03, 2026-07-24 13:17:09, 2026-07-24 13:33:01, 2026-07-24 13:46:46, 2026-07-24 14:02:07, 2026-07-24 14:17:02, 2026-07-24 14:47:11, 2026-07-24 15:02:07", "cumulative_total": 46.0 }, "geometry": { "type": "Polygon", "coordinates": [ [ [ -69.953082951167559, 46.825240342673666 ], [ -69.959370420778328, 46.828116562644681 ], [ -69.958885283867914, 46.833292031041864 ], [ -69.952111433339809, 46.835591175701936 ], [ -69.945823543371716, 46.832714538996761 ], [ -69.94630992424257, 46.827539174431536 ], [ -69.953082951167559, 46.825240342673666 ] ] ] } },
{ "type": "Feature", "properties": { "hex_id": 907953, "centroid_lon": -69.951139377665143, "centroid_lat": 46.845941974440336, "occurrences_today": 11, "datetimes_today": "2026-07-24 12:19:32, 2026-07-24 12:32:06, 2026-07-24 12:46:46, 2026-07-24 12:59:03, 2026-07-24 13:17:09, 2026-07-24 13:33:01, 2026-07-24 13:46:46, 2026-07-24 14:02:07, 2026-07-24 14:17:02, 2026-07-24 14:47:11, 2026-07-24 15:02:07", "cumulative_total": 46.0 }, "geometry": { "type": "Polygon", "coordinates": [ [ [ -69.951625472756589, 46.840766579358046 ], [ -69.95791460719596, 46.843642942149081 ], [ -69.957429067341579, 46.848818384856365 ], [ -69.950653148018958, 46.851117360947384 ], [ -69.944363592920524, 46.848240581197011 ], [ -69.944850377757248, 46.84306524238086 ], [ -69.951625472756589, 46.840766579358046 ] ] ] } },
{ "type": "Feature", "properties": { "hex_id": 907954, "centroid_lon": -69.949680284876223, "centroid_lat": 46.861468108230326, "occurrences_today": 11, "datetimes_today": "2026-07-24 12:19:32, 2026-07-24 12:32:06, 2026-07-24 12:46:46, 2026-07-24 12:59:03, 2026-07-24 13:17:09, 2026-07-24 13:33:01, 2026-07-24 13:46:46, 2026-07-24 14:02:07, 2026-07-24 14:17:02, 2026-07-24 14:47:11, 2026-07-24 15:02:07", "cumulative_total": 46.0 }, "geometry": { "type": "Polygon", "coordinates": [ [ [ -69.950166783771508, 46.856292738877833 ], [ -69.956457584363648, 46.859169244571454 ], [ -69.955971641147102, 46.864344661576496 ], [ -69.949193651286521, 46.866643469003471 ], [ -69.942902429733351, 46.863766546125234 ], [ -69.943389618955194, 46.858591233070577 ], [ -69.950166783771508, 46.856292738877833 ] ] ] } },
{ "type": "Feature", "properties": { "hex_id": 907955, "centroid_lon": -69.948219979837447, "centroid_lat": 46.876994164806206, "occurrences_today": 11, "datetimes_today": "2026-07-24 12:19:32, 2026-07-24 12:32:06, 2026-07-24 12:46:46, 2026-07-24 12:59:03, 2026-07-24 13:17:09, 2026-07-24 13:33:01, 2026-07-24 13:46:46, 2026-07-24 14:02:07, 2026-07-24 14:17:02, 2026-07-24 14:47:11, 2026-07-24 15:02:07", "cumulative_total": 46.0 }, "geometry": { "type": "Polygon", "coordinates": [ [ [ -69.948706882955804, 46.871818821195887 ], [ -69.954999351026146, 46.874695469874744 ], [ -69.954513004028612, 46.879870861165159 ], [ -69.947732941884794, 46.882169499833047 ], [ -69.941440052551258, 46.879292433744133 ], [ -69.941927646578065, 46.874117146463405 ], [ -69.948706882955804, 46.871818821195887 ] ] ] } },
{ "type": "Feature", "properties": { "hex_id": 908561, "centroid_lon": -69.948254102568583, "centroid_lat": 46.806837630381722, "occurrences_today": 11, "datetimes_today": "2026-07-24 12:19:32, 2026-07-24 12:32:06, 2026-07-24 12:46:46, 2026-07-24 12:59:03, 2026-07-24 13:17:09, 2026-07-24 13:33:01, 2026-07-24 13:46:46, 2026-07-24 14:02:07, 2026-07-24 14:17:02, 2026-07-24 14:47:11, 2026-07-24 15:02:07", "cumulative_total": 46.0 }, "geometry": { "type": "Polygon", "coordinates": [ [ [ -69.948739811093034, 46.80166222292894 ], [ -69.955024374768584, 46.804538573791483 ], [ -69.954539220259107, 46.809714028861798 ], [ -69.947768259667754, 46.812013029259759 ], [ -69.9414832763768, 46.809136261956461 ], [ -69.941969673246206, 46.803960910761759 ], [ -69.948739811093034, 46.80166222292894 ] ] ] } },
{ "type": "Feature", "properties": { "hex_id": 908562, "centroid_lon": -69.94679617055121, "centroid_lat": 46.822363801286045, "occurrences_today": 11, "datetimes_today": "2026-07-24 12:19:32, 2026-07-24 12:32:06, 2026-07-24 12:46:46, 2026-07-24 12:59:03, 2026-07-24 13:17:09, 2026-07-24 13:33:01, 2026-07-24 13:46:46, 2026-07-24 14:02:07, 2026-07-24 14:17:02, 2026-07-24 14:47:11, 2026-07-24 15:02:07", "cumulative_total": 46.0 }, "geometry": { "type": "Polygon", "coordinates": [ [ [ -69.947282282344105, 46.81718841956166 ], [ -69.953568508505001, 46.820064913304272 ], [ -69.953082951167559, 46.825240342673666 ], [ -69.94630992424257, 46.827539174431536 ], [ -69.940023278165199, 46.824662264023203 ], [ -69.940510078882795, 46.819486938588568 ], [ -69.947282282344105, 46.81718841956166 ] ] ] } },
{ "type": "Feature", "properties": { "hex_id": 908563, "centroid_lon": -69.945337027892108, "centroid_lat": 46.837889894980336, "occurrences_today": 11, "datetimes_today": "2026-07-24 12:19:32, 2026-07-24 12:32:06, 2026-07-24 12:46:46, 2026-07-24 12:59:03, 2026-07-24 13:17:09, 2026-07-24 13:33:01, 2026-07-24 13:46:46, 2026-07-24 14:02:07, 2026-07-24 14:17:02, 2026-07-24 14:47:11, 2026-07-24 15:02:07", "cumulative_total": 46.0 }, "geometry": { "type": "Polygon", "coordinates": [ [ [ -69.945823543371716, 46.832714538996761 ], [ -69.952111433339809, 46.835591175701936 ], [ -69.951625472756589, 46.840766579358046 ], [ -69.944850377757248, 46.84306524238086 ], [ -69.938562067571326, 46.840188188784879 ], [ -69.939049272556019, 46.835012889122751 ], [ -69.945823543371716, 46.832714538996761 ] ] ] } },
{ "type": "Feature", "properties": { "hex_id": 908564, "centroid_lon": -69.943876673335367, "centroid_lat": 46.853415911427383, "occurrences_today": 11, "datetimes_today": "2026-07-24 12:19:32, 2026-07-24 12:32:06, 2026-07-24 12:46:46, 2026-07-24 12:59:03, 2026-07-24 13:17:09, 2026-07-24 13:33:01, 2026-07-24 13:46:46, 2026-07-24 14:02:07, 2026-07-24 14:17:02, 2026-07-24 14:47:11, 2026-07-24 15:02:07", "cumulative_total": 46.0 }, "geometry": { "type": "Polygon", "coordinates": [ [ [ -69.944363592920524, 46.848240581197011 ], [ -69.950653148018958, 46.851117360947384 ], [ -69.950166783771508, 46.856292738877833 ], [ -69.943389618955194, 46.858591233070577 ], [ -69.937099643337405, 46.855714036204169 ], [ -69.937587253008658, 46.850538762326984 ], [ -69.944363592920524, 46.848240581197011 ] ] ] } },
{ "type": "Feature", "properties": { "hex_id": 908565, "centroid_lon": -69.942415105623198, "centroid_lat": 46.868941850589977, "occurrences_today": 11, "datetimes_today": "2026-07-24 12:19:32, 2026-07-24 12:32:06, 2026-07-24 12:46:46, 2026-07-24 12:59:03, 2026-07-24 13:17:09, 2026-07-24 13:33:01, 2026-07-24 13:46:46, 2026-07-24 14:02:07, 2026-07-24 14:17:02, 2026-07-24 14:47:11, 2026-07-24 15:02:07", "cumulative_total": 46.0 }, "geometry": { "type": "Polygon", "coordinates": [ [ [ -69.942902429733351, 46.863766546125234 ], [ -69.949193651286521, 46.866643469003471 ], [ -69.948706882955804, 46.871818821195887 ], [ -69.941927646578065, 46.874117146463405 ], [ -69.935636004203801, 46.871239806243757 ], [ -69.936124018981687, 46.866064558163934 ], [ -69.942902429733351, 46.863766546125234 ] ] ] } },
{ "type": "Feature", "properties": { "hex_id": 908566, "centroid_lon": -69.94095232349602, "centroid_lat": 46.884467712430812, "occurrences_today": 11, "datetimes_today": "2026-07-24 12:19:32, 2026-07-24 12:32:06, 2026-07-24 12:46:46, 2026-07-24 12:59:03, 2026-07-24 13:17:09, 2026-07-24 13:33:01, 2026-07-24 13:46:46, 2026-07-24 14:02:07, 2026-07-24 14:17:02, 2026-07-24 14:47:11, 2026-07-24 15:02:07", "cumulative_total": 46.0 }, "geometry": { "type": "Polygon", "coordinates": [ [ [ -69.941440052551258, 46.879292433744133 ], [ -69.947732941884794, 46.882169499833047 ], [ -69.947245769051179, 46.887344826275005 ], [ -69.940464459365657, 46.889642982522055 ], [ -69.934171148909044, 46.886765498866218 ], [ -69.934659569214261, 46.88159027659627 ], [ -69.941440052551258, 46.879292433744133 ] ] ] } },
{ "type": "Feature", "properties": { "hex_id": 909172, "centroid_lon": -69.940996744937848, "centroid_lat": 46.814311604565873, "occurrences_today": 11, "datetimes_today": "2026-07-24 12:19:32, 2026-07-24 12:32:06, 2026-07-24 12:46:46, 2026-07-24 12:59:03, 2026-07-24 13:17:09, 2026-07-24 13:33:01, 2026-07-24 13:46:46, 2026-07-24 14:02:07, 2026-07-24 14:17:02, 2026-07-24 14:47:11, 2026-07-24 15:02:07", "cumulative_total": 46.0 }, "geometry": { "type": "Polygon", "coordinates": [ [ [ -69.9414832763768, 46.809136261956461 ], [ -69.947768259667754, 46.812013029259759 ], [ -69.947282282344105, 46.81718841956166 ], [ -69.940510078882795, 46.819486938588568 ], [ -69.934224676115861, 46.816609754688017 ], [ -69.934711896239719, 46.81143446842362 ], [ -69.9414832763768, 46.809136261956461 ] ] ] } },
{ "type": "Feature", "properties": { "hex_id": 909173, "centroid_lon": -69.93953634273845, "centroid_lat": 46.8298375808684, "occurrences_today": 11, "datetimes_today": "2026-07-24 12:19:32, 2026-07-24 12:32:06, 2026-07-24 12:46:46, 2026-07-24 12:59:03, 2026-07-24 13:17:09, 2026-07-24 13:33:01, 2026-07-24 13:46:46, 2026-07-24 14:02:07, 2026-07-24 14:17:02, 2026-07-24 14:47:11, 2026-07-24 15:02:07", "cumulative_total": 46.0 }, "geometry": { "type": "Polygon", "coordinates": [ [ [ -69.940023278165199, 46.824662264023203 ], [ -69.94630992424257, 46.827539174431536 ], [ -69.945823543371716, 46.832714538996761 ], [ -69.939049272556019, 46.835012889122751 ], [ -69.932762206701739, 46.832135561892123 ], [ -69.933249831393468, 46.826960301423654 ], [ -69.940023278165199, 46.824662264023203 ] ] ] } },
{ "type": "Feature", "properties": { "hex_id": 909174, "centroid_lon": -69.938074727737742, "centroid_lat": 46.845363479853418, "occurrences_today": 11, "datetimes_today": "2026-07-24 12:19:32, 2026-07-24 12:32:06, 2026-07-24 12:46:46, 2026-07-24 12:59:03, 2026-07-24 13:17:09, 2026-07-24 13:33:01, 2026-07-24 13:46:46, 2026-07-24 14:02:07, 2026-07-24 14:17:02, 2026-07-24 14:47:11, 2026-07-24 15:02:07", "cumulative_total": 46.0 }, "geometry": { "type": "Polygon", "coordinates": [ [ [ -69.938562067571326, 46.840188188784879 ], [ -69.944850377757248, 46.84306524238086 ], [ -69.944363592920524, 46.848240581197011 ], [ -69.937587253008658, 46.850538762326984 ], [ -69.931298522744711, 46.847661291683501 ], [ -69.931786552424015, 46.842486057023415 ], [ -69.938562067571326, 46.840188188784879 ] ] ] } },
{ "type": "Feature", "properties": { "hex_id": 909175, "centroid_lon": -69.936611898677313, "centroid_lat": 46.860889301483617, "occurrences_today": 11, "datetimes_today": "2026-07-24 12:19:32, 2026-07-24 12:32:06, 2026-07-24 12:46:46, 2026-07-24 12:59:03, 2026-07-24 13:17:09, 2026-07-24 13:33:01, 2026-07-24 13:46:46, 2026-07-24 14:02:07, 2026-07-24 14:17:02, 2026-07-24 14:47:11, 2026-07-24 15:02:07", "cumulative_total": 46.0 }, "geometry": { "type": "Polygon", "coordinates": [ [ [ -69.937099643337405, 46.855714036204169 ], [ -69.943389618955194, 46.858591233070577 ], [ -69.942902429733351, 46.863766546125234 ], [ -69.936124018981687, 46.866064558163934 ], [ -69.929833622984518, 46.863186944024733 ], [ -69.930322058071695, 46.858011735185542 ], [ -69.937099643337405, 46.855714036204169 ] ] ] } },
{ "type": "Feature", "properties": { "hex_id": 909176, "centroid_lon": -69.935147854296915, "centroid_lat": 46.876415045721643, "occurrences_today": 11, "datetimes_today": "2026-07-24 12:19:32, 2026-07-24 12:32:06, 2026-07-24 12:46:46, 2026-07-24 12:59:03, 2026-07-24 13:17:09, 2026-07-24 13:33:01, 2026-07-24 13:46:46, 2026-07-24 14:02:07, 2026-07-24 14:17:02, 2026-07-24 14:47:11, 2026-07-24 15:02:07", "cumulative_total": 46.0 }, "geometry": { "type": "Polygon", "coordinates": [ [ [ -69.935636004203801, 46.871239806243757 ], [ -69.941927646578065, 46.874117146463405 ], [ -69.941440052551258, 46.879292433744133 ], [ -69.934659569214261, 46.88159027659627 ], [ -69.928367506159063, 46.878712518878338 ], [ -69.928856347075012, 46.87353733587252 ], [ -69.935636004203801, 46.871239806243757 ] ] ] } },
{ "type": "Feature", "properties": { "hex_id": 909782, "centroid_lon": -69.935198981600763, "centroid_lat": 46.806259173563333, "occurrences_today": 11, "datetimes_today": "2026-07-24 12:19:32, 2026-07-24 12:32:06, 2026-07-24 12:46:46, 2026-07-24 12:59:03, 2026-07-24 13:17:09, 2026-07-24 13:33:01, 2026-07-24 13:46:46, 2026-07-24 14:02:07, 2026-07-24 14:17:02, 2026-07-24 14:47:11, 2026-07-24 15:02:07", "cumulative_total": 46.0 }, "geometry": { "type": "Polygon", "coordinates": [ [ [ -69.935685932245548, 46.801083870108577 ], [ -69.941969673246206, 46.803960910761759 ], [ -69.9414832763768, 46.809136261956461 ], [ -69.934711896239719, 46.81143446842362 ], [ -69.92842773620319, 46.808557011241653 ], [ -69.928915375293101, 46.803381764187094 ], [ -69.935685932245548, 46.801083870108577 ] ] ] } },
{ "type": "Feature", "properties": { "hex_id": 909783, "centroid_lon": -69.933737321182633, "centroid_lat": 46.821785032355166, "occurrences_today": 11, "datetimes_today": "2026-07-24 12:19:32, 2026-07-24 12:32:06, 2026-07-24 12:46:46, 2026-07-24 12:59:03, 2026-07-24 13:17:09, 2026-07-24 13:33:01, 2026-07-24 13:46:46, 2026-07-24 14:02:07, 2026-07-24 14:17:02, 2026-07-24 14:47:11, 2026-07-24 15:02:07", "cumulative_total": 46.0 }, "geometry": { "type": "Polygon", "coordinates": [ [ [ -69.934224676115861, 46.816609754688017 ], [ -69.940510078882795, 46.819486938588568 ], [ -69.940023278165199, 46.824662264023203 ], [ -69.933249831393468, 46.826960301423654 ], [ -69.926964009290174, 46.824082700769338 ], [ -69.927452053248359, 46.818907479534154 ], [ -69.934224676115861, 46.816609754688017 ] ] ] } },
{ "type": "Feature", "properties": { "hex_id": 909784, "centroid_lon": -69.932274447060806, "centroid_lat": 46.837310813759188, "occurrences_today": 11, "datetimes_today": "2026-07-24 12:19:32, 2026-07-24 12:32:06, 2026-07-24 12:46:46, 2026-07-24 12:59:03, 2026-07-24 13:17:09, 2026-07-24 13:33:01, 2026-07-24 13:46:46, 2026-07-24 14:02:07, 2026-07-24 14:17:02, 2026-07-24 14:47:11, 2026-07-24 15:02:07", "cumulative_total": 46.0 }, "geometry": { "type": "Polygon", "coordinates": [ [ [ -69.932762206701739, 46.832135561892123 ], [ -69.939049272556019, 46.835012889122751 ], [ -69.938562067571326, 46.840188188784879 ], [ -69.931786552424015, 46.842486057023415 ], [ -69.925499066932673, 46.83960831281393 ], [ -69.925987516179021, 46.834433117410626 ], [ -69.932762206701739, 46.832135561892123 ] ] ] } },
{ "type": "Feature", "properties": { "hex_id": 909785, "centroid_lon": -69.930810357976185, "centroid_lat": 46.852836517737998, "occurrences_today": 11, "datetimes_today": "2026-07-24 12:19:32, 2026-07-24 12:32:06, 2026-07-24 12:46:46, 2026-07-24 12:59:03, 2026-07-24 13:17:09, 2026-07-24 13:33:01, 2026-07-24 13:46:46, 2026-07-24 14:02:07, 2026-07-24 14:17:02, 2026-07-24 14:47:11, 2026-07-24 15:02:07", "cumulative_total": 46.0 }, "geometry": { "type": "Polygon", "coordinates": [ [ [ -69.931298522744711, 46.847661291683501 ], [ -69.937587253008658, 46.850538762326984 ], [ -69.937099643337405, 46.855714036204169 ], [ -69.930322058071695, 46.858011735185542 ], [ -69.924032907869801, 46.85513384733791 ], [ -69.924521762824824, 46.849958677778979 ], [ -69.931298522744711, 46.847661291683501 ] ] ] } },
{ "type": "Feature", "properties": { "hex_id": 909786, "centroid_lon": -69.929345052667898, "centroid_lat": 46.868362144254185, "occurrences_today": 11, "datetimes_today": "2026-07-24 12:19:32, 2026-07-24 12:32:06, 2026-07-24 12:46:46, 2026-07-24 12:59:03, 2026-07-24 13:17:09, 2026-07-24 13:33:01, 2026-07-24 13:46:46, 2026-07-24 14:02:07, 2026-07-24 14:17:02, 2026-07-24 14:47:11, 2026-07-24 15:02:07", "cumulative_total": 46.0 }, "geometry": { "type": "Polygon", "coordinates": [ [ [ -69.929833622984518, 46.863186944024733 ], [ -69.936124018981687, 46.866064558163934 ], [ -69.935636004203801, 46.871239806243757 ], [ -69.928856347075012, 46.87353733587252 ], [ -69.922565530838767, 46.870659304303764 ], [ -69.92305479192359, 46.865484160601703 ], [ -69.929833622984518, 46.863186944024733 ] ] ] } },
{ "type": "Feature", "properties": { "hex_id": 909787, "centroid_lon": -69.927878529873212, "centroid_lat": 46.883887693270268, "occurrences_today": 11, "datetimes_today": "2026-07-24 12:19:32, 2026-07-24 12:32:06, 2026-07-24 12:46:46, 2026-07-24 12:59:03, 2026-07-24 13:17:09, 2026-07-24 13:33:01, 2026-07-24 13:46:46, 2026-07-24 14:02:07, 2026-07-24 14:17:02, 2026-07-24 14:47:11, 2026-07-24 15:02:07", "cumulative_total": 46.0 }, "geometry": { "type": "Polygon", "coordinates": [ [ [ -69.928367506159063, 46.878712518878338 ], [ -69.934659569214261, 46.88159027659627 ], [ -69.934171148909044, 46.886765498866218 ], [ -69.92738941817062, 46.889062859046895 ], [ -69.921096934575004, 46.886184683673875 ], [ -69.921586602211349, 46.881009565841246 ], [ -69.928367506159063, 46.878712518878338 ] ] ] } },
{ "type": "Feature", "properties": { "hex_id": 910392, "centroid_lon": -69.929402879520126, "centroid_lat": 46.79820650852885, "occurrences_today": 11, "datetimes_today": "2026-07-24 12:19:32, 2026-07-24 12:32:06, 2026-07-24 12:46:46, 2026-07-24 12:59:03, 2026-07-24 13:17:09, 2026-07-24 13:33:01, 2026-07-24 13:46:46, 2026-07-24 14:02:07, 2026-07-24 14:17:02, 2026-07-24 14:47:11, 2026-07-24 15:02:07", "cumulative_total": 46.0 }, "geometry": { "type": "Polygon", "coordinates": [ [ [ -69.929890248930846, 46.793031244268327 ], [ -69.936172748220599, 46.795908558060674 ], [ -69.935685932245548, 46.801083870108577 ], [ -69.928915375293101, 46.803381764187094 ], [ -69.922632457407275, 46.800504033934452 ], [ -69.923120515023413, 46.795328826129307 ], [ -69.929890248930846, 46.793031244268327 ] ] ] } },
{ "type": "Feature", "properties": { "hex_id": 910393, "centroid_lon": -69.927939962203808, "centroid_lat": 46.813732249691128, "occurrences_today": 11, "datetimes_today": "2026-07-24 12:19:32, 2026-07-24 12:32:06, 2026-07-24 12:46:46, 2026-07-24 12:59:03, 2026-07-24 13:17:09, 2026-07-24 13:33:01, 2026-07-24 13:46:46, 2026-07-24 14:02:07, 2026-07-24 14:17:02, 2026-07-24 14:47:11, 2026-07-24 15:02:07", "cumulative_total": 46.0 }, "geometry": { "type": "Polygon", "coordinates": [ [ [ -69.92842773620319, 46.808557011241653 ], [ -69.934711896239719, 46.81143446842362 ], [ -69.934224676115861, 46.816609754688017 ], [ -69.927452053248359, 46.818907479534154 ], [ -69.921167474315695, 46.816029605666976 ], [ -69.92165593710007, 46.810854423704669 ], [ -69.92842773620319, 46.808557011241653 ] ] ] } },
{ "type": "Feature", "properties": { "hex_id": 910394, "centroid_lon": -69.926475830282627, "centroid_lat": 46.829257913395288, "occurrences_today": 11, "datetimes_today": "2026-07-24 12:19:32, 2026-07-24 12:32:06, 2026-07-24 12:46:46, 2026-07-24 12:59:03, 2026-07-24 13:17:09, 2026-07-24 13:33:01, 2026-07-24 13:46:46, 2026-07-24 14:02:07, 2026-07-24 14:17:02, 2026-07-24 14:47:11, 2026-07-24 15:02:07", "cumulative_total": 46.0 }, "geometry": { "type": "Polygon", "coordinates": [ [ [ -69.926964009290174, 46.824082700769338 ], [ -69.933249831393468, 46.826960301423654 ], [ -69.932762206701739, 46.832135561892123 ], [ -69.925987516179021, 46.834433117410626 ], [ -69.919701274879316, 46.831555099846014 ], [ -69.920190143252029, 46.826379943739042 ], [ -69.926964009290174, 46.824082700769338 ] ] ] } },
{ "type": "Feature", "properties": { "hex_id": 910395, "centroid_lon": -69.925010482496859, "centroid_lat": 46.844783499603842, "occurrences_today": 11, "datetimes_today": "2026-07-24 12:19:32, 2026-07-24 12:32:06, 2026-07-24 12:46:46, 2026-07-24 12:59:03, 2026-07-24 13:17:09, 2026-07-24 13:33:01, 2026-07-24 13:46:46, 2026-07-24 14:02:07, 2026-07-24 14:17:02, 2026-07-24 14:47:11, 2026-07-24 15:02:07", "cumulative_total": 46.0 }, "geometry": { "type": "Polygon", "coordinates": [ [ [ -69.925499066932673, 46.83960831281393 ], [ -69.931786552424015, 46.842486057023415 ], [ -69.931298522744711, 46.847661291683501 ], [ -69.924521762824824, 46.849958677778979 ], [ -69.918233857836569, 46.847080516433969 ], [ -69.918723132218361, 46.841905386194867 ], [ -69.925499066932673, 46.83960831281393 ] ] ] } },
{ "type": "Feature", "properties": { "hex_id": 910396, "centroid_lon": -69.923543917584993, "centroid_lat": 46.860309008279287, "occurrences_today": 11, "datetimes_today": "2026-07-24 12:19:32, 2026-07-24 12:32:06, 2026-07-24 12:46:46, 2026-07-24 12:59:03, 2026-07-24 13:17:09, 2026-07-24 13:33:01, 2026-07-24 13:46:46, 2026-07-24 14:02:07, 2026-07-24 14:17:02, 2026-07-24 14:47:11, 2026-07-24 15:02:07", "cumulative_total": 46.0 }, "geometry": { "type": "Polygon", "coordinates": [ [ [ -69.924032907869801, 46.85513384733791 ], [ -69.930322058071695, 46.858011735185542 ], [ -69.929833622984518, 46.863186944024733 ], [ -69.92305479192359, 46.865484160601703 ], [ -69.916765221924052, 46.862605855393234 ], [ -69.917254902736261, 46.857430751034542 ], [ -69.924032907869801, 46.85513384733791 ] ] ] } },
{ "type": "Feature", "properties": { "hex_id": 910397, "centroid_lon": -69.922076134283643, "centroid_lat": 46.875834439384072, "occurrences_today": 11, "datetimes_today": "2026-07-24 12:19:32, 2026-07-24 12:32:06, 2026-07-24 12:46:46, 2026-07-24 12:59:03, 2026-07-24 13:17:09, 2026-07-24 13:33:01, 2026-07-24 13:46:46, 2026-07-24 14:02:07, 2026-07-24 14:17:02, 2026-07-24 14:47:11, 2026-07-24 15:02:07", "cumulative_total": 46.0 }, "geometry": { "type": "Polygon", "coordinates": [ [ [ -69.922565530838767, 46.870659304303764 ], [ -69.928856347075012, 46.87353733587252 ], [ -69.928367506159063, 46.878712518878338 ], [ -69.921586602211349, 46.881009565841246 ], [ -69.91529536587656, 46.878131116686134 ], [ -69.915785453541119, 46.87295603822043 ], [ -69.922565530838767, 46.870659304303764 ] ] ] } },
{ "type": "Feature", "properties": { "hex_id": 910398, "centroid_lon": -69.920607131327628, "centroid_lat": 46.891359792880586, "occurrences_today": 11, "datetimes_today": "2026-07-24 12:19:32, 2026-07-24 12:32:06, 2026-07-24 12:46:46, 2026-07-24 12:59:03, 2026-07-24 13:17:09, 2026-07-24 13:33:01, 2026-07-24 13:46:46, 2026-07-24 14:02:07, 2026-07-24 14:17:02, 2026-07-24 14:47:11, 2026-07-24 15:02:07", "cumulative_total": 46.0 }, "geometry": { "type": "Polygon", "coordinates": [ [ [ -69.921096934575004, 46.886184683673875 ], [ -69.92738941817062, 46.889062859046895 ], [ -69.926900171004391, 46.894238016206842 ], [ -69.920117192422325, 46.896534893459979 ], [ -69.913824288426994, 46.893656300274984 ], [ -69.914314783366464, 46.888481247714807 ], [ -69.921096934575004, 46.886184683673875 ] ] ] } },
{ "type": "Feature", "properties": { "hex_id": 911004, "centroid_lon": -69.920678876381913, "centroid_lat": 46.821204779012241, "occurrences_today": 11, "datetimes_today": "2026-07-24 12:19:32, 2026-07-24 12:32:06, 2026-07-24 12:46:46, 2026-07-24 12:59:03, 2026-07-24 13:17:09, 2026-07-24 13:33:01, 2026-07-24 13:46:46, 2026-07-24 14:02:07, 2026-07-24 14:17:02, 2026-07-24 14:47:11, 2026-07-24 15:02:07", "cumulative_total": 46.0 }, "geometry": { "type": "Polygon", "coordinates": [ [ [ -69.921167474315695, 46.816029605666976 ], [ -69.927452053248359, 46.818907479534154 ], [ -69.926964009290174, 46.824082700769338 ], [ -69.920190143252029, 46.826379943739042 ], [ -69.913905145563234, 46.823501653030185 ], [ -69.914394432622004, 46.818326536259107 ], [ -69.921167474315695, 46.816029605666976 ] ] ] } },
{ "type": "Feature", "properties": { "hex_id": 911005, "centroid_lon": -69.919212271217006, "centroid_lat": 46.836730247331758, "occurrences_today": 11, "datetimes_today": "2026-07-24 12:19:32, 2026-07-24 12:32:06, 2026-07-24 12:46:46, 2026-07-24 12:59:03, 2026-07-24 13:17:09, 2026-07-24 13:33:01, 2026-07-24 13:46:46, 2026-07-24 14:02:07, 2026-07-24 14:17:02, 2026-07-24 14:47:11, 2026-07-24 15:02:07", "cumulative_total": 46.0 }, "geometry": { "type": "Polygon", "coordinates": [ [ [ -69.919701274879316, 46.831555099846014 ], [ -69.925987516179021, 46.834433117410626 ], [ -69.925499066932673, 46.83960831281393 ], [ -69.918723132218361, 46.841905386194867 ], [ -69.912436471862435, 46.839026951563426 ], [ -69.91292616523026, 46.833851860683758 ], [ -69.919701274879316, 46.831555099846014 ] ] ] } },
{ "type": "Feature", "properties": { "hex_id": 911006, "centroid_lon": -69.91774444802482, "centroid_lat": 46.852255638047659, "occurrences_today": 11, "datetimes_today": "2026-07-24 12:19:32, 2026-07-24 12:32:06, 2026-07-24 12:46:46, 2026-07-24 12:59:03, 2026-07-24 13:17:09, 2026-07-24 13:33:01, 2026-07-24 13:46:46, 2026-07-24 14:02:07, 2026-07-24 14:17:02, 2026-07-24 14:47:11, 2026-07-24 15:02:07", "cumulative_total": 62.0 }, "geometry": { "type": "Polygon", "coordinates": [ [ [ -69.918233857836569, 46.847080516433969 ], [ -69.924521762824824, 46.849958677778979 ], [ -69.924032907869801, 46.85513384733791 ], [ -69.917254902736261, 46.857430751034542 ], [ -69.910966578391509, 46.854552172397419 ], [ -69.911456678489927, 46.849377107421681 ], [ -69.918233857836569, 46.847080516433969 ] ] ] } },
{ "type": "Feature", "properties": { "hex_id": 911007, "centroid_lon": -69.916275405541313, "centroid_lat": 46.867780951122327, "occurrences_today": 11, "datetimes_today": "2026-07-24 12:19:32, 2026-07-24 12:32:06, 2026-07-24 12:46:46, 2026-07-24 12:59:03, 2026-07-24 13:17:09, 2026-07-24 13:33:01, 2026-07-24 13:46:46, 2026-07-24 14:02:07, 2026-07-24 14:17:02, 2026-07-24 14:47:11, 2026-07-24 15:02:07", "cumulative_total": 46.0 }, "geometry": { "type": "Polygon", "coordinates": [ [ [ -69.916765221924052, 46.862605855393234 ], [ -69.92305479192359, 46.865484160601703 ], [ -69.922565530838767, 46.870659304303764 ], [ -69.915785453541119, 46.87295603822043 ], [ -69.909495463884568, 46.870077315494413 ], [ -69.909985971135768, 46.864902276435188 ], [ -69.916765221924052, 46.862605855393234 ] ] ] } },
{ "type": "Feature", "properties": { "hex_id": 911008, "centroid_lon": -69.914805142500668, "centroid_lat": 46.88330618651807, "occurrences_today": 11, "datetimes_today": "2026-07-24 12:19:32, 2026-07-24 12:32:06, 2026-07-24 12:46:46, 2026-07-24 12:59:03, 2026-07-24 13:17:09, 2026-07-24 13:33:01, 2026-07-24 13:46:46, 2026-07-24 14:02:07, 2026-07-24 14:17:02, 2026-07-24 14:47:11, 2026-07-24 15:02:07", "cumulative_total": 46.0 }, "geometry": { "type": "Polygon", "coordinates": [ [ [ -69.91529536587656, 46.878131116686134 ], [ -69.921586602211349, 46.881009565841246 ], [ -69.921096934575004, 46.886184683673875 ], [ -69.914314783366464, 46.888481247714807 ], [ -69.908023127073932, 46.885602380816586 ], [ -69.908514041900659, 46.880427367686508 ], [ -69.91529536587656, 46.878131116686134 ] ] ] } },
{ "type": "Feature", "properties": { "hex_id": 911009, "centroid_lon": -69.913333657635192, "centroid_lat": 46.898831344197177, "occurrences_today": 11, "datetimes_today": "2026-07-24 12:19:32, 2026-07-24 12:32:06, 2026-07-24 12:46:46, 2026-07-24 12:59:03, 2026-07-24 13:17:09, 2026-07-24 13:33:01, 2026-07-24 13:46:46, 2026-07-24 14:02:07, 2026-07-24 14:17:02, 2026-07-24 14:47:11, 2026-07-24 15:02:07", "cumulative_total": 46.0 }, "geometry": { "type": "Polygon", "coordinates": [ [ [ -69.913824288426994, 46.893656300274984 ], [ -69.920117192422325, 46.896534893459979 ], [ -69.91962711781207, 46.901709985410641 ], [ -69.912842890944034, 46.904006379479981 ], [ -69.906549566690032, 46.901127368326158 ], [ -69.907040889515699, 46.895952381137818 ], [ -69.913824288426994, 46.893656300274984 ] ] ] } },
{ "type": "Feature", "properties": { "hex_id": 911614, "centroid_lon": -69.914883584338, "centroid_lat": 46.813151410860378, "occurrences_today": 11, "datetimes_today": "2026-07-24 12:19:32, 2026-07-24 12:32:06, 2026-07-24 12:46:46, 2026-07-24 12:59:03, 2026-07-24 13:17:09, 2026-07-24 13:33:01, 2026-07-24 13:46:46, 2026-07-24 14:02:07, 2026-07-24 14:17:02, 2026-07-24 14:47:11, 2026-07-24 15:02:07", "cumulative_total": 46.0 }, "geometry": { "type": "Polygon", "coordinates": [ [ [ -69.915372600757962, 46.807976276835348 ], [ -69.92165593710007, 46.810854423704669 ], [ -69.921167474315695, 46.816029605666976 ], [ -69.914394432622004, 46.818326536259107 ], [ -69.90811067796372, 46.815447972616745 ], [ -69.908600383268563, 46.810272895221082 ], [ -69.915372600757962, 46.807976276835348 ] ] ] } },
{ "type": "Feature", "properties": { "hex_id": 911615, "centroid_lon": -69.913415723114909, "centroid_lat": 46.828676761172197, "occurrences_today": 11, "datetimes_today": "2026-07-24 12:19:32, 2026-07-24 12:32:06, 2026-07-24 12:46:46, 2026-07-24 12:59:03, 2026-07-24 13:17:09, 2026-07-24 13:33:01, 2026-07-24 13:46:46, 2026-07-24 14:02:07, 2026-07-24 14:17:02, 2026-07-24 14:47:11, 2026-07-24 15:02:07", "cumulative_total": 46.0 }, "geometry": { "type": "Polygon", "coordinates": [ [ [ -69.913905145563234, 46.823501653030185 ], [ -69.920190143252029, 46.826379943739042 ], [ -69.919701274879316, 46.831555099846014 ], [ -69.91292616523026, 46.833851860683758 ], [ -69.906640748925611, 46.830973152976725 ], [ -69.907130860839075, 46.82579810149597 ], [ -69.913905145563234, 46.823501653030185 ] ] ] } },
{ "type": "Feature", "properties": { "hex_id": 911616, "centroid_lon": -69.911946642964608, "centroid_lat": 46.844202033809879, "occurrences_today": 11, "datetimes_today": "2026-07-24 12:19:32, 2026-07-24 12:32:06, 2026-07-24 12:46:46, 2026-07-24 12:59:03, 2026-07-24 13:17:09, 2026-07-24 13:33:01, 2026-07-24 13:46:46, 2026-07-24 14:02:07, 2026-07-24 14:17:02, 2026-07-24 14:47:11, 2026-07-24 15:02:07", "cumulative_total": 46.0 }, "geometry": { "type": "Polygon", "coordinates": [ [ [ -69.912436471862435, 46.839026951563426 ], [ -69.918723132218361, 46.841905386194867 ], [ -69.918233857836569, 46.847080516433969 ], [ -69.911456678489927, 46.849377107421681 ], [ -69.905169599218269, 46.84649825556685 ], [ -69.905660118162118, 46.841323230013572 ], [ -69.912436471862435, 46.839026951563426 ] ] ] } },
{ "type": "Feature", "properties": { "hex_id": 911617, "centroid_lon": -69.910476342622417, "centroid_lat": 46.859727228735721, "occurrences_today": 11, "datetimes_today": "2026-07-24 12:19:32, 2026-07-24 12:32:06, 2026-07-24 12:46:46, 2026-07-24 12:59:03, 2026-07-24 13:17:09, 2026-07-24 13:33:01, 2026-07-24 13:46:46, 2026-07-24 14:02:07, 2026-07-24 14:17:02, 2026-07-24 14:47:11, 2026-07-24 15:02:07", "cumulative_total": 46.0 }, "geometry": { "type": "Polygon", "coordinates": [ [ [ -69.910966578391509, 46.854552172397419 ], [ -69.917254902736261, 46.857430751034542 ], [ -69.916765221924052, 46.862605855393234 ], [ -69.909985971135768, 46.864902276435188 ], [ -69.903697227575179, 46.862023280349298 ], [ -69.904188153971774, 46.856848280736124 ], [ -69.910966578391509, 46.854552172397419 ] ] ] } },
{ "type": "Feature", "properties": { "hex_id": 911618, "centroid_lon": -69.909004820821878, "centroid_lat": 46.875252345911974, "occurrences_today": 11, "datetimes_today": "2026-07-24 12:19:32, 2026-07-24 12:32:06, 2026-07-24 12:46:46, 2026-07-24 12:59:03, 2026-07-24 13:17:09, 2026-07-24 13:33:01, 2026-07-24 13:46:46, 2026-07-24 14:02:07, 2026-07-24 14:17:02, 2026-07-24 14:47:11, 2026-07-24 15:02:07", "cumulative_total": 46.0 }, "geometry": { "type": "Polygon", "coordinates": [ [ [ -69.909495463884568, 46.870077315494413 ], [ -69.915785453541119, 46.87295603822043 ], [ -69.91529536587656, 46.878131116686134 ], [ -69.908514041900659, 46.880427367686508 ], [ -69.902223632727981, 46.877548227286191 ], [ -69.902714967000321, 46.872373253625746 ], [ -69.909495463884568, 46.870077315494413 ] ] ] } },
{ "type": "Feature", "properties": { "hex_id": 911619, "centroid_lon": -69.907532076294629, "centroid_lat": 46.890777385300822, "occurrences_today": 11, "datetimes_today": "2026-07-24 12:19:32, 2026-07-24 12:32:06, 2026-07-24 12:46:46, 2026-07-24 12:59:03, 2026-07-24 13:17:09, 2026-07-24 13:33:01, 2026-07-24 13:46:46, 2026-07-24 14:02:07, 2026-07-24 14:17:02, 2026-07-24 14:47:11, 2026-07-24 15:02:07", "cumulative_total": 46.0 }, "geometry": { "type": "Polygon", "coordinates": [ [ [ -69.908023127073932, 46.885602380816586 ], [ -69.914314783366464, 46.888481247714807 ], [ -69.913824288426994, 46.893656300274984 ], [ -69.907040889515699, 46.895952381137818 ], [ -69.900748813406494, 46.893073096339648 ], [ -69.901240555978177, 46.887898148644553 ], [ -69.908023127073932, 46.885602380816586 ] ] ] } },
{ "type": "Feature", "properties": { "hex_id": 912226, "centroid_lon": -69.906150501382257, "centroid_lat": 46.836148195816406, "occurrences_today": 11, "datetimes_today": "2026-07-24 12:19:32, 2026-07-24 12:32:06, 2026-07-24 12:46:46, 2026-07-24 12:59:03, 2026-07-24 13:17:09, 2026-07-24 13:33:01, 2026-07-24 13:46:46, 2026-07-24 14:02:07, 2026-07-24 14:17:02, 2026-07-24 14:47:11, 2026-07-24 15:02:07", "cumulative_total": 46.0 }, "geometry": { "type": "Polygon", "coordinates": [ [ [ -69.906640748925611, 46.830973152976725 ], [ -69.91292616523026, 46.833851860683758 ], [ -69.912436471862435, 46.839026951563426 ], [ -69.905660118162118, 46.841323230013572 ], [ -69.899374283382159, 46.838444105151929 ], [ -69.899865220730945, 46.833269119060617 ], [ -69.906640748925611, 46.830973152976725 ] ] ] } },
{ "type": "Feature", "properties": { "hex_id": 912227, "centroid_lon": -69.9046789445038, "centroid_lat": 46.851673272474834, "occurrences_today": 11, "datetimes_today": "2026-07-24 12:19:32, 2026-07-24 12:32:06, 2026-07-24 12:46:46, 2026-07-24 12:59:03, 2026-07-24 13:17:09, 2026-07-24 13:33:01, 2026-07-24 13:46:46, 2026-07-24 14:02:07, 2026-07-24 14:17:02, 2026-07-24 14:47:11, 2026-07-24 15:02:07", "cumulative_total": 46.0 }, "geometry": { "type": "Polygon", "coordinates": [ [ [ -69.905169599218269, 46.84649825556685 ], [ -69.911456678489927, 46.849377107421681 ], [ -69.910966578391509, 46.854552172397419 ], [ -69.904188153971774, 46.856848280736124 ], [ -69.897900655925142, 46.853969011501334 ], [ -69.898392001026238, 46.848794051373702 ], [ -69.905169599218269, 46.84649825556685 ] ] ] } },
{ "type": "Feature", "properties": { "hex_id": 912228, "centroid_lon": -69.903206165267036, "centroid_lat": 46.867198271312972, "occurrences_today": 11, "datetimes_today": "2026-07-24 12:19:32, 2026-07-24 12:32:06, 2026-07-24 12:46:46, 2026-07-24 12:59:03, 2026-07-24 13:17:09, 2026-07-24 13:33:01, 2026-07-24 13:46:46, 2026-07-24 14:02:07, 2026-07-24 14:17:02, 2026-07-24 14:47:11, 2026-07-24 15:02:07", "cumulative_total": 46.0 }, "geometry": { "type": "Polygon", "coordinates": [ [ [ -69.903697227575179, 46.862023280349298 ], [ -69.909985971135768, 46.864902276435188 ], [ -69.909495463884568, 46.870077315494413 ], [ -69.902714967000321, 46.872373253625746 ], [ -69.896425804364881, 46.869493839934435 ], [ -69.896917557641515, 46.864318905783115 ], [ -69.903697227575179, 46.862023280349298 ] ] ] } },
{ "type": "Feature", "properties": { "hex_id": 912229, "centroid_lon": -69.901732162402965, "centroid_lat": 46.882723192292929, "occurrences_today": 11, "datetimes_today": "2026-07-24 12:19:32, 2026-07-24 12:32:06, 2026-07-24 12:46:46, 2026-07-24 12:59:03, 2026-07-24 13:17:09, 2026-07-24 13:33:01, 2026-07-24 13:46:46, 2026-07-24 14:02:07, 2026-07-24 14:17:02, 2026-07-24 14:47:11, 2026-07-24 15:02:07", "cumulative_total": 46.0 }, "geometry": { "type": "Polygon", "coordinates": [ [ [ -69.902223632727981, 46.877548227286191 ], [ -69.908514041900659, 46.880427367686508 ], [ -69.908023127073932, 46.885602380816586 ], [ -69.901240555978177, 46.887898148644553 ], [ -69.894949727430557, 46.885018590413218 ], [ -69.895441889306525, 46.8798436822509 ], [ -69.902223632727981, 46.877548227286191 ] ] ] } },
{ "type": "Feature", "properties": { "hex_id": 912230, "centroid_lon": -69.900256934640808, "centroid_lat": 46.898248035376817, "occurrences_today": 11, "datetimes_today": "2026-07-24 12:19:32, 2026-07-24 12:32:06, 2026-07-24 12:46:46, 2026-07-24 12:59:03, 2026-07-24 13:17:09, 2026-07-24 13:33:01, 2026-07-24 13:46:46, 2026-07-24 14:02:07, 2026-07-24 14:17:02, 2026-07-24 14:47:11, 2026-07-24 15:02:07", "cumulative_total": 41.0 }, "geometry": { "type": "Polygon", "coordinates": [ [ [ -69.900748813406494, 46.893073096339648 ], [ -69.907040889515699, 46.895952381137818 ], [ -69.906549566690032, 46.901127368326158 ], [ -69.899764919633924, 46.903422965754622 ], [ -69.893472423849474, 46.900543262899681 ], [ -69.893964994749211, 46.895368380739029 ], [ -69.900748813406494, 46.893073096339648 ] ] ] } },
{ "type": "Feature", "properties": { "hex_id": 912835, "centroid_lon": -69.901827612360265, "centroid_lat": 46.8125690881919, "occurrences_today": 11, "datetimes_today": "2026-07-24 12:19:32, 2026-07-24 12:32:06, 2026-07-24 12:46:46, 2026-07-24 12:59:03, 2026-07-24 13:17:09, 2026-07-24 13:33:01, 2026-07-24 13:46:46, 2026-07-24 14:02:07, 2026-07-24 14:17:02, 2026-07-24 14:47:11, 2026-07-24 15:02:07", "cumulative_total": 46.0 }, "geometry": { "type": "Polygon", "coordinates": [ [ [ -69.902317871060632, 46.807394058855877 ], [ -69.908600383268563, 46.810272895221082 ], [ -69.90811067796372, 46.815447972616745 ], [ -69.901337218023997, 46.817744108881783 ], [ -69.895054288079862, 46.814864855655827 ], [ -69.8955452357648, 46.809689883091345 ], [ -69.902317871060632, 46.807394058855877 ] ] ] } },
{ "type": "Feature", "properties": { "hex_id": 912836, "centroid_lon": -69.900356022256219, "centroid_lat": 46.828094124317566, "occurrences_today": 11, "datetimes_today": "2026-07-24 12:19:32, 2026-07-24 12:32:06, 2026-07-24 12:46:46, 2026-07-24 12:59:03, 2026-07-24 13:17:09, 2026-07-24 13:33:01, 2026-07-24 13:46:46, 2026-07-24 14:02:07, 2026-07-24 14:17:02, 2026-07-24 14:47:11, 2026-07-24 15:02:07", "cumulative_total": 46.0 }, "geometry": { "type": "Polygon", "coordinates": [ [ [ -69.900846688004933, 46.822919120924148 ], [ -69.907130860839075, 46.82579810149597 ], [ -69.906640748925611, 46.830973152976725 ], [ -69.899865220730945, 46.833269119060617 ], [ -69.893580629861589, 46.830389721402902 ], [ -69.894071985175202, 46.82521477481302 ], [ -69.900846688004933, 46.822919120924148 ] ] ] } },
{ "type": "Feature", "properties": { "hex_id": 912837, "centroid_lon": -69.898883210162921, "centroid_lat": 46.843619082590088, "occurrences_today": 11, "datetimes_today": "2026-07-24 12:19:32, 2026-07-24 12:32:06, 2026-07-24 12:46:46, 2026-07-24 12:59:03, 2026-07-24 13:17:09, 2026-07-24 13:33:01, 2026-07-24 13:46:46, 2026-07-24 14:02:07, 2026-07-24 14:17:02, 2026-07-24 14:47:11, 2026-07-24 15:02:07", "cumulative_total": 46.0 }, "geometry": { "type": "Polygon", "coordinates": [ [ [ -69.899374283382159, 46.838444105151929 ], [ -69.905660118162118, 46.841323230013572 ], [ -69.905169599218269, 46.84649825556685 ], [ -69.898392001026238, 46.848794051373702 ], [ -69.892105747911828, 46.845914509200888 ], [ -69.892597511276904, 46.840739588598247 ], [ -69.899374283382159, 46.838444105151929 ] ] ] } },
{ "type": "Feature", "properties": { "hex_id": 912838, "centroid_lon": -69.897409174812566, "centroid_lat": 46.859143962971615, "occurrences_today": 11, "datetimes_today": "2026-07-24 12:19:32, 2026-07-24 12:32:06, 2026-07-24 12:46:46, 2026-07-24 12:59:03, 2026-07-24 13:17:09, 2026-07-24 13:33:01, 2026-07-24 13:46:46, 2026-07-24 14:02:07, 2026-07-24 14:17:02, 2026-07-24 14:47:11, 2026-07-24 15:02:07", "cumulative_total": 46.0 }, "geometry": { "type": "Polygon", "coordinates": [ [ [ -69.897900655925142, 46.853969011501334 ], [ -69.904188153971774, 46.856848280736124 ], [ -69.903697227575179, 46.862023280349298 ], [ -69.896917557641515, 46.864318905783115 ], [ -69.890629640960938, 46.861439219011785 ], [ -69.891121812800918, 46.856264324409068 ], [ -69.897900655925142, 46.853969011501334 ] ] ] } },
{ "type": "Feature", "properties": { "hex_id": 912839, "centroid_lon": -69.895933914935583, "centroid_lat": 46.874668765424161, "occurrences_today": 11, "datetimes_today": "2026-07-24 12:19:32, 2026-07-24 12:32:06, 2026-07-24 12:46:46, 2026-07-24 12:59:03, 2026-07-24 13:17:09, 2026-07-24 13:33:01, 2026-07-24 13:46:46, 2026-07-24 14:02:07, 2026-07-24 14:17:02, 2026-07-24 14:47:11, 2026-07-24 15:02:07", "cumulative_total": 46.0 }, "geometry": { "type": "Polygon", "coordinates": [ [ [ -69.896425804364881, 46.869493839934435 ], [ -69.902714967000321, 46.872373253625746 ], [ -69.902223632727981, 46.877548227286191 ], [ -69.895441889306525, 46.8798436822509 ], [ -69.889152307737447, 46.876963850797473 ], [ -69.889644888476354, 46.871788982207406 ], [ -69.896425804364881, 46.869493839934435 ] ] ] } },
{ "type": "Feature", "properties": { "hex_id": 912840, "centroid_lon": -69.894457429260498, "centroid_lat": 46.890193489909727, "occurrences_today": 11, "datetimes_today": "2026-07-24 12:19:32, 2026-07-24 12:32:06, 2026-07-24 12:46:46, 2026-07-24 12:59:03, 2026-07-24 13:17:09, 2026-07-24 13:33:01, 2026-07-24 13:46:46, 2026-07-24 14:02:07, 2026-07-24 14:17:02, 2026-07-24 14:47:11, 2026-07-24 15:02:07", "cumulative_total": 41.0 }, "geometry": { "type": "Polygon", "coordinates": [ [ [ -69.894949727430557, 46.885018590413218 ], [ -69.901240555978177, 46.887898148644553 ], [ -69.900748813406494, 46.893073096339648 ], [ -69.893964994749211, 46.895368380739029 ], [ -69.887673746968062, 46.892488404519895 ], [ -69.888166737030531, 46.887313561955153 ], [ -69.894949727430557, 46.885018590413218 ] ] ] } },
{ "type": "Feature", "properties": { "hex_id": 913446, "centroid_lon": -69.894563204565642, "centroid_lat": 46.820039819563519, "occurrences_today": 11, "datetimes_today": "2026-07-24 12:19:32, 2026-07-24 12:32:06, 2026-07-24 12:46:46, 2026-07-24 12:59:03, 2026-07-24 13:17:09, 2026-07-24 13:33:01, 2026-07-24 13:46:46, 2026-07-24 14:02:07, 2026-07-24 14:17:02, 2026-07-24 14:47:11, 2026-07-24 15:02:07", "cumulative_total": 46.0 }, "geometry": { "type": "Polygon", "coordinates": [ [ [ -69.895054288079862, 46.814864855655827 ], [ -69.901337218023997, 46.817744108881783 ], [ -69.900846688004933, 46.822919120924148 ], [ -69.894071985175202, 46.82521477481302 ], [ -69.887788637635595, 46.822335104569937 ], [ -69.888280410474266, 46.817160197520877 ], [ -69.895054288079862, 46.814864855655827 ] ] ] } },
{ "type": "Feature", "properties": { "hex_id": 913447, "centroid_lon": -69.893089138577821, "centroid_lat": 46.835564659331794, "occurrences_today": 11, "datetimes_today": "2026-07-24 12:19:32, 2026-07-24 12:32:06, 2026-07-24 12:46:46, 2026-07-24 12:59:03, 2026-07-24 13:17:09, 2026-07-24 13:33:01, 2026-07-24 13:46:46, 2026-07-24 14:02:07, 2026-07-24 14:17:02, 2026-07-24 14:47:11, 2026-07-24 15:02:07", "cumulative_total": 46.0 }, "geometry": { "type": "Polygon", "coordinates": [ [ [ -69.893580629861589, 46.830389721402902 ], [ -69.899865220730945, 46.833269119060617 ], [ -69.899374283382159, 46.838444105151929 ], [ -69.892597511276904, 46.840739588598247 ], [ -69.886312502513235, 46.83785977369822 ], [ -69.88680468370211, 46.832684892660026 ], [ -69.893580629861589, 46.830389721402902 ] ] ] } },
{ "type": "Feature", "properties": { "hex_id": 913448, "centroid_lon": -69.891613848435512, "centroid_lat": 46.851089421138298, "occurrences_today": 11, "datetimes_today": "2026-07-24 12:19:32, 2026-07-24 12:32:06, 2026-07-24 12:46:46, 2026-07-24 12:59:03, 2026-07-24 13:17:09, 2026-07-24 13:33:01, 2026-07-24 13:46:46, 2026-07-24 14:02:07, 2026-07-24 14:17:02, 2026-07-24 14:47:11, 2026-07-24 15:02:07", "cumulative_total": 46.0 }, "geometry": { "type": "Polygon", "coordinates": [ [ [ -69.892105747911828, 46.845914509200888 ], [ -69.898392001026238, 46.848794051373702 ], [ -69.897900655925142, 46.853969011501334 ], [ -69.891121812800918, 46.856264324409068 ], [ -69.884835141493127, 46.853384364768601 ], [ -69.885327731455845, 46.848209509753943 ], [ -69.892105747911828, 46.845914509200888 ] ] ] } },
{ "type": "Feature", "properties": { "hex_id": 913449, "centroid_lon": -69.890137332868463, "centroid_lat": 46.866614104945022, "occurrences_today": 11, "datetimes_today": "2026-07-24 12:19:32, 2026-07-24 12:32:06, 2026-07-24 12:46:46, 2026-07-24 12:59:03, 2026-07-24 13:17:09, 2026-07-24 13:33:01, 2026-07-24 13:46:46, 2026-07-24 14:02:07, 2026-07-24 14:17:02, 2026-07-24 14:47:11, 2026-07-24 15:02:07", "cumulative_total": 46.0 }, "geometry": { "type": "Polygon", "coordinates": [ [ [ -69.890629640960938, 46.861439219011785 ], [ -69.896917557641515, 46.864318905783115 ], [ -69.896425804364881, 46.869493839934435 ], [ -69.889644888476354, 46.871788982207406 ], [ -69.883356553303145, 46.868908877742911 ], [ -69.883849552463943, 46.863734048764506 ], [ -69.890629640960938, 46.861439219011785 ] ] ] } },
{ "type": "Feature", "properties": { "hex_id": 913450, "centroid_lon": -69.88865959060459, "centroid_lat": 46.882138710713875, "occurrences_today": 11, "datetimes_today": "2026-07-24 12:19:32, 2026-07-24 12:32:06, 2026-07-24 12:46:46, 2026-07-24 12:59:03, 2026-07-24 13:17:09, 2026-07-24 13:33:01, 2026-07-24 13:46:46, 2026-07-24 14:02:07, 2026-07-24 14:17:02, 2026-07-24 14:47:11, 2026-07-24 15:02:07", "cumulative_total": 46.0 }, "geometry": { "type": "Polygon", "coordinates": [ [ [ -69.889152307737447, 46.876963850797473 ], [ -69.895441889306525, 46.8798436822509 ], [ -69.894949727430557, 46.885018590413218 ], [ -69.888166737030531, 46.887313561955153 ], [ -69.881876736669355, 46.884433312582942 ], [ -69.882370145453081, 46.879258509653546 ], [ -69.889152307737447, 46.876963850797473 ] ] ] } },
{ "type": "Feature", "properties": { "hex_id": 913451, "centroid_lon": -69.887180620369932, "centroid_lat": 46.897663238406722, "occurrences_today": 11, "datetimes_today": "2026-07-24 12:19:32, 2026-07-24 12:32:06, 2026-07-24 12:46:46, 2026-07-24 12:59:03, 2026-07-24 13:17:09, 2026-07-24 13:33:01, 2026-07-24 13:46:46, 2026-07-24 14:02:07, 2026-07-24 14:17:02, 2026-07-24 14:47:11, 2026-07-24 15:02:07", "cumulative_total": 41.0 }, "geometry": { "type": "Polygon", "coordinates": [ [ [ -69.887673746968062, 46.892488404519895 ], [ -69.893964994749211, 46.895368380739029 ], [ -69.893472423849474, 46.900543262899681 ], [ -69.886687357188876, 46.902838063614197 ], [ -69.880395690315922, 46.899957669250512 ], [ -69.880889509148091, 46.89478289238285 ], [ -69.887673746968062, 46.892488404519895 ] ] ] } },
{ "type": "Feature", "properties": { "hex_id": 914057, "centroid_lon": -69.887296728727208, "centroid_lat": 46.827510002950127, "occurrences_today": 11, "datetimes_today": "2026-07-24 12:19:32, 2026-07-24 12:32:06, 2026-07-24 12:46:46, 2026-07-24 12:59:03, 2026-07-24 13:17:09, 2026-07-24 13:33:01, 2026-07-24 13:46:46, 2026-07-24 14:02:07, 2026-07-24 14:17:02, 2026-07-24 14:47:11, 2026-07-24 15:02:07", "cumulative_total": 46.0 }, "geometry": { "type": "Polygon", "coordinates": [ [ [ -69.887788637635595, 46.822335104569937 ], [ -69.894071985175202, 46.82521477481302 ], [ -69.893580629861589, 46.830389721402902 ], [ -69.88680468370211, 46.832684892660026 ], [ -69.880520918707987, 46.829804805243455 ], [ -69.88101351728082, 46.824629963809066 ], [ -69.887788637635595, 46.822335104569937 ] ] ] } },
{ "type": "Feature", "properties": { "hex_id": 914058, "centroid_lon": -69.885820185113502, "centroid_lat": 46.843034646063344, "occurrences_today": 11, "datetimes_today": "2026-07-24 12:19:32, 2026-07-24 12:32:06, 2026-07-24 12:46:46, 2026-07-24 12:59:03, 2026-07-24 13:17:09, 2026-07-24 13:33:01, 2026-07-24 13:46:46, 2026-07-24 14:02:07, 2026-07-24 14:17:02, 2026-07-24 14:47:11, 2026-07-24 15:02:07", "cumulative_total": 46.0 }, "geometry": { "type": "Polygon", "coordinates": [ [ [ -69.886312502513235, 46.83785977369822 ], [ -69.892597511276904, 46.840739588598247 ], [ -69.892105747911828, 46.845914509200888 ], [ -69.885327731455845, 46.848209509753943 ], [ -69.87904230493902, 46.845329277455122 ], [ -69.87953531258421, 46.840154462067886 ], [ -69.886312502513235, 46.83785977369822 ] ] ] } },
{ "type": "Feature", "properties": { "hex_id": 914059, "centroid_lon": -69.88434241517821, "centroid_lat": 46.85855921110592, "occurrences_today": 11, "datetimes_today": "2026-07-24 12:19:32, 2026-07-24 12:32:06, 2026-07-24 12:46:46, 2026-07-24 12:59:03, 2026-07-24 13:17:09, 2026-07-24 13:33:01, 2026-07-24 13:46:46, 2026-07-24 14:02:07, 2026-07-24 14:17:02, 2026-07-24 14:47:11, 2026-07-24 15:02:07", "cumulative_total": 46.0 }, "geometry": { "type": "Polygon", "coordinates": [ [ [ -69.884835141493127, 46.853384364768601 ], [ -69.891121812800918, 46.856264324409068 ], [ -69.890629640960938, 46.861439219011785 ], [ -69.883849552463943, 46.863734048764506 ], [ -69.877562463104169, 46.860853671499818 ], [ -69.878055880246194, 46.855678882172491 ], [ -69.884835141493127, 46.853384364768601 ] ] ] } },
{ "type": "Feature", "properties": { "hex_id": 914060, "centroid_lon": -69.882863417648608, "centroid_lat": 46.874083698039726, "occurrences_today": 11, "datetimes_today": "2026-07-24 12:19:32, 2026-07-24 12:32:06, 2026-07-24 12:46:46, 2026-07-24 12:59:03, 2026-07-24 13:17:09, 2026-07-24 13:33:01, 2026-07-24 13:46:46, 2026-07-24 14:02:07, 2026-07-24 14:17:02, 2026-07-24 14:47:11, 2026-07-24 15:02:07", "cumulative_total": 46.0 }, "geometry": { "type": "Polygon", "coordinates": [ [ [ -69.883356553303145, 46.868908877742911 ], [ -69.889644888476354, 46.871788982207406 ], [ -69.889152307737447, 46.876963850797473 ], [ -69.882370145453081, 46.879258509653546 ], [ -69.876081391928835, 46.876377987339247 ], [ -69.876575218992755, 46.871203224084617 ], [ -69.883356553303145, 46.868908877742911 ] ] ] } },
{ "type": "Feature", "properties": { "hex_id": 914061, "centroid_lon": -69.881383191250109, "centroid_lat": 46.889608106826522, "occurrences_today": 11, "datetimes_today": "2026-07-24 12:19:32, 2026-07-24 12:32:06, 2026-07-24 12:46:46, 2026-07-24 12:59:03, 2026-07-24 13:17:09, 2026-07-24 13:33:01, 2026-07-24 13:46:46, 2026-07-24 14:02:07, 2026-07-24 14:17:02, 2026-07-24 14:47:11, 2026-07-24 15:02:07", "cumulative_total": 46.0 }, "geometry": { "type": "Polygon", "coordinates": [ [ [ -69.881876736669355, 46.884433312582942 ], [ -69.888166737030531, 46.887313561955153 ], [ -69.887673746968062, 46.892488404519895 ], [ -69.880889509148091, 46.89478289238285 ], [ -69.874599090136584, 46.891902224935151 ], [ -69.875093327548072, 46.886727487765938 ], [ -69.881876736669355, 46.884433312582942 ] ] ] } },
{ "type": "Feature", "properties": { "hex_id": 914062, "centroid_lon": -69.879901734706323, "centroid_lat": 46.905132437428094, "occurrences_today": 11, "datetimes_today": "2026-07-24 12:19:32, 2026-07-24 12:32:06, 2026-07-24 12:46:46, 2026-07-24 12:59:03, 2026-07-24 13:17:09, 2026-07-24 13:33:01, 2026-07-24 13:46:46, 2026-07-24 14:02:07, 2026-07-24 14:17:02, 2026-07-24 14:47:11, 2026-07-24 15:02:07", "cumulative_total": 41.0 }, "geometry": { "type": "Polygon", "coordinates": [ [ [ -69.880395690315922, 46.899957669250512 ], [ -69.886687357188876, 46.902838063614197 ], [ -69.8861939573776, 46.908012880140895 ], [ -69.879407642271872, 46.910307196914168 ], [ -69.873115556449122, 46.907426384249128 ], [ -69.873610204634502, 46.902251673178164 ], [ -69.880395690315922, 46.899957669250512 ] ] ] } },
{ "type": "Feature", "properties": { "hex_id": 914668, "centroid_lon": -69.880028183824834, "centroid_lat": 46.834979637996881, "occurrences_today": 11, "datetimes_today": "2026-07-24 12:19:32, 2026-07-24 12:32:06, 2026-07-24 12:46:46, 2026-07-24 12:59:03, 2026-07-24 13:17:09, 2026-07-24 13:33:01, 2026-07-24 13:46:46, 2026-07-24 14:02:07, 2026-07-24 14:17:02, 2026-07-24 14:47:11, 2026-07-24 15:02:07", "cumulative_total": 46.0 }, "geometry": { "type": "Polygon", "coordinates": [ [ [ -69.880520918707987, 46.829804805243455 ], [ -69.88680468370211, 46.832684892660026 ], [ -69.886312502513235, 46.83785977369822 ], [ -69.87953531258421, 46.840154462067886 ], [ -69.873251130276827, 46.83727395732145 ], [ -69.873744555164592, 46.832099181601038 ], [ -69.880520918707987, 46.829804805243455 ] ] ] } },
{ "type": "Feature", "properties": { "hex_id": 914669, "centroid_lon": -69.87854916084207, "centroid_lat": 46.85050408415713, "occurrences_today": 11, "datetimes_today": "2026-07-24 12:19:32, 2026-07-24 12:32:06, 2026-07-24 12:46:46, 2026-07-24 12:59:03, 2026-07-24 13:17:09, 2026-07-24 13:33:01, 2026-07-24 13:46:46, 2026-07-24 14:02:07, 2026-07-24 14:17:02, 2026-07-24 14:47:11, 2026-07-24 15:02:07", "cumulative_total": 46.0 }, "geometry": { "type": "Polygon", "coordinates": [ [ [ -69.87904230493902, 46.845329277455122 ], [ -69.885327731455845, 46.848209509753943 ], [ -69.884835141493127, 46.853384364768601 ], [ -69.878055880246194, 46.855678882172491 ], [ -69.871770036117667, 46.852798232318442 ], [ -69.87226387080058, 46.847623482681591 ], [ -69.87904230493902, 46.845329277455122 ] ] ] } },
{ "type": "Feature", "properties": { "hex_id": 914670, "centroid_lon": -69.877068909368759, "centroid_lat": 46.866028452137662, "occurrences_today": 11, "datetimes_today": "2026-07-24 12:19:32, 2026-07-24 12:32:06, 2026-07-24 12:46:46, 2026-07-24 12:59:03, 2026-07-24 13:17:09, 2026-07-24 13:33:01, 2026-07-24 13:46:46, 2026-07-24 14:02:07, 2026-07-24 14:17:02, 2026-07-24 14:47:11, 2026-07-24 15:02:07", "cumulative_total": 46.0 }, "geometry": { "type": "Polygon", "coordinates": [ [ [ -69.877562463104169, 46.860853671499818 ], [ -69.883849552463943, 46.863734048764506 ], [ -69.883356553303145, 46.868908877742911 ], [ -69.876575218992755, 46.871203224084617 ], [ -69.870287711722611, 46.868322429039175 ], [ -69.870781956625962, 46.863147705498655 ], [ -69.877562463104169, 46.860853671499818 ] ] ] } },
{ "type": "Feature", "properties": { "hex_id": 914671, "centroid_lon": -69.87558742812972, "centroid_lat": 46.881552741900173, "occurrences_today": 11, "datetimes_today": "2026-07-24 12:19:32, 2026-07-24 12:32:06, 2026-07-24 12:46:46, 2026-07-24 12:59:03, 2026-07-24 13:17:09, 2026-07-24 13:33:01, 2026-07-24 13:46:46, 2026-07-24 14:02:07, 2026-07-24 14:17:02, 2026-07-24 14:47:11, 2026-07-24 15:02:07", "cumulative_total": 46.0 }, "geometry": { "type": "Polygon", "coordinates": [ [ [ -69.876081391928835, 46.876377987339247 ], [ -69.882370145453081, 46.879258509653546 ], [ -69.881876736669355, 46.884433312582942 ], [ -69.875093327548072, 46.886727487765938 ], [ -69.86880415581463, 46.883846547445238 ], [ -69.869298811364317, 46.87867185001388 ], [ -69.876081391928835, 46.876377987339247 ] ] ] } },
{ "type": "Feature", "properties": { "hex_id": 914672, "centroid_lon": -69.874104715847849, "centroid_lat": 46.897076953406362, "occurrences_today": 11, "datetimes_today": "2026-07-24 12:19:32, 2026-07-24 12:32:06, 2026-07-24 12:46:46, 2026-07-24 12:59:03, 2026-07-24 13:17:09, 2026-07-24 13:33:01, 2026-07-24 13:46:46, 2026-07-24 14:02:07, 2026-07-24 14:17:02, 2026-07-24 14:47:11, 2026-07-24 15:02:07", "cumulative_total": 46.0 }, "geometry": { "type": "Polygon", "coordinates": [ [ [ -69.874599090136584, 46.891902224935151 ], [ -69.880889509148091, 46.89478289238285 ], [ -69.880395690315922, 46.899957669250512 ], [ -69.873610204634502, 46.902251673178164 ], [ -69.867319367114746, 46.89937058749824 ], [ -69.867814433737266, 46.894195916188842 ], [ -69.874599090136584, 46.891902224935151 ] ] ] } },
{ "type": "Feature", "properties": { "hex_id": 915279, "centroid_lon": -69.872757568837883, "centroid_lat": 46.842448724348777, "occurrences_today": 11, "datetimes_today": "2026-07-24 12:19:32, 2026-07-24 12:32:06, 2026-07-24 12:46:46, 2026-07-24 12:59:03, 2026-07-24 13:17:09, 2026-07-24 13:33:01, 2026-07-24 13:46:46, 2026-07-24 14:02:07, 2026-07-24 14:17:02, 2026-07-24 14:47:11, 2026-07-24 15:02:07", "cumulative_total": 46.0 }, "geometry": { "type": "Polygon", "coordinates": [ [ [ -69.873251130276827, 46.83727395732145 ], [ -69.87953531258421, 46.840154462067886 ], [ -69.87904230493902, 46.845329277455122 ], [ -69.87226387080058, 46.847623482681591 ], [ -69.865979271321436, 46.84474256044885 ], [ -69.866473523105256, 46.839567850541776 ], [ -69.873251130276827, 46.83727395732145 ] ] ] } },
{ "type": "Feature", "properties": { "hex_id": 915280, "centroid_lon": -69.871276064741878, "centroid_lat": 46.857972973257937, "occurrences_today": 11, "datetimes_today": "2026-07-24 12:19:32, 2026-07-24 12:32:06, 2026-07-24 12:46:46, 2026-07-24 12:59:03, 2026-07-24 13:17:09, 2026-07-24 13:33:01, 2026-07-24 13:46:46, 2026-07-24 14:02:07, 2026-07-24 14:17:02, 2026-07-24 14:47:11, 2026-07-24 15:02:07", "cumulative_total": 46.0 }, "geometry": { "type": "Polygon", "coordinates": [ [ [ -69.871770036117667, 46.852798232318442 ], [ -69.878055880246194, 46.855678882172491 ], [ -69.877562463104169, 46.860853671499818 ], [ -69.870781956625962, 46.863147705498655 ], [ -69.864495695027472, 46.860266637932845 ], [ -69.864990357329859, 46.855091954145813 ], [ -69.871770036117667, 46.852798232318442 ] ] ] } },
{ "type": "Feature", "properties": { "hex_id": 915281, "centroid_lon": -69.869793329984503, "centroid_lat": 46.873497143878048, "occurrences_today": 11, "datetimes_today": "2026-07-24 12:19:32, 2026-07-24 12:32:06, 2026-07-24 12:46:46, 2026-07-24 12:59:03, 2026-07-24 13:17:09, 2026-07-24 13:33:01, 2026-07-24 13:46:46, 2026-07-24 14:02:07, 2026-07-24 14:17:02, 2026-07-24 14:47:11, 2026-07-24 15:02:07", "cumulative_total": 46.0 }, "geometry": { "type": "Polygon", "coordinates": [ [ [ -69.870287711722611, 46.868322429039175 ], [ -69.876575218992755, 46.871203224084617 ], [ -69.876081391928835, 46.876377987339247 ], [ -69.869298811364317, 46.87867185001388 ], [ -69.863010886325768, 46.875790637031081 ], [ -69.863505959572805, 46.870615979376915 ], [ -69.870287711722611, 46.868322429039175 ] ] ] } },
{ "type": "Feature", "properties": { "hex_id": 915282, "centroid_lon": -69.868309363288091, "centroid_lat": 46.889021236170706, "occurrences_today": 11, "datetimes_today": "2026-07-24 12:19:32, 2026-07-24 12:32:06, 2026-07-24 12:46:46, 2026-07-24 12:59:03, 2026-07-24 13:17:09, 2026-07-24 13:33:01, 2026-07-24 13:46:46, 2026-07-24 14:02:07, 2026-07-24 14:17:02, 2026-07-24 14:47:11, 2026-07-24 15:02:07", "cumulative_total": 46.0 }, "geometry": { "type": "Polygon", "coordinates": [ [ [ -69.86880415581463, 46.883846547445238 ], [ -69.875093327548072, 46.886727487765938 ], [ -69.874599090136584, 46.891902224935151 ], [ -69.867814433737266, 46.894195916188842 ], [ -69.861524843936763, 46.891314557705044 ], [ -69.86202032855519, 46.886139926196577 ], [ -69.86880415581463, 46.883846547445238 ] ] ] } },
{ "type": "Feature", "properties": { "hex_id": 915283, "centroid_lon": -69.866824163373053, "centroid_lat": 46.904545250097456, "occurrences_today": 11, "datetimes_today": "2026-07-24 12:19:32, 2026-07-24 12:32:06, 2026-07-24 12:46:46, 2026-07-24 12:59:03, 2026-07-24 13:17:09, 2026-07-24 13:33:01, 2026-07-24 13:46:46, 2026-07-24 14:02:07, 2026-07-24 14:17:02, 2026-07-24 14:47:11, 2026-07-24 15:02:07", "cumulative_total": 46.0 }, "geometry": { "type": "Polygon", "coordinates": [ [ [ -69.867319367114746, 46.89937058749824 ], [ -69.873610204634502, 46.902251673178164 ], [ -69.873115556449122, 46.907426384249128 ], [ -69.866328822464695, 46.909719903985078 ], [ -69.860037566579038, 46.90683839991619 ], [ -69.860533462996202, 46.901663794566282 ], [ -69.867319367114746, 46.89937058749824 ] ] ] } },
{ "type": "Feature", "properties": { "hex_id": 915889, "centroid_lon": -69.86696763814416, "centroid_lat": 46.834393131930888, "occurrences_today": 11, "datetimes_today": "2026-07-24 12:19:32, 2026-07-24 12:32:06, 2026-07-24 12:46:46, 2026-07-24 12:59:03, 2026-07-24 13:17:09, 2026-07-24 13:33:01, 2026-07-24 13:46:46, 2026-07-24 14:02:07, 2026-07-24 14:17:02, 2026-07-24 14:47:11, 2026-07-24 15:02:07", "cumulative_total": 46.0 }, "geometry": { "type": "Polygon", "coordinates": [ [ [ -69.867461616485372, 46.829218404617563 ], [ -69.873744555164592, 46.832099181601038 ], [ -69.873251130276827, 46.83727395732145 ], [ -69.866473523105256, 46.839567850541776 ], [ -69.860190167693901, 46.836686656141026 ], [ -69.860684836139001, 46.831511986003044 ], [ -69.867461616485372, 46.829218404617563 ] ] ] } },
{ "type": "Feature", "properties": { "hex_id": 915890, "centroid_lon": -69.865484882745392, "centroid_lat": 46.849917261650681, "occurrences_today": 11, "datetimes_today": "2026-07-24 12:19:32, 2026-07-24 12:32:06, 2026-07-24 12:46:46, 2026-07-24 12:59:03, 2026-07-24 13:17:09, 2026-07-24 13:33:01, 2026-07-24 13:46:46, 2026-07-24 14:02:07, 2026-07-24 14:17:02, 2026-07-24 14:47:11, 2026-07-24 15:02:07", "cumulative_total": 46.0 }, "geometry": { "type": "Polygon", "coordinates": [ [ [ -69.865979271321436, 46.84474256044885 ], [ -69.87226387080058, 46.847623482681591 ], [ -69.871770036117667, 46.852798232318442 ], [ -69.864990357329859, 46.855091954145813 ], [ -69.858705340820762, 46.852210614270383 ], [ -69.859200420082104, 46.847035970276139 ], [ -69.865979271321436, 46.84474256044885 ] ] ] } },
{ "type": "Feature", "properties": { "hex_id": 915891, "centroid_lon": -69.864000895790923, "centroid_lat": 46.865441313010365, "occurrences_today": 11, "datetimes_today": "2026-07-24 12:19:32, 2026-07-24 12:32:06, 2026-07-24 12:46:46, 2026-07-24 12:59:03, 2026-07-24 13:17:09, 2026-07-24 13:33:01, 2026-07-24 13:46:46, 2026-07-24 14:02:07, 2026-07-24 14:17:02, 2026-07-24 14:47:11, 2026-07-24 15:02:07", "cumulative_total": 46.0 }, "geometry": { "type": "Polygon", "coordinates": [ [ [ -69.864495695027472, 46.860266637932845 ], [ -69.870781956625962, 46.863147705498655 ], [ -69.870287711722611, 46.868322429039175 ], [ -69.863505959572805, 46.870615979376915 ], [ -69.857219280646348, 46.867734493942869 ], [ -69.85771477115027, 46.862559876105188 ], [ -69.864495695027472, 46.860266637932845 ] ] ] } },
{ "type": "Feature", "properties": { "hex_id": 915892, "centroid_lon": -69.862515676002388, "centroid_lat": 46.880965285971456, "occurrences_today": 11, "datetimes_today": "2026-07-24 12:19:32, 2026-07-24 12:32:06, 2026-07-24 12:46:46, 2026-07-24 12:59:03, 2026-07-24 13:17:09, 2026-07-24 13:33:01, 2026-07-24 13:46:46, 2026-07-24 14:02:07, 2026-07-24 14:17:02, 2026-07-24 14:47:11, 2026-07-24 15:02:07", "cumulative_total": 46.0 }, "geometry": { "type": "Polygon", "coordinates": [ [ [ -69.863010886325768, 46.875790637031081 ], [ -69.869298811364317, 46.87867185001388 ], [ -69.86880415581463, 46.883846547445238 ], [ -69.86202032855519, 46.886139926196577 ], [ -69.855731985890458, 46.883258295119852 ], [ -69.856227888063898, 46.878083703451637 ], [ -69.863010886325768, 46.875790637031081 ] ] ] } },
{ "type": "Feature", "properties": { "hex_id": 915893, "centroid_lon": -69.861029222099603, "centroid_lat": 46.896489180495429, "occurrences_today": 11, "datetimes_today": "2026-07-24 12:19:32, 2026-07-24 12:32:06, 2026-07-24 12:46:46, 2026-07-24 12:59:03, 2026-07-24 13:17:09, 2026-07-24 13:33:01, 2026-07-24 13:46:46, 2026-07-24 14:02:07, 2026-07-24 14:17:02, 2026-07-24 14:47:11, 2026-07-24 15:02:07", "cumulative_total": 46.0 }, "geometry": { "type": "Polygon", "coordinates": [ [ [ -69.861524843936763, 46.891314557705044 ], [ -69.867814433737266, 46.894195916188842 ], [ -69.867319367114746, 46.89937058749824 ], [ -69.860533462996202, 46.901663794566282 ], [ -69.85424345527106, 46.898782017762734 ], [ -69.854739769541581, 46.893607452276839 ], [ -69.861524843936763, 46.891314557705044 ] ] ] } },
{ "type": "Feature", "properties": { "hex_id": 915894, "centroid_lon": -69.859541532800549, "centroid_lat": 46.912012996543694, "occurrences_today": 11, "datetimes_today": "2026-07-24 12:19:32, 2026-07-24 12:32:06, 2026-07-24 12:46:46, 2026-07-24 12:59:03, 2026-07-24 13:17:09, 2026-07-24 13:33:01, 2026-07-24 13:46:46, 2026-07-24 14:02:07, 2026-07-24 14:17:02, 2026-07-24 14:47:11, 2026-07-24 15:02:07", "cumulative_total": 41.0 }, "geometry": { "type": "Polygon", "coordinates": [ [ [ -69.860037566579038, 46.90683839991619 ], [ -69.866328822464695, 46.909719903985078 ], [ -69.865833344342192, 46.914894549159676 ], [ -69.85904536161317, 46.917187584447419 ], [ -69.852753687504205, 46.914305661832799 ], [ -69.853250414299978, 46.909131122542135 ], [ -69.860037566579038, 46.90683839991619 ] ] ] } },
{ "type": "Feature", "properties": { "hex_id": 916500, "centroid_lon": -69.859695362357371, "centroid_lat": 46.841861317565872, "occurrences_today": 11, "datetimes_today": "2026-07-24 12:19:32, 2026-07-24 12:32:06, 2026-07-24 12:46:46, 2026-07-24 12:59:03, 2026-07-24 13:17:09, 2026-07-24 13:33:01, 2026-07-24 13:46:46, 2026-07-24 14:02:07, 2026-07-24 14:17:02, 2026-07-24 14:47:11, 2026-07-24 15:02:07", "cumulative_total": 46.0 }, "geometry": { "type": "Polygon", "coordinates": [ [ [ -69.860190167693901, 46.836686656141026 ], [ -69.866473523105256, 46.839567850541776 ], [ -69.865979271321436, 46.84474256044885 ], [ -69.859200420082104, 46.847035970276139 ], [ -69.852916648080452, 46.844154358301715 ], [ -69.853412143861078, 46.838979754139494 ], [ -69.860190167693901, 46.836686656141026 ] ] ] } },
{ "type": "Feature", "properties": { "hex_id": 916501, "centroid_lon": -69.858210124525925, "centroid_lat": 46.857385249547228, "occurrences_today": 11, "datetimes_today": "2026-07-24 12:19:32, 2026-07-24 12:32:06, 2026-07-24 12:46:46, 2026-07-24 12:59:03, 2026-07-24 13:17:09, 2026-07-24 13:33:01, 2026-07-24 13:46:46, 2026-07-24 14:02:07, 2026-07-24 14:17:02, 2026-07-24 14:47:11, 2026-07-24 15:02:07", "cumulative_total": 46.0 }, "geometry": { "type": "Polygon", "coordinates": [ [ [ -69.858705340820762, 46.852210614270383 ], [ -69.864990357329859, 46.855091954145813 ], [ -69.864495695027472, 46.860266637932845 ], [ -69.85771477115027, 46.862559876105188 ], [ -69.851429337753288, 46.859678118430637 ], [ -69.851925245073986, 46.854503540448718 ], [ -69.858705340820762, 46.852210614270383 ] ] ] } },
{ "type": "Feature", "properties": { "hex_id": 916502, "centroid_lon": -69.856723652966707, "centroid_lat": 46.872909103058817, "occurrences_today": 11, "datetimes_today": "2026-07-24 12:19:32, 2026-07-24 12:32:06, 2026-07-24 12:46:46, 2026-07-24 12:59:03, 2026-07-24 13:17:09, 2026-07-24 13:33:01, 2026-07-24 13:46:46, 2026-07-24 14:02:07, 2026-07-24 14:17:02, 2026-07-24 14:47:11, 2026-07-24 15:02:07", "cumulative_total": 46.0 }, "geometry": { "type": "Polygon", "coordinates": [ [ [ -69.857219280646348, 46.867734493942869 ], [ -69.863505959572805, 46.870615979376915 ], [ -69.863010886325768, 46.875790637031081 ], [ -69.856227888063898, 46.878083703451637 ], [ -69.849940791951738, 46.875201799992801 ], [ -69.850437111239657, 46.87002724820411 ], [ -69.857219280646348, 46.867734493942869 ] ] ] } },
{ "type": "Feature", "properties": { "hex_id": 916503, "centroid_lon": -69.855235946398864, "centroid_lat": 46.888432878062062, "occurrences_today": 11, "datetimes_today": "2026-07-24 12:19:32, 2026-07-24 12:32:06, 2026-07-24 12:46:46, 2026-07-24 12:59:03, 2026-07-24 13:17:09, 2026-07-24 13:33:01, 2026-07-24 13:46:46, 2026-07-24 14:02:07, 2026-07-24 14:17:02, 2026-07-24 14:47:11, 2026-07-24 15:02:07", "cumulative_total": 46.0 }, "geometry": { "type": "Polygon", "coordinates": [ [ [ -69.855731985890458, 46.883258295119852 ], [ -69.86202032855519, 46.886139926196577 ], [ -69.861524843936763, 46.891314557705044 ], [ -69.854739769541581, 46.893607452276839 ], [ -69.848451009393131, 46.890725402949577 ], [ -69.848947741076032, 46.885550877366974 ], [ -69.855731985890458, 46.883258295119852 ] ] ] } },
{ "type": "Feature", "properties": { "hex_id": 916504, "centroid_lon": -69.853747003539723, "centroid_lat": 46.903956574518311, "occurrences_today": 11, "datetimes_today": "2026-07-24 12:19:32, 2026-07-24 12:32:06, 2026-07-24 12:46:46, 2026-07-24 12:59:03, 2026-07-24 13:17:09, 2026-07-24 13:33:01, 2026-07-24 13:46:46, 2026-07-24 14:02:07, 2026-07-24 14:17:02, 2026-07-24 14:47:11, 2026-07-24 15:02:07", "cumulative_total": 46.0 }, "geometry": { "type": "Polygon", "coordinates": [ [ [ -69.85424345527106, 46.898782017762734 ], [ -69.860533462996202, 46.901663794566282 ], [ -69.860037566579038, 46.90683839991619 ], [ -69.853250414299978, 46.909131122542135 ], [ -69.846959988792889, 46.906248927262141 ], [ -69.847457133299187, 46.901074427898592 ], [ -69.85424345527106, 46.898782017762734 ] ] ] } },
{ "type": "Feature", "properties": { "hex_id": 917111, "centroid_lon": -69.852421015167238, "centroid_lat": 46.849328953738599, "occurrences_today": 11, "datetimes_today": "2026-07-24 12:19:32, 2026-07-24 12:32:06, 2026-07-24 12:46:46, 2026-07-24 12:59:03, 2026-07-24 13:17:09, 2026-07-24 13:33:01, 2026-07-24 13:46:46, 2026-07-24 14:02:07, 2026-07-24 14:17:02, 2026-07-24 14:47:11, 2026-07-24 15:02:07", "cumulative_total": 46.0 }, "geometry": { "type": "Polygon", "coordinates": [ [ [ -69.852916648080452, 46.844154358301715 ], [ -69.859200420082104, 46.847035970276139 ], [ -69.858705340820762, 46.852210614270383 ], [ -69.851925245073986, 46.854503540448718 ], [ -69.845641056624203, 46.851621510744287 ], [ -69.846137380321892, 46.846446972657382 ], [ -69.852916648080452, 46.844154358301715 ] ] ] } },
{ "type": "Feature", "properties": { "hex_id": 917112, "centroid_lon": -69.850933293157681, "centroid_lat": 46.864852687682905, "occurrences_today": 11, "datetimes_today": "2026-07-24 12:19:32, 2026-07-24 12:32:06, 2026-07-24 12:46:46, 2026-07-24 12:59:03, 2026-07-24 13:17:09, 2026-07-24 13:33:01, 2026-07-24 13:46:46, 2026-07-24 14:02:07, 2026-07-24 14:17:02, 2026-07-24 14:47:11, 2026-07-24 15:02:07", "cumulative_total": 41.0 }, "geometry": { "type": "Polygon", "coordinates": [ [ [ -69.851429337753288, 46.859678118430637 ], [ -69.85771477115027, 46.862559876105188 ], [ -69.857219280646348, 46.867734493942869 ], [ -69.850437111239657, 46.87002724820411 ], [ -69.844151261097153, 46.867145072573962 ], [ -69.844647997059354, 46.861970560704023 ], [ -69.851429337753288, 46.859678118430637 ] ] ] } },
{ "type": "Feature", "properties": { "hex_id": 917113, "centroid_lon": -69.849444335246389, "centroid_lat": 46.88037634304758, "occurrences_today": 11, "datetimes_today": "2026-07-24 12:19:32, 2026-07-24 12:32:06, 2026-07-24 12:46:46, 2026-07-24 12:59:03, 2026-07-24 13:17:09, 2026-07-24 13:33:01, 2026-07-24 13:46:46, 2026-07-24 14:02:07, 2026-07-24 14:17:02, 2026-07-24 14:47:11, 2026-07-24 15:02:07", "cumulative_total": 46.0 }, "geometry": { "type": "Polygon", "coordinates": [ [ [ -69.849940791951738, 46.875201799992801 ], [ -69.856227888063898, 46.878083703451637 ], [ -69.855731985890458, 46.883258295119852 ], [ -69.848947741076032, 46.885550877366974 ], [ -69.842660227920746, 46.882668555726859 ], [ -69.843157376575434, 46.877494070086826 ], [ -69.849940791951738, 46.875201799992801 ] ] ] } },
{ "type": "Feature", "properties": { "hex_id": 917114, "centroid_lon": -69.847954140150037, "centroid_lat": 46.895899919793926, "occurrences_today": 11, "datetimes_today": "2026-07-24 12:19:32, 2026-07-24 12:32:06, 2026-07-24 12:46:46, 2026-07-24 12:59:03, 2026-07-24 13:17:09, 2026-07-24 13:33:01, 2026-07-24 13:46:46, 2026-07-24 14:02:07, 2026-07-24 14:17:02, 2026-07-24 14:47:11, 2026-07-24 15:02:07", "cumulative_total": 46.0 }, "geometry": { "type": "Polygon", "coordinates": [ [ [ -69.848451009393131, 46.890725402949577 ], [ -69.854739769541581, 46.893607452276839 ], [ -69.85424345527106, 46.898782017762734 ], [ -69.847457133299187, 46.901074427898592 ], [ -69.84116795580978, 46.898191960164169 ], [ -69.841665517585568, 46.89301750076698 ], [ -69.848451009393131, 46.890725402949577 ] ] ] } },
{ "type": "Feature", "properties": { "hex_id": 917723, "centroid_lon": -69.843654387618372, "centroid_lat": 46.872319575702029, "occurrences_today": 11, "datetimes_today": "2026-07-24 12:19:32, 2026-07-24 12:32:06, 2026-07-24 12:46:46, 2026-07-24 12:59:03, 2026-07-24 13:17:09, 2026-07-24 13:33:01, 2026-07-24 13:46:46, 2026-07-24 14:02:07, 2026-07-24 14:17:02, 2026-07-24 14:47:11, 2026-07-24 15:02:07", "cumulative_total": 41.0 }, "geometry": { "type": "Polygon", "coordinates": [ [ [ -69.844151261097153, 46.867145072573962 ], [ -69.850437111239657, 46.87002724820411 ], [ -69.849940791951738, 46.875201799992801 ], [ -69.843157376575434, 46.877494070086826 ], [ -69.836871109830014, 46.87461147634459 ], [ -69.837368675016208, 46.869437030686321 ], [ -69.844151261097153, 46.867145072573962 ] ] ] } },
{ "type": "Feature", "properties": { "hex_id": 917724, "centroid_lon": -69.842162941606674, "centroid_lat": 46.887843032620729, "occurrences_today": 11, "datetimes_today": "2026-07-24 12:19:32, 2026-07-24 12:32:06, 2026-07-24 12:46:46, 2026-07-24 12:59:03, 2026-07-24 13:17:09, 2026-07-24 13:33:01, 2026-07-24 13:46:46, 2026-07-24 14:02:07, 2026-07-24 14:17:02, 2026-07-24 14:47:11, 2026-07-24 15:02:07", "cumulative_total": 46.0 }, "geometry": { "type": "Polygon", "coordinates": [ [ [ -69.842660227920746, 46.882668555726859 ], [ -69.848947741076032, 46.885550877366974 ], [ -69.848451009393131, 46.890725402949577 ], [ -69.841665517585568, 46.89301750076698 ], [ -69.835377587529962, 46.890134760788989 ], [ -69.835875566134561, 46.884960341397374 ], [ -69.842660227920746, 46.882668555726859 ] ] ] } },
{ "type": "Feature", "properties": { "hex_id": 917725, "centroid_lon": -69.840670256231604, "centroid_lat": 46.903366410810868, "occurrences_today": 11, "datetimes_today": "2026-07-24 12:19:32, 2026-07-24 12:32:06, 2026-07-24 12:46:46, 2026-07-24 12:59:03, 2026-07-24 13:17:09, 2026-07-24 13:33:01, 2026-07-24 13:46:46, 2026-07-24 14:02:07, 2026-07-24 14:17:02, 2026-07-24 14:47:11, 2026-07-24 15:02:07", "cumulative_total": 41.0 }, "geometry": { "type": "Polygon", "coordinates": [ [ [ -69.84116795580978, 46.898191960164169 ], [ -69.847457133299187, 46.901074427898592 ], [ -69.846959988792889, 46.906248927262141 ], [ -69.840172418803334, 46.90854085270562 ], [ -69.833882824116003, 46.905657966407396 ], [ -69.834381216568431, 46.900483573295453 ], [ -69.84116795580978, 46.898191960164169 ] ] ] } },
{ "type": "Feature", "properties": { "hex_id": 918334, "centroid_lon": -69.836373406885329, "centroid_lat": 46.879785913248767, "occurrences_today": 11, "datetimes_today": "2026-07-24 12:19:32, 2026-07-24 12:32:06, 2026-07-24 12:46:46, 2026-07-24 12:59:03, 2026-07-24 13:17:09, 2026-07-24 13:33:01, 2026-07-24 13:46:46, 2026-07-24 14:02:07, 2026-07-24 14:17:02, 2026-07-24 14:47:11, 2026-07-24 15:02:07", "cumulative_total": 41.0 }, "geometry": { "type": "Polygon", "coordinates": [ [ [ -69.836871109830014, 46.87461147634459 ], [ -69.843157376575434, 46.877494070086826 ], [ -69.842660227920746, 46.882668555726859 ], [ -69.835875566134561, 46.884960341397374 ], [ -69.82958888292913, 46.882077329386618 ], [ -69.830087277922203, 46.876902950039771 ], [ -69.836871109830014, 46.87461147634459 ] ] ] } },
{ "type": "Feature", "properties": { "hex_id": 918335, "centroid_lon": -69.834879471023825, "centroid_lat": 46.89530917142217, "occurrences_today": 11, "datetimes_today": "2026-07-24 12:19:32, 2026-07-24 12:32:06, 2026-07-24 12:46:46, 2026-07-24 12:59:03, 2026-07-24 13:17:09, 2026-07-24 13:33:01, 2026-07-24 13:46:46, 2026-07-24 14:02:07, 2026-07-24 14:17:02, 2026-07-24 14:47:11, 2026-07-24 15:02:07", "cumulative_total": 46.0 }, "geometry": { "type": "Polygon", "coordinates": [ [ [ -69.835377587529962, 46.890134760788989 ], [ -69.841665517585568, 46.89301750076698 ], [ -69.84116795580978, 46.898191960164169 ], [ -69.834381216568431, 46.900483573295453 ], [ -69.828092869755622, 46.897600414823039 ], [ -69.828591678893616, 46.892426061779702 ], [ -69.835377587529962, 46.890134760788989 ] ] ] } },
{ "type": "Feature", "properties": { "hex_id": 917118, "centroid_lon": -69.841980962182788, "centroid_lat": 46.957993439819639, "occurrences_today": 9, "datetimes_today": "2026-07-24 12:19:32, 2026-07-24 12:32:06, 2026-07-24 12:46:46, 2026-07-24 12:59:03, 2026-07-24 13:17:09, 2026-07-24 13:33:01, 2026-07-24 13:46:46, 2026-07-24 14:02:07, 2026-07-24 14:17:02", "cumulative_total": 13.0 }, "geometry": { "type": "Polygon", "coordinates": [ [ [ -69.842479485868949, 46.952819027946454 ], [ -69.848774915398693, 46.95570166159132 ], [ -69.848276948451854, 46.960876122218735 ], [ -69.841482300315576, 46.963167842935924 ], [ -69.835186452251506, 46.960284789979056 ], [ -69.83568567081015, 46.955110435683082 ], [ -69.842479485868949, 46.952819027946454 ] ] ] } },
{ "type": "Feature", "properties": { "hex_id": 788279, "centroid_lon": -71.250606449937763, "centroid_lat": 46.646555552423365, "occurrences_today": 5, "datetimes_today": "2026-07-24 00:02:05, 2026-07-24 00:16:40, 2026-07-24 00:31:58, 2026-07-24 00:46:49, 2026-07-24 01:01:55", "cumulative_total": 29.0 }, "geometry": { "type": "Polygon", "coordinates": [ [ [ -71.25096513791064, 46.641370925438821 ], [ -71.257305300250437, 46.644176990570408 ], [ -71.256947182934326, 46.649361652625245 ], [ -71.250247662768587, 46.651740172563869 ], [ -71.243907028985419, 46.648933703270913 ], [ -71.244266386777156, 46.643749118266996 ], [ -71.25096513791064, 46.641370925438821 ] ] ] } },
{ "type": "Feature", "properties": { "hex_id": 925664, "centroid_lon": -69.751883503657126, "centroid_lat": 46.938296957215442, "occurrences_today": 11, "datetimes_today": "2026-07-24 12:19:32, 2026-07-24 12:32:06, 2026-07-24 12:46:46, 2026-07-24 12:59:03, 2026-07-24 13:17:09, 2026-07-24 13:33:01, 2026-07-24 13:46:46, 2026-07-24 14:02:07, 2026-07-24 14:17:02, 2026-07-24 14:47:11, 2026-07-24 15:02:07", "cumulative_total": 19.0 }, "geometry": { "type": "Polygon", "coordinates": [ [ [ -69.752390362438433, 46.933123269408533 ], [ -69.75867828743462, 46.936010595060431 ], [ -69.758171983246001, 46.941184332451073 ], [ -69.751376504442163, 46.943470636126754 ], [ -69.745088165311245, 46.940582890780576 ], [ -69.745595719070238, 46.935409261518956 ], [ -69.752390362438433, 46.933123269408533 ] ] ] } },
{ "type": "Feature", "properties": { "hex_id": 789500, "centroid_lon": -71.237567065191612, "centroid_lat": 46.646126900069333, "occurrences_today": 5, "datetimes_today": "2026-07-24 00:02:05, 2026-07-24 00:16:40, 2026-07-24 00:31:58, 2026-07-24 00:46:49, 2026-07-24 01:01:55", "cumulative_total": 38.0 }, "geometry": { "type": "Polygon", "coordinates": [ [ [ -71.237926993418299, 46.640942350261319 ], [ -71.244266386777156, 46.643749118266996 ], [ -71.243907028985419, 46.648933703270913 ], [ -71.237207037427666, 46.65131144301872 ], [ -71.230867173188273, 46.648504270751538 ], [ -71.23122777135282, 46.643319763064341 ], [ -71.237926993418299, 46.640942350261319 ] ] ] } },
{ "type": "Feature", "properties": { "hex_id": 329762, "centroid_lon": -76.148445117195578, "centroid_lat": 46.211244211814275, "occurrences_today": 22, "datetimes_today": "2026-07-24 03:31:53, 2026-07-24 03:47:12, 2026-07-24 04:02:00, 2026-07-24 04:18:15, 2026-07-24 04:31:38, 2026-07-24 04:46:53, 2026-07-24 05:01:54, 2026-07-24 05:22:07, 2026-07-24 05:33:06, 2026-07-24 05:46:52, 2026-07-24 06:18:29, 2026-07-24 06:31:43, 2026-07-24 06:47:25, 2026-07-24 07:16:53, 2026-07-24 07:31:42, 2026-07-24 08:03:56, 2026-07-24 08:18:28, 2026-07-24 08:31:40, 2026-07-24 08:46:43, 2026-07-24 09:01:53, 2026-07-24 09:31:43, 2026-07-24 09:47:55", "cumulative_total": 109.0 }, "geometry": { "type": "Polygon", "coordinates": [ [ [ -76.148336836882933, 46.206049096322289 ], [ -76.154871316731416, 46.20858136712679 ], [ -76.154980222736967, 46.213776468377652 ], [ -76.148553427342065, 46.216439322367322 ], [ -76.142018291961733, 46.213906699711075 ], [ -76.141910607518355, 46.208711574983099 ], [ -76.148336836882933, 46.206049096322289 ] ] ] } },
{ "type": "Feature", "properties": { "hex_id": 330983, "centroid_lon": -76.135483752618853, "centroid_lat": 46.211373696816253, "occurrences_today": 22, "datetimes_today": "2026-07-24 03:31:53, 2026-07-24 03:47:12, 2026-07-24 04:02:00, 2026-07-24 04:18:15, 2026-07-24 04:31:38, 2026-07-24 04:46:53, 2026-07-24 05:01:54, 2026-07-24 05:22:07, 2026-07-24 05:33:06, 2026-07-24 05:46:52, 2026-07-24 06:18:29, 2026-07-24 06:31:43, 2026-07-24 06:47:25, 2026-07-24 07:16:53, 2026-07-24 07:31:42, 2026-07-24 08:03:56, 2026-07-24 08:18:28, 2026-07-24 08:31:40, 2026-07-24 08:46:43, 2026-07-24 09:01:53, 2026-07-24 09:31:43, 2026-07-24 09:47:55", "cumulative_total": 109.0 }, "geometry": { "type": "Polygon", "coordinates": [ [ [ -76.135376693715443, 46.20617855798173 ], [ -76.141910607518355, 46.208711574983099 ], [ -76.142018291961733, 46.213906699711075 ], [ -76.13559084101972, 46.216568830716227 ], [ -76.12905627217431, 46.214035461720897 ], [ -76.128949809323501, 46.20884031378057 ], [ -76.135376693715443, 46.20617855798173 ] ] ] } },
{ "type": "Feature", "properties": { "hex_id": 782289, "centroid_lon": -71.188141551274867, "centroid_lat": 48.437095513202564, "occurrences_today": 14, "datetimes_today": "2026-07-24 13:46:46, 2026-07-24 14:02:07, 2026-07-24 14:17:02, 2026-07-24 14:47:11, 2026-07-24 15:02:07, 2026-07-24 15:17:47, 2026-07-24 15:31:41, 2026-07-24 15:56:02, 2026-07-24 16:16:41, 2026-07-24 16:31:40, 2026-07-24 16:47:02, 2026-07-24 17:01:51, 2026-07-24 17:16:43, 2026-07-24 17:31:38", "cumulative_total": 21.0 }, "geometry": { "type": "Polygon", "coordinates": [ [ [ -71.188529782858126, 48.431912883847765 ], [ -71.195080523961479, 48.434727736686973 ], [ -71.19469292035339, 48.439910402994293 ], [ -71.187753209562729, 48.4422781355292 ], [ -71.181201950633039, 48.439462852869489 ], [ -71.181590920280499, 48.434280267566244 ], [ -71.188529782858126, 48.431912883847765 ] ] ] } },
{ "type": "Feature", "properties": { "hex_id": 891501, "centroid_lon": -70.082611745001614, "centroid_lat": 47.342773568086763, "occurrences_today": 5, "datetimes_today": "2026-07-24 05:46:52, 2026-07-24 06:18:29, 2026-07-24 06:31:43, 2026-07-24 06:47:25, 2026-07-24 07:16:53", "cumulative_total": 8.0 }, "geometry": { "type": "Polygon", "coordinates": [ [ [ -70.083093504300763, 47.337597586079163 ], [ -70.089447160041956, 47.340468987840012 ], [ -70.088965973445028, 47.345645016668591 ], [ -70.082129851407046, 47.347949541658146 ], [ -70.075775757282585, 47.345077716988506 ], [ -70.076258223532321, 47.339901790305341 ], [ -70.083093504300763, 47.337597586079163 ] ] ] } },
{ "type": "Feature", "properties": { "hex_id": 793162, "centroid_lon": -71.199541350280384, "centroid_lat": 46.629279074669803, "occurrences_today": 5, "datetimes_today": "2026-07-24 00:02:05, 2026-07-24 00:16:40, 2026-07-24 00:31:58, 2026-07-24 00:46:49, 2026-07-24 01:01:55", "cumulative_total": 6.0 }, "geometry": { "type": "Polygon", "coordinates": [ [ [ -71.199904697177985, 46.6240947372821 ], [ -71.20624007244821, 46.626903506174827 ], [ -71.205877294860258, 46.632087879114017 ], [ -71.199177902926948, 46.634463405157 ], [ -71.19284205882019, 46.631654231922795 ], [ -71.193206075448671, 46.626469937053294 ], [ -71.199904697177985, 46.6240947372821 ] ] ] } },
{ "type": "Feature", "properties": { "hex_id": 793773, "centroid_lon": -71.192477941548347, "centroid_lat": 46.636838519884002, "occurrences_today": 5, "datetimes_today": "2026-07-24 00:02:05, 2026-07-24 00:16:40, 2026-07-24 00:31:58, 2026-07-24 00:46:49, 2026-07-24 01:01:55", "cumulative_total": 6.0 }, "geometry": { "type": "Polygon", "coordinates": [ [ [ -71.19284205882019, 46.631654231922795 ], [ -71.199177902926948, 46.634463405157 ], [ -71.198814355083059, 46.639647728742929 ], [ -71.192113723598439, 46.642022800936189 ], [ -71.185777410759158, 46.639213223200834 ], [ -71.186142198102317, 46.634028977839577 ], [ -71.19284205882019, 46.631654231922795 ] ] ] } },
{ "type": "Feature", "properties": { "hex_id": 793774, "centroid_lon": -71.191384985525545, "centroid_lat": 46.652391342310374, "occurrences_today": 5, "datetimes_today": "2026-07-24 00:02:05, 2026-07-24 00:16:40, 2026-07-24 00:31:58, 2026-07-24 00:46:49, 2026-07-24 01:01:55", "cumulative_total": 6.0 }, "geometry": { "type": "Polygon", "coordinates": [ [ [ -71.191749404935749, 46.647207075078541 ], [ -71.198086957785307, 46.650016355207946 ], [ -71.197723108262096, 46.655200658085519 ], [ -71.191020465333068, 46.657575602630878 ], [ -71.18468244339617, 46.654765917780566 ], [ -71.185047533440866, 46.649581693172088 ], [ -71.191749404935749, 46.647207075078541 ] ] ] } },
{ "type": "Feature", "properties": { "hex_id": 794384, "centroid_lon": -71.18541252255028, "centroid_lat": 46.644397461645241, "occurrences_today": 5, "datetimes_today": "2026-07-24 00:02:05, 2026-07-24 00:16:40, 2026-07-24 00:31:58, 2026-07-24 00:46:49, 2026-07-24 01:01:55", "cumulative_total": 6.0 }, "geometry": { "type": "Polygon", "coordinates": [ [ [ -71.185777410759158, 46.639213223200834 ], [ -71.192113723598439, 46.642022800936189 ], [ -71.191749404935749, 46.647207075078541 ], [ -71.185047533440866, 46.649581693172088 ], [ -71.178710751973298, 46.646771710775909 ], [ -71.179076310594098, 46.641587515013256 ], [ -71.185777410759158, 46.639213223200834 ] ] ] } },
{ "type": "Feature", "properties": { "hex_id": 794994, "centroid_lon": -71.179441768161468, "centroid_lat": 46.636403312325982, "occurrences_today": 5, "datetimes_today": "2026-07-24 00:02:05, 2026-07-24 00:16:40, 2026-07-24 00:31:58, 2026-07-24 00:46:49, 2026-07-24 01:01:55", "cumulative_total": 6.0 }, "geometry": { "type": "Polygon", "coordinates": [ [ [ -71.179807124710209, 46.631219102714844 ], [ -71.186142198102317, 46.634028977839577 ], [ -71.185777410759158, 46.639213223200834 ], [ -71.179076310594098, 46.641587515013256 ], [ -71.17274076903243, 46.638777235287826 ], [ -71.173106795770551, 46.633593068416872 ], [ -71.179807124710209, 46.631219102714844 ] ] ] } },
{ "type": "Feature", "properties": { "hex_id": 795605, "centroid_lon": -71.172374641088012, "centroid_lat": 46.643961395227102, "occurrences_today": 5, "datetimes_today": "2026-07-24 00:02:05, 2026-07-24 00:16:40, 2026-07-24 00:31:58, 2026-07-24 00:46:49, 2026-07-24 01:01:55", "cumulative_total": 6.0 }, "geometry": { "type": "Polygon", "coordinates": [ [ [ -71.17274076903243, 46.638777235287826 ], [ -71.179076310594098, 46.641587515013256 ], [ -71.178710751973298, 46.646771710775909 ], [ -71.172008411902368, 46.649145548233946 ], [ -71.165672402275732, 46.646334863748152 ], [ -71.166039200750077, 46.641150746630927 ], [ -71.17274076903243, 46.638777235287826 ] ] ] } },
{ "type": "Feature", "properties": { "hex_id": 873207, "centroid_lon": -70.251097424670036, "centroid_lat": 47.677277054371558, "occurrences_today": 6, "datetimes_today": "2026-07-24 00:02:05, 2026-07-24 00:16:40, 2026-07-24 00:31:58, 2026-07-24 00:46:49, 2026-07-24 01:01:55, 2026-07-24 01:16:40", "cumulative_total": 33.0 }, "geometry": { "type": "Polygon", "coordinates": [ [ [ -70.251568192023939, 47.672100086308923 ], [ -70.257971026678575, 47.674963736778032 ], [ -70.257500845540562, 47.680140750344513 ], [ -70.25062652542745, 47.682454014211174 ], [ -70.244223236468926, 47.679589937374821 ], [ -70.24469472188072, 47.674413023107249 ], [ -70.251568192023939, 47.672100086308923 ] ] ] } },
{ "type": "Feature", "properties": { "hex_id": 787669, "centroid_lon": -71.256588966575322, "centroid_lat": 46.654546307842971, "occurrences_today": 5, "datetimes_today": "2026-07-24 00:02:05, 2026-07-24 00:16:40, 2026-07-24 00:31:58, 2026-07-24 00:46:49, 2026-07-24 01:01:55", "cumulative_total": 5.0 }, "geometry": { "type": "Polygon", "coordinates": [ [ [ -71.256947182934326, 46.649361652625245 ], [ -71.26328858580105, 46.652167418767448 ], [ -71.262930940439858, 46.657352109003014 ], [ -71.256230651139248, 46.659730956222845 ], [ -71.249888776368863, 46.656924785859594 ], [ -71.250247662768587, 46.651740172563869 ], [ -71.256947182934326, 46.649361652625245 ] ] ] } },
{ "type": "Feature", "properties": { "hex_id": 788889, "centroid_lon": -71.244625645219244, "centroid_lat": 46.638564526412068, "occurrences_today": 5, "datetimes_today": "2026-07-24 00:02:05, 2026-07-24 00:16:40, 2026-07-24 00:31:58, 2026-07-24 00:46:49, 2026-07-24 01:01:55", "cumulative_total": 5.0 }, "geometry": { "type": "Polygon", "coordinates": [ [ [ -71.244984804345933, 46.633379927706933 ], [ -71.251323726721409, 46.636186291610962 ], [ -71.25096513791064, 46.641370925438821 ], [ -71.244266386777156, 46.643749118266996 ], [ -71.237926993418299, 46.640942350261319 ], [ -71.238286822142044, 46.635757793595374 ], [ -71.244984804345933, 46.633379927706933 ] ] ] } },
{ "type": "Feature", "properties": { "hex_id": 790111, "centroid_lon": -71.23050647529881, "centroid_lat": 46.653688771572405, "occurrences_today": 5, "datetimes_today": "2026-07-24 00:02:05, 2026-07-24 00:16:40, 2026-07-24 00:31:58, 2026-07-24 00:46:49, 2026-07-24 01:01:55", "cumulative_total": 5.0 }, "geometry": { "type": "Polygon", "coordinates": [ [ [ -71.230867173188273, 46.648504270751538 ], [ -71.237207037427666, 46.65131144301872 ], [ -71.236846910092154, 46.656495979108705 ], [ -71.230145677650057, 46.658873265526175 ], [ -71.223805342633227, 46.656065688837614 ], [ -71.224166710801498, 46.650881230219262 ], [ -71.230867173188273, 46.648504270751538 ] ] ] } },
{ "type": "Feature", "properties": { "hex_id": 790719, "centroid_lon": -71.226693492354983, "centroid_lat": 46.614589827458772, "occurrences_today": 5, "datetimes_today": "2026-07-24 00:02:05, 2026-07-24 00:16:40, 2026-07-24 00:31:58, 2026-07-24 00:46:49, 2026-07-24 01:01:55", "cumulative_total": 5.0 }, "geometry": { "type": "Polygon", "coordinates": [ [ [ -71.227054062186227, 46.609405313868741 ], [ -71.233389268041762, 46.612212572789254 ], [ -71.233029267505088, 46.617397121659018 ], [ -71.226332822851944, 46.619774334179922 ], [ -71.219997147390799, 46.616966671336996 ], [ -71.220358386154047, 46.611782199961752 ], [ -71.227054062186227, 46.609405313868741 ] ] ] } },
{ "type": "Feature", "properties": { "hex_id": 790721, "centroid_lon": -71.224527979057186, "centroid_lat": 46.645696764726843, "occurrences_today": 5, "datetimes_today": "2026-07-24 00:02:05, 2026-07-24 00:16:40, 2026-07-24 00:31:58, 2026-07-24 00:46:49, 2026-07-24 01:01:55", "cumulative_total": 5.0 }, "geometry": { "type": "Polygon", "coordinates": [ [ [ -71.224889147434723, 46.640512292361109 ], [ -71.23122777135282, 46.643319763064341 ], [ -71.230867173188273, 46.648504270751538 ], [ -71.224166710801498, 46.650881230219262 ], [ -71.217827616565771, 46.648073355154509 ], [ -71.218189455, 46.642888925049832 ], [ -71.224889147434723, 46.640512292361109 ] ] ] } },
{ "type": "Feature", "properties": { "hex_id": 791330, "centroid_lon": -71.219635808768473, "centroid_lat": 46.622151135835679, "occurrences_today": 5, "datetimes_today": "2026-07-24 00:02:05, 2026-07-24 00:16:40, 2026-07-24 00:31:58, 2026-07-24 00:46:49, 2026-07-24 01:01:55", "cumulative_total": 5.0 }, "geometry": { "type": "Polygon", "coordinates": [ [ [ -71.219997147390799, 46.616966671336996 ], [ -71.226332822851944, 46.619774334179922 ], [ -71.225972053642778, 46.624958834031489 ], [ -71.219274370252691, 46.62733559345704 ], [ -71.212938225289079, 46.624527526532056 ], [ -71.213300233183588, 46.619343104329765 ], [ -71.219997147390799, 46.616966671336996 ] ] ] } },
{ "type": "Feature", "properties": { "hex_id": 791331, "centroid_lon": -71.218551193402902, "centroid_lat": 46.637704488064855, "occurrences_today": 5, "datetimes_today": "2026-07-24 00:02:05, 2026-07-24 00:16:40, 2026-07-24 00:31:58, 2026-07-24 00:46:49, 2026-07-24 01:01:55", "cumulative_total": 5.0 }, "geometry": { "type": "Polygon", "coordinates": [ [ [ -71.218912831808979, 46.632520044200341 ], [ -71.225250215968558, 46.635327813122828 ], [ -71.224889147434723, 46.640512292361109 ], [ -71.218189455, 46.642888925049832 ], [ -71.211851600982257, 46.640080751825714 ], [ -71.212213909222925, 46.634896350280776 ], [ -71.218912831808979, 46.632520044200341 ] ] ] } },
{ "type": "Feature", "properties": { "hex_id": 791332, "centroid_lon": -71.217465678065736, "centroid_lat": 46.653257778378162, "occurrences_today": 5, "datetimes_today": "2026-07-24 00:02:05, 2026-07-24 00:16:40, 2026-07-24 00:31:58, 2026-07-24 00:46:49, 2026-07-24 01:01:55", "cumulative_total": 5.0 }, "geometry": { "type": "Polygon", "coordinates": [ [ [ -71.217827616565771, 46.648073355154509 ], [ -71.224166710801498, 46.650881230219262 ], [ -71.223805342633227, 46.656065688837614 ], [ -71.21710363946535, 46.658442194720038 ], [ -71.210764075015462, 46.655633915133933 ], [ -71.211126683913079, 46.650449534253049 ], [ -71.217827616565771, 46.648073355154509 ] ] ] } },
{ "type": "Feature", "properties": { "hex_id": 791941, "centroid_lon": -71.212576117313688, "centroid_lat": 46.629711941849294, "occurrences_today": 5, "datetimes_today": "2026-07-24 00:02:05, 2026-07-24 00:16:40, 2026-07-24 00:31:58, 2026-07-24 00:46:49, 2026-07-24 01:01:55", "cumulative_total": 5.0 }, "geometry": { "type": "Polygon", "coordinates": [ [ [ -71.212938225289079, 46.624527526532056 ], [ -71.219274370252691, 46.62733559345704 ], [ -71.218912831808979, 46.632520044200341 ], [ -71.212213909222925, 46.634896350280776 ], [ -71.205877294860258, 46.632087879114017 ], [ -71.20624007244821, 46.626903506174827 ], [ -71.212938225289079, 46.624527526532056 ] ] ] } },
{ "type": "Feature", "properties": { "hex_id": 791942, "centroid_lon": -71.211489192557167, "centroid_lat": 46.645265146483389, "occurrences_today": 5, "datetimes_today": "2026-07-24 00:02:05, 2026-07-24 00:16:40, 2026-07-24 00:31:58, 2026-07-24 00:46:49, 2026-07-24 01:01:55", "cumulative_total": 5.0 }, "geometry": { "type": "Polygon", "coordinates": [ [ [ -71.211851600982257, 46.640080751825714 ], [ -71.218189455, 46.642888925049832 ], [ -71.217827616565771, 46.648073355154509 ], [ -71.211126683913079, 46.650449534253049 ], [ -71.204788360140739, 46.647640956567521 ], [ -71.205151438741112, 46.642456604311121 ], [ -71.211851600982257, 46.640080751825714 ] ] ] } },
{ "type": "Feature", "properties": { "hex_id": 792552, "centroid_lon": -71.205514416969436, "centroid_lat": 46.637272245159707, "occurrences_today": 5, "datetimes_today": "2026-07-24 00:02:05, 2026-07-24 00:16:40, 2026-07-24 00:31:58, 2026-07-24 00:46:49, 2026-07-24 01:01:55", "cumulative_total": 5.0 }, "geometry": { "type": "Polygon", "coordinates": [ [ [ -71.205877294860258, 46.632087879114017 ], [ -71.212213909222925, 46.634896350280776 ], [ -71.211851600982257, 46.640080751825714 ], [ -71.205151438741112, 46.642456604311121 ], [ -71.198814355083059, 46.639647728742929 ], [ -71.199177902926948, 46.634463405157 ], [ -71.205877294860258, 46.632087879114017 ] ] ] } },
{ "type": "Feature", "properties": { "hex_id": 792553, "centroid_lon": -71.204425181133644, "centroid_lat": 46.652825301928154, "occurrences_today": 5, "datetimes_today": "2026-07-24 00:02:05, 2026-07-24 00:16:40, 2026-07-24 00:31:58, 2026-07-24 00:46:49, 2026-07-24 01:01:55", "cumulative_total": 5.0 }, "geometry": { "type": "Polygon", "coordinates": [ [ [ -71.204788360140739, 46.647640956567521 ], [ -71.211126683913079, 46.650449534253049 ], [ -71.210764075015462, 46.655633915133933 ], [ -71.204061901685236, 46.658009640392251 ], [ -71.197723108262096, 46.655200658085519 ], [ -71.198086957785307, 46.650016355207946 ], [ -71.204788360140739, 46.647640956567521 ] ] ] } },
{ "type": "Feature", "properties": { "hex_id": 793163, "centroid_lon": -71.198450706714056, "centroid_lat": 46.644832045426817, "occurrences_today": 5, "datetimes_today": "2026-07-24 00:02:05, 2026-07-24 00:16:40, 2026-07-24 00:31:58, 2026-07-24 00:46:49, 2026-07-24 01:01:55", "cumulative_total": 5.0 }, "geometry": { "type": "Polygon", "coordinates": [ [ [ -71.198814355083059, 46.639647728742929 ], [ -71.205151438741112, 46.642456604311121 ], [ -71.204788360140739, 46.647640956567521 ], [ -71.198086957785307, 46.650016355207946 ], [ -71.191749404935749, 46.647207075078541 ], [ -71.192113723598439, 46.642022800936189 ], [ -71.198814355083059, 46.639647728742929 ] ] ] } },
{ "type": "Feature", "properties": { "hex_id": 449649, "centroid_lon": -74.869244131291296, "centroid_lat": 49.785580498128319, "occurrences_today": 13, "datetimes_today": "2026-07-24 11:31:41, 2026-07-24 12:02:19, 2026-07-24 12:19:32, 2026-07-24 12:32:06, 2026-07-24 12:46:46, 2026-07-24 12:59:03, 2026-07-24 13:17:09, 2026-07-24 13:33:01, 2026-07-24 13:46:46, 2026-07-24 14:02:07, 2026-07-24 14:17:02, 2026-07-24 14:47:11, 2026-07-24 15:02:07", "cumulative_total": 13.0 }, "geometry": { "type": "Polygon", "coordinates": [ [ [ -74.869258106413653, 49.780387597019754 ], [ -74.876196593050764, 49.782991676572763 ], [ -74.876183358370497, 49.788184576733833 ], [ -74.869230152109722, 49.790773394555416 ], [ -74.86229092909052, 49.788168900762543 ], [ -74.862305648712663, 49.782976003464022 ], [ -74.869258106413653, 49.780387597019754 ] ] ] } },
{ "type": "Feature", "properties": { "hex_id": 450260, "centroid_lon": -74.862276205192728, "centroid_lat": 49.793361793379411, "occurrences_today": 13, "datetimes_today": "2026-07-24 11:31:41, 2026-07-24 12:02:19, 2026-07-24 12:19:32, 2026-07-24 12:32:06, 2026-07-24 12:46:46, 2026-07-24 12:59:03, 2026-07-24 13:17:09, 2026-07-24 13:33:01, 2026-07-24 13:46:46, 2026-07-24 14:02:07, 2026-07-24 14:17:02, 2026-07-24 14:47:11, 2026-07-24 15:02:07", "cumulative_total": 13.0 }, "geometry": { "type": "Polygon", "coordinates": [ [ [ -74.86229092909052, 49.788168900762543 ], [ -74.869230152109722, 49.790773394555416 ], [ -74.869216168867354, 49.795966286301272 ], [ -74.862261477017626, 49.798554681314776 ], [ -74.855321517621078, 49.795949773091969 ], [ -74.855336986450013, 49.790756884361691 ], [ -74.86229092909052, 49.788168900762543 ] ] ] } },
{ "type": "Feature", "properties": { "hex_id": 901238, "centroid_lon": -70.022283021766711, "centroid_lat": 46.85686106094623, "occurrences_today": 8, "datetimes_today": "2026-07-24 12:19:32, 2026-07-24 12:32:06, 2026-07-24 12:46:46, 2026-07-24 12:59:03, 2026-07-24 13:17:09, 2026-07-24 13:33:01, 2026-07-24 13:46:46, 2026-07-24 14:02:07", "cumulative_total": 8.0 }, "geometry": { "type": "Polygon", "coordinates": [ [ [ -70.022762467327482, 46.851685111226601 ], [ -70.029056962152609, 46.854557741602314 ], [ -70.028578073369076, 46.859733738285513 ], [ -70.021803443457813, 46.862037002196445 ], [ -70.015508524626554, 46.859163955236042 ], [ -70.01598865966676, 46.853988061015372 ], [ -70.022762467327482, 46.851685111226601 ] ] ] } },
{ "type": "Feature", "properties": { "hex_id": 903070, "centroid_lon": -70.001957860267311, "centroid_lat": 46.863768468283645, "occurrences_today": 11, "datetimes_today": "2026-07-24 12:19:32, 2026-07-24 12:32:06, 2026-07-24 12:46:46, 2026-07-24 12:59:03, 2026-07-24 13:17:09, 2026-07-24 13:33:01, 2026-07-24 13:46:46, 2026-07-24 14:02:07, 2026-07-24 14:17:02, 2026-07-24 14:47:11, 2026-07-24 15:02:07", "cumulative_total": 11.0 }, "geometry": { "type": "Polygon", "coordinates": [ [ [ -70.002439374709368, 46.858592685290105 ], [ -70.008733470778068, 46.861466424379302 ], [ -70.008252512975275, 46.866642254534348 ], [ -70.001476212496001, 46.868944242776486 ], [ -69.995181693140353, 46.866070086856695 ], [ -69.995663897504784, 46.860894359591342 ], [ -70.002439374709368, 46.858592685290105 ] ] ] } },
{ "type": "Feature", "properties": { "hex_id": 903681, "centroid_lon": -69.994699355252877, "centroid_lat": 46.871245805610876, "occurrences_today": 8, "datetimes_today": "2026-07-24 12:19:32, 2026-07-24 12:32:06, 2026-07-24 12:46:46, 2026-07-24 12:59:03, 2026-07-24 13:17:09, 2026-07-24 13:33:01, 2026-07-24 13:46:46, 2026-07-24 14:02:07", "cumulative_total": 8.0 }, "geometry": { "type": "Polygon", "coordinates": [ [ [ -69.995181693140353, 46.866070086856695 ], [ -70.001476212496001, 46.868944242776486 ], [ -70.000994431349312, 46.874120008767271 ], [ -69.994216883796142, 46.876421515852542 ], [ -69.987921941292058, 46.873546942945154 ], [ -69.988404969443366, 46.868371280006066 ], [ -69.995181693140353, 46.866070086856695 ] ] ] } },
{ "type": "Feature", "properties": { "hex_id": 904292, "centroid_lon": -69.987438779377598, "centroid_lat": 46.878722597361211, "occurrences_today": 8, "datetimes_today": "2026-07-24 12:19:32, 2026-07-24 12:32:06, 2026-07-24 12:46:46, 2026-07-24 12:59:03, 2026-07-24 13:17:09, 2026-07-24 13:33:01, 2026-07-24 13:46:46, 2026-07-24 14:02:07", "cumulative_total": 8.0 }, "geometry": { "type": "Polygon", "coordinates": [ [ [ -69.987921941292058, 46.873546942945154 ], [ -69.994216883796142, 46.876421515852542 ], [ -69.99373427872392, 46.881597217580321 ], [ -69.986955483653631, 46.883898243252936 ], [ -69.980660118139951, 46.88102325320088 ], [ -69.981143970659829, 46.875847654686893 ], [ -69.987921941292058, 46.873546942945154 ] ] ] } },
{ "type": "Feature", "properties": { "hex_id": 904903, "centroid_lon": -69.980176131616531, "centroid_lat": 46.886198843180026, "occurrences_today": 8, "datetimes_today": "2026-07-24 12:19:32, 2026-07-24 12:32:06, 2026-07-24 12:46:46, 2026-07-24 12:59:03, 2026-07-24 13:17:09, 2026-07-24 13:33:01, 2026-07-24 13:46:46, 2026-07-24 14:02:07", "cumulative_total": 8.0 }, "geometry": { "type": "Polygon", "coordinates": [ [ [ -69.980660118139951, 46.88102325320088 ], [ -69.986955483653631, 46.883898243252936 ], [ -69.986472054073886, 46.88907388061893 ], [ -69.979692011043227, 46.891374424622938 ], [ -69.973396222658991, 46.888499017269204 ], [ -69.973880900129558, 46.883323483279177 ], [ -69.980660118139951, 46.88102325320088 ] ] ] } },
{ "type": "Feature", "properties": { "hex_id": 905513, "centroid_lon": -69.974365443402505, "centroid_lat": 46.878147940743752, "occurrences_today": 8, "datetimes_today": "2026-07-24 12:19:32, 2026-07-24 12:32:06, 2026-07-24 12:46:46, 2026-07-24 12:59:03, 2026-07-24 13:17:09, 2026-07-24 13:33:01, 2026-07-24 13:46:46, 2026-07-24 14:02:07", "cumulative_total": 8.0 }, "geometry": { "type": "Polygon", "coordinates": [ [ [ -69.974849852524315, 46.872972389664312 ], [ -69.981143970659829, 46.875847654686893 ], [ -69.980660118139951, 46.88102325320088 ], [ -69.973880900129558, 46.883323483279177 ], [ -69.967586359566482, 46.880447801023344 ], [ -69.96807145939492, 46.875272305988474 ], [ -69.974849852524315, 46.872972389664312 ] ] ] } },
{ "type": "Feature", "properties": { "hex_id": 906124, "centroid_lon": -69.967101125392816, "centroid_lat": 46.88562328750367, "occurrences_today": 8, "datetimes_today": "2026-07-24 12:19:32, 2026-07-24 12:32:06, 2026-07-24 12:46:46, 2026-07-24 12:59:03, 2026-07-24 13:17:09, 2026-07-24 13:33:01, 2026-07-24 13:46:46, 2026-07-24 14:02:07", "cumulative_total": 8.0 }, "geometry": { "type": "Polygon", "coordinates": [ [ [ -69.967586359566482, 46.880447801023344 ], [ -69.973880900129558, 46.883323483279177 ], [ -69.973396222658991, 46.888499017269204 ], [ -69.966615756827451, 46.890798765428066 ], [ -69.960320793976265, 46.887922665782014 ], [ -69.960806719198217, 46.882747235433321 ], [ -69.967586359566482, 46.880447801023344 ] ] ] } },
{ "type": "Feature", "properties": { "hex_id": 906735, "centroid_lon": -69.95983473416841, "centroid_lat": 46.893098087564233, "occurrences_today": 8, "datetimes_today": "2026-07-24 12:19:32, 2026-07-24 12:32:06, 2026-07-24 12:46:46, 2026-07-24 12:59:03, 2026-07-24 13:17:09, 2026-07-24 13:33:01, 2026-07-24 13:46:46, 2026-07-24 14:02:07", "cumulative_total": 8.0 }, "geometry": { "type": "Polygon", "coordinates": [ [ [ -69.960320793976265, 46.887922665782014 ], [ -69.966615756827451, 46.890798765428066 ], [ -69.966130253823835, 46.89597423479519 ], [ -69.959348539728055, 46.898273500778622 ], [ -69.953053154728451, 46.895396983585286 ], [ -69.953539905926391, 46.890221618021819 ], [ -69.960320793976265, 46.887922665782014 ] ] ] } },
{ "type": "Feature", "properties": { "hex_id": 907345, "centroid_lon": -69.954026522344236, "centroid_lat": 46.885046243881334, "occurrences_today": 11, "datetimes_today": "2026-07-24 12:19:32, 2026-07-24 12:32:06, 2026-07-24 12:46:46, 2026-07-24 12:59:03, 2026-07-24 13:17:09, 2026-07-24 13:33:01, 2026-07-24 13:46:46, 2026-07-24 14:02:07, 2026-07-24 14:17:02, 2026-07-24 14:47:11, 2026-07-24 15:02:07", "cumulative_total": 11.0 }, "geometry": { "type": "Polygon", "coordinates": [ [ [ -69.954513004028612, 46.879870861165159 ], [ -69.960806719198217, 46.882747235433321 ], [ -69.960320793976265, 46.887922665782014 ], [ -69.953539905926391, 46.890221618021819 ], [ -69.947245769051179, 46.887344826275005 ], [ -69.947732941884794, 46.882169499833047 ], [ -69.954513004028612, 46.879870861165159 ] ] ] } },
{ "type": "Feature", "properties": { "hex_id": 907346, "centroid_lon": -69.952566268703691, "centroid_lat": 46.900572340570356, "occurrences_today": 8, "datetimes_today": "2026-07-24 12:19:32, 2026-07-24 12:32:06, 2026-07-24 12:46:46, 2026-07-24 12:59:03, 2026-07-24 13:17:09, 2026-07-24 13:33:01, 2026-07-24 13:46:46, 2026-07-24 14:02:07", "cumulative_total": 8.0 }, "geometry": { "type": "Polygon", "coordinates": [ [ [ -69.953053154728451, 46.895396983585286 ], [ -69.959348539728055, 46.898273500778622 ], [ -69.958862210608615, 46.90344890542378 ], [ -69.952079247805486, 46.905747688975609 ], [ -69.945783440797413, 46.902870754077995 ], [ -69.946271018554214, 46.897695453398882 ], [ -69.953053154728451, 46.895396983585286 ] ] ] } },
{ "type": "Feature", "properties": { "hex_id": 907956, "centroid_lon": -69.946758461289875, "centroid_lat": 46.892520144130756, "occurrences_today": 8, "datetimes_today": "2026-07-24 12:19:32, 2026-07-24 12:32:06, 2026-07-24 12:46:46, 2026-07-24 12:59:03, 2026-07-24 13:17:09, 2026-07-24 13:33:01, 2026-07-24 13:46:46, 2026-07-24 14:02:07", "cumulative_total": 8.0 }, "geometry": { "type": "Polygon", "coordinates": [ [ [ -69.947245769051179, 46.887344826275005 ], [ -69.953539905926391, 46.890221618021819 ], [ -69.953053154728451, 46.895396983585286 ], [ -69.946271018554214, 46.897695453398882 ], [ -69.939976460113385, 46.894818244016442 ], [ -69.940464459365657, 46.889642982522055 ], [ -69.947245769051179, 46.887344826275005 ] ] ] } },
{ "type": "Feature", "properties": { "hex_id": 907957, "centroid_lon": -69.945295727972749, "centroid_lat": 46.908046046166739, "occurrences_today": 8, "datetimes_today": "2026-07-24 12:19:32, 2026-07-24 12:32:06, 2026-07-24 12:46:46, 2026-07-24 12:59:03, 2026-07-24 13:17:09, 2026-07-24 13:33:01, 2026-07-24 13:46:46, 2026-07-24 14:02:07", "cumulative_total": 8.0 }, "geometry": { "type": "Polygon", "coordinates": [ [ [ -69.945783440797413, 46.902870754077995 ], [ -69.952079247805486, 46.905747688975609 ], [ -69.951592091987081, 46.910923028799701 ], [ -69.944807880033395, 46.913221329663713 ], [ -69.938511651157128, 46.910343976904777 ], [ -69.939000056055946, 46.905168741209188 ], [ -69.945783440797413, 46.902870754077995 ] ] ] } },
{ "type": "Feature", "properties": { "hex_id": 908567, "centroid_lon": -69.939488325692409, "centroid_lat": 46.899993496912622, "occurrences_today": 8, "datetimes_today": "2026-07-24 12:19:32, 2026-07-24 12:32:06, 2026-07-24 12:46:46, 2026-07-24 12:59:03, 2026-07-24 13:17:09, 2026-07-24 13:33:01, 2026-07-24 13:46:46, 2026-07-24 14:02:07", "cumulative_total": 8.0 }, "geometry": { "type": "Polygon", "coordinates": [ [ [ -69.939976460113385, 46.894818244016442 ], [ -69.946271018554214, 46.897695453398882 ], [ -69.945783440797413, 46.902870754077995 ], [ -69.939000056055946, 46.905168741209188 ], [ -69.932705076189848, 46.902291114034156 ], [ -69.933193902443676, 46.89711591758654 ], [ -69.939976460113385, 46.894818244016442 ] ] ] } },
{ "type": "Feature", "properties": { "hex_id": 908568, "centroid_lon": -69.938023110949132, "centroid_lat": 46.915519203997981, "occurrences_today": 8, "datetimes_today": "2026-07-24 12:19:32, 2026-07-24 12:32:06, 2026-07-24 12:46:46, 2026-07-24 12:59:03, 2026-07-24 13:17:09, 2026-07-24 13:33:01, 2026-07-24 13:46:46, 2026-07-24 14:02:07", "cumulative_total": 8.0 }, "geometry": { "type": "Polygon", "coordinates": [ [ [ -69.938511651157128, 46.910343976904777 ], [ -69.944807880033395, 46.913221329663713 ], [ -69.944319896932583, 46.918396604567548 ], [ -69.937534435385061, 46.920694422487429 ], [ -69.931237784781118, 46.917816651710098 ], [ -69.931727017405478, 46.91264148109731 ], [ -69.938511651157128, 46.910343976904777 ] ] ] } },
{ "type": "Feature", "properties": { "hex_id": 909177, "centroid_lon": -69.933682593334467, "centroid_lat": 46.891940712530101, "occurrences_today": 11, "datetimes_today": "2026-07-24 12:19:32, 2026-07-24 12:32:06, 2026-07-24 12:46:46, 2026-07-24 12:59:03, 2026-07-24 13:17:09, 2026-07-24 13:33:01, 2026-07-24 13:46:46, 2026-07-24 14:02:07, 2026-07-24 14:17:02, 2026-07-24 14:47:11, 2026-07-24 15:02:07", "cumulative_total": 11.0 }, "geometry": { "type": "Polygon", "coordinates": [ [ [ -69.934171148909044, 46.886765498866218 ], [ -69.940464459365657, 46.889642982522055 ], [ -69.939976460113385, 46.894818244016442 ], [ -69.933193902443676, 46.89711591758654 ], [ -69.926900171004391, 46.894238016206842 ], [ -69.92738941817062, 46.889062859046895 ], [ -69.934171148909044, 46.886765498866218 ] ] ] } },
{ "type": "Feature", "properties": { "hex_id": 909178, "centroid_lon": -69.932216114526085, "centroid_lat": 46.907466301871544, "occurrences_today": 8, "datetimes_today": "2026-07-24 12:19:32, 2026-07-24 12:32:06, 2026-07-24 12:46:46, 2026-07-24 12:59:03, 2026-07-24 13:17:09, 2026-07-24 13:33:01, 2026-07-24 13:46:46, 2026-07-24 14:02:07", "cumulative_total": 8.0 }, "geometry": { "type": "Polygon", "coordinates": [ [ [ -69.932705076189848, 46.902291114034156 ], [ -69.939000056055946, 46.905168741209188 ], [ -69.938511651157128, 46.910343976904777 ], [ -69.931727017405478, 46.91264148109731 ], [ -69.925431616254741, 46.909763435972671 ], [ -69.925921270093383, 46.90458830467113 ], [ -69.932705076189848, 46.902291114034156 ] ] ] } },
{ "type": "Feature", "properties": { "hex_id": 909788, "centroid_lon": -69.926410788327615, "centroid_lat": 46.899413164748722, "occurrences_today": 11, "datetimes_today": "2026-07-24 12:19:32, 2026-07-24 12:32:06, 2026-07-24 12:46:46, 2026-07-24 12:59:03, 2026-07-24 13:17:09, 2026-07-24 13:33:01, 2026-07-24 13:46:46, 2026-07-24 14:02:07, 2026-07-24 14:17:02, 2026-07-24 14:47:11, 2026-07-24 15:02:07", "cumulative_total": 11.0 }, "geometry": { "type": "Polygon", "coordinates": [ [ [ -69.926900171004391, 46.894238016206842 ], [ -69.933193902443676, 46.89711591758654 ], [ -69.932705076189848, 46.902291114034156 ], [ -69.925921270093383, 46.90458830467113 ], [ -69.91962711781207, 46.901709985410641 ], [ -69.920117192422325, 46.896534893459979 ], [ -69.926900171004391, 46.894238016206842 ] ] ] } },
{ "type": "Feature", "properties": { "hex_id": 909789, "centroid_lon": -69.924941826764694, "centroid_lat": 46.914938558651976, "occurrences_today": 8, "datetimes_today": "2026-07-24 12:19:32, 2026-07-24 12:32:06, 2026-07-24 12:46:46, 2026-07-24 12:59:03, 2026-07-24 13:17:09, 2026-07-24 13:33:01, 2026-07-24 13:46:46, 2026-07-24 14:02:07", "cumulative_total": 8.0 }, "geometry": { "type": "Polygon", "coordinates": [ [ [ -69.925431616254741, 46.909763435972671 ], [ -69.931727017405478, 46.91264148109731 ], [ -69.931237784781118, 46.917816651710098 ], [ -69.924451901576276, 46.920113672707629 ], [ -69.918156079281744, 46.917235209476381 ], [ -69.918646561288824, 46.912060143420234 ], [ -69.925431616254741, 46.909763435972671 ] ] ] } },
{ "type": "Feature", "properties": { "hex_id": 910399, "centroid_lon": -69.919136907449911, "centroid_lat": 46.906885068731199, "occurrences_today": 8, "datetimes_today": "2026-07-24 12:19:32, 2026-07-24 12:32:06, 2026-07-24 12:46:46, 2026-07-24 12:59:03, 2026-07-24 13:17:09, 2026-07-24 13:33:01, 2026-07-24 13:46:46, 2026-07-24 14:02:07", "cumulative_total": 8.0 }, "geometry": { "type": "Polygon", "coordinates": [ [ [ -69.91962711781207, 46.901709985410641 ], [ -69.925921270093383, 46.90458830467113 ], [ -69.925431616254741, 46.909763435972671 ], [ -69.918646561288824, 46.912060143420234 ], [ -69.912351988306469, 46.909181406122016 ], [ -69.912842890944034, 46.904006379479981 ], [ -69.91962711781207, 46.901709985410641 ] ] ] } },
{ "type": "Feature", "properties": { "hex_id": 910400, "centroid_lon": -69.917665461381631, "centroid_lat": 46.922410266898211, "occurrences_today": 9, "datetimes_today": "2026-07-24 12:19:32, 2026-07-24 12:32:06, 2026-07-24 12:46:46, 2026-07-24 12:59:03, 2026-07-24 13:17:09, 2026-07-24 13:33:01, 2026-07-24 13:46:46, 2026-07-24 14:02:07, 2026-07-24 14:17:02", "cumulative_total": 9.0 }, "geometry": { "type": "Polygon", "coordinates": [ [ [ -69.918156079281744, 46.917235209476381 ], [ -69.924451901576276, 46.920113672707629 ], [ -69.923961840642477, 46.925288778138231 ], [ -69.917174707541392, 46.92758531568434 ], [ -69.91087846424422, 46.924706434189432 ], [ -69.911369775003664, 46.919531433478149 ], [ -69.918156079281744, 46.917235209476381 ] ] ] } },
{ "type": "Feature", "properties": { "hex_id": 911010, "centroid_lon": -69.911860949675372, "centroid_lat": 46.914356424121856, "occurrences_today": 9, "datetimes_today": "2026-07-24 12:19:32, 2026-07-24 12:32:06, 2026-07-24 12:46:46, 2026-07-24 12:59:03, 2026-07-24 13:17:09, 2026-07-24 13:33:01, 2026-07-24 13:46:46, 2026-07-24 14:02:07, 2026-07-24 14:17:02", "cumulative_total": 9.0 }, "geometry": { "type": "Polygon", "coordinates": [ [ [ -69.912351988306469, 46.909181406122016 ], [ -69.918646561288824, 46.912060143420234 ], [ -69.918156079281744, 46.917235209476381 ], [ -69.911369775003664, 46.919531433478149 ], [ -69.905074781461479, 46.916652277985229 ], [ -69.905566512710067, 46.911477316751252 ], [ -69.912351988306469, 46.909181406122016 ] ] ] } },
{ "type": "Feature", "properties": { "hex_id": 911011, "centroid_lon": -69.910387017349862, "centroid_lat": 46.92988142625434, "occurrences_today": 9, "datetimes_today": "2026-07-24 12:19:32, 2026-07-24 12:32:06, 2026-07-24 12:46:46, 2026-07-24 12:59:03, 2026-07-24 13:17:09, 2026-07-24 13:33:01, 2026-07-24 13:46:46, 2026-07-24 14:02:07, 2026-07-24 14:17:02", "cumulative_total": 9.0 }, "geometry": { "type": "Polygon", "coordinates": [ [ [ -69.91087846424422, 46.924706434189432 ], [ -69.917174707541392, 46.92758531568434 ], [ -69.916683817713903, 46.932760355833366 ], [ -69.909895434273409, 46.935056409671482 ], [ -69.903598770115053, 46.932177109755877 ], [ -69.904090910211181, 46.927002174488933 ], [ -69.91087846424422, 46.924706434189432 ] ] ] } },
{ "type": "Feature", "properties": { "hex_id": 911620, "centroid_lon": -69.906058107770534, "centroid_lat": 46.906302346864443, "occurrences_today": 11, "datetimes_today": "2026-07-24 12:19:32, 2026-07-24 12:32:06, 2026-07-24 12:46:46, 2026-07-24 12:59:03, 2026-07-24 13:17:09, 2026-07-24 13:33:01, 2026-07-24 13:46:46, 2026-07-24 14:02:07, 2026-07-24 14:17:02, 2026-07-24 14:47:11, 2026-07-24 15:02:07", "cumulative_total": 11.0 }, "geometry": { "type": "Polygon", "coordinates": [ [ [ -69.906549566690032, 46.901127368326158 ], [ -69.912842890944034, 46.904006379479981 ], [ -69.912351988306469, 46.909181406122016 ], [ -69.905566512710067, 46.911477316751252 ], [ -69.89927276833869, 46.908597887471679 ], [ -69.899764919633924, 46.903422965754622 ], [ -69.906549566690032, 46.901127368326158 ] ] ] } },
{ "type": "Feature", "properties": { "hex_id": 911621, "centroid_lon": -69.904582913977592, "centroid_lat": 46.921827230564922, "occurrences_today": 9, "datetimes_today": "2026-07-24 12:19:32, 2026-07-24 12:32:06, 2026-07-24 12:46:46, 2026-07-24 12:59:03, 2026-07-24 13:17:09, 2026-07-24 13:33:01, 2026-07-24 13:46:46, 2026-07-24 14:02:07, 2026-07-24 14:17:02", "cumulative_total": 9.0 }, "geometry": { "type": "Polygon", "coordinates": [ [ [ -69.905074781461479, 46.916652277985229 ], [ -69.911369775003664, 46.919531433478149 ], [ -69.91087846424422, 46.924706434189432 ], [ -69.904090910211181, 46.927002174488933 ], [ -69.897795496250666, 46.924122600644331 ], [ -69.898288056694312, 46.918947704917954 ], [ -69.905074781461479, 46.916652277985229 ] ] ] } },
{ "type": "Feature", "properties": { "hex_id": 912231, "centroid_lon": -69.898780480707885, "centroid_lat": 46.913772800526601, "occurrences_today": 9, "datetimes_today": "2026-07-24 12:19:32, 2026-07-24 12:32:06, 2026-07-24 12:46:46, 2026-07-24 12:59:03, 2026-07-24 13:17:09, 2026-07-24 13:33:01, 2026-07-24 13:46:46, 2026-07-24 14:02:07, 2026-07-24 14:17:02", "cumulative_total": 9.0 }, "geometry": { "type": "Polygon", "coordinates": [ [ [ -69.89927276833869, 46.908597887471679 ], [ -69.905566512710067, 46.911477316751252 ], [ -69.905074781461479, 46.916652277985229 ], [ -69.898288056694312, 46.918947704917954 ], [ -69.891993892347116, 46.916067857355735 ], [ -69.892486872695684, 46.910893001209445 ], [ -69.89927276833869, 46.908597887471679 ] ] ] } },
{ "type": "Feature", "properties": { "hex_id": 912232, "centroid_lon": -69.897302799329722, "centroid_lat": 46.929297487704325, "occurrences_today": 9, "datetimes_today": "2026-07-24 12:19:32, 2026-07-24 12:32:06, 2026-07-24 12:46:46, 2026-07-24 12:59:03, 2026-07-24 13:17:09, 2026-07-24 13:33:01, 2026-07-24 13:46:46, 2026-07-24 14:02:07, 2026-07-24 14:17:02", "cumulative_total": 9.0 }, "geometry": { "type": "Polygon", "coordinates": [ [ [ -69.897795496250666, 46.924122600644331 ], [ -69.904090910211181, 46.927002174488933 ], [ -69.903598770115053, 46.932177109755877 ], [ -69.896809965884174, 46.934472366096536 ], [ -69.890514131647109, 46.931592373743264 ], [ -69.891007521870165, 46.926417543624048 ], [ -69.897795496250666, 46.924122600644331 ] ] ] } },
{ "type": "Feature", "properties": { "hex_id": 912841, "centroid_lon": -69.892979716514034, "centroid_lat": 46.905718136390298, "occurrences_today": 11, "datetimes_today": "2026-07-24 12:19:32, 2026-07-24 12:32:06, 2026-07-24 12:46:46, 2026-07-24 12:59:03, 2026-07-24 13:17:09, 2026-07-24 13:33:01, 2026-07-24 13:46:46, 2026-07-24 14:02:07, 2026-07-24 14:17:02, 2026-07-24 14:47:11, 2026-07-24 15:02:07", "cumulative_total": 11.0 }, "geometry": { "type": "Polygon", "coordinates": [ [ [ -69.893472423849474, 46.900543262899681 ], [ -69.899764919633924, 46.903422965754622 ], [ -69.89927276833869, 46.908597887471679 ], [ -69.892486872695684, 46.910893001209445 ], [ -69.8861939573776, 46.908012880140895 ], [ -69.886687357188876, 46.902838063614197 ], [ -69.893472423849474, 46.900543262899681 ] ] ] } },
{ "type": "Feature", "properties": { "hex_id": 912842, "centroid_lon": -69.891500775421051, "centroid_lat": 46.921242704827741, "occurrences_today": 9, "datetimes_today": "2026-07-24 12:19:32, 2026-07-24 12:32:06, 2026-07-24 12:46:46, 2026-07-24 12:59:03, 2026-07-24 13:17:09, 2026-07-24 13:33:01, 2026-07-24 13:46:46, 2026-07-24 14:02:07, 2026-07-24 14:17:02", "cumulative_total": 9.0 }, "geometry": { "type": "Polygon", "coordinates": [ [ [ -69.891993892347116, 46.916067857355735 ], [ -69.898288056694312, 46.918947704917954 ], [ -69.897795496250666, 46.924122600644331 ], [ -69.891007521870165, 46.926417543624048 ], [ -69.884712937689031, 46.923537277622245 ], [ -69.885206747675014, 46.918362487146332 ], [ -69.891993892347116, 46.916067857355735 ] ] ] } },
{ "type": "Feature", "properties": { "hex_id": 912843, "centroid_lon": -69.890020604704532, "centroid_lat": 46.936767195183947, "occurrences_today": 9, "datetimes_today": "2026-07-24 12:19:32, 2026-07-24 12:32:06, 2026-07-24 12:46:46, 2026-07-24 12:59:03, 2026-07-24 13:17:09, 2026-07-24 13:33:01, 2026-07-24 13:46:46, 2026-07-24 14:02:07, 2026-07-24 14:17:02", "cumulative_total": 9.0 }, "geometry": { "type": "Polygon", "coordinates": [ [ [ -69.890514131647109, 46.931592373743264 ], [ -69.896809965884174, 46.934472366096536 ], [ -69.896316995866698, 46.939647235819542 ], [ -69.88952694099504, 46.941942007944704 ], [ -69.883230686623492, 46.939061596925733 ], [ -69.883724907210677, 46.93388683251338 ], [ -69.890514131647109, 46.931592373743264 ] ] ] } },
{ "type": "Feature", "properties": { "hex_id": 913452, "centroid_lon": -69.885700420888753, "centroid_lat": 46.913187687985413, "occurrences_today": 11, "datetimes_today": "2026-07-24 12:19:32, 2026-07-24 12:32:06, 2026-07-24 12:46:46, 2026-07-24 12:59:03, 2026-07-24 13:17:09, 2026-07-24 13:33:01, 2026-07-24 13:46:46, 2026-07-24 14:02:07, 2026-07-24 14:17:02, 2026-07-24 14:47:11, 2026-07-24 15:02:07", "cumulative_total": 11.0 }, "geometry": { "type": "Polygon", "coordinates": [ [ [ -69.8861939573776, 46.908012880140895 ], [ -69.892486872695684, 46.910893001209445 ], [ -69.891993892347116, 46.916067857355735 ], [ -69.885206747675014, 46.918362487146332 ], [ -69.878913412965218, 46.91548194770732 ], [ -69.879407642271872, 46.910307196914168 ], [ -69.8861939573776, 46.908012880140895 ] ] ] } },
{ "type": "Feature", "properties": { "hex_id": 913453, "centroid_lon": -69.884218990883383, "centroid_lat": 46.92871205941173, "occurrences_today": 9, "datetimes_today": "2026-07-24 12:19:32, 2026-07-24 12:32:06, 2026-07-24 12:46:46, 2026-07-24 12:59:03, 2026-07-24 13:17:09, 2026-07-24 13:33:01, 2026-07-24 13:46:46, 2026-07-24 14:02:07, 2026-07-24 14:17:02", "cumulative_total": 9.0 }, "geometry": { "type": "Polygon", "coordinates": [ [ [ -69.884712937689031, 46.923537277622245 ], [ -69.891007521870165, 46.926417543624048 ], [ -69.890514131647109, 46.931592373743264 ], [ -69.883724907210677, 46.93388683251338 ], [ -69.877429903337728, 46.931006147915042 ], [ -69.877924543545589, 46.925831423209175 ], [ -69.884712937689031, 46.923537277622245 ] ] ] } },
{ "type": "Feature", "properties": { "hex_id": 914063, "centroid_lon": -69.878419046738941, "centroid_lat": 46.920656689806137, "occurrences_today": 11, "datetimes_today": "2026-07-24 12:19:32, 2026-07-24 12:32:06, 2026-07-24 12:46:46, 2026-07-24 12:59:03, 2026-07-24 13:17:09, 2026-07-24 13:33:01, 2026-07-24 13:46:46, 2026-07-24 14:02:07, 2026-07-24 14:17:02, 2026-07-24 14:47:11, 2026-07-24 15:02:07", "cumulative_total": 11.0 }, "geometry": { "type": "Polygon", "coordinates": [ [ [ -69.878913412965218, 46.91548194770732 ], [ -69.885206747675014, 46.918362487146332 ], [ -69.884712937689031, 46.923537277622245 ], [ -69.877924543545589, 46.925831423209175 ], [ -69.871630789586305, 46.922950465242792 ], [ -69.872125848972502, 46.917775780282874 ], [ -69.878913412965218, 46.91548194770732 ] ] ] } },
{ "type": "Feature", "properties": { "hex_id": 914064, "centroid_lon": -69.876935126067863, "centroid_lat": 46.936180863922303, "occurrences_today": 9, "datetimes_today": "2026-07-24 12:19:32, 2026-07-24 12:32:06, 2026-07-24 12:46:46, 2026-07-24 12:59:03, 2026-07-24 13:17:09, 2026-07-24 13:33:01, 2026-07-24 13:46:46, 2026-07-24 14:02:07, 2026-07-24 14:17:02", "cumulative_total": 9.0 }, "geometry": { "type": "Polygon", "coordinates": [ [ [ -69.877429903337728, 46.931006147915042 ], [ -69.883724907210677, 46.93388683251338 ], [ -69.883230686623492, 46.939061596925733 ], [ -69.876440211688475, 46.941355571229529 ], [ -69.870144788266103, 46.938474467877718 ], [ -69.870640259280634, 46.93329980904165 ], [ -69.877429903337728, 46.931006147915042 ] ] ] } },
{ "type": "Feature", "properties": { "hex_id": 914673, "centroid_lon": -69.872620771244272, "centroid_lat": 46.912601086617833, "occurrences_today": 11, "datetimes_today": "2026-07-24 12:19:32, 2026-07-24 12:32:06, 2026-07-24 12:46:46, 2026-07-24 12:59:03, 2026-07-24 13:17:09, 2026-07-24 13:33:01, 2026-07-24 13:46:46, 2026-07-24 14:02:07, 2026-07-24 14:17:02, 2026-07-24 14:47:11, 2026-07-24 15:02:07", "cumulative_total": 11.0 }, "geometry": { "type": "Polygon", "coordinates": [ [ [ -69.873115556449122, 46.907426384249128 ], [ -69.879407642271872, 46.910307196914168 ], [ -69.878913412965218, 46.91548194770732 ], [ -69.872125848972502, 46.917775780282874 ], [ -69.865833344342192, 46.914894549159676 ], [ -69.866328822464695, 46.909719903985078 ], [ -69.873115556449122, 46.907426384249128 ] ] ] } },
{ "type": "Feature", "properties": { "hex_id": 914674, "centroid_lon": -69.87113559303819, "centroid_lat": 46.928125141496189, "occurrences_today": 9, "datetimes_today": "2026-07-24 12:19:32, 2026-07-24 12:32:06, 2026-07-24 12:46:46, 2026-07-24 12:59:03, 2026-07-24 13:17:09, 2026-07-24 13:33:01, 2026-07-24 13:46:46, 2026-07-24 14:02:07, 2026-07-24 14:17:02", "cumulative_total": 9.0 }, "geometry": { "type": "Polygon", "coordinates": [ [ [ -69.871630789586305, 46.922950465242792 ], [ -69.877924543545589, 46.925831423209175 ], [ -69.877429903337728, 46.931006147915042 ], [ -69.870640259280634, 46.93329980904165 ], [ -69.864346086214326, 46.930418432391036 ], [ -69.864841976264572, 46.925243813364069 ], [ -69.871630789586305, 46.922950465242792 ] ] ] } },
{ "type": "Feature", "properties": { "hex_id": 915284, "centroid_lon": -69.865337728958011, "centroid_lat": 46.920069185619816, "occurrences_today": 11, "datetimes_today": "2026-07-24 12:19:32, 2026-07-24 12:32:06, 2026-07-24 12:46:46, 2026-07-24 12:59:03, 2026-07-24 13:17:09, 2026-07-24 13:33:01, 2026-07-24 13:46:46, 2026-07-24 14:02:07, 2026-07-24 14:17:02, 2026-07-24 14:47:11, 2026-07-24 15:02:07", "cumulative_total": 11.0 }, "geometry": { "type": "Polygon", "coordinates": [ [ [ -69.865833344342192, 46.914894549159676 ], [ -69.872125848972502, 46.917775780282874 ], [ -69.871630789586305, 46.922950465242792 ], [ -69.864841976264572, 46.925243813364069 ], [ -69.858549052969295, 46.922362163625877 ], [ -69.85904536161317, 46.917187584447419 ], [ -69.865833344342192, 46.914894549159676 ] ] ] } },
{ "type": "Feature", "properties": { "hex_id": 915285, "centroid_lon": -69.863850058759667, "centroid_lat": 46.935593042699246, "occurrences_today": 9, "datetimes_today": "2026-07-24 12:19:32, 2026-07-24 12:32:06, 2026-07-24 12:46:46, 2026-07-24 12:59:03, 2026-07-24 13:17:09, 2026-07-24 13:33:01, 2026-07-24 13:46:46, 2026-07-24 14:02:07, 2026-07-24 14:17:02", "cumulative_total": 9.0 }, "geometry": { "type": "Polygon", "coordinates": [ [ [ -69.864346086214326, 46.930418432391036 ], [ -69.870640259280634, 46.93329980904165 ], [ -69.870144788266103, 46.938474467877718 ], [ -69.863353893852988, 46.940767644287291 ], [ -69.857059301822403, 46.937885848795517 ], [ -69.85755602312156, 46.932711295801361 ], [ -69.864346086214326, 46.930418432391036 ] ] ] } },
{ "type": "Feature", "properties": { "hex_id": 915286, "centroid_lon": -69.862361151492919, "centroid_lat": 46.951116821297141, "occurrences_today": 9, "datetimes_today": "2026-07-24 12:19:32, 2026-07-24 12:32:06, 2026-07-24 12:46:46, 2026-07-24 12:59:03, 2026-07-24 13:17:09, 2026-07-24 13:33:01, 2026-07-24 13:46:46, 2026-07-24 14:02:07, 2026-07-24 14:17:02", "cumulative_total": 9.0 }, "geometry": { "type": "Polygon", "coordinates": [ [ [ -69.862857591446627, 46.945942237153737 ], [ -69.869153434275731, 46.948823759416008 ], [ -69.868657551204663, 46.953998392115402 ], [ -69.861864573944203, 46.956291396716104 ], [ -69.855568311851343, 46.953409455386378 ], [ -69.856065446235007, 46.948234928589443 ], [ -69.862857591446627, 46.945942237153737 ] ] ] } },
{ "type": "Feature", "properties": { "hex_id": 915895, "centroid_lon": -69.858052606821303, "centroid_lat": 46.927536734077677, "occurrences_today": 11, "datetimes_today": "2026-07-24 12:19:32, 2026-07-24 12:32:06, 2026-07-24 12:46:46, 2026-07-24 12:59:03, 2026-07-24 13:17:09, 2026-07-24 13:33:01, 2026-07-24 13:46:46, 2026-07-24 14:02:07, 2026-07-24 14:17:02, 2026-07-24 14:47:11, 2026-07-24 15:02:07", "cumulative_total": 11.0 }, "geometry": { "type": "Polygon", "coordinates": [ [ [ -69.858549052969295, 46.922362163625877 ], [ -69.864841976264572, 46.925243813364069 ], [ -69.864346086214326, 46.930418432391036 ], [ -69.85755602312156, 46.932711295801361 ], [ -69.851262681304135, 46.92982922729135 ], [ -69.85175982105396, 46.924654714208835 ], [ -69.858549052969295, 46.922362163625877 ] ] ] } },
{ "type": "Feature", "properties": { "hex_id": 916505, "centroid_lon": -69.852256823104767, "centroid_lat": 46.919480192388853, "occurrences_today": 11, "datetimes_today": "2026-07-24 12:19:32, 2026-07-24 12:32:06, 2026-07-24 12:46:46, 2026-07-24 12:59:03, 2026-07-24 13:17:09, 2026-07-24 13:33:01, 2026-07-24 13:46:46, 2026-07-24 14:02:07, 2026-07-24 14:17:02, 2026-07-24 14:47:11, 2026-07-24 15:02:07", "cumulative_total": 11.0 }, "geometry": { "type": "Polygon", "coordinates": [ [ [ -69.852753687504205, 46.914305661832799 ], [ -69.85904536161317, 46.917187584447419 ], [ -69.858549052969295, 46.922362163625877 ], [ -69.85175982105396, 46.924654714208835 ], [ -69.845467728864605, 46.921772372891716 ], [ -69.845965286623297, 46.916597899760141 ], [ -69.852753687504205, 46.914305661832799 ] ] ] } },
{ "type": "Feature", "properties": { "hex_id": 916506, "centroid_lon": -69.850765403807557, "centroid_lat": 46.935003731634936, "occurrences_today": 8, "datetimes_today": "2026-07-24 12:19:32, 2026-07-24 12:32:06, 2026-07-24 12:46:46, 2026-07-24 12:59:03, 2026-07-24 13:17:09, 2026-07-24 13:33:01, 2026-07-24 13:46:46, 2026-07-24 14:02:07", "cumulative_total": 8.0 }, "geometry": { "type": "Polygon", "coordinates": [ [ [ -69.851262681304135, 46.92982922729135 ], [ -69.85755602312156, 46.932711295801361 ], [ -69.857059301822403, 46.937885848795517 ], [ -69.850267988516507, 46.940178227238164 ], [ -69.843974228320022, 46.937295739799453 ], [ -69.84447219976073, 46.932121292912818 ], [ -69.851262681304135, 46.92982922729135 ] ] ] } },
{ "type": "Feature", "properties": { "hex_id": 916507, "centroid_lon": -69.849272744359865, "centroid_lat": 46.950527192217784, "occurrences_today": 9, "datetimes_today": "2026-07-24 12:19:32, 2026-07-24 12:32:06, 2026-07-24 12:46:46, 2026-07-24 12:59:03, 2026-07-24 13:17:09, 2026-07-24 13:33:01, 2026-07-24 13:46:46, 2026-07-24 14:02:07, 2026-07-24 14:17:02", "cumulative_total": 9.0 }, "geometry": { "type": "Polygon", "coordinates": [ [ [ -69.849770435383192, 46.945352714099592 ], [ -69.856065446235007, 46.948234928589443 ], [ -69.855568311851343, 46.953409455386378 ], [ -69.848774915398693, 46.95570166159132 ], [ -69.842479485868949, 46.952819027946454 ], [ -69.842977871421951, 46.947644607317713 ], [ -69.849770435383192, 46.945352714099592 ] ] ] } },
{ "type": "Feature", "properties": { "hex_id": 917116, "centroid_lon": -69.844970033259671, "centroid_lat": 46.926946837276411, "occurrences_today": 11, "datetimes_today": "2026-07-24 12:19:32, 2026-07-24 12:32:06, 2026-07-24 12:46:46, 2026-07-24 12:59:03, 2026-07-24 13:17:09, 2026-07-24 13:33:01, 2026-07-24 13:46:46, 2026-07-24 14:02:07, 2026-07-24 14:17:02, 2026-07-24 14:47:11, 2026-07-24 15:02:07", "cumulative_total": 11.0 }, "geometry": { "type": "Polygon", "coordinates": [ [ [ -69.845467728864605, 46.921772372891716 ], [ -69.85175982105396, 46.924654714208835 ], [ -69.851262681304135, 46.92982922729135 ], [ -69.84447219976073, 46.932121292912818 ], [ -69.83817968963416, 46.929238532736413 ], [ -69.838678078940433, 46.924064125863822 ], [ -69.845467728864605, 46.921772372891716 ] ] ] } },
{ "type": "Feature", "properties": { "hex_id": 917117, "centroid_lon": -69.843476118889711, "centroid_lat": 46.942470177934887, "occurrences_today": 8, "datetimes_today": "2026-07-24 12:19:32, 2026-07-24 12:32:06, 2026-07-24 12:46:46, 2026-07-24 12:59:03, 2026-07-24 13:17:09, 2026-07-24 13:33:01, 2026-07-24 13:46:46, 2026-07-24 14:02:07", "cumulative_total": 8.0 }, "geometry": { "type": "Polygon", "coordinates": [ [ [ -69.843974228320022, 46.937295739799453 ], [ -69.850267988516507, 46.940178227238164 ], [ -69.849770435383192, 46.945352714099592 ], [ -69.842977871421951, 46.947644607317713 ], [ -69.836683692989808, 46.944761700793421 ], [ -69.837182496706717, 46.939587320202648 ], [ -69.843974228320022, 46.937295739799453 ] ] ] } },
{ "type": "Feature", "properties": { "hex_id": 917722, "centroid_lon": -69.845144595552526, "centroid_lat": 46.856796040093634, "occurrences_today": 11, "datetimes_today": "2026-07-24 12:19:32, 2026-07-24 12:32:06, 2026-07-24 12:46:46, 2026-07-24 12:59:03, 2026-07-24 13:17:09, 2026-07-24 13:33:01, 2026-07-24 13:46:46, 2026-07-24 14:02:07, 2026-07-24 14:17:02, 2026-07-24 14:47:11, 2026-07-24 15:02:07", "cumulative_total": 11.0 }, "geometry": { "type": "Polygon", "coordinates": [ [ [ -69.845641056624203, 46.851621510744287 ], [ -69.851925245073986, 46.854503540448718 ], [ -69.851429337753288, 46.859678118430637 ], [ -69.844647997059354, 46.861970560704023 ], [ -69.838363392303833, 46.859088113113188 ], [ -69.838860544500463, 46.853913641201196 ], [ -69.845641056624203, 46.851621510744287 ] ] ] } },
{ "type": "Feature", "properties": { "hex_id": 917726, "centroid_lon": -69.839176330205518, "centroid_lat": 46.91888971023355, "occurrences_today": 11, "datetimes_today": "2026-07-24 12:19:32, 2026-07-24 12:32:06, 2026-07-24 12:46:46, 2026-07-24 12:59:03, 2026-07-24 13:17:09, 2026-07-24 13:33:01, 2026-07-24 13:46:46, 2026-07-24 14:02:07, 2026-07-24 14:17:02, 2026-07-24 14:47:11, 2026-07-24 15:02:07", "cumulative_total": 11.0 }, "geometry": { "type": "Polygon", "coordinates": [ [ [ -69.839674443477222, 46.913715285846997 ], [ -69.845965286623297, 46.916597899760141 ], [ -69.845467728864605, 46.921772372891716 ], [ -69.838678078940433, 46.924064125863822 ], [ -69.83238681829863, 46.921181093160797 ], [ -69.832885625028922, 46.916006726341521 ], [ -69.839674443477222, 46.913715285846997 ] ] ] } },
{ "type": "Feature", "properties": { "hex_id": 917727, "centroid_lon": -69.837681162238866, "centroid_lat": 46.934412930849817, "occurrences_today": 11, "datetimes_today": "2026-07-24 12:19:32, 2026-07-24 12:32:06, 2026-07-24 12:46:46, 2026-07-24 12:59:03, 2026-07-24 13:17:09, 2026-07-24 13:33:01, 2026-07-24 13:46:46, 2026-07-24 14:02:07, 2026-07-24 14:17:02, 2026-07-24 14:47:11, 2026-07-24 15:02:07", "cumulative_total": 11.0 }, "geometry": { "type": "Polygon", "coordinates": [ [ [ -69.83817968963416, 46.929238532736413 ], [ -69.84447219976073, 46.932121292912818 ], [ -69.843974228320022, 46.937295739799453 ], [ -69.837182496706717, 46.939587320202648 ], [ -69.830889568786375, 46.936704141010146 ], [ -69.831388790225233, 46.93152980049657 ], [ -69.83817968963416, 46.929238532736413 ] ] ] } },
{ "type": "Feature", "properties": { "hex_id": 917728, "centroid_lon": -69.836184751040264, "centroid_lat": 46.949936072620709, "occurrences_today": 8, "datetimes_today": "2026-07-24 12:19:32, 2026-07-24 12:32:06, 2026-07-24 12:46:46, 2026-07-24 12:59:03, 2026-07-24 13:17:09, 2026-07-24 13:33:01, 2026-07-24 13:46:46, 2026-07-24 14:02:07", "cumulative_total": 8.0 }, "geometry": { "type": "Polygon", "coordinates": [ [ [ -69.836683692989808, 46.944761700793421 ], [ -69.842977871421951, 46.947644607317713 ], [ -69.842479485868949, 46.952819027946454 ], [ -69.83568567081015, 46.955110435683082 ], [ -69.829391074285994, 46.952227109916343 ], [ -69.829890710864717, 46.947052795721483 ], [ -69.836683692989808, 46.944761700793421 ] ] ] } },
{ "type": "Feature", "properties": { "hex_id": 918333, "centroid_lon": -69.837866102491617, "centroid_lat": 46.864262576275358, "occurrences_today": 11, "datetimes_today": "2026-07-24 12:19:32, 2026-07-24 12:32:06, 2026-07-24 12:46:46, 2026-07-24 12:59:03, 2026-07-24 13:17:09, 2026-07-24 13:33:01, 2026-07-24 13:46:46, 2026-07-24 14:02:07, 2026-07-24 14:17:02, 2026-07-24 14:47:11, 2026-07-24 15:02:07", "cumulative_total": 11.0 }, "geometry": { "type": "Polygon", "coordinates": [ [ [ -69.838363392303833, 46.859088113113188 ], [ -69.844647997059354, 46.861970560704023 ], [ -69.844151261097153, 46.867145072573962 ], [ -69.837368675016208, 46.869437030686321 ], [ -69.831083654097668, 46.866554165052683 ], [ -69.831581635375485, 46.861379759415335 ], [ -69.838363392303833, 46.859088113113188 ] ] ] } },
{ "type": "Feature", "properties": { "hex_id": 918336, "centroid_lon": -69.833384293618778, "centroid_lat": 46.910832350756571, "occurrences_today": 11, "datetimes_today": "2026-07-24 12:19:32, 2026-07-24 12:32:06, 2026-07-24 12:46:46, 2026-07-24 12:59:03, 2026-07-24 13:17:09, 2026-07-24 13:33:01, 2026-07-24 13:46:46, 2026-07-24 14:02:07, 2026-07-24 14:17:02, 2026-07-24 14:47:11, 2026-07-24 15:02:07", "cumulative_total": 11.0 }, "geometry": { "type": "Polygon", "coordinates": [ [ [ -69.833882824116003, 46.905657966407396 ], [ -69.840172418803334, 46.90854085270562 ], [ -69.839674443477222, 46.913715285846997 ], [ -69.832885625028922, 46.916006726341521 ], [ -69.826595613287012, 46.913123421322851 ], [ -69.827094837000175, 46.907949094596056 ], [ -69.833882824116003, 46.905657966407396 ] ] ] } },
{ "type": "Feature", "properties": { "hex_id": 918338, "centroid_lon": -69.830390209015519, "centroid_lat": 46.941878472752265, "occurrences_today": 11, "datetimes_today": "2026-07-24 12:19:32, 2026-07-24 12:32:06, 2026-07-24 12:46:46, 2026-07-24 12:59:03, 2026-07-24 13:17:09, 2026-07-24 13:33:01, 2026-07-24 13:46:46, 2026-07-24 14:02:07, 2026-07-24 14:17:02, 2026-07-24 14:47:11, 2026-07-24 15:02:07", "cumulative_total": 11.0 }, "geometry": { "type": "Polygon", "coordinates": [ [ [ -69.830889568786375, 46.936704141010146 ], [ -69.837182496706717, 46.939587320202648 ], [ -69.836683692989808, 46.944761700793421 ], [ -69.829890710864717, 46.947052795721483 ], [ -69.823597365294347, 46.944169197356061 ], [ -69.824097419451149, 46.938994923301543 ], [ -69.830889568786375, 46.936704141010146 ] ] ] } },
{ "type": "Feature", "properties": { "hex_id": 918339, "centroid_lon": -69.828891299231358, "centroid_lat": 46.957401415335376, "occurrences_today": 9, "datetimes_today": "2026-07-24 12:19:32, 2026-07-24 12:32:06, 2026-07-24 12:46:46, 2026-07-24 12:59:03, 2026-07-24 13:17:09, 2026-07-24 13:33:01, 2026-07-24 13:46:46, 2026-07-24 14:02:07, 2026-07-24 14:17:02", "cumulative_total": 9.0 }, "geometry": { "type": "Polygon", "coordinates": [ [ [ -69.829391074285994, 46.952227109916343 ], [ -69.83568567081015, 46.955110435683082 ], [ -69.835186452251506, 46.960284789979056 ], [ -69.828391385652793, 46.962575711977173 ], [ -69.822096371180592, 46.959691966811064 ], [ -69.822596841207115, 46.954517719112289 ], [ -69.829391074285994, 46.952227109916343 ] ] ] } },
{ "type": "Feature", "properties": { "hex_id": 918944, "centroid_lon": -69.830585534962481, "centroid_lat": 46.871728561927974, "occurrences_today": 11, "datetimes_today": "2026-07-24 12:19:32, 2026-07-24 12:32:06, 2026-07-24 12:46:46, 2026-07-24 12:59:03, 2026-07-24 13:17:09, 2026-07-24 13:33:01, 2026-07-24 13:46:46, 2026-07-24 14:02:07, 2026-07-24 14:17:02, 2026-07-24 14:47:11, 2026-07-24 15:02:07", "cumulative_total": 11.0 }, "geometry": { "type": "Polygon", "coordinates": [ [ [ -69.831083654097668, 46.866554165052683 ], [ -69.837368675016208, 46.869437030686321 ], [ -69.836871109830014, 46.87461147634459 ], [ -69.830087277922203, 46.876902950039771 ], [ -69.823801840983606, 46.874019666206884 ], [ -69.824300651925171, 46.868845326943948 ], [ -69.831083654097668, 46.866554165052683 ] ] ] } },
{ "type": "Feature", "properties": { "hex_id": 918945, "centroid_lon": -69.829090349935512, "centroid_lat": 46.887251699967081, "occurrences_today": 11, "datetimes_today": "2026-07-24 12:19:32, 2026-07-24 12:32:06, 2026-07-24 12:46:46, 2026-07-24 12:59:03, 2026-07-24 13:17:09, 2026-07-24 13:33:01, 2026-07-24 13:46:46, 2026-07-24 14:02:07, 2026-07-24 14:17:02, 2026-07-24 14:47:11, 2026-07-24 15:02:07", "cumulative_total": 11.0 }, "geometry": { "type": "Polygon", "coordinates": [ [ [ -69.82958888292913, 46.882077329386618 ], [ -69.835875566134561, 46.884960341397374 ], [ -69.835377587529962, 46.890134760788989 ], [ -69.828591678893616, 46.892426061779702 ], [ -69.822304579371348, 46.889542631343872 ], [ -69.822803804754486, 46.884368318408306 ], [ -69.82958888292913, 46.882077329386618 ] ] ] } },
{ "type": "Feature", "properties": { "hex_id": 918946, "centroid_lon": -69.827593922473767, "centroid_lat": 46.902774759095642, "occurrences_today": 11, "datetimes_today": "2026-07-24 12:19:32, 2026-07-24 12:32:06, 2026-07-24 12:46:46, 2026-07-24 12:59:03, 2026-07-24 13:17:09, 2026-07-24 13:33:01, 2026-07-24 13:46:46, 2026-07-24 14:02:07, 2026-07-24 14:17:02, 2026-07-24 14:47:11, 2026-07-24 15:02:07", "cumulative_total": 11.0 }, "geometry": { "type": "Polygon", "coordinates": [ [ [ -69.828092869755622, 46.897600414823039 ], [ -69.834381216568431, 46.900483573295453 ], [ -69.833882824116003, 46.905657966407396 ], [ -69.827094837000175, 46.907949094596056 ], [ -69.82080607357355, 46.905065517472629 ], [ -69.82130571382875, 46.899891230877493 ], [ -69.828092869755622, 46.897600414823039 ] ] ] } },
{ "type": "Feature", "properties": { "hex_id": 918947, "centroid_lon": -69.826096251286387, "centroid_lat": 46.91829773927455, "occurrences_today": 11, "datetimes_today": "2026-07-24 12:19:32, 2026-07-24 12:32:06, 2026-07-24 12:46:46, 2026-07-24 12:59:03, 2026-07-24 13:17:09, 2026-07-24 13:33:01, 2026-07-24 13:46:46, 2026-07-24 14:02:07, 2026-07-24 14:17:02, 2026-07-24 14:47:11, 2026-07-24 15:02:07", "cumulative_total": 11.0 }, "geometry": { "type": "Polygon", "coordinates": [ [ [ -69.826595613287012, 46.913123421322851 ], [ -69.832885625028922, 46.916006726341521 ], [ -69.83238681829863, 46.921181093160797 ], [ -69.825596750950453, 46.923472048449725 ], [ -69.819306322297521, 46.920588324553925 ], [ -69.819806377855869, 46.915414064312309 ], [ -69.826595613287012, 46.913123421322851 ] ] ] } },
{ "type": "Feature", "properties": { "hex_id": 918948, "centroid_lon": -69.824597335080782, "centroid_lat": 46.933820640464674, "occurrences_today": 42, "datetimes_today": "2026-07-24 12:19:32, 2026-07-24 12:32:06, 2026-07-24 12:46:46, 2026-07-24 12:59:03, 2026-07-24 13:17:09, 2026-07-24 13:33:01, 2026-07-24 13:46:46, 2026-07-24 14:02:07, 2026-07-24 14:17:02, 2026-07-24 14:47:11, 2026-07-24 15:02:07, 2026-07-24 15:17:47, 2026-07-24 15:31:41, 2026-07-24 15:56:02, 2026-07-24 16:16:41, 2026-07-24 16:31:40, 2026-07-24 16:47:02, 2026-07-24 17:01:51, 2026-07-24 17:16:43, 2026-07-24 17:31:38, 2026-07-24 17:46:45, 2026-07-24 18:02:14, 2026-07-24 18:16:45, 2026-07-24 18:32:11, 2026-07-24 18:47:12, 2026-07-24 19:01:49, 2026-07-24 19:17:25, 2026-07-24 19:31:42, 2026-07-24 19:47:26, 2026-07-24 20:02:36, 2026-07-24 20:31:41, 2026-07-24 20:47:09, 2026-07-24 21:02:52, 2026-07-24 21:31:53, 2026-07-24 21:47:22, 2026-07-24 22:02:06, 2026-07-24 22:31:39, 2026-07-24 22:46:42, 2026-07-24 23:01:38, 2026-07-24 23:17:39, 2026-07-24 23:32:04, 2026-07-24 23:47:06", "cumulative_total": 42.0 }, "geometry": { "type": "Polygon", "coordinates": [ [ [ -69.825097112231219, 46.928646348846918 ], [ -69.831388790225233, 46.93152980049657 ], [ -69.830889568786375, 46.936704141010146 ], [ -69.824097419451149, 46.938994923301543 ], [ -69.817805324248724, 46.936111052548519 ], [ -69.818305795541946, 46.930936818673494 ], [ -69.825097112231219, 46.928646348846918 ] ] ] } },
{ "type": "Feature", "properties": { "hex_id": 918949, "centroid_lon": -69.823097172562356, "centroid_lat": 46.949343462626793, "occurrences_today": 8, "datetimes_today": "2026-07-24 12:19:32, 2026-07-24 12:32:06, 2026-07-24 12:46:46, 2026-07-24 12:59:03, 2026-07-24 13:17:09, 2026-07-24 13:33:01, 2026-07-24 13:46:46, 2026-07-24 14:02:07", "cumulative_total": 8.0 }, "geometry": { "type": "Polygon", "coordinates": [ [ [ -69.823597365294347, 46.944169197356061 ], [ -69.829890710864717, 46.947052795721483 ], [ -69.829391074285994, 46.952227109916343 ], [ -69.822596841207115, 46.954517719112289 ], [ -69.81630307813073, 46.951633701417109 ], [ -69.816803965591205, 46.946459493921786 ], [ -69.823597365294347, 46.944169197356061 ] ] ] } },
{ "type": "Feature", "properties": { "hex_id": 918950, "centroid_lon": -69.821595762434669, "centroid_lat": 46.964866205721705, "occurrences_today": 9, "datetimes_today": "2026-07-24 12:19:32, 2026-07-24 12:32:06, 2026-07-24 12:46:46, 2026-07-24 12:59:03, 2026-07-24 13:17:09, 2026-07-24 13:33:01, 2026-07-24 13:46:46, 2026-07-24 14:02:07, 2026-07-24 14:17:02", "cumulative_total": 9.0 }, "geometry": { "type": "Polygon", "coordinates": [ [ [ -69.822096371180592, 46.959691966811064 ], [ -69.828391385652793, 46.962575711977173 ], [ -69.827891333502279, 46.967749999840244 ], [ -69.821095014921283, 46.970040435842712 ], [ -69.814799582645236, 46.967156271120331 ], [ -69.815300886705899, 46.961982090017834 ], [ -69.822096371180592, 46.959691966811064 ] ] ] } },
{ "type": "Feature", "properties": { "hex_id": 919555, "centroid_lon": -69.823302891942646, "centroid_lat": 46.879193996695491, "occurrences_today": 11, "datetimes_today": "2026-07-24 12:19:32, 2026-07-24 12:32:06, 2026-07-24 12:46:46, 2026-07-24 12:59:03, 2026-07-24 13:17:09, 2026-07-24 13:33:01, 2026-07-24 13:46:46, 2026-07-24 14:02:07, 2026-07-24 14:17:02, 2026-07-24 14:47:11, 2026-07-24 15:02:07", "cumulative_total": 11.0 }, "geometry": { "type": "Polygon", "coordinates": [ [ [ -69.823801840983606, 46.874019666206884 ], [ -69.830087277922203, 46.876902950039771 ], [ -69.82958888292913, 46.882077329386618 ], [ -69.822803804754486, 46.884368318408306 ], [ -69.81651795193909, 46.881484616219765 ], [ -69.817017593127332, 46.876310343431079 ], [ -69.823801840983606, 46.874019666206884 ] ] ] } },
{ "type": "Feature", "properties": { "hex_id": 919556, "centroid_lon": -69.821805215745385, "centroid_lat": 46.89471693550076, "occurrences_today": 11, "datetimes_today": "2026-07-24 12:19:32, 2026-07-24 12:32:06, 2026-07-24 12:46:46, 2026-07-24 12:59:03, 2026-07-24 13:17:09, 2026-07-24 13:33:01, 2026-07-24 13:46:46, 2026-07-24 14:02:07, 2026-07-24 14:17:02, 2026-07-24 14:47:11, 2026-07-24 15:02:07", "cumulative_total": 11.0 }, "geometry": { "type": "Polygon", "coordinates": [ [ [ -69.822304579371348, 46.889542631343872 ], [ -69.828591678893616, 46.892426061779702 ], [ -69.828092869755622, 46.897600414823039 ], [ -69.82130571382875, 46.899891230877493 ], [ -69.815018198133117, 46.897007381860107 ], [ -69.815518254489859, 46.891833135435739 ], [ -69.822304579371348, 46.889542631343872 ] ] ] } },
{ "type": "Feature", "properties": { "hex_id": 919557, "centroid_lon": -69.82030629493191, "centroid_lat": 46.91023979528471, "occurrences_today": 11, "datetimes_today": "2026-07-24 12:19:32, 2026-07-24 12:32:06, 2026-07-24 12:46:46, 2026-07-24 12:59:03, 2026-07-24 13:17:09, 2026-07-24 13:33:01, 2026-07-24 13:46:46, 2026-07-24 14:02:07, 2026-07-24 14:17:02, 2026-07-24 14:47:11, 2026-07-24 15:02:07", "cumulative_total": 11.0 }, "geometry": { "type": "Polygon", "coordinates": [ [ [ -69.82080607357355, 46.905065517472629 ], [ -69.827094837000175, 46.907949094596056 ], [ -69.826595613287012, 46.913123421322851 ], [ -69.819806377855869, 46.915414064312309 ], [ -69.813517197959101, 46.912530068381251 ], [ -69.8140176699157, 46.907355848334312 ], [ -69.82080607357355, 46.905065517472629 ] ] ] } },
{ "type": "Feature", "properties": { "hex_id": 919558, "centroid_lon": -69.818806128208877, "centroid_lat": 46.925762576008132, "occurrences_today": 11, "datetimes_today": "2026-07-24 12:19:32, 2026-07-24 12:32:06, 2026-07-24 12:46:46, 2026-07-24 12:59:03, 2026-07-24 13:17:09, 2026-07-24 13:33:01, 2026-07-24 13:46:46, 2026-07-24 14:02:07, 2026-07-24 14:17:02, 2026-07-24 14:47:11, 2026-07-24 15:02:07", "cumulative_total": 11.0 }, "geometry": { "type": "Polygon", "coordinates": [ [ [ -69.819306322297521, 46.920588324553925 ], [ -69.825596750950453, 46.923472048449725 ], [ -69.825097112231219, 46.928646348846918 ], [ -69.818305795541946, 46.930936818673494 ], [ -69.812014950121906, 46.928052675743892 ], [ -69.812515838110244, 46.922878482087498 ], [ -69.819306322297521, 46.920588324553925 ] ] ] } },
{ "type": "Feature", "properties": { "hex_id": 919559, "centroid_lon": -69.817304714281164, "centroid_lat": 46.941285277631764, "occurrences_today": 42, "datetimes_today": "2026-07-24 12:19:32, 2026-07-24 12:32:06, 2026-07-24 12:46:46, 2026-07-24 12:59:03, 2026-07-24 13:17:09, 2026-07-24 13:33:01, 2026-07-24 13:46:46, 2026-07-24 14:02:07, 2026-07-24 14:17:02, 2026-07-24 14:47:11, 2026-07-24 15:02:07, 2026-07-24 15:17:47, 2026-07-24 15:31:41, 2026-07-24 15:56:02, 2026-07-24 16:16:41, 2026-07-24 16:31:40, 2026-07-24 16:47:02, 2026-07-24 17:01:51, 2026-07-24 17:16:43, 2026-07-24 17:31:38, 2026-07-24 17:46:45, 2026-07-24 18:02:14, 2026-07-24 18:16:45, 2026-07-24 18:32:11, 2026-07-24 18:47:12, 2026-07-24 19:01:49, 2026-07-24 19:17:25, 2026-07-24 19:31:42, 2026-07-24 19:47:26, 2026-07-24 20:02:36, 2026-07-24 20:31:41, 2026-07-24 20:47:09, 2026-07-24 21:02:52, 2026-07-24 21:31:53, 2026-07-24 21:47:22, 2026-07-24 22:02:06, 2026-07-24 22:31:39, 2026-07-24 22:46:42, 2026-07-24 23:01:38, 2026-07-24 23:17:39, 2026-07-24 23:32:04, 2026-07-24 23:47:06", "cumulative_total": 42.0 }, "geometry": { "type": "Polygon", "coordinates": [ [ [ -69.817805324248724, 46.936111052548519 ], [ -69.824097419451149, 46.938994923301543 ], [ -69.823597365294347, 46.944169197356061 ], [ -69.816803965591205, 46.946459493921786 ], [ -69.810511453324452, 46.943575203908622 ], [ -69.811012757777107, 46.938401036655911 ], [ -69.817805324248724, 46.936111052548519 ] ] ] } },
{ "type": "Feature", "properties": { "hex_id": 919560, "centroid_lon": -69.815802051851676, "centroid_lat": 46.956807900116253, "occurrences_today": 8, "datetimes_today": "2026-07-24 12:19:32, 2026-07-24 12:32:06, 2026-07-24 12:46:46, 2026-07-24 12:59:03, 2026-07-24 13:17:09, 2026-07-24 13:33:01, 2026-07-24 13:46:46, 2026-07-24 14:02:07", "cumulative_total": 8.0 }, "geometry": { "type": "Polygon", "coordinates": [ [ [ -69.81630307813073, 46.951633701417109 ], [ -69.822596841207115, 46.954517719112289 ], [ -69.822096371180592, 46.959691966811064 ], [ -69.815300886705899, 46.961982090017834 ], [ -69.80900670626778, 46.959097652836036 ], [ -69.809508427617956, 46.953923512000145 ], [ -69.81630307813073, 46.951633701417109 ] ] ] } },
{ "type": "Feature", "properties": { "hex_id": 919561, "centroid_lon": -69.814298139621499, "centroid_lat": 46.972330443422287, "occurrences_today": 8, "datetimes_today": "2026-07-24 12:19:32, 2026-07-24 12:32:06, 2026-07-24 12:46:46, 2026-07-24 12:59:03, 2026-07-24 13:17:09, 2026-07-24 13:33:01, 2026-07-24 13:46:46, 2026-07-24 14:02:07", "cumulative_total": 8.0 }, "geometry": { "type": "Polygon", "coordinates": [ [ [ -69.814799582645236, 46.967156271120331 ], [ -69.821095014921283, 46.970040435842712 ], [ -69.820594128592262, 46.975214657172671 ], [ -69.8137965575865, 46.977504606922267 ], [ -69.807500707651116, 46.974620022486654 ], [ -69.808002846332613, 46.96944590808075 ], [ -69.814799582645236, 46.967156271120331 ] ] ] } },
{ "type": "Feature", "properties": { "hex_id": 920165, "centroid_lon": -69.817517096021817, "centroid_lat": 46.871136061857186, "occurrences_today": 11, "datetimes_today": "2026-07-24 12:19:32, 2026-07-24 12:32:06, 2026-07-24 12:46:46, 2026-07-24 12:59:03, 2026-07-24 13:17:09, 2026-07-24 13:33:01, 2026-07-24 13:46:46, 2026-07-24 14:02:07, 2026-07-24 14:17:02, 2026-07-24 14:47:11, 2026-07-24 15:02:07", "cumulative_total": 11.0 }, "geometry": { "type": "Polygon", "coordinates": [ [ [ -69.81801646067035, 46.865961771499563 ], [ -69.824300651925171, 46.868845326943948 ], [ -69.823801840983606, 46.874019666206884 ], [ -69.817017593127332, 46.876310343431079 ], [ -69.810732986435383, 46.873426369700411 ], [ -69.811233042989016, 46.868252137097691 ], [ -69.81801646067035, 46.865961771499563 ] ] ] } },
{ "type": "Feature", "properties": { "hex_id": 920166, "centroid_lon": -69.81601817240923, "centroid_lat": 46.886658880221809, "occurrences_today": 11, "datetimes_today": "2026-07-24 12:19:32, 2026-07-24 12:32:06, 2026-07-24 12:46:46, 2026-07-24 12:59:03, 2026-07-24 13:17:09, 2026-07-24 13:33:01, 2026-07-24 13:46:46, 2026-07-24 14:02:07, 2026-07-24 14:17:02, 2026-07-24 14:47:11, 2026-07-24 15:02:07", "cumulative_total": 11.0 }, "geometry": { "type": "Polygon", "coordinates": [ [ [ -69.81651795193909, 46.881484616219765 ], [ -69.822803804754486, 46.884368318408306 ], [ -69.822304579371348, 46.889542631343872 ], [ -69.815518254489859, 46.891833135435739 ], [ -69.809231985941182, 46.888949014735076 ], [ -69.809732457959385, 46.883774808520577 ], [ -69.81651795193909, 46.881484616219765 ] ] ] } },
{ "type": "Feature", "properties": { "hex_id": 920167, "centroid_lon": -69.814518003291028, "centroid_lat": 46.902181619493447, "occurrences_today": 11, "datetimes_today": "2026-07-24 12:19:32, 2026-07-24 12:32:06, 2026-07-24 12:46:46, 2026-07-24 12:59:03, 2026-07-24 13:17:09, 2026-07-24 13:33:01, 2026-07-24 13:46:46, 2026-07-24 14:02:07, 2026-07-24 14:17:02, 2026-07-24 14:47:11, 2026-07-24 15:02:07", "cumulative_total": 11.0 }, "geometry": { "type": "Polygon", "coordinates": [ [ [ -69.815018198133117, 46.897007381860107 ], [ -69.82130571382875, 46.899891230877493 ], [ -69.82080607357355, 46.905065517472629 ], [ -69.8140176699157, 46.907355848334312 ], [ -69.807729738190417, 46.904471580578821 ], [ -69.808230626104688, 46.899297400765668 ], [ -69.815018198133117, 46.897007381860107 ] ] ] } },
{ "type": "Feature", "properties": { "hex_id": 920168, "centroid_lon": -69.813016587373298, "centroid_lat": 46.917704279632808, "occurrences_today": 11, "datetimes_today": "2026-07-24 12:19:32, 2026-07-24 12:32:06, 2026-07-24 12:46:46, 2026-07-24 12:59:03, 2026-07-24 13:17:09, 2026-07-24 13:33:01, 2026-07-24 13:46:46, 2026-07-24 14:02:07, 2026-07-24 14:17:02, 2026-07-24 14:47:11, 2026-07-24 15:02:07", "cumulative_total": 11.0 }, "geometry": { "type": "Polygon", "coordinates": [ [ [ -69.813517197959101, 46.912530068381251 ], [ -69.819806377855869, 46.915414064312309 ], [ -69.819306322297521, 46.920588324553925 ], [ -69.812515838110244, 46.922878482087498 ], [ -69.806226241887273, 46.919994067192199 ], [ -69.806727546129764, 46.914819913793551 ], [ -69.813517197959101, 46.912530068381251 ] ] ] } },
{ "type": "Feature", "properties": { "hex_id": 920169, "centroid_lon": -69.811513923360224, "centroid_lat": 46.93322686060052, "occurrences_today": 42, "datetimes_today": "2026-07-24 12:19:32, 2026-07-24 12:32:06, 2026-07-24 12:46:46, 2026-07-24 12:59:03, 2026-07-24 13:17:09, 2026-07-24 13:33:01, 2026-07-24 13:46:46, 2026-07-24 14:02:07, 2026-07-24 14:17:02, 2026-07-24 14:47:11, 2026-07-24 15:02:07, 2026-07-24 15:17:47, 2026-07-24 15:31:41, 2026-07-24 15:56:02, 2026-07-24 16:16:41, 2026-07-24 16:31:40, 2026-07-24 16:47:02, 2026-07-24 17:01:51, 2026-07-24 17:16:43, 2026-07-24 17:31:38, 2026-07-24 17:46:45, 2026-07-24 18:02:14, 2026-07-24 18:16:45, 2026-07-24 18:32:11, 2026-07-24 18:47:12, 2026-07-24 19:01:49, 2026-07-24 19:17:25, 2026-07-24 19:31:42, 2026-07-24 19:47:26, 2026-07-24 20:02:36, 2026-07-24 20:31:41, 2026-07-24 20:47:09, 2026-07-24 21:02:52, 2026-07-24 21:31:53, 2026-07-24 21:47:22, 2026-07-24 22:02:06, 2026-07-24 22:31:39, 2026-07-24 22:46:42, 2026-07-24 23:01:38, 2026-07-24 23:17:39, 2026-07-24 23:32:04, 2026-07-24 23:47:06", "cumulative_total": 42.0 }, "geometry": { "type": "Polygon", "coordinates": [ [ [ -69.812014950121906, 46.928052675743892 ], [ -69.818305795541946, 46.930936818673494 ], [ -69.817805324248724, 46.936111052548519 ], [ -69.811012757777107, 46.938401036655911 ], [ -69.804721495734071, 46.935516474535795 ], [ -69.805223216737545, 46.930342347564789 ], [ -69.812014950121906, 46.928052675743892 ] ] ] } },
{ "type": "Feature", "properties": { "hex_id": 920170, "centroid_lon": -69.810010009954112, "centroid_lat": 46.948749362357184, "occurrences_today": 11, "datetimes_today": "2026-07-24 12:19:32, 2026-07-24 12:32:06, 2026-07-24 12:46:46, 2026-07-24 12:59:03, 2026-07-24 13:17:09, 2026-07-24 13:33:01, 2026-07-24 13:46:46, 2026-07-24 14:02:07, 2026-07-24 14:17:02, 2026-07-24 14:47:11, 2026-07-24 15:02:07", "cumulative_total": 11.0 }, "geometry": { "type": "Polygon", "coordinates": [ [ [ -69.810511453324452, 46.943575203908622 ], [ -69.816803965591205, 46.946459493921786 ], [ -69.81630307813073, 46.951633701417109 ], [ -69.809508427617956, 46.953923512000145 ], [ -69.803215498431257, 46.951038802570068 ], [ -69.803717636629116, 46.945864702039884 ], [ -69.810511453324452, 46.943575203908622 ] ] ] } },
{ "type": "Feature", "properties": { "hex_id": 920171, "centroid_lon": -69.80850484585541, "centroid_lat": 46.964271784863399, "occurrences_today": 8, "datetimes_today": "2026-07-24 12:19:32, 2026-07-24 12:32:06, 2026-07-24 12:46:46, 2026-07-24 12:59:03, 2026-07-24 13:17:09, 2026-07-24 13:33:01, 2026-07-24 13:46:46, 2026-07-24 14:02:07", "cumulative_total": 8.0 }, "geometry": { "type": "Polygon", "coordinates": [ [ [ -69.80900670626778, 46.959097652836036 ], [ -69.815300886705899, 46.961982090017834 ], [ -69.814799582645236, 46.967156271120331 ], [ -69.808002846332613, 46.96944590808075 ], [ -69.801708248677343, 46.966561051255475 ], [ -69.802210804503616, 46.961386977179316 ], [ -69.80900670626778, 46.959097652836036 ] ] ] } },
{ "type": "Feature", "properties": { "hex_id": 920776, "centroid_lon": -69.810232791441479, "centroid_lat": 46.878600593508544, "occurrences_today": 11, "datetimes_today": "2026-07-24 12:19:32, 2026-07-24 12:32:06, 2026-07-24 12:46:46, 2026-07-24 12:59:03, 2026-07-24 13:17:09, 2026-07-24 13:33:01, 2026-07-24 13:46:46, 2026-07-24 14:02:07, 2026-07-24 14:17:02, 2026-07-24 14:47:11, 2026-07-24 15:02:07", "cumulative_total": 11.0 }, "geometry": { "type": "Polygon", "coordinates": [ [ [ -69.810732986435383, 46.873426369700411 ], [ -69.817017593127332, 46.876310343431079 ], [ -69.81651795193909, 46.881484616219765 ], [ -69.809732457959385, 46.883774808520577 ], [ -69.803447435973894, 46.88089041634727 ], [ -69.803948323213746, 46.875716250381686 ], [ -69.810732986435383, 46.873426369700411 ] ] ] } },
{ "type": "Feature", "properties": { "hex_id": 920777, "centroid_lon": -69.808731375338937, "centroid_lat": 46.89412321215061, "occurrences_today": 11, "datetimes_today": "2026-07-24 12:19:32, 2026-07-24 12:32:06, 2026-07-24 12:46:46, 2026-07-24 12:59:03, 2026-07-24 13:17:09, 2026-07-24 13:33:01, 2026-07-24 13:46:46, 2026-07-24 14:02:07, 2026-07-24 14:17:02, 2026-07-24 14:47:11, 2026-07-24 15:02:07", "cumulative_total": 11.0 }, "geometry": { "type": "Polygon", "coordinates": [ [ [ -69.809231985941182, 46.888949014735076 ], [ -69.815518254489859, 46.891833135435739 ], [ -69.815018198133117, 46.897007381860107 ], [ -69.808230626104688, 46.899297400765668 ], [ -69.801943941966542, 46.896412861396435 ], [ -69.802445245398303, 46.891238721856112 ], [ -69.809231985941182, 46.888949014735076 ] ] ] } },
{ "type": "Feature", "properties": { "hex_id": 920778, "centroid_lon": -69.80722871154812, "centroid_lat": 46.909645751588592, "occurrences_today": 11, "datetimes_today": "2026-07-24 12:19:32, 2026-07-24 12:32:06, 2026-07-24 12:46:46, 2026-07-24 12:59:03, 2026-07-24 13:17:09, 2026-07-24 13:33:01, 2026-07-24 13:46:46, 2026-07-24 14:02:07, 2026-07-24 14:17:02, 2026-07-24 14:47:11, 2026-07-24 15:02:07", "cumulative_total": 11.0 }, "geometry": { "type": "Polygon", "coordinates": [ [ [ -69.807729738190417, 46.904471580578821 ], [ -69.8140176699157, 46.907355848334312 ], [ -69.813517197959101, 46.912530068381251 ], [ -69.806727546129764, 46.914819913793551 ], [ -69.800439198518873, 46.911935227143402 ], [ -69.800940918574895, 46.906761114041537 ], [ -69.807729738190417, 46.904471580578821 ] ] ] } },
{ "type": "Feature", "properties": { "hex_id": 920779, "centroid_lon": -69.805724798772573, "centroid_lat": 46.925168211783102, "occurrences_today": 11, "datetimes_today": "2026-07-24 12:19:32, 2026-07-24 12:32:06, 2026-07-24 12:46:46, 2026-07-24 12:59:03, 2026-07-24 13:17:09, 2026-07-24 13:33:01, 2026-07-24 13:46:46, 2026-07-24 14:02:07, 2026-07-24 14:17:02, 2026-07-24 14:47:11, 2026-07-24 15:02:07", "cumulative_total": 11.0 }, "geometry": { "type": "Polygon", "coordinates": [ [ [ -69.806226241887273, 46.919994067192199 ], [ -69.812515838110244, 46.922878482087498 ], [ -69.812014950121906, 46.928052675743892 ], [ -69.805223216737545, 46.930342347564789 ], [ -69.798933204332599, 46.927457513548632 ], [ -69.799435341445871, 46.922283426898403 ], [ -69.806226241887273, 46.919994067192199 ] ] ] } },
{ "type": "Feature", "properties": { "hex_id": 920780, "centroid_lon": -69.804219635713991, "centroid_lat": 46.940690592694644, "occurrences_today": 11, "datetimes_today": "2026-07-24 12:19:32, 2026-07-24 12:32:06, 2026-07-24 12:46:46, 2026-07-24 12:59:03, 2026-07-24 13:17:09, 2026-07-24 13:33:01, 2026-07-24 13:46:46, 2026-07-24 14:02:07, 2026-07-24 14:17:02, 2026-07-24 14:47:11, 2026-07-24 15:02:07", "cumulative_total": 11.0 }, "geometry": { "type": "Polygon", "coordinates": [ [ [ -69.804721495734071, 46.935516474535795 ], [ -69.811012757777107, 46.938401036655911 ], [ -69.810511453324452, 46.943575203908622 ], [ -69.803717636629116, 46.945864702039884 ], [ -69.797425958107539, 46.942979720572538 ], [ -69.797928512711664, 46.937805660387163 ], [ -69.804721495734071, 46.935516474535795 ] ] ] } },
{ "type": "Feature", "properties": { "hex_id": 920781, "centroid_lon": -69.802713221072167, "centroid_lat": 46.956212894283688, "occurrences_today": 11, "datetimes_today": "2026-07-24 12:19:32, 2026-07-24 12:32:06, 2026-07-24 12:46:46, 2026-07-24 12:59:03, 2026-07-24 13:17:09, 2026-07-24 13:33:01, 2026-07-24 13:46:46, 2026-07-24 14:02:07, 2026-07-24 14:17:02, 2026-07-24 14:47:11, 2026-07-24 15:02:07", "cumulative_total": 11.0 }, "geometry": { "type": "Polygon", "coordinates": [ [ [ -69.803215498431257, 46.951038802570068 ], [ -69.809508427617956, 46.953923512000145 ], [ -69.80900670626778, 46.959097652836036 ], [ -69.802210804503616, 46.961386977179316 ], [ -69.795917458541595, 46.958501848175494 ], [ -69.7964204310708, 46.953327814468174 ], [ -69.803215498431257, 46.951038802570068 ] ] ] } },
{ "type": "Feature", "properties": { "hex_id": 920782, "centroid_lon": -69.801205553545032, "centroid_lat": 46.971735116510679, "occurrences_today": 8, "datetimes_today": "2026-07-24 12:19:32, 2026-07-24 12:32:06, 2026-07-24 12:46:46, 2026-07-24 12:59:03, 2026-07-24 13:17:09, 2026-07-24 13:33:01, 2026-07-24 13:46:46, 2026-07-24 14:02:07", "cumulative_total": 8.0 }, "geometry": { "type": "Polygon", "coordinates": [ [ [ -69.801708248677343, 46.966561051255475 ], [ -69.808002846332613, 46.96944590808075 ], [ -69.807500707651116, 46.974620022486654 ], [ -69.800702719058364, 46.976909172943486 ], [ -69.794407704330794, 46.974023896317817 ], [ -69.794911095219959, 46.96884988910179 ], [ -69.801708248677343, 46.966561051255475 ] ] ] } },
{ "type": "Feature", "properties": { "hex_id": 921387, "centroid_lon": -69.802946410051419, "centroid_lat": 46.886064573505912, "occurrences_today": 11, "datetimes_today": "2026-07-24 12:19:32, 2026-07-24 12:32:06, 2026-07-24 12:46:46, 2026-07-24 12:59:03, 2026-07-24 13:17:09, 2026-07-24 13:33:01, 2026-07-24 13:46:46, 2026-07-24 14:02:07, 2026-07-24 14:17:02, 2026-07-24 14:47:11, 2026-07-24 15:02:07", "cumulative_total": 11.0 }, "geometry": { "type": "Polygon", "coordinates": [ [ [ -69.803447435973894, 46.88089041634727 ], [ -69.809732457959385, 46.883774808520577 ], [ -69.809231985941182, 46.888949014735076 ], [ -69.802445245398303, 46.891238721856112 ], [ -69.796159808263155, 46.888353911083776 ], [ -69.796661526772567, 46.883179811855314 ], [ -69.803447435973894, 46.88089041634727 ] ] ] } },
{ "type": "Feature", "properties": { "hex_id": 921388, "centroid_lon": -69.801442499708088, "centroid_lat": 46.901586992125395, "occurrences_today": 11, "datetimes_today": "2026-07-24 12:19:32, 2026-07-24 12:32:06, 2026-07-24 12:46:46, 2026-07-24 12:59:03, 2026-07-24 13:17:09, 2026-07-24 13:33:01, 2026-07-24 13:46:46, 2026-07-24 14:02:07, 2026-07-24 14:17:02, 2026-07-24 14:47:11, 2026-07-24 15:02:07", "cumulative_total": 11.0 }, "geometry": { "type": "Polygon", "coordinates": [ [ [ -69.801943941966542, 46.896412861396435 ], [ -69.808230626104688, 46.899297400765668 ], [ -69.807729738190417, 46.904471580578821 ], [ -69.800940918574895, 46.906761114041537 ], [ -69.79465381899135, 46.903876155847236 ], [ -69.79515595442065, 46.898702083081211 ], [ -69.801943941966542, 46.896412861396435 ] ] ] } },
{ "type": "Feature", "properties": { "hex_id": 921389, "centroid_lon": -69.799937339491919, "centroid_lat": 46.917109331429508, "occurrences_today": 11, "datetimes_today": "2026-07-24 12:19:32, 2026-07-24 12:32:06, 2026-07-24 12:46:46, 2026-07-24 12:59:03, 2026-07-24 13:17:09, 2026-07-24 13:33:01, 2026-07-24 13:46:46, 2026-07-24 14:02:07, 2026-07-24 14:17:02, 2026-07-24 14:47:11, 2026-07-24 15:02:07", "cumulative_total": 11.0 }, "geometry": { "type": "Polygon", "coordinates": [ [ [ -69.800439198518873, 46.911935227143402 ], [ -69.806727546129764, 46.914819913793551 ], [ -69.806226241887273, 46.919994067192199 ], [ -69.799435341445871, 46.922283426898403 ], [ -69.793146578093641, 46.919398321197015 ], [ -69.79364913087602, 46.914224274906623 ], [ -69.800439198518873, 46.911935227143402 ] ] ] } },
{ "type": "Feature", "properties": { "hex_id": 921390, "centroid_lon": -69.798430928103926, "centroid_lat": 46.932631591378708, "occurrences_today": 11, "datetimes_today": "2026-07-24 12:19:32, 2026-07-24 12:32:06, 2026-07-24 12:46:46, 2026-07-24 12:59:03, 2026-07-24 13:17:09, 2026-07-24 13:33:01, 2026-07-24 13:46:46, 2026-07-24 14:02:07, 2026-07-24 14:17:02, 2026-07-24 14:47:11, 2026-07-24 15:02:07", "cumulative_total": 11.0 }, "geometry": { "type": "Polygon", "coordinates": [ [ [ -69.798933204332599, 46.927457513548632 ], [ -69.805223216737545, 46.930342347564789 ], [ -69.804721495734071, 46.935516474535795 ], [ -69.797928512711664, 46.937805660387163 ], [ -69.791638084269223, 46.934920407093465 ], [ -69.792141054838496, 46.929746387291928 ], [ -69.798933204332599, 46.927457513548632 ] ] ] } },
{ "type": "Feature", "properties": { "hex_id": 921391, "centroid_lon": -69.796923264243333, "centroid_lat": 46.948153771933356, "occurrences_today": 11, "datetimes_today": "2026-07-24 12:19:32, 2026-07-24 12:32:06, 2026-07-24 12:46:46, 2026-07-24 12:59:03, 2026-07-24 13:17:09, 2026-07-24 13:33:01, 2026-07-24 13:46:46, 2026-07-24 14:02:07, 2026-07-24 14:17:02, 2026-07-24 14:47:11, 2026-07-24 15:02:07", "cumulative_total": 11.0 }, "geometry": { "type": "Polygon", "coordinates": [ [ [ -69.797425958107539, 46.942979720572538 ], [ -69.803717636629116, 46.945864702039884 ], [ -69.803215498431257, 46.951038802570068 ], [ -69.7964204310708, 46.953327814468174 ], [ -69.790128336215389, 46.950442413496859 ], [ -69.79063172500598, 46.945268420197401 ], [ -69.797425958107539, 46.942979720572538 ] ] ] } },
{ "type": "Feature", "properties": { "hex_id": 921392, "centroid_lon": -69.79541434660743, "centroid_lat": 46.963675873053866, "occurrences_today": 8, "datetimes_today": "2026-07-24 12:19:32, 2026-07-24 12:32:06, 2026-07-24 12:46:46, 2026-07-24 12:59:03, 2026-07-24 13:17:09, 2026-07-24 13:33:01, 2026-07-24 13:46:46, 2026-07-24 14:02:07", "cumulative_total": 8.0 }, "geometry": { "type": "Polygon", "coordinates": [ [ [ -69.795917458541595, 46.958501848175494 ], [ -69.802210804503616, 46.961386977179316 ], [ -69.801708248677343, 46.966561051255475 ], [ -69.794911095219959, 46.96884988910179 ], [ -69.788617332627524, 46.965964340367421 ], [ -69.789121140074542, 46.960790373583336 ], [ -69.795917458541595, 46.958501848175494 ] ] ] } },
{ "type": "Feature", "properties": { "hex_id": 921998, "centroid_lon": -69.795657950828542, "centroid_lat": 46.893528001492903, "occurrences_today": 11, "datetimes_today": "2026-07-24 12:19:32, 2026-07-24 12:32:06, 2026-07-24 12:46:46, 2026-07-24 12:59:03, 2026-07-24 13:17:09, 2026-07-24 13:33:01, 2026-07-24 13:46:46, 2026-07-24 14:02:07, 2026-07-24 14:17:02, 2026-07-24 14:47:11, 2026-07-24 15:02:07", "cumulative_total": 11.0 }, "geometry": { "type": "Polygon", "coordinates": [ [ [ -69.796159808263155, 46.888353911083776 ], [ -69.802445245398303, 46.891238721856112 ], [ -69.801943941966542, 46.896412861396435 ], [ -69.79515595442065, 46.898702083081211 ], [ -69.788870102279986, 46.895816853553399 ], [ -69.789372652642641, 46.890642821162174 ], [ -69.796159808263155, 46.888353911083776 ] ] ] } },
{ "type": "Feature", "properties": { "hex_id": 921999, "centroid_lon": -69.794151544492522, "centroid_lat": 46.909050219789542, "occurrences_today": 11, "datetimes_today": "2026-07-24 12:19:32, 2026-07-24 12:32:06, 2026-07-24 12:46:46, 2026-07-24 12:59:03, 2026-07-24 13:17:09, 2026-07-24 13:33:01, 2026-07-24 13:46:46, 2026-07-24 14:02:07, 2026-07-24 14:17:02, 2026-07-24 14:47:11, 2026-07-24 15:02:07", "cumulative_total": 11.0 }, "geometry": { "type": "Polygon", "coordinates": [ [ [ -69.79465381899135, 46.903876155847236 ], [ -69.800940918574895, 46.906761114041537 ], [ -69.800439198518873, 46.911935227143402 ], [ -69.79364913087602, 46.914224274906623 ], [ -69.787361615991443, 46.911338897730758 ], [ -69.787864584002577, 46.906164891839154 ], [ -69.79465381899135, 46.903876155847236 ] ] ] } },
{ "type": "Feature", "properties": { "hex_id": 922000, "centroid_lon": -69.79264388609721, "centroid_lat": 46.924572358659269, "occurrences_today": 11, "datetimes_today": "2026-07-24 12:19:32, 2026-07-24 12:32:06, 2026-07-24 12:46:46, 2026-07-24 12:59:03, 2026-07-24 13:17:09, 2026-07-24 13:33:01, 2026-07-24 13:46:46, 2026-07-24 14:02:07, 2026-07-24 14:17:02, 2026-07-24 14:47:11, 2026-07-24 15:02:07", "cumulative_total": 11.0 }, "geometry": { "type": "Polygon", "coordinates": [ [ [ -69.793146578093641, 46.919398321197015 ], [ -69.799435341445871, 46.922283426898403 ], [ -69.798933204332599, 46.927457513548632 ], [ -69.792141054838496, 46.929746387291928 ], [ -69.785851875889492, 46.926860862382732 ], [ -69.786355261983147, 46.921686883004014 ], [ -69.793146578093641, 46.919398321197015 ] ] ] } },
{ "type": "Feature", "properties": { "hex_id": 922001, "centroid_lon": -69.791134974341148, "centroid_lat": 46.940094418062444, "occurrences_today": 11, "datetimes_today": "2026-07-24 12:19:32, 2026-07-24 12:32:06, 2026-07-24 12:46:46, 2026-07-24 12:59:03, 2026-07-24 13:17:09, 2026-07-24 13:33:01, 2026-07-24 13:46:46, 2026-07-24 14:02:07, 2026-07-24 14:17:02, 2026-07-24 14:47:11, 2026-07-24 15:02:07", "cumulative_total": 11.0 }, "geometry": { "type": "Polygon", "coordinates": [ [ [ -69.791638084269223, 46.934920407093465 ], [ -69.797928512711664, 46.937805660387163 ], [ -69.797425958107539, 46.942979720572538 ], [ -69.79063172500598, 46.945268420197401 ], [ -69.784340880670854, 46.942382747469523 ], [ -69.784844685281683, 46.937208794616957 ], [ -69.791638084269223, 46.934920407093465 ] ] ] } },
{ "type": "Feature", "properties": { "hex_id": 922002, "centroid_lon": -69.78962480792103, "centroid_lat": 46.955616397959311, "occurrences_today": 11, "datetimes_today": "2026-07-24 12:19:32, 2026-07-24 12:32:06, 2026-07-24 12:46:46, 2026-07-24 12:59:03, 2026-07-24 13:17:09, 2026-07-24 13:33:01, 2026-07-24 13:46:46, 2026-07-24 14:02:07, 2026-07-24 14:17:02, 2026-07-24 14:47:11, 2026-07-24 15:02:07", "cumulative_total": 11.0 }, "geometry": { "type": "Polygon", "coordinates": [ [ [ -69.790128336215389, 46.950442413496859 ], [ -69.7964204310708, 46.953327814468174 ], [ -69.795917458541595, 46.958501848175494 ], [ -69.789121140074542, 46.960790373583336 ], [ -69.782828629030277, 46.957904552951291 ], [ -69.783332852593546, 46.952730626638157 ], [ -69.790128336215389, 46.950442413496859 ] ] ] } },
{ "type": "Feature", "properties": { "hex_id": 922003, "centroid_lon": -69.788113385531588, "centroid_lat": 46.971138298310095, "occurrences_today": 8, "datetimes_today": "2026-07-24 12:19:32, 2026-07-24 12:32:06, 2026-07-24 12:46:46, 2026-07-24 12:59:03, 2026-07-24 13:17:09, 2026-07-24 13:33:01, 2026-07-24 13:46:46, 2026-07-24 14:02:07", "cumulative_total": 8.0 }, "geometry": { "type": "Polygon", "coordinates": [ [ [ -69.788617332627524, 46.965964340367421 ], [ -69.794911095219959, 46.96884988910179 ], [ -69.794407704330794, 46.974023896317817 ], [ -69.787609298738289, 46.976312247409908 ], [ -69.781315119660661, 46.973426278788146 ], [ -69.781819762612301, 46.968252379027767 ], [ -69.788617332627524, 46.965964340367421 ] ] ] } },
{ "type": "Feature", "properties": { "hex_id": 922609, "centroid_lon": -69.788367412749366, "centroid_lat": 46.900990877112889, "occurrences_today": 11, "datetimes_today": "2026-07-24 12:19:32, 2026-07-24 12:32:06, 2026-07-24 12:46:46, 2026-07-24 12:59:03, 2026-07-24 13:17:09, 2026-07-24 13:33:01, 2026-07-24 13:46:46, 2026-07-24 14:02:07, 2026-07-24 14:17:02, 2026-07-24 14:47:11, 2026-07-24 15:02:07", "cumulative_total": 11.0 }, "geometry": { "type": "Polygon", "coordinates": [ [ [ -69.788870102279986, 46.895816853553399 ], [ -69.79515595442065, 46.898702083081211 ], [ -69.79465381899135, 46.903876155847236 ], [ -69.787864584002577, 46.906164891839154 ], [ -69.781578317000836, 46.90327924339946 ], [ -69.78208169980077, 46.898105277945639 ], [ -69.788870102279986, 46.895816853553399 ] ] ] } },
{ "type": "Feature", "properties": { "hex_id": 922610, "centroid_lon": -69.78685850866772, "centroid_lat": 46.916512894786209, "occurrences_today": 11, "datetimes_today": "2026-07-24 12:19:32, 2026-07-24 12:32:06, 2026-07-24 12:46:46, 2026-07-24 12:59:03, 2026-07-24 13:17:09, 2026-07-24 13:33:01, 2026-07-24 13:46:46, 2026-07-24 14:02:07, 2026-07-24 14:17:02, 2026-07-24 14:47:11, 2026-07-24 15:02:07", "cumulative_total": 11.0 }, "geometry": { "type": "Polygon", "coordinates": [ [ [ -69.787361615991443, 46.911338897730758 ], [ -69.79364913087602, 46.914224274906623 ], [ -69.793146578093641, 46.919398321197015 ], [ -69.786355261983147, 46.921686883004014 ], [ -69.780067331942192, 46.918801086690067 ], [ -69.780571133119835, 46.91362714777317 ], [ -69.787361615991443, 46.911338897730758 ] ] ] } },
{ "type": "Feature", "properties": { "hex_id": 922611, "centroid_lon": -69.785348350338438, "centroid_lat": 46.932034832920877, "occurrences_today": 11, "datetimes_today": "2026-07-24 12:19:32, 2026-07-24 12:32:06, 2026-07-24 12:46:46, 2026-07-24 12:59:03, 2026-07-24 13:17:09, 2026-07-24 13:33:01, 2026-07-24 13:46:46, 2026-07-24 14:02:07, 2026-07-24 14:17:02, 2026-07-24 14:47:11, 2026-07-24 15:02:07", "cumulative_total": 11.0 }, "geometry": { "type": "Polygon", "coordinates": [ [ [ -69.785851875889492, 46.926860862382732 ], [ -69.792141054838496, 46.929746387291928 ], [ -69.791638084269223, 46.934920407093465 ], [ -69.784844685281683, 46.937208794616957 ], [ -69.778555090880772, 46.934322850343364 ], [ -69.779059310871006, 46.929148937976656 ], [ -69.785851875889492, 46.926860862382732 ] ] ] } },
{ "type": "Feature", "properties": { "hex_id": 922612, "centroid_lon": -69.783836936457604, "centroid_lat": 46.947556691477075, "occurrences_today": 11, "datetimes_today": "2026-07-24 12:19:32, 2026-07-24 12:32:06, 2026-07-24 12:46:46, 2026-07-24 12:59:03, 2026-07-24 13:17:09, 2026-07-24 13:33:01, 2026-07-24 13:46:46, 2026-07-24 14:02:07, 2026-07-24 14:17:02, 2026-07-24 14:47:11, 2026-07-24 15:02:07", "cumulative_total": 11.0 }, "geometry": { "type": "Polygon", "coordinates": [ [ [ -69.784340880670854, 46.942382747469523 ], [ -69.79063172500598, 46.945268420197401 ], [ -69.790128336215389, 46.950442413496859 ], [ -69.783332852593546, 46.952730626638157 ], [ -69.777041592510784, 46.949844534319404 ], [ -69.777546231749085, 46.944670648516208 ], [ -69.784340880670854, 46.942382747469523 ] ] ] } },
{ "type": "Feature", "properties": { "hex_id": 923220, "centroid_lon": -69.781074794789959, "centroid_lat": 46.908453200009134, "occurrences_today": 11, "datetimes_today": "2026-07-24 12:19:32, 2026-07-24 12:32:06, 2026-07-24 12:46:46, 2026-07-24 12:59:03, 2026-07-24 13:17:09, 2026-07-24 13:33:01, 2026-07-24 13:46:46, 2026-07-24 14:02:07, 2026-07-24 14:17:02, 2026-07-24 14:47:11, 2026-07-24 15:02:07", "cumulative_total": 11.0 }, "geometry": { "type": "Polygon", "coordinates": [ [ [ -69.781578317000836, 46.90327924339946 ], [ -69.787864584002577, 46.906164891839154 ], [ -69.787361615991443, 46.911338897730758 ], [ -69.780571133119835, 46.91362714777317 ], [ -69.774284451401726, 46.910741080265126 ], [ -69.774788667223319, 46.905567181848937 ], [ -69.781578317000836, 46.90327924339946 ] ] ] } },
{ "type": "Feature", "properties": { "hex_id": 923221, "centroid_lon": -69.779563391208697, "centroid_lat": 46.923975016758391, "occurrences_today": 11, "datetimes_today": "2026-07-24 12:19:32, 2026-07-24 12:32:06, 2026-07-24 12:46:46, 2026-07-24 12:59:03, 2026-07-24 13:17:09, 2026-07-24 13:33:01, 2026-07-24 13:46:46, 2026-07-24 14:02:07, 2026-07-24 14:17:02, 2026-07-24 14:47:11, 2026-07-24 15:02:07", "cumulative_total": 11.0 }, "geometry": { "type": "Polygon", "coordinates": [ [ [ -69.780067331942192, 46.918801086690067 ], [ -69.786355261983147, 46.921686883004014 ], [ -69.785851875889492, 46.926860862382732 ], [ -69.779059310871006, 46.929148937976656 ], [ -69.772770965818552, 46.926262722368108 ], [ -69.773275600747738, 46.921088850526196 ], [ -69.780067331942192, 46.918801086690067 ] ] ] } },
{ "type": "Feature", "properties": { "hex_id": 923222, "centroid_lon": -69.778050731189609, "centroid_lat": 46.939496753857036, "occurrences_today": 11, "datetimes_today": "2026-07-24 12:19:32, 2026-07-24 12:32:06, 2026-07-24 12:46:46, 2026-07-24 12:59:03, 2026-07-24 13:17:09, 2026-07-24 13:33:01, 2026-07-24 13:46:46, 2026-07-24 14:02:07, 2026-07-24 14:17:02, 2026-07-24 14:47:11, 2026-07-24 15:02:07", "cumulative_total": 11.0 }, "geometry": { "type": "Polygon", "coordinates": [ [ [ -69.778555090880772, 46.934322850343364 ], [ -69.784844685281683, 46.937208794616957 ], [ -69.784340880670854, 46.942382747469523 ], [ -69.777546231749085, 46.944670648516208 ], [ -69.771256222041401, 46.941784284721592 ], [ -69.771761276513857, 46.936610439467287 ], [ -69.778555090880772, 46.934322850343364 ] ] ] } },
{ "type": "Feature", "properties": { "hex_id": 923223, "centroid_lon": -69.776536813426233, "centroid_lat": 46.955018411265101, "occurrences_today": 11, "datetimes_today": "2026-07-24 12:19:32, 2026-07-24 12:32:06, 2026-07-24 12:46:46, 2026-07-24 12:59:03, 2026-07-24 13:17:09, 2026-07-24 13:33:01, 2026-07-24 13:46:46, 2026-07-24 14:02:07, 2026-07-24 14:17:02, 2026-07-24 14:47:11, 2026-07-24 15:02:07", "cumulative_total": 11.0 }, "geometry": { "type": "Polygon", "coordinates": [ [ [ -69.777041592510784, 46.949844534319404 ], [ -69.783332852593546, 46.952730626638157 ], [ -69.782828629030277, 46.957904552951291 ], [ -69.776031894446973, 46.96019227935188 ], [ -69.769740218761896, 46.957305767285547 ], [ -69.770245693213951, 46.952131948632207 ], [ -69.777041592510784, 46.949844534319404 ] ] ] } },
{ "type": "Feature", "properties": { "hex_id": 923224, "centroid_lon": -69.775021636610219, "centroid_lat": 46.970539988942633, "occurrences_today": 8, "datetimes_today": "2026-07-24 12:19:32, 2026-07-24 12:32:06, 2026-07-24 12:46:46, 2026-07-24 12:59:03, 2026-07-24 13:17:09, 2026-07-24 13:33:01, 2026-07-24 13:46:46, 2026-07-24 14:02:07", "cumulative_total": 8.0 }, "geometry": { "type": "Polygon", "coordinates": [ [ [ -69.775526835524474, 46.965366138578226 ], [ -69.781819762612301, 46.968252379027767 ], [ -69.781315119660661, 46.973426278788146 ], [ -69.774516297655651, 46.975713830443674 ], [ -69.768222954669795, 46.972827170019876 ], [ -69.768728849538419, 46.967653377980866 ], [ -69.775526835524474, 46.965366138578226 ] ] ] } },
{ "type": "Feature", "properties": { "hex_id": 923831, "centroid_lon": -69.773780095925986, "centroid_lat": 46.915914969824705, "occurrences_today": 11, "datetimes_today": "2026-07-24 12:19:32, 2026-07-24 12:32:06, 2026-07-24 12:46:46, 2026-07-24 12:59:03, 2026-07-24 13:17:09, 2026-07-24 13:33:01, 2026-07-24 13:46:46, 2026-07-24 14:02:07, 2026-07-24 14:17:02, 2026-07-24 14:47:11, 2026-07-24 15:02:07", "cumulative_total": 11.0 }, "geometry": { "type": "Polygon", "coordinates": [ [ [ -69.774284451401726, 46.910741080265126 ], [ -69.780571133119835, 46.91362714777317 ], [ -69.780067331942192, 46.918801086690067 ], [ -69.773275600747738, 46.921088850526196 ], [ -69.76698850445824, 46.918202363793348 ], [ -69.767493553886212, 46.913028532515128 ], [ -69.774284451401726, 46.910741080265126 ] ] ] } },
{ "type": "Feature", "properties": { "hex_id": 923832, "centroid_lon": -69.772266191090083, "centroid_lat": 46.931436585348969, "occurrences_today": 11, "datetimes_today": "2026-07-24 12:19:32, 2026-07-24 12:32:06, 2026-07-24 12:46:46, 2026-07-24 12:59:03, 2026-07-24 13:17:09, 2026-07-24 13:33:01, 2026-07-24 13:46:46, 2026-07-24 14:02:07, 2026-07-24 14:17:02, 2026-07-24 14:47:11, 2026-07-24 15:02:07", "cumulative_total": 11.0 }, "geometry": { "type": "Polygon", "coordinates": [ [ [ -69.772770965818552, 46.926262722368108 ], [ -69.779059310871006, 46.929148937976656 ], [ -69.778555090880772, 46.934322850343364 ], [ -69.771761276513857, 46.936610439467287 ], [ -69.765472516595125, 46.933723804407585 ], [ -69.765977985861156, 46.928549999741072 ], [ -69.772770965818552, 46.926262722368108 ] ] ] } },
{ "type": "Feature", "properties": { "hex_id": 923833, "centroid_lon": -69.770751027624272, "centroid_lat": 46.946958121110391, "occurrences_today": 11, "datetimes_today": "2026-07-24 12:19:32, 2026-07-24 12:32:06, 2026-07-24 12:46:46, 2026-07-24 12:59:03, 2026-07-24 13:17:09, 2026-07-24 13:33:01, 2026-07-24 13:46:46, 2026-07-24 14:02:07, 2026-07-24 14:17:02, 2026-07-24 14:47:11, 2026-07-24 15:02:07", "cumulative_total": 11.0 }, "geometry": { "type": "Polygon", "coordinates": [ [ [ -69.771256222041401, 46.941784284721592 ], [ -69.777546231749085, 46.944670648516208 ], [ -69.777041592510784, 46.949844534319404 ], [ -69.770245693213951, 46.952131948632207 ], [ -69.763955268344887, 46.94924516515993 ], [ -69.76446115788552, 46.944071387118498 ], [ -69.771256222041401, 46.941784284721592 ] ] ] } },
{ "type": "Feature", "properties": { "hex_id": 923834, "centroid_lon": -69.769234604219591, "centroid_lat": 46.962479577068933, "occurrences_today": 11, "datetimes_today": "2026-07-24 12:19:32, 2026-07-24 12:32:06, 2026-07-24 12:46:46, 2026-07-24 12:59:03, 2026-07-24 13:17:09, 2026-07-24 13:33:01, 2026-07-24 13:46:46, 2026-07-24 14:02:07, 2026-07-24 14:17:02, 2026-07-24 14:47:11, 2026-07-24 15:02:07", "cumulative_total": 11.0 }, "geometry": { "type": "Polygon", "coordinates": [ [ [ -69.769740218761896, 46.957305767285547 ], [ -69.776031894446973, 46.96019227935188 ], [ -69.775526835524474, 46.965366138578226 ], [ -69.768728849538419, 46.967653377980866 ], [ -69.762436758396674, 46.964766446010231 ], [ -69.762943068649079, 46.959592694607281 ], [ -69.769740218761896, 46.957305767285547 ] ] ] } },
{ "type": "Feature", "properties": { "hex_id": 924442, "centroid_lon": -69.766483315132703, "centroid_lat": 46.923376186202489, "occurrences_today": 11, "datetimes_today": "2026-07-24 12:19:32, 2026-07-24 12:32:06, 2026-07-24 12:46:46, 2026-07-24 12:59:03, 2026-07-24 13:17:09, 2026-07-24 13:33:01, 2026-07-24 13:46:46, 2026-07-24 14:02:07, 2026-07-24 14:17:02, 2026-07-24 14:47:11, 2026-07-24 15:02:07", "cumulative_total": 11.0 }, "geometry": { "type": "Polygon", "coordinates": [ [ [ -69.76698850445824, 46.918202363793348 ], [ -69.773275600747738, 46.921088850526196 ], [ -69.772770965818552, 46.926262722368108 ], [ -69.765977985861156, 46.928549999741072 ], [ -69.759690475145547, 46.925663093626952 ], [ -69.760196358764986, 46.920489329587085 ], [ -69.76698850445824, 46.918202363793348 ] ] ] } },
{ "type": "Feature", "properties": { "hex_id": 924443, "centroid_lon": -69.764966907286095, "centroid_lat": 46.938897600200555, "occurrences_today": 11, "datetimes_today": "2026-07-24 12:19:32, 2026-07-24 12:32:06, 2026-07-24 12:46:46, 2026-07-24 12:59:03, 2026-07-24 13:17:09, 2026-07-24 13:33:01, 2026-07-24 13:46:46, 2026-07-24 14:02:07, 2026-07-24 14:17:02, 2026-07-24 14:47:11, 2026-07-24 15:02:07", "cumulative_total": 11.0 }, "geometry": { "type": "Polygon", "coordinates": [ [ [ -69.765472516595125, 46.933723804407585 ], [ -69.771761276513857, 46.936610439467287 ], [ -69.771256222041401, 46.941784284721592 ], [ -69.76446115788552, 46.944071387118498 ], [ -69.758171983246001, 46.941184332451073 ], [ -69.75867828743462, 46.936010595060431 ], [ -69.765472516595125, 46.933723804407585 ] ] ] } },
{ "type": "Feature", "properties": { "hex_id": 924445, "centroid_lon": -69.761930307809749, "centroid_lat": 46.969940188530693, "occurrences_today": 11, "datetimes_today": "2026-07-24 12:19:32, 2026-07-24 12:32:06, 2026-07-24 12:46:46, 2026-07-24 12:59:03, 2026-07-24 13:17:09, 2026-07-24 13:33:01, 2026-07-24 13:46:46, 2026-07-24 14:02:07, 2026-07-24 14:17:02, 2026-07-24 14:47:11, 2026-07-24 15:02:07", "cumulative_total": 11.0 }, "geometry": { "type": "Polygon", "coordinates": [ [ [ -69.762436758396674, 46.964766446010231 ], [ -69.768728849538419, 46.967653377980866 ], [ -69.768222954669795, 46.972827170019876 ], [ -69.761423716839644, 46.975113922167203 ], [ -69.75513121038712, 46.972226570135547 ], [ -69.755638357026839, 46.967052886083621 ], [ -69.762436758396674, 46.964766446010231 ] ] ] } },
{ "type": "Feature", "properties": { "hex_id": 925053, "centroid_lon": -69.75918445138494, "centroid_lat": 46.930836848785226, "occurrences_today": 11, "datetimes_today": "2026-07-24 12:19:32, 2026-07-24 12:32:06, 2026-07-24 12:46:46, 2026-07-24 12:59:03, 2026-07-24 13:17:09, 2026-07-24 13:33:01, 2026-07-24 13:46:46, 2026-07-24 14:02:07, 2026-07-24 14:17:02, 2026-07-24 14:47:11, 2026-07-24 15:02:07", "cumulative_total": 11.0 }, "geometry": { "type": "Polygon", "coordinates": [ [ [ -69.759690475145547, 46.925663093626952 ], [ -69.765977985861156, 46.928549999741072 ], [ -69.765472516595125, 46.933723804407585 ], [ -69.75867828743462, 46.936010595060431 ], [ -69.752390362438433, 46.933123269408533 ], [ -69.752897080834771, 46.927949572707519 ], [ -69.759690475145547, 46.925663093626952 ] ] ] } },
{ "type": "Feature", "properties": { "hex_id": 925055, "centroid_lon": -69.756145363136341, "centroid_lat": 46.961879193138188, "occurrences_today": 11, "datetimes_today": "2026-07-24 12:19:32, 2026-07-24 12:32:06, 2026-07-24 12:46:46, 2026-07-24 12:59:03, 2026-07-24 13:17:09, 2026-07-24 13:33:01, 2026-07-24 13:46:46, 2026-07-24 14:02:07, 2026-07-24 14:17:02, 2026-07-24 14:47:11, 2026-07-24 15:02:07", "cumulative_total": 11.0 }, "geometry": { "type": "Polygon", "coordinates": [ [ [ -69.756652228764324, 46.95670549130071 ], [ -69.762943068649079, 46.959592694607281 ], [ -69.762436758396674, 46.964766446010231 ], [ -69.755638357026839, 46.967052886083621 ], [ -69.749347102272381, 46.964165262786082 ], [ -69.74985466370876, 46.958991619472137 ], [ -69.756652228764324, 46.95670549130071 ] ] ] } },
{ "type": "Feature", "properties": { "hex_id": 925666, "centroid_lon": -69.748839400158801, "centroid_lat": 46.969338897196941, "occurrences_today": 11, "datetimes_today": "2026-07-24 12:19:32, 2026-07-24 12:32:06, 2026-07-24 12:46:46, 2026-07-24 12:59:03, 2026-07-24 13:17:09, 2026-07-24 13:33:01, 2026-07-24 13:46:46, 2026-07-24 14:02:07, 2026-07-24 14:17:02, 2026-07-24 14:47:11, 2026-07-24 15:02:07", "cumulative_total": 11.0 }, "geometry": { "type": "Polygon", "coordinates": [ [ [ -69.749347102272381, 46.964165262786082 ], [ -69.755638357026839, 46.967052886083621 ], [ -69.75513121038712, 46.972226570135547 ], [ -69.748331557319247, 46.974512522703236 ], [ -69.742039887841315, 46.971624479258047 ], [ -69.742548286105929, 46.966450903458863 ], [ -69.749347102272381, 46.964165262786082 ] ] ] } },
{ "type": "Feature", "properties": { "hex_id": 926275, "centroid_lon": -69.744580470923225, "centroid_lat": 46.945756511135535, "occurrences_today": 11, "datetimes_today": "2026-07-24 12:19:32, 2026-07-24 12:32:06, 2026-07-24 12:46:46, 2026-07-24 12:59:03, 2026-07-24 13:17:09, 2026-07-24 13:33:01, 2026-07-24 13:46:46, 2026-07-24 14:02:07, 2026-07-24 14:17:02, 2026-07-24 14:47:11, 2026-07-24 15:02:07", "cumulative_total": 11.0 }, "geometry": { "type": "Polygon", "coordinates": [ [ [ -69.745088165311245, 46.940582890780576 ], [ -69.751376504442163, 46.943470636126754 ], [ -69.750869364744915, 46.948644306140984 ], [ -69.744072635857464, 46.950930122582349 ], [ -69.737783882737887, 46.948041957385357 ], [ -69.738292272445676, 46.942868395663766 ], [ -69.745088165311245, 46.940582890780576 ] ] ] } },
{ "type": "Feature", "properties": { "hex_id": 926276, "centroid_lon": -69.743056543497616, "centroid_lat": 46.961277318745523, "occurrences_today": 11, "datetimes_today": "2026-07-24 12:19:32, 2026-07-24 12:32:06, 2026-07-24 12:46:46, 2026-07-24 12:59:03, 2026-07-24 13:17:09, 2026-07-24 13:33:01, 2026-07-24 13:46:46, 2026-07-24 14:02:07, 2026-07-24 14:17:02, 2026-07-24 14:47:11, 2026-07-24 15:02:07", "cumulative_total": 11.0 }, "geometry": { "type": "Polygon", "coordinates": [ [ [ -69.743564660065175, 46.956103725119512 ], [ -69.74985466370876, 46.958991619472137 ], [ -69.749347102272381, 46.964165262786082 ], [ -69.742548286105929, 46.966450903458863 ], [ -69.736257868179678, 46.963562589028719 ], [ -69.73676668065373, 46.958389054069343 ], [ -69.743564660065175, 46.956103725119512 ] ] ] } },
{ "type": "Feature", "properties": { "hex_id": 748500, "centroid_lon": -71.763138101470034, "centroid_lat": 45.157780339994481, "occurrences_today": 5, "datetimes_today": "2026-07-24 22:46:42, 2026-07-24 23:01:38, 2026-07-24 23:17:39, 2026-07-24 23:32:04, 2026-07-24 23:47:06", "cumulative_total": 5.0 }, "geometry": { "type": "Polygon", "coordinates": [ [ [ -71.763432146915434, 45.15259152109433 ], [ -71.769636140832333, 45.155365933826559 ], [ -71.769342630053274, 45.160554781994954 ], [ -71.762843976156802, 45.16296915265648 ], [ -71.756639527454624, 45.160194359543489 ], [ -71.756934187407694, 45.155005576212851 ], [ -71.763432146915434, 45.15259152109433 ] ] ] } },
{ "type": "Feature", "properties": { "hex_id": 545870, "centroid_lon": -73.856730481735781, "centroid_lat": 46.070997015324274, "occurrences_today": 3, "datetimes_today": "2026-07-24 23:17:39, 2026-07-24 23:32:04, 2026-07-24 23:47:06", "cumulative_total": 3.0 }, "geometry": { "type": "Polygon", "coordinates": [ [ [ -73.856837748212357, 46.06580176240923 ], [ -73.863248064359979, 46.068463866641203 ], [ -73.863141389401477, 46.073659128711171 ], [ -73.856623185757329, 46.076192263302005 ], [ -73.850212307598497, 46.073529785603533 ], [ -73.85032019508499, 46.068334546846579 ], [ -73.856837748212357, 46.06580176240923 ] ] ] } }
]
}
