{
"type": "FeatureCollection",
"name": "daily_2026-07-20",
"crs": { "type": "name", "properties": { "name": "urn:ogc:def:crs:OGC:1.3:CRS84" } },
"features": [
{ "type": "Feature", "properties": { "hex_id": 534836, "centroid_lon": -73.985861953489163, "centroid_lat": 45.370671443347916, "occurrences_today": 3, "datetimes_today": "2026-07-20 00:01:50, 2026-07-20 00:17:35, 2026-07-20 00:31:39", "cumulative_total": 378.0 }, "geometry": { "type": "Polygon", "coordinates": [ [ [ -73.985954810893475, 45.365475330002766 ], [ -73.992292351493973, 45.36812989369335 ], [ -73.992200065828811, 45.373326014772253 ], [ -73.985769070763354, 45.375867551796595 ], [ -73.979430983749396, 45.373212624779299 ], [ -73.979524438205914, 45.368016524128642 ], [ -73.985954810893475, 45.365475330002766 ] ] ] } },
{ "type": "Feature", "properties": { "hex_id": 586129, "centroid_lon": -73.444958915473364, "centroid_lat": 45.536084161640041, "occurrences_today": 4, "datetimes_today": "2026-07-20 03:46:50, 2026-07-20 04:01:51, 2026-07-20 04:16:39, 2026-07-20 04:31:59", "cumulative_total": 245.0 }, "geometry": { "type": "Polygon", "coordinates": [ [ [ -73.445102112649337, 45.530889300943329 ], [ -73.451431821208175, 45.533573709639747 ], [ -73.451289193475858, 45.538768583458364 ], [ -73.444815679179499, 45.541279017239859 ], [ -73.438485440301449, 45.538594238051559 ], [ -73.438629246025855, 45.533399395638199 ], [ -73.445102112649337, 45.530889300943329 ] ] ] } },
{ "type": "Feature", "properties": { "hex_id": 562924, "centroid_lon": -73.690408684619271, "centroid_lat": 45.445619312816802, "occurrences_today": 7, "datetimes_today": "2026-07-20 02:31:46, 2026-07-20 02:46:43, 2026-07-20 03:01:45, 2026-07-20 03:16:47, 2026-07-20 03:32:07, 2026-07-20 03:46:50, 2026-07-20 04:01:51", "cumulative_total": 248.0 }, "geometry": { "type": "Polygon", "coordinates": [ [ [ -73.690528904013888, 45.44042381216714 ], [ -73.696860545250132, 45.443094674288503 ], [ -73.696740895910679, 45.448290185613565 ], [ -73.690288432415898, 45.450814808471286 ], [ -73.683956253938746, 45.448143579288889 ], [ -73.684077076186298, 45.442948094374181 ], [ -73.690528904013888, 45.44042381216714 ] ] ] } },
{ "type": "Feature", "properties": { "hex_id": 660594, "centroid_lon": -72.674472896330499, "centroid_lat": 45.273538160424515, "occurrences_today": 15, "datetimes_today": "2026-07-20 00:01:50, 2026-07-20 00:17:35, 2026-07-20 00:31:39, 2026-07-20 00:46:59, 2026-07-20 01:01:38, 2026-07-20 01:16:48, 2026-07-20 01:32:07, 2026-07-20 01:46:40, 2026-07-20 02:01:44, 2026-07-20 02:16:41, 2026-07-20 02:31:46, 2026-07-20 02:46:43, 2026-07-20 03:01:45, 2026-07-20 03:16:47, 2026-07-20 03:32:07", "cumulative_total": 56.0 }, "geometry": { "type": "Polygon", "coordinates": [ [ [ -72.674685061823254, 45.268345429860261 ], [ -72.680947808582701, 45.271071358483475 ], [ -72.68073619409931, 45.276264109617195 ], [ -72.674260673087034, 45.278730885467539 ], [ -72.667997433078597, 45.276004582744974 ], [ -72.668210207312185, 45.270811878335167 ], [ -72.674685061823254, 45.268345429860261 ] ] ] } },
{ "type": "Feature", "properties": { "hex_id": 534820, "centroid_lon": -73.990290701398663, "centroid_lat": 45.121252480298317, "occurrences_today": 8, "datetimes_today": "2026-07-20 03:32:07, 2026-07-20 03:46:50, 2026-07-20 04:01:51, 2026-07-20 04:16:39, 2026-07-20 04:31:59, 2026-07-20 04:46:38, 2026-07-20 05:02:03, 2026-07-20 05:17:31", "cumulative_total": 120.0 }, "geometry": { "type": "Polygon", "coordinates": [ [ [ -73.990382353254432, 45.116056131969671 ], [ -73.996692631732103, 45.118710326577862 ], [ -73.996601544232178, 45.123906682553276 ], [ -73.990199024623266, 45.12644882373246 ], [ -73.983888206713488, 45.123794268955677 ], [ -73.983980447836458, 45.118597933231982 ], [ -73.990382353254432, 45.116056131969671 ] ] ] } },
{ "type": "Feature", "properties": { "hex_id": 575145, "centroid_lon": -73.558198747931755, "centroid_lat": 45.615521416916849, "occurrences_today": 1, "datetimes_today": "2026-07-20 00:01:50", "cumulative_total": 260.0 }, "geometry": { "type": "Polygon", "coordinates": [ [ [ -73.558331887712825, 45.610326359774035 ], [ -73.564675986502962, 45.613004629434656 ], [ -73.564543420109189, 45.618199698601217 ], [ -73.558065571743327, 45.62071646901115 ], [ -73.551720935979361, 45.618037828899759 ], [ -73.55185468554285, 45.612842788893921 ], [ -73.558331887712825, 45.610326359774035 ] ] ] } },
{ "type": "Feature", "properties": { "hex_id": 559256, "centroid_lon": -73.730508466617223, "centroid_lat": 45.368118451524261, "occurrences_today": 5, "datetimes_today": "2026-07-20 00:01:50, 2026-07-20 00:17:35, 2026-07-20 00:31:39, 2026-07-20 00:46:59, 2026-07-20 01:01:38", "cumulative_total": 63.0 }, "geometry": { "type": "Polygon", "coordinates": [ [ [ -73.730624691159434, 45.362922798103121 ], [ -73.73694969633604, 45.365591399592461 ], [ -73.736834040064011, 45.370787063275408 ], [ -73.73039221038529, 45.373314099965405 ], [ -73.724066668633512, 45.370645132768161 ], [ -73.724183493125039, 45.365449494653006 ], [ -73.730624691159434, 45.362922798103121 ] ] ] } },
{ "type": "Feature", "properties": { "hex_id": 560477, "centroid_lon": -73.717741726990184, "centroid_lat": 45.367975820487011, "occurrences_today": 5, "datetimes_today": "2026-07-20 00:01:50, 2026-07-20 00:17:35, 2026-07-20 00:31:39, 2026-07-20 00:46:59, 2026-07-20 01:01:38", "cumulative_total": 62.0 }, "geometry": { "type": "Polygon", "coordinates": [ [ [ -73.717859119576843, 45.362780192759779 ], [ -73.724183493125039, 45.365449494653006 ], [ -73.724066668633512, 45.370645132768161 ], [ -73.717624302395549, 45.373171443229587 ], [ -73.711299392765568, 45.37050177551054 ], [ -73.711417385444648, 45.365306163220069 ], [ -73.717859119576843, 45.362780192759779 ] ] ] } },
{ "type": "Feature", "properties": { "hex_id": 498230, "centroid_lon": -74.36474424897915, "centroid_lat": 45.7475738540086, "occurrences_today": 3, "datetimes_today": "2026-07-20 00:01:50, 2026-07-20 00:17:35, 2026-07-20 00:31:39", "cumulative_total": 127.0 }, "geometry": { "type": "Polygon", "coordinates": [ [ [ -74.364803185810175, 45.742377589608139 ], [ -74.371201115826125, 45.745011277524469 ], [ -74.371142767247179, 45.750207545930479 ], [ -74.364685296001554, 45.752770113603013 ], [ -74.358286793882826, 45.750136061268371 ], [ -74.358346335107029, 45.744939805744686 ], [ -74.364803185810175, 45.742377589608139 ] ] ] } },
{ "type": "Feature", "properties": { "hex_id": 498841, "centroid_lon": -74.358227236345996, "centroid_lat": 45.755332311984809, "occurrences_today": 3, "datetimes_today": "2026-07-20 00:01:50, 2026-07-20 00:17:35, 2026-07-20 00:31:39", "cumulative_total": 131.0 }, "geometry": { "type": "Polygon", "coordinates": [ [ [ -74.358286793882826, 45.750136061268371 ], [ -74.364685296001554, 45.752770113603013 ], [ -74.364626326871942, 45.757966368391379 ], [ -74.358167662490985, 45.760528557894034 ], [ -74.351768588285935, 45.75789414097904 ], [ -74.351828750542651, 45.752697899206915 ], [ -74.358286793882826, 45.750136061268371 ] ] ] } },
{ "type": "Feature", "properties": { "hex_id": 499451, "centroid_lon": -74.351888896320602, "centroid_lat": 45.747501652626354, "occurrences_today": 3, "datetimes_today": "2026-07-20 00:01:50, 2026-07-20 00:17:35, 2026-07-20 00:31:39", "cumulative_total": 163.0 }, "geometry": { "type": "Polygon", "coordinates": [ [ [ -74.351949025625331, 45.742305401237367 ], [ -74.358346335107029, 45.744939805744686 ], [ -74.358286793882826, 45.750136061268371 ], [ -74.351828750542651, 45.752697899206915 ], [ -74.345430869456422, 45.750063130156342 ], [ -74.345491603309327, 45.744866887775643 ], [ -74.351949025625331, 45.742305401237367 ] ] ] } },
{ "type": "Feature", "properties": { "hex_id": 476889, "centroid_lon": -74.586659957058188, "centroid_lat": 46.161705742822122, "occurrences_today": 3, "datetimes_today": "2026-07-20 04:01:51, 2026-07-20 04:16:39, 2026-07-20 04:31:59", "cumulative_total": 59.0 }, "geometry": { "type": "Polygon", "coordinates": [ [ [ -74.586698863506342, 46.156509672203882 ], [ -74.593155086144463, 46.159130938566207 ], [ -74.593116783946357, 46.164327010988536 ], [ -74.586621039895292, 46.166901808670467 ], [ -74.580164223723713, 46.164280174810727 ], [ -74.580203745132991, 46.159084110832602 ], [ -74.586698863506342, 46.156509672203882 ] ] ] } },
{ "type": "Feature", "properties": { "hex_id": 478110, "centroid_lon": -74.573708022681117, "centroid_lat": 46.161658177162366, "occurrences_today": 3, "datetimes_today": "2026-07-20 04:01:51, 2026-07-20 04:16:39, 2026-07-20 04:31:59", "cumulative_total": 106.0 }, "geometry": { "type": "Polygon", "coordinates": [ [ [ -74.573748148167056, 46.156462115119822 ], [ -74.580203745132991, 46.159084110832602 ], [ -74.580164223723713, 46.164280174810727 ], [ -74.573667886144705, 46.166854234433423 ], [ -74.567211696154459, 46.164231871094529 ], [ -74.567252436763766, 46.159035815825185 ], [ -74.573748148167056, 46.156462115119822 ] ] ] } },
{ "type": "Feature", "properties": { "hex_id": 620346, "centroid_lon": -73.071007986351759, "centroid_lat": 45.982488127705309, "occurrences_today": 1, "datetimes_today": "2026-07-20 06:17:16", "cumulative_total": 97.0 }, "geometry": { "type": "Polygon", "coordinates": [ [ [ -73.071188393005855, 45.977294707084759 ], [ -73.077549465662429, 45.980000160017312 ], [ -73.077369636788831, 45.985193597586871 ], [ -73.070827530153352, 45.987681543035265 ], [ -73.064465929269005, 45.98497571044755 ], [ -73.064646963231056, 45.97978231213208 ], [ -73.071188393005855, 45.977294707084759 ] ] ] } },
{ "type": "Feature", "properties": { "hex_id": 620347, "centroid_lon": -73.070466469056285, "centroid_lat": 45.998068357822753, "occurrences_today": 1, "datetimes_today": "2026-07-20 06:17:16", "cumulative_total": 88.0 }, "geometry": { "type": "Polygon", "coordinates": [ [ [ -73.070647024393807, 45.99287495307447 ], [ -73.077009830862337, 45.995580456864701 ], [ -73.076829853775919, 46.000773878572659 ], [ -73.070285864123946, 46.003261757279958 ], [ -73.063922529007584, 46.00055587362742 ], [ -73.064103712174159, 45.995362491195387 ], [ -73.070647024393807, 45.99287495307447 ] ] ] } },
{ "type": "Feature", "properties": { "hex_id": 620956, "centroid_lon": -73.064827947492077, "centroid_lat": 45.974588908522428, "occurrences_today": 1, "datetimes_today": "2026-07-20 06:17:16", "cumulative_total": 73.0 }, "geometry": { "type": "Polygon", "coordinates": [ [ [ -73.065008882068909, 45.96939549961882 ], [ -73.071368750132478, 45.972101281173799 ], [ -73.071188393005855, 45.977294707084759 ], [ -73.064646963231056, 45.97978231213208 ], [ -73.058286567409894, 45.977076150968138 ], [ -73.058468129104241, 45.9718827644313 ], [ -73.065008882068909, 45.96939549961882 ] ] ] } },
{ "type": "Feature", "properties": { "hex_id": 620957, "centroid_lon": -73.064284845588986, "centroid_lat": 45.990169103468723, "occurrences_today": 1, "datetimes_today": "2026-07-20 06:17:16", "cumulative_total": 88.0 }, "geometry": { "type": "Polygon", "coordinates": [ [ [ -73.064465929269005, 45.98497571044755 ], [ -73.070827530153352, 45.987681543035265 ], [ -73.070647024393807, 45.99287495307447 ], [ -73.064103712174159, 45.995362491195387 ], [ -73.05774158311263, 45.992656278791621 ], [ -73.057923294431021, 45.987462908148466 ], [ -73.064465929269005, 45.98497571044755 ] ] ] } },
{ "type": "Feature", "properties": { "hex_id": 620958, "centroid_lon": -73.063741296072365, "centroid_lat": 46.00574925076463, "occurrences_today": 1, "datetimes_today": "2026-07-20 06:17:16", "cumulative_total": 88.0 }, "geometry": { "type": "Polygon", "coordinates": [ [ [ -73.063922529007584, 46.00055587362742 ], [ -73.070285864123946, 46.003261757279958 ], [ -73.070105209579935, 46.008455151445908 ], [ -73.063560013351605, 46.010942622606862 ], [ -73.05719614963806, 46.008236358931065 ], [ -73.057378010733117, 46.003043004183098 ], [ -73.063922529007584, 46.00055587362742 ] ] ] } },
{ "type": "Feature", "properties": { "hex_id": 621566, "centroid_lon": -73.058649640957768, "centroid_lat": 45.96668937259691, "occurrences_today": 1, "datetimes_today": "2026-07-20 06:17:16", "cumulative_total": 73.0 }, "geometry": { "type": "Polygon", "coordinates": [ [ [ -73.058831102987412, 45.961495975465134 ], [ -73.06518976697842, 45.964202085421391 ], [ -73.065008882068909, 45.96939549961882 ], [ -73.058468129104241, 45.9718827644313 ], [ -73.05210893782548, 45.969176274912343 ], [ -73.0522910267822, 45.963982900209039 ], [ -73.058831102987412, 45.961495975465134 ] ] ] } },
{ "type": "Feature", "properties": { "hex_id": 621567, "centroid_lon": -73.0581049558578, "centroid_lat": 45.982269532207248, "occurrences_today": 1, "datetimes_today": "2026-07-20 06:17:16", "cumulative_total": 73.0 }, "geometry": { "type": "Polygon", "coordinates": [ [ [ -73.058286567409894, 45.977076150968138 ], [ -73.064646963231056, 45.97978231213208 ], [ -73.064465929269005, 45.98497571044755 ], [ -73.057923294431021, 45.987462908148466 ], [ -73.051562370902985, 45.984756367214786 ], [ -73.051744609902855, 45.979563008415404 ], [ -73.058286567409894, 45.977076150968138 ] ] ] } },
{ "type": "Feature", "properties": { "hex_id": 621568, "centroid_lon": -73.057559821885633, "centroid_lat": 45.997849644136558, "occurrences_today": 1, "datetimes_today": "2026-07-20 06:17:16", "cumulative_total": 88.0 }, "geometry": { "type": "Polygon", "coordinates": [ [ [ -73.05774158311263, 45.992656278791621 ], [ -73.064103712174159, 45.995362491195387 ], [ -73.063922529007584, 46.00055587362742 ], [ -73.057378010733117, 46.003043004183098 ], [ -73.051015353545168, 46.000336411802401 ], [ -73.051197742741152, 45.995143068908455 ], [ -73.05774158311263, 45.992656278791621 ] ] ] } },
{ "type": "Feature", "properties": { "hex_id": 621569, "centroid_lon": -73.057014238583562, "centroid_lat": 46.013429708380293, "occurrences_today": 1, "datetimes_today": "2026-07-20 06:17:16", "cumulative_total": 89.0 }, "geometry": { "type": "Polygon", "coordinates": [ [ [ -73.05719614963806, 46.008236358931065 ], [ -73.063560013351605, 46.010942622606862 ], [ -73.063378680828365, 46.016135989153931 ], [ -73.056832277552573, 46.018623052530636 ], [ -73.050467885292733, 46.015916408670606 ], [ -73.050650424837997, 46.010723081683643 ], [ -73.05719614963806, 46.008236358931065 ] ] ] } },
{ "type": "Feature", "properties": { "hex_id": 622176, "centroid_lon": -73.052473065758491, "centroid_lat": 45.958789520204775, "occurrences_today": 1, "datetimes_today": "2026-07-20 06:17:16", "cumulative_total": 73.0 }, "geometry": { "type": "Polygon", "coordinates": [ [ [ -73.052655054771321, 45.953596134899705 ], [ -73.059012515210043, 45.95630257303614 ], [ -73.058831102987412, 45.961495975465134 ], [ -73.0522910267822, 45.963982900209039 ], [ -73.045933039525252, 45.961276082556161 ], [ -73.046115655274775, 45.956082719741211 ], [ -73.052655054771321, 45.953596134899705 ] ] ] } },
{ "type": "Feature", "properties": { "hex_id": 622177, "centroid_lon": -73.051926798871364, "centroid_lat": 45.974369644314521, "occurrences_today": 1, "datetimes_today": "2026-07-20 06:17:16", "cumulative_total": 73.0 }, "geometry": { "type": "Polygon", "coordinates": [ [ [ -73.05210893782548, 45.969176274912343 ], [ -73.058468129104241, 45.9718827644313 ], [ -73.058286567409894, 45.977076150968138 ], [ -73.051744609902855, 45.979563008415404 ], [ -73.045384891387187, 45.976856139173002 ], [ -73.045567657598468, 45.971662792272227 ], [ -73.05210893782548, 45.969176274912343 ] ] ] } },
{ "type": "Feature", "properties": { "hex_id": 622178, "centroid_lon": -73.051380081854745, "centroid_lat": 45.989949720712545, "occurrences_today": 1, "datetimes_today": "2026-07-20 06:17:16", "cumulative_total": 65.0 }, "geometry": { "type": "Polygon", "coordinates": [ [ [ -73.051562370902985, 45.984756367214786 ], [ -73.057923294431021, 45.987462908148466 ], [ -73.05774158311263, 45.992656278791621 ], [ -73.051197742741152, 45.995143068908455 ], [ -73.044836291557161, 45.992436148044185 ], [ -73.045019208383579, 45.987242817059155 ], [ -73.051562370902985, 45.984756367214786 ] ] ] } },
{ "type": "Feature", "properties": { "hex_id": 622179, "centroid_lon": -73.050832914249796, "centroid_lat": 46.005529749394178, "occurrences_today": 1, "datetimes_today": "2026-07-20 06:17:16", "cumulative_total": 65.0 }, "geometry": { "type": "Polygon", "coordinates": [ [ [ -73.051015353545168, 46.000336411802401 ], [ -73.057378010733117, 46.003043004183098 ], [ -73.05719614963806, 46.008236358931065 ], [ -73.050650424837997, 46.010723081683643 ], [ -73.044287239574658, 46.008016109165084 ], [ -73.044470307169775, 46.00282279409732 ], [ -73.051015353545168, 46.000336411802401 ] ] ] } },
{ "type": "Feature", "properties": { "hex_id": 622787, "centroid_lon": -73.045750373638811, "centroid_lat": 45.966469440066568, "occurrences_today": 1, "datetimes_today": "2026-07-20 06:17:16", "cumulative_total": 102.0 }, "geometry": { "type": "Polygon", "coordinates": [ [ [ -73.045933039525252, 45.961276082556161 ], [ -73.0522910267822, 45.963982900209039 ], [ -73.05210893782548, 45.969176274912343 ], [ -73.045567657598468, 45.971662792272227 ], [ -73.03920914357424, 45.968955594942265 ], [ -73.039392436527265, 45.963762259994922 ], [ -73.045933039525252, 45.961276082556161 ] ] ] } },
{ "type": "Feature", "properties": { "hex_id": 622788, "centroid_lon": -73.045202074987898, "centroid_lat": 45.982049480768694, "occurrences_today": 1, "datetimes_today": "2026-07-20 06:17:16", "cumulative_total": 102.0 }, "geometry": { "type": "Polygon", "coordinates": [ [ [ -73.045384891387187, 45.976856139173002 ], [ -73.051744609902855, 45.979563008415404 ], [ -73.051562370902985, 45.984756367214786 ], [ -73.045019208383579, 45.987242817059155 ], [ -73.038658962682064, 45.984535567932546 ], [ -73.038842406668735, 45.979342248911252 ], [ -73.045384891387187, 45.976856139173002 ] ] ] } },
{ "type": "Feature", "properties": { "hex_id": 622789, "centroid_lon": -73.044653324491591, "centroid_lat": 45.997629473723627, "occurrences_today": 1, "datetimes_today": "2026-07-20 06:17:16", "cumulative_total": 65.0 }, "geometry": { "type": "Polygon", "coordinates": [ [ [ -73.044836291557161, 45.992436148044185 ], [ -73.051197742741152, 45.995143068908455 ], [ -73.051015353545168, 46.000336411802401 ], [ -73.044470307169775, 46.00282279409732 ], [ -73.038108328380957, 46.000115493141607 ], [ -73.038291923555278, 45.994922190047895 ], [ -73.044836291557161, 45.992436148044185 ] ] ] } },
{ "type": "Feature", "properties": { "hex_id": 622790, "centroid_lon": -73.044104121689145, "centroid_lat": 46.013209418926749, "occurrences_today": 1, "datetimes_today": "2026-07-20 06:17:16", "cumulative_total": 18.0 }, "geometry": { "type": "Polygon", "coordinates": [ [ [ -73.044287239574658, 46.008016109165084 ], [ -73.050650424837997, 46.010723081683643 ], [ -73.050467885292733, 46.015916408670606 ], [ -73.043920953496141, 46.018402723382138 ], [ -73.037557240208599, 46.015695370564771 ], [ -73.037740986724771, 46.010502083400212 ], [ -73.044287239574658, 46.008016109165084 ] ] ] } },
{ "type": "Feature", "properties": { "hex_id": 623397, "centroid_lon": -73.0395756791699, "centroid_lat": 45.958568919739271, "occurrences_today": 1, "datetimes_today": "2026-07-20 06:17:16", "cumulative_total": 102.0 }, "geometry": { "type": "Polygon", "coordinates": [ [ [ -73.03975887151924, 45.953375574175439 ], [ -73.046115655274775, 45.956082719741211 ], [ -73.045933039525252, 45.961276082556161 ], [ -73.039392436527265, 45.963762259994922 ], [ -73.033035126473763, 45.96105473479841 ], [ -73.033218945699133, 45.955861411859267 ], [ -73.03975887151924, 45.953375574175439 ] ] ] } },
{ "type": "Feature", "properties": { "hex_id": 623398, "centroid_lon": -73.039025800293771, "centroid_lat": 45.974148924581087, "occurrences_today": 1, "datetimes_today": "2026-07-20 06:17:16", "cumulative_total": 102.0 }, "geometry": { "type": "Polygon", "coordinates": [ [ [ -73.03920914357424, 45.968955594942265 ], [ -73.045567657598468, 45.971662792272227 ], [ -73.045384891387187, 45.976856139173002 ], [ -73.038842406668735, 45.979342248911252 ], [ -73.032483365928428, 45.976634671743469 ], [ -73.032667336605542, 45.971441364740684 ], [ -73.03920914357424, 45.968955594942265 ] ] ] } },
{ "type": "Feature", "properties": { "hex_id": 623399, "centroid_lon": -73.038475468316605, "centroid_lat": 45.989728881644837, "occurrences_today": 1, "datetimes_today": "2026-07-20 06:17:16", "cumulative_total": 65.0 }, "geometry": { "type": "Polygon", "coordinates": [ [ [ -73.038658962682064, 45.984535567932546 ], [ -73.045019208383579, 45.987242817059155 ], [ -73.044836291557161, 45.992436148044185 ], [ -73.038291923555278, 45.994922190047895 ], [ -73.03193115071916, 45.99221456087627 ], [ -73.03211527300239, 45.987021269811429 ], [ -73.038658962682064, 45.984535567932546 ] ] ] } },
{ "type": "Feature", "properties": { "hex_id": 623400, "centroid_lon": -73.037924682776506, "centroid_lat": 46.005308790925767, "occurrences_today": 1, "datetimes_today": "2026-07-20 06:17:16", "cumulative_total": 50.0 }, "geometry": { "type": "Polygon", "coordinates": [ [ [ -73.038108328380957, 46.000115493141607 ], [ -73.044470307169775, 46.00282279409732 ], [ -73.044287239574658, 46.008016109165084 ], [ -73.037740986724771, 46.010502083400212 ], [ -73.031378480382443, 46.007794402192147 ], [ -73.031562754426375, 46.002601127066804 ], [ -73.038108328380957, 46.000115493141607 ] ] ] } },
{ "type": "Feature", "properties": { "hex_id": 624007, "centroid_lon": -73.03340271447486, "centroid_lat": 45.950668083608356, "occurrences_today": 1, "datetimes_today": "2026-07-20 06:17:16", "cumulative_total": 102.0 }, "geometry": { "type": "Polygon", "coordinates": [ [ [ -73.033586432818041, 45.945474750045847 ], [ -73.039942013592338, 45.948182223303618 ], [ -73.03975887151924, 45.953375574175439 ], [ -73.033218945699133, 45.955861411859267 ], [ -73.026862839095841, 45.953153559017167 ], [ -73.027047184124541, 45.947960248140923 ], [ -73.033586432818041, 45.945474750045847 ] ] ] } },
{ "type": "Feature", "properties": { "hex_id": 624008, "centroid_lon": -73.032851256781612, "centroid_lat": 45.966248052425613, "occurrences_today": 1, "datetimes_today": "2026-07-20 06:17:16", "cumulative_total": 102.0 }, "geometry": { "type": "Polygon", "coordinates": [ [ [ -73.033035126473763, 45.96105473479841 ], [ -73.039392436527265, 45.963762259994922 ], [ -73.03920914357424, 45.968955594942265 ], [ -73.032667336605542, 45.971441364740684 ], [ -73.026309500305402, 45.968733459752777 ], [ -73.02649399720346, 45.963540164823264 ], [ -73.033035126473763, 45.96105473479841 ] ] ] } },
{ "type": "Feature", "properties": { "hex_id": 624009, "centroid_lon": -73.032299344733104, "centroid_lat": 45.981827973433766, "occurrences_today": 1, "datetimes_today": "2026-07-20 06:17:16", "cumulative_total": 94.0 }, "geometry": { "type": "Polygon", "coordinates": [ [ [ -73.032483365928428, 45.976634671743469 ], [ -73.038842406668735, 45.979342248911252 ], [ -73.038658962682064, 45.984535567932546 ], [ -73.03211527300239, 45.987021269811429 ], [ -73.02575570559739, 45.984313312645085 ], [ -73.025940354519577, 45.979120033663868 ], [ -73.032483365928428, 45.976634671743469 ] ] ] } },
{ "type": "Feature", "properties": { "hex_id": 624010, "centroid_lon": -73.03174697786622, "centroid_lat": 45.997407846628121, "occurrences_today": 1, "datetimes_today": "2026-07-20 06:17:16", "cumulative_total": 62.0 }, "geometry": { "type": "Polygon", "coordinates": [ [ [ -73.03193115071916, 45.99221456087627 ], [ -73.038291923555278, 45.994922190047895 ], [ -73.038108328380957, 46.000115493141607 ], [ -73.031562754426375, 46.002601127066804 ], [ -73.02520145450714, 45.999893117689332 ], [ -73.02538625560841, 45.994699854657988 ], [ -73.03193115071916, 45.99221456087627 ] ] ] } },
{ "type": "Feature", "properties": { "hex_id": 624011, "centroid_lon": -73.031194155717216, "centroid_lat": 46.012987672003966, "occurrences_today": 1, "datetimes_today": "2026-07-20 06:17:16", "cumulative_total": 15.0 }, "geometry": { "type": "Polygon", "coordinates": [ [ [ -73.031378480382443, 46.007794402192147 ], [ -73.037740986724771, 46.010502083400212 ], [ -73.037557240208599, 46.015695370564771 ], [ -73.031009780413498, 46.018180936502098 ], [ -73.024646746569218, 46.015472874880778 ], [ -73.024831700004796, 46.010279627800898 ], [ -73.031378480382443, 46.007794402192147 ] ] ] } },
{ "type": "Feature", "properties": { "hex_id": 624617, "centroid_lon": -73.02723147856446, "centroid_lat": 45.942766931949464, "occurrences_today": 1, "datetimes_today": "2026-07-20 06:17:16", "cumulative_total": 114.0 }, "geometry": { "type": "Polygon", "coordinates": [ [ [ -73.027415722432778, 45.937573610442968 ], [ -73.033770100745812, 45.940281411171902 ], [ -73.033586432818041, 45.945474750045847 ], [ -73.027047184124541, 45.947960248140923 ], [ -73.020692280451129, 45.945252067874065 ], [ -73.020877150814471, 45.940058769115396 ], [ -73.027415722432778, 45.937573610442968 ] ] ] } },
{ "type": "Feature", "properties": { "hex_id": 624618, "centroid_lon": -73.026678443461208, "centroid_lat": 45.958346864577997, "occurrences_today": 1, "datetimes_today": "2026-07-20 06:17:16", "cumulative_total": 102.0 }, "geometry": { "type": "Polygon", "coordinates": [ [ [ -73.026862839095841, 45.953153559017167 ], [ -73.033218945699133, 45.955861411859267 ], [ -73.033035126473763, 45.96105473479841 ], [ -73.02649399720346, 45.963540164823264 ], [ -73.020137364822602, 45.960831932236211 ], [ -73.020322387472433, 45.955638649434647 ], [ -73.026862839095841, 45.953153559017167 ] ] ] } },
{ "type": "Feature", "properties": { "hex_id": 624619, "centroid_lon": -73.026124952749839, "centroid_lat": 45.97392674936637, "occurrences_today": 1, "datetimes_today": "2026-07-20 06:17:16", "cumulative_total": 99.0 }, "geometry": { "type": "Polygon", "coordinates": [ [ [ -73.026309500305402, 45.968733459752777 ], [ -73.032667336605542, 45.971441364740684 ], [ -73.032483365928428, 45.976634671743469 ], [ -73.025940354519577, 45.979120033663868 ], [ -73.019581992024285, 45.976411748723898 ], [ -73.019767167115774, 45.97121848188101 ], [ -73.026309500305402, 45.968733459752777 ] ] ] } },
{ "type": "Feature", "properties": { "hex_id": 624620, "centroid_lon": -73.025571005966071, "centroid_lat": 45.989506586309858, "occurrences_today": 1, "datetimes_today": "2026-07-20 06:17:16", "cumulative_total": 91.0 }, "geometry": { "type": "Polygon", "coordinates": [ [ [ -73.02575570559739, 45.984313312645085 ], [ -73.03211527300239, 45.987021269811429 ], [ -73.03193115071916, 45.99221456087627 ], [ -73.02538625560841, 45.994699854657988 ], [ -73.019026161590304, 45.991991517332316 ], [ -73.019211489278817, 45.986798266449718 ], [ -73.02575570559739, 45.984313312645085 ] ] ] } },
{ "type": "Feature", "properties": { "hex_id": 624621, "centroid_lon": -73.02501660264501, "centroid_lat": 46.005086375403685, "occurrences_today": 1, "datetimes_today": "2026-07-20 06:17:16", "cumulative_total": 18.0 }, "geometry": { "type": "Polygon", "coordinates": [ [ [ -73.02520145450714, 45.999893117689332 ], [ -73.031562754426375, 46.002601127066804 ], [ -73.031378480382443, 46.007794402192147 ], [ -73.024831700004796, 46.010279627800898 ], [ -73.018469873054087, 46.007571238056705 ], [ -73.018655353495234, 46.002378003135988 ], [ -73.02520145450714, 45.999893117689332 ] ] ] } },
{ "type": "Feature", "properties": { "hex_id": 625227, "centroid_lon": -73.021061970450049, "centroid_lat": 45.934865465038058, "occurrences_today": 1, "datetimes_today": "2026-07-20 06:17:16", "cumulative_total": 114.0 }, "geometry": { "type": "Polygon", "coordinates": [ [ [ -73.021246739375115, 45.929672155642216 ], [ -73.027599915746649, 45.932380283621583 ], [ -73.027415722432778, 45.937573610442968 ], [ -73.020877150814471, 45.940058769115396 ], [ -73.01452344955085, 45.937350261644553 ], [ -73.014708844780444, 45.932156975058085 ], [ -73.021246739375115, 45.929672155642216 ] ] ] } },
{ "type": "Feature", "properties": { "hex_id": 625228, "centroid_lon": -73.020507359342872, "centroid_lat": 45.950445361313861, "occurrences_today": 1, "datetimes_today": "2026-07-20 06:17:16", "cumulative_total": 121.0 }, "geometry": { "type": "Polygon", "coordinates": [ [ [ -73.020692280451129, 45.945252067874065 ], [ -73.027047184124541, 45.947960248140923 ], [ -73.026862839095841, 45.953153559017167 ], [ -73.020322387472433, 45.955638649434647 ], [ -73.013966958490244, 45.952930089469341 ], [ -73.014152506423031, 45.947736818850359 ], [ -73.020692280451129, 45.945252067874065 ] ] ] } },
{ "type": "Feature", "properties": { "hex_id": 625229, "centroid_lon": -73.019952291376143, "centroid_lat": 45.966025209718396, "occurrences_today": 1, "datetimes_today": "2026-07-20 06:17:16", "cumulative_total": 99.0 }, "geometry": { "type": "Polygon", "coordinates": [ [ [ -73.020137364822602, 45.960831932236211 ], [ -73.02649399720346, 45.963540164823264 ], [ -73.026309500305402, 45.968733459752777 ], [ -73.019767167115774, 45.97121848188101 ], [ -73.013410009009036, 45.968509869388392 ], [ -73.013595709800555, 45.963316614738524 ], [ -73.020137364822602, 45.960831932236211 ] ] ] } },
{ "type": "Feature", "properties": { "hex_id": 625230, "centroid_lon": -73.019396766084398, "centroid_lat": 45.981605010246852, "occurrences_today": 1, "datetimes_today": "2026-07-20 06:17:16", "cumulative_total": 91.0 }, "geometry": { "type": "Polygon", "coordinates": [ [ [ -73.019581992024285, 45.976411748723898 ], [ -73.025940354519577, 45.979120033663868 ], [ -73.02575570559739, 45.984313312645085 ], [ -73.019211489278817, 45.986798266449718 ], [ -73.01285260064013, 45.98408960139696 ], [ -73.013038454446146, 45.978896362717798 ], [ -73.019581992024285, 45.976411748723898 ] ] ] } },
{ "type": "Feature", "properties": { "hex_id": 625231, "centroid_lon": -73.018840783001536, "centroid_lat": 45.997184762894463, "occurrences_today": 1, "datetimes_today": "2026-07-20 06:17:16", "cumulative_total": 86.0 }, "geometry": { "type": "Polygon", "coordinates": [ [ [ -73.019026161590304, 45.991991517332316 ], [ -73.02538625560841, 45.994699854657988 ], [ -73.02520145450714, 45.999893117689332 ], [ -73.018655353495234, 46.002378003135988 ], [ -73.012294732915819, 45.999669285490171 ], [ -73.012480739892325, 45.99447606278332 ], [ -73.019026161590304, 45.991991517332316 ] ] ] } },
{ "type": "Feature", "properties": { "hex_id": 625232, "centroid_lon": -73.018284341660788, "centroid_lat": 46.012764467656446, "occurrences_today": 1, "datetimes_today": "2026-07-20 06:17:16", "cumulative_total": 57.0 }, "geometry": { "type": "Polygon", "coordinates": [ [ [ -73.018469873054087, 46.007571238056705 ], [ -73.024831700004796, 46.010279627800898 ], [ -73.024646746569218, 46.015472874880778 ], [ -73.018098759297999, 46.017957691935031 ], [ -73.011736405367699, 46.015248921663243 ], [ -73.011922565670886, 46.010055714930317 ], [ -73.018469873054087, 46.007571238056705 ] ] ] } },
{ "type": "Feature", "properties": { "hex_id": 625837, "centroid_lon": -73.01489418914349, "centroid_lat": 45.926963683149481, "occurrences_today": 1, "datetimes_today": "2026-07-20 06:17:16", "cumulative_total": 125.0 }, "geometry": { "type": "Polygon", "coordinates": [ [ [ -73.015079482657242, 45.921770385918911 ], [ -73.021431457606838, 45.924478840928046 ], [ -73.021246739375115, 45.929672155642216 ], [ -73.014708844780444, 45.932156975058085 ], [ -73.008356345406739, 45.929448140603945 ], [ -73.008542265034549, 45.92425486624424 ], [ -73.015079482657242, 45.921770385918911 ] ] ] } },
{ "type": "Feature", "properties": { "hex_id": 625838, "centroid_lon": -73.014338003437487, "centroid_lat": 45.942543542908716, "occurrences_today": 1, "datetimes_today": "2026-07-20 06:17:16", "cumulative_total": 114.0 }, "geometry": { "type": "Polygon", "coordinates": [ [ [ -73.01452344955085, 45.937350261644553 ], [ -73.020877150814471, 45.940058769115396 ], [ -73.020692280451129, 45.945252067874065 ], [ -73.014152506423031, 45.947736818850359 ], [ -73.007798280319079, 45.945027931727566 ], [ -73.007984353066306, 45.939834673345786 ], [ -73.01452344955085, 45.937350261644553 ] ] ] } },
{ "type": "Feature", "properties": { "hex_id": 625839, "centroid_lon": -73.013781359621859, "centroid_lat": 45.958123354765455, "occurrences_today": 1, "datetimes_today": "2026-07-20 06:17:16", "cumulative_total": 111.0 }, "geometry": { "type": "Polygon", "coordinates": [ [ [ -73.013966958490244, 45.952930089469341 ], [ -73.020322387472433, 45.955638649434647 ], [ -73.020137364822602, 45.960831932236211 ], [ -73.013595709800555, 45.963316614738524 ], [ -73.007239755561343, 45.960607674914186 ], [ -73.007425981583921, 45.955414432511944 ], [ -73.013966958490244, 45.952930089469341 ] ] ] } },
{ "type": "Feature", "properties": { "hex_id": 625840, "centroid_lon": -73.013224257230007, "centroid_lat": 45.97370311871488, "occurrences_today": 1, "datetimes_today": "2026-07-20 06:17:16", "cumulative_total": 118.0 }, "geometry": { "type": "Polygon", "coordinates": [ [ [ -73.013410009009036, 45.968509869388392 ], [ -73.019767167115774, 45.97121848188101 ], [ -73.019581992024285, 45.976411748723898 ], [ -73.013038454446146, 45.978896362717798 ], [ -73.006680770665355, 45.976187370158961 ], [ -73.006867150119419, 45.970994143737876 ], [ -73.013410009009036, 45.968509869388392 ] ] ] } },
{ "type": "Feature", "properties": { "hex_id": 625841, "centroid_lon": -73.012666695794636, "centroid_lat": 45.989282834752196, "occurrences_today": 1, "datetimes_today": "2026-07-20 06:17:16", "cumulative_total": 74.0 }, "geometry": { "type": "Polygon", "coordinates": [ [ [ -73.01285260064013, 45.98408960139696 ], [ -73.019211489278817, 45.986798266449718 ], [ -73.019026161590304, 45.991991517332316 ], [ -73.012480739892325, 45.99447606278332 ], [ -73.006121325162155, 45.991767017457022 ], [ -73.006307858204096, 45.986573807018722 ], [ -73.01285260064013, 45.98408960139696 ] ] ] } },
{ "type": "Feature", "properties": { "hex_id": 625842, "centroid_lon": -73.012108674847809, "centroid_lat": 46.004862502872562, "occurrences_today": 1, "datetimes_today": "2026-07-20 06:17:16", "cumulative_total": 15.0 }, "geometry": { "type": "Polygon", "coordinates": [ [ [ -73.012294732915819, 45.999669285490171 ], [ -73.018655353495234, 46.002378003135988 ], [ -73.018469873054087, 46.007571238056705 ], [ -73.011922565670886, 46.010055714930317 ], [ -73.00556141858219, 46.007346616803531 ], [ -73.005748105368596, 46.002153422349615 ], [ -73.012294732915819, 45.999669285490171 ] ] ] } },
{ "type": "Feature", "properties": { "hex_id": 626448, "centroid_lon": -73.008170374756418, "centroid_lat": 45.934641409637862, "occurrences_today": 1, "datetimes_today": "2026-07-20 06:17:16", "cumulative_total": 114.0 }, "geometry": { "type": "Polygon", "coordinates": [ [ [ -73.008356345406739, 45.929448140603945 ], [ -73.014708844780444, 45.932156975058085 ], [ -73.01452344955085, 45.937350261644553 ], [ -73.007984353066306, 45.939834673345786 ], [ -73.001631329320318, 45.937125459286214 ], [ -73.00181792641385, 45.931932213196177 ], [ -73.008356345406739, 45.929448140603945 ] ] ] } },
{ "type": "Feature", "properties": { "hex_id": 626449, "centroid_lon": -73.007612156497387, "centroid_lat": 45.950221184783004, "occurrences_today": 1, "datetimes_today": "2026-07-20 06:17:16", "cumulative_total": 118.0 }, "geometry": { "type": "Polygon", "coordinates": [ [ [ -73.007798280319079, 45.945027931727566 ], [ -73.014152506423031, 45.947736818850359 ], [ -73.013966958490244, 45.952930089469341 ], [ -73.007425981583921, 45.955414432511944 ], [ -73.001071230691522, 45.95270516557671 ], [ -73.001257981476542, 45.947511935476662 ], [ -73.007798280319079, 45.945027931727566 ] ] ] } },
{ "type": "Feature", "properties": { "hex_id": 626450, "centroid_lon": -73.007053478412303, "centroid_lat": 45.965800911989554, "occurrences_today": 1, "datetimes_today": "2026-07-20 06:17:16", "cumulative_total": 111.0 }, "geometry": { "type": "Polygon", "coordinates": [ [ [ -73.007239755561343, 45.960607674914186 ], [ -73.013595709800555, 45.963316614738524 ], [ -73.013410009009036, 45.968509869388392 ], [ -73.006867150119419, 45.970994143737876 ], [ -73.000510670675197, 45.968284823893924 ], [ -73.000697575308251, 45.963091609785508 ], [ -73.007239755561343, 45.960607674914186 ] ] ] } },
{ "type": "Feature", "properties": { "hex_id": 626451, "centroid_lon": -73.006494340032702, "centroid_lat": 45.981380591252638, "occurrences_today": 1, "datetimes_today": "2026-07-20 06:17:16", "cumulative_total": 103.0 }, "geometry": { "type": "Polygon", "coordinates": [ [ [ -73.006680770665355, 45.976187370158961 ], [ -73.013038454446146, 45.978896362717798 ], [ -73.01285260064013, 45.98408960139696 ], [ -73.006307858204096, 45.986573807018722 ], [ -72.999949648801319, 45.983864434233006 ], [ -73.000136707439168, 45.978671236117847 ], [ -73.006680770665355, 45.976187370158961 ] ] ] } },
{ "type": "Feature", "properties": { "hex_id": 626452, "centroid_lon": -73.005934740889458, "centroid_lat": 45.996960222567374, "occurrences_today": 1, "datetimes_today": "2026-07-20 06:17:16", "cumulative_total": 48.0 }, "geometry": { "type": "Polygon", "coordinates": [ [ [ -73.006121325162155, 45.991767017457022 ], [ -73.012480739892325, 45.99447606278332 ], [ -73.012294732915819, 45.999669285490171 ], [ -73.005748105368596, 46.002153422349615 ], [ -72.999388164599097, 45.999443996589015 ], [ -72.999575377398742, 45.994250814468749 ], [ -73.006121325162155, 45.991767017457022 ] ] ] } },
{ "type": "Feature", "properties": { "hex_id": 627058, "centroid_lon": -73.00200447231164, "centroid_lat": 45.926738961776501, "occurrences_today": 1, "datetimes_today": "2026-07-20 06:17:16", "cumulative_total": 150.0 }, "geometry": { "type": "Polygon", "coordinates": [ [ [ -73.002190967031027, 45.92154570502737 ], [ -73.008542265034549, 45.92425486624424 ], [ -73.008356345406739, 45.929448140603945 ], [ -73.00181792641385, 45.931932213196177 ], [ -72.995466104505823, 45.929222672420451 ], [ -72.995653225477824, 45.924029438676655 ], [ -73.002190967031027, 45.92154570502737 ] ] ] } },
{ "type": "Feature", "properties": { "hex_id": 627059, "centroid_lon": -73.00144468101368, "centroid_lat": 45.942318700046442, "occurrences_today": 1, "datetimes_today": "2026-07-20 06:17:16", "cumulative_total": 124.0 }, "geometry": { "type": "Polygon", "coordinates": [ [ [ -73.001631329320318, 45.937125459286214 ], [ -73.007984353066306, 45.939834673345786 ], [ -73.007798280319079, 45.945027931727566 ], [ -73.001257981476542, 45.947511935476662 ], [ -72.994904433410326, 45.944802341651233 ], [ -72.995091708489497, 45.939609123907921 ], [ -73.001631329320318, 45.937125459286214 ] ] ] } },
{ "type": "Feature", "properties": { "hex_id": 627060, "centroid_lon": -73.000884428641228, "centroid_lat": 45.957898390346386, "occurrences_today": 1, "datetimes_today": "2026-07-20 06:17:16", "cumulative_total": 111.0 }, "geometry": { "type": "Polygon", "coordinates": [ [ [ -73.001071230691522, 45.95270516557671 ], [ -73.007425981583921, 45.955414432511944 ], [ -73.007239755561343, 45.960607674914186 ], [ -73.000697575308251, 45.963091609785508 ], [ -72.994342299679502, 45.960381962877264 ], [ -72.994529729022787, 45.955188761136085 ], [ -73.001071230691522, 45.95270516557671 ] ] ] } },
{ "type": "Feature", "properties": { "hex_id": 627061, "centroid_lon": -73.000323714724644, "centroid_lat": 45.973478032671416, "occurrences_today": 1, "datetimes_today": "2026-07-20 06:17:16", "cumulative_total": 122.0 }, "geometry": { "type": "Polygon", "coordinates": [ [ [ -73.000510670675197, 45.968284823893924 ], [ -73.006867150119419, 45.970994143737876 ], [ -73.006680770665355, 45.976187370158961 ], [ -73.000136707439168, 45.978671236117847 ], [ -72.993779702842104, 45.975961536093649 ], [ -72.993967286606647, 45.970768350356224 ], [ -73.000510670675197, 45.968284823893924 ] ] ] } },
{ "type": "Feature", "properties": { "hex_id": 627062, "centroid_lon": -72.999762538793661, "centroid_lat": 45.989057627016699, "occurrences_today": 1, "datetimes_today": "2026-07-20 06:17:16", "cumulative_total": 86.0 }, "geometry": { "type": "Polygon", "coordinates": [ [ [ -72.999949648801319, 45.983864434233006 ], [ -73.006307858204096, 45.986573807018722 ], [ -73.006121325162155, 45.991767017457022 ], [ -72.999575377398742, 45.994250814468749 ], [ -72.993216642426233, 45.991541061295422 ], [ -72.993404380769405, 45.986347891563419 ], [ -72.999949648801319, 45.983864434233006 ] ] ] } },
{ "type": "Feature", "properties": { "hex_id": 627063, "centroid_lon": -72.999200900377275, "centroid_lat": 46.004637173377283, "occurrences_today": 1, "datetimes_today": "2026-07-20 06:17:16", "cumulative_total": 48.0 }, "geometry": { "type": "Polygon", "coordinates": [ [ [ -72.999388164599097, 45.999443996589015 ], [ -73.005748105368596, 46.002153422349615 ], [ -73.00556141858219, 46.007346616803531 ], [ -72.999013584715769, 46.009830344833375 ], [ -72.992653117959264, 46.007120538477665 ], [ -72.992841011038692, 46.001927384752726 ], [ -72.999388164599097, 45.999443996589015 ] ] ] } },
{ "type": "Feature", "properties": { "hex_id": 627669, "centroid_lon": -72.995278932182188, "centroid_lat": 45.934415900830935, "occurrences_today": 1, "datetimes_today": "2026-07-20 06:17:16", "cumulative_total": 122.0 }, "geometry": { "type": "Polygon", "coordinates": [ [ [ -72.995466104505823, 45.929222672420451 ], [ -73.00181792641385, 45.931932213196177 ], [ -73.001631329320318, 45.937125459286214 ], [ -72.995091708489497, 45.939609123907921 ], [ -72.988739362729135, 45.936899203412949 ], [ -72.988927161634493, 45.931705998080837 ], [ -72.995466104505823, 45.929222672420451 ] ] ] } },
{ "type": "Feature", "properties": { "hex_id": 627670, "centroid_lon": -72.99471710692724, "centroid_lat": 45.949995554060678, "occurrences_today": 1, "datetimes_today": "2026-07-20 06:17:16", "cumulative_total": 134.0 }, "geometry": { "type": "Polygon", "coordinates": [ [ [ -72.994904433410326, 45.944802341651233 ], [ -73.001257981476542, 45.947511935476662 ], [ -73.001071230691522, 45.95270516557671 ], [ -72.994529729022787, 45.955188761136085 ], [ -72.988175656688597, 45.952478787384315 ], [ -72.988363610273666, 45.947285598064859 ], [ -72.994904433410326, 45.944802341651233 ] ] ] } },
{ "type": "Feature", "properties": { "hex_id": 627671, "centroid_lon": -72.994154818879949, "centroid_lat": 45.965575159284043, "occurrences_today": 1, "datetimes_today": "2026-07-20 06:17:16", "cumulative_total": 124.0 }, "geometry": { "type": "Polygon", "coordinates": [ [ [ -72.994342299679502, 45.960381962877264 ], [ -73.000697575308251, 45.963091609785508 ], [ -73.000510670675197, 45.968284823893924 ], [ -72.993967286606647, 45.970768350356224 ], [ -72.987611486293886, 45.96805832331443 ], [ -72.987799594716208, 45.962865150009279 ], [ -72.994342299679502, 45.960381962877264 ] ] ] } },
{ "type": "Feature", "properties": { "hex_id": 627672, "centroid_lon": -72.993592067568869, "centroid_lat": 45.981154716496086, "occurrences_today": 1, "datetimes_today": "2026-07-20 06:17:16", "cumulative_total": 86.0 }, "geometry": { "type": "Polygon", "coordinates": [ [ [ -72.993779702842104, 45.975961536093649 ], [ -73.000136707439168, 45.978671236117847 ], [ -72.999949648801319, 45.983864434233006 ], [ -72.993404380769405, 45.986347891563419 ], [ -72.987046851071923, 45.983637811198335 ], [ -72.98723511448928, 45.978444653909129 ], [ -72.993779702842104, 45.975961536093649 ] ] ] } },
{ "type": "Feature", "properties": { "hex_id": 627673, "centroid_lon": -72.993028852521832, "centroid_lat": 45.99673422569191, "occurrences_today": 1, "datetimes_today": "2026-07-20 06:17:16", "cumulative_total": 60.0 }, "geometry": { "type": "Polygon", "coordinates": [ [ [ -72.993216642426233, 45.991541061295422 ], [ -72.999575377398742, 45.994250814468749 ], [ -72.999388164599097, 45.999443996589015 ], [ -72.992841011038692, 46.001927384752726 ], [ -72.986481750548933, 45.999217251031041 ], [ -72.986670169119321, 45.994024109759451 ], [ -72.993216642426233, 45.991541061295422 ] ] ] } },
{ "type": "Feature", "properties": { "hex_id": 628279, "centroid_lon": -72.989114909014944, "centroid_lat": 45.926512787411561, "occurrences_today": 1, "datetimes_today": "2026-07-20 06:17:16", "cumulative_total": 96.0 }, "geometry": { "type": "Polygon", "coordinates": [ [ [ -72.989302604887911, 45.921319571405284 ], [ -72.995653225477824, 45.924029438676655 ], [ -72.995466104505823, 45.929222672420451 ], [ -72.988927161634493, 45.931705998080837 ], [ -72.98257601765981, 45.928995751136867 ], [ -72.982764339923762, 45.92380255827041 ], [ -72.989302604887911, 45.921319571405284 ] ] ] } },
{ "type": "Feature", "properties": { "hex_id": 628280, "centroid_lon": -72.988551512281347, "centroid_lat": 45.942092403407685, "occurrences_today": 1, "datetimes_today": "2026-07-20 06:17:16", "cumulative_total": 122.0 }, "geometry": { "type": "Polygon", "coordinates": [ [ [ -72.988739362729135, 45.936899203412949 ], [ -72.995091708489497, 45.939609123907921 ], [ -72.994904433410326, 45.944802341651233 ], [ -72.988363610273666, 45.947285598064859 ], [ -72.982010740713335, 45.944575297690221 ], [ -72.982199218072125, 45.93938212084695 ], [ -72.988739362729135, 45.936899203412949 ] ] ] } },
{ "type": "Feature", "properties": { "hex_id": 628281, "centroid_lon": -72.987987651508604, "centroid_lat": 45.957671971365855, "occurrences_today": 1, "datetimes_today": "2026-07-20 06:17:16", "cumulative_total": 120.0 }, "geometry": { "type": "Polygon", "coordinates": [ [ [ -72.988175656688597, 45.952478787384315 ], [ -72.994529729022787, 45.955188761136085 ], [ -72.994342299679502, 45.960381962877264 ], [ -72.987799594716208, 45.962865150009279 ], [ -72.981444998166495, 45.960154796170649 ], [ -72.981633630778077, 45.954961635352248 ], [ -72.988175656688597, 45.952478787384315 ] ] ] } },
{ "type": "Feature", "properties": { "hex_id": 628282, "centroid_lon": -72.987423326224075, "centroid_lat": 45.973251491281104, "occurrences_today": 1, "datetimes_today": "2026-07-20 06:17:16", "cumulative_total": 203.0 }, "geometry": { "type": "Polygon", "coordinates": [ [ [ -72.987611486293886, 45.96805832331443 ], [ -72.993967286606647, 45.970768350356224 ], [ -72.993779702842104, 45.975961536093649 ], [ -72.98723511448928, 45.978444653909129 ], [ -72.980878789545017, 45.975734246573182 ], [ -72.981067577567543, 45.970541101781308 ], [ -72.987611486293886, 45.96805832331443 ] ] ] } },
{ "type": "Feature", "properties": { "hex_id": 628283, "centroid_lon": -72.986858535954454, "centroid_lat": 45.988830963148509, "occurrences_today": 1, "datetimes_today": "2026-07-20 06:17:16", "cumulative_total": 119.0 }, "geometry": { "type": "Polygon", "coordinates": [ [ [ -72.987046851071923, 45.983637811198335 ], [ -72.993404380769405, 45.986347891563419 ], [ -72.993216642426233, 45.991541061295422 ], [ -72.986670169119321, 45.994024109759451 ], [ -72.980312114373987, 45.991313648892778 ], [ -72.980501057965853, 45.986120520129106 ], [ -72.987046851071923, 45.983637811198335 ] ] ] } },
{ "type": "Feature", "properties": { "hex_id": 628284, "centroid_lon": -72.986293280225723, "centroid_lat": 46.004410386963031, "occurrences_today": 1, "datetimes_today": "2026-07-20 06:17:16", "cumulative_total": 96.0 }, "geometry": { "type": "Polygon", "coordinates": [ [ [ -72.986481750548933, 45.999217251031041 ], [ -72.992841011038692, 46.001927384752726 ], [ -72.992653117959264, 46.007120538477665 ], [ -72.9861047581321, 46.009603517555277 ], [ -72.979744972177784, 46.006893003124446 ], [ -72.979934071497595, 46.00169989039064 ], [ -72.986481750548933, 45.999217251031041 ] ] ] } },
{ "type": "Feature", "properties": { "hex_id": 628890, "centroid_lon": -72.982387643715114, "centroid_lat": 45.934188938662437, "occurrences_today": 1, "datetimes_today": "2026-07-20 06:17:16", "cumulative_total": 103.0 }, "geometry": { "type": "Polygon", "coordinates": [ [ [ -72.98257601765981, 45.928995751136867 ], [ -72.988927161634493, 45.931705998080837 ], [ -72.988739362729135, 45.936899203412949 ], [ -72.982199218072125, 45.93938212084695 ], [ -72.975847550765153, 45.936671494070019 ], [ -72.976036551429928, 45.93147832975734 ], [ -72.98257601765981, 45.928995751136867 ] ] ] } },
{ "type": "Feature", "properties": { "hex_id": 628891, "centroid_lon": -72.981822211621164, "centroid_lat": 45.949768469192037, "occurrences_today": 1, "datetimes_today": "2026-07-20 06:17:16", "cumulative_total": 58.0 }, "geometry": { "type": "Polygon", "coordinates": [ [ [ -72.982010740713335, 45.944575297690221 ], [ -72.988363610273666, 45.947285598064859 ], [ -72.988175656688597, 45.952478787384315 ], [ -72.981633630778077, 45.954961635352248 ], [ -72.975280237470358, 45.952250954937504 ], [ -72.975469393802967, 45.947057806660283 ], [ -72.982010740713335, 45.944575297690221 ] ] ] } },
{ "type": "Feature", "properties": { "hex_id": 628892, "centroid_lon": -72.981256313768839, "centroid_lat": 45.965347951647068, "occurrences_today": 1, "datetimes_today": "2026-07-20 06:17:16", "cumulative_total": 153.0 }, "geometry": { "type": "Polygon", "coordinates": [ [ [ -72.981444998166495, 45.960154796170649 ], [ -72.987799594716208, 45.962865150009279 ], [ -72.987611486293886, 45.96805832331443 ], [ -72.981067577567543, 45.970541101781308 ], [ -72.974712456854945, 45.967830367695299 ], [ -72.974901769013968, 45.962637235455205 ], [ -72.981444998166495, 45.960154796170649 ] ] ] } },
{ "type": "Feature", "properties": { "hex_id": 628893, "centroid_lon": -72.980689949683665, "centroid_lat": 45.980927386022501, "occurrences_today": 1, "datetimes_today": "2026-07-20 06:17:16", "cumulative_total": 168.0 }, "geometry": { "type": "Polygon", "coordinates": [ [ [ -72.980878789545017, 45.975734246573182 ], [ -72.98723511448928, 45.978444653909129 ], [ -72.987046851071923, 45.983637811198335 ], [ -72.980501057965853, 45.986120520129106 ], [ -72.974144208442837, 45.983409732338387 ], [ -72.974333676587037, 45.978216616137075 ], [ -72.980878789545017, 45.975734246573182 ] ] ] } },
{ "type": "Feature", "properties": { "hex_id": 628894, "centroid_lon": -72.980123118890447, "centroid_lat": 45.99650677231336, "occurrences_today": 1, "datetimes_today": "2026-07-20 06:17:16", "cumulative_total": 165.0 }, "geometry": { "type": "Polygon", "coordinates": [ [ [ -72.980312114373987, 45.991313648892778 ], [ -72.986670169119321, 45.994024109759451 ], [ -72.986481750548933, 45.999217251031041 ], [ -72.979934071497595, 46.00169989039064 ], [ -72.973575491757231, 45.998989048861681 ], [ -72.973765116045612, 45.993795948700857 ], [ -72.980312114373987, 45.991313648892778 ] ] ] } },
{ "type": "Feature", "properties": { "hex_id": 629500, "centroid_lon": -72.976225500240616, "centroid_lat": 45.926285160099916, "occurrences_today": 1, "datetimes_today": "2026-07-20 06:17:16", "cumulative_total": 96.0 }, "geometry": { "type": "Polygon", "coordinates": [ [ [ -72.976414397214782, 45.921091985097895 ], [ -72.982764339923762, 45.92380255827041 ], [ -72.98257601765981, 45.928995751136867 ], [ -72.976036551429928, 45.93147832975734 ], [ -72.969686085856026, 45.928767376798604 ], [ -72.969875609359363, 45.923574225070901 ], [ -72.976414397214782, 45.921091985097895 ] ] ] } },
{ "type": "Feature", "properties": { "hex_id": 629501, "centroid_lon": -72.975658498228711, "centroid_lat": 45.941864653037726, "occurrences_today": 1, "datetimes_today": "2026-07-20 06:17:16", "cumulative_total": 106.0 }, "geometry": { "type": "Polygon", "coordinates": [ [ [ -72.975847550765153, 45.936671494070019 ], [ -72.982199218072125, 45.93938212084695 ], [ -72.982010740713335, 45.944575297690221 ], [ -72.975469393802967, 45.947057806660283 ], [ -72.969117203216442, 45.944346799889992 ], [ -72.969306882802215, 45.939153664208334 ], [ -72.975847550765153, 45.936671494070019 ] ] ] } },
{ "type": "Feature", "properties": { "hex_id": 629502, "centroid_lon": -72.975091029213218, "centroid_lat": 45.957444097869214, "occurrences_today": 1, "datetimes_today": "2026-07-20 06:17:16", "cumulative_total": 55.0 }, "geometry": { "type": "Polygon", "coordinates": [ [ [ -72.975280237470358, 45.952250954937504 ], [ -72.981633630778077, 45.954961635352248 ], [ -72.981444998166495, 45.960154796170649 ], [ -72.974901769013968, 45.962637235455205 ], [ -72.968547852011653, 45.95992617483985 ], [ -72.968737687838825, 45.954733055205935 ], [ -72.975280237470358, 45.952250954937504 ] ] ] } },
{ "type": "Feature", "properties": { "hex_id": 629503, "centroid_lon": -72.974523092718513, "centroid_lat": 45.973023494589327, "occurrences_today": 1, "datetimes_today": "2026-07-20 06:17:16", "cumulative_total": 102.0 }, "geometry": { "type": "Polygon", "coordinates": [ [ [ -72.974712456854945, 45.967830367695299 ], [ -72.981067577567543, 45.970541101781308 ], [ -72.980878789545017, 45.975734246573182 ], [ -72.974333676587037, 45.978216616137075 ], [ -72.967978031764417, 45.975505501643127 ], [ -72.968168023992149, 45.970312398058631 ], [ -72.974712456854945, 45.967830367695299 ] ] ] } },
{ "type": "Feature", "properties": { "hex_id": 629504, "centroid_lon": -72.97395468826825, "centroid_lat": 45.98860284319305, "occurrences_today": 1, "datetimes_today": "2026-07-20 06:17:16", "cumulative_total": 165.0 }, "geometry": { "type": "Polygon", "coordinates": [ [ [ -72.974144208442837, 45.983409732338387 ], [ -72.980501057965853, 45.986120520129106 ], [ -72.980312114373987, 45.991313648892778 ], [ -72.973765116045612, 45.993795948700857 ], [ -72.967407741996766, 45.991084780294706 ], [ -72.967597890784461, 45.985891692761349 ], [ -72.974144208442837, 45.983409732338387 ] ] ] } },
{ "type": "Feature", "properties": { "hex_id": 630110, "centroid_lon": -72.970065080870484, "centroid_lat": 45.918381067994915, "occurrences_today": 1, "datetimes_today": "2026-07-20 06:17:16", "cumulative_total": 79.0 }, "geometry": { "type": "Polygon", "coordinates": [ [ [ -72.970254500407023, 45.913187905570787 ], [ -72.976603242370032, 45.9158988047515 ], [ -72.976414397214782, 45.921091985097895 ], [ -72.969875609359363, 45.923574225070901 ], [ -72.963526344998442, 45.920862946150734 ], [ -72.963716390873245, 45.915669807062336 ], [ -72.970254500407023, 45.913187905570787 ] ] ] } },
{ "type": "Feature", "properties": { "hex_id": 630111, "centroid_lon": -72.969496510342864, "centroid_lat": 45.933960523177817, "occurrences_today": 1, "datetimes_today": "2026-07-20 06:17:16", "cumulative_total": 96.0 }, "geometry": { "type": "Polygon", "coordinates": [ [ [ -72.969686085856026, 45.928767376798604 ], [ -72.976036551429928, 45.93147832975734 ], [ -72.975847550765153, 45.936671494070019 ], [ -72.969306882802215, 45.939153664208334 ], [ -72.96295589441624, 45.936442331303027 ], [ -72.963146096787625, 45.931249208271282 ], [ -72.969686085856026, 45.928767376798604 ] ] ] } },
{ "type": "Feature", "properties": { "hex_id": 630112, "centroid_lon": -72.968927471567866, "centroid_lat": 45.949539930222578, "occurrences_today": 1, "datetimes_today": "2026-07-20 06:17:16", "cumulative_total": 108.0 }, "geometry": { "type": "Polygon", "coordinates": [ [ [ -72.969117203216442, 45.944346799889992 ], [ -72.975469393802967, 45.947057806660283 ], [ -72.975280237470358, 45.952250954937504 ], [ -72.968737687838825, 45.954733055205935 ], [ -72.962384974025625, 45.952021668281901 ], [ -72.962575333052953, 45.946828561308521 ], [ -72.969117203216442, 45.944346799889992 ] ] ] } },
{ "type": "Feature", "properties": { "hex_id": 630113, "centroid_lon": -72.968357964068659, "centroid_lat": 45.965119289124146, "occurrences_today": 1, "datetimes_today": "2026-07-20 06:17:16", "cumulative_total": 88.0 }, "geometry": { "type": "Polygon", "coordinates": [ [ [ -72.968547852011653, 45.95992617483985 ], [ -72.974901769013968, 45.962637235455205 ], [ -72.974712456854945, 45.967830367695299 ], [ -72.968168023992149, 45.970312398058631 ], [ -72.961813583348231, 45.967600957082205 ], [ -72.962004099191006, 45.962407866168924 ], [ -72.968547852011653, 45.95992617483985 ] ] ] } },
{ "type": "Feature", "properties": { "hex_id": 630114, "centroid_lon": -72.967787987367757, "centroid_lat": 45.980698599877414, "occurrences_today": 1, "datetimes_today": "2026-07-20 06:17:16", "cumulative_total": 85.0 }, "geometry": { "type": "Polygon", "coordinates": [ [ [ -72.967978031764417, 45.975505501643127 ], [ -72.974333676587037, 45.978216616137075 ], [ -72.974144208442837, 45.983409732338387 ], [ -72.967597890784461, 45.985891692761349 ], [ -72.961241721904884, 45.983180197698871 ], [ -72.96143239472292, 45.977987122847374 ], [ -72.967978031764417, 45.975505501643127 ] ] ] } },
{ "type": "Feature", "properties": { "hex_id": 630721, "centroid_lon": -72.9633362469758, "centroid_lat": 45.926056079887118, "occurrences_today": 1, "datetimes_today": "2026-07-20 06:17:16", "cumulative_total": 79.0 }, "geometry": { "type": "Polygon", "coordinates": [ [ [ -72.963526344998442, 45.920862946150734 ], [ -72.969875609359363, 45.923574225070901 ], [ -72.969686085856026, 45.928767376798604 ], [ -72.963146096787625, 45.931249208271282 ], [ -72.956796310081756, 45.928537549451363 ], [ -72.956987034771558, 45.923344439123817 ], [ -72.963526344998442, 45.920862946150734 ] ] ] } },
{ "type": "Feature", "properties": { "hex_id": 630722, "centroid_lon": -72.962765639843909, "centroid_lat": 45.941635448982176, "occurrences_today": 1, "datetimes_today": "2026-07-20 06:17:16", "cumulative_total": 96.0 }, "geometry": { "type": "Polygon", "coordinates": [ [ [ -72.96295589441624, 45.936442331303027 ], [ -72.969306882802215, 45.939153664208334 ], [ -72.969117203216442, 45.944346799889992 ], [ -72.962575333052953, 45.946828561308521 ], [ -72.956223821907912, 45.944116848296289 ], [ -72.95641470366769, 45.938923754037788 ], [ -72.96295589441624, 45.936442331303027 ] ] ] } },
{ "type": "Feature", "properties": { "hex_id": 630723, "centroid_lon": -72.96219456274423, "centroid_lat": 45.957214769902087, "occurrences_today": 1, "datetimes_today": "2026-07-20 06:17:16", "cumulative_total": 95.0 }, "geometry": { "type": "Polygon", "coordinates": [ [ [ -72.962384974025625, 45.952021668281901 ], [ -72.968737687838825, 45.954733055205935 ], [ -72.968547852011653, 45.95992617483985 ], [ -72.962004099191006, 45.962407866168924 ], [ -72.95565086220428, 45.959696098930664 ], [ -72.955841901193978, 45.954503020742912 ], [ -72.962384974025625, 45.952021668281901 ] ] ] } },
{ "type": "Feature", "properties": { "hex_id": 630724, "centroid_lon": -72.961623015198114, "centroid_lat": 45.972794042641752, "occurrences_today": 1, "datetimes_today": "2026-07-20 06:17:16", "cumulative_total": 62.0 }, "geometry": { "type": "Polygon", "coordinates": [ [ [ -72.961813583348231, 45.967600957082205 ], [ -72.968168023992149, 45.970312398058631 ], [ -72.967978031764417, 45.975505501643127 ], [ -72.96143239472292, 45.977987122847374 ], [ -72.955077430490604, 45.975275301349306 ], [ -72.955268626870392, 45.970082239234046 ], [ -72.961813583348231, 45.967600957082205 ] ] ] } },
{ "type": "Feature", "properties": { "hex_id": 631331, "centroid_lon": -72.957177707140218, "centroid_lat": 45.91815132344032, "occurrences_today": 1, "datetimes_today": "2026-07-20 06:17:16", "cumulative_total": 87.0 }, "geometry": { "type": "Polygon", "coordinates": [ [ [ -72.95736832720543, 45.912958202401043 ], [ -72.963716390873245, 45.915669807062336 ], [ -72.963526344998442, 45.920862946150734 ], [ -72.956987034771558, 45.923344439123817 ], [ -72.950638449225622, 45.920632454609624 ], [ -72.950829695766942, 45.915439357040562 ], [ -72.95736832720543, 45.912958202401043 ] ] ] } },
{ "type": "Feature", "properties": { "hex_id": 631332, "centroid_lon": -72.956605533053065, "centroid_lat": 45.933730654422753, "occurrences_today": 1, "datetimes_today": "2026-07-20 06:17:16", "cumulative_total": 82.0 }, "geometry": { "type": "Polygon", "coordinates": [ [ [ -72.956796310081756, 45.928537549451363 ], [ -72.963146096787625, 45.931249208271282 ], [ -72.96295589441624, 45.936442331303027 ], [ -72.95641470366769, 45.938923754037788 ], [ -72.950064394670065, 45.936211715157832 ], [ -72.950255798694982, 45.931018633668458 ], [ -72.956796310081756, 45.928537549451363 ] ] ] } },
{ "type": "Feature", "properties": { "hex_id": 631333, "centroid_lon": -72.956032887755939, "centroid_lat": 45.949309937198059, "occurrences_today": 1, "datetimes_today": "2026-07-20 06:17:16", "cumulative_total": 104.0 }, "geometry": { "type": "Polygon", "coordinates": [ [ [ -72.956223821907912, 45.944116848296289 ], [ -72.962575333052953, 45.946828561308521 ], [ -72.962384974025625, 45.952021668281901 ], [ -72.955841901193978, 45.954503020742912 ], [ -72.949489867343161, 45.951790927463399 ], [ -72.949681429011989, 45.946597862055498 ], [ -72.956223821907912, 45.944116848296289 ] ] ] } },
{ "type": "Feature", "properties": { "hex_id": 631334, "centroid_lon": -72.955459770769025, "centroid_lat": 45.964889171761094, "occurrences_today": 1, "datetimes_today": "2026-07-20 06:17:16", "cumulative_total": 136.0 }, "geometry": { "type": "Polygon", "coordinates": [ [ [ -72.95565086220428, 45.959696098930664 ], [ -72.962004099191006, 45.962407866168924 ], [ -72.961813583348231, 45.967600957082205 ], [ -72.955268626870392, 45.970082239234046 ], [ -72.948914866763445, 45.967370091521104 ], [ -72.949106586236738, 45.962177042196394 ], [ -72.95565086220428, 45.959696098930664 ] ] ] } },
{ "type": "Feature", "properties": { "hex_id": 631942, "centroid_lon": -72.950447150207566, "centroid_lat": 45.925825546818999, "occurrences_today": 1, "datetimes_today": "2026-07-20 06:17:16", "cumulative_total": 91.0 }, "geometry": { "type": "Polygon", "coordinates": [ [ [ -72.950638449225622, 45.920632454609624 ], [ -72.956987034771558, 45.923344439123817 ], [ -72.956796310081756, 45.928537549451363 ], [ -72.950255798694982, 45.931018633668458 ], [ -72.943906691324202, 45.928306269141139 ], [ -72.944098617147233, 45.923113200475136 ], [ -72.950638449225622, 45.920632454609624 ] ] ] } },
{ "type": "Feature", "properties": { "hex_id": 631943, "centroid_lon": -72.949872938115007, "centroid_lat": 45.941404791286907, "occurrences_today": 1, "datetimes_today": "2026-07-20 06:17:16", "cumulative_total": 82.0 }, "geometry": { "type": "Polygon", "coordinates": [ [ [ -72.950064394670065, 45.936211715157832 ], [ -72.95641470366769, 45.938923754037788 ], [ -72.956223821907912, 45.944116848296289 ], [ -72.949681429011989, 45.946597862055498 ], [ -72.943330597775955, 45.943885442955171 ], [ -72.943522681656432, 45.938692390381341 ], [ -72.950064394670065, 45.936211715157832 ] ] ] } },
{ "type": "Feature", "properties": { "hex_id": 631944, "centroid_lon": -72.949298253090689, "centroid_lat": 45.956983987510434, "occurrences_today": 1, "datetimes_today": "2026-07-20 06:17:16", "cumulative_total": 103.0 }, "geometry": { "type": "Polygon", "coordinates": [ [ [ -72.949489867343161, 45.951790927463399 ], [ -72.955841901193978, 45.954503020742912 ], [ -72.95565086220428, 45.959696098930664 ], [ -72.949106586236738, 45.962177042196394 ], [ -72.942754029733578, 45.959464568489146 ], [ -72.942946271832412, 45.954271532009251 ], [ -72.949489867343161, 45.951790927463399 ] ] ] } },
{ "type": "Feature", "properties": { "hex_id": 632552, "centroid_lon": -72.944290490320199, "centroid_lat": 45.917920126445473, "occurrences_today": 1, "datetimes_today": "2026-07-20 06:17:16", "cumulative_total": 87.0 }, "geometry": { "type": "Polygon", "coordinates": [ [ [ -72.944482310860906, 45.912727047052329 ], [ -72.950829695766942, 45.915439357040562 ], [ -72.950638449225622, 45.920632454609624 ], [ -72.944098617147233, 45.923113200475136 ], [ -72.937750710882966, 45.920400510520693 ], [ -72.93794315803747, 45.915207454732261 ], [ -72.944482310860906, 45.912727047052329 ] ] ] } },
{ "type": "Feature", "properties": { "hex_id": 632553, "centroid_lon": -72.943714712833213, "centroid_lat": 45.933499332443269, "occurrences_today": 1, "datetimes_today": "2026-07-20 06:17:16", "cumulative_total": 87.0 }, "geometry": { "type": "Polygon", "coordinates": [ [ [ -72.943906691324202, 45.928306269141139 ], [ -72.950255798694982, 45.931018633668458 ], [ -72.950064394670065, 45.936211715157832 ], [ -72.943522681656432, 45.938692390381341 ], [ -72.937173052514325, 45.935979645680597 ], [ -72.937365658139313, 45.930786605995053 ], [ -72.943906691324202, 45.928306269141139 ] ] ] } },
{ "type": "Feature", "properties": { "hex_id": 632554, "centroid_lon": -72.943138461173916, "centroid_lat": 45.949078490164531, "occurrences_today": 1, "datetimes_today": "2026-07-20 06:17:16", "cumulative_total": 81.0 }, "geometry": { "type": "Polygon", "coordinates": [ [ [ -72.943330597775955, 45.943885442955171 ], [ -72.949681429011989, 45.946597862055498 ], [ -72.949489867343161, 45.951790927463399 ], [ -72.942946271832412, 45.954271532009251 ], [ -72.936594918411586, 45.951558732528213 ], [ -72.936787682668395, 45.946365708947376 ], [ -72.943330597775955, 45.943885442955171 ] ] ] } },
{ "type": "Feature", "properties": { "hex_id": 633163, "centroid_lon": -72.937558210922887, "centroid_lat": 45.925593560941707, "occurrences_today": 1, "datetimes_today": "2026-07-20 06:17:16", "cumulative_total": 131.0 }, "geometry": { "type": "Polygon", "coordinates": [ [ [ -72.937750710882966, 45.920400510520693 ], [ -72.944098617147233, 45.923113200475136 ], [ -72.943906691324202, 45.928306269141139 ], [ -72.937365658139313, 45.930786605995053 ], [ -72.931017230570461, 45.928073535914208 ], [ -72.931210357473176, 45.922880509171122 ], [ -72.937750710882966, 45.920400510520693 ] ] ] } },
{ "type": "Feature", "properties": { "hex_id": 633773, "centroid_lon": -72.931403431396888, "centroid_lat": 45.917687477056617, "occurrences_today": 1, "datetimes_today": "2026-07-20 06:17:16", "cumulative_total": 135.0 }, "geometry": { "type": "Polygon", "coordinates": [ [ [ -72.931596452359557, 45.912494439570878 ], [ -72.93794315803747, 45.915207454732261 ], [ -72.937750710882966, 45.920400510520693 ], [ -72.931210357473176, 45.922880509171122 ], [ -72.924863130957092, 45.920167113930333 ], [ -72.925056778671035, 45.914974100183827 ], [ -72.931596452359557, 45.912494439570878 ] ] ] } },
{ "type": "Feature", "properties": { "hex_id": 859769, "centroid_lon": -70.406725550239798, "centroid_lat": 47.574502169791636, "occurrences_today": 4, "datetimes_today": "2026-07-20 05:17:31, 2026-07-20 05:31:42, 2026-07-20 05:46:02, 2026-07-20 06:02:01", "cumulative_total": 7.0 }, "geometry": { "type": "Polygon", "coordinates": [ [ [ -70.407179288602279, 47.569323958144828 ], [ -70.413579109180716, 47.572178795984982 ], [ -70.413125956464029, 47.577357051547544 ], [ -70.406271684918167, 47.579680373450508 ], [ -70.399871405675526, 47.576825111898586 ], [ -70.400325856598144, 47.571646952223496 ], [ -70.407179288602279, 47.569323958144828 ] ] ] } },
{ "type": "Feature", "properties": { "hex_id": 860990, "centroid_lon": -70.39347183917296, "centroid_lat": 47.573969514584697, "occurrences_today": 4, "datetimes_today": "2026-07-20 05:17:31, 2026-07-20 05:31:42, 2026-07-20 05:46:02, 2026-07-20 06:02:01", "cumulative_total": 19.0 }, "geometry": { "type": "Polygon", "coordinates": [ [ [ -70.393926875494174, 47.568791398952683 ], [ -70.400325856598144, 47.571646952223496 ], [ -70.399871405675526, 47.576825111898586 ], [ -70.393016675532735, 47.579147622210044 ], [ -70.386617236371663, 47.576291645132592 ], [ -70.387072985365563, 47.571113581618334 ], [ -70.393926875494174, 47.568791398952683 ] ] ] } },
{ "type": "Feature", "properties": { "hex_id": 224744, "centroid_lon": -77.255043491469408, "centroid_lat": 46.007696028727572, "occurrences_today": 66, "datetimes_today": "2026-07-20 06:31:48, 2026-07-20 06:47:06, 2026-07-20 07:01:54, 2026-07-20 07:16:40, 2026-07-20 07:31:42, 2026-07-20 07:46:56, 2026-07-20 08:01:45, 2026-07-20 08:17:07, 2026-07-20 08:31:59, 2026-07-20 08:46:51, 2026-07-20 09:02:15, 2026-07-20 09:16:57, 2026-07-20 09:33:05, 2026-07-20 09:46:49, 2026-07-20 10:02:26, 2026-07-20 10:17:29, 2026-07-20 10:31:41, 2026-07-20 10:48:08, 2026-07-20 11:01:51, 2026-07-20 11:16:42, 2026-07-20 11:32:00, 2026-07-20 11:46:41, 2026-07-20 12:01:57, 2026-07-20 12:15:28, 2026-07-20 12:32:32, 2026-07-20 12:46:50, 2026-07-20 13:01:53, 2026-07-20 13:16:47, 2026-07-20 13:31:40, 2026-07-20 13:46:54, 2026-07-20 14:02:15, 2026-07-20 14:17:28, 2026-07-20 14:46:49, 2026-07-20 15:01:55, 2026-07-20 15:16:49, 2026-07-20 15:31:41, 2026-07-20 15:46:54, 2026-07-20 16:01:51, 2026-07-20 16:16:53, 2026-07-20 16:31:38, 2026-07-20 16:47:01, 2026-07-20 17:02:05, 2026-07-20 17:16:42, 2026-07-20 17:32:10, 2026-07-20 17:47:08, 2026-07-20 18:01:38, 2026-07-20 18:16:44, 2026-07-20 18:31:38, 2026-07-20 19:01:54, 2026-07-20 19:16:40, 2026-07-20 19:31:51, 2026-07-20 20:01:49, 2026-07-20 20:16:43, 2026-07-20 20:32:02, 2026-07-20 20:47:06, 2026-07-20 21:02:18, 2026-07-20 21:32:06, 2026-07-20 21:47:02, 2026-07-20 22:02:15, 2026-07-20 22:17:36, 2026-07-20 22:32:01, 2026-07-20 22:47:10, 2026-07-20 23:02:22, 2026-07-20 23:16:40, 2026-07-20 23:32:15, 2026-07-20 23:46:40", "cumulative_total": 434.0 }, "geometry": { "type": "Polygon", "coordinates": [ [ [ -77.254832420340989, 46.002503712161605 ], [ -77.261390764229361, 46.004972309309657 ], [ -77.261602467179685, 46.010164600149167 ], [ -77.255254620569687, 46.01288833980292 ], [ -77.248695586877716, 46.010419405630387 ], [ -77.248485089619038, 46.005227068894008 ], [ -77.254832420340989, 46.002503712161605 ] ] ] } },
{ "type": "Feature", "properties": { "hex_id": 225355, "centroid_lon": -77.248906141952872, "centroid_lat": 46.015611736880267, "occurrences_today": 66, "datetimes_today": "2026-07-20 06:31:48, 2026-07-20 06:47:06, 2026-07-20 07:01:54, 2026-07-20 07:16:40, 2026-07-20 07:31:42, 2026-07-20 07:46:56, 2026-07-20 08:01:45, 2026-07-20 08:17:07, 2026-07-20 08:31:59, 2026-07-20 08:46:51, 2026-07-20 09:02:15, 2026-07-20 09:16:57, 2026-07-20 09:33:05, 2026-07-20 09:46:49, 2026-07-20 10:02:26, 2026-07-20 10:17:29, 2026-07-20 10:31:41, 2026-07-20 10:48:08, 2026-07-20 11:01:51, 2026-07-20 11:16:42, 2026-07-20 11:32:00, 2026-07-20 11:46:41, 2026-07-20 12:01:57, 2026-07-20 12:15:28, 2026-07-20 12:32:32, 2026-07-20 12:46:50, 2026-07-20 13:01:53, 2026-07-20 13:16:47, 2026-07-20 13:31:40, 2026-07-20 13:46:54, 2026-07-20 14:02:15, 2026-07-20 14:17:28, 2026-07-20 14:46:49, 2026-07-20 15:01:55, 2026-07-20 15:16:49, 2026-07-20 15:31:41, 2026-07-20 15:46:54, 2026-07-20 16:01:51, 2026-07-20 16:16:53, 2026-07-20 16:31:38, 2026-07-20 16:47:01, 2026-07-20 17:02:05, 2026-07-20 17:16:42, 2026-07-20 17:32:10, 2026-07-20 17:47:08, 2026-07-20 18:01:38, 2026-07-20 18:16:44, 2026-07-20 18:31:38, 2026-07-20 19:01:54, 2026-07-20 19:16:40, 2026-07-20 19:31:51, 2026-07-20 20:01:49, 2026-07-20 20:16:43, 2026-07-20 20:32:02, 2026-07-20 20:47:06, 2026-07-20 21:02:18, 2026-07-20 21:32:06, 2026-07-20 21:47:02, 2026-07-20 22:02:15, 2026-07-20 22:17:36, 2026-07-20 22:32:01, 2026-07-20 22:47:10, 2026-07-20 23:02:22, 2026-07-20 23:16:40, 2026-07-20 23:32:15, 2026-07-20 23:46:40", "cumulative_total": 434.0 }, "geometry": { "type": "Polygon", "coordinates": [ [ [ -77.248695586877716, 46.010419405630387 ], [ -77.255254620569687, 46.01288833980292 ], [ -77.255465807661508, 46.018080645387393 ], [ -77.249116754864133, 46.0208040626434 ], [ -77.242557031309545, 46.018334791279727 ], [ -77.242347050434617, 46.013142439916614 ], [ -77.248695586877716, 46.010419405630387 ] ] ] } },
{ "type": "Feature", "properties": { "hex_id": 680130, "centroid_lon": -72.470684819052266, "centroid_lat": 45.269204442124675, "occurrences_today": 11, "datetimes_today": "2026-07-20 00:01:50, 2026-07-20 00:17:35, 2026-07-20 00:31:39, 2026-07-20 00:46:59, 2026-07-20 01:01:38, 2026-07-20 01:16:48, 2026-07-20 01:32:07, 2026-07-20 01:46:40, 2026-07-20 02:01:44, 2026-07-20 02:16:41, 2026-07-20 02:31:46", "cumulative_total": 175.0 }, "geometry": { "type": "Polygon", "coordinates": [ [ [ -72.470915530427916, 45.264012491721786 ], [ -72.477167560546633, 45.266749382115023 ], [ -72.476937397181601, 45.271941355057145 ], [ -72.470454044890459, 45.274396386865327 ], [ -72.464201529557769, 45.271659120651194 ], [ -72.464432851709262, 45.266467198513432 ], [ -72.470915530427916, 45.264012491721786 ] ] ] } },
{ "type": "Feature", "properties": { "hex_id": 688677, "centroid_lon": -72.381542470147252, "centroid_lat": 45.267194225079166, "occurrences_today": 5, "datetimes_today": "2026-07-20 00:01:50, 2026-07-20 00:17:35, 2026-07-20 00:31:39, 2026-07-20 00:46:59, 2026-07-20 01:01:38", "cumulative_total": 168.0 }, "geometry": { "type": "Polygon", "coordinates": [ [ [ -72.381781290373041, 45.262002636517892 ], [ -72.388028596468928, 45.264744310230206 ], [ -72.387790322930371, 45.269935922189937 ], [ -72.381303584934656, 45.272385807912841 ], [ -72.375055797149201, 45.269643757635492 ], [ -72.375295229027387, 45.264452198263911 ], [ -72.381781290373041, 45.262002636517892 ] ] ] } },
{ "type": "Feature", "properties": { "hex_id": 689287, "centroid_lon": -72.37553459577245, "centroid_lat": 45.259260633160153, "occurrences_today": 5, "datetimes_today": "2026-07-20 00:01:50, 2026-07-20 00:17:35, 2026-07-20 00:31:39, 2026-07-20 00:46:59, 2026-07-20 01:01:38", "cumulative_total": 257.0 }, "geometry": { "type": "Polygon", "coordinates": [ [ [ -72.375773897406063, 45.254069062324547 ], [ -72.38202004563361, 45.25681104222938 ], [ -72.381781290373041, 45.262002636517892 ], [ -72.375295229027387, 45.264452198263911 ], [ -72.369048599549075, 45.261709841843349 ], [ -72.369288512645511, 45.256518300256097 ], [ -72.375773897406063, 45.254069062324547 ] ] ] } },
{ "type": "Feature", "properties": { "hex_id": 787633, "centroid_lon": -71.294710948627198, "centroid_lat": 46.094564186988478, "occurrences_today": 70, "datetimes_today": "2026-07-20 05:31:42, 2026-07-20 05:46:02, 2026-07-20 06:02:01, 2026-07-20 06:17:16, 2026-07-20 06:31:48, 2026-07-20 06:47:06, 2026-07-20 07:01:54, 2026-07-20 07:16:40, 2026-07-20 07:31:42, 2026-07-20 07:46:56, 2026-07-20 08:01:45, 2026-07-20 08:17:07, 2026-07-20 08:31:59, 2026-07-20 08:46:51, 2026-07-20 09:02:15, 2026-07-20 09:16:57, 2026-07-20 09:33:05, 2026-07-20 09:46:49, 2026-07-20 10:02:26, 2026-07-20 10:17:29, 2026-07-20 10:31:41, 2026-07-20 10:48:08, 2026-07-20 11:01:51, 2026-07-20 11:16:42, 2026-07-20 11:32:00, 2026-07-20 11:46:41, 2026-07-20 12:01:57, 2026-07-20 12:15:28, 2026-07-20 12:32:32, 2026-07-20 12:46:50, 2026-07-20 13:01:53, 2026-07-20 13:16:47, 2026-07-20 13:31:40, 2026-07-20 13:46:54, 2026-07-20 14:02:15, 2026-07-20 14:17:28, 2026-07-20 14:46:49, 2026-07-20 15:01:55, 2026-07-20 15:16:49, 2026-07-20 15:31:41, 2026-07-20 15:46:54, 2026-07-20 16:01:51, 2026-07-20 16:16:53, 2026-07-20 16:31:38, 2026-07-20 16:47:01, 2026-07-20 17:02:05, 2026-07-20 17:16:42, 2026-07-20 17:32:10, 2026-07-20 17:47:08, 2026-07-20 18:01:38, 2026-07-20 18:16:44, 2026-07-20 18:31:38, 2026-07-20 19:01:54, 2026-07-20 19:16:40, 2026-07-20 19:31:51, 2026-07-20 20:01:49, 2026-07-20 20:16:43, 2026-07-20 20:32:02, 2026-07-20 20:47:06, 2026-07-20 21:02:18, 2026-07-20 21:32:06, 2026-07-20 21:47:02, 2026-07-20 22:02:15, 2026-07-20 22:17:36, 2026-07-20 22:32:01, 2026-07-20 22:47:10, 2026-07-20 23:02:22, 2026-07-20 23:16:40, 2026-07-20 23:32:15, 2026-07-20 23:46:40", "cumulative_total": 123.0 }, "geometry": { "type": "Polygon", "coordinates": [ [ [ -71.295058662371858, 46.089378797526678 ], [ -71.301339290474004, 46.092180821887588 ], [ -71.300992131435819, 46.09736624563552 ], [ -71.294363139402364, 46.099749569689898 ], [ -71.288082052090147, 46.096947148929367 ], [ -71.288430415988998, 46.091761800579057 ], [ -71.295058662371858, 46.089378797526678 ] ] ] } },
{ "type": "Feature", "properties": { "hex_id": 489094, "centroid_lon": -74.457907195260788, "centroid_lat": 46.083223957292695, "occurrences_today": 8, "datetimes_today": "2026-07-20 00:01:50, 2026-07-20 00:17:35, 2026-07-20 00:31:39, 2026-07-20 00:46:59, 2026-07-20 01:01:38, 2026-07-20 01:16:48, 2026-07-20 01:32:07, 2026-07-20 01:46:40", "cumulative_total": 177.0 }, "geometry": { "type": "Polygon", "coordinates": [ [ [ -74.457958081039834, 46.078027912510791 ], [ -74.464399006760445, 46.080656419549193 ], [ -74.464348721015227, 46.085852467433263 ], [ -74.457856295482131, 46.088419997286117 ], [ -74.451414783729689, 46.085791122474895 ], [ -74.4514662835374, 46.080595085649598 ], [ -74.457958081039834, 46.078027912510791 ] ] ] } },
{ "type": "Feature", "properties": { "hex_id": 489704, "centroid_lon": -74.451517769180953, "centroid_lat": 46.075399044034775, "occurrences_today": 8, "datetimes_today": "2026-07-20 00:01:50, 2026-07-20 00:17:35, 2026-07-20 00:31:39, 2026-07-20 00:46:59, 2026-07-20 01:01:38, 2026-07-20 01:16:48, 2026-07-20 01:32:07, 2026-07-20 01:46:40", "cumulative_total": 165.0 }, "geometry": { "type": "Polygon", "coordinates": [ [ [ -74.451569240665151, 46.070202997630425 ], [ -74.458008952824031, 46.072831862940404 ], [ -74.457958081039834, 46.078027912510791 ], [ -74.4514662835374, 46.080595085649598 ], [ -74.445025985840275, 46.077965852603676 ], [ -74.445078071179012, 46.072769814220848 ], [ -74.451569240665151, 46.070202997630425 ] ] ] } },
{ "type": "Feature", "properties": { "hex_id": 490315, "centroid_lon": -74.444973886172903, "centroid_lat": 46.083161886195946, "occurrences_today": 8, "datetimes_today": "2026-07-20 00:01:50, 2026-07-20 00:17:35, 2026-07-20 00:31:39, 2026-07-20 00:46:59, 2026-07-20 01:01:38, 2026-07-20 01:16:48, 2026-07-20 01:32:07, 2026-07-20 01:46:40", "cumulative_total": 264.0 }, "geometry": { "type": "Polygon", "coordinates": [ [ [ -74.445025985840275, 46.077965852603676 ], [ -74.4514662835374, 46.080595085649598 ], [ -74.451414783729689, 46.085791122474895 ], [ -74.444921772171966, 46.088357914997644 ], [ -74.438480888951148, 46.0857283140517 ], [ -74.438533602806871, 46.08053228854898 ], [ -74.445025985840275, 46.077965852603676 ] ] ] } },
{ "type": "Feature", "properties": { "hex_id": 490925, "centroid_lon": -74.438586302164552, "centroid_lat": 46.075336258254623, "occurrences_today": 8, "datetimes_today": "2026-07-20 00:01:50, 2026-07-20 00:17:35, 2026-07-20 00:31:39, 2026-07-20 00:46:59, 2026-07-20 01:01:38, 2026-07-20 01:16:48, 2026-07-20 01:32:07, 2026-07-20 01:46:40", "cumulative_total": 195.0 }, "geometry": { "type": "Polygon", "coordinates": [ [ [ -74.438638987029137, 46.070140223168643 ], [ -74.445078071179012, 46.072769814220848 ], [ -74.445025985840275, 46.077965852603676 ], [ -74.438533602806871, 46.08053228854898 ], [ -74.432093933626689, 46.077902329633723 ], [ -74.432147232505301, 46.072706302702159 ], [ -74.438638987029137, 46.070140223168643 ] ] ] } },
{ "type": "Feature", "properties": { "hex_id": 491536, "centroid_lon": -74.432040620085616, "centroid_lat": 46.083098351772584, "occurrences_today": 8, "datetimes_today": "2026-07-20 00:01:50, 2026-07-20 00:17:35, 2026-07-20 00:31:39, 2026-07-20 00:46:59, 2026-07-20 01:01:38, 2026-07-20 01:16:48, 2026-07-20 01:32:07, 2026-07-20 01:46:40", "cumulative_total": 275.0 }, "geometry": { "type": "Polygon", "coordinates": [ [ [ -74.432093933626689, 46.077902329633723 ], [ -74.438533602806871, 46.08053228854898 ], [ -74.438480888951148, 46.0857283140517 ], [ -74.431987291877078, 46.088294369118735 ], [ -74.425547037681511, 46.085664042176347 ], [ -74.425600965570396, 46.080468028259986 ], [ -74.432093933626689, 46.077902329633723 ] ] ] } },
{ "type": "Feature", "properties": { "hex_id": 564766, "centroid_lon": -73.667373292709598, "centroid_lat": 45.609052266497407, "occurrences_today": 6, "datetimes_today": "2026-07-20 04:16:39, 2026-07-20 04:31:59, 2026-07-20 04:46:38, 2026-07-20 05:02:03, 2026-07-20 05:17:31, 2026-07-20 05:31:42", "cumulative_total": 182.0 }, "geometry": { "type": "Polygon", "coordinates": [ [ [ -73.667496325159732, 45.603856963361395 ], [ -73.673845035534967, 45.606529221633615 ], [ -73.673722577761993, 45.611724535710536 ], [ -73.667250226617057, 45.614247564628712 ], [ -73.660900975212698, 45.611574937009038 ], [ -73.661024615971087, 45.606379649883372 ], [ -73.667496325159732, 45.603856963361395 ] ] ] } },
{ "type": "Feature", "properties": { "hex_id": 634365, "centroid_lon": -72.935626099554213, "centroid_lat": 45.629350072114327, "occurrences_today": 3, "datetimes_today": "2026-07-20 00:01:50, 2026-07-20 00:17:35, 2026-07-20 00:31:39", "cumulative_total": 77.0 }, "geometry": { "type": "Polygon", "coordinates": [ [ [ -72.935816800236523, 45.624156757673873 ], [ -72.942131567208008, 45.626869111954527 ], [ -72.941941431692811, 45.632062444552652 ], [ -72.935435346732987, 45.634543381190745 ], [ -72.929120066742058, 45.631830650586899 ], [ -72.929311384712861, 45.626637359732776 ], [ -72.935816800236523, 45.624156757673873 ] ] ] } },
{ "type": "Feature", "properties": { "hex_id": 408491, "centroid_lon": -75.310069099431146, "centroid_lat": 45.819072580390149, "occurrences_today": 3, "datetimes_today": "2026-07-20 00:01:50, 2026-07-20 00:17:35, 2026-07-20 00:31:39", "cumulative_total": 258.0 }, "geometry": { "type": "Polygon", "coordinates": [ [ [ -75.310040260056368, 45.813876137633869 ], [ -75.316490588535075, 45.81645671438369 ], [ -75.316520030550279, 45.821653151578658 ], [ -75.310097946714222, 45.824269018385372 ], [ -75.303647007685441, 45.821688085824597 ], [ -75.303618763045463, 45.816491642333425 ], [ -75.310040260056368, 45.813876137633869 ] ] ] } },
{ "type": "Feature", "properties": { "hex_id": 409712, "centroid_lon": -75.29719666355561, "centroid_lat": 45.819106786427312, "occurrences_today": 3, "datetimes_today": "2026-07-20 00:01:50, 2026-07-20 00:17:35, 2026-07-20 00:31:39", "cumulative_total": 258.0 }, "geometry": { "type": "Polygon", "coordinates": [ [ [ -75.297169021395902, 45.813910337506087 ], [ -75.303618763045463, 45.816491642333425 ], [ -75.303647007685441, 45.821688085824597 ], [ -75.297224313295331, 45.824303230588612 ], [ -75.290773961584222, 45.821721569817086 ], [ -75.290746914327329, 45.816525120291082 ], [ -75.297169021395902, 45.813910337506087 ] ] ] } },
{ "type": "Feature", "properties": { "hex_id": 377335, "centroid_lon": -75.634684621191553, "centroid_lat": 45.498135318636805, "occurrences_today": 6, "datetimes_today": "2026-07-20 00:01:50, 2026-07-20 00:17:35, 2026-07-20 00:31:39, 2026-07-20 00:46:59, 2026-07-20 01:01:38, 2026-07-20 01:16:48", "cumulative_total": 142.0 }, "geometry": { "type": "Polygon", "coordinates": [ [ [ -75.634626247068766, 45.492938825779383 ], [ -75.641054379879364, 45.495501340039979 ], [ -75.641113350516321, 45.500697824054448 ], [ -75.634743011258308, 45.50333180668764 ], [ -75.628314265986901, 45.500768943972176 ], [ -75.628256472439674, 45.495572447142983 ], [ -75.634626247068766, 45.492938825779383 ] ] ] } },
{ "type": "Feature", "properties": { "hex_id": 632559, "centroid_lon": -72.940250073369214, "centroid_lat": 46.026973554439373, "occurrences_today": 1, "datetimes_today": "2026-07-20 06:17:16", "cumulative_total": 230.0 }, "geometry": { "type": "Polygon", "coordinates": [ [ [ -72.940443002946452, 46.021780587720016 ], [ -72.946802474565089, 46.02449328019496 ], [ -72.946610122263763, 46.029686265169595 ], [ -72.940057090783128, 46.032166515791204 ], [ -72.933697094906435, 46.029453441897118 ], [ -72.9338906547504, 46.024260498866063 ], [ -72.940443002946452, 46.021780587720016 ] ] ] } },
{ "type": "Feature", "properties": { "hex_id": 633170, "centroid_lon": -72.933503481879015, "centroid_lat": 46.034646379556619, "occurrences_today": 1, "datetimes_today": "2026-07-20 06:17:16", "cumulative_total": 312.0 }, "geometry": { "type": "Polygon", "coordinates": [ [ [ -72.933697094906435, 46.029453441897118 ], [ -72.940057090783128, 46.032166515791204 ], [ -72.939864055170176, 46.037359471775289 ], [ -72.933309815650034, 46.039839311844368 ], [ -72.926949295569472, 46.037125856370345 ], [ -72.92714353919483, 46.031932942472714 ], [ -72.933697094906435, 46.029453441897118 ] ] ] } },
{ "type": "Feature", "properties": { "hex_id": 633780, "centroid_lon": -72.927337729462053, "centroid_lat": 46.02674002319953, "occurrences_today": 1, "datetimes_today": "2026-07-20 06:17:16", "cumulative_total": 345.0 }, "geometry": { "type": "Polygon", "coordinates": [ [ [ -72.927531866389302, 46.021547098550997 ], [ -72.9338906547504, 46.024260498866063 ], [ -72.933697094906435, 46.029453441897118 ], [ -72.92714353919483, 46.031932942472714 ], [ -72.920784227099489, 46.029219160624933 ], [ -72.920978994431863, 46.024026259799776 ], [ -72.927531866389302, 46.021547098550997 ] ] ] } },
{ "type": "Feature", "properties": { "hex_id": 634390, "centroid_lon": -72.921173708267787, "centroid_lat": 46.018833353595447, "occurrences_today": 1, "datetimes_today": "2026-07-20 06:17:16", "cumulative_total": 308.0 }, "geometry": { "type": "Polygon", "coordinates": [ [ [ -72.921368368625437, 46.013640442012111 ], [ -72.927725949994695, 46.016354168527293 ], [ -72.927531866389302, 46.021547098550997 ], [ -72.920978994431863, 46.024026259799776 ], [ -72.914620889797703, 46.021312151799179 ], [ -72.914816180367723, 46.016119264100716 ], [ -72.921368368625437, 46.013640442012111 ] ] ] } },
{ "type": "Feature", "properties": { "hex_id": 634391, "centroid_lon": -72.920589406252489, "centroid_lat": 46.034412056070707, "occurrences_today": 1, "datetimes_today": "2026-07-20 06:17:16", "cumulative_total": 311.0 }, "geometry": { "type": "Polygon", "coordinates": [ [ [ -72.920784227099489, 46.029219160624933 ], [ -72.92714353919483, 46.031932942472714 ], [ -72.926949295569472, 46.037125856370345 ], [ -72.920394531872617, 46.039604946136883 ], [ -72.914034696097588, 46.036890782595613 ], [ -72.914230147680897, 46.031697911046813 ], [ -72.920784227099489, 46.029219160624933 ] ] ] } },
{ "type": "Feature", "properties": { "hex_id": 635001, "centroid_lon": -72.914425545574858, "centroid_lat": 46.026505034114599, "occurrences_today": 1, "datetimes_today": "2026-07-20 06:17:16", "cumulative_total": 342.0 }, "geometry": { "type": "Polygon", "coordinates": [ [ [ -72.914620889797703, 46.021312151799179 ], [ -72.920978994431863, 46.024026259799776 ], [ -72.920784227099489, 46.029219160624933 ], [ -72.914230147680897, 46.031697911046813 ], [ -72.907871519836476, 46.028983421400056 ], [ -72.908067494602662, 46.023790563043072 ], [ -72.914620889797703, 46.021312151799179 ] ] ] } },
{ "type": "Feature", "properties": { "hex_id": 814555, "centroid_lon": -70.941711099531972, "centroid_lat": 47.017936979010926, "occurrences_today": 9, "datetimes_today": "2026-07-20 00:01:50, 2026-07-20 00:17:35, 2026-07-20 00:31:39, 2026-07-20 00:46:59, 2026-07-20 01:01:38, 2026-07-20 01:16:48, 2026-07-20 01:32:07, 2026-07-20 01:46:40, 2026-07-20 02:01:44", "cumulative_total": 70.0 }, "geometry": { "type": "Polygon", "coordinates": [ [ [ -70.942104357610575, 47.012754599067378 ], [ -70.948469883308618, 47.015578532300736 ], [ -70.948077202360466, 47.020760950557502 ], [ -70.941317732191592, 47.023119351722031 ], [ -70.934951738643889, 47.020295006759603 ], [ -70.935345683076704, 47.015112672428721 ], [ -70.942104357610575, 47.012754599067378 ] ] ] } },
{ "type": "Feature", "properties": { "hex_id": 555605, "centroid_lon": -73.764730774603748, "centroid_lat": 45.555580719323757, "occurrences_today": 10, "datetimes_today": "2026-07-20 00:46:59, 2026-07-20 01:01:38, 2026-07-20 01:16:48, 2026-07-20 01:32:07, 2026-07-20 01:46:40, 2026-07-20 02:01:44, 2026-07-20 02:16:41, 2026-07-20 02:31:46, 2026-07-20 02:46:43, 2026-07-20 03:01:45", "cumulative_total": 239.0 }, "geometry": { "type": "Polygon", "coordinates": [ [ [ -73.76484460778768, 45.550385169185816 ], [ -73.771192079093609, 45.553052025809968 ], [ -73.771078820281971, 45.558247585911509 ], [ -73.764616910311872, 45.560776264493278 ], [ -73.758268895746795, 45.558109040115788 ], [ -73.75838333440052, 45.552913504974484 ], [ -73.76484460778768, 45.550385169185816 ] ] ] } },
{ "type": "Feature", "properties": { "hex_id": 1379382, "centroid_lon": -64.577614221755141, "centroid_lat": 48.400057925682312, "occurrences_today": 72, "datetimes_today": "2026-07-20 05:02:03, 2026-07-20 05:17:31, 2026-07-20 05:31:42, 2026-07-20 05:46:02, 2026-07-20 06:02:01, 2026-07-20 06:17:16, 2026-07-20 06:31:48, 2026-07-20 06:47:06, 2026-07-20 07:01:54, 2026-07-20 07:16:40, 2026-07-20 07:31:42, 2026-07-20 07:46:56, 2026-07-20 08:01:45, 2026-07-20 08:17:07, 2026-07-20 08:31:59, 2026-07-20 08:46:51, 2026-07-20 09:02:15, 2026-07-20 09:16:57, 2026-07-20 09:33:05, 2026-07-20 09:46:49, 2026-07-20 10:02:26, 2026-07-20 10:17:29, 2026-07-20 10:31:41, 2026-07-20 10:48:08, 2026-07-20 11:01:51, 2026-07-20 11:16:42, 2026-07-20 11:32:00, 2026-07-20 11:46:41, 2026-07-20 12:01:57, 2026-07-20 12:15:28, 2026-07-20 12:32:32, 2026-07-20 12:46:50, 2026-07-20 13:01:53, 2026-07-20 13:16:47, 2026-07-20 13:31:40, 2026-07-20 13:46:54, 2026-07-20 14:02:15, 2026-07-20 14:17:28, 2026-07-20 14:46:49, 2026-07-20 15:01:55, 2026-07-20 15:16:49, 2026-07-20 15:31:41, 2026-07-20 15:46:54, 2026-07-20 16:01:51, 2026-07-20 16:16:53, 2026-07-20 16:31:38, 2026-07-20 16:47:01, 2026-07-20 17:02:05, 2026-07-20 17:16:42, 2026-07-20 17:32:10, 2026-07-20 17:47:08, 2026-07-20 18:01:38, 2026-07-20 18:16:44, 2026-07-20 18:31:38, 2026-07-20 19:01:54, 2026-07-20 19:16:40, 2026-07-20 19:31:51, 2026-07-20 20:01:49, 2026-07-20 20:16:43, 2026-07-20 20:32:02, 2026-07-20 20:47:06, 2026-07-20 21:02:18, 2026-07-20 21:32:06, 2026-07-20 21:47:02, 2026-07-20 22:02:15, 2026-07-20 22:17:36, 2026-07-20 22:32:01, 2026-07-20 22:47:10, 2026-07-20 23:02:22, 2026-07-20 23:16:40, 2026-07-20 23:32:15, 2026-07-20 23:46:40", "cumulative_total": 91.0 }, "geometry": { "type": "Polygon", "coordinates": [ [ [ -64.578669309303706, 48.394949559795172 ], [ -64.584785201273945, 48.398112039781672 ], [ -64.583730609062457, 48.403220503272784 ], [ -64.576558839369241, 48.405166269728198 ], [ -64.570442746951329, 48.402003319606351 ], [ -64.571498624570125, 48.396895073227682 ], [ -64.578669309303706, 48.394949559795172 ] ] ] } },
{ "type": "Feature", "properties": { "hex_id": 817609, "centroid_lon": -70.907114811211898, "centroid_lat": 47.040087206663124, "occurrences_today": 9, "datetimes_today": "2026-07-20 00:01:50, 2026-07-20 00:17:35, 2026-07-20 00:31:39, 2026-07-20 00:46:59, 2026-07-20 01:01:38, 2026-07-20 01:16:48, 2026-07-20 01:32:07, 2026-07-20 01:46:40, 2026-07-20 02:01:44", "cumulative_total": 49.0 }, "geometry": { "type": "Polygon", "coordinates": [ [ [ -70.907511723109309, 47.03490507008901 ], [ -70.913877854694732, 47.037730947565692 ], [ -70.913481520047327, 47.042913122803384 ], [ -70.90671778900888, 47.045269335960398 ], [ -70.900351190498256, 47.042443046172906 ], [ -70.900748789912868, 47.037260955606236 ], [ -70.907511723109309, 47.03490507008901 ] ] ] } },
{ "type": "Feature", "properties": { "hex_id": 578228, "centroid_lon": -73.513532361083222, "centroid_lat": 46.090431835012758, "occurrences_today": 5, "datetimes_today": "2026-07-20 04:01:51, 2026-07-20 04:16:39, 2026-07-20 04:31:59, 2026-07-20 04:46:38, 2026-07-20 05:02:03", "cumulative_total": 410.0 }, "geometry": { "type": "Polygon", "coordinates": [ [ [ -73.513671916075907, 46.085237315111627 ], [ -73.520067471919276, 46.087918486404675 ], [ -73.519928504294128, 46.093113018896098 ], [ -73.513392767704076, 46.095626349843997 ], [ -73.506996662886138, 46.092944801584075 ], [ -73.507136843619762, 46.087750299408931 ], [ -73.513671916075907, 46.085237315111627 ] ] ] } },
{ "type": "Feature", "properties": { "hex_id": 545835, "centroid_lon": -73.867834296339083, "centroid_lat": 45.52546850845961, "occurrences_today": 9, "datetimes_today": "2026-07-20 00:01:50, 2026-07-20 00:17:35, 2026-07-20 00:31:39, 2026-07-20 00:46:59, 2026-07-20 01:01:38, 2026-07-20 01:16:48, 2026-07-20 01:32:07, 2026-07-20 01:46:40, 2026-07-20 02:01:44", "cumulative_total": 89.0 }, "geometry": { "type": "Polygon", "coordinates": [ [ [ -73.867938520119935, 45.52027273733384 ], [ -73.874287615712632, 45.522933892082953 ], [ -73.874183966775632, 45.528129672142853 ], [ -73.867730044085619, 45.530664274652217 ], [ -73.861380402126471, 45.528002753505575 ], [ -73.861485229214239, 45.522806996311694 ], [ -73.867938520119935, 45.52027273733384 ] ] ] } },
{ "type": "Feature", "properties": { "hex_id": 575144, "centroid_lon": -73.558598058101893, "centroid_lat": 45.599936230343225, "occurrences_today": 1, "datetimes_today": "2026-07-20 00:01:50", "cumulative_total": 194.0 }, "geometry": { "type": "Polygon", "coordinates": [ [ [ -73.55873108873439, 45.594741158055413 ], [ -73.565073468295182, 45.59741939166053 ], [ -73.564941010583766, 45.602614475964224 ], [ -73.558464991098802, 45.605131297582794 ], [ -73.552122074993676, 45.602452693728928 ], [ -73.552255714905613, 45.597257638569943 ], [ -73.55873108873439, 45.594741158055413 ] ] ] } },
{ "type": "Feature", "properties": { "hex_id": 555623, "centroid_lon": -73.758537311401298, "centroid_lat": 45.836133047170883, "occurrences_today": 69, "datetimes_today": "2026-07-20 05:46:02, 2026-07-20 06:02:01, 2026-07-20 06:17:16, 2026-07-20 06:31:48, 2026-07-20 06:47:06, 2026-07-20 07:01:54, 2026-07-20 07:16:40, 2026-07-20 07:31:42, 2026-07-20 07:46:56, 2026-07-20 08:01:45, 2026-07-20 08:17:07, 2026-07-20 08:31:59, 2026-07-20 08:46:51, 2026-07-20 09:02:15, 2026-07-20 09:16:57, 2026-07-20 09:33:05, 2026-07-20 09:46:49, 2026-07-20 10:02:26, 2026-07-20 10:17:29, 2026-07-20 10:31:41, 2026-07-20 10:48:08, 2026-07-20 11:01:51, 2026-07-20 11:16:42, 2026-07-20 11:32:00, 2026-07-20 11:46:41, 2026-07-20 12:01:57, 2026-07-20 12:15:28, 2026-07-20 12:32:32, 2026-07-20 12:46:50, 2026-07-20 13:01:53, 2026-07-20 13:16:47, 2026-07-20 13:31:40, 2026-07-20 13:46:54, 2026-07-20 14:02:15, 2026-07-20 14:17:28, 2026-07-20 14:46:49, 2026-07-20 15:01:55, 2026-07-20 15:16:49, 2026-07-20 15:31:41, 2026-07-20 15:46:54, 2026-07-20 16:01:51, 2026-07-20 16:16:53, 2026-07-20 16:31:38, 2026-07-20 16:47:01, 2026-07-20 17:02:05, 2026-07-20 17:16:42, 2026-07-20 17:32:10, 2026-07-20 17:47:08, 2026-07-20 18:01:38, 2026-07-20 18:16:44, 2026-07-20 18:31:38, 2026-07-20 19:01:54, 2026-07-20 19:16:40, 2026-07-20 19:31:51, 2026-07-20 20:01:49, 2026-07-20 20:16:43, 2026-07-20 20:32:02, 2026-07-20 20:47:06, 2026-07-20 21:02:18, 2026-07-20 21:32:06, 2026-07-20 21:47:02, 2026-07-20 22:02:15, 2026-07-20 22:17:36, 2026-07-20 22:32:01, 2026-07-20 22:47:10, 2026-07-20 23:02:22, 2026-07-20 23:16:40, 2026-07-20 23:32:15, 2026-07-20 23:46:40", "cumulative_total": 123.0 }, "geometry": { "type": "Polygon", "coordinates": [ [ [ -73.758652839498538, 45.830937765408393 ], [ -73.765031551276465, 45.833605163303083 ], [ -73.764916606044068, 45.838800455151762 ], [ -73.758421751624397, 45.841328323961982 ], [ -73.752042488666632, 45.83866055468323 ], [ -73.752158631297661, 45.833465288043612 ], [ -73.758652839498538, 45.830937765408393 ] ] ] } },
{ "type": "Feature", "properties": { "hex_id": 582499, "centroid_lon": -73.469351288765623, "centroid_lat": 46.050875954747795, "occurrences_today": 14, "datetimes_today": "2026-07-20 00:01:50, 2026-07-20 00:17:35, 2026-07-20 00:31:39, 2026-07-20 00:46:59, 2026-07-20 01:01:38, 2026-07-20 01:16:48, 2026-07-20 01:32:07, 2026-07-20 01:46:40, 2026-07-20 02:01:44, 2026-07-20 02:16:41, 2026-07-20 02:31:46, 2026-07-20 02:46:43, 2026-07-20 03:01:45, 2026-07-20 03:16:47", "cumulative_total": 263.0 }, "geometry": { "type": "Polygon", "coordinates": [ [ [ -73.469494792593764, 46.045681504384952 ], [ -73.475883626668519, 46.048365083065754 ], [ -73.475740708357449, 46.053559546448362 ], [ -73.46920774548542, 46.056070400021362 ], [ -73.462818365352405, 46.053386444472601 ], [ -73.462962494136235, 46.048192012284524 ], [ -73.469494792593764, 46.045681504384952 ] ] ] } },
{ "type": "Feature", "properties": { "hex_id": 369397, "centroid_lon": -75.717576825298636, "centroid_lat": 45.474258934520648, "occurrences_today": 67, "datetimes_today": "2026-07-20 06:17:16, 2026-07-20 06:31:48, 2026-07-20 06:47:06, 2026-07-20 07:01:54, 2026-07-20 07:16:40, 2026-07-20 07:31:42, 2026-07-20 07:46:56, 2026-07-20 08:01:45, 2026-07-20 08:17:07, 2026-07-20 08:31:59, 2026-07-20 08:46:51, 2026-07-20 09:02:15, 2026-07-20 09:16:57, 2026-07-20 09:33:05, 2026-07-20 09:46:49, 2026-07-20 10:02:26, 2026-07-20 10:17:29, 2026-07-20 10:31:41, 2026-07-20 10:48:08, 2026-07-20 11:01:51, 2026-07-20 11:16:42, 2026-07-20 11:32:00, 2026-07-20 11:46:41, 2026-07-20 12:01:57, 2026-07-20 12:15:28, 2026-07-20 12:32:32, 2026-07-20 12:46:50, 2026-07-20 13:01:53, 2026-07-20 13:16:47, 2026-07-20 13:31:40, 2026-07-20 13:46:54, 2026-07-20 14:02:15, 2026-07-20 14:17:28, 2026-07-20 14:46:49, 2026-07-20 15:01:55, 2026-07-20 15:16:49, 2026-07-20 15:31:41, 2026-07-20 15:46:54, 2026-07-20 16:01:51, 2026-07-20 16:16:53, 2026-07-20 16:31:38, 2026-07-20 16:47:01, 2026-07-20 17:02:05, 2026-07-20 17:16:42, 2026-07-20 17:32:10, 2026-07-20 17:47:08, 2026-07-20 18:01:38, 2026-07-20 18:16:44, 2026-07-20 18:31:38, 2026-07-20 19:01:54, 2026-07-20 19:16:40, 2026-07-20 19:31:51, 2026-07-20 20:01:49, 2026-07-20 20:16:43, 2026-07-20 20:32:02, 2026-07-20 20:47:06, 2026-07-20 21:02:18, 2026-07-20 21:32:06, 2026-07-20 21:47:02, 2026-07-20 22:02:15, 2026-07-20 22:17:36, 2026-07-20 22:32:01, 2026-07-20 22:47:10, 2026-07-20 23:02:22, 2026-07-20 23:16:40, 2026-07-20 23:32:15, 2026-07-20 23:46:40", "cumulative_total": 377.0 }, "geometry": { "type": "Polygon", "coordinates": [ [ [ -75.717510882564326, 45.469062508705747 ], [ -75.72393998682567, 45.471620362701081 ], [ -75.724006526326576, 45.476816778831328 ], [ -75.717642786038667, 45.479455355512791 ], [ -75.711213067001978, 45.476897154223217 ], [ -75.711147703034598, 45.471700723610951 ], [ -75.717510882564326, 45.469062508705747 ] ] ] } },
{ "type": "Feature", "properties": { "hex_id": 503707, "centroid_lon": -74.310247783585311, "centroid_lat": 45.474430346576256, "occurrences_today": 17, "datetimes_today": "2026-07-20 00:01:50, 2026-07-20 00:17:35, 2026-07-20 00:31:39, 2026-07-20 00:46:59, 2026-07-20 01:01:38, 2026-07-20 01:16:48, 2026-07-20 01:32:07, 2026-07-20 01:46:40, 2026-07-20 02:01:44, 2026-07-20 02:16:41, 2026-07-20 02:31:46, 2026-07-20 02:46:43, 2026-07-20 03:01:45, 2026-07-20 03:16:47, 2026-07-20 03:32:07, 2026-07-20 03:46:50, 2026-07-20 04:01:51", "cumulative_total": 147.0 }, "geometry": { "type": "Polygon", "coordinates": [ [ [ -74.310311169841938, 45.469233889876307 ], [ -74.316675684857188, 45.471870562379046 ], [ -74.316612877735622, 45.47706702359848 ], [ -74.310184380020857, 45.47962679845908 ], [ -74.303819303181257, 45.476989764448078 ], [ -74.303883285874988, 45.471793317149263 ], [ -74.310311169841938, 45.469233889876307 ] ] ] } },
{ "type": "Feature", "properties": { "hex_id": 542807, "centroid_lon": -73.89232164109103, "centroid_lat": 45.907661131879138, "occurrences_today": 12, "datetimes_today": "2026-07-20 02:46:43, 2026-07-20 03:01:45, 2026-07-20 03:16:47, 2026-07-20 03:32:07, 2026-07-20 03:46:50, 2026-07-20 04:01:51, 2026-07-20 04:16:39, 2026-07-20 04:31:59, 2026-07-20 04:46:38, 2026-07-20 05:02:03, 2026-07-20 05:17:31, 2026-07-20 05:31:42", "cumulative_total": 96.0 }, "geometry": { "type": "Polygon", "coordinates": [ [ [ -73.892424978481245, 45.902465666336994 ], [ -73.898818354161605, 45.905125694735311 ], [ -73.89871560367429, 45.910321169043037 ], [ -73.89221827533747, 45.912856592495636 ], [ -73.885824341122344, 45.910196193070071 ], [ -73.885928293769197, 45.905000741284638 ], [ -73.892424978481245, 45.902465666336994 ] ] ] } },
{ "type": "Feature", "properties": { "hex_id": 543417, "centroid_lon": -73.886032217892676, "centroid_lat": 45.899805284571464, "occurrences_today": 12, "datetimes_today": "2026-07-20 02:46:43, 2026-07-20 03:01:45, 2026-07-20 03:16:47, 2026-07-20 03:32:07, 2026-07-20 03:46:50, 2026-07-20 04:01:51, 2026-07-20 04:16:39, 2026-07-20 04:31:59, 2026-07-20 04:46:38, 2026-07-20 05:02:03, 2026-07-20 05:17:31, 2026-07-20 05:31:42", "cumulative_total": 91.0 }, "geometry": { "type": "Polygon", "coordinates": [ [ [ -73.886136113502459, 45.89460982293064 ], [ -73.892528287517749, 45.897270195869226 ], [ -73.892424978481245, 45.902465666336994 ], [ -73.885928293769197, 45.905000741284638 ], [ -73.879535561699186, 45.902339997359306 ], [ -73.879640072386266, 45.897144549538517 ], [ -73.886136113502459, 45.89460982293064 ] ] ] } },
{ "type": "Feature", "properties": { "hex_id": 544027, "centroid_lon": -73.879744554399736, "centroid_lat": 45.891949096787982, "occurrences_today": 12, "datetimes_today": "2026-07-20 02:46:43, 2026-07-20 03:01:45, 2026-07-20 03:16:47, 2026-07-20 03:32:07, 2026-07-20 03:46:50, 2026-07-20 04:01:51, 2026-07-20 04:16:39, 2026-07-20 04:31:59, 2026-07-20 04:46:38, 2026-07-20 05:02:03, 2026-07-20 05:17:31, 2026-07-20 05:31:42", "cumulative_total": 61.0 }, "geometry": { "type": "Polygon", "coordinates": [ [ [ -73.879849007749286, 45.886753639107681 ], [ -73.886239980608195, 45.889414356362138 ], [ -73.886136113502459, 45.89460982293064 ], [ -73.879640072386266, 45.897144549538517 ], [ -73.873248541952293, 45.894483461337906 ], [ -73.873353610199857, 45.889288017540977 ], [ -73.879849007749286, 45.886753639107681 ] ] ] } },
{ "type": "Feature", "properties": { "hex_id": 544028, "centroid_lon": -73.879431022328731, "centroid_lat": 45.907535440250285, "occurrences_today": 12, "datetimes_today": "2026-07-20 02:46:43, 2026-07-20 03:01:45, 2026-07-20 03:16:47, 2026-07-20 03:32:07, 2026-07-20 03:46:50, 2026-07-20 04:01:51, 2026-07-20 04:16:39, 2026-07-20 04:31:59, 2026-07-20 04:46:38, 2026-07-20 05:02:03, 2026-07-20 05:17:31, 2026-07-20 05:31:42", "cumulative_total": 109.0 }, "geometry": { "type": "Polygon", "coordinates": [ [ [ -73.879535561699186, 45.902339997359306 ], [ -73.885928293769197, 45.905000741284638 ], [ -73.885824341122344, 45.910196193070071 ], [ -73.879326454265211, 45.912730878211434 ], [ -73.872933164169552, 45.910069763137315 ], [ -73.873038318946925, 45.90487433413611 ], [ -73.879535561699186, 45.902339997359306 ] ] ] } },
{ "type": "Feature", "properties": { "hex_id": 544638, "centroid_lon": -73.873143444871246, "centroid_lat": 45.899678900202943, "occurrences_today": 12, "datetimes_today": "2026-07-20 02:46:43, 2026-07-20 03:01:45, 2026-07-20 03:16:47, 2026-07-20 03:32:07, 2026-07-20 03:46:50, 2026-07-20 04:01:51, 2026-07-20 04:16:39, 2026-07-20 04:31:59, 2026-07-20 04:46:38, 2026-07-20 05:02:03, 2026-07-20 05:17:31, 2026-07-20 05:31:42", "cumulative_total": 48.0 }, "geometry": { "type": "Polygon", "coordinates": [ [ [ -73.873248541952293, 45.894483461337906 ], [ -73.879640072386266, 45.897144549538517 ], [ -73.879535561699186, 45.902339997359306 ], [ -73.873038318946925, 45.90487433413611 ], [ -73.866646230967149, 45.902212874827327 ], [ -73.866751943275659, 45.897017449915353 ], [ -73.873248541952293, 45.894483461337906 ] ] ] } },
{ "type": "Feature", "properties": { "hex_id": 545248, "centroid_lon": -73.866857626581023, "centroid_lat": 45.891822020069391, "occurrences_today": 12, "datetimes_today": "2026-07-20 02:46:43, 2026-07-20 03:01:45, 2026-07-20 03:16:47, 2026-07-20 03:32:07, 2026-07-20 03:46:50, 2026-07-20 04:01:51, 2026-07-20 04:16:39, 2026-07-20 04:31:59, 2026-07-20 04:46:38, 2026-07-20 05:02:03, 2026-07-20 05:17:31, 2026-07-20 05:31:42", "cumulative_total": 48.0 }, "geometry": { "type": "Polygon", "coordinates": [ [ [ -73.866963280893103, 45.886626585289434 ], [ -73.873353610199857, 45.889288017540977 ], [ -73.873248541952293, 45.894483461337906 ], [ -73.866751943275659, 45.897017449915353 ], [ -73.860361056902605, 45.894355646596303 ], [ -73.860467326262679, 45.889160225832725 ], [ -73.866963280893103, 45.886626585289434 ] ] ] } },
{ "type": "Feature", "properties": { "hex_id": 545249, "centroid_lon": -73.866540489645686, "centroid_lat": 45.907408294805258, "occurrences_today": 12, "datetimes_today": "2026-07-20 02:46:43, 2026-07-20 03:01:45, 2026-07-20 03:16:47, 2026-07-20 03:32:07, 2026-07-20 03:46:50, 2026-07-20 04:01:51, 2026-07-20 04:16:39, 2026-07-20 04:31:59, 2026-07-20 04:46:38, 2026-07-20 05:02:03, 2026-07-20 05:17:31, 2026-07-20 05:31:42", "cumulative_total": 80.0 }, "geometry": { "type": "Polygon", "coordinates": [ [ [ -73.866646230967149, 45.902212874827327 ], [ -73.873038318946925, 45.90487433413611 ], [ -73.872933164169552, 45.910069763137315 ], [ -73.866434719301409, 45.912603709849094 ], [ -73.860042073805261, 45.909941879270121 ], [ -73.860148430683807, 45.904746473315036 ], [ -73.866646230967149, 45.902212874827327 ] ] ] } },
{ "type": "Feature", "properties": { "hex_id": 545859, "centroid_lon": -73.860254758379625, "centroid_lat": 45.89955106242374, "occurrences_today": 12, "datetimes_today": "2026-07-20 02:46:43, 2026-07-20 03:01:45, 2026-07-20 03:16:47, 2026-07-20 03:32:07, 2026-07-20 03:46:50, 2026-07-20 04:01:51, 2026-07-20 04:16:39, 2026-07-20 04:31:59, 2026-07-20 04:46:38, 2026-07-20 05:02:03, 2026-07-20 05:17:31, 2026-07-20 05:31:42", "cumulative_total": 48.0 }, "geometry": { "type": "Polygon", "coordinates": [ [ [ -73.860361056902605, 45.894355646596303 ], [ -73.866751943275659, 45.897017449915353 ], [ -73.866646230967149, 45.902212874827327 ], [ -73.860148430683807, 45.904746473315036 ], [ -73.853756987274039, 45.902084298766496 ], [ -73.853863901174435, 45.896888897025171 ], [ -73.860361056902605, 45.894355646596303 ] ] ] } },
{ "type": "Feature", "properties": { "hex_id": 1187793, "centroid_lon": -66.385526484660232, "centroid_lat": 50.23659773340421, "occurrences_today": 74, "datetimes_today": "2026-07-20 04:31:59, 2026-07-20 04:46:38, 2026-07-20 05:02:03, 2026-07-20 05:17:31, 2026-07-20 05:31:42, 2026-07-20 05:46:02, 2026-07-20 06:02:01, 2026-07-20 06:17:16, 2026-07-20 06:31:48, 2026-07-20 06:47:06, 2026-07-20 07:01:54, 2026-07-20 07:16:40, 2026-07-20 07:31:42, 2026-07-20 07:46:56, 2026-07-20 08:01:45, 2026-07-20 08:17:07, 2026-07-20 08:31:59, 2026-07-20 08:46:51, 2026-07-20 09:02:15, 2026-07-20 09:16:57, 2026-07-20 09:33:05, 2026-07-20 09:46:49, 2026-07-20 10:02:26, 2026-07-20 10:17:29, 2026-07-20 10:31:41, 2026-07-20 10:48:08, 2026-07-20 11:01:51, 2026-07-20 11:16:42, 2026-07-20 11:32:00, 2026-07-20 11:46:41, 2026-07-20 12:01:57, 2026-07-20 12:15:28, 2026-07-20 12:32:32, 2026-07-20 12:46:50, 2026-07-20 13:01:53, 2026-07-20 13:16:47, 2026-07-20 13:31:40, 2026-07-20 13:46:54, 2026-07-20 14:02:15, 2026-07-20 14:17:28, 2026-07-20 14:46:49, 2026-07-20 15:01:55, 2026-07-20 15:16:49, 2026-07-20 15:31:41, 2026-07-20 15:46:54, 2026-07-20 16:01:51, 2026-07-20 16:16:53, 2026-07-20 16:31:38, 2026-07-20 16:47:01, 2026-07-20 17:02:05, 2026-07-20 17:16:42, 2026-07-20 17:32:10, 2026-07-20 17:47:08, 2026-07-20 18:01:38, 2026-07-20 18:16:44, 2026-07-20 18:31:38, 2026-07-20 19:01:54, 2026-07-20 19:16:40, 2026-07-20 19:31:51, 2026-07-20 20:01:49, 2026-07-20 20:16:43, 2026-07-20 20:32:02, 2026-07-20 20:47:06, 2026-07-20 21:02:18, 2026-07-20 21:32:06, 2026-07-20 21:47:02, 2026-07-20 22:02:15, 2026-07-20 22:17:36, 2026-07-20 22:32:01, 2026-07-20 22:47:10, 2026-07-20 23:02:22, 2026-07-20 23:16:40, 2026-07-20 23:32:15, 2026-07-20 23:46:40", "cumulative_total": 113.0 }, "geometry": { "type": "Polygon", "coordinates": [ [ [ -66.386458501791694, 50.231463862712843 ], [ -66.392924252306585, 50.234548315540003 ], [ -66.391992827722589, 50.239682271341685 ], [ -66.384594197825606, 50.24173158689613 ], [ -66.378128124516977, 50.23864664356077 ], [ -66.379061003798, 50.233512875250092 ], [ -66.386458501791694, 50.231463862712843 ] ] ] } },
{ "type": "Feature", "properties": { "hex_id": 384118, "centroid_lon": -75.575100939842542, "centroid_lat": 46.55070926779613, "occurrences_today": 5, "datetimes_today": "2026-07-20 00:01:50, 2026-07-20 00:17:35, 2026-07-20 00:31:39, 2026-07-20 00:46:59, 2026-07-20 01:01:38", "cumulative_total": 20.0 }, "geometry": { "type": "Polygon", "coordinates": [ [ [ -75.575046068153384, 46.5455136789653 ], [ -75.581595118064996, 46.548078502064989 ], [ -75.581650619620248, 46.553274082551511 ], [ -75.575155826719239, 46.555904851836338 ], [ -75.56860613175138, 46.55333966643159 ], [ -75.568551874746021, 46.54814407411417 ], [ -75.575046068153384, 46.5455136789653 ] ] ] } },
{ "type": "Feature", "properties": { "hex_id": 384729, "centroid_lon": -75.568660403774658, "centroid_lat": 46.558535253959541, "occurrences_today": 5, "datetimes_today": "2026-07-20 00:01:50, 2026-07-20 00:17:35, 2026-07-20 00:31:39, 2026-07-20 00:46:59, 2026-07-20 01:01:38", "cumulative_total": 24.0 }, "geometry": { "type": "Polygon", "coordinates": [ [ [ -75.56860613175138, 46.55333966643159 ], [ -75.575155826719239, 46.555904851836338 ], [ -75.57521072878869, 46.561100431085954 ], [ -75.568714690821068, 46.563730836698014 ], [ -75.562164350781345, 46.561165288819645 ], [ -75.562110693786295, 46.555969697869948 ], [ -75.56860613175138, 46.55333966643159 ] ] ] } },
{ "type": "Feature", "properties": { "hex_id": 383508, "centroid_lon": -75.581706136537846, "centroid_lat": 46.558469658246317, "occurrences_today": 5, "datetimes_today": "2026-07-20 00:01:50, 2026-07-20 00:17:35, 2026-07-20 00:31:39, 2026-07-20 00:46:59, 2026-07-20 01:01:38", "cumulative_total": 26.0 }, "geometry": { "type": "Polygon", "coordinates": [ [ [ -75.581650619620248, 46.553274082551511 ], [ -75.588200914073852, 46.555838518280559 ], [ -75.588257061201986, 46.561034085561744 ], [ -75.581761668823134, 46.563665229149414 ], [ -75.57521072878869, 46.561100431085954 ], [ -75.575155826719239, 46.555904851836338 ], [ -75.581650619620248, 46.553274082551511 ] ] ] } },
{ "type": "Feature", "properties": { "hex_id": 381066, "centroid_lon": -75.607797462721578, "centroid_lat": 46.558334003884688, "occurrences_today": 5, "datetimes_today": "2026-07-20 00:01:50, 2026-07-20 00:17:35, 2026-07-20 00:31:39, 2026-07-20 00:46:59, 2026-07-20 01:01:38", "cumulative_total": 87.0 }, "geometry": { "type": "Polygon", "coordinates": [ [ [ -75.607739456063413, 46.553138452661166 ], [ -75.614290947914313, 46.555701388656857 ], [ -75.614349585111142, 46.560896931196098 ], [ -75.607855485436488, 46.563529550311884 ], [ -75.601303346987407, 46.560966252260513 ], [ -75.60124595481669, 46.555770697216126 ], [ -75.607739456063413, 46.553138452661166 ] ] ] } },
{ "type": "Feature", "properties": { "hex_id": 512900, "centroid_lon": -74.206498269415547, "centroid_lat": 46.027193717179671, "occurrences_today": 65, "datetimes_today": "2026-07-20 06:47:06, 2026-07-20 07:01:54, 2026-07-20 07:16:40, 2026-07-20 07:31:42, 2026-07-20 07:46:56, 2026-07-20 08:01:45, 2026-07-20 08:17:07, 2026-07-20 08:31:59, 2026-07-20 08:46:51, 2026-07-20 09:02:15, 2026-07-20 09:16:57, 2026-07-20 09:33:05, 2026-07-20 09:46:49, 2026-07-20 10:02:26, 2026-07-20 10:17:29, 2026-07-20 10:31:41, 2026-07-20 10:48:08, 2026-07-20 11:01:51, 2026-07-20 11:16:42, 2026-07-20 11:32:00, 2026-07-20 11:46:41, 2026-07-20 12:01:57, 2026-07-20 12:15:28, 2026-07-20 12:32:32, 2026-07-20 12:46:50, 2026-07-20 13:01:53, 2026-07-20 13:16:47, 2026-07-20 13:31:40, 2026-07-20 13:46:54, 2026-07-20 14:02:15, 2026-07-20 14:17:28, 2026-07-20 14:46:49, 2026-07-20 15:01:55, 2026-07-20 15:16:49, 2026-07-20 15:31:41, 2026-07-20 15:46:54, 2026-07-20 16:01:51, 2026-07-20 16:16:53, 2026-07-20 16:31:38, 2026-07-20 16:47:01, 2026-07-20 17:02:05, 2026-07-20 17:16:42, 2026-07-20 17:32:10, 2026-07-20 17:47:08, 2026-07-20 18:01:38, 2026-07-20 18:16:44, 2026-07-20 18:31:38, 2026-07-20 19:01:54, 2026-07-20 19:16:40, 2026-07-20 19:31:51, 2026-07-20 20:01:49, 2026-07-20 20:16:43, 2026-07-20 20:32:02, 2026-07-20 20:47:06, 2026-07-20 21:02:18, 2026-07-20 21:32:06, 2026-07-20 21:47:02, 2026-07-20 22:02:15, 2026-07-20 22:17:36, 2026-07-20 22:32:01, 2026-07-20 22:47:10, 2026-07-20 23:02:22, 2026-07-20 23:16:40, 2026-07-20 23:32:15, 2026-07-20 23:46:40", "cumulative_total": 110.0 }, "geometry": { "type": "Polygon", "coordinates": [ [ [ -74.206572608085253, 46.021997887369245 ], [ -74.212994943999604, 46.024640467257228 ], [ -74.212921200225296, 46.0298363027009 ], [ -74.206423910309425, 46.032389542152075 ], [ -74.20000099993959, 46.029746592738363 ], [ -74.200075953934146, 46.02455077346503 ], [ -74.206572608085253, 46.021997887369245 ] ] ] } },
{ "type": "Feature", "properties": { "hex_id": 790123, "centroid_lon": -71.217454643053912, "centroid_lat": 46.840326221885235, "occurrences_today": 92, "datetimes_today": "2026-07-20 00:01:50, 2026-07-20 00:17:35, 2026-07-20 00:31:39, 2026-07-20 00:46:59, 2026-07-20 01:01:38, 2026-07-20 01:16:48, 2026-07-20 01:32:07, 2026-07-20 01:46:40, 2026-07-20 02:01:44, 2026-07-20 02:16:41, 2026-07-20 02:31:46, 2026-07-20 02:46:43, 2026-07-20 03:01:45, 2026-07-20 03:16:47, 2026-07-20 03:32:07, 2026-07-20 03:46:50, 2026-07-20 04:01:51, 2026-07-20 04:16:39, 2026-07-20 04:31:59, 2026-07-20 04:46:38, 2026-07-20 05:02:03, 2026-07-20 05:17:31, 2026-07-20 05:31:42, 2026-07-20 05:46:02, 2026-07-20 06:02:01, 2026-07-20 06:17:16, 2026-07-20 06:31:48, 2026-07-20 06:47:06, 2026-07-20 07:01:54, 2026-07-20 07:16:40, 2026-07-20 07:31:42, 2026-07-20 07:46:56, 2026-07-20 08:01:45, 2026-07-20 08:17:07, 2026-07-20 08:31:59, 2026-07-20 08:46:51, 2026-07-20 09:02:15, 2026-07-20 09:16:57, 2026-07-20 09:33:05, 2026-07-20 09:46:49, 2026-07-20 10:02:26, 2026-07-20 10:17:29, 2026-07-20 10:31:41, 2026-07-20 10:48:08, 2026-07-20 11:01:51, 2026-07-20 11:16:42, 2026-07-20 11:32:00, 2026-07-20 11:46:41, 2026-07-20 12:01:57, 2026-07-20 12:15:28, 2026-07-20 12:32:32, 2026-07-20 12:46:50, 2026-07-20 13:01:53, 2026-07-20 13:16:47, 2026-07-20 13:31:40, 2026-07-20 13:46:54, 2026-07-20 14:02:15, 2026-07-20 14:17:28, 2026-07-20 14:46:49, 2026-07-20 15:01:55, 2026-07-20 15:16:49, 2026-07-20 15:31:41, 2026-07-20 15:46:54, 2026-07-20 16:01:51, 2026-07-20 16:16:53, 2026-07-20 16:31:38, 2026-07-20 16:47:01, 2026-07-20 17:02:05, 2026-07-20 17:16:42, 2026-07-20 17:32:10, 2026-07-20 17:47:08, 2026-07-20 18:01:38, 2026-07-20 18:16:44, 2026-07-20 18:31:38, 2026-07-20 19:01:54, 2026-07-20 19:16:40, 2026-07-20 19:31:51, 2026-07-20 20:01:49, 2026-07-20 20:16:43, 2026-07-20 20:32:02, 2026-07-20 20:47:06, 2026-07-20 21:02:18, 2026-07-20 21:32:06, 2026-07-20 21:47:02, 2026-07-20 22:02:15, 2026-07-20 22:17:36, 2026-07-20 22:32:01, 2026-07-20 22:47:10, 2026-07-20 23:02:22, 2026-07-20 23:16:40, 2026-07-20 23:32:15, 2026-07-20 23:46:40", "cumulative_total": 239.0 }, "geometry": { "type": "Polygon", "coordinates": [ [ [ -71.217818954080883, 46.835141968746854 ], [ -71.224179455237262, 46.837950415105922 ], [ -71.223815720316864, 46.843134703765642 ], [ -71.217090231018048, 46.845510468129802 ], [ -71.210729254781512, 46.842701614702733 ], [ -71.211094242888933, 46.837517404046245 ], [ -71.217818954080883, 46.835141968746854 ] ] ] } },
{ "type": "Feature", "properties": { "hex_id": 534210, "centroid_lon": -73.996510431965291, "centroid_lat": 45.12910303363595, "occurrences_today": 8, "datetimes_today": "2026-07-20 03:32:07, 2026-07-20 03:46:50, 2026-07-20 04:01:51, 2026-07-20 04:16:39, 2026-07-20 04:31:59, 2026-07-20 04:46:38, 2026-07-20 05:02:03, 2026-07-20 05:17:31", "cumulative_total": 94.0 }, "geometry": { "type": "Polygon", "coordinates": [ [ [ -73.996601544232178, 45.123906682553276 ], [ -74.002912976345272, 45.126560539899856 ], [ -74.002822428747777, 45.131756898569172 ], [ -73.9964192949232, 45.134299379825869 ], [ -73.990107322920011, 45.131645162272029 ], [ -73.990199024623266, 45.12644882373246 ], [ -73.996601544232178, 45.123906682553276 ] ] ] } },
{ "type": "Feature", "properties": { "hex_id": 580647, "centroid_lon": -73.497375902035273, "centroid_lat": 45.73166293636433, "occurrences_today": 4, "datetimes_today": "2026-07-20 00:01:50, 2026-07-20 00:17:35, 2026-07-20 00:31:39, 2026-07-20 00:46:59", "cumulative_total": 234.0 }, "geometry": { "type": "Polygon", "coordinates": [ [ [ -73.497515219955403, 45.726468127220642 ], [ -73.503869327868813, 45.729149850472112 ], [ -73.503730586029846, 45.734344672271597 ], [ -73.497236545965322, 45.73685774043291 ], [ -73.49088190012705, 45.73417564468226 ], [ -73.491021832265247, 45.728980853334477 ], [ -73.497515219955403, 45.726468127220642 ] ] ] } },
{ "type": "Feature", "properties": { "hex_id": 581257, "centroid_lon": -73.491161726097289, "centroid_lat": 45.723786056908821, "occurrences_today": 4, "datetimes_today": "2026-07-20 00:01:50, 2026-07-20 00:17:35, 2026-07-20 00:31:39, 2026-07-20 00:46:59", "cumulative_total": 155.0 }, "geometry": { "type": "Polygon", "coordinates": [ [ [ -73.491301581636108, 45.718591255405357 ], [ -73.497654499738559, 45.721273313001923 ], [ -73.497515219955403, 45.726468127220642 ], [ -73.491021832265247, 45.728980853334477 ], [ -73.48466837670685, 45.726298423281662 ], [ -73.484808846281624, 45.72110363963624 ], [ -73.491301581636108, 45.718591255405357 ] ] ] } },
{ "type": "Feature", "properties": { "hex_id": 581868, "centroid_lon": -73.484527868669645, "centroid_lat": 45.731493201846448, "occurrences_today": 4, "datetimes_today": "2026-07-20 00:01:50, 2026-07-20 00:17:35, 2026-07-20 00:31:39, 2026-07-20 00:46:59", "cumulative_total": 197.0 }, "geometry": { "type": "Polygon", "coordinates": [ [ [ -73.48466837670685, 45.726298423281662 ], [ -73.491021832265247, 45.728980853334477 ], [ -73.49088190012705, 45.73417564468226 ], [ -73.484387322157019, 45.736687975330483 ], [ -73.478033329181528, 45.734005172661142 ], [ -73.478174451580173, 45.728810412025098 ], [ -73.48466837670685, 45.726298423281662 ] ] ] } },
{ "type": "Feature", "properties": { "hex_id": 816998, "centroid_lon": -70.914274079230182, "centroid_lat": 47.032548765059751, "occurrences_today": 9, "datetimes_today": "2026-07-20 00:01:50, 2026-07-20 00:17:35, 2026-07-20 00:31:39, 2026-07-20 00:46:59, 2026-07-20 01:01:38, 2026-07-20 01:16:48, 2026-07-20 01:32:07, 2026-07-20 01:46:40, 2026-07-20 02:01:44", "cumulative_total": 45.0 }, "geometry": { "type": "Polygon", "coordinates": [ [ [ -70.914670193692004, 47.027366575286401 ], [ -70.92103585823709, 47.030192040613407 ], [ -70.920640320908376, 47.035374268975623 ], [ -70.913877854694732, 47.037730947565692 ], [ -70.907511723109309, 47.03490507008901 ], [ -70.907908524739526, 47.029722926238989 ], [ -70.914670193692004, 47.027366575286401 ] ] ] } },
{ "type": "Feature", "properties": { "hex_id": 641197, "centroid_lon": -72.792755166260619, "centroid_lat": 47.442702683104237, "occurrences_today": 68, "datetimes_today": "2026-07-20 06:02:01, 2026-07-20 06:17:16, 2026-07-20 06:31:48, 2026-07-20 06:47:06, 2026-07-20 07:01:54, 2026-07-20 07:16:40, 2026-07-20 07:31:42, 2026-07-20 07:46:56, 2026-07-20 08:01:45, 2026-07-20 08:17:07, 2026-07-20 08:31:59, 2026-07-20 08:46:51, 2026-07-20 09:02:15, 2026-07-20 09:16:57, 2026-07-20 09:33:05, 2026-07-20 09:46:49, 2026-07-20 10:02:26, 2026-07-20 10:17:29, 2026-07-20 10:31:41, 2026-07-20 10:48:08, 2026-07-20 11:01:51, 2026-07-20 11:16:42, 2026-07-20 11:32:00, 2026-07-20 11:46:41, 2026-07-20 12:01:57, 2026-07-20 12:15:28, 2026-07-20 12:32:32, 2026-07-20 12:46:50, 2026-07-20 13:01:53, 2026-07-20 13:16:47, 2026-07-20 13:31:40, 2026-07-20 13:46:54, 2026-07-20 14:02:15, 2026-07-20 14:17:28, 2026-07-20 14:46:49, 2026-07-20 15:01:55, 2026-07-20 15:16:49, 2026-07-20 15:31:41, 2026-07-20 15:46:54, 2026-07-20 16:01:51, 2026-07-20 16:16:53, 2026-07-20 16:31:38, 2026-07-20 16:47:01, 2026-07-20 17:02:05, 2026-07-20 17:16:42, 2026-07-20 17:32:10, 2026-07-20 17:47:08, 2026-07-20 18:01:38, 2026-07-20 18:16:44, 2026-07-20 18:31:38, 2026-07-20 19:01:54, 2026-07-20 19:16:40, 2026-07-20 19:31:51, 2026-07-20 20:01:49, 2026-07-20 20:16:43, 2026-07-20 20:32:02, 2026-07-20 20:47:06, 2026-07-20 21:02:18, 2026-07-20 21:32:06, 2026-07-20 21:47:02, 2026-07-20 22:02:15, 2026-07-20 22:17:36, 2026-07-20 22:32:01, 2026-07-20 22:47:10, 2026-07-20 23:02:22, 2026-07-20 23:16:40, 2026-07-20 23:32:15, 2026-07-20 23:46:40", "cumulative_total": 87.0 }, "geometry": { "type": "Polygon", "coordinates": [ [ [ -72.79297238012964, 47.437511504769667 ], [ -72.799490261104026, 47.440234527553038 ], [ -72.799273667776859, 47.445425726170782 ], [ -72.792537891576643, 47.447893855958313 ], [ -72.786019450886073, 47.445170431474999 ], [ -72.786237346090431, 47.439979278973077 ], [ -72.79297238012964, 47.437511504769667 ] ] ] } },
{ "type": "Feature", "properties": { "hex_id": 726579, "centroid_lon": -71.943965419188203, "centroid_lat": 46.051430211574157, "occurrences_today": 23, "datetimes_today": "2026-07-20 00:01:50, 2026-07-20 00:17:35, 2026-07-20 00:31:39, 2026-07-20 00:46:59, 2026-07-20 01:01:38, 2026-07-20 01:16:48, 2026-07-20 01:32:07, 2026-07-20 01:46:40, 2026-07-20 02:01:44, 2026-07-20 02:16:41, 2026-07-20 02:31:46, 2026-07-20 02:46:43, 2026-07-20 03:01:45, 2026-07-20 03:16:47, 2026-07-20 03:32:07, 2026-07-20 03:46:50, 2026-07-20 04:01:51, 2026-07-20 04:16:39, 2026-07-20 04:31:59, 2026-07-20 04:46:38, 2026-07-20 05:02:03, 2026-07-20 05:17:31, 2026-07-20 05:31:42", "cumulative_total": 83.0 }, "geometry": { "type": "Polygon", "coordinates": [ [ [ -71.944251837725162, 46.046241305505774 ], [ -71.950562403866499, 46.049008291126377 ], [ -71.950276548687214, 46.05419722520169 ], [ -71.943678921992557, 46.05661911152766 ], [ -71.937367871165605, 46.05385173545038 ], [ -71.937654931692194, 46.048662863569028 ], [ -71.944251837725162, 46.046241305505774 ] ] ] } },
{ "type": "Feature", "properties": { "hex_id": 382287, "centroid_lon": -75.594751823198038, "centroid_lat": 46.558402574883473, "occurrences_today": 5, "datetimes_today": "2026-07-20 00:01:50, 2026-07-20 00:17:35, 2026-07-20 00:31:39, 2026-07-20 00:46:59, 2026-07-20 01:01:38", "cumulative_total": 35.0 }, "geometry": { "type": "Polygon", "coordinates": [ [ [ -75.594695061402021, 46.553207011290148 ], [ -75.60124595481669, 46.555770697216126 ], [ -75.601303346987407, 46.560966252260513 ], [ -75.594808600706273, 46.563598133682817 ], [ -75.588257061201986, 46.561034085561744 ], [ -75.588200914073852, 46.555838518280559 ], [ -75.594695061402021, 46.553207011290148 ] ] ] } },
{ "type": "Feature", "properties": { "hex_id": 163243, "centroid_lon": -78.045706705535338, "centroid_lat": 48.475534415641903, "occurrences_today": 64, "datetimes_today": "2026-07-20 07:01:54, 2026-07-20 07:16:40, 2026-07-20 07:31:42, 2026-07-20 07:46:56, 2026-07-20 08:01:45, 2026-07-20 08:17:07, 2026-07-20 08:31:59, 2026-07-20 08:46:51, 2026-07-20 09:02:15, 2026-07-20 09:16:57, 2026-07-20 09:33:05, 2026-07-20 09:46:49, 2026-07-20 10:02:26, 2026-07-20 10:17:29, 2026-07-20 10:31:41, 2026-07-20 10:48:08, 2026-07-20 11:01:51, 2026-07-20 11:16:42, 2026-07-20 11:32:00, 2026-07-20 11:46:41, 2026-07-20 12:01:57, 2026-07-20 12:15:28, 2026-07-20 12:32:32, 2026-07-20 12:46:50, 2026-07-20 13:01:53, 2026-07-20 13:16:47, 2026-07-20 13:31:40, 2026-07-20 13:46:54, 2026-07-20 14:02:15, 2026-07-20 14:17:28, 2026-07-20 14:46:49, 2026-07-20 15:01:55, 2026-07-20 15:16:49, 2026-07-20 15:31:41, 2026-07-20 15:46:54, 2026-07-20 16:01:51, 2026-07-20 16:16:53, 2026-07-20 16:31:38, 2026-07-20 16:47:01, 2026-07-20 17:02:05, 2026-07-20 17:16:42, 2026-07-20 17:32:10, 2026-07-20 17:47:08, 2026-07-20 18:01:38, 2026-07-20 18:16:44, 2026-07-20 18:31:38, 2026-07-20 19:01:54, 2026-07-20 19:16:40, 2026-07-20 19:31:51, 2026-07-20 20:01:49, 2026-07-20 20:16:43, 2026-07-20 20:32:02, 2026-07-20 20:47:06, 2026-07-20 21:02:18, 2026-07-20 21:32:06, 2026-07-20 21:47:02, 2026-07-20 22:02:15, 2026-07-20 22:17:36, 2026-07-20 22:32:01, 2026-07-20 22:47:10, 2026-07-20 23:02:22, 2026-07-20 23:16:40, 2026-07-20 23:32:15, 2026-07-20 23:46:40", "cumulative_total": 134.0 }, "geometry": { "type": "Polygon", "coordinates": [ [ [ -78.045396003910597, 48.470347662145585 ], [ -78.052306621910034, 48.472761923263548 ], [ -78.052618054311495, 48.477948641207618 ], [ -78.046017495418539, 48.480721162945571 ], [ -78.039106058367935, 48.478306542860693 ], [ -78.038795999293455, 48.473119760076194 ], [ -78.045396003910597, 48.470347662145585 ] ] ] } },
{ "type": "Feature", "properties": { "hex_id": 969677, "centroid_lon": -69.184531439061729, "centroid_lat": 47.79954496300266, "occurrences_today": 71, "datetimes_today": "2026-07-20 05:17:31, 2026-07-20 05:31:42, 2026-07-20 05:46:02, 2026-07-20 06:02:01, 2026-07-20 06:17:16, 2026-07-20 06:31:48, 2026-07-20 06:47:06, 2026-07-20 07:01:54, 2026-07-20 07:16:40, 2026-07-20 07:31:42, 2026-07-20 07:46:56, 2026-07-20 08:01:45, 2026-07-20 08:17:07, 2026-07-20 08:31:59, 2026-07-20 08:46:51, 2026-07-20 09:02:15, 2026-07-20 09:16:57, 2026-07-20 09:33:05, 2026-07-20 09:46:49, 2026-07-20 10:02:26, 2026-07-20 10:17:29, 2026-07-20 10:31:41, 2026-07-20 10:48:08, 2026-07-20 11:01:51, 2026-07-20 11:16:42, 2026-07-20 11:32:00, 2026-07-20 11:46:41, 2026-07-20 12:01:57, 2026-07-20 12:15:28, 2026-07-20 12:32:32, 2026-07-20 12:46:50, 2026-07-20 13:01:53, 2026-07-20 13:16:47, 2026-07-20 13:31:40, 2026-07-20 13:46:54, 2026-07-20 14:02:15, 2026-07-20 14:17:28, 2026-07-20 14:46:49, 2026-07-20 15:01:55, 2026-07-20 15:16:49, 2026-07-20 15:31:41, 2026-07-20 15:46:54, 2026-07-20 16:01:51, 2026-07-20 16:16:53, 2026-07-20 16:31:38, 2026-07-20 16:47:01, 2026-07-20 17:02:05, 2026-07-20 17:16:42, 2026-07-20 17:32:10, 2026-07-20 17:47:08, 2026-07-20 18:01:38, 2026-07-20 18:16:44, 2026-07-20 18:31:38, 2026-07-20 19:01:54, 2026-07-20 19:16:40, 2026-07-20 19:31:51, 2026-07-20 20:01:49, 2026-07-20 20:16:43, 2026-07-20 20:32:02, 2026-07-20 20:47:06, 2026-07-20 21:02:18, 2026-07-20 21:32:06, 2026-07-20 21:47:02, 2026-07-20 22:02:15, 2026-07-20 22:17:36, 2026-07-20 22:32:01, 2026-07-20 22:47:10, 2026-07-20 23:02:22, 2026-07-20 23:16:40, 2026-07-20 23:32:15, 2026-07-20 23:46:40", "cumulative_total": 84.0 }, "geometry": { "type": "Polygon", "coordinates": [ [ [ -69.185110080016159, 47.794377018982139 ], [ -69.19146309587282, 47.797298455546716 ], [ -69.190885025815135, 47.802466455342447 ], [ -69.18395263599038, 47.804712897038435 ], [ -69.177599211382613, 47.801791024552919 ], [ -69.178178585293296, 47.796623146359963 ], [ -69.185110080016159, 47.794377018982139 ] ] ] } },
{ "type": "Feature", "properties": { "hex_id": 970287, "centroid_lon": -69.178757796935898, "centroid_lat": 47.791455258171325, "occurrences_today": 71, "datetimes_today": "2026-07-20 05:17:31, 2026-07-20 05:31:42, 2026-07-20 05:46:02, 2026-07-20 06:02:01, 2026-07-20 06:17:16, 2026-07-20 06:31:48, 2026-07-20 06:47:06, 2026-07-20 07:01:54, 2026-07-20 07:16:40, 2026-07-20 07:31:42, 2026-07-20 07:46:56, 2026-07-20 08:01:45, 2026-07-20 08:17:07, 2026-07-20 08:31:59, 2026-07-20 08:46:51, 2026-07-20 09:02:15, 2026-07-20 09:16:57, 2026-07-20 09:33:05, 2026-07-20 09:46:49, 2026-07-20 10:02:26, 2026-07-20 10:17:29, 2026-07-20 10:31:41, 2026-07-20 10:48:08, 2026-07-20 11:01:51, 2026-07-20 11:16:42, 2026-07-20 11:32:00, 2026-07-20 11:46:41, 2026-07-20 12:01:57, 2026-07-20 12:15:28, 2026-07-20 12:32:32, 2026-07-20 12:46:50, 2026-07-20 13:01:53, 2026-07-20 13:16:47, 2026-07-20 13:31:40, 2026-07-20 13:46:54, 2026-07-20 14:02:15, 2026-07-20 14:17:28, 2026-07-20 14:46:49, 2026-07-20 15:01:55, 2026-07-20 15:16:49, 2026-07-20 15:31:41, 2026-07-20 15:46:54, 2026-07-20 16:01:51, 2026-07-20 16:16:53, 2026-07-20 16:31:38, 2026-07-20 16:47:01, 2026-07-20 17:02:05, 2026-07-20 17:16:42, 2026-07-20 17:32:10, 2026-07-20 17:47:08, 2026-07-20 18:01:38, 2026-07-20 18:16:44, 2026-07-20 18:31:38, 2026-07-20 19:01:54, 2026-07-20 19:16:40, 2026-07-20 19:31:51, 2026-07-20 20:01:49, 2026-07-20 20:16:43, 2026-07-20 20:32:02, 2026-07-20 20:47:06, 2026-07-20 21:02:18, 2026-07-20 21:32:06, 2026-07-20 21:47:02, 2026-07-20 22:02:15, 2026-07-20 22:17:36, 2026-07-20 22:32:01, 2026-07-20 22:47:10, 2026-07-20 23:02:22, 2026-07-20 23:16:40, 2026-07-20 23:32:15, 2026-07-20 23:46:40", "cumulative_total": 84.0 }, "geometry": { "type": "Polygon", "coordinates": [ [ [ -69.179336846367818, 47.786287359988911 ], [ -69.185688558911025, 47.789209064978806 ], [ -69.185110080016159, 47.794377018982139 ], [ -69.178178585293296, 47.796623146359963 ], [ -69.171826464452423, 47.793701005525506 ], [ -69.172406246574653, 47.788533173225375 ], [ -69.179336846367818, 47.786287359988911 ] ] ] } },
{ "type": "Feature", "properties": { "hex_id": 581278, "centroid_lon": -73.482273085546197, "centroid_lat": 46.051048310945937, "occurrences_today": 14, "datetimes_today": "2026-07-20 00:01:50, 2026-07-20 00:17:35, 2026-07-20 00:31:39, 2026-07-20 00:46:59, 2026-07-20 01:01:38, 2026-07-20 01:16:48, 2026-07-20 01:32:07, 2026-07-20 01:46:40, 2026-07-20 02:01:44, 2026-07-20 02:16:41, 2026-07-20 02:31:46, 2026-07-20 02:46:43, 2026-07-20 03:01:45, 2026-07-20 03:16:47", "cumulative_total": 292.0 }, "geometry": { "type": "Polygon", "coordinates": [ [ [ -73.482415379047666, 46.045853829522933 ], [ -73.488804877038348, 46.048536693610551 ], [ -73.488663169240169, 46.053731187924711 ], [ -73.482130752925087, 46.056242787285427 ], [ -73.475740708357449, 46.053559546448362 ], [ -73.475883626668519, 46.048365083065754 ], [ -73.482415379047666, 46.045853829522933 ] ] ] } },
{ "type": "Feature", "properties": { "hex_id": 363290, "centroid_lon": -75.781109865537502, "centroid_lat": 45.442661012827038, "occurrences_today": 3, "datetimes_today": "2026-07-20 00:01:50, 2026-07-20 00:17:35, 2026-07-20 00:31:39", "cumulative_total": 145.0 }, "geometry": { "type": "Polygon", "coordinates": [ [ [ -75.781038163692514, 45.437464633622497 ], [ -75.787466482740939, 45.440018930707403 ], [ -75.787538781125889, 45.44521529958385 ], [ -75.781181586953068, 45.447857387195114 ], [ -75.774752651790834, 45.445302743870556 ], [ -75.774681526921796, 45.440106359238833 ], [ -75.781038163692514, 45.437464633622497 ] ] ] } },
{ "type": "Feature", "properties": { "hex_id": 437190, "centroid_lon": -75.007574344859577, "centroid_lat": 45.905234906082363, "occurrences_today": 3, "datetimes_today": "2026-07-20 04:31:59, 2026-07-20 04:46:38, 2026-07-20 05:02:03", "cumulative_total": 52.0 }, "geometry": { "type": "Polygon", "coordinates": [ [ [ -75.007573638250719, 45.900038465869542 ], [ -75.01401994713909, 45.90263607754305 ], [ -75.014021255297138, 45.907832515272823 ], [ -75.0075750516624, 45.910431341548694 ], [ -75.001128141030819, 45.907833369881359 ], [ -75.00112803577727, 45.902636931997542 ], [ -75.007573638250719, 45.900038465869542 ] ] ] } },
{ "type": "Feature", "properties": { "hex_id": 378556, "centroid_lon": -75.621886101451764, "centroid_lat": 45.498205715210759, "occurrences_today": 6, "datetimes_today": "2026-07-20 00:01:50, 2026-07-20 00:17:35, 2026-07-20 00:31:39, 2026-07-20 00:46:59, 2026-07-20 01:01:38, 2026-07-20 01:16:48", "cumulative_total": 121.0 }, "geometry": { "type": "Polygon", "coordinates": [ [ [ -75.621828904265968, 45.493009209668941 ], [ -75.628256472439674, 45.495572447142983 ], [ -75.628314265986901, 45.500768943972176 ], [ -75.621943314260108, 45.503402215948284 ], [ -75.615515134099766, 45.500838629884989 ], [ -75.615458517658126, 45.495642120499433 ], [ -75.621828904265968, 45.493009209668941 ] ] ] } },
{ "type": "Feature", "properties": { "hex_id": 627674, "centroid_lon": -72.992465173266041, "centroid_lat": 46.012313686866555, "occurrences_today": 1, "datetimes_today": "2026-07-20 06:17:16", "cumulative_total": 54.0 }, "geometry": { "type": "Polygon", "coordinates": [ [ [ -72.992653117959264, 46.007120538477665 ], [ -72.999013584715769, 46.009830344833375 ], [ -72.998826217597127, 46.015023510957107 ], [ -72.992277176941442, 46.01750682991922 ], [ -72.985916184250485, 46.014796642807589 ], [ -72.9861047581321, 46.009603517555277 ], [ -72.992653117959264, 46.007120538477665 ] ] ] } },
{ "type": "Feature", "properties": { "hex_id": 628285, "centroid_lon": -72.985727558563241, "centroid_lat": 46.019989762719774, "occurrences_today": 1, "datetimes_today": "2026-07-20 06:17:16", "cumulative_total": 25.0 }, "geometry": { "type": "Polygon", "coordinates": [ [ [ -72.985916184250485, 46.014796642807589 ], [ -72.992277176941442, 46.01750682991922 ], [ -72.992089128967947, 46.022699967635482 ], [ -72.985538881052761, 46.025182877291634 ], [ -72.979177362480087, 46.022472309263208 ], [ -72.979366617686679, 46.017279212560929 ], [ -72.985916184250485, 46.014796642807589 ] ] ] } },
{ "type": "Feature", "properties": { "hex_id": 628895, "centroid_lon": -72.979555820913362, "centroid_lat": 46.012086110514609, "occurrences_today": 1, "datetimes_today": "2026-07-20 06:17:16", "cumulative_total": 64.0 }, "geometry": { "type": "Polygon", "coordinates": [ [ [ -72.979744972177784, 46.006893003124446 ], [ -72.9861047581321, 46.009603517555277 ], [ -72.985916184250485, 46.014796642807589 ], [ -72.979366617686679, 46.017279212560929 ], [ -72.97300630632067, 46.014568317260178 ], [ -72.973196086912466, 46.009375233141533 ], [ -72.979744972177784, 46.006893003124446 ] ] ] } },
{ "type": "Feature", "properties": { "hex_id": 628896, "centroid_lon": -72.978988055275892, "centroid_lat": 46.027665400621274, "occurrences_today": 1, "datetimes_today": "2026-07-20 06:17:16", "cumulative_total": 61.0 }, "geometry": { "type": "Polygon", "coordinates": [ [ [ -72.979177362480087, 46.022472309263208 ], [ -72.985538881052761, 46.025182877291634 ], [ -72.985350151701425, 46.030375986523026 ], [ -72.978798696056415, 46.03285848663495 ], [ -72.972436651655002, 46.030147537528826 ], [ -72.972626588709659, 46.024954469454009 ], [ -72.979177362480087, 46.022472309263208 ] ] ] } },
{ "type": "Feature", "properties": { "hex_id": 629505, "centroid_lon": -72.973385815385413, "centroid_lat": 46.004182143675294, "occurrences_today": 1, "datetimes_today": "2026-07-20 06:17:16", "cumulative_total": 87.0 }, "geometry": { "type": "Polygon", "coordinates": [ [ [ -72.973575491757231, 45.998989048861681 ], [ -72.979934071497595, 46.00169989039064 ], [ -72.979744972177784, 46.006893003124446 ], [ -72.973196086912466, 46.009375233141533 ], [ -72.966836982230092, 46.006664010789535 ], [ -72.967027287737338, 46.001470939308994 ], [ -72.973575491757231, 45.998989048861681 ] ] ] } },
{ "type": "Feature", "properties": { "hex_id": 629506, "centroid_lon": -72.972816473592303, "centroid_lat": 46.019761396031079, "occurrences_today": 1, "datetimes_today": "2026-07-20 06:17:16", "cumulative_total": 61.0 }, "geometry": { "type": "Polygon", "coordinates": [ [ [ -72.97300630632067, 46.014568317260178 ], [ -72.979366617686679, 46.017279212560929 ], [ -72.979177362480087, 46.022472309263208 ], [ -72.972626588709659, 46.024954469454009 ], [ -72.966265751985034, 46.022243193122513 ], [ -72.966456214371718, 46.017050137696479 ], [ -72.97300630632067, 46.014568317260178 ] ] ] } },
{ "type": "Feature", "properties": { "hex_id": 629507, "centroid_lon": -72.972246662410555, "centroid_lat": 46.035340600255324, "occurrences_today": 1, "datetimes_today": "2026-07-20 06:17:16", "cumulative_total": 61.0 }, "geometry": { "type": "Polygon", "coordinates": [ [ [ -72.972436651655002, 46.030147537528826 ], [ -72.978798696056415, 46.03285848663495 ], [ -72.978609284803952, 46.038051567304038 ], [ -72.972056620958597, 46.040533657633304 ], [ -72.965694050781607, 46.037822327288588 ], [ -72.965884670207785, 46.032629287918759 ], [ -72.972436651655002, 46.030147537528826 ] ] ] } },
{ "type": "Feature", "properties": { "hex_id": 630115, "centroid_lon": -72.967217540986994, "centroid_lat": 45.996277862477314, "occurrences_today": 1, "datetimes_today": "2026-07-20 06:17:16", "cumulative_total": 104.0 }, "geometry": { "type": "Polygon", "coordinates": [ [ [ -72.967407741996766, 45.991084780294706 ], [ -72.973765116045612, 45.993795948700857 ], [ -72.973575491757231, 45.998989048861681 ], [ -72.967027287737338, 46.001470939308994 ], [ -72.960669389215809, 45.998759390126729 ], [ -72.960860219169135, 45.993566331338727 ], [ -72.967407741996766, 45.991084780294706 ] ] ] } },
{ "type": "Feature", "properties": { "hex_id": 630116, "centroid_lon": -72.966646624447478, "centroid_lat": 46.011857076918758, "occurrences_today": 1, "datetimes_today": "2026-07-20 06:17:16", "cumulative_total": 64.0 }, "geometry": { "type": "Polygon", "coordinates": [ [ [ -72.966836982230092, 46.006664010789535 ], [ -72.973196086912466, 46.009375233141533 ], [ -72.97300630632067, 46.014568317260178 ], [ -72.966456214371718, 46.017050137696479 ], [ -72.960096584800539, 46.014338534360689 ], [ -72.960287572049339, 46.009145491637902 ], [ -72.966836982230092, 46.006664010789535 ] ] ] } },
{ "type": "Feature", "properties": { "hex_id": 630117, "centroid_lon": -72.966075237269663, "centroid_lat": 46.027436243196661, "occurrences_today": 1, "datetimes_today": "2026-07-20 06:17:16", "cumulative_total": 61.0 }, "geometry": { "type": "Polygon", "coordinates": [ [ [ -72.966265751985034, 46.022243193122513 ], [ -72.972626588709659, 46.024954469454009 ], [ -72.972436651655002, 46.030147537528826 ], [ -72.965884670207785, 46.032629287918759 ], [ -72.95952330817785, 46.029917630395637 ], [ -72.959714452882636, 46.024724603739742 ], [ -72.966265751985034, 46.022243193122513 ] ] ] } },
{ "type": "Feature", "properties": { "hex_id": 630118, "centroid_lon": -72.96550337897331, "centroid_lat": 46.043015361305983, "occurrences_today": 1, "datetimes_today": "2026-07-20 06:17:16", "cumulative_total": 61.0 }, "geometry": { "type": "Polygon", "coordinates": [ [ [ -72.965694050781607, 46.037822327288588 ], [ -72.972056620958597, 46.040533657633304 ], [ -72.971866527281364, 46.045726709662617 ], [ -72.9653126547651, 46.048208389970746 ], [ -72.958949558865896, 46.045496678226478 ], [ -72.959140861187336, 46.040303667639186 ], [ -72.965694050781607, 46.037822327288588 ] ] ] } },
{ "type": "Feature", "properties": { "hex_id": 630725, "centroid_lon": -72.961050996726215, "centroid_lat": 45.98837326719606, "occurrences_today": 1, "datetimes_today": "2026-07-20 06:17:16", "cumulative_total": 84.0 }, "geometry": { "type": "Polygon", "coordinates": [ [ [ -72.961241721904884, 45.983180197698871 ], [ -72.967597890784461, 45.985891692761349 ], [ -72.967407741996766, 45.991084780294706 ], [ -72.960860219169135, 45.993566331338727 ], [ -72.95450352628589, 45.990854455547073 ], [ -72.954694880216167, 45.985661409506022 ], [ -72.961241721904884, 45.983180197698871 ] ] ] } },
{ "type": "Feature", "properties": { "hex_id": 630726, "centroid_lon": -72.960478506848503, "centroid_lat": 46.003952443559839, "occurrences_today": 1, "datetimes_today": "2026-07-20 06:17:16", "cumulative_total": 104.0 }, "geometry": { "type": "Polygon", "coordinates": [ [ [ -72.960669389215809, 45.998759390126729 ], [ -72.967027287737338, 46.001470939308994 ], [ -72.966836982230092, 46.006664010789535 ], [ -72.960287572049339, 46.009145491637902 ], [ -72.95392914910849, 46.006433561518811 ], [ -72.954120660749908, 46.001240531553677 ], [ -72.960669389215809, 45.998759390126729 ] ] ] } },
{ "type": "Feature", "properties": { "hex_id": 630727, "centroid_lon": -72.95990554508424, "centroid_lat": 46.019531571728052, "occurrences_today": 1, "datetimes_today": "2026-07-20 06:17:16", "cumulative_total": 61.0 }, "geometry": { "type": "Polygon", "coordinates": [ [ [ -72.960096584800539, 46.014338534360689 ], [ -72.966456214371718, 46.017050137696479 ], [ -72.966265751985034, 46.022243193122513 ], [ -72.959714452882636, 46.024724603739742 ], [ -72.953354298476071, 46.022012619259364 ], [ -72.95354596798947, 46.01681960537185 ], [ -72.960096584800539, 46.014338534360689 ] ] ] } },
{ "type": "Feature", "properties": { "hex_id": 630728, "centroid_lon": -72.959332110952047, "centroid_lat": 46.035110651695518, "occurrences_today": 1, "datetimes_today": "2026-07-20 06:17:16", "cumulative_total": 61.0 }, "geometry": { "type": "Polygon", "coordinates": [ [ [ -72.95952330817785, 46.029917630395637 ], [ -72.965884670207785, 46.032629287918759 ], [ -72.965694050781607, 46.037822327288588 ], [ -72.959140861187336, 46.040303667639186 ], [ -72.952778973905595, 46.037591628763572 ], [ -72.952970801452054, 46.032398630955413 ], [ -72.95952330817785, 46.029917630395637 ] ] ] } },
{ "type": "Feature", "properties": { "hex_id": 631335, "centroid_lon": -72.954886181611798, "centroid_lat": 45.980468358106691, "occurrences_today": 1, "datetimes_today": "2026-07-20 06:17:16", "cumulative_total": 69.0 }, "geometry": { "type": "Polygon", "coordinates": [ [ [ -72.955077430490604, 45.975275301349306 ], [ -72.96143239472292, 45.977987122847374 ], [ -72.961241721904884, 45.983180197698871 ], [ -72.954694880216167, 45.985661409506022 ], [ -72.948339392448815, 45.982949207325774 ], [ -72.948531269887368, 45.977756174085989 ], [ -72.955077430490604, 45.975275301349306 ] ] ] } },
{ "type": "Feature", "properties": { "hex_id": 631336, "centroid_lon": -72.954312119803078, "centroid_lat": 45.996047496229686, "occurrences_today": 1, "datetimes_today": "2026-07-20 06:17:16", "cumulative_total": 104.0 }, "geometry": { "type": "Polygon", "coordinates": [ [ [ -72.95450352628589, 45.990854455547073 ], [ -72.960860219169135, 45.993566331338727 ], [ -72.960669389215809, 45.998759390126729 ], [ -72.954120660749908, 46.001240531553677 ], [ -72.947763443916458, 45.998528274872214 ], [ -72.94795547948128, 45.993335257719075 ], [ -72.95450352628589, 45.990854455547073 ] ] ] } },
{ "type": "Feature", "properties": { "hex_id": 631337, "centroid_lon": -72.953737584860974, "centroid_lat": 46.011626586124933, "occurrences_today": 1, "datetimes_today": "2026-07-20 06:17:16", "cumulative_total": 69.0 }, "geometry": { "type": "Polygon", "coordinates": [ [ [ -72.95392914910849, 46.006433561518811 ], [ -72.960287572049339, 46.009145491637902 ], [ -72.960096584800539, 46.014338534360689 ], [ -72.95354596798947, 46.01681960537185 ], [ -72.947187020682847, 46.014107294155217 ], [ -72.947379214535161, 46.008914293090477 ], [ -72.95392914910849, 46.006433561518811 ] ] ] } },
{ "type": "Feature", "properties": { "hex_id": 631338, "centroid_lon": -72.953162576302915, "centroid_lat": 46.027205627787275, "occurrences_today": 1, "datetimes_today": "2026-07-20 06:17:16", "cumulative_total": 69.0 }, "geometry": { "type": "Polygon", "coordinates": [ [ [ -72.953354298476071, 46.022012619259364 ], [ -72.959714452882636, 46.024724603739742 ], [ -72.95952330817785, 46.029917630395637 ], [ -72.952970801452054, 46.032398630955413 ], [ -72.946610122263763, 46.029686265169595 ], [ -72.946802474565089, 46.02449328019496 ], [ -72.953354298476071, 46.022012619259364 ] ] ] } },
{ "type": "Feature", "properties": { "hex_id": 631339, "centroid_lon": -72.952587093645619, "centroid_lat": 46.042784621211567, "occurrences_today": 1, "datetimes_today": "2026-07-20 06:17:16", "cumulative_total": 69.0 }, "geometry": { "type": "Polygon", "coordinates": [ [ [ -72.952778973905595, 46.037591628763572 ], [ -72.959140861187336, 46.040303667639186 ], [ -72.958949558865896, 46.045496678226478 ], [ -72.952395160654177, 46.047977608299213 ], [ -72.946032748174332, 46.045265187910182 ], [ -72.946225259086361, 46.040072219027387 ], [ -72.952778973905595, 46.037591628763572 ] ] ] } },
{ "type": "Feature", "properties": { "hex_id": 631945, "centroid_lon": -72.948723094652962, "centroid_lat": 45.972563135484364, "occurrences_today": 1, "datetimes_today": "2026-07-20 06:17:16", "cumulative_total": 75.0 }, "geometry": { "type": "Polygon", "coordinates": [ [ [ -72.948914866763445, 45.967370091521104 ], [ -72.955268626870392, 45.970082239234046 ], [ -72.955077430490604, 45.975275301349306 ], [ -72.948531269887368, 45.977756174085989 ], [ -72.942176986713761, 45.975043645737863 ], [ -72.942369387192144, 45.969850625353637 ], [ -72.948914866763445, 45.967370091521104 ] ] ] } },
{ "type": "Feature", "properties": { "hex_id": 631946, "centroid_lon": -72.948147462319426, "centroid_lat": 45.988142235203547, "occurrences_today": 1, "datetimes_today": "2026-07-20 06:17:16", "cumulative_total": 104.0 }, "geometry": { "type": "Polygon", "coordinates": [ [ [ -72.948339392448815, 45.982949207325774 ], [ -72.954694880216167, 45.985661409506022 ], [ -72.95450352628589, 45.990854455547073 ], [ -72.94795547948128, 45.993335257719075 ], [ -72.941599468232525, 45.990622674696056 ], [ -72.941792027251893, 45.985429670409268 ], [ -72.948339392448815, 45.982949207325774 ] ] ] } },
{ "type": "Feature", "properties": { "hex_id": 631947, "centroid_lon": -72.947571355607067, "centroid_lat": 46.003721286662739, "occurrences_today": 1, "datetimes_today": "2026-07-20 06:17:16", "cumulative_total": 69.0 }, "geometry": { "type": "Polygon", "coordinates": [ [ [ -72.947763443916458, 45.998528274872214 ], [ -72.954120660749908, 46.001240531553677 ], [ -72.95392914910849, 46.006433561518811 ], [ -72.947379214535161, 46.008914293090477 ], [ -72.941021473805222, 46.006201655358517 ], [ -72.941214191527166, 46.001008667170886 ], [ -72.947763443916458, 45.998528274872214 ] ] ] } },
{ "type": "Feature", "properties": { "hex_id": 631948, "centroid_lon": -72.946994774032135, "centroid_lat": 46.01930028985678, "occurrences_today": 1, "datetimes_today": "2026-07-20 06:17:16", "cumulative_total": 134.0 }, "geometry": { "type": "Polygon", "coordinates": [ [ [ -72.947187020682847, 46.014107294155217 ], [ -72.95354596798947, 46.01681960537185 ], [ -72.953354298476071, 46.022012619259364 ], [ -72.946802474565089, 46.02449328019496 ], [ -72.940443002946452, 46.021780587720016 ], [ -72.940635879532849, 46.016587615633277 ], [ -72.947187020682847, 46.014107294155217 ] ] ] } },
{ "type": "Feature", "properties": { "hex_id": 631949, "centroid_lon": -72.94641771711018, "centroid_lat": 46.034879244780463, "occurrences_today": 1, "datetimes_today": "2026-07-20 06:17:16", "cumulative_total": 142.0 }, "geometry": { "type": "Polygon", "coordinates": [ [ [ -72.946610122263763, 46.029686265169595 ], [ -72.952970801452054, 46.032398630955413 ], [ -72.952778973905595, 46.037591628763572 ], [ -72.946225259086361, 46.040072219027387 ], [ -72.939864055170176, 46.037359471775289 ], [ -72.940057090783128, 46.032166515791204 ], [ -72.946610122263763, 46.029686265169595 ] ] ] } },
{ "type": "Feature", "properties": { "hex_id": 632555, "centroid_lon": -72.942561734859453, "centroid_lat": 45.964657599604003, "occurrences_today": 1, "datetimes_today": "2026-07-20 06:17:16", "cumulative_total": 42.0 }, "geometry": { "type": "Polygon", "coordinates": [ [ [ -72.942754029733578, 45.959464568489146 ], [ -72.949106586236738, 45.962177042196394 ], [ -72.948914866763445, 45.967370091521104 ], [ -72.942369387192144, 45.969850625353637 ], [ -72.936016308090302, 45.967137771058233 ], [ -72.936209231140495, 45.961944763583851 ], [ -72.942754029733578, 45.959464568489146 ] ] ] } },
{ "type": "Feature", "properties": { "hex_id": 632556, "centroid_lon": -72.941984533406313, "centroid_lat": 45.980236660756454, "occurrences_today": 1, "datetimes_today": "2026-07-20 06:17:16", "cumulative_total": 140.0 }, "geometry": { "type": "Polygon", "coordinates": [ [ [ -72.942176986713761, 45.975043645737863 ], [ -72.948531269887368, 45.977756174085989 ], [ -72.948339392448815, 45.982949207325774 ], [ -72.941792027251893, 45.985429670409268 ], [ -72.935437221065328, 45.982716761265422 ], [ -72.935630303070695, 45.977523769899221 ], [ -72.942176986713761, 45.975043645737863 ] ] ] } },
{ "type": "Feature", "properties": { "hex_id": 632557, "centroid_lon": -72.941406856330275, "centroid_lat": 45.995815673616661, "occurrences_today": 1, "datetimes_today": "2026-07-20 06:17:16", "cumulative_total": 144.0 }, "geometry": { "type": "Polygon", "coordinates": [ [ [ -72.941599468232525, 45.990622674696056 ], [ -72.94795547948128, 45.993335257719075 ], [ -72.947763443916458, 45.998528274872214 ], [ -72.941214191527166, 46.001008667170886 ], [ -72.934857656850824, 45.998295703144471 ], [ -72.935050897973397, 45.993102727888235 ], [ -72.941599468232525, 45.990622674696056 ] ] ] } },
{ "type": "Feature", "properties": { "hex_id": 632558, "centroid_lon": -72.940828703146437, "centroid_lat": 46.011394638179375, "occurrences_today": 1, "datetimes_today": "2026-07-20 06:17:16", "cumulative_total": 140.0 }, "geometry": { "type": "Polygon", "coordinates": [ [ [ -72.941021473805222, 46.006201655358517 ], [ -72.947379214535161, 46.008914293090477 ], [ -72.947187020682847, 46.014107294155217 ], [ -72.940635879532849, 46.016587615633277 ], [ -72.934277614960266, 46.013874596690123 ], [ -72.934471015362291, 46.008681637545614 ], [ -72.941021473805222, 46.006201655358517 ] ] ] } },
{ "type": "Feature", "properties": { "hex_id": 632560, "centroid_lon": -72.939670966512281, "centroid_lat": 46.042552422391438, "occurrences_today": 1, "datetimes_today": "2026-07-20 06:17:16", "cumulative_total": 167.0 }, "geometry": { "type": "Polygon", "coordinates": [ [ [ -72.939864055170176, 46.037359471775289 ], [ -72.946225259086361, 46.040072219027387 ], [ -72.946032748174332, 46.045265187910182 ], [ -72.939477824791453, 46.047745367639465 ], [ -72.933116096201402, 46.0450322387602 ], [ -72.933309815650034, 46.039839311844368 ], [ -72.939864055170176, 46.037359471775289 ] ] ] } },
{ "type": "Feature", "properties": { "hex_id": 633164, "centroid_lon": -72.936980394030002, "centroid_lat": 45.941172679998111, "occurrences_today": 1, "datetimes_today": "2026-07-20 06:17:16", "cumulative_total": 124.0 }, "geometry": { "type": "Polygon", "coordinates": [ [ [ -72.937173052514325, 45.935979645680597 ], [ -72.943522681656432, 45.938692390381341 ], [ -72.943330597775955, 45.943885442955171 ], [ -72.936787682668395, 45.946365708947376 ], [ -72.930437531808678, 45.943652583912929 ], [ -72.930630817756196, 45.938459573285307 ], [ -72.937173052514325, 45.935979645680597 ] ] ] } },
{ "type": "Feature", "properties": { "hex_id": 633165, "centroid_lon": -72.936402101241598, "centroid_lat": 45.956751750740445, "occurrences_today": 1, "datetimes_today": "2026-07-20 06:17:16", "cumulative_total": 245.0 }, "geometry": { "type": "Polygon", "coordinates": [ [ [ -72.936594918411586, 45.951558732528213 ], [ -72.942946271832412, 45.954271532009251 ], [ -72.942754029733578, 45.959464568489146 ], [ -72.936209231140495, 45.961944763583851 ], [ -72.929857355588638, 45.959231583561674 ], [ -72.930050800742904, 45.954038589051301 ], [ -72.936594918411586, 45.951558732528213 ] ] ] } },
{ "type": "Feature", "properties": { "hex_id": 633166, "centroid_lon": -72.935823332073014, "centroid_lat": 45.972330773163428, "occurrences_today": 1, "datetimes_today": "2026-07-20 06:17:16", "cumulative_total": 113.0 }, "geometry": { "type": "Polygon", "coordinates": [ [ [ -72.936016308090302, 45.967137771058233 ], [ -72.942369387192144, 45.969850625353637 ], [ -72.942176986713761, 45.975043645737863 ], [ -72.935630303070695, 45.977523769899221 ], [ -72.929276701424016, 45.974810534855187 ], [ -72.92947030594722, 45.969617556463824 ], [ -72.936016308090302, 45.967137771058233 ] ] ] } },
{ "type": "Feature", "properties": { "hex_id": 633167, "centroid_lon": -72.935244086038892, "centroid_lat": 45.987909747261831, "occurrences_today": 1, "datetimes_today": "2026-07-20 06:17:16", "cumulative_total": 140.0 }, "geometry": { "type": "Polygon", "coordinates": [ [ [ -72.935437221065328, 45.982716761265422 ], [ -72.941792027251893, 45.985429670409268 ], [ -72.941599468232525, 45.990622674696056 ], [ -72.935050897973397, 45.993102727888235 ], [ -72.928695568827834, 45.99038943778811 ], [ -72.928889332882392, 45.985196475517526 ], [ -72.935437221065328, 45.982716761265422 ] ] ] } },
{ "type": "Feature", "properties": { "hex_id": 633168, "centroid_lon": -72.934664362653137, "centroid_lat": 46.003488673030326, "occurrences_today": 1, "datetimes_today": "2026-07-20 06:17:16", "cumulative_total": 140.0 }, "geometry": { "type": "Polygon", "coordinates": [ [ [ -72.934857656850824, 45.998295703144471 ], [ -72.941214191527166, 46.001008667170886 ], [ -72.941021473805222, 46.006201655358517 ], [ -72.934471015362291, 46.008681637545614 ], [ -72.928113957312391, 46.005968292355149 ], [ -72.928307881060931, 46.000775346207114 ], [ -72.934857656850824, 45.998295703144471 ] ] ] } },
{ "type": "Feature", "properties": { "hex_id": 633169, "centroid_lon": -72.934084161428999, "centroid_lat": 46.019067550463689, "occurrences_today": 1, "datetimes_today": "2026-07-20 06:17:16", "cumulative_total": 167.0 }, "geometry": { "type": "Polygon", "coordinates": [ [ [ -72.934277614960266, 46.013874596690123 ], [ -72.940635879532849, 46.016587615633277 ], [ -72.940443002946452, 46.021780587720016 ], [ -72.9338906547504, 46.024260498866063 ], [ -72.927531866389302, 46.021547098550997 ], [ -72.927725949994695, 46.016354168527293 ], [ -72.934277614960266, 46.013874596690123 ] ] ] } },
{ "type": "Feature", "properties": { "hex_id": 633774, "centroid_lon": -72.930824050670793, "centroid_lat": 45.933266557285663, "occurrences_today": 1, "datetimes_today": "2026-07-20 06:17:16", "cumulative_total": 133.0 }, "geometry": { "type": "Polygon", "coordinates": [ [ [ -72.931017230570461, 45.928073535914208 ], [ -72.937365658139313, 45.930786605995053 ], [ -72.937173052514325, 45.935979645680597 ], [ -72.930630817756196, 45.938459573285307 ], [ -72.924281868936603, 45.935746122917777 ], [ -72.924475676107875, 45.930553125297521 ], [ -72.931017230570461, 45.928073535914208 ] ] ] } },
{ "type": "Feature", "properties": { "hex_id": 633775, "centroid_lon": -72.93024419281025, "centroid_lat": 45.948845589168322, "occurrences_today": 1, "datetimes_today": "2026-07-20 06:17:16", "cumulative_total": 116.0 }, "geometry": { "type": "Polygon", "coordinates": [ [ [ -72.930437531808678, 45.943652583912929 ], [ -72.936787682668395, 45.946365708947376 ], [ -72.936594918411586, 45.951558732528213 ], [ -72.930050800742904, 45.954038589051301 ], [ -72.923700128219494, 45.951325083522846 ], [ -72.923894095010453, 45.946132102030639 ], [ -72.930437531808678, 45.943652583912929 ] ] ] } },
{ "type": "Feature", "properties": { "hex_id": 633776, "centroid_lon": -72.929663857329416, "centroid_lat": 45.964424572699251, "occurrences_today": 1, "datetimes_today": "2026-07-20 06:17:16", "cumulative_total": 113.0 }, "geometry": { "type": "Polygon", "coordinates": [ [ [ -72.929857355588638, 45.959231583561674 ], [ -72.936209231140495, 45.961944763583851 ], [ -72.936016308090302, 45.967137771058233 ], [ -72.92947030594722, 45.969617556463824 ], [ -72.923117908318346, 45.966903995740147 ], [ -72.923312034891524, 45.961711030377799 ], [ -72.929857355588638, 45.959231583561674 ] ] ] } },
{ "type": "Feature", "properties": { "hex_id": 633777, "centroid_lon": -72.929083043741755, "centroid_lat": 45.98000350787315, "occurrences_today": 1, "datetimes_today": "2026-07-20 06:17:16", "cumulative_total": 129.0 }, "geometry": { "type": "Polygon", "coordinates": [ [ [ -72.929276701424016, 45.974810534855187 ], [ -72.935630303070695, 45.977523769899221 ], [ -72.935437221065328, 45.982716761265422 ], [ -72.928889332882392, 45.985196475517526 ], [ -72.922535208744961, 45.982482859564378 ], [ -72.922729495263155, 45.977289910333646 ], [ -72.929276701424016, 45.974810534855187 ] ] ] } },
{ "type": "Feature", "properties": { "hex_id": 633778, "centroid_lon": -72.928501751560034, "centroid_lat": 45.99558239468471, "occurrences_today": 1, "datetimes_today": "2026-07-20 06:17:16", "cumulative_total": 167.0 }, "geometry": { "type": "Polygon", "coordinates": [ [ [ -72.928695568827834, 45.99038943778811 ], [ -72.935050897973397, 45.993102727888235 ], [ -72.934857656850824, 45.998295703144471 ], [ -72.928307881060931, 46.000775346207114 ], [ -72.921952029010512, 45.998061674990133 ], [ -72.922146475636765, 45.992868741892806 ], [ -72.928695568827834, 45.99038943778811 ] ] ] } },
{ "type": "Feature", "properties": { "hex_id": 633779, "centroid_lon": -72.927919980296352, "centroid_lat": 46.011161233128604, "occurrences_today": 1, "datetimes_today": "2026-07-20 06:17:16", "cumulative_total": 167.0 }, "geometry": { "type": "Polygon", "coordinates": [ [ [ -72.928113957312391, 46.005968292355149 ], [ -72.934471015362291, 46.008681637545614 ], [ -72.934277614960266, 46.013874596690123 ], [ -72.927725949994695, 46.016354168527293 ], [ -72.921368368625437, 46.013640442012111 ], [ -72.921562975523003, 46.008447525049988 ], [ -72.928113957312391, 46.005968292355149 ] ] ] } },
{ "type": "Feature", "properties": { "hex_id": 634384, "centroid_lon": -72.924669430108708, "centroid_lat": 45.925360122301647, "occurrences_today": 1, "datetimes_today": "2026-07-20 06:17:16", "cumulative_total": 119.0 }, "geometry": { "type": "Polygon", "coordinates": [ [ [ -72.924863130957092, 45.920167113930333 ], [ -72.931210357473176, 45.922880509171122 ], [ -72.931017230570461, 45.928073535914208 ], [ -72.924475676107875, 45.930553125297521 ], [ -72.918127928807579, 45.927839349817148 ], [ -72.918322256736047, 45.922646365258338 ], [ -72.924863130957092, 45.920167113930333 ] ] ] } },
{ "type": "Feature", "properties": { "hex_id": 634385, "centroid_lon": -72.924088008576803, "centroid_lat": 45.940939115162223, "occurrences_today": 1, "datetimes_today": "2026-07-20 06:17:16", "cumulative_total": 119.0 }, "geometry": { "type": "Polygon", "coordinates": [ [ [ -72.924281868936603, 45.935746122917777 ], [ -72.930630817756196, 45.938459573285307 ], [ -72.930437531808678, 45.943652583912929 ], [ -72.923894095010453, 45.946132102030639 ], [ -72.91754462499415, 45.943418271216196 ], [ -72.91773911295472, 45.938225302796276 ], [ -72.924281868936603, 45.935746122917777 ] ] ] } },
{ "type": "Feature", "properties": { "hex_id": 634386, "centroid_lon": -72.923506108185876, "centroid_lat": 45.956518059638633, "occurrences_today": 1, "datetimes_today": "2026-07-20 06:17:16", "cumulative_total": 246.0 }, "geometry": { "type": "Polygon", "coordinates": [ [ [ -72.923700128219494, 45.951325083522846 ], [ -72.930050800742904, 45.954038589051301 ], [ -72.929857355588638, 45.959231583561674 ], [ -72.923312034891524, 45.961711030377799 ], [ -72.916960840758534, 45.958997144194939 ], [ -72.917155488914176, 45.953804191915722 ], [ -72.923700128219494, 45.951325083522846 ] ] ] } },
{ "type": "Feature", "properties": { "hex_id": 634387, "centroid_lon": -72.922923728448254, "centroid_lat": 45.972096955725497, "occurrences_today": 1, "datetimes_today": "2026-07-20 06:17:16", "cumulative_total": 144.0 }, "geometry": { "type": "Polygon", "coordinates": [ [ [ -72.923117908318346, 45.966903995740147 ], [ -72.92947030594722, 45.969617556463824 ], [ -72.929276701424016, 45.974810534855187 ], [ -72.922729495263155, 45.977289910333646 ], [ -72.916376575611451, 45.974575968748013 ], [ -72.916571384125319, 45.969383032611276 ], [ -72.923117908318346, 45.966903995740147 ] ] ] } },
{ "type": "Feature", "properties": { "hex_id": 634388, "centroid_lon": -72.922340868875537, "centroid_lat": 45.987675803417517, "occurrences_today": 1, "datetimes_today": "2026-07-20 06:17:16", "cumulative_total": 156.0 }, "geometry": { "type": "Polygon", "coordinates": [ [ [ -72.922535208744961, 45.982482859564378 ], [ -72.928889332882392, 45.985196475517526 ], [ -72.928695568827834, 45.99038943778811 ], [ -72.922146475636765, 45.992868741892806 ], [ -72.915791829062883, 45.99015474486999 ], [ -72.915986798098388, 45.984961824877558 ], [ -72.922535208744961, 45.982482859564378 ] ] ] } },
{ "type": "Feature", "properties": { "hex_id": 634389, "centroid_lon": -72.921757528978645, "centroid_lat": 46.003254602709262, "occurrences_today": 1, "datetimes_today": "2026-07-20 06:17:16", "cumulative_total": 167.0 }, "geometry": { "type": "Polygon", "coordinates": [ [ [ -72.921952029010512, 45.998061674990133 ], [ -72.928307881060931, 46.000775346207114 ], [ -72.928113957312391, 46.005968292355149 ], [ -72.921562975523003, 46.008447525049988 ], [ -72.915206600622099, 46.005733472555512 ], [ -72.915401730342921, 46.00054056870917 ], [ -72.921952029010512, 45.998061674990133 ] ] ] } },
{ "type": "Feature", "properties": { "hex_id": 634995, "centroid_lon": -72.917933547553162, "centroid_lat": 45.933032328996532, "occurrences_today": 1, "datetimes_today": "2026-07-20 06:17:16", "cumulative_total": 155.0 }, "geometry": { "type": "Polygon", "coordinates": [ [ [ -72.918127928807579, 45.927839349817148 ], [ -72.924475676107875, 45.930553125297521 ], [ -72.924281868936603, 45.935746122917777 ], [ -72.91773911295472, 45.938225302796276 ], [ -72.91139084492437, 45.935511146916113 ], [ -72.911585853587852, 45.930318191622547 ], [ -72.918127928807579, 45.927839349817148 ] ] ] } },
{ "type": "Feature", "properties": { "hex_id": 634996, "centroid_lon": -72.917350083653332, "centroid_lat": 45.94861123425607, "occurrences_today": 1, "datetimes_today": "2026-07-20 06:17:16", "cumulative_total": 129.0 }, "geometry": { "type": "Polygon", "coordinates": [ [ [ -72.91754462499415, 45.943418271216196 ], [ -72.923894095010453, 45.946132102030639 ], [ -72.923700128219494, 45.951325083522846 ], [ -72.917155488914176, 45.953804191915722 ], [ -72.910805497755405, 45.951089980494075 ], [ -72.911000667026315, 45.945897041352076 ], [ -72.91754462499415, 45.943418271216196 ] ] ] } },
{ "type": "Feature", "properties": { "hex_id": 634997, "centroid_lon": -72.916766139168303, "centroid_lat": 45.964190091093528, "occurrences_today": 1, "datetimes_today": "2026-07-20 06:17:16", "cumulative_total": 144.0 }, "geometry": { "type": "Polygon", "coordinates": [ [ [ -72.916960840758534, 45.958997144194939 ], [ -72.923312034891524, 45.961711030377799 ], [ -72.923117908318346, 45.966903995740147 ], [ -72.916571384125319, 45.969383032611276 ], [ -72.910219668437094, 45.966668765613676 ], [ -72.910414998478984, 45.961475842625063 ], [ -72.916960840758534, 45.958997144194939 ] ] ] } },
{ "type": "Feature", "properties": { "hex_id": 634998, "centroid_lon": -72.916181713608523, "centroid_lat": 45.979768899503497, "occurrences_today": 1, "datetimes_today": "2026-07-20 06:17:16", "cumulative_total": 144.0 }, "geometry": { "type": "Polygon", "coordinates": [ [ [ -72.916376575611451, 45.974575968748013 ], [ -72.922729495263155, 45.977289910333646 ], [ -72.922535208744961, 45.982482859564378 ], [ -72.915986798098388, 45.984961824877558 ], [ -72.909633356478267, 45.982247502269509 ], [ -72.909828847454961, 45.977054595436087 ], [ -72.916376575611451, 45.974575968748013 ] ] ] } },
{ "type": "Feature", "properties": { "hex_id": 634999, "centroid_lon": -72.915596806483777, "centroid_lat": 45.995347659480586, "occurrences_today": 1, "datetimes_today": "2026-07-20 06:17:16", "cumulative_total": 160.0 }, "geometry": { "type": "Polygon", "coordinates": [ [ [ -72.915791829062883, 45.99015474486999 ], [ -72.922146475636765, 45.992868741892806 ], [ -72.921952029010512, 45.998061674990133 ], [ -72.915401730342921, 46.00054056870917 ], [ -72.909046561387044, 45.997826190456131 ], [ -72.909242213462562, 45.992633299779719 ], [ -72.915791829062883, 45.99015474486999 ] ] ] } },
{ "type": "Feature", "properties": { "hex_id": 635000, "centroid_lon": -72.915011417303091, "centroid_lat": 46.01092637101943, "occurrences_today": 1, "datetimes_today": "2026-07-20 06:17:16", "cumulative_total": 223.0 }, "geometry": { "type": "Polygon", "coordinates": [ [ [ -72.915206600622099, 46.005733472555512 ], [ -72.921562975523003, 46.008447525049988 ], [ -72.921368368625437, 46.013640442012111 ], [ -72.914816180367723, 46.016119264100716 ], [ -72.908459282670876, 46.013404830168113 ], [ -72.908655096009483, 46.008211955650538 ], [ -72.915206600622099, 46.005733472555512 ] ] ] } },
{ "type": "Feature", "properties": { "hex_id": 635606, "centroid_lon": -72.911195782743249, "centroid_lat": 45.940704096826025, "occurrences_today": 1, "datetimes_today": "2026-07-20 06:17:16", "cumulative_total": 203.0 }, "geometry": { "type": "Polygon", "coordinates": [ [ [ -72.91139084492437, 45.935511146916113 ], [ -72.91773911295472, 45.938225302796276 ], [ -72.91754462499415, 45.943418271216196 ], [ -72.911000667026315, 45.945897041352076 ], [ -72.904651878320308, 45.943182504911888 ], [ -72.904847568239632, 45.937989578961158 ], [ -72.91139084492437, 45.935511146916113 ] ] ] } },
{ "type": "Feature", "properties": { "hex_id": 635607, "centroid_lon": -72.910610274912358, "centroid_lat": 45.956282914251808, "occurrences_today": 1, "datetimes_today": "2026-07-20 06:17:16", "cumulative_total": 144.0 }, "geometry": { "type": "Polygon", "coordinates": [ [ [ -72.910805497755405, 45.951089980494075 ], [ -72.917155488914176, 45.953804191915722 ], [ -72.916960840758534, 45.958997144194939 ], [ -72.910414998478984, 45.961475842625063 ], [ -72.904064486232244, 45.958761250435863 ], [ -72.904260337334847, 45.953568340649433 ], [ -72.910805497755405, 45.951089980494075 ] ] ] } },
{ "type": "Feature", "properties": { "hex_id": 635608, "centroid_lon": -72.910024284768483, "centroid_lat": 45.971861683217405, "occurrences_today": 1, "datetimes_today": "2026-07-20 06:17:16", "cumulative_total": 155.0 }, "geometry": { "type": "Polygon", "coordinates": [ [ [ -72.910219668437094, 45.966668765613676 ], [ -72.916571384125319, 45.969383032611276 ], [ -72.916376575611451, 45.974575968748013 ], [ -72.909828847454961, 45.977054595436087 ], [ -72.903476610266011, 45.974339947463307 ], [ -72.903672622716073, 45.969147053843002 ], [ -72.910219668437094, 45.966668765613676 ] ] ] } },
{ "type": "Feature", "properties": { "hex_id": 635609, "centroid_lon": -72.909437811820212, "centroid_lat": 45.987440403717457, "occurrences_today": 1, "datetimes_today": "2026-07-20 06:17:16", "cumulative_total": 144.0 }, "geometry": { "type": "Polygon", "coordinates": [ [ [ -72.909633356478267, 45.982247502269509 ], [ -72.915986798098388, 45.984961824877558 ], [ -72.915791829062883, 45.99015474486999 ], [ -72.909242213462562, 45.992633299779719 ], [ -72.902888249928623, 45.98991859598874 ], [ -72.903084423890562, 45.984725718536374 ], [ -72.909633356478267, 45.982247502269509 ] ] ] } },
{ "type": "Feature", "properties": { "hex_id": 635610, "centroid_lon": -72.908850855575452, "centroid_lat": 46.003019075746465, "occurrences_today": 1, "datetimes_today": "2026-07-20 06:17:16", "cumulative_total": 189.0 }, "geometry": { "type": "Polygon", "coordinates": [ [ [ -72.909046561387044, 45.997826190456131 ], [ -72.915401730342921, 46.00054056870917 ], [ -72.915206600622099, 46.005733472555512 ], [ -72.908655096009483, 46.008211955650538 ], [ -72.902299404726321, 46.005497196006679 ], [ -72.902495740364799, 46.000304334724092 ], [ -72.909046561387044, 45.997826190456131 ] ] ] } },
{ "type": "Feature", "properties": { "hex_id": 635611, "centroid_lon": -72.90826341554137, "centroid_lat": 46.018597699299043, "occurrences_today": 1, "datetimes_today": "2026-07-20 06:17:16", "cumulative_total": 223.0 }, "geometry": { "type": "Polygon", "coordinates": [ [ [ -72.908459282670876, 46.013404830168113 ], [ -72.914816180367723, 46.016119264100716 ], [ -72.914620889797703, 46.021312151799179 ], [ -72.908067494602662, 46.023790563043072 ], [ -72.901710074164669, 46.021075747511688 ], [ -72.901906571644574, 46.015882902400683 ], [ -72.908459282670876, 46.013404830168113 ] ] ] } },
{ "type": "Feature", "properties": { "hex_id": 636218, "centroid_lon": -72.903868581365401, "centroid_lat": 45.963954154833793, "occurrences_today": 1, "datetimes_today": "2026-07-20 06:17:16", "cumulative_total": 144.0 }, "geometry": { "type": "Polygon", "coordinates": [ [ [ -72.904064486232244, 45.958761250435863 ], [ -72.910414998478984, 45.961475842625063 ], [ -72.910219668437094, 45.966668765613676 ], [ -72.903672622716073, 45.969147053843002 ], [ -72.897321589436004, 45.966432080725916 ], [ -72.897518122892009, 45.961239200372752 ], [ -72.904064486232244, 45.958761250435863 ] ] ] } },
{ "type": "Feature", "properties": { "hex_id": 636219, "centroid_lon": -72.903280543996928, "centroid_lat": 45.979532835694499, "occurrences_today": 1, "datetimes_today": "2026-07-20 06:17:16", "cumulative_total": 144.0 }, "geometry": { "type": "Polygon", "coordinates": [ [ [ -72.903476610266011, 45.974339947463307 ], [ -72.909828847454961, 45.977054595436087 ], [ -72.909633356478267, 45.982247502269509 ], [ -72.903084423890562, 45.984725718536374 ], [ -72.896731665255672, 45.982010689427987 ], [ -72.896928360636153, 45.97681782525374 ], [ -72.903476610266011, 45.974339947463307 ] ] ] } },
{ "type": "Feature", "properties": { "hex_id": 636220, "centroid_lon": -72.902692022092793, "centroid_lat": 45.99511146805137, "occurrences_today": 1, "datetimes_today": "2026-07-20 06:17:16", "cumulative_total": 144.0 }, "geometry": { "type": "Polygon", "coordinates": [ [ [ -72.902888249928623, 45.98991859598874 ], [ -72.909242213462562, 45.992633299779719 ], [ -72.909046561387044, 45.997826190456131 ], [ -72.902495740364799, 46.000304334724092 ], [ -72.89614125497188, 45.997589249589659 ], [ -72.896338112441882, 45.992396401596153 ], [ -72.902888249928623, 45.98991859598874 ] ] ] } },
{ "type": "Feature", "properties": { "hex_id": 365120, "centroid_lon": -75.761616898353552, "centroid_lat": 45.419406708073119, "occurrences_today": 92, "datetimes_today": "2026-07-20 00:01:50, 2026-07-20 00:17:35, 2026-07-20 00:31:39, 2026-07-20 00:46:59, 2026-07-20 01:01:38, 2026-07-20 01:16:48, 2026-07-20 01:32:07, 2026-07-20 01:46:40, 2026-07-20 02:01:44, 2026-07-20 02:16:41, 2026-07-20 02:31:46, 2026-07-20 02:46:43, 2026-07-20 03:01:45, 2026-07-20 03:16:47, 2026-07-20 03:32:07, 2026-07-20 03:46:50, 2026-07-20 04:01:51, 2026-07-20 04:16:39, 2026-07-20 04:31:59, 2026-07-20 04:46:38, 2026-07-20 05:02:03, 2026-07-20 05:17:31, 2026-07-20 05:31:42, 2026-07-20 05:46:02, 2026-07-20 06:02:01, 2026-07-20 06:17:16, 2026-07-20 06:31:48, 2026-07-20 06:47:06, 2026-07-20 07:01:54, 2026-07-20 07:16:40, 2026-07-20 07:31:42, 2026-07-20 07:46:56, 2026-07-20 08:01:45, 2026-07-20 08:17:07, 2026-07-20 08:31:59, 2026-07-20 08:46:51, 2026-07-20 09:02:15, 2026-07-20 09:16:57, 2026-07-20 09:33:05, 2026-07-20 09:46:49, 2026-07-20 10:02:26, 2026-07-20 10:17:29, 2026-07-20 10:31:41, 2026-07-20 10:48:08, 2026-07-20 11:01:51, 2026-07-20 11:16:42, 2026-07-20 11:32:00, 2026-07-20 11:46:41, 2026-07-20 12:01:57, 2026-07-20 12:15:28, 2026-07-20 12:32:32, 2026-07-20 12:46:50, 2026-07-20 13:01:53, 2026-07-20 13:16:47, 2026-07-20 13:31:40, 2026-07-20 13:46:54, 2026-07-20 14:02:15, 2026-07-20 14:17:28, 2026-07-20 14:46:49, 2026-07-20 15:01:55, 2026-07-20 15:16:49, 2026-07-20 15:31:41, 2026-07-20 15:46:54, 2026-07-20 16:01:51, 2026-07-20 16:16:53, 2026-07-20 16:31:38, 2026-07-20 16:47:01, 2026-07-20 17:02:05, 2026-07-20 17:16:42, 2026-07-20 17:32:10, 2026-07-20 17:47:08, 2026-07-20 18:01:38, 2026-07-20 18:16:44, 2026-07-20 18:31:38, 2026-07-20 19:01:54, 2026-07-20 19:16:40, 2026-07-20 19:31:51, 2026-07-20 20:01:49, 2026-07-20 20:16:43, 2026-07-20 20:32:02, 2026-07-20 20:47:06, 2026-07-20 21:02:18, 2026-07-20 21:32:06, 2026-07-20 21:47:02, 2026-07-20 22:02:15, 2026-07-20 22:17:36, 2026-07-20 22:32:01, 2026-07-20 22:47:10, 2026-07-20 23:02:22, 2026-07-20 23:16:40, 2026-07-20 23:32:15, 2026-07-20 23:46:40", "cumulative_total": 375.0 }, "geometry": { "type": "Polygon", "coordinates": [ [ [ -75.761547042391513, 45.414210283782893 ], [ -75.767971843742799, 45.416765711260659 ], [ -75.768042295285071, 45.421962125424606 ], [ -75.76168677337715, 45.424603127531164 ], [ -75.755261357380917, 45.422047353894406 ], [ -75.755192077943917, 45.416850924374472 ], [ -75.761547042391513, 45.414210283782893 ] ] ] } },
{ "type": "Feature", "properties": { "hex_id": 807801, "centroid_lon": -71.057820861435147, "centroid_lat": 46.421811984813573, "occurrences_today": 67, "datetimes_today": "2026-07-20 06:17:16, 2026-07-20 06:31:48, 2026-07-20 06:47:06, 2026-07-20 07:01:54, 2026-07-20 07:16:40, 2026-07-20 07:31:42, 2026-07-20 07:46:56, 2026-07-20 08:01:45, 2026-07-20 08:17:07, 2026-07-20 08:31:59, 2026-07-20 08:46:51, 2026-07-20 09:02:15, 2026-07-20 09:16:57, 2026-07-20 09:33:05, 2026-07-20 09:46:49, 2026-07-20 10:02:26, 2026-07-20 10:17:29, 2026-07-20 10:31:41, 2026-07-20 10:48:08, 2026-07-20 11:01:51, 2026-07-20 11:16:42, 2026-07-20 11:32:00, 2026-07-20 11:46:41, 2026-07-20 12:01:57, 2026-07-20 12:15:28, 2026-07-20 12:32:32, 2026-07-20 12:46:50, 2026-07-20 13:01:53, 2026-07-20 13:16:47, 2026-07-20 13:31:40, 2026-07-20 13:46:54, 2026-07-20 14:02:15, 2026-07-20 14:17:28, 2026-07-20 14:46:49, 2026-07-20 15:01:55, 2026-07-20 15:16:49, 2026-07-20 15:31:41, 2026-07-20 15:46:54, 2026-07-20 16:01:51, 2026-07-20 16:16:53, 2026-07-20 16:31:38, 2026-07-20 16:47:01, 2026-07-20 17:02:05, 2026-07-20 17:16:42, 2026-07-20 17:32:10, 2026-07-20 17:47:08, 2026-07-20 18:01:38, 2026-07-20 18:16:44, 2026-07-20 18:31:38, 2026-07-20 19:01:54, 2026-07-20 19:16:40, 2026-07-20 19:31:51, 2026-07-20 20:01:49, 2026-07-20 20:16:43, 2026-07-20 20:32:02, 2026-07-20 20:47:06, 2026-07-20 21:02:18, 2026-07-20 21:32:06, 2026-07-20 21:47:02, 2026-07-20 22:02:15, 2026-07-20 22:17:36, 2026-07-20 22:32:01, 2026-07-20 22:47:10, 2026-07-20 23:02:22, 2026-07-20 23:16:40, 2026-07-20 23:32:15, 2026-07-20 23:46:40", "cumulative_total": 102.0 }, "geometry": { "type": "Polygon", "coordinates": [ [ [ -71.058195018165705, 46.416628327750935 ], [ -71.064499140671472, 46.419444066976737 ], [ -71.064125544687826, 46.424627760811674 ], [ -71.057446601558979, 46.426995634826696 ], [ -71.051142021469587, 46.424179492922633 ], [ -71.051516842057339, 46.418995879747428 ], [ -71.058195018165705, 46.416628327750935 ] ] ] } },
{ "type": "Feature", "properties": { "hex_id": 809022, "centroid_lon": -71.044838105405034, "centroid_lat": 46.421363021996555, "occurrences_today": 67, "datetimes_today": "2026-07-20 06:17:16, 2026-07-20 06:31:48, 2026-07-20 06:47:06, 2026-07-20 07:01:54, 2026-07-20 07:16:40, 2026-07-20 07:31:42, 2026-07-20 07:46:56, 2026-07-20 08:01:45, 2026-07-20 08:17:07, 2026-07-20 08:31:59, 2026-07-20 08:46:51, 2026-07-20 09:02:15, 2026-07-20 09:16:57, 2026-07-20 09:33:05, 2026-07-20 09:46:49, 2026-07-20 10:02:26, 2026-07-20 10:17:29, 2026-07-20 10:31:41, 2026-07-20 10:48:08, 2026-07-20 11:01:51, 2026-07-20 11:16:42, 2026-07-20 11:32:00, 2026-07-20 11:46:41, 2026-07-20 12:01:57, 2026-07-20 12:15:28, 2026-07-20 12:32:32, 2026-07-20 12:46:50, 2026-07-20 13:01:53, 2026-07-20 13:16:47, 2026-07-20 13:31:40, 2026-07-20 13:46:54, 2026-07-20 14:02:15, 2026-07-20 14:17:28, 2026-07-20 14:46:49, 2026-07-20 15:01:55, 2026-07-20 15:16:49, 2026-07-20 15:31:41, 2026-07-20 15:46:54, 2026-07-20 16:01:51, 2026-07-20 16:16:53, 2026-07-20 16:31:38, 2026-07-20 16:47:01, 2026-07-20 17:02:05, 2026-07-20 17:16:42, 2026-07-20 17:32:10, 2026-07-20 17:47:08, 2026-07-20 18:01:38, 2026-07-20 18:16:44, 2026-07-20 18:31:38, 2026-07-20 19:01:54, 2026-07-20 19:16:40, 2026-07-20 19:31:51, 2026-07-20 20:01:49, 2026-07-20 20:16:43, 2026-07-20 20:32:02, 2026-07-20 20:47:06, 2026-07-20 21:02:18, 2026-07-20 21:32:06, 2026-07-20 21:47:02, 2026-07-20 22:02:15, 2026-07-20 22:17:36, 2026-07-20 22:32:01, 2026-07-20 22:47:10, 2026-07-20 23:02:22, 2026-07-20 23:16:40, 2026-07-20 23:32:15, 2026-07-20 23:46:40", "cumulative_total": 104.0 }, "geometry": { "type": "Polygon", "coordinates": [ [ [ -71.045213486518989, 46.416179445717702 ], [ -71.051516842057339, 46.418995879747428 ], [ -71.051142021469587, 46.424179492922633 ], [ -71.044462620810165, 46.426546591210716 ], [ -71.038158808244262, 46.423729754405144 ], [ -71.038534853329878, 46.418546222152969 ], [ -71.045213486518989, 46.416179445717702 ] ] ] } },
{ "type": "Feature", "properties": { "hex_id": 1187183, "centroid_lon": -66.391061133588025, "centroid_lat": 50.244816209961336, "occurrences_today": 74, "datetimes_today": "2026-07-20 04:31:59, 2026-07-20 04:46:38, 2026-07-20 05:02:03, 2026-07-20 05:17:31, 2026-07-20 05:31:42, 2026-07-20 05:46:02, 2026-07-20 06:02:01, 2026-07-20 06:17:16, 2026-07-20 06:31:48, 2026-07-20 06:47:06, 2026-07-20 07:01:54, 2026-07-20 07:16:40, 2026-07-20 07:31:42, 2026-07-20 07:46:56, 2026-07-20 08:01:45, 2026-07-20 08:17:07, 2026-07-20 08:31:59, 2026-07-20 08:46:51, 2026-07-20 09:02:15, 2026-07-20 09:16:57, 2026-07-20 09:33:05, 2026-07-20 09:46:49, 2026-07-20 10:02:26, 2026-07-20 10:17:29, 2026-07-20 10:31:41, 2026-07-20 10:48:08, 2026-07-20 11:01:51, 2026-07-20 11:16:42, 2026-07-20 11:32:00, 2026-07-20 11:46:41, 2026-07-20 12:01:57, 2026-07-20 12:15:28, 2026-07-20 12:32:32, 2026-07-20 12:46:50, 2026-07-20 13:01:53, 2026-07-20 13:16:47, 2026-07-20 13:31:40, 2026-07-20 13:46:54, 2026-07-20 14:02:15, 2026-07-20 14:17:28, 2026-07-20 14:46:49, 2026-07-20 15:01:55, 2026-07-20 15:16:49, 2026-07-20 15:31:41, 2026-07-20 15:46:54, 2026-07-20 16:01:51, 2026-07-20 16:16:53, 2026-07-20 16:31:38, 2026-07-20 16:47:01, 2026-07-20 17:02:05, 2026-07-20 17:16:42, 2026-07-20 17:32:10, 2026-07-20 17:47:08, 2026-07-20 18:01:38, 2026-07-20 18:16:44, 2026-07-20 18:31:38, 2026-07-20 19:01:54, 2026-07-20 19:16:40, 2026-07-20 19:31:51, 2026-07-20 20:01:49, 2026-07-20 20:16:43, 2026-07-20 20:32:02, 2026-07-20 20:47:06, 2026-07-20 21:02:18, 2026-07-20 21:32:06, 2026-07-20 21:47:02, 2026-07-20 22:02:15, 2026-07-20 22:17:36, 2026-07-20 22:32:01, 2026-07-20 22:47:10, 2026-07-20 23:02:22, 2026-07-20 23:16:40, 2026-07-20 23:32:15, 2026-07-20 23:46:40", "cumulative_total": 119.0 }, "geometry": { "type": "Polygon", "coordinates": [ [ [ -66.391992827722589, 50.239682271341685 ], [ -66.398460033086081, 50.242766488939722 ], [ -66.397528931905327, 50.247900512633485 ], [ -66.390129169801838, 50.249950131394051 ], [ -66.383661641186691, 50.24686542318377 ], [ -66.384594197825606, 50.24173158689613 ], [ -66.391992827722589, 50.239682271341685 ] ] ] } },
{ "type": "Feature", "properties": { "hex_id": 738162, "centroid_lon": -71.835996151783718, "centroid_lat": 45.791254185104933, "occurrences_today": 6, "datetimes_today": "2026-07-20 00:01:50, 2026-07-20 00:17:35, 2026-07-20 00:31:39, 2026-07-20 00:46:59, 2026-07-20 01:01:38, 2026-07-20 01:16:48", "cumulative_total": 211.0 }, "geometry": { "type": "Polygon", "coordinates": [ [ [ -71.836290001790701, 45.786065574025692 ], [ -71.842566101617123, 45.788837733358058 ], [ -71.842272805611046, 45.794026373347698 ], [ -71.835702221347134, 45.796442789982642 ], [ -71.829425647962978, 45.793670242696365 ], [ -71.829720132373353, 45.788481666793608 ], [ -71.836290001790701, 45.786065574025692 ] ] ] } },
{ "type": "Feature", "properties": { "hex_id": 374963, "centroid_lon": -75.673410674969105, "centroid_lat": 46.589141645965434, "occurrences_today": 5, "datetimes_today": "2026-07-20 00:01:50, 2026-07-20 00:17:35, 2026-07-20 00:31:39, 2026-07-20 00:46:59, 2026-07-20 01:01:38", "cumulative_total": 145.0 }, "geometry": { "type": "Polygon", "coordinates": [ [ [ -75.673346337488695, 46.583946189468207 ], [ -75.679904604408605, 46.586505317721937 ], [ -75.679969574297843, 46.591700764849946 ], [ -75.67347503026572, 46.594337097654005 ], [ -75.666916113117722, 46.591777607648467 ], [ -75.666852390236087, 46.58658214665784 ], [ -75.673346337488695, 46.583946189468207 ] ] ] } },
{ "type": "Feature", "properties": { "hex_id": 376184, "centroid_lon": -75.660357810741104, "centroid_lat": 46.589217737251147, "occurrences_today": 5, "datetimes_today": "2026-07-20 00:01:50, 2026-07-20 00:17:35, 2026-07-20 00:31:39, 2026-07-20 00:46:59, 2026-07-20 01:01:38", "cumulative_total": 19.0 }, "geometry": { "type": "Polygon", "coordinates": [ [ [ -75.660294720104915, 46.584022267026924 ], [ -75.666852390236087, 46.58658214665784 ], [ -75.666916113117722, 46.591777607648467 ], [ -75.660420918848303, 46.594413202669308 ], [ -75.653862598997705, 46.591852961146436 ], [ -75.653800123141977, 46.58665748656184 ], [ -75.660294720104915, 46.584022267026924 ] ] ] } },
{ "type": "Feature", "properties": { "hex_id": 374964, "centroid_lon": -75.673603794332124, "centroid_lat": 46.60472798660529, "occurrences_today": 5, "datetimes_today": "2026-07-20 00:01:50, 2026-07-20 00:17:35, 2026-07-20 00:31:39, 2026-07-20 00:46:59, 2026-07-20 01:01:38", "cumulative_total": 144.0 }, "geometry": { "type": "Polygon", "coordinates": [ [ [ -75.673539403384666, 46.599532544533936 ], [ -75.680099568058239, 46.602091644676108 ], [ -75.680164591941818, 46.607287077374323 ], [ -75.673668203114232, 46.609923423868075 ], [ -75.667107387666775, 46.607363961776457 ], [ -75.667043611826955, 46.602168515207737 ], [ -75.673539403384666, 46.599532544533936 ] ] ] } },
{ "type": "Feature", "properties": { "hex_id": 375574, "centroid_lon": -75.666979853645969, "centroid_lat": 46.596973063831747, "occurrences_today": 5, "datetimes_today": "2026-07-20 00:01:50, 2026-07-20 00:17:35, 2026-07-20 00:31:39, 2026-07-20 00:46:59, 2026-07-20 01:01:38", "cumulative_total": 144.0 }, "geometry": { "type": "Polygon", "coordinates": [ [ [ -75.666916113117722, 46.591777607648467 ], [ -75.67347503026572, 46.594337097654005 ], [ -75.673539403384666, 46.599532544533936 ], [ -75.667043611826955, 46.602168515207737 ], [ -75.660484044432479, 46.599608663281437 ], [ -75.660420918848303, 46.594413202669308 ], [ -75.666916113117722, 46.591777607648467 ] ] ] } },
{ "type": "Feature", "properties": { "hex_id": 375575, "centroid_lon": -75.667171181171526, "centroid_lat": 46.612559403537922, "occurrences_today": 5, "datetimes_today": "2026-07-20 00:01:50, 2026-07-20 00:17:35, 2026-07-20 00:31:39, 2026-07-20 00:46:59, 2026-07-20 01:01:38", "cumulative_total": 50.0 }, "geometry": { "type": "Polygon", "coordinates": [ [ [ -75.667107387666775, 46.607363961776457 ], [ -75.673668203114232, 46.609923423868075 ], [ -75.673732629737174, 46.615118856322312 ], [ -75.667234992347318, 46.617754840492175 ], [ -75.660673526107573, 46.615195016282058 ], [ -75.660610348056082, 46.609999570087794 ], [ -75.667107387666775, 46.607363961776457 ] ] ] } },
{ "type": "Feature", "properties": { "hex_id": 377946, "centroid_lon": -75.628372075320058, "centroid_lat": 45.505965435995932, "occurrences_today": 6, "datetimes_today": "2026-07-20 00:01:50, 2026-07-20 00:17:35, 2026-07-20 00:31:39, 2026-07-20 00:46:59, 2026-07-20 01:01:38, 2026-07-20 01:16:48", "cumulative_total": 133.0 }, "geometry": { "type": "Polygon", "coordinates": [ [ [ -75.628314265986901, 45.500768943972176 ], [ -75.634743011258308, 45.50333180668764 ], [ -75.634801417274375, 45.508528289931867 ], [ -75.628429900444416, 45.511161923214225 ], [ -75.622000542696242, 45.508598711881525 ], [ -75.621943314260108, 45.503402215948284 ], [ -75.628314265986901, 45.500768943972176 ] ] ] } },
{ "type": "Feature", "properties": { "hex_id": 736331, "centroid_lon": -71.854828016624992, "centroid_lat": 45.799569759221342, "occurrences_today": 6, "datetimes_today": "2026-07-20 00:01:50, 2026-07-20 00:17:35, 2026-07-20 00:31:39, 2026-07-20 00:46:59, 2026-07-20 01:01:38, 2026-07-20 01:16:48", "cumulative_total": 107.0 }, "geometry": { "type": "Polygon", "coordinates": [ [ [ -71.855120204102747, 45.794381061587771 ], [ -71.86139820681602, 45.797152230282052 ], [ -71.861106573865698, 45.802340956649147 ], [ -71.85453574916302, 45.804758450670242 ], [ -71.848257271920048, 45.801986894071135 ], [ -71.848550093882452, 45.796798231420354 ], [ -71.855120204102747, 45.794381061587771 ] ] ] } },
{ "type": "Feature", "properties": { "hex_id": 736941, "centroid_lon": -71.848842835712119, "centroid_lat": 45.791609562579261, "occurrences_today": 6, "datetimes_today": "2026-07-20 00:01:50, 2026-07-20 00:17:35, 2026-07-20 00:31:39, 2026-07-20 00:46:59, 2026-07-20 01:01:38, 2026-07-20 01:16:48", "cumulative_total": 163.0 }, "geometry": { "type": "Polygon", "coordinates": [ [ [ -71.849135497436066, 45.786420887548381 ], [ -71.855412311623255, 45.789192357769991 ], [ -71.855120204102747, 45.794381061587771 ], [ -71.848550093882452, 45.796798231420354 ], [ -71.842272805611046, 45.794026373347698 ], [ -71.842566101617123, 45.788837733358058 ], [ -71.849135497436066, 45.786420887548381 ] ] ] } },
{ "type": "Feature", "properties": { "hex_id": 737551, "centroid_lon": -71.842859317369062, "centroid_lat": 45.783649087172982, "occurrences_today": 6, "datetimes_today": "2026-07-20 00:01:50, 2026-07-20 00:17:35, 2026-07-20 00:31:39, 2026-07-20 00:46:59, 2026-07-20 01:01:38, 2026-07-20 01:16:48", "cumulative_total": 188.0 }, "geometry": { "type": "Polygon", "coordinates": [ [ [ -71.84315245289396, 45.778460434793004 ], [ -71.849428079081335, 45.78123220632817 ], [ -71.849135497436066, 45.786420887548381 ], [ -71.842566101617123, 45.788837733358058 ], [ -71.836290001790701, 45.786065574025692 ], [ -71.836583771395198, 45.780876956745374 ], [ -71.84315245289396, 45.778460434793004 ] ] ] } },
{ "type": "Feature", "properties": { "hex_id": 737552, "centroid_lon": -71.841979429323771, "centroid_lat": 45.799215007141406, "occurrences_today": 6, "datetimes_today": "2026-07-20 00:01:50, 2026-07-20 00:17:35, 2026-07-20 00:31:39, 2026-07-20 00:46:59, 2026-07-20 01:01:38, 2026-07-20 01:16:48", "cumulative_total": 107.0 }, "geometry": { "type": "Polygon", "coordinates": [ [ [ -71.842272805611046, 45.794026373347698 ], [ -71.848550093882452, 45.796798231420354 ], [ -71.848257271920048, 45.801986894071135 ], [ -71.841685972728186, 45.804403634738691 ], [ -71.835408210453792, 45.801631388658251 ], [ -71.835702221347134, 45.796442789982642 ], [ -71.842272805611046, 45.794026373347698 ] ] ] } },
{ "type": "Feature", "properties": { "hex_id": 842581, "centroid_lon": -70.710468110986568, "centroid_lat": 46.12086984940764, "occurrences_today": 64, "datetimes_today": "2026-07-20 07:01:54, 2026-07-20 07:16:40, 2026-07-20 07:31:42, 2026-07-20 07:46:56, 2026-07-20 08:01:45, 2026-07-20 08:17:07, 2026-07-20 08:31:59, 2026-07-20 08:46:51, 2026-07-20 09:02:15, 2026-07-20 09:16:57, 2026-07-20 09:33:05, 2026-07-20 09:46:49, 2026-07-20 10:02:26, 2026-07-20 10:17:29, 2026-07-20 10:31:41, 2026-07-20 10:48:08, 2026-07-20 11:01:51, 2026-07-20 11:16:42, 2026-07-20 11:32:00, 2026-07-20 11:46:41, 2026-07-20 12:01:57, 2026-07-20 12:15:28, 2026-07-20 12:32:32, 2026-07-20 12:46:50, 2026-07-20 13:01:53, 2026-07-20 13:16:47, 2026-07-20 13:31:40, 2026-07-20 13:46:54, 2026-07-20 14:02:15, 2026-07-20 14:17:28, 2026-07-20 14:46:49, 2026-07-20 15:01:55, 2026-07-20 15:16:49, 2026-07-20 15:31:41, 2026-07-20 15:46:54, 2026-07-20 16:01:51, 2026-07-20 16:16:53, 2026-07-20 16:31:38, 2026-07-20 16:47:01, 2026-07-20 17:02:05, 2026-07-20 17:16:42, 2026-07-20 17:32:10, 2026-07-20 17:47:08, 2026-07-20 18:01:38, 2026-07-20 18:16:44, 2026-07-20 18:31:38, 2026-07-20 19:01:54, 2026-07-20 19:16:40, 2026-07-20 19:31:51, 2026-07-20 20:01:49, 2026-07-20 20:16:43, 2026-07-20 20:32:02, 2026-07-20 20:47:06, 2026-07-20 21:02:18, 2026-07-20 21:32:06, 2026-07-20 21:47:02, 2026-07-20 22:02:15, 2026-07-20 22:17:36, 2026-07-20 22:32:01, 2026-07-20 22:47:10, 2026-07-20 23:02:22, 2026-07-20 23:16:40, 2026-07-20 23:32:15, 2026-07-20 23:46:40", "cumulative_total": 90.0 }, "geometry": { "type": "Polygon", "coordinates": [ [ [ -70.71087092592002, 46.11568818297485 ], [ -70.717122475357385, 46.118521430123955 ], [ -70.716720206703044, 46.123703136422996 ], [ -70.710065185484524, 46.126051508393452 ], [ -70.703813200355441, 46.123217859870095 ], [ -70.704216672099022, 46.118036240815229 ], [ -70.71087092592002, 46.11568818297485 ] ] ] } },
{ "type": "Feature", "properties": { "hex_id": 370689, "centroid_lon": -75.718992227264536, "centroid_lat": 46.581070488134422, "occurrences_today": 5, "datetimes_today": "2026-07-20 00:01:50, 2026-07-20 00:17:35, 2026-07-20 00:31:39, 2026-07-20 00:46:59, 2026-07-20 01:01:38", "cumulative_total": 65.0 }, "geometry": { "type": "Polygon", "coordinates": [ [ [ -75.718923554501274, 46.575875074569609 ], [ -75.725482956891724, 46.578431586772105 ], [ -75.725552262370528, 46.583626990494956 ], [ -75.719060919042278, 46.586265896881031 ], [ -75.712500864918496, 46.583709023516775 ], [ -75.712432805862875, 46.578513604995337 ], [ -75.718923554501274, 46.575875074569609 ] ] ] } },
{ "type": "Feature", "properties": { "hex_id": 371910, "centroid_lon": -75.705941424674847, "centroid_lat": 46.581151769405089, "occurrences_today": 5, "datetimes_today": "2026-07-20 00:01:50, 2026-07-20 00:17:35, 2026-07-20 00:31:39, 2026-07-20 00:46:59, 2026-07-20 01:01:38", "cumulative_total": 65.0 }, "geometry": { "type": "Polygon", "coordinates": [ [ [ -75.705873998172095, 46.575956341177353 ], [ -75.712432805862875, 46.578513604995337 ], [ -75.712500864918496, 46.583709023516775 ], [ -75.706008869847096, 46.586347192817406 ], [ -75.699449410930711, 46.583789567697153 ], [ -75.699382598317783, 46.578594134645677 ], [ -75.705873998172095, 46.575956341177353 ] ] ] } },
{ "type": "Feature", "properties": { "hex_id": 372521, "centroid_lon": -75.699516242043828, "centroid_lat": 46.588984995934581, "occurrences_today": 5, "datetimes_today": "2026-07-20 00:01:50, 2026-07-20 00:17:35, 2026-07-20 00:31:39, 2026-07-20 00:46:59, 2026-07-20 01:01:38", "cumulative_total": 65.0 }, "geometry": { "type": "Polygon", "coordinates": [ [ [ -75.699449410930711, 46.583789567697153 ], [ -75.706008869847096, 46.586347192817406 ], [ -75.706076333695279, 46.591542611414312 ], [ -75.699583091663513, 46.594180419358004 ], [ -75.693022981502281, 46.591622432766563 ], [ -75.692956764624071, 46.586426999769785 ], [ -75.699449410930711, 46.583789567697153 ] ] ] } },
{ "type": "Feature", "properties": { "hex_id": 373131, "centroid_lon": -75.69289056607667, "centroid_lat": 46.581231561960351, "occurrences_today": 5, "datetimes_today": "2026-07-20 00:01:50, 2026-07-20 00:17:35, 2026-07-20 00:31:39, 2026-07-20 00:46:59, 2026-07-20 01:01:38", "cumulative_total": 65.0 }, "geometry": { "type": "Polygon", "coordinates": [ [ [ -75.692824385853754, 46.57603611933822 ], [ -75.699382598317783, 46.578594134645677 ], [ -75.699449410930711, 46.583789567697153 ], [ -75.692956764624071, 46.586426999769785 ], [ -75.686397901442376, 46.583868623019676 ], [ -75.686332335291311, 46.578673175706705 ], [ -75.692824385853754, 46.57603611933822 ] ] ] } },
{ "type": "Feature", "properties": { "hex_id": 373742, "centroid_lon": -75.686463485748547, "centroid_lat": 46.589064065521306, "occurrences_today": 5, "datetimes_today": "2026-07-20 00:01:50, 2026-07-20 00:17:35, 2026-07-20 00:31:39, 2026-07-20 00:46:59, 2026-07-20 01:01:38", "cumulative_total": 65.0 }, "geometry": { "type": "Polygon", "coordinates": [ [ [ -75.686397901442376, 46.583868623019676 ], [ -75.692956764624071, 46.586426999769785 ], [ -75.693022981502281, 46.591622432766563 ], [ -75.686529088216105, 46.594259503211617 ], [ -75.679969574297843, 46.591700764849946 ], [ -75.679904604408605, 46.586505317721937 ], [ -75.686397901442376, 46.583868623019676 ] ] ] } },
{ "type": "Feature", "properties": { "hex_id": 374352, "centroid_lon": -75.679839652505038, "centroid_lat": 46.581309865783929, "occurrences_today": 5, "datetimes_today": "2026-07-20 00:01:50, 2026-07-20 00:17:35, 2026-07-20 00:31:39, 2026-07-20 00:46:59, 2026-07-20 01:01:38", "cumulative_total": 65.0 }, "geometry": { "type": "Polygon", "coordinates": [ [ [ -75.679774718580944, 46.576114409035924 ], [ -75.686332335291311, 46.578673175706705 ], [ -75.686397901442376, 46.583868623019676 ], [ -75.679904604408605, 46.586505317721937 ], [ -75.673346337488695, 46.583946189468207 ], [ -75.673282017818309, 46.578750728162291 ], [ -75.679774718580944, 46.576114409035924 ] ] ] } },
{ "type": "Feature", "properties": { "hex_id": 559867, "centroid_lon": -73.723949812287813, "centroid_lat": 45.375840765900982, "occurrences_today": 5, "datetimes_today": "2026-07-20 00:01:50, 2026-07-20 00:17:35, 2026-07-20 00:31:39, 2026-07-20 00:46:59, 2026-07-20 01:01:38", "cumulative_total": 116.0 }, "geometry": { "type": "Polygon", "coordinates": [ [ [ -73.724066668633512, 45.370645132768161 ], [ -73.73039221038529, 45.373314099965405 ], [ -73.730275922453032, 45.378509743426534 ], [ -73.723832924077257, 45.381036394051392 ], [ -73.717506845782196, 45.378367060987479 ], [ -73.717624302395549, 45.373171443229587 ], [ -73.724066668633512, 45.370645132768161 ] ] ] } },
{ "type": "Feature", "properties": { "hex_id": 620959, "centroid_lon": -73.063197298485704, "centroid_lat": 46.021329350405694, "occurrences_today": 4, "datetimes_today": "2026-07-20 00:01:50, 2026-07-20 00:17:35, 2026-07-20 00:31:39, 2026-07-20 06:17:16", "cumulative_total": 167.0 }, "geometry": { "type": "Polygon", "coordinates": [ [ [ -73.063378680828365, 46.016135989153931 ], [ -73.069743751589371, 46.018841923903381 ], [ -73.06956294810908, 46.024035302194598 ], [ -73.063015866306685, 46.026522706361931 ], [ -73.056650266528109, 46.023816391381899 ], [ -73.056832277552573, 46.018623052530636 ], [ -73.063378680828365, 46.016135989153931 ] ] ] } },
{ "type": "Feature", "properties": { "hex_id": 578838, "centroid_lon": -73.50727698580684, "centroid_lat": 46.082555792161102, "occurrences_today": 5, "datetimes_today": "2026-07-20 04:01:51, 2026-07-20 04:16:39, 2026-07-20 04:31:59, 2026-07-20 04:46:38, 2026-07-20 05:02:03", "cumulative_total": 191.0 }, "geometry": { "type": "Polygon", "coordinates": [ [ [ -73.507417089460517, 46.077361279840673 ], [ -73.513811432695235, 46.080042790140666 ], [ -73.513671916075907, 46.085237315111627 ], [ -73.507136843619762, 46.087750299408931 ], [ -73.50074195189066, 46.085068412185493 ], [ -73.500882681098958, 46.079873917654005 ], [ -73.507417089460517, 46.077361279840673 ] ] ] } },
{ "type": "Feature", "properties": { "hex_id": 579448, "centroid_lon": -73.501023371613854, "centroid_lat": 46.074679418047097, "occurrences_today": 12, "datetimes_today": "2026-07-20 00:01:50, 2026-07-20 00:17:35, 2026-07-20 00:31:39, 2026-07-20 00:46:59, 2026-07-20 01:01:38, 2026-07-20 01:16:48, 2026-07-20 01:32:07, 2026-07-20 01:46:40, 2026-07-20 02:01:44, 2026-07-20 02:16:41, 2026-07-20 02:31:46, 2026-07-20 02:46:43", "cumulative_total": 235.0 }, "geometry": { "type": "Polygon", "coordinates": [ [ [ -73.501164023448553, 46.069484913364867 ], [ -73.507557154593911, 46.072166762447701 ], [ -73.507417089460517, 46.077361279840673 ], [ -73.500882681098958, 46.079873917654005 ], [ -73.494489001939087, 46.077191691691176 ], [ -73.494630279142143, 46.071997204860807 ], [ -73.501164023448553, 46.069484913364867 ] ] ] } },
{ "type": "Feature", "properties": { "hex_id": 365201, "centroid_lon": -75.779172711029801, "centroid_lat": 46.681994547422647, "occurrences_today": 5, "datetimes_today": "2026-07-20 00:01:50, 2026-07-20 00:17:35, 2026-07-20 00:31:39, 2026-07-20 00:46:59, 2026-07-20 01:01:38", "cumulative_total": 21.0 }, "geometry": { "type": "Polygon", "coordinates": [ [ [ -75.779098028004157, 46.676799297371382 ], [ -75.785672484020623, 46.679352221647434 ], [ -75.785747803935777, 46.684547461216361 ], [ -75.779247414761514, 46.687189792642968 ], [ -75.772672301145917, 46.684636506556757 ], [ -75.772598234310891, 46.679441250921464 ], [ -75.779098028004157, 46.676799297371382 ] ] ] } },
{ "type": "Feature", "properties": { "hex_id": 365202, "centroid_lon": -75.779396884371693, "centroid_lat": 46.697580268590869, "occurrences_today": 5, "datetimes_today": "2026-07-20 00:01:50, 2026-07-20 00:17:35, 2026-07-20 00:31:39, 2026-07-20 00:46:59, 2026-07-20 01:01:38", "cumulative_total": 21.0 }, "geometry": { "type": "Polygon", "coordinates": [ [ [ -75.779322139206414, 46.692385033032366 ], [ -75.785898506423194, 46.694937925856841 ], [ -75.785973889009909, 46.700133150928444 ], [ -75.77947165026454, 46.702775499318513 ], [ -75.772894624895173, 46.700222244486241 ], [ -75.772820496430953, 46.695027003339099 ], [ -75.779322139206414, 46.692385033032366 ] ] ] } },
{ "type": "Feature", "properties": { "hex_id": 365811, "centroid_lon": -75.772524188004681, "centroid_lat": 46.674245990456754, "occurrences_today": 5, "datetimes_today": "2026-07-20 00:01:50, 2026-07-20 00:17:35, 2026-07-20 00:31:39, 2026-07-20 00:46:59, 2026-07-20 01:01:38", "cumulative_total": 21.0 }, "geometry": { "type": "Polygon", "coordinates": [ [ [ -75.772450162220224, 46.669050725162585 ], [ -75.779023365677347, 46.671604042489136 ], [ -75.779098028004157, 46.676799297371382 ], [ -75.772598234310891, 46.679441250921464 ], [ -75.766024373786152, 46.676887571812763 ], [ -75.765950964029386, 46.671692301003489 ], [ -75.772450162220224, 46.669050725162585 ] ] ] } },
{ "type": "Feature", "properties": { "hex_id": 365812, "centroid_lon": -75.772746388516907, "centroid_lat": 46.689831757362612, "occurrences_today": 5, "datetimes_today": "2026-07-20 00:01:50, 2026-07-20 00:17:35, 2026-07-20 00:31:39, 2026-07-20 00:46:59, 2026-07-20 01:01:38", "cumulative_total": 21.0 }, "geometry": { "type": "Polygon", "coordinates": [ [ [ -75.772672301145917, 46.684636506556757 ], [ -75.779247414761514, 46.687189792642968 ], [ -75.779322139206414, 46.692385033032366 ], [ -75.772820496430953, 46.695027003339099 ], [ -75.766244725194824, 46.692473355273094 ], [ -75.766171254361808, 46.687278098947559 ], [ -75.772672301145917, 46.684636506556757 ] ] ] } },
{ "type": "Feature", "properties": { "hex_id": 366420, "centroid_lon": -75.765657528378483, "centroid_lat": 46.650911169486555, "occurrences_today": 5, "datetimes_today": "2026-07-20 00:01:50, 2026-07-20 00:17:35, 2026-07-20 00:31:39, 2026-07-20 00:46:59, 2026-07-20 01:01:38", "cumulative_total": 21.0 }, "geometry": { "type": "Polygon", "coordinates": [ [ [ -75.765584220274604, 46.645715874537231 ], [ -75.772154264157649, 46.648269615690914 ], [ -75.77222820792619, 46.653464900303135 ], [ -75.765730856798868, 46.656106459607798 ], [ -75.759160156931131, 46.653552356897571 ], [ -75.759087464182457, 46.648357056506534 ], [ -75.765584220274604, 46.645715874537231 ] ] ] } },
{ "type": "Feature", "properties": { "hex_id": 366421, "centroid_lon": -75.765877574617278, "centroid_lat": 46.666497025366255, "occurrences_today": 5, "datetimes_today": "2026-07-20 00:01:50, 2026-07-20 00:17:35, 2026-07-20 00:31:39, 2026-07-20 00:46:59, 2026-07-20 01:01:38", "cumulative_total": 21.0 }, "geometry": { "type": "Polygon", "coordinates": [ [ [ -75.765804205542793, 46.661301744901024 ], [ -75.772376156950386, 46.663855455038949 ], [ -75.772450162220224, 46.669050725162585 ], [ -75.765950964029386, 46.671692301003489 ], [ -75.759378356085307, 46.669138229111489 ], [ -75.7593056028756, 46.663942943200027 ], [ -75.765804205542793, 46.661301744901024 ] ] ] } },
{ "type": "Feature", "properties": { "hex_id": 366422, "centroid_lon": -75.76609780389461, "centroid_lat": 46.682082837794127, "occurrences_today": 5, "datetimes_today": "2026-07-20 00:01:50, 2026-07-20 00:17:35, 2026-07-20 00:31:39, 2026-07-20 00:46:59, 2026-07-20 01:01:38", "cumulative_total": 21.0 }, "geometry": { "type": "Polygon", "coordinates": [ [ [ -75.766024373786152, 46.676887571812763 ], [ -75.772598234310891, 46.679441250921464 ], [ -75.772672301145917, 46.684636506556757 ], [ -75.766171254361808, 46.687278098947559 ], [ -75.759596736748222, 46.684724057887159 ], [ -75.759523923014655, 46.67952878645503 ], [ -75.766024373786152, 46.676887571812763 ] ] ] } },
{ "type": "Feature", "properties": { "hex_id": 367030, "centroid_lon": -75.759014791573506, "centroid_lat": 46.643161751288922, "occurrences_today": 5, "datetimes_today": "2026-07-20 00:01:50, 2026-07-20 00:17:35, 2026-07-20 00:31:39, 2026-07-20 00:46:59, 2026-07-20 01:01:38", "cumulative_total": 21.0 }, "geometry": { "type": "Polygon", "coordinates": [ [ [ -75.758942139097314, 46.637966441244735 ], [ -75.765510932480197, 46.640520574759869 ], [ -75.765584220274604, 46.645715874537231 ], [ -75.759087464182457, 46.648357056506534 ], [ -75.752518015345103, 46.645802561462901 ], [ -75.752445978061317, 46.640607246045782 ], [ -75.758942139097314, 46.637966441244735 ] ] ] } },
{ "type": "Feature", "properties": { "hex_id": 367031, "centroid_lon": -75.759232869826533, "centroid_lat": 46.658747652462054, "occurrences_today": 5, "datetimes_today": "2026-07-20 00:01:50, 2026-07-20 00:17:35, 2026-07-20 00:31:39, 2026-07-20 00:46:59, 2026-07-20 01:01:38", "cumulative_total": 21.0 }, "geometry": { "type": "Polygon", "coordinates": [ [ [ -75.759160156931131, 46.653552356897571 ], [ -75.765730856798868, 46.656106459607798 ], [ -75.765804205542793, 46.661301744901024 ], [ -75.7593056028756, 46.663942943200027 ], [ -75.752734247002181, 46.661388478763804 ], [ -75.7526621498086, 46.656193177821905 ], [ -75.759160156931131, 46.653552356897571 ] ] ] } },
{ "type": "Feature", "properties": { "hex_id": 367032, "centroid_lon": -75.759451129462676, "centroid_lat": 46.67433351019649, "occurrences_today": 5, "datetimes_today": "2026-07-20 00:01:50, 2026-07-20 00:17:35, 2026-07-20 00:31:39, 2026-07-20 00:46:59, 2026-07-20 01:01:38", "cumulative_total": 21.0 }, "geometry": { "type": "Polygon", "coordinates": [ [ [ -75.759378356085307, 46.669138229111489 ], [ -75.765950964029386, 46.671692301003489 ], [ -75.766024373786152, 46.676887571812763 ], [ -75.759523923014655, 46.67952878645503 ], [ -75.752950658513072, 46.676974352639441 ], [ -75.752878501347482, 46.67177906617254 ], [ -75.759378356085307, 46.669138229111489 ] ] ] } },
{ "type": "Feature", "properties": { "hex_id": 367640, "centroid_lon": -75.752373960733664, "centroid_lat": 46.635411925803524, "occurrences_today": 5, "datetimes_today": "2026-07-20 00:01:50, 2026-07-20 00:17:35, 2026-07-20 00:31:39, 2026-07-20 00:46:59, 2026-07-20 01:01:38", "cumulative_total": 21.0 }, "geometry": { "type": "Polygon", "coordinates": [ [ [ -75.752301963355222, 46.630216600736141 ], [ -75.758869506746933, 46.632771126373939 ], [ -75.758942139097314, 46.637966441244735 ], [ -75.752445978061317, 46.640607246045782 ], [ -75.745877779745001, 46.638052358907629 ], [ -75.745806397396194, 46.632857028536066 ], [ -75.752301963355222, 46.630216600736141 ] ] ] } },
{ "type": "Feature", "properties": { "hex_id": 367641, "centroid_lon": -75.752590072591886, "centroid_lat": 46.650997872054958, "occurrences_today": 5, "datetimes_today": "2026-07-20 00:01:50, 2026-07-20 00:17:35, 2026-07-20 00:31:39, 2026-07-20 00:46:59, 2026-07-20 01:01:38", "cumulative_total": 21.0 }, "geometry": { "type": "Polygon", "coordinates": [ [ [ -75.752518015345103, 46.645802561462901 ], [ -75.759087464182457, 46.648357056506534 ], [ -75.759160156931131, 46.653552356897571 ], [ -75.7526621498086, 46.656193177821905 ], [ -75.746092045495971, 46.653638321080457 ], [ -75.746020603788054, 46.6484430051798 ], [ -75.752518015345103, 46.645802561462901 ] ] ] } },
{ "type": "Feature", "properties": { "hex_id": 367642, "centroid_lon": -75.752806364179492, "centroid_lat": 46.666583774880685, "occurrences_today": 5, "datetimes_today": "2026-07-20 00:01:50, 2026-07-20 00:17:35, 2026-07-20 00:31:39, 2026-07-20 00:46:59, 2026-07-20 01:01:38", "cumulative_total": 21.0 }, "geometry": { "type": "Polygon", "coordinates": [ [ [ -75.752734247002181, 46.661388478763804 ], [ -75.7593056028756, 46.663942943200027 ], [ -75.759378356085307, 46.669138229111489 ], [ -75.752878501347482, 46.67177906617254 ], [ -75.74630648944752, 46.669224239840901 ], [ -75.746234988318847, 46.664028938410979 ], [ -75.752734247002181, 46.661388478763804 ] ] ] } },
{ "type": "Feature", "properties": { "hex_id": 368250, "centroid_lon": -75.745735034820058, "centroid_lat": 46.627661693340798, "occurrences_today": 5, "datetimes_today": "2026-07-20 00:01:50, 2026-07-20 00:17:35, 2026-07-20 00:31:39, 2026-07-20 00:46:59, 2026-07-20 01:01:38", "cumulative_total": 21.0 }, "geometry": { "type": "Polygon", "coordinates": [ [ [ -75.745663692009771, 46.622466353321805 ], [ -75.752229985919101, 46.625021270843568 ], [ -75.752301963355222, 46.630216600736141 ], [ -75.745806397396194, 46.632857028536066 ], [ -75.739239449091755, 46.630301749542127 ], [ -75.739168721148289, 46.625106404287699 ], [ -75.745663692009771, 46.622466353321805 ] ] ] } },
{ "type": "Feature", "properties": { "hex_id": 368251, "centroid_lon": -75.745949181873343, "centroid_lat": 46.643247684455531, "occurrences_today": 5, "datetimes_today": "2026-07-20 00:01:50, 2026-07-20 00:17:35, 2026-07-20 00:31:39, 2026-07-20 00:46:59, 2026-07-20 01:01:38", "cumulative_total": 21.0 }, "geometry": { "type": "Polygon", "coordinates": [ [ [ -75.745877779745001, 46.638052358907629 ], [ -75.752445978061317, 46.640607246045782 ], [ -75.752518015345103, 46.645802561462901 ], [ -75.746020603788054, 46.6484430051798 ], [ -75.739451750526513, 46.645887756371984 ], [ -75.739380963774096, 46.640692425584248 ], [ -75.745877779745001, 46.638052358907629 ] ] ] } },
{ "type": "Feature", "properties": { "hex_id": 368252, "centroid_lon": -75.746163507003956, "centroid_lat": 46.658833632157489, "occurrences_today": 5, "datetimes_today": "2026-07-20 00:01:50, 2026-07-20 00:17:35, 2026-07-20 00:31:39, 2026-07-20 00:46:59, 2026-07-20 01:01:38", "cumulative_total": 21.0 }, "geometry": { "type": "Polygon", "coordinates": [ [ [ -75.746092045495971, 46.653638321080457 ], [ -75.7526621498086, 46.656193177821905 ], [ -75.752734247002181, 46.661388478763804 ], [ -75.746234988318847, 46.664028938410979 ], [ -75.739664228510293, 46.661473719802281 ], [ -75.739593382887819, 46.656278403480989 ], [ -75.746092045495971, 46.653638321080457 ] ] ] } },
{ "type": "Feature", "properties": { "hex_id": 368861, "centroid_lon": -75.739310196631436, "centroid_lat": 46.635497089974294, "occurrences_today": 5, "datetimes_today": "2026-07-20 00:01:50, 2026-07-20 00:17:35, 2026-07-20 00:31:39, 2026-07-20 00:46:59, 2026-07-20 01:01:38", "cumulative_total": 21.0 }, "geometry": { "type": "Polygon", "coordinates": [ [ [ -75.739239449091755, 46.630301749542127 ], [ -75.745806397396194, 46.632857028536066 ], [ -75.745877779745001, 46.638052358907629 ], [ -75.739380963774096, 46.640692425584248 ], [ -75.732813361054141, 46.638136784948891 ], [ -75.732743228727401, 46.632941439345608 ], [ -75.739239449091755, 46.630301749542127 ] ] ] } },
{ "type": "Feature", "properties": { "hex_id": 368862, "centroid_lon": -75.739522556895508, "centroid_lat": 46.651083082337578, "occurrences_today": 5, "datetimes_today": "2026-07-20 00:01:50, 2026-07-20 00:17:35, 2026-07-20 00:31:39, 2026-07-20 00:46:59, 2026-07-20 01:01:38", "cumulative_total": 21.0 }, "geometry": { "type": "Polygon", "coordinates": [ [ [ -75.739451750526513, 46.645887756371984 ], [ -75.746020603788054, 46.6484430051798 ], [ -75.746092045495971, 46.653638321080457 ], [ -75.739593382887819, 46.656278403480989 ], [ -75.733023874660617, 46.653722792834202 ], [ -75.732953684014021, 46.648527461693163 ], [ -75.739451750526513, 46.645887756371984 ] ] ] } },
{ "type": "Feature", "properties": { "hex_id": 369471, "centroid_lon": -75.732673115827183, "centroid_lat": 46.627746088921533, "occurrences_today": 5, "datetimes_today": "2026-07-20 00:01:50, 2026-07-20 00:17:35, 2026-07-20 00:31:39, 2026-07-20 00:46:59, 2026-07-20 01:01:38", "cumulative_total": 21.0 }, "geometry": { "type": "Polygon", "coordinates": [ [ [ -75.732603022346737, 46.622550733676626 ], [ -75.739168721148289, 46.625106404287699 ], [ -75.739239449091755, 46.630301749542127 ], [ -75.732743228727401, 46.632941439345608 ], [ -75.726176876039688, 46.630385407121388 ], [ -75.726107397609198, 46.625190046774087 ], [ -75.732603022346737, 46.622550733676626 ] ] ] } },
{ "type": "Feature", "properties": { "hex_id": 369472, "centroid_lon": -75.732883512814112, "centroid_lat": 46.643332125731391, "occurrences_today": 5, "datetimes_today": "2026-07-20 00:01:50, 2026-07-20 00:17:35, 2026-07-20 00:31:39, 2026-07-20 00:46:59, 2026-07-20 01:01:38", "cumulative_total": 21.0 }, "geometry": { "type": "Polygon", "coordinates": [ [ [ -75.732813361054141, 46.638136784948891 ], [ -75.739380963774096, 46.640692425584248 ], [ -75.739451750526513, 46.645887756371984 ], [ -75.732953684014021, 46.648527461693163 ], [ -75.726385426858286, 46.645971459247072 ], [ -75.72631589065756, 46.640776113357859 ], [ -75.732813361054141, 46.638136784948891 ] ] ] } },
{ "type": "Feature", "properties": { "hex_id": 369473, "centroid_lon": -75.733094084760623, "centroid_lat": 46.658918119154535, "occurrences_today": 5, "datetimes_today": "2026-07-20 00:01:50, 2026-07-20 00:17:35, 2026-07-20 00:31:39, 2026-07-20 00:46:59, 2026-07-20 01:01:38", "cumulative_total": 21.0 }, "geometry": { "type": "Polygon", "coordinates": [ [ [ -75.733023874660617, 46.653722792834202 ], [ -75.739593382887819, 46.656278403480989 ], [ -75.739664228510293, 46.661473719802281 ], [ -75.733164314320774, 46.664113440654212 ], [ -75.726594151107605, 46.661557467999032 ], [ -75.726524557076658, 46.656362136567651 ], [ -75.733023874660617, 46.653722792834202 ] ] ] } },
{ "type": "Feature", "properties": { "hex_id": 370081, "centroid_lon": -75.726037938422152, "centroid_lat": 46.619994681607388, "occurrences_today": 5, "datetimes_today": "2026-07-20 00:01:50, 2026-07-20 00:17:35, 2026-07-20 00:31:39, 2026-07-20 00:46:59, 2026-07-20 01:01:38", "cumulative_total": 28.0 }, "geometry": { "type": "Polygon", "coordinates": [ [ [ -75.725968498471886, 46.61479931162124 ], [ -75.732532948279385, 46.617355373610891 ], [ -75.732603022346737, 46.622550733676626 ], [ -75.726107397609198, 46.625190046774087 ], [ -75.719542294444494, 46.622633623199604 ], [ -75.719473469381185, 46.617438248179752 ], [ -75.725968498471886, 46.61479931162124 ] ] ] } },
{ "type": "Feature", "properties": { "hex_id": 370082, "centroid_lon": -75.726246373720258, "centroid_lat": 46.63558076264929, "occurrences_today": 5, "datetimes_today": "2026-07-20 00:01:50, 2026-07-20 00:17:35, 2026-07-20 00:31:39, 2026-07-20 00:46:59, 2026-07-20 01:01:38", "cumulative_total": 21.0 }, "geometry": { "type": "Polygon", "coordinates": [ [ [ -75.726176876039688, 46.630385407121388 ], [ -75.732743228727401, 46.632941439345608 ], [ -75.732813361054141, 46.638136784948891 ], [ -75.72631589065756, 46.640776113357859 ], [ -75.719748884063591, 46.63821971935127 ], [ -75.719680001779111, 46.633024358785342 ], [ -75.726176876039688, 46.630385407121388 ] ] ] } },
{ "type": "Feature", "properties": { "hex_id": 370083, "centroid_lon": -75.726454982329102, "centroid_lat": 46.651166800317021, "occurrences_today": 5, "datetimes_today": "2026-07-20 00:01:50, 2026-07-20 00:17:35, 2026-07-20 00:31:39, 2026-07-20 00:46:59, 2026-07-20 01:01:38", "cumulative_total": 21.0 }, "geometry": { "type": "Polygon", "coordinates": [ [ [ -75.726385426858286, 46.645971459247072 ], [ -75.732953684014021, 46.648527461693163 ], [ -75.733023874660617, 46.653722792834202 ], [ -75.726524557076658, 46.656362136567651 ], [ -75.719955645465049, 46.653805772141553 ], [ -75.719886705899953, 46.648610426029343 ], [ -75.726385426858286, 46.645971459247072 ] ] ] } },
{ "type": "Feature", "properties": { "hex_id": 370692, "centroid_lon": -75.719611138574933, "centroid_lat": 46.627828993401465, "occurrences_today": 5, "datetimes_today": "2026-07-20 00:01:50, 2026-07-20 00:17:35, 2026-07-20 00:31:39, 2026-07-20 00:46:59, 2026-07-20 01:01:38", "cumulative_total": 21.0 }, "geometry": { "type": "Polygon", "coordinates": [ [ [ -75.719542294444494, 46.622633623199604 ], [ -75.726107397609198, 46.625190046774087 ], [ -75.726176876039688, 46.630385407121388 ], [ -75.719680001779111, 46.633024358785342 ], [ -75.713114245237321, 46.630467573456848 ], [ -75.713046016339803, 46.625272198285664 ], [ -75.719542294444494, 46.622633623199604 ] ] ] } },
{ "type": "Feature", "properties": { "hex_id": 1398322, "centroid_lon": -64.324716044550229, "centroid_lat": 48.603056124951856, "occurrences_today": 6, "datetimes_today": "2026-07-20 01:16:48, 2026-07-20 01:32:07, 2026-07-20 01:46:40, 2026-07-20 02:01:44, 2026-07-20 02:16:41, 2026-07-20 02:31:46", "cumulative_total": 14.0 }, "geometry": { "type": "Polygon", "coordinates": [ [ [ -64.325804168714626, 48.597952140254002 ], [ -64.331924640930737, 48.601128958784216 ], [ -64.330837012120682, 48.606233043559278 ], [ -64.323627615624432, 48.608160086851676 ], [ -64.317506952869422, 48.604982794125085 ], [ -64.318595877041417, 48.599878932365783 ], [ -64.325804168714626, 48.597952140254002 ] ] ] } },
{ "type": "Feature", "properties": { "hex_id": 1398932, "centroid_lon": -64.319684496334361, "centroid_lat": 48.594775047789895, "occurrences_today": 6, "datetimes_today": "2026-07-20 01:16:48, 2026-07-20 01:32:07, 2026-07-20 01:46:40, 2026-07-20 02:01:44, 2026-07-20 02:16:41, 2026-07-20 02:31:46", "cumulative_total": 14.0 }, "geometry": { "type": "Polygon", "coordinates": [ [ [ -64.320772810856454, 48.589671140404242 ], [ -64.326891988225768, 48.5928481327649 ], [ -64.325804168714626, 48.597952140254002 ], [ -64.318595877041417, 48.599878932365783 ], [ -64.312476509486089, 48.596701465915601 ], [ -64.313565623681853, 48.591597681506428 ], [ -64.320772810856454, 48.589671140404242 ] ] ] } },
{ "type": "Feature", "properties": { "hex_id": 1399543, "centroid_lon": -64.311387090293721, "centroid_lat": 48.601805227489649, "occurrences_today": 6, "datetimes_today": "2026-07-20 01:16:48, 2026-07-20 01:32:07, 2026-07-20 01:46:40, 2026-07-20 02:01:44, 2026-07-20 02:16:41, 2026-07-20 02:31:46", "cumulative_total": 14.0 }, "geometry": { "type": "Polygon", "coordinates": [ [ [ -64.312476509486089, 48.596701465915601 ], [ -64.318595877041417, 48.599878932365783 ], [ -64.317506952869422, 48.604982794125085 ], [ -64.310297365996533, 48.606908966221738 ], [ -64.304177808579794, 48.603731025543489 ], [ -64.305268027789097, 48.598627387059928 ], [ -64.312476509486089, 48.596701465915601 ] ] ] } },
{ "type": "Feature", "properties": { "hex_id": 387171, "centroid_lon": -75.542568804073923, "centroid_lat": 46.55866198238391, "occurrences_today": 5, "datetimes_today": "2026-07-20 00:01:50, 2026-07-20 00:17:35, 2026-07-20 00:31:39, 2026-07-20 00:46:59, 2026-07-20 01:01:38", "cumulative_total": 41.0 }, "geometry": { "type": "Polygon", "coordinates": [ [ [ -75.542517021885587, 46.553466371994716 ], [ -75.549065516308531, 46.556033056368172 ], [ -75.549117928213789, 46.56122865874957 ], [ -75.542620600596251, 46.563857587987968 ], [ -75.536071462119921, 46.561290540862821 ], [ -75.53602029531946, 46.556094927318078 ], [ -75.542517021885587, 46.553466371994716 ] ] ] } },
{ "type": "Feature", "properties": { "hex_id": 580669, "centroid_lon": -73.488095948314069, "centroid_lat": 46.074509114373534, "occurrences_today": 12, "datetimes_today": "2026-07-20 00:01:50, 2026-07-20 00:17:35, 2026-07-20 00:31:39, 2026-07-20 00:46:59, 2026-07-20 01:01:38, 2026-07-20 01:16:48, 2026-07-20 01:32:07, 2026-07-20 01:46:40, 2026-07-20 02:01:44, 2026-07-20 02:16:41, 2026-07-20 02:31:46, 2026-07-20 02:46:43", "cumulative_total": 176.0 }, "geometry": { "type": "Polygon", "coordinates": [ [ [ -73.488237812032139, 46.069314640382657 ], [ -73.494630279142143, 46.071997204860807 ], [ -73.494489001939087, 46.077191691691176 ], [ -73.487954045582811, 46.079703583283369 ], [ -73.481561030977602, 46.077020641806449 ], [ -73.481703520210601, 46.07182618580191 ], [ -73.488237812032139, 46.069314640382657 ] ] ] } },
{ "type": "Feature", "properties": { "hex_id": 843192, "centroid_lon": -70.703409617860601, "centroid_lat": 46.128399471469386, "occurrences_today": 64, "datetimes_today": "2026-07-20 07:01:54, 2026-07-20 07:16:40, 2026-07-20 07:31:42, 2026-07-20 07:46:56, 2026-07-20 08:01:45, 2026-07-20 08:17:07, 2026-07-20 08:31:59, 2026-07-20 08:46:51, 2026-07-20 09:02:15, 2026-07-20 09:16:57, 2026-07-20 09:33:05, 2026-07-20 09:46:49, 2026-07-20 10:02:26, 2026-07-20 10:17:29, 2026-07-20 10:31:41, 2026-07-20 10:48:08, 2026-07-20 11:01:51, 2026-07-20 11:16:42, 2026-07-20 11:32:00, 2026-07-20 11:46:41, 2026-07-20 12:01:57, 2026-07-20 12:15:28, 2026-07-20 12:32:32, 2026-07-20 12:46:50, 2026-07-20 13:01:53, 2026-07-20 13:16:47, 2026-07-20 13:31:40, 2026-07-20 13:46:54, 2026-07-20 14:02:15, 2026-07-20 14:17:28, 2026-07-20 14:46:49, 2026-07-20 15:01:55, 2026-07-20 15:16:49, 2026-07-20 15:31:41, 2026-07-20 15:46:54, 2026-07-20 16:01:51, 2026-07-20 16:16:53, 2026-07-20 16:31:38, 2026-07-20 16:47:01, 2026-07-20 17:02:05, 2026-07-20 17:16:42, 2026-07-20 17:32:10, 2026-07-20 17:47:08, 2026-07-20 18:01:38, 2026-07-20 18:16:44, 2026-07-20 18:31:38, 2026-07-20 19:01:54, 2026-07-20 19:16:40, 2026-07-20 19:31:51, 2026-07-20 20:01:49, 2026-07-20 20:16:43, 2026-07-20 20:32:02, 2026-07-20 20:47:06, 2026-07-20 21:02:18, 2026-07-20 21:32:06, 2026-07-20 21:47:02, 2026-07-20 22:02:15, 2026-07-20 22:17:36, 2026-07-20 22:32:01, 2026-07-20 22:47:10, 2026-07-20 23:02:22, 2026-07-20 23:16:40, 2026-07-20 23:32:15, 2026-07-20 23:46:40", "cumulative_total": 73.0 }, "geometry": { "type": "Polygon", "coordinates": [ [ [ -70.703813200355441, 46.123217859870095 ], [ -70.710065185484524, 46.126051508393452 ], [ -70.7096621493763, 46.131233159931305 ], [ -70.703005924576928, 46.133581075612156 ], [ -70.696753503868933, 46.13074702555933 ], [ -70.697157743501577, 46.125565461419853 ], [ -70.703813200355441, 46.123217859870095 ] ] ] } },
{ "type": "Feature", "properties": { "hex_id": 662428, "centroid_lon": -72.653759676723752, "centroid_lat": 45.312092083302836, "occurrences_today": 4, "datetimes_today": "2026-07-20 04:16:39, 2026-07-20 04:31:59, 2026-07-20 04:46:38, 2026-07-20 05:02:03", "cumulative_total": 138.0 }, "geometry": { "type": "Polygon", "coordinates": [ [ [ -72.653974018687265, 45.306899464616471 ], [ -72.660239899649454, 45.309626578337067 ], [ -72.660026109525191, 45.314819217808839 ], [ -72.65354527639137, 45.317284696453228 ], [ -72.647278901968519, 45.314557207961506 ], [ -72.647493854120697, 45.309364615660321 ], [ -72.653974018687265, 45.306899464616471 ] ] ] } },
{ "type": "Feature", "properties": { "hex_id": 827966, "centroid_lon": -70.821588094416498, "centroid_lat": 46.701821762431472, "occurrences_today": 4, "datetimes_today": "2026-07-20 05:46:02, 2026-07-20 06:02:01, 2026-07-20 06:17:16, 2026-07-20 06:31:48", "cumulative_total": 24.0 }, "geometry": { "type": "Polygon", "coordinates": [ [ [ -70.821988527718702, 46.696639878803843 ], [ -70.828311082353537, 46.699469225215992 ], [ -70.827911214461409, 46.70465114807935 ], [ -70.821187550349379, 46.707003638702474 ], [ -70.814864541088525, 46.704173883943504 ], [ -70.815265650527493, 46.698992046974375 ], [ -70.821988527718702, 46.696639878803843 ] ] ] } },
{ "type": "Feature", "properties": { "hex_id": 580059, "centroid_lon": -73.494347685882744, "centroid_lat": 46.082386173443332, "occurrences_today": 12, "datetimes_today": "2026-07-20 00:01:50, 2026-07-20 00:17:35, 2026-07-20 00:31:39, 2026-07-20 00:46:59, 2026-07-20 01:01:38, 2026-07-20 01:16:48, 2026-07-20 01:32:07, 2026-07-20 01:46:40, 2026-07-20 02:01:44, 2026-07-20 02:16:41, 2026-07-20 02:31:46, 2026-07-20 02:46:43", "cumulative_total": 108.0 }, "geometry": { "type": "Polygon", "coordinates": [ [ [ -73.494489001939087, 46.077191691691176 ], [ -73.500882681098958, 46.079873917654005 ], [ -73.50074195189066, 46.085068412185493 ], [ -73.494206330959855, 46.087580650117197 ], [ -73.487812103825121, 46.084898047112077 ], [ -73.487954045582811, 46.079703583283369 ], [ -73.494489001939087, 46.077191691691176 ] ] ] } },
{ "type": "Feature", "properties": { "hex_id": 721649, "centroid_lon": -72.033740239559179, "centroid_lat": 45.336640148152384, "occurrences_today": 6, "datetimes_today": "2026-07-20 00:31:39, 2026-07-20 00:46:59, 2026-07-20 01:01:38, 2026-07-20 01:16:48, 2026-07-20 01:32:07, 2026-07-20 01:46:40", "cumulative_total": 12.0 }, "geometry": { "type": "Polygon", "coordinates": [ [ [ -72.034011410512036, 45.331450162192347 ], [ -72.040248432516037, 45.33421061484983 ], [ -72.03997780525394, 45.339400627585036 ], [ -72.03346899477765, 45.341830128105066 ], [ -72.027231502923883, 45.339069295033674 ], [ -72.027503291371531, 45.333879341919783 ], [ -72.034011410512036, 45.331450162192347 ] ] ] } },
{ "type": "Feature", "properties": { "hex_id": 626453, "centroid_lon": -73.005374680512773, "centroid_lat": 46.012539805928952, "occurrences_today": 1, "datetimes_today": "2026-07-20 06:17:16", "cumulative_total": 28.0 }, "geometry": { "type": "Polygon", "coordinates": [ [ [ -73.00556141858219, 46.007346616803531 ], [ -73.011922565670886, 46.010055714930317 ], [ -73.011736405367699, 46.015248921663243 ], [ -73.005187891142924, 46.017732989725722 ], [ -72.998826217597127, 46.015023510957107 ], [ -72.999013584715769, 46.009830344833375 ], [ -73.00556141858219, 46.007346616803531 ] ] ] } },
{ "type": "Feature", "properties": { "hex_id": 874957, "centroid_lon": -70.342931897206256, "centroid_lat": 46.410474321681555, "occurrences_today": 4, "datetimes_today": "2026-07-20 00:01:50, 2026-07-20 00:17:35, 2026-07-20 00:31:39, 2026-07-20 00:46:59", "cumulative_total": 30.0 }, "geometry": { "type": "Polygon", "coordinates": [ [ [ -70.343373592823141, 46.40529552173011 ], [ -70.349636516515602, 46.408149339487416 ], [ -70.349195369731547, 46.413328183001013 ], [ -70.342490079957301, 46.415653113674068 ], [ -70.336226729084885, 46.412798887836331 ], [ -70.336669095125089, 46.407620139471106 ], [ -70.343373592823141, 46.40529552173011 ] ] ] } },
{ "type": "Feature", "properties": { "hex_id": 627613, "centroid_lon": -73.026016776367683, "centroid_lat": 45.061878856138897, "occurrences_today": 4, "datetimes_today": "2026-07-20 00:01:50, 2026-07-20 00:17:35, 2026-07-20 00:31:39, 2026-07-20 00:46:59", "cumulative_total": 31.0 }, "geometry": { "type": "Polygon", "coordinates": [ [ [ -73.026195559577602, 45.056684734345481 ], [ -73.032452915856368, 45.059391356013712 ], [ -73.032274682392, 45.064585494888888 ], [ -73.025837944602429, 45.067072972630413 ], [ -73.019580087141506, 45.064365982650259 ], [ -73.019759468636224, 45.05917188330384 ], [ -73.026195559577602, 45.056684734345481 ] ] ] } },
{ "type": "Feature", "properties": { "hex_id": 628834, "centroid_lon": -73.013322828121019, "centroid_lat": 45.061658658622946, "occurrences_today": 4, "datetimes_today": "2026-07-20 00:01:50, 2026-07-20 00:17:35, 2026-07-20 00:31:39, 2026-07-20 00:46:59", "cumulative_total": 16.0 }, "geometry": { "type": "Polygon", "coordinates": [ [ [ -73.013502759181492, 45.056464576481524 ], [ -73.019759468636224, 45.05917188330384 ], [ -73.019580087141506, 45.064365982650259 ], [ -73.013142848193951, 45.066852735455328 ], [ -73.006885638048132, 45.064145060210393 ], [ -73.007066167524769, 45.05895100064636 ], [ -73.013502759181492, 45.056464576481524 ] ] ] } },
{ "type": "Feature", "properties": { "hex_id": 556826, "centroid_lon": -73.751921486812606, "centroid_lat": 45.555441468013086, "occurrences_today": 10, "datetimes_today": "2026-07-20 00:46:59, 2026-07-20 01:01:38, 2026-07-20 01:16:48, 2026-07-20 01:32:07, 2026-07-20 01:46:40, 2026-07-20 02:01:44, 2026-07-20 02:16:41, 2026-07-20 02:31:46, 2026-07-20 02:46:43, 2026-07-20 03:01:45", "cumulative_total": 79.0 }, "geometry": { "type": "Polygon", "coordinates": [ [ [ -73.752036499661841, 45.550245942962391 ], [ -73.75838333440052, 45.552913504974484 ], [ -73.758268895746795, 45.558109040115788 ], [ -73.751806442533237, 45.560636988090792 ], [ -73.745459065034424, 45.557969058206389 ], [ -73.745574683498745, 45.552773548283916 ], [ -73.752036499661841, 45.550245942962391 ] ] ] } },
{ "type": "Feature", "properties": { "hex_id": 485437, "centroid_lon": -74.495854751050274, "centroid_lat": 46.176929954540228, "occurrences_today": 4, "datetimes_today": "2026-07-20 00:01:50, 2026-07-20 00:17:35, 2026-07-20 00:31:39, 2026-07-20 00:46:59", "cumulative_total": 159.0 }, "geometry": { "type": "Polygon", "coordinates": [ [ [ -74.495902229720215, 46.171733963853512 ], [ -74.502355871801186, 46.174360340959559 ], [ -74.502308996661199, 46.17955633437311 ], [ -74.49580725930241, 46.182125940444877 ], [ -74.48935302677161, 46.179499194741567 ], [ -74.489401122044981, 46.174303211629926 ], [ -74.495902229720215, 46.171733963853512 ] ] ] } },
{ "type": "Feature", "properties": { "hex_id": 376182, "centroid_lon": -75.659979528777484, "centroid_lat": 46.55804484381413, "occurrences_today": 5, "datetimes_today": "2026-07-20 00:01:50, 2026-07-20 00:17:35, 2026-07-20 00:31:39, 2026-07-20 00:46:59, 2026-07-20 01:01:38", "cumulative_total": 24.0 }, "geometry": { "type": "Polygon", "coordinates": [ [ [ -75.659916542840548, 46.552849344753014 ], [ -75.666470423184492, 46.555409279758607 ], [ -75.666534040314218, 46.560604769593802 ], [ -75.660042532149248, 46.563240338069015 ], [ -75.653488003174687, 46.560680041566599 ], [ -75.653425631001724, 46.555484538152882 ], [ -75.659916542840548, 46.552849344753014 ] ] ] } },
{ "type": "Feature", "properties": { "hex_id": 555012, "centroid_lon": -73.765146464998551, "centroid_lat": 45.828409866485345, "occurrences_today": 69, "datetimes_today": "2026-07-20 05:46:02, 2026-07-20 06:02:01, 2026-07-20 06:17:16, 2026-07-20 06:31:48, 2026-07-20 06:47:06, 2026-07-20 07:01:54, 2026-07-20 07:16:40, 2026-07-20 07:31:42, 2026-07-20 07:46:56, 2026-07-20 08:01:45, 2026-07-20 08:17:07, 2026-07-20 08:31:59, 2026-07-20 08:46:51, 2026-07-20 09:02:15, 2026-07-20 09:16:57, 2026-07-20 09:33:05, 2026-07-20 09:46:49, 2026-07-20 10:02:26, 2026-07-20 10:17:29, 2026-07-20 10:31:41, 2026-07-20 10:48:08, 2026-07-20 11:01:51, 2026-07-20 11:16:42, 2026-07-20 11:32:00, 2026-07-20 11:46:41, 2026-07-20 12:01:57, 2026-07-20 12:15:28, 2026-07-20 12:32:32, 2026-07-20 12:46:50, 2026-07-20 13:01:53, 2026-07-20 13:16:47, 2026-07-20 13:31:40, 2026-07-20 13:46:54, 2026-07-20 14:02:15, 2026-07-20 14:17:28, 2026-07-20 14:46:49, 2026-07-20 15:01:55, 2026-07-20 15:16:49, 2026-07-20 15:31:41, 2026-07-20 15:46:54, 2026-07-20 16:01:51, 2026-07-20 16:16:53, 2026-07-20 16:31:38, 2026-07-20 16:47:01, 2026-07-20 17:02:05, 2026-07-20 17:16:42, 2026-07-20 17:32:10, 2026-07-20 17:47:08, 2026-07-20 18:01:38, 2026-07-20 18:16:44, 2026-07-20 18:31:38, 2026-07-20 19:01:54, 2026-07-20 19:16:40, 2026-07-20 19:31:51, 2026-07-20 20:01:49, 2026-07-20 20:16:43, 2026-07-20 20:32:02, 2026-07-20 20:47:06, 2026-07-20 21:02:18, 2026-07-20 21:32:06, 2026-07-20 21:47:02, 2026-07-20 22:02:15, 2026-07-20 22:17:36, 2026-07-20 22:32:01, 2026-07-20 22:47:10, 2026-07-20 23:02:22, 2026-07-20 23:16:40, 2026-07-20 23:32:15, 2026-07-20 23:46:40", "cumulative_total": 127.0 }, "geometry": { "type": "Polygon", "coordinates": [ [ [ -73.765261347221042, 45.823214564698617 ], [ -73.771639507787043, 45.82588159137066 ], [ -73.771525208281432, 45.831076903176026 ], [ -73.765031551276465, 45.833605163303083 ], [ -73.758652839498538, 45.830937765408393 ], [ -73.758768335926845, 45.825742478674542 ], [ -73.765261347221042, 45.823214564698617 ] ] ] } },
{ "type": "Feature", "properties": { "hex_id": 378013, "centroid_lon": -75.640319676757031, "centroid_lat": 46.550362787584334, "occurrences_today": 5, "datetimes_today": "2026-07-20 00:01:50, 2026-07-20 00:17:35, 2026-07-20 00:31:39, 2026-07-20 00:46:59, 2026-07-20 01:01:38", "cumulative_total": 76.0 }, "geometry": { "type": "Polygon", "coordinates": [ [ [ -75.640258583383144, 46.545167261255529 ], [ -75.646810622933913, 46.547728335401828 ], [ -75.64687234699295, 46.552923852709718 ], [ -75.640380787040215, 46.555558309110658 ], [ -75.633828099892085, 46.55299687335652 ], [ -75.633767620299878, 46.547801342876355 ], [ -75.640258583383144, 46.545167261255529 ] ] ] } },
{ "type": "Feature", "properties": { "hex_id": 378623, "centroid_lon": -75.633707157441918, "centroid_lat": 46.542605807594974, "occurrences_today": 5, "datetimes_today": "2026-07-20 00:01:50, 2026-07-20 00:17:35, 2026-07-20 00:31:39, 2026-07-20 00:46:59, 2026-07-20 01:01:38", "cumulative_total": 76.0 }, "geometry": { "type": "Polygon", "coordinates": [ [ [ -75.633646711312423, 46.5374102675123 ], [ -75.640197506912742, 46.53997173012425 ], [ -75.640258583383144, 46.545167261255529 ], [ -75.633767620299878, 46.547801342876355 ], [ -75.62721617762729, 46.545239518685499 ], [ -75.627156345116006, 46.540043974519769 ], [ -75.633646711312423, 46.5374102675123 ] ] ] } },
{ "type": "Feature", "properties": { "hex_id": 379233, "centroid_lon": -75.627096529158294, "centroid_lat": 46.53484842555401, "occurrences_today": 5, "datetimes_today": "2026-07-20 00:01:50, 2026-07-20 00:17:35, 2026-07-20 00:31:39, 2026-07-20 00:46:59, 2026-07-20 01:01:38", "cumulative_total": 76.0 }, "geometry": { "type": "Polygon", "coordinates": [ [ [ -75.627036729748369, 46.529652871788144 ], [ -75.633586281905636, 46.532214722628332 ], [ -75.633646711312423, 46.5374102675123 ], [ -75.627156345116006, 46.540043974519769 ], [ -75.620606146411205, 46.53748176212963 ], [ -75.620546960456053, 46.532286204348992 ], [ -75.627036729748369, 46.529652871788144 ] ] ] } },
{ "type": "Feature", "properties": { "hex_id": 379234, "centroid_lon": -75.6272760266978, "centroid_lat": 46.5504350580512, "occurrences_today": 5, "datetimes_today": "2026-07-20 00:01:50, 2026-07-20 00:17:35, 2026-07-20 00:31:39, 2026-07-20 00:46:59, 2026-07-20 01:01:38", "cumulative_total": 76.0 }, "geometry": { "type": "Polygon", "coordinates": [ [ [ -75.62721617762729, 46.545239518685499 ], [ -75.633767620299878, 46.547801342876355 ], [ -75.633828099892085, 46.55299687335652 ], [ -75.627335892333278, 46.5556305926169 ], [ -75.620783802571182, 46.55306840667852 ], [ -75.620724567463114, 46.547872863294359 ], [ -75.62721617762729, 46.545239518685499 ] ] ] } },
{ "type": "Feature", "properties": { "hex_id": 379844, "centroid_lon": -75.620665348744993, "centroid_lat": 46.542677315111405, "occurrences_today": 5, "datetimes_today": "2026-07-20 00:01:50, 2026-07-20 00:17:35, 2026-07-20 00:31:39, 2026-07-20 00:46:59, 2026-07-20 01:01:38", "cumulative_total": 76.0 }, "geometry": { "type": "Polygon", "coordinates": [ [ [ -75.620606146411205, 46.53748176212963 ], [ -75.627156345116006, 46.540043974519769 ], [ -75.62721617762729, 46.545239518685499 ], [ -75.620724567463114, 46.547872863294359 ], [ -75.614173722193684, 46.545310289185721 ], [ -75.6141151336587, 46.540114732253755 ], [ -75.620606146411205, 46.53748176212963 ] ] ] } },
{ "type": "Feature", "properties": { "hex_id": 380454, "centroid_lon": -75.614056561333143, "centroid_lat": 46.534919170524162, "occurrences_today": 5, "datetimes_today": "2026-07-20 00:01:50, 2026-07-20 00:17:35, 2026-07-20 00:31:39, 2026-07-20 00:46:59, 2026-07-20 01:01:38", "cumulative_total": 77.0 }, "geometry": { "type": "Polygon", "coordinates": [ [ [ -75.613998005211428, 46.529723603996906 ], [ -75.620546960456053, 46.532286204348992 ], [ -75.620606146411205, 46.53748176212963 ], [ -75.6141151336587, 46.540114732253755 ], [ -75.607565532374011, 46.537551770212239 ], [ -75.607507589887462, 46.532356199803054 ], [ -75.613998005211428, 46.529723603996906 ] ] ] } },
{ "type": "Feature", "properties": { "hex_id": 380455, "centroid_lon": -75.614232326943693, "centroid_lat": 46.550505841320081, "occurrences_today": 5, "datetimes_today": "2026-07-20 00:01:50, 2026-07-20 00:17:35, 2026-07-20 00:31:39, 2026-07-20 00:46:59, 2026-07-20 01:01:38", "cumulative_total": 84.0 }, "geometry": { "type": "Polygon", "coordinates": [ [ [ -75.614173722193684, 46.545310289185721 ], [ -75.620724567463114, 46.547872863294359 ], [ -75.620783802571182, 46.55306840667852 ], [ -75.614290947914313, 46.555701388656857 ], [ -75.607739456063413, 46.553138452661166 ], [ -75.607681465456452, 46.54794289664126 ], [ -75.614173722193684, 46.545310289185721 ] ] ] } },
{ "type": "Feature", "properties": { "hex_id": 381065, "centroid_lon": -75.607623490895165, "centroid_lat": 46.542747335824977, "occurrences_today": 5, "datetimes_today": "2026-07-20 00:01:50, 2026-07-20 00:17:35, 2026-07-20 00:31:39, 2026-07-20 00:46:59, 2026-07-20 01:01:38", "cumulative_total": 76.0 }, "geometry": { "type": "Polygon", "coordinates": [ [ [ -75.607565532374011, 46.537551770212239 ], [ -75.6141151336587, 46.540114732253755 ], [ -75.614173722193684, 46.545310289185721 ], [ -75.607681465456452, 46.54794289664126 ], [ -75.601131218115015, 46.545379572741794 ], [ -75.6010738735731, 46.540184003311786 ], [ -75.607565532374011, 46.537551770212239 ] ] ] } },
{ "type": "Feature", "properties": { "hex_id": 381675, "centroid_lon": -75.601016544896495, "centroid_lat": 46.534988429086518, "occurrences_today": 5, "datetimes_today": "2026-07-20 00:01:50, 2026-07-20 00:17:35, 2026-07-20 00:31:39, 2026-07-20 00:46:59, 2026-07-20 01:01:38", "cumulative_total": 76.0 }, "geometry": { "type": "Polygon", "coordinates": [ [ [ -75.600959232079731, 46.529792850065938 ], [ -75.607507589887462, 46.532356199803054 ], [ -75.607565532374011, 46.537551770212239 ], [ -75.6010738735731, 46.540184003311786 ], [ -75.594524870233016, 46.537620291745888 ], [ -75.594468171231654, 46.532424708976251 ], [ -75.600959232079731, 46.529792850065938 ] ] ] } },
{ "type": "Feature", "properties": { "hex_id": 381676, "centroid_lon": -75.601188578527726, "centroid_lat": 46.550575137376569, "occurrences_today": 5, "datetimes_today": "2026-07-20 00:01:50, 2026-07-20 00:17:35, 2026-07-20 00:31:39, 2026-07-20 00:46:59, 2026-07-20 01:01:38", "cumulative_total": 84.0 }, "geometry": { "type": "Polygon", "coordinates": [ [ [ -75.601131218115015, 46.545379572741794 ], [ -75.607681465456452, 46.54794289664126 ], [ -75.607739456063413, 46.553138452661166 ], [ -75.60124595481669, 46.555770697216126 ], [ -75.594695061402021, 46.553207011290148 ], [ -75.594638315312778, 46.548011442902798 ], [ -75.601131218115015, 46.545379572741794 ] ] ] } },
{ "type": "Feature", "properties": { "hex_id": 622791, "centroid_lon": -73.043554466119204, "centroid_lat": 46.028789316373405, "occurrences_today": 1, "datetimes_today": "2026-07-20 06:17:16", "cumulative_total": 27.0 }, "geometry": { "type": "Polygon", "coordinates": [ [ [ -73.043737734978521, 46.023596022531088 ], [ -73.05010265573361, 46.026303046736352 ], [ -73.049919965685646, 46.03149635781481 ], [ -73.043371146901038, 46.033982604908964 ], [ -73.037005697701986, 46.031275200197399 ], [ -73.037189595714381, 46.026081928963528 ], [ -73.043737734978521, 46.023596022531088 ] ] ] } },
{ "type": "Feature", "properties": { "hex_id": 623401, "centroid_lon": -73.037373443210868, "centroid_lat": 46.020888652419288, "occurrences_today": 1, "datetimes_today": "2026-07-20 06:17:16", "cumulative_total": 31.0 }, "geometry": { "type": "Polygon", "coordinates": [ [ [ -73.037557240208599, 46.015695370564771 ], [ -73.043920953496141, 46.018402723382138 ], [ -73.043737734978521, 46.023596022531088 ], [ -73.037189595714381, 46.026081928963528 ], [ -73.030825354454066, 46.023374195686387 ], [ -73.031009780413498, 46.018180936502098 ], [ -73.037557240208599, 46.015695370564771 ] ] ] } },
{ "type": "Feature", "properties": { "hex_id": 624012, "centroid_lon": -73.030640877821696, "centroid_lat": 46.028567449556618, "occurrences_today": 1, "datetimes_today": "2026-07-20 06:17:16", "cumulative_total": 21.0 }, "geometry": { "type": "Polygon", "coordinates": [ [ [ -73.030825354454066, 46.023374195686387 ], [ -73.037189595714381, 46.026081928963528 ], [ -73.037005697701986, 46.031275200197399 ], [ -73.030456350499136, 46.033760698112644 ], [ -73.024091581317634, 46.031052584214692 ], [ -73.024276687242917, 46.025859353087839 ], [ -73.030825354454066, 46.023374195686387 ] ] ] } },
{ "type": "Feature", "properties": { "hex_id": 818219, "centroid_lon": -70.901146278866648, "centroid_lat": 47.032078857755074, "occurrences_today": 9, "datetimes_today": "2026-07-20 00:01:50, 2026-07-20 00:17:35, 2026-07-20 00:31:39, 2026-07-20 00:46:59, 2026-07-20 01:01:38, 2026-07-20 01:16:48, 2026-07-20 01:32:07, 2026-07-20 01:46:40, 2026-07-20 02:01:44", "cumulative_total": 33.0 }, "geometry": { "type": "Polygon", "coordinates": [ [ [ -70.901543657398079, 47.026896752620274 ], [ -70.907908524739526, 47.029722926238989 ], [ -70.907511723109309, 47.03490507008901 ], [ -70.900748789912868, 47.037260955606236 ], [ -70.894383456111782, 47.034434369739714 ], [ -70.894781521928323, 47.02925231067082 ], [ -70.901543657398079, 47.026896752620274 ] ] ] } },
{ "type": "Feature", "properties": { "hex_id": 663038, "centroid_lon": -72.647708747755928, "centroid_lat": 45.304172017818999, "occurrences_today": 4, "datetimes_today": "2026-07-20 04:16:39, 2026-07-20 04:31:59, 2026-07-20 04:46:38, 2026-07-20 05:02:03", "cumulative_total": 42.0 }, "geometry": { "type": "Polygon", "coordinates": [ [ [ -72.647923582893739, 45.298979414437802 ], [ -72.654188302301378, 45.30170684039436 ], [ -72.653974018687265, 45.306899464616471 ], [ -72.647493854120697, 45.309364615660321 ], [ -72.641228641696543, 45.306636814980351 ], [ -72.641444086835961, 45.301444238043715 ], [ -72.647923582893739, 45.298979414437802 ] ] ] } },
{ "type": "Feature", "properties": { "hex_id": 784654, "centroid_lon": -71.248608191170476, "centroid_lat": 47.238861544195856, "occurrences_today": 92, "datetimes_today": "2026-07-20 00:01:50, 2026-07-20 00:17:35, 2026-07-20 00:31:39, 2026-07-20 00:46:59, 2026-07-20 01:01:38, 2026-07-20 01:16:48, 2026-07-20 01:32:07, 2026-07-20 01:46:40, 2026-07-20 02:01:44, 2026-07-20 02:16:41, 2026-07-20 02:31:46, 2026-07-20 02:46:43, 2026-07-20 03:01:45, 2026-07-20 03:16:47, 2026-07-20 03:32:07, 2026-07-20 03:46:50, 2026-07-20 04:01:51, 2026-07-20 04:16:39, 2026-07-20 04:31:59, 2026-07-20 04:46:38, 2026-07-20 05:02:03, 2026-07-20 05:17:31, 2026-07-20 05:31:42, 2026-07-20 05:46:02, 2026-07-20 06:02:01, 2026-07-20 06:17:16, 2026-07-20 06:31:48, 2026-07-20 06:47:06, 2026-07-20 07:01:54, 2026-07-20 07:16:40, 2026-07-20 07:31:42, 2026-07-20 07:46:56, 2026-07-20 08:01:45, 2026-07-20 08:17:07, 2026-07-20 08:31:59, 2026-07-20 08:46:51, 2026-07-20 09:02:15, 2026-07-20 09:16:57, 2026-07-20 09:33:05, 2026-07-20 09:46:49, 2026-07-20 10:02:26, 2026-07-20 10:17:29, 2026-07-20 10:31:41, 2026-07-20 10:48:08, 2026-07-20 11:01:51, 2026-07-20 11:16:42, 2026-07-20 11:32:00, 2026-07-20 11:46:41, 2026-07-20 12:01:57, 2026-07-20 12:15:28, 2026-07-20 12:32:32, 2026-07-20 12:46:50, 2026-07-20 13:01:53, 2026-07-20 13:16:47, 2026-07-20 13:31:40, 2026-07-20 13:46:54, 2026-07-20 14:02:15, 2026-07-20 14:17:28, 2026-07-20 14:46:49, 2026-07-20 15:01:55, 2026-07-20 15:16:49, 2026-07-20 15:31:41, 2026-07-20 15:46:54, 2026-07-20 16:01:51, 2026-07-20 16:16:53, 2026-07-20 16:31:38, 2026-07-20 16:47:01, 2026-07-20 17:02:05, 2026-07-20 17:16:42, 2026-07-20 17:32:10, 2026-07-20 17:47:08, 2026-07-20 18:01:38, 2026-07-20 18:16:44, 2026-07-20 18:31:38, 2026-07-20 19:01:54, 2026-07-20 19:16:40, 2026-07-20 19:31:51, 2026-07-20 20:01:49, 2026-07-20 20:16:43, 2026-07-20 20:32:02, 2026-07-20 20:47:06, 2026-07-20 21:02:18, 2026-07-20 21:32:06, 2026-07-20 21:47:02, 2026-07-20 22:02:15, 2026-07-20 22:17:36, 2026-07-20 22:32:01, 2026-07-20 22:47:10, 2026-07-20 23:02:22, 2026-07-20 23:16:40, 2026-07-20 23:32:15, 2026-07-20 23:46:40", "cumulative_total": 131.0 }, "geometry": { "type": "Polygon", "coordinates": [ [ [ -71.248974571662913, 47.233677467189487 ], [ -71.255383170735243, 47.236485422458721 ], [ -71.255017379409594, 47.241669534956863 ], [ -71.248241708536014, 47.244045614318871 ], [ -71.241832622456812, 47.241237246750359 ], [ -71.242199694222265, 47.236053212186853 ], [ -71.248974571662913, 47.233677467189487 ] ] ] } },
{ "type": "Feature", "properties": { "hex_id": 815166, "centroid_lon": -70.934557684756001, "centroid_lat": 47.025477333849537, "occurrences_today": 9, "datetimes_today": "2026-07-20 00:01:50, 2026-07-20 00:17:35, 2026-07-20 00:31:39, 2026-07-20 00:46:59, 2026-07-20 01:01:38, 2026-07-20 01:16:48, 2026-07-20 01:32:07, 2026-07-20 01:46:40, 2026-07-20 02:01:44", "cumulative_total": 53.0 }, "geometry": { "type": "Polygon", "coordinates": [ [ [ -70.934951738643889, 47.020295006759603 ], [ -70.941317732191592, 47.023119351722031 ], [ -70.940924255551394, 47.028301717199795 ], [ -70.934163521374927, 47.030659653697661 ], [ -70.927797060091791, 47.027834896844993 ], [ -70.928191800682427, 47.022652615451733 ], [ -70.934951738643889, 47.020295006759603 ] ] ] } },
{ "type": "Feature", "properties": { "hex_id": 816387, "centroid_lon": -70.921431285685728, "centroid_lat": 47.02500980499233, "occurrences_today": 9, "datetimes_today": "2026-07-20 00:01:50, 2026-07-20 00:17:35, 2026-07-20 00:31:39, 2026-07-20 00:46:59, 2026-07-20 01:01:38, 2026-07-20 01:16:48, 2026-07-20 01:32:07, 2026-07-20 01:46:40, 2026-07-20 02:01:44", "cumulative_total": 54.0 }, "geometry": { "type": "Polygon", "coordinates": [ [ [ -70.92182660329253, 47.019827562113285 ], [ -70.928191800682427, 47.022652615451733 ], [ -70.927797060091791, 47.027834896844993 ], [ -70.92103585823709, 47.030192040613407 ], [ -70.914670193692004, 47.027366575286401 ], [ -70.915066198118538, 47.022184378246564 ], [ -70.92182660329253, 47.019827562113285 ] ] ] } },
{ "type": "Feature", "properties": { "hex_id": 621570, "centroid_lon": -73.056468205493204, "centroid_lat": 46.029009724933907, "occurrences_today": 1, "datetimes_today": "2026-07-20 06:17:16", "cumulative_total": 13.0 }, "geometry": { "type": "Polygon", "coordinates": [ [ [ -73.056650266528109, 46.023816391381899 ], [ -73.063015866306685, 46.026522706361931 ], [ -73.062834384274353, 46.03171605702255 ], [ -73.056286094430817, 46.03420305318653 ], [ -73.049919965685646, 46.03149635781481 ], [ -73.05010265573361, 46.026303046736352 ], [ -73.056650266528109, 46.023816391381899 ] ] ] } },
{ "type": "Feature", "properties": { "hex_id": 622180, "centroid_lon": -73.050285295596936, "centroid_lat": 46.021109730354908, "occurrences_today": 1, "datetimes_today": "2026-07-20 06:17:16", "cumulative_total": 17.0 }, "geometry": { "type": "Polygon", "coordinates": [ [ [ -73.050467885292733, 46.015916408670606 ], [ -73.056832277552573, 46.018623052530636 ], [ -73.056650266528109, 46.023816391381899 ], [ -73.05010265573361, 46.026303046736352 ], [ -73.043737734978521, 46.023596022531088 ], [ -73.043920953496141, 46.018402723382138 ], [ -73.050467885292733, 46.015916408670606 ] ] ] } },
{ "type": "Feature", "properties": { "hex_id": 623402, "centroid_lon": -73.036821749156488, "centroid_lat": 46.036468466120688, "occurrences_today": 1, "datetimes_today": "2026-07-20 06:17:16", "cumulative_total": 13.0 }, "geometry": { "type": "Polygon", "coordinates": [ [ [ -73.037005697701986, 46.031275200197399 ], [ -73.043371146901038, 46.033982604908964 ], [ -73.043187777306912, 46.039175888137571 ], [ -73.036637750060692, 46.041661726733224 ], [ -73.030271772469163, 46.038953941354293 ], [ -73.030456350499136, 46.033760698112644 ], [ -73.037005697701986, 46.031275200197399 ] ] ] } },
{ "type": "Feature", "properties": { "hex_id": 624622, "centroid_lon": -73.024461742321023, "centroid_lat": 46.020666116643163, "occurrences_today": 1, "datetimes_today": "2026-07-20 06:17:16", "cumulative_total": 13.0 }, "geometry": { "type": "Polygon", "coordinates": [ [ [ -73.024646746569218, 46.015472874880778 ], [ -73.031009780413498, 46.018180936502098 ], [ -73.030825354454066, 46.023374195686387 ], [ -73.024276687242917, 46.025859353087839 ], [ -73.017913125948411, 46.023150910892298 ], [ -73.018098759297999, 46.017957691935031 ], [ -73.024646746569218, 46.015472874880778 ] ] ] } },
{ "type": "Feature", "properties": { "hex_id": 624623, "centroid_lon": -73.023906424527851, "centroid_lat": 46.036245810023509, "occurrences_today": 1, "datetimes_today": "2026-07-20 06:17:16", "cumulative_total": 13.0 }, "geometry": { "type": "Polygon", "coordinates": [ [ [ -73.024091581317634, 46.031052584214692 ], [ -73.030456350499136, 46.033760698112644 ], [ -73.030271772469163, 46.038953941354293 ], [ -73.023721216856288, 46.041439030514113 ], [ -73.017355919805425, 46.038730535834318 ], [ -73.017541706219475, 46.033537332842116 ], [ -73.024091581317634, 46.031052584214692 ] ] ] } },
{ "type": "Feature", "properties": { "hex_id": 625233, "centroid_lon": -73.017727441594701, "centroid_lat": 46.028344124528047, "occurrences_today": 1, "datetimes_today": "2026-07-20 06:17:16", "cumulative_total": 13.0 }, "geometry": { "type": "Polygon", "coordinates": [ [ [ -73.017913125948411, 46.023150910892298 ], [ -73.024276687242917, 46.025859353087839 ], [ -73.024091581317634, 46.031052584214692 ], [ -73.017541706219475, 46.033537332842116 ], [ -73.011177617526712, 46.030828509911366 ], [ -73.011363931313014, 46.025635319153949 ], [ -73.017913125948411, 46.023150910892298 ] ] ] } },
{ "type": "Feature", "properties": { "hex_id": 625843, "centroid_lon": -73.011550193920883, "centroid_lat": 46.020442123071184, "occurrences_today": 1, "datetimes_today": "2026-07-20 06:17:16", "cumulative_total": 13.0 }, "geometry": { "type": "Polygon", "coordinates": [ [ [ -73.011736405367699, 46.015248921663243 ], [ -73.018098759297999, 46.017957691935031 ], [ -73.017913125948411, 46.023150910892298 ], [ -73.011363931313014, 46.025635319153949 ], [ -73.005001050455206, 46.022926168193642 ], [ -73.005187891142924, 46.017732989725722 ], [ -73.011736405367699, 46.015248921663243 ] ] ] } },
{ "type": "Feature", "properties": { "hex_id": 625844, "centroid_lon": -73.010991252544571, "centroid_lat": 46.036021695343258, "occurrences_today": 1, "datetimes_today": "2026-07-20 06:17:16", "cumulative_total": 13.0 }, "geometry": { "type": "Polygon", "coordinates": [ [ [ -73.011177617526712, 46.030828509911366 ], [ -73.017541706219475, 46.033537332842116 ], [ -73.017355919805425, 46.038730535834318 ], [ -73.010804836349166, 46.041214875449427 ], [ -73.004440220310286, 46.038505671622481 ], [ -73.004627215056345, 46.033312509142192 ], [ -73.011177617526712, 46.030828509911366 ] ] ] } },
{ "type": "Feature", "properties": { "hex_id": 626454, "centroid_lon": -73.004814158432168, "centroid_lat": 46.028119341332498, "occurrences_today": 1, "datetimes_today": "2026-07-20 06:17:16", "cumulative_total": 13.0 }, "geometry": { "type": "Polygon", "coordinates": [ [ [ -73.005001050455206, 46.022926168193642 ], [ -73.011363931313014, 46.025635319153949 ], [ -73.011177617526712, 46.030828509911366 ], [ -73.004627215056345, 46.033312509142192 ], [ -72.998263807323312, 46.030602977332386 ], [ -72.998451328918406, 46.025409827206794 ], [ -73.005001050455206, 46.022926168193642 ] ] ] } },
{ "type": "Feature", "properties": { "hex_id": 627064, "centroid_lon": -72.998638799003842, "centroid_lat": 46.020216671748315, "occurrences_today": 1, "datetimes_today": "2026-07-20 06:17:16", "cumulative_total": 13.0 }, "geometry": { "type": "Polygon", "coordinates": [ [ [ -72.998826217597127, 46.015023510957107 ], [ -73.005187891142924, 46.017732989725722 ], [ -73.005001050455206, 46.022926168193642 ], [ -72.998451328918406, 46.025409827206794 ], [ -72.992089128967947, 46.022699967635482 ], [ -72.992277176941442, 46.01750682991922 ], [ -72.998826217597127, 46.015023510957107 ] ] ] } },
{ "type": "Feature", "properties": { "hex_id": 627065, "centroid_lon": -72.998076234201051, "centroid_lat": 46.035796122124907, "occurrences_today": 1, "datetimes_today": "2026-07-20 06:17:16", "cumulative_total": 13.0 }, "geometry": { "type": "Polygon", "coordinates": [ [ [ -72.998263807323312, 46.030602977332386 ], [ -73.004627215056345, 46.033312509142192 ], [ -73.004440220310286, 46.038505671622481 ], [ -72.997888609534073, 46.040989261584166 ], [ -72.991524674978308, 46.038279348763908 ], [ -72.991712878003938, 46.033086227057986 ], [ -72.998263807323312, 46.030602977332386 ] ] ] } },
{ "type": "Feature", "properties": { "hex_id": 627675, "centroid_lon": -72.991901029327977, "centroid_lat": 46.027893100015113, "occurrences_today": 1, "datetimes_today": "2026-07-20 06:17:16", "cumulative_total": 13.0 }, "geometry": { "type": "Polygon", "coordinates": [ [ [ -72.992089128967947, 46.022699967635482 ], [ -72.998451328918406, 46.025409827206794 ], [ -72.998263807323312, 46.030602977332386 ], [ -72.991712878003938, 46.033086227057986 ], [ -72.985350151701425, 46.030375986523026 ], [ -72.985538881052761, 46.025182877291634 ], [ -72.992089128967947, 46.022699967635482 ] ] ] } },
{ "type": "Feature", "properties": { "hex_id": 627676, "centroid_lon": -72.991336420233452, "centroid_lat": 46.043472465132673, "occurrences_today": 1, "datetimes_today": "2026-07-20 06:17:16", "cumulative_total": 13.0 }, "geometry": { "type": "Polygon", "coordinates": [ [ [ -72.991524674978308, 46.038279348763908 ], [ -72.997888609534073, 46.040989261584166 ], [ -72.99770093330487, 46.046182395709984 ], [ -72.991148113751791, 46.048665576164126 ], [ -72.984783652425989, 46.045955282172415 ], [ -72.984972537405682, 46.040762188963598 ], [ -72.991524674978308, 46.038279348763908 ] ] ] } },
{ "type": "Feature", "properties": { "hex_id": 628286, "centroid_lon": -72.985161370491625, "centroid_lat": 46.035569090413738, "occurrences_today": 1, "datetimes_today": "2026-07-20 06:17:16", "cumulative_total": 13.0 }, "geometry": { "type": "Polygon", "coordinates": [ [ [ -72.985350151701425, 46.030375986523026 ], [ -72.991712878003938, 46.033086227057986 ], [ -72.991524674978308, 46.038279348763908 ], [ -72.984972537405682, 46.040762188963598 ], [ -72.978609284803952, 46.038051567304038 ], [ -72.978798696056415, 46.03285848663495 ], [ -72.985350151701425, 46.030375986523026 ] ] ] } },
{ "type": "Feature", "properties": { "hex_id": 628897, "centroid_lon": -72.978419821500808, "centroid_lat": 46.043244642628352, "occurrences_today": 1, "datetimes_today": "2026-07-20 06:17:16", "cumulative_total": 13.0 }, "geometry": { "type": "Polygon", "coordinates": [ [ [ -72.978609284803952, 46.038051567304038 ], [ -72.984972537405682, 46.040762188963598 ], [ -72.984783652425989, 46.045955282172415 ], [ -72.978230306129291, 46.048437712607729 ], [ -72.971866527281364, 46.045726709662617 ], [ -72.972056620958597, 46.040533657633304 ], [ -72.978609284803952, 46.038051567304038 ] ] ] } },
{ "type": "Feature", "properties": { "hex_id": 596497, "centroid_lon": -73.340942357021035, "centroid_lat": 45.370918661131896, "occurrences_today": 5, "datetimes_today": "2026-07-20 05:02:03, 2026-07-20 05:17:31, 2026-07-20 05:31:42, 2026-07-20 05:46:02, 2026-07-20 06:02:01", "cumulative_total": 24.0 }, "geometry": { "type": "Polygon", "coordinates": [ [ [ -73.341094253207501, 45.365723914604359 ], [ -73.3474006313416, 45.368413834857591 ], [ -73.347249298246311, 45.373608595485145 ], [ -73.340790419424437, 45.376113402516019 ], [ -73.334483519616199, 45.373423112907467 ], [ -73.334636020290105, 45.368228385687502 ], [ -73.341094253207501, 45.365723914604359 ] ] ] } },
{ "type": "Feature", "properties": { "hex_id": 370688, "centroid_lon": -75.718786265991994, "centroid_lat": 46.565484232985277, "occurrences_today": 5, "datetimes_today": "2026-07-20 00:01:50, 2026-07-20 00:17:35, 2026-07-20 00:31:39, 2026-07-20 00:46:59, 2026-07-20 01:01:38", "cumulative_total": 22.0 }, "geometry": { "type": "Polygon", "coordinates": [ [ [ -75.718717650232847, 46.560288804965701 ], [ -75.725275155530881, 46.562845346685705 ], [ -75.725344403478516, 46.568040764867497 ], [ -75.718854900745953, 46.570679656186577 ], [ -75.712296744261337, 46.568122753501989 ], [ -75.712228741702432, 46.562927320530022 ], [ -75.718717650232847, 46.560288804965701 ] ] ] } },
{ "type": "Feature", "properties": { "hex_id": 849295, "centroid_lon": -70.641329476404692, "centroid_lat": 46.094863707553792, "occurrences_today": 13, "datetimes_today": "2026-07-20 00:01:50, 2026-07-20 00:17:35, 2026-07-20 00:31:39, 2026-07-20 00:46:59, 2026-07-20 01:01:38, 2026-07-20 01:16:48, 2026-07-20 01:32:07, 2026-07-20 01:46:40, 2026-07-20 02:01:44, 2026-07-20 02:16:41, 2026-07-20 02:31:46, 2026-07-20 02:46:43, 2026-07-20 03:01:45", "cumulative_total": 57.0 }, "geometry": { "type": "Polygon", "coordinates": [ [ [ -70.641738400522854, 46.089682490944398 ], [ -70.647983273195948, 46.092519309609713 ], [ -70.647574893493996, 46.097700566719972 ], [ -70.640920440088308, 46.100044916630928 ], [ -70.634675135216284, 46.097207696404766 ], [ -70.635084715910807, 46.092026527893076 ], [ -70.641738400522854, 46.089682490944398 ] ] ] } },
{ "type": "Feature", "properties": { "hex_id": 365199, "centroid_lon": -75.778724923215563, "centroid_lat": 46.650822974650112, "occurrences_today": 5, "datetimes_today": "2026-07-20 00:01:50, 2026-07-20 00:17:35, 2026-07-20 00:31:39, 2026-07-20 00:46:59, 2026-07-20 01:01:38", "cumulative_total": 18.0 }, "geometry": { "type": "Polygon", "coordinates": [ [ [ -75.778650364275677, 46.645627695612703 ], [ -75.785221002674106, 46.648180682750805 ], [ -75.785296197441241, 46.653375951315006 ], [ -75.778799502818529, 46.656018248856419 ], [ -75.77222820792619, 46.653464900303135 ], [ -75.772154264157649, 46.648269615690914 ], [ -75.778650364275677, 46.645627695612703 ] ] ] } },
{ "type": "Feature", "properties": { "hex_id": 365200, "centroid_lon": -75.778948724042252, "centroid_lat": 46.666408782775918, "occurrences_today": 5, "datetimes_today": "2026-07-20 00:01:50, 2026-07-20 00:17:35, 2026-07-20 00:31:39, 2026-07-20 00:46:59, 2026-07-20 01:01:38", "cumulative_total": 18.0 }, "geometry": { "type": "Polygon", "coordinates": [ [ [ -75.778874103091695, 46.661213518231676 ], [ -75.785446649502603, 46.663766473945621 ], [ -75.785521906811255, 46.668961728012071 ], [ -75.779023365677347, 46.671604042489136 ], [ -75.772450162220224, 46.669050725162585 ], [ -75.772376156950386, 46.663855455038949 ], [ -75.778874103091695, 46.661213518231676 ] ] ] } },
{ "type": "Feature", "properties": { "hex_id": 365806, "centroid_lon": -75.771415952047633, "centroid_lat": 46.596316503939093, "occurrences_today": 5, "datetimes_today": "2026-07-20 00:01:50, 2026-07-20 00:17:35, 2026-07-20 00:31:39, 2026-07-20 00:46:59, 2026-07-20 01:01:38", "cumulative_total": 18.0 }, "geometry": { "type": "Polygon", "coordinates": [ [ [ -75.771342233238613, 46.59112116620048 ], [ -75.777905909775072, 46.593674639525112 ], [ -75.777980262476802, 46.598869966874375 ], [ -75.771489691272194, 46.601511836847934 ], [ -75.764925360423959, 46.59895800272767 ], [ -75.764852255099157, 46.593762659496676 ], [ -75.771342233238613, 46.59112116620048 ] ] ] } },
{ "type": "Feature", "properties": { "hex_id": 365807, "centroid_lon": -75.771637230996134, "centroid_lat": 46.611902488176362, "occurrences_today": 5, "datetimes_today": "2026-07-20 00:01:50, 2026-07-20 00:17:35, 2026-07-20 00:31:39, 2026-07-20 00:46:59, 2026-07-20 01:01:38", "cumulative_total": 18.0 }, "geometry": { "type": "Polygon", "coordinates": [ [ [ -75.771563450919345, 46.606707164927009 ], [ -75.778129029662594, 46.609260607079129 ], [ -75.778203444160908, 46.614455919934613 ], [ -75.771711031509639, 46.617097806595986 ], [ -75.765144797904625, 46.614544003451158 ], [ -75.765071631819708, 46.60934867470489 ], [ -75.771563450919345, 46.606707164927009 ] ] ] } },
{ "type": "Feature", "properties": { "hex_id": 365808, "centroid_lon": -75.771858693875089, "centroid_lat": 46.62748842894618, "occurrences_today": 5, "datetimes_today": "2026-07-20 00:01:50, 2026-07-20 00:17:35, 2026-07-20 00:31:39, 2026-07-20 00:46:59, 2026-07-20 01:01:38", "cumulative_total": 18.0 }, "geometry": { "type": "Polygon", "coordinates": [ [ [ -75.771784852466951, 46.622293120185915 ], [ -75.778352335004001, 46.624846531151974 ], [ -75.778426811363033, 46.630041829513878 ], [ -75.771932555741145, 46.632683732876785 ], [ -75.765364417791744, 46.630129960720815 ], [ -75.765291190883644, 46.62493464645911 ], [ -75.771784852466951, 46.622293120185915 ] ] ] } },
{ "type": "Feature", "properties": { "hex_id": 365809, "centroid_lon": -75.772080340875348, "centroid_lat": 46.643074326249121, "occurrences_today": 5, "datetimes_today": "2026-07-20 00:01:50, 2026-07-20 00:17:35, 2026-07-20 00:31:39, 2026-07-20 00:46:59, 2026-07-20 01:01:38", "cumulative_total": 18.0 }, "geometry": { "type": "Polygon", "coordinates": [ [ [ -75.772006438072211, 46.637879031977768 ], [ -75.778575825991737, 46.640432411744214 ], [ -75.778650364275677, 46.645627695612703 ], [ -75.772154264157649, 46.648269615690914 ], [ -75.765584220274604, 46.645715874537231 ], [ -75.765510932480197, 46.640520574759869 ], [ -75.772006438072211, 46.637879031977768 ] ] ] } },
{ "type": "Feature", "properties": { "hex_id": 365810, "centroid_lon": -75.772302172188077, "centroid_lat": 46.658660180085782, "occurrences_today": 5, "datetimes_today": "2026-07-20 00:01:50, 2026-07-20 00:17:35, 2026-07-20 00:31:39, 2026-07-20 00:46:59, 2026-07-20 01:01:38", "cumulative_total": 18.0 }, "geometry": { "type": "Polygon", "coordinates": [ [ [ -75.77222820792619, 46.653464900303135 ], [ -75.778799502818529, 46.656018248856419 ], [ -75.778874103091695, 46.661213518231676 ], [ -75.772376156950386, 46.663855455038949 ], [ -75.765804205542793, 46.661301744901024 ], [ -75.765730856798868, 46.656106459607798 ], [ -75.77222820792619, 46.653464900303135 ] ] ] } },
{ "type": "Feature", "properties": { "hex_id": 366415, "centroid_lon": -75.764560036123868, "centroid_lat": 46.572981238289593, "occurrences_today": 5, "datetimes_today": "2026-07-20 00:01:50, 2026-07-20 00:17:35, 2026-07-20 00:31:39, 2026-07-20 00:46:59, 2026-07-20 01:01:38", "cumulative_total": 18.0 }, "geometry": { "type": "Polygon", "coordinates": [ [ [ -75.764487031926109, 46.567785870916943 ], [ -75.771047562016918, 46.570339766947839 ], [ -75.771121199234273, 46.575535124005761 ], [ -75.764633060533072, 46.578176600833864 ], [ -75.75807187720774, 46.575622344232293 ], [ -75.757999485825124, 46.570426971440419 ], [ -75.764487031926109, 46.567785870916943 ] ] ] } },
{ "type": "Feature", "properties": { "hex_id": 366416, "centroid_lon": -75.764779170013725, "centroid_lat": 46.588567311437394, "occurrences_today": 5, "datetimes_today": "2026-07-20 00:01:50, 2026-07-20 00:17:35, 2026-07-20 00:31:39, 2026-07-20 00:46:59, 2026-07-20 01:01:38", "cumulative_total": 18.0 }, "geometry": { "type": "Polygon", "coordinates": [ [ [ -75.764706105160698, 46.58337195854979 ], [ -75.771268534838072, 46.58592582363206 ], [ -75.771342233238613, 46.59112116620048 ], [ -75.764852255099157, 46.593762659496676 ], [ -75.758289171638395, 46.59120843364677 ], [ -75.758216720107455, 46.586013075335444 ], [ -75.764706105160698, 46.58337195854979 ] ] ] } },
{ "type": "Feature", "properties": { "hex_id": 366417, "centroid_lon": -75.764998485995136, "centroid_lat": 46.604153341130413, "occurrences_today": 5, "datetimes_today": "2026-07-20 00:01:50, 2026-07-20 00:17:35, 2026-07-20 00:31:39, 2026-07-20 00:46:59, 2026-07-20 01:01:38", "cumulative_total": 18.0 }, "geometry": { "type": "Polygon", "coordinates": [ [ [ -75.764925360423959, 46.59895800272767 ], [ -75.771489691272194, 46.601511836847934 ], [ -75.771563450919345, 46.606707164927009 ], [ -75.765071631819708, 46.60934867470489 ], [ -75.758506646638622, 46.606794479619943 ], [ -75.758434134897044, 46.601599135788994 ], [ -75.764925360423959, 46.59895800272767 ] ] ] } },
{ "type": "Feature", "properties": { "hex_id": 366418, "centroid_lon": -75.76521798425695, "centroid_lat": 46.619739327369224, "occurrences_today": 5, "datetimes_today": "2026-07-20 00:01:50, 2026-07-20 00:17:35, 2026-07-20 00:31:39, 2026-07-20 00:46:59, 2026-07-20 01:01:38", "cumulative_total": 18.0 }, "geometry": { "type": "Polygon", "coordinates": [ [ [ -75.765144797904625, 46.614544003451158 ], [ -75.771711031509639, 46.617097806595986 ], [ -75.771784852466951, 46.622293120185915 ], [ -75.765291190883644, 46.62493464645911 ], [ -75.758724302395748, 46.622380482152408 ], [ -75.758651730381047, 46.617185152801632 ], [ -75.765144797904625, 46.614544003451158 ] ] ] } },
{ "type": "Feature", "properties": { "hex_id": 366419, "centroid_lon": -75.765437664988255, "centroid_lat": 46.635325270154397, "occurrences_today": 5, "datetimes_today": "2026-07-20 00:01:50, 2026-07-20 00:17:35, 2026-07-20 00:31:39, 2026-07-20 00:46:59, 2026-07-20 01:01:38", "cumulative_total": 18.0 }, "geometry": { "type": "Polygon", "coordinates": [ [ [ -75.765364417791744, 46.630129960720815 ], [ -75.771932555741145, 46.632683732876785 ], [ -75.772006438072211, 46.637879031977768 ], [ -75.765510932480197, 46.640520574759869 ], [ -75.758942139097314, 46.637966441244735 ], [ -75.758869506746933, 46.632771126373939 ], [ -75.765364417791744, 46.630129960720815 ] ] ] } },
{ "type": "Feature", "properties": { "hex_id": 367025, "centroid_lon": -75.757927114478079, "centroid_lat": 46.56523159382165, "occurrences_today": 5, "datetimes_today": "2026-07-20 00:01:50, 2026-07-20 00:17:35, 2026-07-20 00:31:39, 2026-07-20 00:46:59, 2026-07-20 01:01:38", "cumulative_total": 18.0 }, "geometry": { "type": "Polygon", "coordinates": [ [ [ -75.757854763159699, 46.560036211375952 ], [ -75.764414047932803, 46.562590498715913 ], [ -75.764487031926109, 46.567785870916943 ], [ -75.757999485825124, 46.570426971440419 ], [ -75.751439548344948, 46.5678723235578 ], [ -75.751367809679749, 46.562676935761473 ], [ -75.757854763159699, 46.560036211375952 ] ] ] } },
{ "type": "Feature", "properties": { "hex_id": 367026, "centroid_lon": -75.758144288632892, "centroid_lat": 46.580817712197295, "occurrences_today": 5, "datetimes_today": "2026-07-20 00:01:50, 2026-07-20 00:17:35, 2026-07-20 00:31:39, 2026-07-20 00:46:59, 2026-07-20 01:01:38", "cumulative_total": 18.0 }, "geometry": { "type": "Polygon", "coordinates": [ [ [ -75.75807187720774, 46.575622344232293 ], [ -75.764633060533072, 46.578176600833864 ], [ -75.764706105160698, 46.58337195854979 ], [ -75.758216720107455, 46.586013075335444 ], [ -75.751654883526754, 46.583458457994283 ], [ -75.751583085261586, 46.578263084674184 ], [ -75.75807187720774, 46.575622344232293 ] ] ] } },
{ "type": "Feature", "properties": { "hex_id": 367027, "centroid_lon": -75.75836164323259, "centroid_lat": 46.59640378713128, "occurrences_today": 5, "datetimes_today": "2026-07-20 00:01:50, 2026-07-20 00:17:35, 2026-07-20 00:31:39, 2026-07-20 00:46:59, 2026-07-20 01:01:38", "cumulative_total": 18.0 }, "geometry": { "type": "Polygon", "coordinates": [ [ [ -75.758289171638395, 46.59120843364677 ], [ -75.764852255099157, 46.593762659496676 ], [ -75.764925360423959, 46.59895800272767 ], [ -75.758434134897044, 46.601599135788994 ], [ -75.75187039763199, 46.599044549002429 ], [ -75.751798539705092, 46.59384919015838 ], [ -75.758289171638395, 46.59120843364677 ] ] ] } },
{ "type": "Feature", "properties": { "hex_id": 367028, "centroid_lon": -75.758579178464316, "centroid_lat": 46.611989818624153, "occurrences_today": 5, "datetimes_today": "2026-07-20 00:01:50, 2026-07-20 00:17:35, 2026-07-20 00:31:39, 2026-07-20 00:46:59, 2026-07-20 01:01:38", "cumulative_total": 18.0 }, "geometry": { "type": "Polygon", "coordinates": [ [ [ -75.758506646638622, 46.606794479619943 ], [ -75.765071631819708, 46.60934867470489 ], [ -75.765144797904625, 46.614544003451158 ], [ -75.758651730381047, 46.617185152801632 ], [ -75.75208609084622, 46.614630596582842 ], [ -75.752014173195676, 46.609435252214638 ], [ -75.758506646638622, 46.606794479619943 ] ] ] } },
{ "type": "Feature", "properties": { "hex_id": 367029, "centroid_lon": -75.758796894515399, "centroid_lat": 46.627575806676496, "occurrences_today": 5, "datetimes_today": "2026-07-20 00:01:50, 2026-07-20 00:17:35, 2026-07-20 00:31:39, 2026-07-20 00:46:59, 2026-07-20 01:01:38", "cumulative_total": 18.0 }, "geometry": { "type": "Polygon", "coordinates": [ [ [ -75.758724302395748, 46.622380482152408 ], [ -75.765291190883644, 46.62493464645911 ], [ -75.765364417791744, 46.630129960720815 ], [ -75.758869506746933, 46.632771126373939 ], [ -75.752301963355222, 46.630216600736141 ], [ -75.752229985919101, 46.625021270843568 ], [ -75.758724302395748, 46.622380482152408 ] ] ] } },
{ "type": "Feature", "properties": { "hex_id": 367636, "centroid_lon": -75.751511306869943, "centroid_lat": 46.573067706528704, "occurrences_today": 5, "datetimes_today": "2026-07-20 00:01:50, 2026-07-20 00:17:35, 2026-07-20 00:31:39, 2026-07-20 00:46:59, 2026-07-20 01:01:38", "cumulative_total": 18.0 }, "geometry": { "type": "Polygon", "coordinates": [ [ [ -75.751439548344948, 46.5678723235578 ], [ -75.757999485825124, 46.570426971440419 ], [ -75.75807187720774, 46.575622344232293 ], [ -75.751583085261586, 46.578263084674184 ], [ -75.745022495053703, 46.575708076080048 ], [ -75.744951349526559, 46.570512687822671 ], [ -75.751439548344948, 46.5678723235578 ] ] ] } },
{ "type": "Feature", "properties": { "hex_id": 367637, "centroid_lon": -75.751726701672297, "centroid_lat": 46.588653826489008, "occurrences_today": 5, "datetimes_today": "2026-07-20 00:01:50, 2026-07-20 00:17:35, 2026-07-20 00:31:39, 2026-07-20 00:46:59, 2026-07-20 01:01:38", "cumulative_total": 18.0 }, "geometry": { "type": "Polygon", "coordinates": [ [ [ -75.751654883526754, 46.583458457994283 ], [ -75.758216720107455, 46.586013075335444 ], [ -75.758289171638395, 46.59120843364677 ], [ -75.751798539705092, 46.59384919015838 ], [ -75.745236049848302, 46.591294211908647 ], [ -75.745164845207768, 46.586098838123014 ], [ -75.751654883526754, 46.583458457994283 ] ] ] } },
{ "type": "Feature", "properties": { "hex_id": 367638, "centroid_lon": -75.751942275459896, "centroid_lat": 46.604239903021181, "occurrences_today": 5, "datetimes_today": "2026-07-20 00:01:50, 2026-07-20 00:17:35, 2026-07-20 00:31:39, 2026-07-20 00:46:59, 2026-07-20 01:01:38", "cumulative_total": 18.0 }, "geometry": { "type": "Polygon", "coordinates": [ [ [ -75.75187039763199, 46.599044549002429 ], [ -75.758434134897044, 46.601599135788994 ], [ -75.758506646638622, 46.606794479619943 ], [ -75.752014173195676, 46.609435252214638 ], [ -75.745449782105638, 46.60688030432236 ], [ -75.745378518290423, 46.601684945008287 ], [ -75.75187039763199, 46.599044549002429 ] ] ] } },
{ "type": "Feature", "properties": { "hex_id": 367639, "centroid_lon": -75.752158028418393, "centroid_lat": 46.619825936125814, "occurrences_today": 5, "datetimes_today": "2026-07-20 00:01:50, 2026-07-20 00:17:35, 2026-07-20 00:31:39, 2026-07-20 00:46:59, 2026-07-20 01:01:38", "cumulative_total": 18.0 }, "geometry": { "type": "Polygon", "coordinates": [ [ [ -75.75208609084622, 46.614630596582842 ], [ -75.758651730381047, 46.617185152801632 ], [ -75.758724302395748, 46.622380482152408 ], [ -75.752229985919101, 46.625021270843568 ], [ -75.745663692009771, 46.622466353321805 ], [ -75.745592368958484, 46.617271008479108 ], [ -75.75208609084622, 46.614630596582842 ] ] ] } },
{ "type": "Feature", "properties": { "hex_id": 367643, "centroid_lon": -75.753022835683169, "centroid_lat": 46.682169634281387, "occurrences_today": 5, "datetimes_today": "2026-07-20 00:01:50, 2026-07-20 00:17:35, 2026-07-20 00:31:39, 2026-07-20 00:46:59, 2026-07-20 01:01:38", "cumulative_total": 18.0 }, "geometry": { "type": "Polygon", "coordinates": [ [ [ -75.752950658513072, 46.676974352639441 ], [ -75.759523923014655, 46.67952878645503 ], [ -75.759596736748222, 46.684724057887159 ], [ -75.753095032864735, 46.687364911098399 ], [ -75.746521111784759, 46.684810115189663 ], [ -75.746449551173598, 46.679614828230228 ], [ -75.752950658513072, 46.676974352639441 ] ] ] } },
{ "type": "Feature", "properties": { "hex_id": 368246, "centroid_lon": -75.744880223690274, "centroid_lat": 46.56531729474132, "occurrences_today": 5, "datetimes_today": "2026-07-20 00:01:50, 2026-07-20 00:17:35, 2026-07-20 00:31:39, 2026-07-20 00:46:59, 2026-07-20 01:01:38", "cumulative_total": 18.0 }, "geometry": { "type": "Polygon", "coordinates": [ [ [ -75.74480911753804, 46.56012189683598 ], [ -75.751367809679749, 46.562676935761473 ], [ -75.751439548344948, 46.5678723235578 ], [ -75.744951349526559, 46.570512687822671 ], [ -75.738392005184423, 46.567957288213769 ], [ -75.738321511867895, 46.562761885090509 ], [ -75.74480911753804, 46.56012189683598 ] ] ] } },
{ "type": "Feature", "properties": { "hex_id": 368247, "centroid_lon": -75.745093660278499, "centroid_lat": 46.580903459513493, "occurrences_today": 5, "datetimes_today": "2026-07-20 00:01:50, 2026-07-20 00:17:35, 2026-07-20 00:31:39, 2026-07-20 00:46:59, 2026-07-20 01:01:38", "cumulative_total": 18.0 }, "geometry": { "type": "Polygon", "coordinates": [ [ [ -75.745022495053703, 46.575708076080048 ], [ -75.751583085261586, 46.578263084674184 ], [ -75.751654883526754, 46.583458457994283 ], [ -75.745164845207768, 46.586098838123014 ], [ -75.738603602251658, 46.583543468648443 ], [ -75.738533050369554, 46.578348079992708 ], [ -75.745022495053703, 46.575708076080048 ] ] ] } },
{ "type": "Feature", "properties": { "hex_id": 368248, "centroid_lon": -75.745307274206922, "centroid_lat": 46.596489580870397, "occurrences_today": 5, "datetimes_today": "2026-07-20 00:01:50, 2026-07-20 00:17:35, 2026-07-20 00:31:39, 2026-07-20 00:46:59, 2026-07-20 01:01:38", "cumulative_total": 18.0 }, "geometry": { "type": "Polygon", "coordinates": [ [ [ -75.745236049848302, 46.591294211908647 ], [ -75.751798539705092, 46.59384919015838 ], [ -75.75187039763199, 46.599044549002429 ], [ -75.745378518290423, 46.601684945008287 ], [ -75.738815375137037, 46.599129605680986 ], [ -75.738744764628649, 46.593934231492568 ], [ -75.745236049848302, 46.591294211908647 ] ] ] } },
{ "type": "Feature", "properties": { "hex_id": 368249, "centroid_lon": -75.745521065659375, "centroid_lat": 46.612075658812628, "occurrences_today": 5, "datetimes_today": "2026-07-20 00:01:50, 2026-07-20 00:17:35, 2026-07-20 00:31:39, 2026-07-20 00:46:59, 2026-07-20 01:01:38", "cumulative_total": 18.0 }, "geometry": { "type": "Polygon", "coordinates": [ [ [ -75.745449782105638, 46.60688030432236 ], [ -75.752014173195676, 46.609435252214638 ], [ -75.75208609084622, 46.614630596582842 ], [ -75.745592368958484, 46.617271008479108 ], [ -75.739027324022885, 46.614715699312001 ], [ -75.73895665482739, 46.609520339590681 ], [ -75.745449782105638, 46.60688030432236 ] ] ] } },
{ "type": "Feature", "properties": { "hex_id": 368253, "centroid_lon": -75.746378010396811, "centroid_lat": 46.67441953644731, "occurrences_today": 5, "datetimes_today": "2026-07-20 00:01:50, 2026-07-20 00:17:35, 2026-07-20 00:31:39, 2026-07-20 00:46:59, 2026-07-20 01:01:38", "cumulative_total": 18.0 }, "geometry": { "type": "Polygon", "coordinates": [ [ [ -75.74630648944752, 46.669224239840901 ], [ -75.752878501347482, 46.67177906617254 ], [ -75.752950658513072, 46.676974352639441 ], [ -75.746449551173598, 46.679614828230228 ], [ -75.739876883226415, 46.677059639833644 ], [ -75.739805978672777, 46.671864337978576 ], [ -75.74630648944752, 46.669224239840901 ] ] ] } },
{ "type": "Feature", "properties": { "hex_id": 368856, "centroid_lon": -75.738251038059758, "centroid_lat": 46.557566477144711, "occurrences_today": 5, "datetimes_today": "2026-07-20 00:01:50, 2026-07-20 00:17:35, 2026-07-20 00:31:39, 2026-07-20 00:46:59, 2026-07-20 01:01:38", "cumulative_total": 18.0 }, "geometry": { "type": "Polygon", "coordinates": [ [ [ -75.738180583753262, 46.552371064376324 ], [ -75.744738031063079, 46.554926494106645 ], [ -75.74480911753804, 46.56012189683598 ], [ -75.738321511867895, 46.562761885090509 ], [ -75.731763412884575, 46.560206094704945 ], [ -75.73169357125164, 46.555010676787198 ], [ -75.738180583753262, 46.552371064376324 ] ] ] } },
{ "type": "Feature", "properties": { "hex_id": 368857, "centroid_lon": -75.738462518016064, "centroid_lat": 46.573152686514504, "occurrences_today": 5, "datetimes_today": "2026-07-20 00:01:50, 2026-07-20 00:17:35, 2026-07-20 00:31:39, 2026-07-20 00:46:59, 2026-07-20 01:01:38", "cumulative_total": 18.0 }, "geometry": { "type": "Polygon", "coordinates": [ [ [ -75.738392005184423, 46.567957288213769 ], [ -75.744951349526559, 46.570512687822671 ], [ -75.745022495053703, 46.575708076080048 ], [ -75.738533050369554, 46.578348079992708 ], [ -75.731973053806684, 46.575792319531544 ], [ -75.731903154155432, 46.570596916077115 ], [ -75.738392005184423, 46.567957288213769 ] ] ] } },
{ "type": "Feature", "properties": { "hex_id": 368858, "centroid_lon": -75.738674173669111, "centroid_lat": 46.58873885248174, "occurrences_today": 5, "datetimes_today": "2026-07-20 00:01:50, 2026-07-20 00:17:35, 2026-07-20 00:31:39, 2026-07-20 00:46:59, 2026-07-20 01:01:38", "cumulative_total": 18.0 }, "geometry": { "type": "Polygon", "coordinates": [ [ [ -75.738603602251658, 46.583543468648443 ], [ -75.745164845207768, 46.586098838123014 ], [ -75.745236049848302, 46.591294211908647 ], [ -75.738744764628649, 46.593934231492568 ], [ -75.732182868903976, 46.591378500968617 ], [ -75.732112911174269, 46.586183111977284 ], [ -75.738603602251658, 46.583543468648443 ] ] ] } },
{ "type": "Feature", "properties": { "hex_id": 368859, "centroid_lon": -75.738886005201039, "centroid_lat": 46.604324975047021, "occurrences_today": 5, "datetimes_today": "2026-07-20 00:01:50, 2026-07-20 00:17:35, 2026-07-20 00:31:39, 2026-07-20 00:46:59, 2026-07-20 01:01:38", "cumulative_total": 18.0 }, "geometry": { "type": "Polygon", "coordinates": [ [ [ -75.738815375137037, 46.599129605680986 ], [ -75.745378518290423, 46.601684945008287 ], [ -75.745449782105638, 46.60688030432236 ], [ -75.73895665482739, 46.609520339590681 ], [ -75.732392858357059, 46.606964639016752 ], [ -75.732322842488671, 46.601769264488325 ], [ -75.738815375137037, 46.599129605680986 ] ] ] } },
{ "type": "Feature", "properties": { "hex_id": 368860, "centroid_lon": -75.739098012794258, "centroid_lat": 46.619911054211002, "occurrences_today": 5, "datetimes_today": "2026-07-20 00:01:50, 2026-07-20 00:17:35, 2026-07-20 00:31:39, 2026-07-20 00:46:59, 2026-07-20 01:01:38", "cumulative_total": 18.0 }, "geometry": { "type": "Polygon", "coordinates": [ [ [ -75.739027324022885, 46.614715699312001 ], [ -75.745592368958484, 46.617271008479108 ], [ -75.745663692009771, 46.622466353321805 ], [ -75.739168721148289, 46.625106404287699 ], [ -75.732603022346737, 46.622550733676626 ], [ -75.732532948279385, 46.617355373610891 ], [ -75.739027324022885, 46.614715699312001 ] ] ] } },
{ "type": "Feature", "properties": { "hex_id": 368863, "centroid_lon": -75.739735093769667, "centroid_lat": 46.666669031301481, "occurrences_today": 5, "datetimes_today": "2026-07-20 00:01:50, 2026-07-20 00:17:35, 2026-07-20 00:31:39, 2026-07-20 00:46:59, 2026-07-20 01:01:38", "cumulative_total": 18.0 }, "geometry": { "type": "Polygon", "coordinates": [ [ [ -75.739664228510293, 46.661473719802281 ], [ -75.746234988318847, 46.664028938410979 ], [ -75.74630648944752, 46.669224239840901 ], [ -75.739805978672777, 46.671864337978576 ], [ -75.733234563347807, 46.669308757333226 ], [ -75.733164314320774, 46.664113440654212 ], [ -75.739664228510293, 46.661473719802281 ] ] ] } },
{ "type": "Feature", "properties": { "hex_id": 369467, "centroid_lon": -75.731833273850299, "centroid_lat": 46.565401507801582, "occurrences_today": 5, "datetimes_today": "2026-07-20 00:01:50, 2026-07-20 00:17:35, 2026-07-20 00:31:39, 2026-07-20 00:46:59, 2026-07-20 01:01:38", "cumulative_total": 18.0 }, "geometry": { "type": "Polygon", "coordinates": [ [ [ -75.731763412884575, 46.560206094704945 ], [ -75.738321511867895, 46.562761885090509 ], [ -75.738392005184423, 46.567957288213769 ], [ -75.731903154155432, 46.570596916077115 ], [ -75.725344403478516, 46.568040764867497 ], [ -75.725275155530881, 46.562845346685705 ], [ -75.731763412884575, 46.560206094704945 ] ] ] } },
{ "type": "Feature", "properties": { "hex_id": 369468, "centroid_lon": -75.732042972810731, "centroid_lat": 46.580987718164927, "occurrences_today": 5, "datetimes_today": "2026-07-20 00:01:50, 2026-07-20 00:17:35, 2026-07-20 00:31:39, 2026-07-20 00:46:59, 2026-07-20 01:01:38", "cumulative_total": 18.0 }, "geometry": { "type": "Polygon", "coordinates": [ [ [ -75.731973053806684, 46.575792319531544 ], [ -75.738533050369554, 46.578348079992708 ], [ -75.738603602251658, 46.583543468648443 ], [ -75.732112911174269, 46.586183111977284 ], [ -75.725552262370528, 46.583626990494956 ], [ -75.725482956891724, 46.578431586772105 ], [ -75.731973053806684, 46.575792319531544 ] ] ] } },
{ "type": "Feature", "properties": { "hex_id": 369469, "centroid_lon": -75.732252846006546, "centroid_lat": 46.596573885138952, "occurrences_today": 5, "datetimes_today": "2026-07-20 00:01:50, 2026-07-20 00:17:35, 2026-07-20 00:31:39, 2026-07-20 00:46:59, 2026-07-20 01:01:38", "cumulative_total": 18.0 }, "geometry": { "type": "Polygon", "coordinates": [ [ [ -75.732182868903976, 46.591378500968617 ], [ -75.738744764628649, 46.593934231492568 ], [ -75.738815375137037, 46.599129605680986 ], [ -75.732322842488671, 46.601769264488325 ], [ -75.725760293975284, 46.599213172745991 ], [ -75.725690930905671, 46.594017783481874 ], [ -75.732182868903976, 46.591378500968617 ] ] ] } },
{ "type": "Feature", "properties": { "hex_id": 369470, "centroid_lon": -75.73246289361839, "centroid_lat": 46.612160008724267, "occurrences_today": 5, "datetimes_today": "2026-07-20 00:01:50, 2026-07-20 00:17:35, 2026-07-20 00:31:39, 2026-07-20 00:46:59, 2026-07-20 01:01:38", "cumulative_total": 18.0 }, "geometry": { "type": "Polygon", "coordinates": [ [ [ -75.732392858357059, 46.606964639016752 ], [ -75.73895665482739, 46.609520339590681 ], [ -75.739027324022885, 46.614715699312001 ], [ -75.732532948279385, 46.617355373610891 ], [ -75.725968498471886, 46.61479931162124 ], [ -75.725899077751734, 46.609603936815653 ], [ -75.732392858357059, 46.606964639016752 ] ] ] } },
{ "type": "Feature", "properties": { "hex_id": 369474, "centroid_lon": -75.733304831848457, "centroid_lat": 46.674504069191627, "occurrences_today": 5, "datetimes_today": "2026-07-20 00:01:50, 2026-07-20 00:17:35, 2026-07-20 00:31:39, 2026-07-20 00:46:59, 2026-07-20 01:01:38", "cumulative_total": 18.0 }, "geometry": { "type": "Polygon", "coordinates": [ [ [ -75.733234563347807, 46.669308757333226 ], [ -75.739805978672777, 46.671864337978576 ], [ -75.739876883226415, 46.677059639833644 ], [ -75.733375119829461, 46.679699376229443 ], [ -75.726803048967767, 46.677143433377935 ], [ -75.726733397046502, 46.671948116404145 ], [ -75.733234563347807, 46.669308757333226 ] ] ] } },
{ "type": "Feature", "properties": { "hex_id": 370077, "centroid_lon": -75.725205926747051, "centroid_lat": 46.557649923684203, "occurrences_today": 5, "datetimes_today": "2026-07-20 00:01:50, 2026-07-20 00:17:35, 2026-07-20 00:31:39, 2026-07-20 00:46:59, 2026-07-20 01:01:38", "cumulative_total": 18.0 }, "geometry": { "type": "Polygon", "coordinates": [ [ [ -75.725136717120421, 46.552454495862975 ], [ -75.73169357125164, 46.555010676787198 ], [ -75.731763412884575, 46.560206094704945 ], [ -75.725275155530881, 46.562845346685705 ], [ -75.718717650232847, 46.560288804965701 ], [ -75.718649053461945, 46.555093372127821 ], [ -75.725136717120421, 46.552454495862975 ] ] ] } },
{ "type": "Feature", "properties": { "hex_id": 370078, "centroid_lon": -75.725413670596595, "centroid_lat": 46.573236178229635, "occurrences_today": 5, "datetimes_today": "2026-07-20 00:01:50, 2026-07-20 00:17:35, 2026-07-20 00:31:39, 2026-07-20 00:46:59, 2026-07-20 01:01:38", "cumulative_total": 18.0 }, "geometry": { "type": "Polygon", "coordinates": [ [ [ -75.725344403478516, 46.568040764867497 ], [ -75.731903154155432, 46.570596916077115 ], [ -75.731973053806684, 46.575792319531544 ], [ -75.725482956891724, 46.578431586772105 ], [ -75.718923554501274, 46.575875074569609 ], [ -75.718854900745953, 46.570679656186577 ], [ -75.725344403478516, 46.568040764867497 ] ] ] } },
{ "type": "Feature", "properties": { "hex_id": 370079, "centroid_lon": -75.725621587039626, "centroid_lat": 46.58882238939821, "occurrences_today": 5, "datetimes_today": "2026-07-20 00:01:50, 2026-07-20 00:17:35, 2026-07-20 00:31:39, 2026-07-20 00:46:59, 2026-07-20 01:01:38", "cumulative_total": 18.0 }, "geometry": { "type": "Polygon", "coordinates": [ [ [ -75.725552262370528, 46.583626990494956 ], [ -75.732112911174269, 46.586183111977284 ], [ -75.732182868903976, 46.591378500968617 ], [ -75.725690930905671, 46.594017783481874 ], [ -75.719129629841078, 46.59146130080947 ], [ -75.719060919042278, 46.586265896881031 ], [ -75.725552262370528, 46.583626990494956 ] ] ] } },
{ "type": "Feature", "properties": { "hex_id": 370080, "centroid_lon": -75.725829676255088, "centroid_lat": 46.604408557190567, "occurrences_today": 5, "datetimes_today": "2026-07-20 00:01:50, 2026-07-20 00:17:35, 2026-07-20 00:31:39, 2026-07-20 00:46:59, 2026-07-20 01:01:38", "cumulative_total": 18.0 }, "geometry": { "type": "Polygon", "coordinates": [ [ [ -75.725760293975284, 46.599213172745991 ], [ -75.732322842488671, 46.601769264488325 ], [ -75.732392858357059, 46.606964639016752 ], [ -75.725899077751734, 46.609603936815653 ], [ -75.719335876429611, 46.607047483685911 ], [ -75.719267108528172, 46.601852094211878 ], [ -75.725760293975284, 46.599213172745991 ] ] ] } },
{ "type": "Feature", "properties": { "hex_id": 370084, "centroid_lon": -75.726663764428665, "centroid_lat": 46.666752794611199, "occurrences_today": 5, "datetimes_today": "2026-07-20 00:01:50, 2026-07-20 00:17:35, 2026-07-20 00:31:39, 2026-07-20 00:46:59, 2026-07-20 01:01:38", "cumulative_total": 18.0 }, "geometry": { "type": "Polygon", "coordinates": [ [ [ -75.726594151107605, 46.661557467999032 ], [ -75.733164314320774, 46.664113440654212 ], [ -75.733234563347807, 46.669308757333226 ], [ -75.726733397046502, 46.671948116404145 ], [ -75.720162578827257, 46.669391781571193 ], [ -75.720093581922086, 46.664196449912453 ], [ -75.726594151107605, 46.661557467999032 ] ] ] } },
{ "type": "Feature", "properties": { "hex_id": 370690, "centroid_lon": -75.71919835966753, "centroid_lat": 46.596656699919734, "occurrences_today": 5, "datetimes_today": "2026-07-20 00:01:50, 2026-07-20 00:17:35, 2026-07-20 00:31:39, 2026-07-20 00:46:59, 2026-07-20 01:01:38", "cumulative_total": 18.0 }, "geometry": { "type": "Polygon", "coordinates": [ [ [ -75.719129629841078, 46.59146130080947 ], [ -75.725690930905671, 46.594017783481874 ], [ -75.725760293975284, 46.599213172745991 ], [ -75.719267108528172, 46.601852094211878 ], [ -75.712705155182917, 46.599295250180376 ], [ -75.712637039572002, 46.594099846109266 ], [ -75.719129629841078, 46.59146130080947 ] ] ] } },
{ "type": "Feature", "properties": { "hex_id": 370691, "centroid_lon": -75.719404663378427, "centroid_lat": 46.612242868341866, "occurrences_today": 5, "datetimes_today": "2026-07-20 00:01:50, 2026-07-20 00:17:35, 2026-07-20 00:31:39, 2026-07-20 00:46:59, 2026-07-20 01:01:38", "cumulative_total": 18.0 }, "geometry": { "type": "Polygon", "coordinates": [ [ [ -75.719335876429611, 46.607047483685911 ], [ -75.725899077751734, 46.609603936815653 ], [ -75.725968498471886, 46.61479931162124 ], [ -75.719473469381185, 46.617438248179752 ], [ -75.712909615230473, 46.614881433493501 ], [ -75.71284144300563, 46.609686043872486 ], [ -75.719335876429611, 46.607047483685911 ] ] ] } },
{ "type": "Feature", "properties": { "hex_id": 370693, "centroid_lon": -75.719817785435012, "centroid_lat": 46.643415075099242, "occurrences_today": 5, "datetimes_today": "2026-07-20 00:01:50, 2026-07-20 00:17:35, 2026-07-20 00:31:39, 2026-07-20 00:46:59, 2026-07-20 01:01:38", "cumulative_total": 18.0 }, "geometry": { "type": "Polygon", "coordinates": [ [ [ -75.719748884063591, 46.63821971935127 ], [ -75.72631589065756, 46.640776113357859 ], [ -75.726385426858286, 46.645971459247072 ], [ -75.719886705899953, 46.648610426029343 ], [ -75.713319045379848, 46.646053670071083 ], [ -75.713250759750807, 46.640858309349532 ], [ -75.719748884063591, 46.63821971935127 ] ] ] } },
{ "type": "Feature", "properties": { "hex_id": 370694, "centroid_lon": -75.720024604136867, "centroid_lat": 46.65900111343592, "occurrences_today": 5, "datetimes_today": "2026-07-20 00:01:50, 2026-07-20 00:17:35, 2026-07-20 00:31:39, 2026-07-20 00:46:59, 2026-07-20 01:01:38", "cumulative_total": 18.0 }, "geometry": { "type": "Polygon", "coordinates": [ [ [ -75.719955645465049, 46.653805772141553 ], [ -75.726524557076658, 46.656362136567651 ], [ -75.726594151107605, 46.661557467999032 ], [ -75.720093581922086, 46.664196449912453 ], [ -75.713524015834679, 46.661639723336961 ], [ -75.713455673415226, 46.65644437706478 ], [ -75.719955645465049, 46.653805772141553 ] ] ] } },
{ "type": "Feature", "properties": { "hex_id": 371298, "centroid_lon": -75.712160757962764, "centroid_lat": 46.557731882741166, "occurrences_today": 5, "datetimes_today": "2026-07-20 00:01:50, 2026-07-20 00:17:35, 2026-07-20 00:31:39, 2026-07-20 00:46:59, 2026-07-20 01:01:38", "cumulative_total": 18.0 }, "geometry": { "type": "Polygon", "coordinates": [ [ [ -75.712092793035822, 46.552536440135377 ], [ -75.718649053461945, 46.555093372127821 ], [ -75.718717650232847, 46.560288804965701 ], [ -75.712228741702432, 46.562927320530022 ], [ -75.705671830616353, 46.560370027601351 ], [ -75.705604478727153, 46.555174580111682 ], [ -75.712092793035822, 46.552536440135377 ] ] ] } },
{ "type": "Feature", "properties": { "hex_id": 371299, "centroid_lon": -75.712364765645987, "centroid_lat": 46.573318181657093, "occurrences_today": 5, "datetimes_today": "2026-07-20 00:01:50, 2026-07-20 00:17:35, 2026-07-20 00:31:39, 2026-07-20 00:46:59, 2026-07-20 01:01:38", "cumulative_total": 18.0 }, "geometry": { "type": "Polygon", "coordinates": [ [ [ -75.712296744261337, 46.568122753501989 ], [ -75.718854900745953, 46.570679656186577 ], [ -75.718923554501274, 46.575875074569609 ], [ -75.712432805862875, 46.578513604995337 ], [ -75.705873998172095, 46.575956341177353 ], [ -75.705806590332386, 46.570760908134176 ], [ -75.712296744261337, 46.568122753501989 ] ] ] } },
{ "type": "Feature", "properties": { "hex_id": 371300, "centroid_lon": -75.712568942819374, "centroid_lat": 46.588904437221409, "occurrences_today": 5, "datetimes_today": "2026-07-20 00:01:50, 2026-07-20 00:17:35, 2026-07-20 00:31:39, 2026-07-20 00:46:59, 2026-07-20 01:01:38", "cumulative_total": 18.0 }, "geometry": { "type": "Polygon", "coordinates": [ [ [ -75.712500864918496, 46.583709023516775 ], [ -75.719060919042278, 46.586265896881031 ], [ -75.719129629841078, 46.59146130080947 ], [ -75.712637039572002, 46.594099846109266 ], [ -75.706076333695279, 46.591542611414312 ], [ -75.706008869847096, 46.586347192817406 ], [ -75.712500864918496, 46.583709023516775 ] ] ] } },
{ "type": "Feature", "properties": { "hex_id": 371301, "centroid_lon": -75.712773289658614, "centroid_lat": 46.60449064943478, "occurrences_today": 5, "datetimes_today": "2026-07-20 00:01:50, 2026-07-20 00:17:35, 2026-07-20 00:31:39, 2026-07-20 00:46:59, 2026-07-20 01:01:38", "cumulative_total": 18.0 }, "geometry": { "type": "Polygon", "coordinates": [ [ [ -75.712705155182917, 46.599295250180376 ], [ -75.719267108528172, 46.601852094211878 ], [ -75.719335876429611, 46.607047483685911 ], [ -75.71284144300563, 46.609686043872486 ], [ -75.70627883736006, 46.607128838312903 ], [ -75.706211317445309, 46.601933434162035 ], [ -75.712705155182917, 46.599295250180376 ] ] ] } },
{ "type": "Feature", "properties": { "hex_id": 371302, "centroid_lon": -75.712977806339694, "centroid_lat": 46.62007681829791, "occurrences_today": 5, "datetimes_today": "2026-07-20 00:01:50, 2026-07-20 00:17:35, 2026-07-20 00:31:39, 2026-07-20 00:46:59, 2026-07-20 01:01:38", "cumulative_total": 18.0 }, "geometry": { "type": "Polygon", "coordinates": [ [ [ -75.712909615230473, 46.614881433493501 ], [ -75.719473469381185, 46.617438248179752 ], [ -75.719542294444494, 46.622633623199604 ], [ -75.713046016339803, 46.625272198285664 ], [ -75.706481509340847, 46.622715021873816 ], [ -75.706413933301363, 46.617519632168793 ], [ -75.712909615230473, 46.614881433493501 ] ] ] } },
{ "type": "Feature", "properties": { "hex_id": 371303, "centroid_lon": -75.713182493038815, "centroid_lat": 46.635662943811447, "occurrences_today": 5, "datetimes_today": "2026-07-20 00:01:50, 2026-07-20 00:17:35, 2026-07-20 00:31:39, 2026-07-20 00:46:59, 2026-07-20 01:01:38", "cumulative_total": 18.0 }, "geometry": { "type": "Polygon", "coordinates": [ [ [ -75.713114245237321, 46.630467573456848 ], [ -75.719680001779111, 46.633024358785342 ], [ -75.719748884063591, 46.63821971935127 ], [ -75.713250759750807, 46.640858309349532 ], [ -75.706684349812264, 46.638301162097804 ], [ -75.70661671758981, 46.633105786838314 ], [ -75.713114245237321, 46.630467573456848 ] ] ] } },
{ "type": "Feature", "properties": { "hex_id": 371304, "centroid_lon": -75.713387349932475, "centroid_lat": 46.651249025976163, "occurrences_today": 5, "datetimes_today": "2026-07-20 00:01:50, 2026-07-20 00:17:35, 2026-07-20 00:31:39, 2026-07-20 00:46:59, 2026-07-20 01:01:38", "cumulative_total": 18.0 }, "geometry": { "type": "Polygon", "coordinates": [ [ [ -75.713319045379848, 46.646053670071083 ], [ -75.719886705899953, 46.648610426029343 ], [ -75.719955645465049, 46.653805772141553 ], [ -75.713455673415226, 46.65644437706478 ], [ -75.706887358949231, 46.653887258985563 ], [ -75.706819670485487, 46.648691898171407 ], [ -75.713319045379848, 46.646053670071083 ] ] ] } },
{ "type": "Feature", "properties": { "hex_id": 371908, "centroid_lon": -75.705537145475233, "centroid_lat": 46.549979127806445, "occurrences_today": 5, "datetimes_today": "2026-07-20 00:01:50, 2026-07-20 00:17:35, 2026-07-20 00:31:39, 2026-07-20 00:46:59, 2026-07-20 01:01:38", "cumulative_total": 18.0 }, "geometry": { "type": "Polygon", "coordinates": [ [ [ -75.705469830854184, 46.544783670685646 ], [ -75.712024846915142, 46.547340992712655 ], [ -75.712092793035822, 46.552536440135377 ], [ -75.705604478727153, 46.555174580111682 ], [ -75.699048812532482, 46.552616897176826 ], [ -75.698982110786631, 46.547421435240587 ], [ -75.705469830854184, 46.544783670685646 ] ] ] } },
{ "type": "Feature", "properties": { "hex_id": 371909, "centroid_lon": -75.705739201149285, "centroid_lat": 46.56556547027553, "occurrences_today": 5, "datetimes_today": "2026-07-20 00:01:50, 2026-07-20 00:17:35, 2026-07-20 00:31:39, 2026-07-20 00:46:59, 2026-07-20 01:01:38", "cumulative_total": 18.0 }, "geometry": { "type": "Polygon", "coordinates": [ [ [ -75.705671830616353, 46.560370027601351 ], [ -75.712228741702432, 46.562927320530022 ], [ -75.712296744261337, 46.568122753501989 ], [ -75.705806590332386, 46.570760908134176 ], [ -75.699249028566953, 46.568203254100517 ], [ -75.699182271416262, 46.56300780660677 ], [ -75.705671830616353, 46.560370027601351 ] ] ] } },
{ "type": "Feature", "properties": { "hex_id": 371911, "centroid_lon": -75.706143816225861, "centroid_lat": 46.596738025195847, "occurrences_today": 5, "datetimes_today": "2026-07-20 00:01:50, 2026-07-20 00:17:35, 2026-07-20 00:31:39, 2026-07-20 00:46:59, 2026-07-20 01:01:38", "cumulative_total": 18.0 }, "geometry": { "type": "Polygon", "coordinates": [ [ [ -75.706076333695279, 46.591542611414312 ], [ -75.712637039572002, 46.594099846109266 ], [ -75.712705155182917, 46.599295250180376 ], [ -75.706211317445309, 46.601933434162035 ], [ -75.699649959796176, 46.599375837967422 ], [ -75.699583091663513, 46.594180419358004 ], [ -75.706076333695279, 46.591542611414312 ] ] ] } },
{ "type": "Feature", "properties": { "hex_id": 371912, "centroid_lon": -75.706346375976594, "centroid_lat": 46.61232423764848, "occurrences_today": 5, "datetimes_today": "2026-07-20 00:01:50, 2026-07-20 00:17:35, 2026-07-20 00:31:39, 2026-07-20 00:46:59, 2026-07-20 01:01:38", "cumulative_total": 18.0 }, "geometry": { "type": "Polygon", "coordinates": [ [ [ -75.70627883736006, 46.607128838312903 ], [ -75.71284144300563, 46.609686043872486 ], [ -75.712909615230473, 46.614881433493501 ], [ -75.706413933301363, 46.617519632168793 ], [ -75.699850675336009, 46.614962064912028 ], [ -75.699783751626015, 46.609766660744413 ], [ -75.70627883736006, 46.607128838312903 ] ] ] } },
{ "type": "Feature", "properties": { "hex_id": 371913, "centroid_lon": -75.706549104101498, "centroid_lat": 46.627910406763675, "occurrences_today": 5, "datetimes_today": "2026-07-20 00:01:50, 2026-07-20 00:17:35, 2026-07-20 00:31:39, 2026-07-20 00:46:59, 2026-07-20 01:01:38", "cumulative_total": 18.0 }, "geometry": { "type": "Polygon", "coordinates": [ [ [ -75.706481509340847, 46.622715021873816 ], [ -75.713046016339803, 46.625272198285664 ], [ -75.713114245237321, 46.630467573456848 ], [ -75.70661671758981, 46.633105786838314 ], [ -75.7000515577231, 46.630548248531724 ], [ -75.699984578378135, 46.625352858805655 ], [ -75.706481509340847, 46.622715021873816 ] ] ] } },
{ "type": "Feature", "properties": { "hex_id": 371914, "centroid_lon": -75.706752000775325, "centroid_lat": 46.643496532542159, "occurrences_today": 5, "datetimes_today": "2026-07-20 00:01:50, 2026-07-20 00:17:35, 2026-07-20 00:31:39, 2026-07-20 00:46:59, 2026-07-20 01:01:38", "cumulative_total": 18.0 }, "geometry": { "type": "Polygon", "coordinates": [ [ [ -75.706684349812264, 46.638301162097804 ], [ -75.713250759750807, 46.640858309349532 ], [ -75.713319045379848, 46.646053670071083 ], [ -75.706819670485487, 46.648691898171407 ], [ -75.700252607130622, 46.646134388827186 ], [ -75.700185572092934, 46.640939013542457 ], [ -75.706684349812264, 46.638301162097804 ] ] ] } },
{ "type": "Feature", "properties": { "hex_id": 371915, "centroid_lon": -75.706955066173052, "centroid_lat": 46.659082614984662, "occurrences_today": 5, "datetimes_today": "2026-07-20 00:01:50, 2026-07-20 00:17:35, 2026-07-20 00:31:39, 2026-07-20 00:46:59, 2026-07-20 01:01:38", "cumulative_total": 18.0 }, "geometry": { "type": "Polygon", "coordinates": [ [ [ -75.706887358949231, 46.653887258985563 ], [ -75.713455673415226, 46.65644437706478 ], [ -75.713524015834679, 46.661639723336961 ], [ -75.707022792163443, 46.664277966168747 ], [ -75.700453823732005, 46.661720485799208 ], [ -75.700386732943741, 46.656525124955543 ], [ -75.706887358949231, 46.653887258985563 ] ] ] } },
{ "type": "Feature", "properties": { "hex_id": 372519, "centroid_lon": -75.699115532740237, "centroid_lat": 46.557812354298889, "occurrences_today": 5, "datetimes_today": "2026-07-20 00:01:50, 2026-07-20 00:17:35, 2026-07-20 00:31:39, 2026-07-20 00:46:59, 2026-07-20 01:01:38", "cumulative_total": 18.0 }, "geometry": { "type": "Polygon", "coordinates": [ [ [ -75.699048812532482, 46.552616897176826 ], [ -75.705604478727153, 46.555174580111682 ], [ -75.705671830616353, 46.560370027601351 ], [ -75.699182271416262, 46.56300780660677 ], [ -75.692625955068692, 46.56044976259539 ], [ -75.692559848080478, 46.555254300722211 ], [ -75.699048812532482, 46.552616897176826 ] ] ] } },
{ "type": "Feature", "properties": { "hex_id": 372520, "centroid_lon": -75.699315804198662, "centroid_lat": 46.573398696780146, "occurrences_today": 5, "datetimes_today": "2026-07-20 00:01:50, 2026-07-20 00:17:35, 2026-07-20 00:31:39, 2026-07-20 00:46:59, 2026-07-20 01:01:38", "cumulative_total": 18.0 }, "geometry": { "type": "Polygon", "coordinates": [ [ [ -75.699249028566953, 46.568203254100517 ], [ -75.705806590332386, 46.570760908134176 ], [ -75.705873998172095, 46.575956341177353 ], [ -75.699382598317783, 46.578594134645677 ], [ -75.692824385853754, 46.57603611933822 ], [ -75.692758223948999, 46.570840671903362 ], [ -75.699249028566953, 46.568203254100517 ] ] ] } },
{ "type": "Feature", "properties": { "hex_id": 372522, "centroid_lon": -75.699716846448212, "centroid_lat": 46.604571251762884, "occurrences_today": 5, "datetimes_today": "2026-07-20 00:01:50, 2026-07-20 00:17:35, 2026-07-20 00:31:39, 2026-07-20 00:46:59, 2026-07-20 01:01:38", "cumulative_total": 18.0 }, "geometry": { "type": "Polygon", "coordinates": [ [ [ -75.699649959796176, 46.599375837967422 ], [ -75.706211317445309, 46.601933434162035 ], [ -75.70627883736006, 46.607128838312903 ], [ -75.699783751626015, 46.609766660744413 ], [ -75.693221742185202, 46.607208702881145 ], [ -75.693155470276523, 46.602013284322219 ], [ -75.699649959796176, 46.599375837967422 ] ] ] } },
{ "type": "Feature", "properties": { "hex_id": 372523, "centroid_lon": -75.699917617584575, "centroid_lat": 46.620157464265766, "occurrences_today": 5, "datetimes_today": "2026-07-20 00:01:50, 2026-07-20 00:17:35, 2026-07-20 00:31:39, 2026-07-20 00:46:59, 2026-07-20 01:01:38", "cumulative_total": 18.0 }, "geometry": { "type": "Polygon", "coordinates": [ [ [ -75.699850675336009, 46.614962064912028 ], [ -75.706413933301363, 46.617519632168793 ], [ -75.706481509340847, 46.622715021873816 ], [ -75.699984578378135, 46.625352858805655 ], [ -75.693420668073671, 46.622794929682662 ], [ -75.693354341077423, 46.617599525561353 ], [ -75.699850675336009, 46.614962064912028 ] ] ] } },
{ "type": "Feature", "properties": { "hex_id": 372524, "centroid_lon": -75.700118555625906, "centroid_lat": 46.635743633443965, "occurrences_today": 5, "datetimes_today": "2026-07-20 00:01:50, 2026-07-20 00:17:35, 2026-07-20 00:31:39, 2026-07-20 00:46:59, 2026-07-20 01:01:38", "cumulative_total": 18.0 }, "geometry": { "type": "Polygon", "coordinates": [ [ [ -75.7000515577231, 46.630548248531724 ], [ -75.70661671758981, 46.633105786838314 ], [ -75.706684349812264, 46.638301162097804 ], [ -75.700185572092934, 46.640939013542457 ], [ -75.6936197593391, 46.638381113171889 ], [ -75.693553377198143, 46.633185723487912 ], [ -75.7000515577231, 46.630548248531724 ] ] ] } },
{ "type": "Feature", "properties": { "hex_id": 372525, "centroid_lon": -75.700319660745421, "centroid_lat": 46.651329759298228, "occurrences_today": 5, "datetimes_today": "2026-07-20 00:01:50, 2026-07-20 00:17:35, 2026-07-20 00:31:39, 2026-07-20 00:46:59, 2026-07-20 01:01:38", "cumulative_total": 18.0 }, "geometry": { "type": "Polygon", "coordinates": [ [ [ -75.700252607130622, 46.646134388827186 ], [ -75.706819670485487, 46.648691898171407 ], [ -75.706887358949231, 46.653887258985563 ], [ -75.700386732943741, 46.656525124955543 ], [ -75.693819016153199, 46.653967253349563 ], [ -75.693752578810262, 46.648771878102679 ], [ -75.700252607130622, 46.646134388827186 ] ] ] } },
{ "type": "Feature", "properties": { "hex_id": 373129, "centroid_lon": -75.692493759385144, "centroid_lat": 46.550058834036214, "occurrences_today": 5, "datetimes_today": "2026-07-20 00:01:50, 2026-07-20 00:17:35, 2026-07-20 00:31:39, 2026-07-20 00:46:59, 2026-07-20 01:01:38", "cumulative_total": 18.0 }, "geometry": { "type": "Polygon", "coordinates": [ [ [ -75.692427688976395, 46.544863362537356 ], [ -75.698982110786631, 46.547421435240587 ], [ -75.699048812532482, 46.552616897176826 ], [ -75.692559848080478, 46.555254300722211 ], [ -75.686004776643429, 46.552695866970929 ], [ -75.685939319291506, 46.547500390789395 ], [ -75.692427688976395, 46.544863362537356 ] ] ] } },
{ "type": "Feature", "properties": { "hex_id": 373130, "centroid_lon": -75.692692080356082, "centroid_lat": 46.565645219655764, "occurrences_today": 5, "datetimes_today": "2026-07-20 00:01:50, 2026-07-20 00:17:35, 2026-07-20 00:31:39, 2026-07-20 00:46:59, 2026-07-20 01:01:38", "cumulative_total": 18.0 }, "geometry": { "type": "Polygon", "coordinates": [ [ [ -75.692625955068692, 46.56044976259539 ], [ -75.699182271416262, 46.56300780660677 ], [ -75.699249028566953, 46.568203254100517 ], [ -75.692758223948999, 46.570840671903362 ], [ -75.686201257429474, 46.568282266646669 ], [ -75.686135745706153, 46.563086804899541 ], [ -75.692625955068692, 46.56044976259539 ] ] ] } },
{ "type": "Feature", "properties": { "hex_id": 373132, "centroid_lon": -75.693089216717652, "centroid_lat": 46.596817860950701, "occurrences_today": 5, "datetimes_today": "2026-07-20 00:01:50, 2026-07-20 00:17:35, 2026-07-20 00:31:39, 2026-07-20 00:46:59, 2026-07-20 01:01:38", "cumulative_total": 18.0 }, "geometry": { "type": "Polygon", "coordinates": [ [ [ -75.693022981502281, 46.591622432766563 ], [ -75.699583091663513, 46.594180419358004 ], [ -75.699649959796176, 46.599375837967422 ], [ -75.693155470276523, 46.602013284322219 ], [ -75.686594708851331, 46.599454936090652 ], [ -75.686529088216105, 46.594259503211617 ], [ -75.693022981502281, 46.591622432766563 ] ] ] } },
{ "type": "Feature", "properties": { "hex_id": 373133, "centroid_lon": -75.693288032450056, "centroid_lat": 46.612404116627523, "occurrences_today": 5, "datetimes_today": "2026-07-20 00:01:50, 2026-07-20 00:17:35, 2026-07-20 00:31:39, 2026-07-20 00:46:59, 2026-07-20 01:01:38", "cumulative_total": 18.0 }, "geometry": { "type": "Polygon", "coordinates": [ [ [ -75.693221742185202, 46.607208702881145 ], [ -75.699783751626015, 46.609766660744413 ], [ -75.699850675336009, 46.614962064912028 ], [ -75.693354341077423, 46.617599525561353 ], [ -75.686791679825788, 46.615041205860351 ], [ -75.686726004649884, 46.609845787414997 ], [ -75.693221742185202, 46.607208702881145 ] ] ] } },
{ "type": "Feature", "properties": { "hex_id": 373134, "centroid_lon": -75.693487013445122, "centroid_lat": 46.627990328991515, "occurrences_today": 5, "datetimes_today": "2026-07-20 00:01:50, 2026-07-20 00:17:35, 2026-07-20 00:31:39, 2026-07-20 00:46:59, 2026-07-20 01:01:38", "cumulative_total": 18.0 }, "geometry": { "type": "Polygon", "coordinates": [ [ [ -75.693420668073671, 46.622794929682662 ], [ -75.699984578378135, 46.625352858805655 ], [ -75.7000515577231, 46.630548248531724 ], [ -75.693553377198143, 46.633185723487912 ], [ -75.686988814535411, 46.630627432329518 ], [ -75.686923084762242, 46.62543202831759 ], [ -75.693420668073671, 46.622794929682662 ] ] ] } },
{ "type": "Feature", "properties": { "hex_id": 373135, "centroid_lon": -75.69368615987436, "centroid_lat": 46.643576498043473, "occurrences_today": 5, "datetimes_today": "2026-07-20 00:01:50, 2026-07-20 00:17:35, 2026-07-20 00:31:39, 2026-07-20 00:46:59, 2026-07-20 01:01:38", "cumulative_total": 18.0 }, "geometry": { "type": "Polygon", "coordinates": [ [ [ -75.6936197593391, 46.638381113171889 ], [ -75.700185572092934, 46.640939013542457 ], [ -75.700252607130622, 46.646134388827186 ], [ -75.693752578810262, 46.648771878102679 ], [ -75.687186113150148, 46.646213615498901 ], [ -75.687120328723054, 46.641018225920156 ], [ -75.6936197593391, 46.638381113171889 ] ] ] } },
{ "type": "Feature", "properties": { "hex_id": 373740, "centroid_lon": -75.686070252112899, "centroid_lat": 46.557891338340966, "occurrences_today": 5, "datetimes_today": "2026-07-20 00:01:50, 2026-07-20 00:17:35, 2026-07-20 00:31:39, 2026-07-20 00:46:59, 2026-07-20 01:01:38", "cumulative_total": 18.0 }, "geometry": { "type": "Polygon", "coordinates": [ [ [ -75.686004776643429, 46.552695866970929 ], [ -75.692559848080478, 46.555254300722211 ], [ -75.692625955068692, 46.56044976259539 ], [ -75.686135745706153, 46.563086804899541 ], [ -75.679580024623434, 46.560528009931517 ], [ -75.679515162555177, 46.555332533943165 ], [ -75.686004776643429, 46.552695866970929 ] ] ] } },
{ "type": "Feature", "properties": { "hex_id": 373741, "centroid_lon": -75.6862667872891, "centroid_lat": 46.573477723582386, "occurrences_today": 5, "datetimes_today": "2026-07-20 00:01:50, 2026-07-20 00:17:35, 2026-07-20 00:31:39, 2026-07-20 00:46:59, 2026-07-20 01:01:38", "cumulative_total": 18.0 }, "geometry": { "type": "Polygon", "coordinates": [ [ [ -75.686201257429474, 46.568282266646669 ], [ -75.692758223948999, 46.570840671903362 ], [ -75.692824385853754, 46.57603611933822 ], [ -75.686332335291311, 46.578673175706705 ], [ -75.679774718580944, 46.576114409035924 ], [ -75.679709802630114, 46.570918947477871 ], [ -75.686201257429474, 46.568282266646669 ] ] ] } },
{ "type": "Feature", "properties": { "hex_id": 373743, "centroid_lon": -75.686660347660506, "centroid_lat": 46.604650364158445, "occurrences_today": 5, "datetimes_today": "2026-07-20 00:01:50, 2026-07-20 00:17:35, 2026-07-20 00:31:39, 2026-07-20 00:46:59, 2026-07-20 01:01:38", "cumulative_total": 18.0 }, "geometry": { "type": "Polygon", "coordinates": [ [ [ -75.686594708851331, 46.599454936090652 ], [ -75.693155470276523, 46.602013284322219 ], [ -75.693221742185202, 46.607208702881145 ], [ -75.686726004649884, 46.609845787414997 ], [ -75.680164591941818, 46.607287077374323 ], [ -75.680099568058239, 46.602091644676108 ], [ -75.686594708851331, 46.599454936090652 ] ] ] } },
{ "type": "Feature", "properties": { "hex_id": 373744, "centroid_lon": -75.686857373194471, "centroid_lat": 46.620236619494548, "occurrences_today": 5, "datetimes_today": "2026-07-20 00:01:50, 2026-07-20 00:17:35, 2026-07-20 00:31:39, 2026-07-20 00:46:59, 2026-07-20 01:01:38", "cumulative_total": 18.0 }, "geometry": { "type": "Polygon", "coordinates": [ [ [ -75.686791679825788, 46.615041205860351 ], [ -75.693354341077423, 46.617599525561353 ], [ -75.693420668073671, 46.622794929682662 ], [ -75.686923084762242, 46.62543202831759 ], [ -75.680359771680827, 46.622873346609815 ], [ -75.680294693746887, 46.617677928341145 ], [ -75.686791679825788, 46.615041205860351 ] ] ] } },
{ "type": "Feature", "properties": { "hex_id": 373745, "centroid_lon": -75.687054562520245, "centroid_lat": 46.635822831530369, "occurrences_today": 5, "datetimes_today": "2026-07-20 00:01:50, 2026-07-20 00:17:35, 2026-07-20 00:31:39, 2026-07-20 00:46:59, 2026-07-20 01:01:38", "cumulative_total": 18.0 }, "geometry": { "type": "Polygon", "coordinates": [ [ [ -75.686988814535411, 46.630627432329518 ], [ -75.693553377198143, 46.633185723487912 ], [ -75.6936197593391, 46.638381113171889 ], [ -75.687120328723054, 46.641018225920156 ], [ -75.68055511368307, 46.638459572557167 ], [ -75.68048998164268, 46.633264168717801 ], [ -75.686988814535411, 46.630627432329518 ] ] ] } },
{ "type": "Feature", "properties": { "hex_id": 374350, "centroid_lon": -75.679450318435372, "centroid_lat": 46.550137053144667, "occurrences_today": 5, "datetimes_today": "2026-07-20 00:01:50, 2026-07-20 00:17:35, 2026-07-20 00:31:39, 2026-07-20 00:46:59, 2026-07-20 01:01:38", "cumulative_total": 18.0 }, "geometry": { "type": "Polygon", "coordinates": [ [ [ -75.679385492257836, 46.544941567535993 ], [ -75.685939319291506, 46.547500390789395 ], [ -75.686004776643429, 46.552695866970929 ], [ -75.679515162555177, 46.555332533943165 ], [ -75.672960686401751, 46.552773349501599 ], [ -75.672896473462515, 46.547577859343015 ], [ -75.679385492257836, 46.544941567535993 ] ] ] } },
{ "type": "Feature", "properties": { "hex_id": 374351, "centroid_lon": -75.679644904646352, "centroid_lat": 46.565723481109742, "occurrences_today": 5, "datetimes_today": "2026-07-20 00:01:50, 2026-07-20 00:17:35, 2026-07-20 00:31:39, 2026-07-20 00:46:59, 2026-07-20 01:01:38", "cumulative_total": 18.0 }, "geometry": { "type": "Polygon", "coordinates": [ [ [ -75.679580024623434, 46.560528009931517 ], [ -75.686135745706153, 46.563086804899541 ], [ -75.686201257429474, 46.568282266646669 ], [ -75.679709802630114, 46.570918947477871 ], [ -75.673153431883051, 46.56835979112433 ], [ -75.673089165605873, 46.563164315392235 ], [ -75.679580024623434, 46.560528009931517 ] ] ] } },
{ "type": "Feature", "properties": { "hex_id": 374353, "centroid_lon": -75.680034562178975, "centroid_lat": 46.596896207167987, "occurrences_today": 5, "datetimes_today": "2026-07-20 00:01:50, 2026-07-20 00:17:35, 2026-07-20 00:31:39, 2026-07-20 00:46:59, 2026-07-20 01:01:38", "cumulative_total": 18.0 }, "geometry": { "type": "Polygon", "coordinates": [ [ [ -75.679969574297843, 46.591700764849946 ], [ -75.686529088216105, 46.594259503211617 ], [ -75.686594708851331, 46.599454936090652 ], [ -75.680099568058239, 46.602091644676108 ], [ -75.673539403384666, 46.599532544533936 ], [ -75.67347503026572, 46.594337097654005 ], [ -75.679969574297843, 46.591700764849946 ] ] ] } },
{ "type": "Feature", "properties": { "hex_id": 374354, "centroid_lon": -75.680229633835964, "centroid_lat": 46.612482505262669, "occurrences_today": 5, "datetimes_today": "2026-07-20 00:01:50, 2026-07-20 00:17:35, 2026-07-20 00:31:39, 2026-07-20 00:46:59, 2026-07-20 01:01:38", "cumulative_total": 18.0 }, "geometry": { "type": "Polygon", "coordinates": [ [ [ -75.680164591941818, 46.607287077374323 ], [ -75.686726004649884, 46.609845787414997 ], [ -75.686791679825788, 46.615041205860351 ], [ -75.680294693746887, 46.617677928341145 ], [ -75.673732629737174, 46.615118856322312 ], [ -75.673668203114232, 46.609923423868075 ], [ -75.680164591941818, 46.607287077374323 ] ] ] } },
{ "type": "Feature", "properties": { "hex_id": 374355, "centroid_lon": -75.680424867644021, "centroid_lat": 46.628068760068686, "occurrences_today": 5, "datetimes_today": "2026-07-20 00:01:50, 2026-07-20 00:17:35, 2026-07-20 00:31:39, 2026-07-20 00:46:59, 2026-07-20 01:01:38", "cumulative_total": 18.0 }, "geometry": { "type": "Polygon", "coordinates": [ [ [ -75.680359771680827, 46.622873346609815 ], [ -75.686923084762242, 46.62543202831759 ], [ -75.686988814535411, 46.630627432329518 ], [ -75.68048998164268, 46.633264168717801 ], [ -75.673926016712684, 46.630705124834094 ], [ -75.673861536530225, 46.625509706805289 ], [ -75.680359771680827, 46.622873346609815 ] ] ] } },
{ "type": "Feature", "properties": { "hex_id": 374356, "centroid_lon": -75.680620263771416, "centroid_lat": 46.643654971586848, "occurrences_today": 5, "datetimes_today": "2026-07-20 00:01:50, 2026-07-20 00:17:35, 2026-07-20 00:31:39, 2026-07-20 00:46:59, 2026-07-20 01:01:38", "cumulative_total": 18.0 }, "geometry": { "type": "Polygon", "coordinates": [ [ [ -75.68055511368307, 46.638459572557167 ], [ -75.687120328723054, 46.641018225920156 ], [ -75.687186113150148, 46.646213615498901 ], [ -75.680685431913972, 46.648850365806851 ], [ -75.674119564477905, 46.646291350070051 ], [ -75.67405503068035, 46.641095946466436 ], [ -75.68055511368307, 46.638459572557167 ] ] ] } },
{ "type": "Feature", "properties": { "hex_id": 374960, "centroid_lon": -75.672832278290329, "centroid_lat": 46.542382364375577, "occurrences_today": 5, "datetimes_today": "2026-07-20 00:01:50, 2026-07-20 00:17:35, 2026-07-20 00:31:39, 2026-07-20 00:46:59, 2026-07-20 01:01:38", "cumulative_total": 18.0 }, "geometry": { "type": "Polygon", "coordinates": [ [ [ -75.672768100879054, 46.537186864599228 ], [ -75.679320684016361, 46.539746077117101 ], [ -75.679385492257836, 46.544941567535993 ], [ -75.672896473462515, 46.547577859343015 ], [ -75.666343241731042, 46.545018285665613 ], [ -75.666279677395167, 46.539822781407743 ], [ -75.672768100879054, 46.537186864599228 ] ] ] } },
{ "type": "Feature", "properties": { "hex_id": 374961, "centroid_lon": -75.673024917114162, "centroid_lat": 46.557968834851323, "occurrences_today": 5, "datetimes_today": "2026-07-20 00:01:50, 2026-07-20 00:17:35, 2026-07-20 00:31:39, 2026-07-20 00:46:59, 2026-07-20 01:01:38", "cumulative_total": 18.0 }, "geometry": { "type": "Polygon", "coordinates": [ [ [ -75.672960686401751, 46.552773349501599 ], [ -75.679515162555177, 46.555332533943165 ], [ -75.679580024623434, 46.560528009931517 ], [ -75.673089165605873, 46.563164315392235 ], [ -75.666534040314218, 46.560604769593802 ], [ -75.666470423184492, 46.555409279758607 ], [ -75.672960686401751, 46.552773349501599 ] ] ] } },
{ "type": "Feature", "properties": { "hex_id": 374962, "centroid_lon": -75.673217715951807, "centroid_lat": 46.573555262047691, "occurrences_today": 5, "datetimes_today": "2026-07-20 00:01:50, 2026-07-20 00:17:35, 2026-07-20 00:31:39, 2026-07-20 00:46:59, 2026-07-20 01:01:38", "cumulative_total": 18.0 }, "geometry": { "type": "Polygon", "coordinates": [ [ [ -75.673153431883051, 46.56835979112433 ], [ -75.679709802630114, 46.570918947477871 ], [ -75.679774718580944, 46.576114409035924 ], [ -75.673282017818309, 46.578750728162291 ], [ -75.666724997388357, 46.576191210254493 ], [ -75.666661327410068, 46.570995734841723 ], [ -75.673153431883051, 46.56835979112433 ] ] ] } },
{ "type": "Feature", "properties": { "hex_id": 374965, "centroid_lon": -75.673797074207116, "centroid_lat": 46.620314283968042, "occurrences_today": 5, "datetimes_today": "2026-07-20 00:01:50, 2026-07-20 00:17:35, 2026-07-20 00:31:39, 2026-07-20 00:46:59, 2026-07-20 01:01:38", "cumulative_total": 18.0 }, "geometry": { "type": "Polygon", "coordinates": [ [ [ -75.673732629737174, 46.615118856322312 ], [ -75.680294693746887, 46.617677928341145 ], [ -75.680359771680827, 46.622873346609815 ], [ -75.673861536530225, 46.625509706805289 ], [ -75.667298821200262, 46.622950272639244 ], [ -75.667234992347318, 46.617754840492175 ], [ -75.673732629737174, 46.615118856322312 ] ] ] } },
{ "type": "Feature", "properties": { "hex_id": 374966, "centroid_lon": -75.673990514760661, "centroid_lat": 46.635900538054457, "occurrences_today": 5, "datetimes_today": "2026-07-20 00:01:50, 2026-07-20 00:17:35, 2026-07-20 00:31:39, 2026-07-20 00:46:59, 2026-07-20 01:01:38", "cumulative_total": 18.0 }, "geometry": { "type": "Polygon", "coordinates": [ [ [ -75.673926016712684, 46.630705124834094 ], [ -75.68048998164268, 46.633264168717801 ], [ -75.68055511368307, 46.638459572557167 ], [ -75.67405503068035, 46.641095946466436 ], [ -75.667490413883144, 46.638536540237638 ], [ -75.667426531962064, 46.633341122511943 ], [ -75.673926016712684, 46.630705124834094 ] ] ] } },
{ "type": "Feature", "properties": { "hex_id": 375571, "centroid_lon": -75.666406823658789, "centroid_lat": 46.550213785115886, "occurrences_today": 5, "datetimes_today": "2026-07-20 00:01:50, 2026-07-20 00:17:35, 2026-07-20 00:31:39, 2026-07-20 00:46:59, 2026-07-20 01:01:38", "cumulative_total": 18.0 }, "geometry": { "type": "Polygon", "coordinates": [ [ [ -75.666343241731042, 46.545018285665613 ], [ -75.672896473462515, 46.547577859343015 ], [ -75.672960686401751, 46.552773349501599 ], [ -75.666470423184492, 46.555409279758607 ], [ -75.659916542840548, 46.552849344753014 ], [ -75.659853574332388, 46.547653840885665 ], [ -75.666343241731042, 46.545018285665613 ] ] ] } },
{ "type": "Feature", "properties": { "hex_id": 375572, "centroid_lon": -75.666597675054064, "centroid_lat": 46.5658002546215, "occurrences_today": 5, "datetimes_today": "2026-07-20 00:01:50, 2026-07-20 00:17:35, 2026-07-20 00:31:39, 2026-07-20 00:46:59, 2026-07-20 01:01:38", "cumulative_total": 18.0 }, "geometry": { "type": "Polygon", "coordinates": [ [ [ -75.666534040314218, 46.560604769593802 ], [ -75.673089165605873, 46.563164315392235 ], [ -75.673153431883051, 46.56835979112433 ], [ -75.666661327410068, 46.570995734841723 ], [ -75.660105552961852, 46.568435827517717 ], [ -75.660042532149248, 46.563240338069015 ], [ -75.666534040314218, 46.560604769593802 ] ] ] } },
{ "type": "Feature", "properties": { "hex_id": 375573, "centroid_lon": -75.666788684994998, "centroid_lat": 46.58138668085985, "occurrences_today": 5, "datetimes_today": "2026-07-20 00:01:50, 2026-07-20 00:17:35, 2026-07-20 00:31:39, 2026-07-20 00:46:59, 2026-07-20 01:01:38", "cumulative_total": 18.0 }, "geometry": { "type": "Polygon", "coordinates": [ [ [ -75.666724997388357, 46.576191210254493 ], [ -75.673282017818309, 46.578750728162291 ], [ -75.673346337488695, 46.583946189468207 ], [ -75.666852390236087, 46.58658214665784 ], [ -75.660294720104915, 46.584022267026924 ], [ -75.660231646933667, 46.578826791996633 ], [ -75.666724997388357, 46.576191210254493 ] ] ] } },
{ "type": "Feature", "properties": { "hex_id": 375576, "centroid_lon": -75.667362667736469, "centroid_lat": 46.62814569997915, "occurrences_today": 5, "datetimes_today": "2026-07-20 00:01:50, 2026-07-20 00:17:35, 2026-07-20 00:31:39, 2026-07-20 00:46:59, 2026-07-20 01:01:38", "cumulative_total": 18.0 }, "geometry": { "type": "Polygon", "coordinates": [ [ [ -75.667298821200262, 46.622950272639244 ], [ -75.673861536530225, 46.625509706805289 ], [ -75.673926016712684, 46.630705124834094 ], [ -75.667426531962064, 46.633341122511943 ], [ -75.660863165293406, 46.630781326029549 ], [ -75.660799934720174, 46.6255858942529 ], [ -75.667298821200262, 46.622950272639244 ] ] ] } },
{ "type": "Feature", "properties": { "hex_id": 376181, "centroid_lon": -75.659790623247034, "centroid_lat": 46.542458332212036, "occurrences_today": 5, "datetimes_today": "2026-07-20 00:01:50, 2026-07-20 00:17:35, 2026-07-20 00:31:39, 2026-07-20 00:46:59, 2026-07-20 01:01:38", "cumulative_total": 18.0 }, "geometry": { "type": "Polygon", "coordinates": [ [ [ -75.659727689578446, 46.537262818732096 ], [ -75.666279677395167, 46.539822781407743 ], [ -75.666343241731042, 46.545018285665613 ], [ -75.659853574332388, 46.547653840885665 ], [ -75.653300938428615, 46.545093516910562 ], [ -75.653238618016545, 46.539897999081902 ], [ -75.659727689578446, 46.537262818732096 ] ] ] } },
{ "type": "Feature", "properties": { "hex_id": 376183, "centroid_lon": -75.660168591221321, "centroid_lat": 46.573631312160252, "occurrences_today": 5, "datetimes_today": "2026-07-20 00:01:50, 2026-07-20 00:17:35, 2026-07-20 00:31:39, 2026-07-20 00:46:59, 2026-07-20 01:01:38", "cumulative_total": 18.0 }, "geometry": { "type": "Polygon", "coordinates": [ [ [ -75.660105552961852, 46.568435827517717 ], [ -75.666661327410068, 46.570995734841723 ], [ -75.666724997388357, 46.576191210254493 ], [ -75.660231646933667, 46.578826791996633 ], [ -75.653675223310714, 46.576266522978287 ], [ -75.653612799323227, 46.571071033979273 ], [ -75.660105552961852, 46.568435827517717 ] ] ] } },
{ "type": "Feature", "properties": { "hex_id": 376185, "centroid_lon": -75.660547187499745, "centroid_lat": 46.604804119087603, "occurrences_today": 5, "datetimes_today": "2026-07-20 00:01:50, 2026-07-20 00:17:35, 2026-07-20 00:31:39, 2026-07-20 00:46:59, 2026-07-20 01:01:38", "cumulative_total": 18.0 }, "geometry": { "type": "Polygon", "coordinates": [ [ [ -75.660484044432479, 46.599608663281437 ], [ -75.667043611826955, 46.602168515207737 ], [ -75.667107387666775, 46.607363961776457 ], [ -75.660610348056082, 46.609999570087794 ], [ -75.654050130396925, 46.607439356071822 ], [ -75.653987602619196, 46.602243895901388 ], [ -75.660484044432479, 46.599608663281437 ] ] ] } },
{ "type": "Feature", "properties": { "hex_id": 376186, "centroid_lon": -75.660736721660243, "centroid_lat": 46.620390457670418, "occurrences_today": 5, "datetimes_today": "2026-07-20 00:01:50, 2026-07-20 00:17:35, 2026-07-20 00:31:39, 2026-07-20 00:46:59, 2026-07-20 01:01:38", "cumulative_total": 18.0 }, "geometry": { "type": "Polygon", "coordinates": [ [ [ -75.660673526107573, 46.615195016282058 ], [ -75.667234992347318, 46.617754840492175 ], [ -75.667298821200262, 46.622950272639244 ], [ -75.660799934720174, 46.6255858942529 ], [ -75.654237817669895, 46.623025707755239 ], [ -75.654175237916292, 46.617830261998712 ], [ -75.660673526107573, 46.615195016282058 ] ] ] } },
{ "type": "Feature", "properties": { "hex_id": 376792, "centroid_lon": -75.653363276088356, "centroid_lat": 46.550289029934213, "occurrences_today": 5, "datetimes_today": "2026-07-20 00:01:50, 2026-07-20 00:17:35, 2026-07-20 00:31:39, 2026-07-20 00:46:59, 2026-07-20 01:01:38", "cumulative_total": 18.0 }, "geometry": { "type": "Polygon", "coordinates": [ [ [ -75.653300938428615, 46.545093516910562 ], [ -75.659853574332388, 46.547653840885665 ], [ -75.659916542840548, 46.552849344753014 ], [ -75.653425631001724, 46.555484538152882 ], [ -75.64687234699295, 46.552923852709718 ], [ -75.646810622933913, 46.547728335401828 ], [ -75.653300938428615, 46.545093516910562 ] ] ] } },
{ "type": "Feature", "properties": { "hex_id": 376793, "centroid_lon": -75.653550392613212, "centroid_lat": 46.565875540175384, "occurrences_today": 5, "datetimes_today": "2026-07-20 00:01:50, 2026-07-20 00:17:35, 2026-07-20 00:31:39, 2026-07-20 00:46:59, 2026-07-20 01:01:38", "cumulative_total": 18.0 }, "geometry": { "type": "Polygon", "coordinates": [ [ [ -75.653488003174687, 46.560680041566599 ], [ -75.660042532149248, 46.563240338069015 ], [ -75.660105552961852, 46.568435827517717 ], [ -75.653612799323227, 46.571071033979273 ], [ -75.647057621700085, 46.568510375811293 ], [ -75.646995846370118, 46.563314872914425 ], [ -75.653488003174687, 46.560680041566599 ] ] ] } },
{ "type": "Feature", "properties": { "hex_id": 376794, "centroid_lon": -75.653737664581641, "centroid_lat": 46.581462007172462, "occurrences_today": 5, "datetimes_today": "2026-07-20 00:01:50, 2026-07-20 00:17:35, 2026-07-20 00:31:39, 2026-07-20 00:46:59, 2026-07-20 01:01:38", "cumulative_total": 18.0 }, "geometry": { "type": "Polygon", "coordinates": [ [ [ -75.653675223310714, 46.576266522978287 ], [ -75.660231646933667, 46.578826791996633 ], [ -75.660294720104915, 46.584022267026924 ], [ -75.653800123141977, 46.58665748656184 ], [ -75.647243050326296, 46.584096855680336 ], [ -75.647181223672263, 46.578901367194206 ], [ -75.653675223310714, 46.576266522978287 ] ] ] } },
{ "type": "Feature", "properties": { "hex_id": 376795, "centroid_lon": -75.653925092154779, "centroid_lat": 46.597048430926279, "occurrences_today": 5, "datetimes_today": "2026-07-20 00:01:50, 2026-07-20 00:17:35, 2026-07-20 00:31:39, 2026-07-20 00:46:59, 2026-07-20 01:01:38", "cumulative_total": 18.0 }, "geometry": { "type": "Polygon", "coordinates": [ [ [ -75.653862598997705, 46.591852961146436 ], [ -75.660420918848303, 46.594413202669308 ], [ -75.660484044432479, 46.599608663281437 ], [ -75.653987602619196, 46.602243895901388 ], [ -75.647428633031154, 46.599683292317629 ], [ -75.647366754999837, 46.594487818242015 ], [ -75.653862598997705, 46.591852961146436 ] ] ] } },
{ "type": "Feature", "properties": { "hex_id": 376796, "centroid_lon": -75.654112675493963, "centroid_lat": 46.612634811437594, "occurrences_today": 5, "datetimes_today": "2026-07-20 00:01:50, 2026-07-20 00:17:35, 2026-07-20 00:31:39, 2026-07-20 00:46:59, 2026-07-20 01:01:38", "cumulative_total": 18.0 }, "geometry": { "type": "Polygon", "coordinates": [ [ [ -75.654050130396925, 46.607439356071822 ], [ -75.660610348056082, 46.609999570087794 ], [ -75.660673526107573, 46.615195016282058 ], [ -75.654175237916292, 46.617830261998712 ], [ -75.647614369974391, 46.61526968572403 ], [ -75.647552440512513, 46.610074226058622 ], [ -75.654050130396925, 46.607439356071822 ] ] ] } },
{ "type": "Feature", "properties": { "hex_id": 376797, "centroid_lon": -75.654300414760783, "centroid_lat": 46.628221148707212, "occurrences_today": 5, "datetimes_today": "2026-07-20 00:01:50, 2026-07-20 00:17:35, 2026-07-20 00:31:39, 2026-07-20 00:46:59, 2026-07-20 01:01:38", "cumulative_total": 18.0 }, "geometry": { "type": "Polygon", "coordinates": [ [ [ -75.654237817669895, 46.623025707755239 ], [ -75.660799934720174, 46.6255858942529 ], [ -75.660863165293406, 46.630781326029549 ], [ -75.65436302919494, 46.633416584854636 ], [ -75.64780026131605, 46.630856035900337 ], [ -75.647738280370234, 46.625660590644863 ], [ -75.654237817669895, 46.623025707755239 ] ] ] } },
{ "type": "Feature", "properties": { "hex_id": 377402, "centroid_lon": -75.646748915953424, "centroid_lat": 46.542532813290229, "occurrences_today": 5, "datetimes_today": "2026-07-20 00:01:50, 2026-07-20 00:17:35, 2026-07-20 00:31:39, 2026-07-20 00:46:59, 2026-07-20 01:01:38", "cumulative_total": 18.0 }, "geometry": { "type": "Polygon", "coordinates": [ [ [ -75.646687226045543, 46.537337286374829 ], [ -75.653238618016545, 46.539897999081902 ], [ -75.653300938428615, 46.545093516910562 ], [ -75.646810622933913, 46.547728335401828 ], [ -75.640258583383144, 46.545167261255529 ], [ -75.640197506912742, 46.53997173012425 ], [ -75.646687226045543, 46.537337286374829 ] ] ] } },
{ "type": "Feature", "properties": { "hex_id": 377403, "centroid_lon": -75.646934088136362, "centroid_lat": 46.558119365213912, "occurrences_today": 5, "datetimes_today": "2026-07-20 00:01:50, 2026-07-20 00:17:35, 2026-07-20 00:31:39, 2026-07-20 00:46:59, 2026-07-20 01:01:38", "cumulative_total": 18.0 }, "geometry": { "type": "Polygon", "coordinates": [ [ [ -75.64687234699295, 46.552923852709718 ], [ -75.653425631001724, 46.555484538152882 ], [ -75.653488003174687, 46.560680041566599 ], [ -75.646995846370118, 46.563314872914425 ], [ -75.640441914238536, 46.560753825834553 ], [ -75.640380787040215, 46.555558309110658 ], [ -75.64687234699295, 46.552923852709718 ] ] ] } },
{ "type": "Feature", "properties": { "hex_id": 377404, "centroid_lon": -75.647119414132177, "centroid_lat": 46.573705873904551, "occurrences_today": 5, "datetimes_today": "2026-07-20 00:01:50, 2026-07-20 00:17:35, 2026-07-20 00:31:39, 2026-07-20 00:46:59, 2026-07-20 01:01:38", "cumulative_total": 18.0 }, "geometry": { "type": "Polygon", "coordinates": [ [ [ -75.647057621700085, 46.568510375811293 ], [ -75.653612799323227, 46.571071033979273 ], [ -75.653675223310714, 46.576266522978287 ], [ -75.647181223672263, 46.578901367194206 ], [ -75.640625397382749, 46.576340347191937 ], [ -75.640564219403956, 46.571144844875164 ], [ -75.647057621700085, 46.568510375811293 ] ] ] } },
{ "type": "Feature", "properties": { "hex_id": 377405, "centroid_lon": -75.647304894100188, "centroid_lat": 46.589292339362913, "occurrences_today": 5, "datetimes_today": "2026-07-20 00:01:50, 2026-07-20 00:17:35, 2026-07-20 00:31:39, 2026-07-20 00:46:59, 2026-07-20 01:01:38", "cumulative_total": 18.0 }, "geometry": { "type": "Polygon", "coordinates": [ [ [ -75.647243050326296, 46.584096855680336 ], [ -75.653800123141977, 46.58665748656184 ], [ -75.653862598997705, 46.591852961146436 ], [ -75.647366754999837, 46.594487818242015 ], [ -75.640809032973607, 46.591926825328493 ], [ -75.64074780416172, 46.58673133741857 ], [ -75.647243050326296, 46.584096855680336 ] ] ] } },
{ "type": "Feature", "properties": { "hex_id": 377406, "centroid_lon": -75.647490528200066, "centroid_lat": 46.604878761589831, "occurrences_today": 5, "datetimes_today": "2026-07-20 00:01:50, 2026-07-20 00:17:35, 2026-07-20 00:31:39, 2026-07-20 00:46:59, 2026-07-20 01:01:38", "cumulative_total": 18.0 }, "geometry": { "type": "Polygon", "coordinates": [ [ [ -75.647428633031154, 46.599683292317629 ], [ -75.653987602619196, 46.602243895901388 ], [ -75.654050130396925, 46.607439356071822 ], [ -75.647552440512513, 46.610074226058622 ], [ -75.640992821169164, 46.607513260245057 ], [ -75.64093154147146, 46.6023177867417 ], [ -75.647428633031154, 46.599683292317629 ] ] ] } },
{ "type": "Feature", "properties": { "hex_id": 377407, "centroid_lon": -75.647676316591657, "centroid_lat": 46.620465140586106, "occurrences_today": 5, "datetimes_today": "2026-07-20 00:01:50, 2026-07-20 00:17:35, 2026-07-20 00:31:39, 2026-07-20 00:46:59, 2026-07-20 01:01:38", "cumulative_total": 18.0 }, "geometry": { "type": "Polygon", "coordinates": [ [ [ -75.647614369974391, 46.61526968572403 ], [ -75.654175237916292, 46.617830261998712 ], [ -75.654237817669895, 46.623025707755239 ], [ -75.647738280370234, 46.625660590644863 ], [ -75.641176762127714, 46.623099651942432 ], [ -75.641115431491428, 46.617904192845394 ], [ -75.647614369974391, 46.61526968572403 ] ] ] } },
{ "type": "Feature", "properties": { "hex_id": 378012, "centroid_lon": -75.640136447339955, "centroid_lat": 46.534776194190442, "occurrences_today": 5, "datetimes_today": "2026-07-20 00:01:50, 2026-07-20 00:17:35, 2026-07-20 00:31:39, 2026-07-20 00:46:59, 2026-07-20 01:01:38", "cumulative_total": 18.0 }, "geometry": { "type": "Polygon", "coordinates": [ [ [ -75.640075404658987, 46.52958065345409 ], [ -75.646625553204416, 46.532141754655655 ], [ -75.646687226045543, 46.537337286374829 ], [ -75.640197506912742, 46.53997173012425 ], [ -75.633646711312423, 46.5374102675123 ], [ -75.633586281905636, 46.532214722628332 ], [ -75.640075404658987, 46.52958065345409 ] ] ] } },
{ "type": "Feature", "properties": { "hex_id": 378014, "centroid_lon": -75.640503058357837, "centroid_lat": 46.565949337756045, "occurrences_today": 5, "datetimes_today": "2026-07-20 00:01:50, 2026-07-20 00:17:35, 2026-07-20 00:31:39, 2026-07-20 00:46:59, 2026-07-20 01:01:38", "cumulative_total": 18.0 }, "geometry": { "type": "Polygon", "coordinates": [ [ [ -75.640441914238536, 46.560753825834553 ], [ -75.646995846370118, 46.563314872914425 ], [ -75.647057621700085, 46.568510375811293 ], [ -75.640564219403956, 46.571144844875164 ], [ -75.634009639131975, 46.568583435989865 ], [ -75.63394910930235, 46.563387919913247 ], [ -75.640441914238536, 46.560753825834553 ] ] ] } },
{ "type": "Feature", "properties": { "hex_id": 378015, "centroid_lon": -75.640686592300042, "centroid_lat": 46.581535844706387, "occurrences_today": 5, "datetimes_today": "2026-07-20 00:01:50, 2026-07-20 00:17:35, 2026-07-20 00:31:39, 2026-07-20 00:46:59, 2026-07-20 01:01:38", "cumulative_total": 18.0 }, "geometry": { "type": "Polygon", "coordinates": [ [ [ -75.640625397382749, 46.576340347191937 ], [ -75.647181223672263, 46.578901367194206 ], [ -75.647243050326296, 46.584096855680336 ], [ -75.64074780416172, 46.58673133741857 ], [ -75.63419132918817, 46.584169955413188 ], [ -75.634130749069087, 46.578974453739804 ], [ -75.640625397382749, 46.576340347191937 ] ] ] } },
{ "type": "Feature", "properties": { "hex_id": 378016, "centroid_lon": -75.640870278741573, "centroid_lat": 46.597122308436198, "occurrences_today": 5, "datetimes_today": "2026-07-20 00:01:50, 2026-07-20 00:17:35, 2026-07-20 00:31:39, 2026-07-20 00:46:59, 2026-07-20 01:01:38", "cumulative_total": 18.0 }, "geometry": { "type": "Polygon", "coordinates": [ [ [ -75.640809032973607, 46.591926825328493 ], [ -75.647366754999837, 46.594487818242015 ], [ -75.647428633031154, 46.599683292317629 ], [ -75.64093154147146, 46.6023177867417 ], [ -75.634373170217017, 46.59975643162727 ], [ -75.634312539756337, 46.594560944356893 ], [ -75.640809032973607, 46.591926825328493 ] ] ] } },
{ "type": "Feature", "properties": { "hex_id": 378017, "centroid_lon": -75.641054117840525, "centroid_lat": 46.612708728946274, "occurrences_today": 5, "datetimes_today": "2026-07-20 00:01:50, 2026-07-20 00:17:35, 2026-07-20 00:31:39, 2026-07-20 00:46:59, 2026-07-20 01:01:38", "cumulative_total": 18.0 }, "geometry": { "type": "Polygon", "coordinates": [ [ [ -75.640992821169164, 46.607513260245057 ], [ -75.647552440512513, 46.610074226058622 ], [ -75.647614369974391, 46.61526968572403 ], [ -75.641115431491428, 46.617904192845394 ], [ -75.634555162375094, 46.615342864632993 ], [ -75.634494481520591, 46.61014739176531 ], [ -75.640992821169164, 46.607513260245057 ] ] ] } },
{ "type": "Feature", "properties": { "hex_id": 378624, "centroid_lon": -75.633888596224324, "centroid_lat": 46.558192399035484, "occurrences_today": 5, "datetimes_today": "2026-07-20 00:01:50, 2026-07-20 00:17:35, 2026-07-20 00:31:39, 2026-07-20 00:46:59, 2026-07-20 01:01:38", "cumulative_total": 18.0 }, "geometry": { "type": "Polygon", "coordinates": [ [ [ -75.633828099892085, 46.55299687335652 ], [ -75.640380787040215, 46.555558309110658 ], [ -75.640441914238536, 46.560753825834553 ], [ -75.63394910930235, 46.563387919913247 ], [ -75.627395774539451, 46.560826122382629 ], [ -75.627335892333278, 46.5556305926169 ], [ -75.633828099892085, 46.55299687335652 ] ] ] } },
{ "type": "Feature", "properties": { "hex_id": 378625, "centroid_lon": -75.634070185718954, "centroid_lat": 46.573778947265389, "occurrences_today": 5, "datetimes_today": "2026-07-20 00:01:50, 2026-07-20 00:17:35, 2026-07-20 00:31:39, 2026-07-20 00:46:59, 2026-07-20 01:01:38", "cumulative_total": 18.0 }, "geometry": { "type": "Polygon", "coordinates": [ [ [ -75.634009639131975, 46.568583435989865 ], [ -75.640564219403956, 46.571144844875164 ], [ -75.640625397382749, 46.576340347191937 ], [ -75.634130749069087, 46.578974453739804 ], [ -75.62757552063924, 46.576412682880374 ], [ -75.627515588686705, 46.571217167514348 ], [ -75.634009639131975, 46.568583435989865 ] ] ] } },
{ "type": "Feature", "properties": { "hex_id": 378626, "centroid_lon": -75.634251926081987, "centroid_lat": 46.589365452285541, "occurrences_today": 5, "datetimes_today": "2026-07-20 00:01:50, 2026-07-20 00:17:35, 2026-07-20 00:31:39, 2026-07-20 00:46:59, 2026-07-20 01:01:38", "cumulative_total": 18.0 }, "geometry": { "type": "Polygon", "coordinates": [ [ [ -75.63419132918817, 46.584169955413188 ], [ -75.64074780416172, 46.58673133741857 ], [ -75.640809032973607, 46.591926825328493 ], [ -75.634312539756337, 46.594560944356893 ], [ -75.627755416081285, 46.591999200179579 ], [ -75.627695434330803, 46.586803699212965 ], [ -75.63419132918817, 46.584169955413188 ] ] ] } },
{ "type": "Feature", "properties": { "hex_id": 378627, "centroid_lon": -75.634433817469841, "centroid_lat": 46.604951914096745, "occurrences_today": 5, "datetimes_today": "2026-07-20 00:01:50, 2026-07-20 00:17:35, 2026-07-20 00:31:39, 2026-07-20 00:46:59, 2026-07-20 01:01:38", "cumulative_total": 18.0 }, "geometry": { "type": "Polygon", "coordinates": [ [ [ -75.634373170217017, 46.59975643162727 ], [ -75.64093154147146, 46.6023177867417 ], [ -75.640992821169164, 46.607513260245057 ], [ -75.634494481520591, 46.61014739176531 ], [ -75.627935461020428, 46.607585674281061 ], [ -75.627875429420357, 46.602390187713596 ], [ -75.634373170217017, 46.59975643162727 ] ] ] } },
{ "type": "Feature", "properties": { "hex_id": 379235, "centroid_lon": -75.627455673322004, "centroid_lat": 46.56602164734845, "occurrences_today": 5, "datetimes_today": "2026-07-20 00:01:50, 2026-07-20 00:17:35, 2026-07-20 00:31:39, 2026-07-20 00:46:59, 2026-07-20 01:01:38", "cumulative_total": 18.0 }, "geometry": { "type": "Polygon", "coordinates": [ [ [ -75.627395774539451, 46.560826122382629 ], [ -75.63394910930235, 46.563387919913247 ], [ -75.634009639131975, 46.568583435989865 ], [ -75.627515588686705, 46.571217167514348 ], [ -75.620961606291743, 46.568655008038554 ], [ -75.620902321979841, 46.563459479050593 ], [ -75.627395774539451, 46.560826122382629 ] ] ] } },
{ "type": "Feature", "properties": { "hex_id": 379236, "centroid_lon": -75.627635469185364, "centroid_lat": 46.581608193446563, "occurrences_today": 5, "datetimes_today": "2026-07-20 00:01:50, 2026-07-20 00:17:35, 2026-07-20 00:31:39, 2026-07-20 00:46:59, 2026-07-20 01:01:38", "cumulative_total": 18.0 }, "geometry": { "type": "Polygon", "coordinates": [ [ [ -75.62757552063924, 46.576412682880374 ], [ -75.634130749069087, 46.578974453739804 ], [ -75.63419132918817, 46.584169955413188 ], [ -75.627695434330803, 46.586803699212965 ], [ -75.621139557725812, 46.584241566210594 ], [ -75.621080224159073, 46.579046051618526 ], [ -75.62757552063924, 46.576412682880374 ] ] ] } },
{ "type": "Feature", "properties": { "hex_id": 379237, "centroid_lon": -75.627815414442566, "centroid_lat": 46.597194696346442, "occurrences_today": 5, "datetimes_today": "2026-07-20 00:01:50, 2026-07-20 00:17:35, 2026-07-20 00:31:39, 2026-07-20 00:46:59, 2026-07-20 01:01:38", "cumulative_total": 18.0 }, "geometry": { "type": "Polygon", "coordinates": [ [ [ -75.627755416081285, 46.591999200179579 ], [ -75.634312539756337, 46.594560944356893 ], [ -75.634373170217017, 46.59975643162727 ], [ -75.627875429420357, 46.602390187713596 ], [ -75.621317657026495, 46.599828081195447 ], [ -75.62125827415386, 46.594632580999026 ], [ -75.627755416081285, 46.591999200179579 ] ] ] } },
{ "type": "Feature", "properties": { "hex_id": 379238, "centroid_lon": -75.627995509248507, "centroid_lat": 46.612781156048882, "occurrences_today": 5, "datetimes_today": "2026-07-20 00:01:50, 2026-07-20 00:17:35, 2026-07-20 00:31:39, 2026-07-20 00:46:59, 2026-07-20 01:01:38", "cumulative_total": 18.0 }, "geometry": { "type": "Polygon", "coordinates": [ [ [ -75.627935461020428, 46.607585674281061 ], [ -75.634494481520591, 46.61014739176531 ], [ -75.634555162375094, 46.615342864632993 ], [ -75.628055574110363, 46.617976633017093 ], [ -75.621495904347128, 46.615414552994011 ], [ -75.621436472117452, 46.610219067192922 ], [ -75.627935461020428, 46.607585674281061 ] ] ] } },
{ "type": "Feature", "properties": { "hex_id": 379845, "centroid_lon": -75.620843054074868, "centroid_lat": 46.558263945263924, "occurrences_today": 5, "datetimes_today": "2026-07-20 00:01:50, 2026-07-20 00:17:35, 2026-07-20 00:31:39, 2026-07-20 00:46:59, 2026-07-20 01:01:38", "cumulative_total": 18.0 }, "geometry": { "type": "Polygon", "coordinates": [ [ [ -75.620783802571182, 46.55306840667852 ], [ -75.627335892333278, 46.5556305926169 ], [ -75.627395774539451, 46.560826122382629 ], [ -75.620902321979841, 46.563459479050593 ], [ -75.614349585111142, 46.560896931196098 ], [ -75.614290947914313, 46.555701388656857 ], [ -75.620783802571182, 46.55306840667852 ] ] ] } },
{ "type": "Feature", "properties": { "hex_id": 379846, "centroid_lon": -75.621020907016273, "centroid_lat": 46.573850532227866, "occurrences_today": 5, "datetimes_today": "2026-07-20 00:01:50, 2026-07-20 00:17:35, 2026-07-20 00:31:39, 2026-07-20 00:46:59, 2026-07-20 01:01:38", "cumulative_total": 18.0 }, "geometry": { "type": "Polygon", "coordinates": [ [ [ -75.620961606291743, 46.568655008038554 ], [ -75.627515588686705, 46.571217167514348 ], [ -75.62757552063924, 46.576412682880374 ], [ -75.621080224159073, 46.579046051618526 ], [ -75.614525594114994, 46.57648353002886 ], [ -75.614466908205884, 46.571288001882067 ], [ -75.620961606291743, 46.568655008038554 ] ] ] } },
{ "type": "Feature", "properties": { "hex_id": 379847, "centroid_lon": -75.621198907722189, "centroid_lat": 46.589437076004081, "occurrences_today": 5, "datetimes_today": "2026-07-20 00:01:50, 2026-07-20 00:17:35, 2026-07-20 00:31:39, 2026-07-20 00:46:59, 2026-07-20 01:01:38", "cumulative_total": 18.0 }, "geometry": { "type": "Polygon", "coordinates": [ [ [ -75.621139557725812, 46.584241566210594 ], [ -75.627695434330803, 46.586803699212965 ], [ -75.627755416081285, 46.591999200179579 ], [ -75.62125827415386, 46.594632580999026 ], [ -75.614701749356612, 46.592070085684902 ], [ -75.614643014684745, 46.586874571930252 ], [ -75.621139557725812, 46.584241566210594 ] ] ] } },
{ "type": "Feature", "properties": { "hex_id": 379848, "centroid_lon": -75.621377056345807, "centroid_lat": 46.60502357659341, "occurrences_today": 5, "datetimes_today": "2026-07-20 00:01:50, 2026-07-20 00:17:35, 2026-07-20 00:31:39, 2026-07-20 00:46:59, 2026-07-20 01:01:38", "cumulative_total": 18.0 }, "geometry": { "type": "Polygon", "coordinates": [ [ [ -75.621317657026495, 46.599828081195447 ], [ -75.627875429420357, 46.602390187713596 ], [ -75.627935461020428, 46.607585674281061 ], [ -75.621436472117452, 46.610219067192922 ], [ -75.614878050987642, 46.607656598165072 ], [ -75.61481926750244, 46.602461098802273 ], [ -75.621317657026495, 46.599828081195447 ] ] ] } },
{ "type": "Feature", "properties": { "hex_id": 380456, "centroid_lon": -75.614408238539809, "centroid_lat": 46.566092468937832, "occurrences_today": 5, "datetimes_today": "2026-07-20 00:01:50, 2026-07-20 00:17:35, 2026-07-20 00:31:39, 2026-07-20 00:46:59, 2026-07-20 01:01:38", "cumulative_total": 18.0 }, "geometry": { "type": "Polygon", "coordinates": [ [ [ -75.614349585111142, 46.560896931196098 ], [ -75.620902321979841, 46.563459479050593 ], [ -75.620961606291743, 46.568655008038554 ], [ -75.614466908205884, 46.571288001882067 ], [ -75.607913524213714, 46.568725091942767 ], [ -75.607855485436488, 46.563529550311884 ], [ -75.614349585111142, 46.560896931196098 ] ] ] } },
{ "type": "Feature", "properties": { "hex_id": 380457, "centroid_lon": -75.614584296272739, "centroid_lat": 46.581679053378245, "occurrences_today": 5, "datetimes_today": "2026-07-20 00:01:50, 2026-07-20 00:17:35, 2026-07-20 00:31:39, 2026-07-20 00:46:59, 2026-07-20 01:01:38", "cumulative_total": 18.0 }, "geometry": { "type": "Polygon", "coordinates": [ [ [ -75.614525594114994, 46.57648353002886 ], [ -75.621080224159073, 46.579046051618526 ], [ -75.621139557725812, 46.584241566210594 ], [ -75.614643014684745, 46.586874571930252 ], [ -75.60808773697461, 46.584311688057923 ], [ -75.608029649977226, 46.579116160815751 ], [ -75.614525594114994, 46.57648353002886 ] ] ] } },
{ "type": "Feature", "properties": { "hex_id": 380458, "centroid_lon": -75.614760500293968, "centroid_lat": 46.597265594642238, "occurrences_today": 5, "datetimes_today": "2026-07-20 00:01:50, 2026-07-20 00:17:35, 2026-07-20 00:31:39, 2026-07-20 00:46:59, 2026-07-20 01:01:38", "cumulative_total": 18.0 }, "geometry": { "type": "Polygon", "coordinates": [ [ [ -75.614701749356612, 46.592070085684902 ], [ -75.62125827415386, 46.594632580999026 ], [ -75.621317657026495, 46.599828081195447 ], [ -75.61481926750244, 46.602461098802273 ], [ -75.608262094495998, 46.59989824100753 ], [ -75.608203959228447, 46.594702728153791 ], [ -75.614701749356612, 46.592070085684902 ] ] ] } },
{ "type": "Feature", "properties": { "hex_id": 381067, "centroid_lon": -75.60797157905877, "centroid_lat": 46.573920628777394, "occurrences_today": 5, "datetimes_today": "2026-07-20 00:01:50, 2026-07-20 00:17:35, 2026-07-20 00:31:39, 2026-07-20 00:46:59, 2026-07-20 01:01:38", "cumulative_total": 18.0 }, "geometry": { "type": "Polygon", "coordinates": [ [ [ -75.607913524213714, 46.568725091942767 ], [ -75.614466908205884, 46.571288001882067 ], [ -75.614525594114994, 46.57648353002886 ], [ -75.608029649977226, 46.579116160815751 ], [ -75.601475618844816, 46.576552888622949 ], [ -75.601418178995985, 46.571357347963897 ], [ -75.607913524213714, 46.568725091942767 ] ] ] } },
{ "type": "Feature", "properties": { "hex_id": 381068, "centroid_lon": -75.608145840056494, "centroid_lat": 46.589507210503939, "occurrences_today": 5, "datetimes_today": "2026-07-20 00:01:50, 2026-07-20 00:17:35, 2026-07-20 00:31:39, 2026-07-20 00:46:59, 2026-07-20 01:01:38", "cumulative_total": 18.0 }, "geometry": { "type": "Polygon", "coordinates": [ [ [ -75.60808773697461, 46.584311688057923 ], [ -75.614643014684745, 46.586874571930252 ], [ -75.614701749356612, 46.592070085684902 ], [ -75.608203959228447, 46.594702728153791 ], [ -75.601648033835488, 46.592139481830017 ], [ -75.601590546259089, 46.586943955555981 ], [ -75.60808773697461, 46.584311688057923 ] ] ] } },
{ "type": "Feature", "properties": { "hex_id": 381677, "centroid_lon": -75.601360755045334, "centroid_lat": 46.566161802509768, "occurrences_today": 5, "datetimes_today": "2026-07-20 00:01:50, 2026-07-20 00:17:35, 2026-07-20 00:31:39, 2026-07-20 00:46:59, 2026-07-20 01:01:38", "cumulative_total": 18.0 }, "geometry": { "type": "Polygon", "coordinates": [ [ [ -75.601303346987407, 46.560966252260513 ], [ -75.607855485436488, 46.563529550311884 ], [ -75.607913524213714, 46.568725091942767 ], [ -75.601418178995985, 46.571357347963897 ], [ -75.594865393932153, 46.568793687688185 ], [ -75.594808600706273, 46.563598133682817 ], [ -75.601303346987407, 46.560966252260513 ] ] ] } },
{ "type": "Feature", "properties": { "hex_id": 381678, "centroid_lon": -75.60153307459737, "centroid_lat": 46.581748424486968, "occurrences_today": 5, "datetimes_today": "2026-07-20 00:01:50, 2026-07-20 00:17:35, 2026-07-20 00:31:39, 2026-07-20 00:46:59, 2026-07-20 01:01:38", "cumulative_total": 18.0 }, "geometry": { "type": "Polygon", "coordinates": [ [ [ -75.601475618844816, 46.576552888622949 ], [ -75.608029649977226, 46.579116160815751 ], [ -75.60808773697461, 46.584311688057923 ], [ -75.601590546259089, 46.586943955555981 ], [ -75.595035867969898, 46.584380320940916 ], [ -75.594979027558537, 46.579184781317217 ], [ -75.601475618844816, 46.576552888622949 ] ] ] } },
{ "type": "Feature", "properties": { "hex_id": 381679, "centroid_lon": -75.601705537332066, "centroid_lat": 46.597335003309091, "occurrences_today": 5, "datetimes_today": "2026-07-20 00:01:50, 2026-07-20 00:17:35, 2026-07-20 00:31:39, 2026-07-20 00:46:59, 2026-07-20 01:01:38", "cumulative_total": 18.0 }, "geometry": { "type": "Polygon", "coordinates": [ [ [ -75.601648033835488, 46.592139481830017 ], [ -75.608203959228447, 46.594702728153791 ], [ -75.608262094495998, 46.59989824100753 ], [ -75.601763056754336, 46.602530519993273 ], [ -75.595206483661968, 46.599966911049194 ], [ -75.595149596016185, 46.594771385806879 ], [ -75.601648033835488, 46.592139481830017 ] ] ] } },
{ "type": "Feature", "properties": { "hex_id": 382285, "centroid_lon": -75.594411487915423, "centroid_lat": 46.527229121412496, "occurrences_today": 5, "datetimes_today": "2026-07-20 00:01:50, 2026-07-20 00:17:35, 2026-07-20 00:31:39, 2026-07-20 00:46:59, 2026-07-20 01:01:38", "cumulative_total": 18.0 }, "geometry": { "type": "Polygon", "coordinates": [ [ [ -75.594354820278909, 46.522033529054525 ], [ -75.600901935117321, 46.524597266250041 ], [ -75.600959232079731, 46.529792850065938 ], [ -75.594468171231654, 46.532424708976251 ], [ -75.587920411384928, 46.529860609981149 ], [ -75.587864357399994, 46.524665013942361 ], [ -75.594354820278909, 46.522033529054525 ] ] ] } },
{ "type": "Feature", "properties": { "hex_id": 382286, "centroid_lon": -75.594581584924924, "centroid_lat": 46.542815869721387, "occurrences_today": 5, "datetimes_today": "2026-07-20 00:01:50, 2026-07-20 00:17:35, 2026-07-20 00:31:39, 2026-07-20 00:46:59, 2026-07-20 01:01:38", "cumulative_total": 18.0 }, "geometry": { "type": "Polygon", "coordinates": [ [ [ -75.594524870233016, 46.537620291745888 ], [ -75.6010738735731, 46.540184003311786 ], [ -75.601131218115015, 46.545379572741794 ], [ -75.594638315312778, 46.548011442902798 ], [ -75.588088666424014, 46.545447369339598 ], [ -75.588032565891595, 46.540251787679743 ], [ -75.594524870233016, 46.537620291745888 ] ] ] } },
{ "type": "Feature", "properties": { "hex_id": 382288, "centroid_lon": -75.594922202881094, "centroid_lat": 46.573989236899656, "occurrences_today": 5, "datetimes_today": "2026-07-20 00:01:50, 2026-07-20 00:17:35, 2026-07-20 00:31:39, 2026-07-20 00:46:59, 2026-07-20 01:01:38", "cumulative_total": 18.0 }, "geometry": { "type": "Polygon", "coordinates": [ [ [ -75.594865393932153, 46.568793687688185 ], [ -75.601418178995985, 46.571357347963897 ], [ -75.601475618844816, 46.576552888622949 ], [ -75.594979027558537, 46.579184781317217 ], [ -75.588425595863583, 46.576620758648488 ], [ -75.588369402091473, 46.571425205745669 ], [ -75.594865393932153, 46.568793687688185 ] ] ] } },
{ "type": "Feature", "properties": { "hex_id": 382289, "centroid_lon": -75.595092724120647, "centroid_lat": 46.589575855770796, "occurrences_today": 5, "datetimes_today": "2026-07-20 00:01:50, 2026-07-20 00:17:35, 2026-07-20 00:31:39, 2026-07-20 00:46:59, 2026-07-20 01:01:38", "cumulative_total": 18.0 }, "geometry": { "type": "Polygon", "coordinates": [ [ [ -75.595035867969898, 46.584380320940916 ], [ -75.601590546259089, 46.586943955555981 ], [ -75.601648033835488, 46.592139481830017 ], [ -75.595149596016185, 46.594771385806879 ], [ -75.588594270553813, 46.592207388600755 ], [ -75.588538030089381, 46.587011850075996 ], [ -75.595035867969898, 46.584380320940916 ] ] ] } },
{ "type": "Feature", "properties": { "hex_id": 382896, "centroid_lon": -75.587976480880343, "centroid_lat": 46.535056201226944, "occurrences_today": 5, "datetimes_today": "2026-07-20 00:01:50, 2026-07-20 00:17:35, 2026-07-20 00:31:39, 2026-07-20 00:46:59, 2026-07-20 01:01:38", "cumulative_total": 25.0 }, "geometry": { "type": "Polygon", "coordinates": [ [ [ -75.587920411384928, 46.529860609981149 ], [ -75.594468171231654, 46.532424708976251 ], [ -75.594524870233016, 46.537620291745888 ], [ -75.588032565891595, 46.540251787679743 ], [ -75.581484161020398, 46.537687326716593 ], [ -75.581428705520466, 46.53249173185467 ], [ -75.587920411384928, 46.529860609981149 ] ] ] } },
{ "type": "Feature", "properties": { "hex_id": 382897, "centroid_lon": -75.588144782482985, "centroid_lat": 46.550642946206523, "occurrences_today": 5, "datetimes_today": "2026-07-20 00:01:50, 2026-07-20 00:17:35, 2026-07-20 00:31:39, 2026-07-20 00:46:59, 2026-07-20 01:01:38", "cumulative_total": 18.0 }, "geometry": { "type": "Polygon", "coordinates": [ [ [ -75.588088666424014, 46.545447369339598 ], [ -75.594638315312778, 46.548011442902798 ], [ -75.594695061402021, 46.553207011290148 ], [ -75.588200914073852, 46.555838518280559 ], [ -75.581650619620248, 46.553274082551511 ], [ -75.581595118064996, 46.548078502064989 ], [ -75.588088666424014, 46.545447369339598 ] ] ] } },
{ "type": "Feature", "properties": { "hex_id": 382898, "centroid_lon": -75.588313223872731, "centroid_lat": 46.566229648050104, "occurrences_today": 5, "datetimes_today": "2026-07-20 00:01:50, 2026-07-20 00:17:35, 2026-07-20 00:31:39, 2026-07-20 00:46:59, 2026-07-20 01:01:38", "cumulative_total": 18.0 }, "geometry": { "type": "Polygon", "coordinates": [ [ [ -75.588257061201986, 46.561034085561744 ], [ -75.594808600706273, 46.563598133682817 ], [ -75.594865393932153, 46.568793687688185 ], [ -75.588369402091473, 46.571425205745669 ], [ -75.581817216481397, 46.568860795260854 ], [ -75.581761668823134, 46.563665229149414 ], [ -75.588257061201986, 46.561034085561744 ] ] ] } },
{ "type": "Feature", "properties": { "hex_id": 382899, "centroid_lon": -75.588481805194434, "centroid_lat": 46.581816306758583, "occurrences_today": 5, "datetimes_today": "2026-07-20 00:01:50, 2026-07-20 00:17:35, 2026-07-20 00:31:39, 2026-07-20 00:46:59, 2026-07-20 01:01:38", "cumulative_total": 18.0 }, "geometry": { "type": "Polygon", "coordinates": [ [ [ -75.588425595863583, 46.576620758648488 ], [ -75.594979027558537, 46.579184781317217 ], [ -75.595035867969898, 46.584380320940916 ], [ -75.588538030089381, 46.587011850075996 ], [ -75.581983951747119, 46.584447464845525 ], [ -75.581928357938068, 46.579251913108862 ], [ -75.588425595863583, 46.576620758648488 ] ] ] } },
{ "type": "Feature", "properties": { "hex_id": 383506, "centroid_lon": -75.581373265361691, "centroid_lat": 46.527296132200888, "occurrences_today": 5, "datetimes_today": "2026-07-20 00:01:50, 2026-07-20 00:17:35, 2026-07-20 00:31:39, 2026-07-20 00:46:59, 2026-07-20 01:01:38", "cumulative_total": 18.0 }, "geometry": { "type": "Polygon", "coordinates": [ [ [ -75.581317840538816, 46.522100527755185 ], [ -75.587864357399994, 46.524665013942361 ], [ -75.587920411384928, 46.529860609981149 ], [ -75.581428705520466, 46.53249173185467 ], [ -75.5748815441587, 46.529926883728749 ], [ -75.574826733167285, 46.5247312757351 ], [ -75.581317840538816, 46.522100527755185 ] ] ] } },
{ "type": "Feature", "properties": { "hex_id": 383507, "centroid_lon": -75.581539631866818, "centroid_lat": 46.542882916786688, "occurrences_today": 5, "datetimes_today": "2026-07-20 00:01:50, 2026-07-20 00:17:35, 2026-07-20 00:31:39, 2026-07-20 00:46:59, 2026-07-20 01:01:38", "cumulative_total": 25.0 }, "geometry": { "type": "Polygon", "coordinates": [ [ [ -75.581484161020398, 46.537687326716593 ], [ -75.588032565891595, 46.540251787679743 ], [ -75.588088666424014, 46.545447369339598 ], [ -75.581595118064996, 46.548078502064989 ], [ -75.575046068153384, 46.5455136789653 ], [ -75.57499121164652, 46.540318085343806 ], [ -75.581484161020398, 46.537687326716593 ] ] ] } },
{ "type": "Feature", "properties": { "hex_id": 383509, "centroid_lon": -75.581872779517923, "centroid_lat": 46.57405635658067, "occurrences_today": 5, "datetimes_today": "2026-07-20 00:01:50, 2026-07-20 00:17:35, 2026-07-20 00:31:39, 2026-07-20 00:46:59, 2026-07-20 01:01:38", "cumulative_total": 18.0 }, "geometry": { "type": "Polygon", "coordinates": [ [ [ -75.581817216481397, 46.568860795260854 ], [ -75.588369402091473, 46.571425205745669 ], [ -75.588425595863583, 46.576620758648488 ], [ -75.581928357938068, 46.579251913108862 ], [ -75.575375526206159, 46.576687140091636 ], [ -75.575320578526899, 46.571491575213585 ], [ -75.581817216481397, 46.568860795260854 ] ] ] } },
{ "type": "Feature", "properties": { "hex_id": 383510, "centroid_lon": -75.582039560950392, "centroid_lat": 46.589643011790642, "occurrences_today": 5, "datetimes_today": "2026-07-20 00:01:50, 2026-07-20 00:17:35, 2026-07-20 00:31:39, 2026-07-20 00:46:59, 2026-07-20 01:01:38", "cumulative_total": 18.0 }, "geometry": { "type": "Polygon", "coordinates": [ [ [ -75.581983951747119, 46.584447464845525 ], [ -75.588538030089381, 46.587011850075996 ], [ -75.588594270553813, 46.592207388600755 ], [ -75.5820951855532, 46.594838553944278 ], [ -75.575540460547558, 46.592273805983261 ], [ -75.575485467211237, 46.587078255476442 ], [ -75.581983951747119, 46.584447464845525 ] ] ] } },
{ "type": "Feature", "properties": { "hex_id": 384117, "centroid_lon": -75.574936370316692, "centroid_lat": 46.535122486931641, "occurrences_today": 5, "datetimes_today": "2026-07-20 00:01:50, 2026-07-20 00:17:35, 2026-07-20 00:31:39, 2026-07-20 00:46:59, 2026-07-20 01:01:38", "cumulative_total": 18.0 }, "geometry": { "type": "Polygon", "coordinates": [ [ [ -75.5748815441587, 46.529926883728749 ], [ -75.581428705520466, 46.53249173185467 ], [ -75.581484161020398, 46.537687326716593 ], [ -75.57499121164652, 46.540318085343806 ], [ -75.568443405768377, 46.537752875110719 ], [ -75.568389193785734, 46.532557268424611 ], [ -75.5748815441587, 46.529926883728749 ] ] ] } },
{ "type": "Feature", "properties": { "hex_id": 384119, "centroid_lon": -75.575265646056167, "centroid_lat": 46.566296005545041, "occurrences_today": 5, "datetimes_today": "2026-07-20 00:01:50, 2026-07-20 00:17:35, 2026-07-20 00:31:39, 2026-07-20 00:46:59, 2026-07-20 01:01:38", "cumulative_total": 18.0 }, "geometry": { "type": "Polygon", "coordinates": [ [ [ -75.57521072878869, 46.561100431085954 ], [ -75.581761668823134, 46.563665229149414 ], [ -75.581817216481397, 46.568860795260854 ], [ -75.575320578526899, 46.571491575213585 ], [ -75.568768992895784, 46.568926414647066 ], [ -75.568714690821068, 46.563730836698014 ], [ -75.57521072878869, 46.561100431085954 ] ] ] } },
{ "type": "Feature", "properties": { "hex_id": 384120, "centroid_lon": -75.57543048909919, "centroid_lat": 46.581882700179243, "occurrences_today": 5, "datetimes_today": "2026-07-20 00:01:50, 2026-07-20 00:17:35, 2026-07-20 00:31:39, 2026-07-20 00:46:59, 2026-07-20 01:01:38", "cumulative_total": 18.0 }, "geometry": { "type": "Polygon", "coordinates": [ [ [ -75.575375526206159, 46.576687140091636 ], [ -75.581928357938068, 46.579251913108862 ], [ -75.581983951747119, 46.584447464845525 ], [ -75.575485467211237, 46.587078255476442 ], [ -75.56893198934165, 46.584513119758064 ], [ -75.568877642150881, 46.57931755617706 ], [ -75.575375526206159, 46.576687140091636 ] ] ] } },
{ "type": "Feature", "properties": { "hex_id": 384728, "centroid_lon": -75.56849763275342, "centroid_lat": 46.542948477007236, "occurrences_today": 5, "datetimes_today": "2026-07-20 00:01:50, 2026-07-20 00:17:35, 2026-07-20 00:31:39, 2026-07-20 00:46:59, 2026-07-20 01:01:38", "cumulative_total": 18.0 }, "geometry": { "type": "Polygon", "coordinates": [ [ [ -75.568443405768377, 46.537752875110719 ], [ -75.57499121164652, 46.540318085343806 ], [ -75.575046068153384, 46.5455136789653 ], [ -75.568551874746021, 46.54814407411417 ], [ -75.562003424335899, 46.545578501605412 ], [ -75.561949811870306, 46.540382896290502 ], [ -75.568443405768377, 46.537752875110719 ] ] ] } },
{ "type": "Feature", "properties": { "hex_id": 384730, "centroid_lon": -75.568823310003978, "centroid_lat": 46.574121987806741, "occurrences_today": 5, "datetimes_today": "2026-07-20 00:01:50, 2026-07-20 00:17:35, 2026-07-20 00:31:39, 2026-07-20 00:46:59, 2026-07-20 01:01:38", "cumulative_total": 18.0 }, "geometry": { "type": "Polygon", "coordinates": [ [ [ -75.568768992895784, 46.568926414647066 ], [ -75.575320578526899, 46.571491575213585 ], [ -75.575375526206159, 46.576687140091636 ], [ -75.568877642150881, 46.57931755617706 ], [ -75.56232541090742, 46.576752032938849 ], [ -75.56227170933677, 46.57155645635406 ], [ -75.568768992895784, 46.568926414647066 ] ] ] } },
{ "type": "Feature", "properties": { "hex_id": 385339, "centroid_lon": -75.562057051639513, "centroid_lat": 46.550774102131889, "occurrences_today": 5, "datetimes_today": "2026-07-20 00:01:50, 2026-07-20 00:17:35, 2026-07-20 00:31:39, 2026-07-20 00:46:59, 2026-07-20 01:01:38", "cumulative_total": 18.0 }, "geometry": { "type": "Polygon", "coordinates": [ [ [ -75.562003424335899, 46.545578501605412 ], [ -75.568551874746021, 46.54814407411417 ], [ -75.56860613175138, 46.55333966643159 ], [ -75.562110693786295, 46.555969697869948 ], [ -75.555561598828717, 46.553403762917021 ], [ -75.555508586388797, 46.548208159036989 ], [ -75.562003424335899, 46.545578501605412 ] ] ] } },
{ "type": "Feature", "properties": { "hex_id": 385340, "centroid_lon": -75.562218022629793, "centroid_lat": 46.566360874981008, "occurrences_today": 5, "datetimes_today": "2026-07-20 00:01:50, 2026-07-20 00:17:35, 2026-07-20 00:31:39, 2026-07-20 00:46:59, 2026-07-20 01:01:38", "cumulative_total": 18.0 }, "geometry": { "type": "Polygon", "coordinates": [ [ [ -75.562164350781345, 46.561165288819645 ], [ -75.568714690821068, 46.563730836698014 ], [ -75.568768992895784, 46.568926414647066 ], [ -75.56227170933677, 46.57155645635406 ], [ -75.555720724209692, 46.568990545833451 ], [ -75.555667667734099, 46.56379495631522 ], [ -75.562164350781345, 46.561165288819645 ] ] ] } },
{ "type": "Feature", "properties": { "hex_id": 385950, "centroid_lon": -75.555614625942141, "centroid_lat": 46.558599362009758, "occurrences_today": 5, "datetimes_today": "2026-07-20 00:01:50, 2026-07-20 00:17:35, 2026-07-20 00:31:39, 2026-07-20 00:46:59, 2026-07-20 01:01:38", "cumulative_total": 18.0 }, "geometry": { "type": "Polygon", "coordinates": [ [ [ -75.555561598828717, 46.553403762917021 ], [ -75.562110693786295, 46.555969697869948 ], [ -75.562164350781345, 46.561165288819645 ], [ -75.555667667734099, 46.56379495631522 ], [ -75.549117928213789, 46.56122865874957 ], [ -75.549065516308531, 46.556033056368172 ], [ -75.555561598828717, 46.553403762917021 ] ] ] } },
{ "type": "Feature", "properties": { "hex_id": 385951, "centroid_lon": -75.555773795373995, "centroid_lat": 46.574186130564499, "occurrences_today": 5, "datetimes_today": "2026-07-20 00:01:50, 2026-07-20 00:17:35, 2026-07-20 00:31:39, 2026-07-20 00:46:59, 2026-07-20 01:01:38", "cumulative_total": 18.0 }, "geometry": { "type": "Polygon", "coordinates": [ [ [ -75.555720724209692, 46.568990545833451 ], [ -75.56227170933677, 46.57155645635406 ], [ -75.56232541090742, 46.576752032938849 ], [ -75.555826881232036, 46.579381710508393 ], [ -75.5492752510023, 46.576815437176904 ], [ -75.549222795555679, 46.571619849153912 ], [ -75.555720724209692, 46.568990545833451 ] ] ] } },
{ "type": "Feature", "properties": { "hex_id": 386560, "centroid_lon": -75.549013118907027, "centroid_lat": 46.550837449200557, "occurrences_today": 5, "datetimes_today": "2026-07-20 00:01:50, 2026-07-20 00:17:35, 2026-07-20 00:31:39, 2026-07-20 00:46:59, 2026-07-20 01:01:38", "cumulative_total": 18.0 }, "geometry": { "type": "Polygon", "coordinates": [ [ [ -75.548960736004318, 46.545641837246713 ], [ -75.555508586388797, 46.548208159036989 ], [ -75.555561598828717, 46.553403762917021 ], [ -75.549065516308531, 46.556033056368172 ], [ -75.542517021885587, 46.553466371994716 ], [ -75.542465254026283, 46.548270756820372 ], [ -75.548960736004318, 46.545641837246713 ] ] ] } },
{ "type": "Feature", "properties": { "hex_id": 386561, "centroid_lon": -75.549170354627833, "centroid_lat": 46.566424256344817, "occurrences_today": 5, "datetimes_today": "2026-07-20 00:01:50, 2026-07-20 00:17:35, 2026-07-20 00:31:39, 2026-07-20 00:46:59, 2026-07-20 01:01:38", "cumulative_total": 18.0 }, "geometry": { "type": "Polygon", "coordinates": [ [ [ -75.549117928213789, 46.56122865874957 ], [ -75.555667667734099, 46.56379495631522 ], [ -75.555720724209692, 46.568990545833451 ], [ -75.549222795555679, 46.571619849153912 ], [ -75.542672411457517, 46.56905318880694 ], [ -75.542620600596251, 46.563857587987968 ], [ -75.549117928213789, 46.56122865874957 ] ] ] } },
{ "type": "Feature", "properties": { "hex_id": 1188404, "centroid_lon": -66.37719497527911, "centroid_lat": 50.243780394649754, "occurrences_today": 74, "datetimes_today": "2026-07-20 04:31:59, 2026-07-20 04:46:38, 2026-07-20 05:02:03, 2026-07-20 05:17:31, 2026-07-20 05:31:42, 2026-07-20 05:46:02, 2026-07-20 06:02:01, 2026-07-20 06:17:16, 2026-07-20 06:31:48, 2026-07-20 06:47:06, 2026-07-20 07:01:54, 2026-07-20 07:16:40, 2026-07-20 07:31:42, 2026-07-20 07:46:56, 2026-07-20 08:01:45, 2026-07-20 08:17:07, 2026-07-20 08:31:59, 2026-07-20 08:46:51, 2026-07-20 09:02:15, 2026-07-20 09:16:57, 2026-07-20 09:33:05, 2026-07-20 09:46:49, 2026-07-20 10:02:26, 2026-07-20 10:17:29, 2026-07-20 10:31:41, 2026-07-20 10:48:08, 2026-07-20 11:01:51, 2026-07-20 11:16:42, 2026-07-20 11:32:00, 2026-07-20 11:46:41, 2026-07-20 12:01:57, 2026-07-20 12:15:28, 2026-07-20 12:32:32, 2026-07-20 12:46:50, 2026-07-20 13:01:53, 2026-07-20 13:16:47, 2026-07-20 13:31:40, 2026-07-20 13:46:54, 2026-07-20 14:02:15, 2026-07-20 14:17:28, 2026-07-20 14:46:49, 2026-07-20 15:01:55, 2026-07-20 15:16:49, 2026-07-20 15:31:41, 2026-07-20 15:46:54, 2026-07-20 16:01:51, 2026-07-20 16:16:53, 2026-07-20 16:31:38, 2026-07-20 16:47:01, 2026-07-20 17:02:05, 2026-07-20 17:16:42, 2026-07-20 17:32:10, 2026-07-20 17:47:08, 2026-07-20 18:01:38, 2026-07-20 18:16:44, 2026-07-20 18:31:38, 2026-07-20 19:01:54, 2026-07-20 19:16:40, 2026-07-20 19:31:51, 2026-07-20 20:01:49, 2026-07-20 20:16:43, 2026-07-20 20:32:02, 2026-07-20 20:47:06, 2026-07-20 21:02:18, 2026-07-20 21:32:06, 2026-07-20 21:47:02, 2026-07-20 22:02:15, 2026-07-20 22:17:36, 2026-07-20 22:32:01, 2026-07-20 22:47:10, 2026-07-20 23:02:22, 2026-07-20 23:16:40, 2026-07-20 23:32:15, 2026-07-20 23:46:40", "cumulative_total": 87.0 }, "geometry": { "type": "Polygon", "coordinates": [ [ [ -66.378128124516977, 50.23864664356077 ], [ -66.384594197825606, 50.24173158689613 ], [ -66.383661641186691, 50.24686542318377 ], [ -66.376261555983206, 50.248914128512197 ], [ -66.369795160184282, 50.245828694507708 ], [ -66.370729171977928, 50.24069504591484 ], [ -66.378128124516977, 50.23864664356077 ] ] ] } },
{ "type": "Feature", "properties": { "hex_id": 738166, "centroid_lon": -71.832463670417297, "centroid_lat": 45.853517034189387, "occurrences_today": 4, "datetimes_today": "2026-07-20 03:46:50, 2026-07-20 04:01:51, 2026-07-20 04:16:39, 2026-07-20 04:31:59", "cumulative_total": 64.0 }, "geometry": { "type": "Polygon", "coordinates": [ [ [ -71.832758487374093, 45.848328497562271 ], [ -71.839041245016475, 45.851101004191499 ], [ -71.838746983844587, 45.856289569796715 ], [ -71.832168772704293, 45.858705564608819 ], [ -71.825885540046855, 45.85593266918233 ], [ -71.826180993517468, 45.850744167805686 ], [ -71.832758487374093, 45.848328497562271 ] ] ] } },
{ "type": "Feature", "properties": { "hex_id": 738161, "centroid_lon": -71.836877460624351, "centroid_lat": 45.775688333264512, "occurrences_today": 6, "datetimes_today": "2026-07-20 00:01:50, 2026-07-20 00:17:35, 2026-07-20 00:31:39, 2026-07-20 00:46:59, 2026-07-20 01:01:38, 2026-07-20 01:16:48", "cumulative_total": 75.0 }, "geometry": { "type": "Polygon", "coordinates": [ [ [ -71.83717106950526, 45.770499703583582 ], [ -71.843445508218849, 45.773271776218593 ], [ -71.84315245289396, 45.778460434793004 ], [ -71.836583771395198, 45.780876956745374 ], [ -71.830308859487403, 45.778104496366993 ], [ -71.830603102245448, 45.772915901844136 ], [ -71.83717106950526, 45.770499703583582 ] ] ] } },
{ "type": "Feature", "properties": { "hex_id": 738771, "centroid_lon": -71.830897264507044, "centroid_lat": 45.767727301115606, "occurrences_today": 6, "datetimes_today": "2026-07-20 00:01:50, 2026-07-20 00:17:35, 2026-07-20 00:31:39, 2026-07-20 00:46:59, 2026-07-20 01:01:38, 2026-07-20 01:16:48", "cumulative_total": 75.0 }, "geometry": { "type": "Polygon", "coordinates": [ [ [ -71.831191346299335, 45.762538694181913 ], [ -71.837464598064997, 45.765311067703124 ], [ -71.83717106950526, 45.770499703583582 ], [ -71.830603102245448, 45.772915901844136 ], [ -71.824329377730109, 45.770143140633415 ], [ -71.824624093197116, 45.764954568916124 ], [ -71.831191346299335, 45.762538694181913 ] ] ] } },
{ "type": "Feature", "properties": { "hex_id": 738772, "centroid_lon": -71.830014536205752, "centroid_lat": 45.783293084683649, "occurrences_today": 6, "datetimes_today": "2026-07-20 00:01:50, 2026-07-20 00:17:35, 2026-07-20 00:31:39, 2026-07-20 00:46:59, 2026-07-20 01:01:38, 2026-07-20 01:16:48", "cumulative_total": 75.0 }, "geometry": { "type": "Polygon", "coordinates": [ [ [ -71.830308859487403, 45.778104496366993 ], [ -71.836583771395198, 45.780876956745374 ], [ -71.836290001790701, 45.786065574025692 ], [ -71.829720132373353, 45.788481666793608 ], [ -71.823444747352767, 45.785708818515239 ], [ -71.823739704835134, 45.780520265433481 ], [ -71.830308859487403, 45.778104496366993 ] ] ] } },
{ "type": "Feature", "properties": { "hex_id": 739382, "centroid_lon": -71.82403458161852, "centroid_lat": 45.775331706139376, "occurrences_today": 6, "datetimes_today": "2026-07-20 00:01:50, 2026-07-20 00:17:35, 2026-07-20 00:31:39, 2026-07-20 00:46:59, 2026-07-20 01:01:38, 2026-07-20 01:16:48", "cumulative_total": 75.0 }, "geometry": { "type": "Polygon", "coordinates": [ [ [ -71.824329377730109, 45.770143140633415 ], [ -71.830603102245448, 45.772915901844136 ], [ -71.830308859487403, 45.778104496366993 ], [ -71.823739704835134, 45.780520265433481 ], [ -71.817465507651647, 45.777747116376652 ], [ -71.817760937761363, 45.77255858616396 ], [ -71.824329377730109, 45.770143140633415 ] ] ] } },
{ "type": "Feature", "properties": { "hex_id": 739992, "centroid_lon": -71.818056287051178, "centroid_lat": 45.767370049733763, "occurrences_today": 6, "datetimes_today": "2026-07-20 00:01:50, 2026-07-20 00:17:35, 2026-07-20 00:31:39, 2026-07-20 00:46:59, 2026-07-20 01:01:38, 2026-07-20 01:16:48", "cumulative_total": 75.0 }, "geometry": { "type": "Polygon", "coordinates": [ [ [ -71.818351555548318, 45.762181507086595 ], [ -71.824624093197116, 45.764954568916124 ], [ -71.824329377730109, 45.770143140633415 ], [ -71.817760937761363, 45.77255858616396 ], [ -71.81148792788872, 45.769785136542296 ], [ -71.811783830181412, 45.764596629246704 ], [ -71.818351555548318, 45.762181507086595 ] ] ] } },
{ "type": "Feature", "properties": { "hex_id": 740602, "centroid_lon": -71.812079651533452, "centroid_lat": 45.759408115728448, "occurrences_today": 6, "datetimes_today": "2026-07-20 00:01:50, 2026-07-20 00:17:35, 2026-07-20 00:31:39, 2026-07-20 00:46:59, 2026-07-20 01:01:38, 2026-07-20 01:16:48", "cumulative_total": 75.0 }, "geometry": { "type": "Polygon", "coordinates": [ [ [ -71.812375391972083, 45.75421959598809 ], [ -71.818646743280041, 45.756992958222952 ], [ -71.818351555548318, 45.762181507086595 ], [ -71.811783830181412, 45.764596629246704 ], [ -71.805512007093569, 45.761822879273652 ], [ -71.805808381125232, 45.756634394943156 ], [ -71.812375391972083, 45.75421959598809 ] ] ] } },
{ "type": "Feature", "properties": { "hex_id": 849906, "centroid_lon": -70.634265442141057, "centroid_lat": 46.10238885737548, "occurrences_today": 13, "datetimes_today": "2026-07-20 00:01:50, 2026-07-20 00:17:35, 2026-07-20 00:31:39, 2026-07-20 00:46:59, 2026-07-20 01:01:38, 2026-07-20 01:16:48, 2026-07-20 01:32:07, 2026-07-20 01:46:40, 2026-07-20 02:01:44, 2026-07-20 02:16:41, 2026-07-20 02:31:46, 2026-07-20 02:46:43, 2026-07-20 03:01:45", "cumulative_total": 34.0 }, "geometry": { "type": "Polygon", "coordinates": [ [ [ -70.634675135216284, 46.097207696404766 ], [ -70.640920440088308, 46.100044916630928 ], [ -70.640511291535589, 46.105226118174805 ], [ -70.633855636646956, 46.107570010804217 ], [ -70.627609899690384, 46.104732388862402 ], [ -70.628020249668836, 46.099551276071438 ], [ -70.634675135216284, 46.097207696404766 ] ] ] } },
{ "type": "Feature", "properties": { "hex_id": 786485, "centroid_lon": -71.229384774055291, "centroid_lat": 47.230435524854862, "occurrences_today": 92, "datetimes_today": "2026-07-20 00:01:50, 2026-07-20 00:17:35, 2026-07-20 00:31:39, 2026-07-20 00:46:59, 2026-07-20 01:01:38, 2026-07-20 01:16:48, 2026-07-20 01:32:07, 2026-07-20 01:46:40, 2026-07-20 02:01:44, 2026-07-20 02:16:41, 2026-07-20 02:31:46, 2026-07-20 02:46:43, 2026-07-20 03:01:45, 2026-07-20 03:16:47, 2026-07-20 03:32:07, 2026-07-20 03:46:50, 2026-07-20 04:01:51, 2026-07-20 04:16:39, 2026-07-20 04:31:59, 2026-07-20 04:46:38, 2026-07-20 05:02:03, 2026-07-20 05:17:31, 2026-07-20 05:31:42, 2026-07-20 05:46:02, 2026-07-20 06:02:01, 2026-07-20 06:17:16, 2026-07-20 06:31:48, 2026-07-20 06:47:06, 2026-07-20 07:01:54, 2026-07-20 07:16:40, 2026-07-20 07:31:42, 2026-07-20 07:46:56, 2026-07-20 08:01:45, 2026-07-20 08:17:07, 2026-07-20 08:31:59, 2026-07-20 08:46:51, 2026-07-20 09:02:15, 2026-07-20 09:16:57, 2026-07-20 09:33:05, 2026-07-20 09:46:49, 2026-07-20 10:02:26, 2026-07-20 10:17:29, 2026-07-20 10:31:41, 2026-07-20 10:48:08, 2026-07-20 11:01:51, 2026-07-20 11:16:42, 2026-07-20 11:32:00, 2026-07-20 11:46:41, 2026-07-20 12:01:57, 2026-07-20 12:15:28, 2026-07-20 12:32:32, 2026-07-20 12:46:50, 2026-07-20 13:01:53, 2026-07-20 13:16:47, 2026-07-20 13:31:40, 2026-07-20 13:46:54, 2026-07-20 14:02:15, 2026-07-20 14:17:28, 2026-07-20 14:46:49, 2026-07-20 15:01:55, 2026-07-20 15:16:49, 2026-07-20 15:31:41, 2026-07-20 15:46:54, 2026-07-20 16:01:51, 2026-07-20 16:16:53, 2026-07-20 16:31:38, 2026-07-20 16:47:01, 2026-07-20 17:02:05, 2026-07-20 17:16:42, 2026-07-20 17:32:10, 2026-07-20 17:47:08, 2026-07-20 18:01:38, 2026-07-20 18:16:44, 2026-07-20 18:31:38, 2026-07-20 19:01:54, 2026-07-20 19:16:40, 2026-07-20 19:31:51, 2026-07-20 20:01:49, 2026-07-20 20:16:43, 2026-07-20 20:32:02, 2026-07-20 20:47:06, 2026-07-20 21:02:18, 2026-07-20 21:32:06, 2026-07-20 21:47:02, 2026-07-20 22:02:15, 2026-07-20 22:17:36, 2026-07-20 22:32:01, 2026-07-20 22:47:10, 2026-07-20 23:02:22, 2026-07-20 23:16:40, 2026-07-20 23:32:15, 2026-07-20 23:46:40", "cumulative_total": 120.0 }, "geometry": { "type": "Polygon", "coordinates": [ [ [ -71.229752920876678, 47.225251554687112 ], [ -71.236159446769449, 47.228060533196199 ], [ -71.235791888529164, 47.233244539037358 ], [ -71.229016524613726, 47.235619488117692 ], [ -71.222609512777993, 47.232810097268583 ], [ -71.22297835076472, 47.227626169746877 ], [ -71.229752920876678, 47.225251554687112 ] ] ] } },
{ "type": "Feature", "properties": { "hex_id": 787706, "centroid_lon": -71.216203192284837, "centroid_lat": 47.230000365540974, "occurrences_today": 92, "datetimes_today": "2026-07-20 00:01:50, 2026-07-20 00:17:35, 2026-07-20 00:31:39, 2026-07-20 00:46:59, 2026-07-20 01:01:38, 2026-07-20 01:16:48, 2026-07-20 01:32:07, 2026-07-20 01:46:40, 2026-07-20 02:01:44, 2026-07-20 02:16:41, 2026-07-20 02:31:46, 2026-07-20 02:46:43, 2026-07-20 03:01:45, 2026-07-20 03:16:47, 2026-07-20 03:32:07, 2026-07-20 03:46:50, 2026-07-20 04:01:51, 2026-07-20 04:16:39, 2026-07-20 04:31:59, 2026-07-20 04:46:38, 2026-07-20 05:02:03, 2026-07-20 05:17:31, 2026-07-20 05:31:42, 2026-07-20 05:46:02, 2026-07-20 06:02:01, 2026-07-20 06:17:16, 2026-07-20 06:31:48, 2026-07-20 06:47:06, 2026-07-20 07:01:54, 2026-07-20 07:16:40, 2026-07-20 07:31:42, 2026-07-20 07:46:56, 2026-07-20 08:01:45, 2026-07-20 08:17:07, 2026-07-20 08:31:59, 2026-07-20 08:46:51, 2026-07-20 09:02:15, 2026-07-20 09:16:57, 2026-07-20 09:33:05, 2026-07-20 09:46:49, 2026-07-20 10:02:26, 2026-07-20 10:17:29, 2026-07-20 10:31:41, 2026-07-20 10:48:08, 2026-07-20 11:01:51, 2026-07-20 11:16:42, 2026-07-20 11:32:00, 2026-07-20 11:46:41, 2026-07-20 12:01:57, 2026-07-20 12:15:28, 2026-07-20 12:32:32, 2026-07-20 12:46:50, 2026-07-20 13:01:53, 2026-07-20 13:16:47, 2026-07-20 13:31:40, 2026-07-20 13:46:54, 2026-07-20 14:02:15, 2026-07-20 14:17:28, 2026-07-20 14:46:49, 2026-07-20 15:01:55, 2026-07-20 15:16:49, 2026-07-20 15:31:41, 2026-07-20 15:46:54, 2026-07-20 16:01:51, 2026-07-20 16:16:53, 2026-07-20 16:31:38, 2026-07-20 16:47:01, 2026-07-20 17:02:05, 2026-07-20 17:16:42, 2026-07-20 17:32:10, 2026-07-20 17:47:08, 2026-07-20 18:01:38, 2026-07-20 18:16:44, 2026-07-20 18:31:38, 2026-07-20 19:01:54, 2026-07-20 19:16:40, 2026-07-20 19:31:51, 2026-07-20 20:01:49, 2026-07-20 20:16:43, 2026-07-20 20:32:02, 2026-07-20 20:47:06, 2026-07-20 21:02:18, 2026-07-20 21:32:06, 2026-07-20 21:47:02, 2026-07-20 22:02:15, 2026-07-20 22:17:36, 2026-07-20 22:32:01, 2026-07-20 22:47:10, 2026-07-20 23:02:22, 2026-07-20 23:16:40, 2026-07-20 23:32:15, 2026-07-20 23:46:40", "cumulative_total": 120.0 }, "geometry": { "type": "Polygon", "coordinates": [ [ [ -71.216572618621484, 47.22481647382088 ], [ -71.22297835076472, 47.227626169746877 ], [ -71.222609512777993, 47.232810097268583 ], [ -71.215833662973552, 47.235184250340978 ], [ -71.209427445473082, 47.232374141973061 ], [ -71.209797563098206, 47.227190293042376 ], [ -71.216572618621484, 47.22481647382088 ] ] ] } },
{ "type": "Feature", "properties": { "hex_id": 787096, "centroid_lon": -71.222240571975846, "centroid_lat": 47.237994017877419, "occurrences_today": 92, "datetimes_today": "2026-07-20 00:01:50, 2026-07-20 00:17:35, 2026-07-20 00:31:39, 2026-07-20 00:46:59, 2026-07-20 01:01:38, 2026-07-20 01:16:48, 2026-07-20 01:32:07, 2026-07-20 01:46:40, 2026-07-20 02:01:44, 2026-07-20 02:16:41, 2026-07-20 02:31:46, 2026-07-20 02:46:43, 2026-07-20 03:01:45, 2026-07-20 03:16:47, 2026-07-20 03:32:07, 2026-07-20 03:46:50, 2026-07-20 04:01:51, 2026-07-20 04:16:39, 2026-07-20 04:31:59, 2026-07-20 04:46:38, 2026-07-20 05:02:03, 2026-07-20 05:17:31, 2026-07-20 05:31:42, 2026-07-20 05:46:02, 2026-07-20 06:02:01, 2026-07-20 06:17:16, 2026-07-20 06:31:48, 2026-07-20 06:47:06, 2026-07-20 07:01:54, 2026-07-20 07:16:40, 2026-07-20 07:31:42, 2026-07-20 07:46:56, 2026-07-20 08:01:45, 2026-07-20 08:17:07, 2026-07-20 08:31:59, 2026-07-20 08:46:51, 2026-07-20 09:02:15, 2026-07-20 09:16:57, 2026-07-20 09:33:05, 2026-07-20 09:46:49, 2026-07-20 10:02:26, 2026-07-20 10:17:29, 2026-07-20 10:31:41, 2026-07-20 10:48:08, 2026-07-20 11:01:51, 2026-07-20 11:16:42, 2026-07-20 11:32:00, 2026-07-20 11:46:41, 2026-07-20 12:01:57, 2026-07-20 12:15:28, 2026-07-20 12:32:32, 2026-07-20 12:46:50, 2026-07-20 13:01:53, 2026-07-20 13:16:47, 2026-07-20 13:31:40, 2026-07-20 13:46:54, 2026-07-20 14:02:15, 2026-07-20 14:17:28, 2026-07-20 14:46:49, 2026-07-20 15:01:55, 2026-07-20 15:16:49, 2026-07-20 15:31:41, 2026-07-20 15:46:54, 2026-07-20 16:01:51, 2026-07-20 16:16:53, 2026-07-20 16:31:38, 2026-07-20 16:47:01, 2026-07-20 17:02:05, 2026-07-20 17:16:42, 2026-07-20 17:32:10, 2026-07-20 17:47:08, 2026-07-20 18:01:38, 2026-07-20 18:16:44, 2026-07-20 18:31:38, 2026-07-20 19:01:54, 2026-07-20 19:16:40, 2026-07-20 19:31:51, 2026-07-20 20:01:49, 2026-07-20 20:16:43, 2026-07-20 20:32:02, 2026-07-20 20:47:06, 2026-07-20 21:02:18, 2026-07-20 21:32:06, 2026-07-20 21:47:02, 2026-07-20 22:02:15, 2026-07-20 22:17:36, 2026-07-20 22:32:01, 2026-07-20 22:47:10, 2026-07-20 23:02:22, 2026-07-20 23:16:40, 2026-07-20 23:32:15, 2026-07-20 23:46:40", "cumulative_total": 119.0 }, "geometry": { "type": "Polygon", "coordinates": [ [ [ -71.222609512777993, 47.232810097268583 ], [ -71.229016524613726, 47.235619488117692 ], [ -71.228648172516031, 47.240803444474864 ], [ -71.221871528322254, 47.243177931572667 ], [ -71.215464030651546, 47.240368128220162 ], [ -71.215833662973552, 47.235184250340978 ], [ -71.222609512777993, 47.232810097268583 ] ] ] } },
{ "type": "Feature", "properties": { "hex_id": 787707, "centroid_lon": -71.215094295282711, "centroid_lat": 47.245551999177771, "occurrences_today": 92, "datetimes_today": "2026-07-20 00:01:50, 2026-07-20 00:17:35, 2026-07-20 00:31:39, 2026-07-20 00:46:59, 2026-07-20 01:01:38, 2026-07-20 01:16:48, 2026-07-20 01:32:07, 2026-07-20 01:46:40, 2026-07-20 02:01:44, 2026-07-20 02:16:41, 2026-07-20 02:31:46, 2026-07-20 02:46:43, 2026-07-20 03:01:45, 2026-07-20 03:16:47, 2026-07-20 03:32:07, 2026-07-20 03:46:50, 2026-07-20 04:01:51, 2026-07-20 04:16:39, 2026-07-20 04:31:59, 2026-07-20 04:46:38, 2026-07-20 05:02:03, 2026-07-20 05:17:31, 2026-07-20 05:31:42, 2026-07-20 05:46:02, 2026-07-20 06:02:01, 2026-07-20 06:17:16, 2026-07-20 06:31:48, 2026-07-20 06:47:06, 2026-07-20 07:01:54, 2026-07-20 07:16:40, 2026-07-20 07:31:42, 2026-07-20 07:46:56, 2026-07-20 08:01:45, 2026-07-20 08:17:07, 2026-07-20 08:31:59, 2026-07-20 08:46:51, 2026-07-20 09:02:15, 2026-07-20 09:16:57, 2026-07-20 09:33:05, 2026-07-20 09:46:49, 2026-07-20 10:02:26, 2026-07-20 10:17:29, 2026-07-20 10:31:41, 2026-07-20 10:48:08, 2026-07-20 11:01:51, 2026-07-20 11:16:42, 2026-07-20 11:32:00, 2026-07-20 11:46:41, 2026-07-20 12:01:57, 2026-07-20 12:15:28, 2026-07-20 12:32:32, 2026-07-20 12:46:50, 2026-07-20 13:01:53, 2026-07-20 13:16:47, 2026-07-20 13:31:40, 2026-07-20 13:46:54, 2026-07-20 14:02:15, 2026-07-20 14:17:28, 2026-07-20 14:46:49, 2026-07-20 15:01:55, 2026-07-20 15:16:49, 2026-07-20 15:31:41, 2026-07-20 15:46:54, 2026-07-20 16:01:51, 2026-07-20 16:16:53, 2026-07-20 16:31:38, 2026-07-20 16:47:01, 2026-07-20 17:02:05, 2026-07-20 17:16:42, 2026-07-20 17:32:10, 2026-07-20 17:47:08, 2026-07-20 18:01:38, 2026-07-20 18:16:44, 2026-07-20 18:31:38, 2026-07-20 19:01:54, 2026-07-20 19:16:40, 2026-07-20 19:31:51, 2026-07-20 20:01:49, 2026-07-20 20:16:43, 2026-07-20 20:32:02, 2026-07-20 20:47:06, 2026-07-20 21:02:18, 2026-07-20 21:32:06, 2026-07-20 21:47:02, 2026-07-20 22:02:15, 2026-07-20 22:17:36, 2026-07-20 22:32:01, 2026-07-20 22:47:10, 2026-07-20 23:02:22, 2026-07-20 23:16:40, 2026-07-20 23:32:15, 2026-07-20 23:46:40", "cumulative_total": 119.0 }, "geometry": { "type": "Polygon", "coordinates": [ [ [ -71.215464030651546, 47.240368128220162 ], [ -71.221871528322254, 47.243177931572667 ], [ -71.221502381781164, 47.248361838353546 ], [ -71.214724456830936, 47.250735863213045 ], [ -71.208316473433484, 47.247925647193775 ], [ -71.208686900676867, 47.24274181904952 ], [ -71.215464030651546, 47.240368128220162 ] ] ] } },
{ "type": "Feature", "properties": { "hex_id": 785264, "centroid_lon": -71.242566663686247, "centroid_lat": 47.230869170732809, "occurrences_today": 92, "datetimes_today": "2026-07-20 00:01:50, 2026-07-20 00:17:35, 2026-07-20 00:31:39, 2026-07-20 00:46:59, 2026-07-20 01:01:38, 2026-07-20 01:16:48, 2026-07-20 01:32:07, 2026-07-20 01:46:40, 2026-07-20 02:01:44, 2026-07-20 02:16:41, 2026-07-20 02:31:46, 2026-07-20 02:46:43, 2026-07-20 03:01:45, 2026-07-20 03:16:47, 2026-07-20 03:32:07, 2026-07-20 03:46:50, 2026-07-20 04:01:51, 2026-07-20 04:16:39, 2026-07-20 04:31:59, 2026-07-20 04:46:38, 2026-07-20 05:02:03, 2026-07-20 05:17:31, 2026-07-20 05:31:42, 2026-07-20 05:46:02, 2026-07-20 06:02:01, 2026-07-20 06:17:16, 2026-07-20 06:31:48, 2026-07-20 06:47:06, 2026-07-20 07:01:54, 2026-07-20 07:16:40, 2026-07-20 07:31:42, 2026-07-20 07:46:56, 2026-07-20 08:01:45, 2026-07-20 08:17:07, 2026-07-20 08:31:59, 2026-07-20 08:46:51, 2026-07-20 09:02:15, 2026-07-20 09:16:57, 2026-07-20 09:33:05, 2026-07-20 09:46:49, 2026-07-20 10:02:26, 2026-07-20 10:17:29, 2026-07-20 10:31:41, 2026-07-20 10:48:08, 2026-07-20 11:01:51, 2026-07-20 11:16:42, 2026-07-20 11:32:00, 2026-07-20 11:46:41, 2026-07-20 12:01:57, 2026-07-20 12:15:28, 2026-07-20 12:32:32, 2026-07-20 12:46:50, 2026-07-20 13:01:53, 2026-07-20 13:16:47, 2026-07-20 13:31:40, 2026-07-20 13:46:54, 2026-07-20 14:02:15, 2026-07-20 14:17:28, 2026-07-20 14:46:49, 2026-07-20 15:01:55, 2026-07-20 15:16:49, 2026-07-20 15:31:41, 2026-07-20 15:46:54, 2026-07-20 16:01:51, 2026-07-20 16:16:53, 2026-07-20 16:31:38, 2026-07-20 16:47:01, 2026-07-20 17:02:05, 2026-07-20 17:16:42, 2026-07-20 17:32:10, 2026-07-20 17:47:08, 2026-07-20 18:01:38, 2026-07-20 18:16:44, 2026-07-20 18:31:38, 2026-07-20 19:01:54, 2026-07-20 19:16:40, 2026-07-20 19:31:51, 2026-07-20 20:01:49, 2026-07-20 20:16:43, 2026-07-20 20:32:02, 2026-07-20 20:47:06, 2026-07-20 21:02:18, 2026-07-20 21:32:06, 2026-07-20 21:47:02, 2026-07-20 22:02:15, 2026-07-20 22:17:36, 2026-07-20 22:32:01, 2026-07-20 22:47:10, 2026-07-20 23:02:22, 2026-07-20 23:16:40, 2026-07-20 23:32:15, 2026-07-20 23:46:40", "cumulative_total": 117.0 }, "geometry": { "type": "Polygon", "coordinates": [ [ [ -71.242933530884571, 47.22568512238896 ], [ -71.249340850049094, 47.228493383300467 ], [ -71.248974571662913, 47.233677467189487 ], [ -71.242199694222265, 47.236053212186853 ], [ -71.235791888529164, 47.233244539037358 ], [ -71.236159446769449, 47.228060533196199 ], [ -71.242933530884571, 47.22568512238896 ] ] ] } },
{ "type": "Feature", "properties": { "hex_id": 785265, "centroid_lon": -71.241465448354035, "centroid_lat": 47.24642127442258, "occurrences_today": 92, "datetimes_today": "2026-07-20 00:01:50, 2026-07-20 00:17:35, 2026-07-20 00:31:39, 2026-07-20 00:46:59, 2026-07-20 01:01:38, 2026-07-20 01:16:48, 2026-07-20 01:32:07, 2026-07-20 01:46:40, 2026-07-20 02:01:44, 2026-07-20 02:16:41, 2026-07-20 02:31:46, 2026-07-20 02:46:43, 2026-07-20 03:01:45, 2026-07-20 03:16:47, 2026-07-20 03:32:07, 2026-07-20 03:46:50, 2026-07-20 04:01:51, 2026-07-20 04:16:39, 2026-07-20 04:31:59, 2026-07-20 04:46:38, 2026-07-20 05:02:03, 2026-07-20 05:17:31, 2026-07-20 05:31:42, 2026-07-20 05:46:02, 2026-07-20 06:02:01, 2026-07-20 06:17:16, 2026-07-20 06:31:48, 2026-07-20 06:47:06, 2026-07-20 07:01:54, 2026-07-20 07:16:40, 2026-07-20 07:31:42, 2026-07-20 07:46:56, 2026-07-20 08:01:45, 2026-07-20 08:17:07, 2026-07-20 08:31:59, 2026-07-20 08:46:51, 2026-07-20 09:02:15, 2026-07-20 09:16:57, 2026-07-20 09:33:05, 2026-07-20 09:46:49, 2026-07-20 10:02:26, 2026-07-20 10:17:29, 2026-07-20 10:31:41, 2026-07-20 10:48:08, 2026-07-20 11:01:51, 2026-07-20 11:16:42, 2026-07-20 11:32:00, 2026-07-20 11:46:41, 2026-07-20 12:01:57, 2026-07-20 12:15:28, 2026-07-20 12:32:32, 2026-07-20 12:46:50, 2026-07-20 13:01:53, 2026-07-20 13:16:47, 2026-07-20 13:31:40, 2026-07-20 13:46:54, 2026-07-20 14:02:15, 2026-07-20 14:17:28, 2026-07-20 14:46:49, 2026-07-20 15:01:55, 2026-07-20 15:16:49, 2026-07-20 15:31:41, 2026-07-20 15:46:54, 2026-07-20 16:01:51, 2026-07-20 16:16:53, 2026-07-20 16:31:38, 2026-07-20 16:47:01, 2026-07-20 17:02:05, 2026-07-20 17:16:42, 2026-07-20 17:32:10, 2026-07-20 17:47:08, 2026-07-20 18:01:38, 2026-07-20 18:16:44, 2026-07-20 18:31:38, 2026-07-20 19:01:54, 2026-07-20 19:16:40, 2026-07-20 19:31:51, 2026-07-20 20:01:49, 2026-07-20 20:16:43, 2026-07-20 20:32:02, 2026-07-20 20:47:06, 2026-07-20 21:02:18, 2026-07-20 21:32:06, 2026-07-20 21:47:02, 2026-07-20 22:02:15, 2026-07-20 22:17:36, 2026-07-20 22:32:01, 2026-07-20 22:47:10, 2026-07-20 23:02:22, 2026-07-20 23:16:40, 2026-07-20 23:32:15, 2026-07-20 23:46:40", "cumulative_total": 117.0 }, "geometry": { "type": "Polygon", "coordinates": [ [ [ -71.241832622456812, 47.241237246750359 ], [ -71.248241708536014, 47.244045614318871 ], [ -71.247875123723702, 47.249229677557778 ], [ -71.241098171878036, 47.251605295202779 ], [ -71.234688598899496, 47.248796515171534 ], [ -71.235056464630105, 47.243612530025764 ], [ -71.241832622456812, 47.241237246750359 ] ] ] } },
{ "type": "Feature", "properties": { "hex_id": 785875, "centroid_lon": -71.23542422782802, "centroid_lat": 47.238428537980781, "occurrences_today": 92, "datetimes_today": "2026-07-20 00:01:50, 2026-07-20 00:17:35, 2026-07-20 00:31:39, 2026-07-20 00:46:59, 2026-07-20 01:01:38, 2026-07-20 01:16:48, 2026-07-20 01:32:07, 2026-07-20 01:46:40, 2026-07-20 02:01:44, 2026-07-20 02:16:41, 2026-07-20 02:31:46, 2026-07-20 02:46:43, 2026-07-20 03:01:45, 2026-07-20 03:16:47, 2026-07-20 03:32:07, 2026-07-20 03:46:50, 2026-07-20 04:01:51, 2026-07-20 04:16:39, 2026-07-20 04:31:59, 2026-07-20 04:46:38, 2026-07-20 05:02:03, 2026-07-20 05:17:31, 2026-07-20 05:31:42, 2026-07-20 05:46:02, 2026-07-20 06:02:01, 2026-07-20 06:17:16, 2026-07-20 06:31:48, 2026-07-20 06:47:06, 2026-07-20 07:01:54, 2026-07-20 07:16:40, 2026-07-20 07:31:42, 2026-07-20 07:46:56, 2026-07-20 08:01:45, 2026-07-20 08:17:07, 2026-07-20 08:31:59, 2026-07-20 08:46:51, 2026-07-20 09:02:15, 2026-07-20 09:16:57, 2026-07-20 09:33:05, 2026-07-20 09:46:49, 2026-07-20 10:02:26, 2026-07-20 10:17:29, 2026-07-20 10:31:41, 2026-07-20 10:48:08, 2026-07-20 11:01:51, 2026-07-20 11:16:42, 2026-07-20 11:32:00, 2026-07-20 11:46:41, 2026-07-20 12:01:57, 2026-07-20 12:15:28, 2026-07-20 12:32:32, 2026-07-20 12:46:50, 2026-07-20 13:01:53, 2026-07-20 13:16:47, 2026-07-20 13:31:40, 2026-07-20 13:46:54, 2026-07-20 14:02:15, 2026-07-20 14:17:28, 2026-07-20 14:46:49, 2026-07-20 15:01:55, 2026-07-20 15:16:49, 2026-07-20 15:31:41, 2026-07-20 15:46:54, 2026-07-20 16:01:51, 2026-07-20 16:16:53, 2026-07-20 16:31:38, 2026-07-20 16:47:01, 2026-07-20 17:02:05, 2026-07-20 17:16:42, 2026-07-20 17:32:10, 2026-07-20 17:47:08, 2026-07-20 18:01:38, 2026-07-20 18:16:44, 2026-07-20 18:31:38, 2026-07-20 19:01:54, 2026-07-20 19:16:40, 2026-07-20 19:31:51, 2026-07-20 20:01:49, 2026-07-20 20:16:43, 2026-07-20 20:32:02, 2026-07-20 20:47:06, 2026-07-20 21:02:18, 2026-07-20 21:32:06, 2026-07-20 21:47:02, 2026-07-20 22:02:15, 2026-07-20 22:17:36, 2026-07-20 22:32:01, 2026-07-20 22:47:10, 2026-07-20 23:02:22, 2026-07-20 23:16:40, 2026-07-20 23:32:15, 2026-07-20 23:46:40", "cumulative_total": 117.0 }, "geometry": { "type": "Polygon", "coordinates": [ [ [ -71.235791888529164, 47.233244539037358 ], [ -71.242199694222265, 47.236053212186853 ], [ -71.241832622456812, 47.241237246750359 ], [ -71.235056464630105, 47.243612530025764 ], [ -71.228648172516031, 47.240803444474864 ], [ -71.229016524613726, 47.235619488117692 ], [ -71.235791888529164, 47.233244539037358 ] ] ] } },
{ "type": "Feature", "properties": { "hex_id": 785876, "centroid_lon": -71.23432063060028, "centroid_lat": 47.253980493417338, "occurrences_today": 92, "datetimes_today": "2026-07-20 00:01:50, 2026-07-20 00:17:35, 2026-07-20 00:31:39, 2026-07-20 00:46:59, 2026-07-20 01:01:38, 2026-07-20 01:16:48, 2026-07-20 01:32:07, 2026-07-20 01:46:40, 2026-07-20 02:01:44, 2026-07-20 02:16:41, 2026-07-20 02:31:46, 2026-07-20 02:46:43, 2026-07-20 03:01:45, 2026-07-20 03:16:47, 2026-07-20 03:32:07, 2026-07-20 03:46:50, 2026-07-20 04:01:51, 2026-07-20 04:16:39, 2026-07-20 04:31:59, 2026-07-20 04:46:38, 2026-07-20 05:02:03, 2026-07-20 05:17:31, 2026-07-20 05:31:42, 2026-07-20 05:46:02, 2026-07-20 06:02:01, 2026-07-20 06:17:16, 2026-07-20 06:31:48, 2026-07-20 06:47:06, 2026-07-20 07:01:54, 2026-07-20 07:16:40, 2026-07-20 07:31:42, 2026-07-20 07:46:56, 2026-07-20 08:01:45, 2026-07-20 08:17:07, 2026-07-20 08:31:59, 2026-07-20 08:46:51, 2026-07-20 09:02:15, 2026-07-20 09:16:57, 2026-07-20 09:33:05, 2026-07-20 09:46:49, 2026-07-20 10:02:26, 2026-07-20 10:17:29, 2026-07-20 10:31:41, 2026-07-20 10:48:08, 2026-07-20 11:01:51, 2026-07-20 11:16:42, 2026-07-20 11:32:00, 2026-07-20 11:46:41, 2026-07-20 12:01:57, 2026-07-20 12:15:28, 2026-07-20 12:32:32, 2026-07-20 12:46:50, 2026-07-20 13:01:53, 2026-07-20 13:16:47, 2026-07-20 13:31:40, 2026-07-20 13:46:54, 2026-07-20 14:02:15, 2026-07-20 14:17:28, 2026-07-20 14:46:49, 2026-07-20 15:01:55, 2026-07-20 15:16:49, 2026-07-20 15:31:41, 2026-07-20 15:46:54, 2026-07-20 16:01:51, 2026-07-20 16:16:53, 2026-07-20 16:31:38, 2026-07-20 16:47:01, 2026-07-20 17:02:05, 2026-07-20 17:16:42, 2026-07-20 17:32:10, 2026-07-20 17:47:08, 2026-07-20 18:01:38, 2026-07-20 18:16:44, 2026-07-20 18:31:38, 2026-07-20 19:01:54, 2026-07-20 19:16:40, 2026-07-20 19:31:51, 2026-07-20 20:01:49, 2026-07-20 20:16:43, 2026-07-20 20:32:02, 2026-07-20 20:47:06, 2026-07-20 21:02:18, 2026-07-20 21:32:06, 2026-07-20 21:47:02, 2026-07-20 22:02:15, 2026-07-20 22:17:36, 2026-07-20 22:32:01, 2026-07-20 22:47:10, 2026-07-20 23:02:22, 2026-07-20 23:16:40, 2026-07-20 23:32:15, 2026-07-20 23:46:40", "cumulative_total": 117.0 }, "geometry": { "type": "Polygon", "coordinates": [ [ [ -71.234688598899496, 47.248796515171534 ], [ -71.241098171878036, 47.251605295202779 ], [ -71.240730792992963, 47.256789309090216 ], [ -71.233952559696462, 47.259164464762449 ], [ -71.227542499926344, 47.256355272104976 ], [ -71.227911160208336, 47.251171336469255 ], [ -71.234688598899496, 47.248796515171534 ] ] ] } },
{ "type": "Feature", "properties": { "hex_id": 786486, "centroid_lon": -71.228279717726238, "centroid_lat": 47.245987393925638, "occurrences_today": 92, "datetimes_today": "2026-07-20 00:01:50, 2026-07-20 00:17:35, 2026-07-20 00:31:39, 2026-07-20 00:46:59, 2026-07-20 01:01:38, 2026-07-20 01:16:48, 2026-07-20 01:32:07, 2026-07-20 01:46:40, 2026-07-20 02:01:44, 2026-07-20 02:16:41, 2026-07-20 02:31:46, 2026-07-20 02:46:43, 2026-07-20 03:01:45, 2026-07-20 03:16:47, 2026-07-20 03:32:07, 2026-07-20 03:46:50, 2026-07-20 04:01:51, 2026-07-20 04:16:39, 2026-07-20 04:31:59, 2026-07-20 04:46:38, 2026-07-20 05:02:03, 2026-07-20 05:17:31, 2026-07-20 05:31:42, 2026-07-20 05:46:02, 2026-07-20 06:02:01, 2026-07-20 06:17:16, 2026-07-20 06:31:48, 2026-07-20 06:47:06, 2026-07-20 07:01:54, 2026-07-20 07:16:40, 2026-07-20 07:31:42, 2026-07-20 07:46:56, 2026-07-20 08:01:45, 2026-07-20 08:17:07, 2026-07-20 08:31:59, 2026-07-20 08:46:51, 2026-07-20 09:02:15, 2026-07-20 09:16:57, 2026-07-20 09:33:05, 2026-07-20 09:46:49, 2026-07-20 10:02:26, 2026-07-20 10:17:29, 2026-07-20 10:31:41, 2026-07-20 10:48:08, 2026-07-20 11:01:51, 2026-07-20 11:16:42, 2026-07-20 11:32:00, 2026-07-20 11:46:41, 2026-07-20 12:01:57, 2026-07-20 12:15:28, 2026-07-20 12:32:32, 2026-07-20 12:46:50, 2026-07-20 13:01:53, 2026-07-20 13:16:47, 2026-07-20 13:31:40, 2026-07-20 13:46:54, 2026-07-20 14:02:15, 2026-07-20 14:17:28, 2026-07-20 14:46:49, 2026-07-20 15:01:55, 2026-07-20 15:16:49, 2026-07-20 15:31:41, 2026-07-20 15:46:54, 2026-07-20 16:01:51, 2026-07-20 16:16:53, 2026-07-20 16:31:38, 2026-07-20 16:47:01, 2026-07-20 17:02:05, 2026-07-20 17:16:42, 2026-07-20 17:32:10, 2026-07-20 17:47:08, 2026-07-20 18:01:38, 2026-07-20 18:16:44, 2026-07-20 18:31:38, 2026-07-20 19:01:54, 2026-07-20 19:16:40, 2026-07-20 19:31:51, 2026-07-20 20:01:49, 2026-07-20 20:16:43, 2026-07-20 20:32:02, 2026-07-20 20:47:06, 2026-07-20 21:02:18, 2026-07-20 21:32:06, 2026-07-20 21:47:02, 2026-07-20 22:02:15, 2026-07-20 22:17:36, 2026-07-20 22:32:01, 2026-07-20 22:47:10, 2026-07-20 23:02:22, 2026-07-20 23:16:40, 2026-07-20 23:32:15, 2026-07-20 23:46:40", "cumulative_total": 117.0 }, "geometry": { "type": "Polygon", "coordinates": [ [ [ -71.228648172516031, 47.240803444474864 ], [ -71.235056464630105, 47.243612530025764 ], [ -71.234688598899496, 47.248796515171534 ], [ -71.227911160208336, 47.251171336469255 ], [ -71.221502381781164, 47.248361838353546 ], [ -71.221871528322254, 47.243177931572667 ], [ -71.228648172516031, 47.240803444474864 ] ] ] } },
{ "type": "Feature", "properties": { "hex_id": 812724, "centroid_lon": -70.960811467289119, "centroid_lat": 47.026407888116189, "occurrences_today": 9, "datetimes_today": "2026-07-20 00:01:50, 2026-07-20 00:17:35, 2026-07-20 00:31:39, 2026-07-20 00:46:59, 2026-07-20 01:01:38, 2026-07-20 01:16:48, 2026-07-20 01:32:07, 2026-07-20 01:46:40, 2026-07-20 02:01:44", "cumulative_total": 28.0 }, "geometry": { "type": "Polygon", "coordinates": [ [ [ -70.961202993396526, 47.021225393411257 ], [ -70.967570577862233, 47.024048321074666 ], [ -70.967179629465136, 47.02923085391452 ], [ -70.96041983238598, 47.031590375611444 ], [ -70.954051779024638, 47.028767036254848 ], [ -70.954443991600201, 47.023584586961555 ], [ -70.961202993396526, 47.021225393411257 ] ] ] } },
{ "type": "Feature", "properties": { "hex_id": 813334, "centroid_lon": -70.954836095224607, "centroid_lat": 47.01840213045098, "occurrences_today": 9, "datetimes_today": "2026-07-20 00:01:50, 2026-07-20 00:17:35, 2026-07-20 00:31:39, 2026-07-20 00:46:59, 2026-07-20 01:01:38, 2026-07-20 01:16:48, 2026-07-20 01:32:07, 2026-07-20 01:46:40, 2026-07-20 02:01:44", "cumulative_total": 28.0 }, "geometry": { "type": "Polygon", "coordinates": [ [ [ -70.955228089935787, 47.013219666724019 ], [ -70.961594410746045, 47.016042891497499 ], [ -70.961202993396526, 47.021225393411257 ], [ -70.954443991600201, 47.023584586961555 ], [ -70.948077202360466, 47.020760950557502 ], [ -70.948469883308618, 47.015578532300736 ], [ -70.955228089935787, 47.013219666724019 ] ] ] } },
{ "type": "Feature", "properties": { "hex_id": 813335, "centroid_lon": -70.953659457459977, "centroid_lat": 47.033949478330037, "occurrences_today": 9, "datetimes_today": "2026-07-20 00:01:50, 2026-07-20 00:17:35, 2026-07-20 00:31:39, 2026-07-20 00:46:59, 2026-07-20 01:01:38, 2026-07-20 01:16:48, 2026-07-20 01:32:07, 2026-07-20 01:46:40, 2026-07-20 02:01:44", "cumulative_total": 28.0 }, "geometry": { "type": "Polygon", "coordinates": [ [ [ -70.954051779024638, 47.028767036254848 ], [ -70.96041983238598, 47.031590375611444 ], [ -70.960028088649224, 47.036772855896146 ], [ -70.953267026868261, 47.039131913186203 ], [ -70.94689850472507, 47.036308161975192 ], [ -70.947291513106705, 47.031125765395601 ], [ -70.954051779024638, 47.028767036254848 ] ] ] } },
{ "type": "Feature", "properties": { "hex_id": 813945, "centroid_lon": -70.947684412305833, "centroid_lat": 47.025943361589412, "occurrences_today": 9, "datetimes_today": "2026-07-20 00:01:50, 2026-07-20 00:17:35, 2026-07-20 00:31:39, 2026-07-20 00:46:59, 2026-07-20 01:01:38, 2026-07-20 01:16:48, 2026-07-20 01:32:07, 2026-07-20 01:46:40, 2026-07-20 02:01:44", "cumulative_total": 28.0 }, "geometry": { "type": "Polygon", "coordinates": [ [ [ -70.948077202360466, 47.020760950557502 ], [ -70.954443991600201, 47.023584586961555 ], [ -70.954051779024638, 47.028767036254848 ], [ -70.947291513106705, 47.031125765395601 ], [ -70.940924255551394, 47.028301717199795 ], [ -70.941317732191592, 47.023119351722031 ], [ -70.948077202360466, 47.020760950557502 ] ] ] } },
{ "type": "Feature", "properties": { "hex_id": 814556, "centroid_lon": -70.940530669573306, "centroid_lat": 47.033484075443369, "occurrences_today": 9, "datetimes_today": "2026-07-20 00:01:50, 2026-07-20 00:17:35, 2026-07-20 00:31:39, 2026-07-20 00:46:59, 2026-07-20 01:01:38, 2026-07-20 01:16:48, 2026-07-20 01:32:07, 2026-07-20 01:46:40, 2026-07-20 02:01:44", "cumulative_total": 28.0 }, "geometry": { "type": "Polygon", "coordinates": [ [ [ -70.940924255551394, 47.028301717199795 ], [ -70.947291513106705, 47.031125765395601 ], [ -70.94689850472507, 47.036308161975192 ], [ -70.940136974219271, 47.038666426451847 ], [ -70.933769248462525, 47.03584196630306 ], [ -70.934163521374927, 47.030659653697661 ], [ -70.940924255551394, 47.028301717199795 ] ] ] } },
{ "type": "Feature", "properties": { "hex_id": 815777, "centroid_lon": -70.927402209814517, "centroid_lat": 47.033017170987939, "occurrences_today": 9, "datetimes_today": "2026-07-20 00:01:50, 2026-07-20 00:17:35, 2026-07-20 00:31:39, 2026-07-20 00:46:59, 2026-07-20 01:01:38, 2026-07-20 01:16:48, 2026-07-20 01:32:07, 2026-07-20 01:46:40, 2026-07-20 02:01:44", "cumulative_total": 28.0 }, "geometry": { "type": "Polygon", "coordinates": [ [ [ -70.927797060091791, 47.027834896844993 ], [ -70.934163521374927, 47.030659653697661 ], [ -70.933769248462525, 47.03584196630306 ], [ -70.927007249812462, 47.038199437879669 ], [ -70.920640320908376, 47.035374268975623 ], [ -70.92103585823709, 47.030192040613407 ], [ -70.927797060091791, 47.027834896844993 ] ] ] } }
]
}
