{
"type": "FeatureCollection",
"name": "daily_2026-08-21",
"crs": { "type": "name", "properties": { "name": "urn:ogc:def:crs:OGC:1.3:CRS84" } },
"features": [
{ "type": "Feature", "properties": { "hex_id": 534862, "centroid_lon": -73.978540384669685, "centroid_lat": 45.775953195591086, "occurrences_today": 10, "datetimes_today": "2026-08-21 12:16:43, 2026-08-21 12:31:50, 2026-08-21 12:46:48, 2026-08-21 13:01:53, 2026-08-21 13:16:57, 2026-08-21 13:31:42, 2026-08-21 13:46:54, 2026-08-21 14:16:48, 2026-08-21 14:31:53, 2026-08-21 14:46:42", "cumulative_total": 386.0 }, "geometry": { "type": "Polygon", "coordinates": [ [ [ -73.978635242890419, 45.770757464269728 ], [ -73.985017848741137, 45.773412636750194 ], [ -73.984923574510432, 45.778608375950384 ], [ -73.978445500454683, 45.7811489220135 ], [ -73.972062336612623, 45.778493381013043 ], [ -73.972157804808845, 45.773297662534659 ], [ -73.978635242890419, 45.770757464269728 ] ] ] } },
{ "type": "Feature", "properties": { "hex_id": 596549, "centroid_lon": -73.316730521746777, "centroid_lat": 46.181236055191206, "occurrences_today": 5, "datetimes_today": "2026-08-21 12:02:03, 2026-08-21 12:16:43, 2026-08-21 12:31:50, 2026-08-21 12:46:48, 2026-08-21 13:01:53", "cumulative_total": 78.0 }, "geometry": { "type": "Polygon", "coordinates": [ [ [ -73.316889049444995, 46.17604211251497 ], [ -73.323285139658282, 46.178734268926938 ], [ -73.323127199389077, 46.183928226179724 ], [ -73.31657195039719, 46.186429992705264 ], [ -73.310175316413705, 46.183737456311739 ], [ -73.310334475177399, 46.178543533440227 ], [ -73.316889049444995, 46.17604211251497 ] ] ] } },
{ "type": "Feature", "properties": { "hex_id": 615425, "centroid_lon": -73.141820978868722, "centroid_lat": 45.406828978236717, "occurrences_today": 17, "datetimes_today": "2026-08-21 14:31:53, 2026-08-21 14:46:42, 2026-08-21 15:01:45, 2026-08-21 15:17:04, 2026-08-21 15:31:51, 2026-08-21 15:46:43, 2026-08-21 16:12:55, 2026-08-21 16:31:46, 2026-08-21 16:58:55, 2026-08-21 17:16:44, 2026-08-21 17:31:41, 2026-08-21 17:45:55, 2026-08-21 18:00:50, 2026-08-21 18:16:53, 2026-08-21 18:46:45, 2026-08-21 19:01:42, 2026-08-21 19:13:27", "cumulative_total": 49.0 }, "geometry": { "type": "Polygon", "coordinates": [ [ [ -73.141991312767829, 45.40163481962631 ], [ -73.148291834424285, 45.404335634544687 ], [ -73.148122061948001, 45.409529809218526 ], [ -73.141650598518098, 45.412023131602957 ], [ -73.135349561898082, 45.409321945060015 ], [ -73.135520503655997, 45.404127807821375 ], [ -73.141991312767829, 45.40163481962631 ] ] ] } },
{ "type": "Feature", "properties": { "hex_id": 739335, "centroid_lon": -71.864817105228099, "centroid_lat": 45.04368289564357, "occurrences_today": 6, "datetimes_today": "2026-08-21 03:31:57, 2026-08-21 03:48:01, 2026-08-21 04:16:56, 2026-08-21 04:30:50, 2026-08-21 04:46:54, 2026-08-21 05:01:44", "cumulative_total": 61.0 }, "geometry": { "type": "Polygon", "coordinates": [ [ [ -71.865100793035282, 45.03849345933029 ], [ -71.871297955762699, 45.041262184703889 ], [ -71.871014800882776, 45.046451649258508 ], [ -71.864533340460696, 45.048872325816021 ], [ -71.858335721778985, 45.046103222354986 ], [ -71.858620019448168, 45.040913820486786 ], [ -71.865100793035282, 45.03849345933029 ] ] ] } },
{ "type": "Feature", "properties": { "hex_id": 741166, "centroid_lon": -71.84622767741061, "centroid_lat": 45.035374705943298, "occurrences_today": 6, "datetimes_today": "2026-08-21 03:31:57, 2026-08-21 03:48:01, 2026-08-21 04:16:56, 2026-08-21 04:30:50, 2026-08-21 04:46:54, 2026-08-21 05:01:44", "cumulative_total": 61.0 }, "geometry": { "type": "Polygon", "coordinates": [ [ [ -71.846512962997153, 45.030185354699228 ], [ -71.852708296678003, 45.032955044229091 ], [ -71.852423543517517, 45.038144423887076 ], [ -71.845942314439156, 45.040564051030429 ], [ -71.839746525729922, 45.037793983364708 ], [ -71.840032421101853, 45.032604666754359 ], [ -71.846512962997153, 45.030185354699228 ] ] ] } },
{ "type": "Feature", "properties": { "hex_id": 742997, "centroid_lon": -71.827643737776327, "centroid_lat": 45.027063625036497, "occurrences_today": 6, "datetimes_today": "2026-08-21 03:31:57, 2026-08-21 03:48:01, 2026-08-21 04:16:56, 2026-08-21 04:30:50, 2026-08-21 04:46:54, 2026-08-21 05:01:44", "cumulative_total": 61.0 }, "geometry": { "type": "Polygon", "coordinates": [ [ [ -71.827930619638948, 45.021874359378991 ], [ -71.834124124503262, 45.02464501217532 ], [ -71.833837774565637, 45.02983430641914 ], [ -71.827356778104658, 45.032252884520865 ], [ -71.821162819137243, 45.029481853540545 ], [ -71.821450310708187, 45.024292622705325 ], [ -71.827930619638948, 45.021874359378991 ] ] ] } },
{ "type": "Feature", "properties": { "hex_id": 743607, "centroid_lon": -71.821737724328827, "centroid_lat": 45.019103385691544, "occurrences_today": 6, "datetimes_today": "2026-08-21 03:31:57, 2026-08-21 03:48:01, 2026-08-21 04:16:56, 2026-08-21 04:30:50, 2026-08-21 04:46:54, 2026-08-21 05:01:44", "cumulative_total": 61.0 }, "geometry": { "type": "Polygon", "coordinates": [ [ [ -71.822025060024927, 45.013914142499701 ], [ -71.828217423718272, 45.016685087548836 ], [ -71.827930619638948, 45.021874359378991 ], [ -71.821450310708187, 45.024292622705325 ], [ -71.81525749333548, 45.02152129952448 ], [ -71.815545438547147, 45.016332091211844 ], [ -71.822025060024927, 45.013914142499701 ] ] ] } },
{ "type": "Feature", "properties": { "hex_id": 744218, "centroid_lon": -71.814969470032281, "centroid_lat": 45.026710501653113, "occurrences_today": 6, "datetimes_today": "2026-08-21 03:31:57, 2026-08-21 03:48:01, 2026-08-21 04:16:56, 2026-08-21 04:30:50, 2026-08-21 04:46:54, 2026-08-21 05:01:44", "cumulative_total": 79.0 }, "geometry": { "type": "Polygon", "coordinates": [ [ [ -71.81525749333548, 45.02152129952448 ], [ -71.821450310708187, 45.024292622705325 ], [ -71.821162819137243, 45.029481853540545 ], [ -71.814681368611772, 45.031899697597233 ], [ -71.808488097637081, 45.029127996132175 ], [ -71.808776730764009, 45.023938828957476 ], [ -71.81525749333548, 45.02152129952448 ] ] ] } },
{ "type": "Feature", "properties": { "hex_id": 744828, "centroid_lon": -71.8090652856324, "centroid_lat": 45.018749655592821, "occurrences_today": 6, "datetimes_today": "2026-08-21 03:31:57, 2026-08-21 03:48:01, 2026-08-21 04:16:56, 2026-08-21 04:30:50, 2026-08-21 04:46:54, 2026-08-21 05:01:44", "cumulative_total": 140.0 }, "geometry": { "type": "Polygon", "coordinates": [ [ [ -71.809353762268117, 45.013560476038712 ], [ -71.815545438547147, 45.016332091211844 ], [ -71.81525749333548, 45.02152129952448 ], [ -71.808776730764009, 45.023938828957476 ], [ -71.802584601306535, 45.021166835552492 ], [ -71.802873687573111, 45.015977691009219 ], [ -71.809353762268117, 45.013560476038712 ] ] ] } },
{ "type": "Feature", "properties": { "hex_id": 573306, "centroid_lon": -73.580378760788392, "centroid_lat": 45.498871598860745, "occurrences_today": 12, "datetimes_today": "2026-08-21 08:01:54, 2026-08-21 08:16:52, 2026-08-21 08:31:42, 2026-08-21 08:46:42, 2026-08-21 09:01:45, 2026-08-21 10:25:23, 2026-08-21 10:46:39, 2026-08-21 11:00:53, 2026-08-21 11:17:01, 2026-08-21 11:34:22, 2026-08-21 11:47:06, 2026-08-21 12:02:03", "cumulative_total": 477.0 }, "geometry": { "type": "Polygon", "coordinates": [ [ [ -73.580509320943918, 45.493676384882136 ], [ -73.586841521870511, 45.496353331796726 ], [ -73.586711531884404, 45.501548557550834 ], [ -73.580248164980915, 45.504066807800697 ], [ -73.573915429542865, 45.501389492123373 ], [ -73.574046595507809, 45.496194295023372 ], [ -73.580509320943918, 45.493676384882136 ] ] ] } },
{ "type": "Feature", "properties": { "hex_id": 1189623, "centroid_lon": -66.368933197949943, "centroid_lat": 50.211941301929983, "occurrences_today": 13, "datetimes_today": "2026-08-21 10:25:23, 2026-08-21 10:46:39, 2026-08-21 11:00:53, 2026-08-21 11:17:01, 2026-08-21 11:34:22, 2026-08-21 11:47:06, 2026-08-21 12:02:03, 2026-08-21 12:16:43, 2026-08-21 12:31:50, 2026-08-21 12:46:48, 2026-08-21 13:01:53, 2026-08-21 13:16:57, 2026-08-21 13:31:42", "cumulative_total": 67.0 }, "geometry": { "type": "Polygon", "coordinates": [ [ [ -66.369866181327822, 50.2068076351649 ], [ -66.376327571859434, 50.209892792404744 ], [ -66.375395179811647, 50.215026544388508 ], [ -66.367999944714953, 50.217074951457946 ], [ -66.36153823276085, 50.213989304022014 ], [ -66.362472077224893, 50.208855739783566 ], [ -66.369866181327822, 50.2068076351649 ] ] ] } },
{ "type": "Feature", "properties": { "hex_id": 515341, "centroid_lon": -74.180889415943739, "centroid_lat": 46.011423987524019, "occurrences_today": 20, "datetimes_today": "2026-08-21 16:12:55, 2026-08-21 16:31:46, 2026-08-21 16:58:55, 2026-08-21 17:16:44, 2026-08-21 17:31:41, 2026-08-21 17:45:55, 2026-08-21 18:00:50, 2026-08-21 18:16:53, 2026-08-21 18:46:45, 2026-08-21 19:01:42, 2026-08-21 19:13:27, 2026-08-21 19:31:56, 2026-08-21 19:57:57, 2026-08-21 20:17:05, 2026-08-21 20:32:12, 2026-08-21 20:46:51, 2026-08-21 21:01:46, 2026-08-21 21:21:27, 2026-08-21 21:31:41, 2026-08-21 21:46:38", "cumulative_total": 87.0 }, "geometry": { "type": "Polygon", "coordinates": [ [ [ -74.180966111417646, 46.006228176045184 ], [ -74.187385392685783, 46.008872181962126 ], [ -74.187309291265791, 46.01406799932974 ], [ -74.180812699389804, 46.016619794158721 ], [ -74.17439284515136, 46.013975418668565 ], [ -74.174470155752033, 46.008779617988374 ], [ -74.180966111417646, 46.006228176045184 ] ] ] } },
{ "type": "Feature", "properties": { "hex_id": 689335, "centroid_lon": -72.340384423066951, "centroid_lat": 46.006786821437053, "occurrences_today": 1, "datetimes_today": "2026-08-21 19:01:42", "cumulative_total": 230.0 }, "geometry": { "type": "Polygon", "coordinates": [ [ [ -72.340633329080319, 46.001596079539866 ], [ -72.346959683983187, 46.004341484685845 ], [ -72.346711345895741, 46.009532250713789 ], [ -72.34013544871172, 46.011977557552626 ], [ -72.333808594236416, 46.009231765935404 ], [ -72.334058136494349, 46.004041054015836 ], [ -72.340633329080319, 46.001596079539866 ] ] ] } },
{ "type": "Feature", "properties": { "hex_id": 690556, "centroid_lon": -72.327482376170479, "centroid_lat": 46.00648563621511, "occurrences_today": 1, "datetimes_today": "2026-08-21 19:01:42", "cumulative_total": 280.0 }, "geometry": { "type": "Polygon", "coordinates": [ [ [ -72.327732486154687, 46.001294948551994 ], [ -72.334058136494349, 46.004041054015836 ], [ -72.333808594236416, 46.009231765935404 ], [ -72.327232197514817, 46.011676318086565 ], [ -72.320906048132002, 46.008929826043371 ], [ -72.321156794490619, 46.003739168493617 ], [ -72.327732486154687, 46.001294948551994 ] ] ] } },
{ "type": "Feature", "properties": { "hex_id": 606887, "centroid_lon": -73.226832960851922, "centroid_lat": 45.548496145680502, "occurrences_today": 9, "datetimes_today": "2026-08-21 13:16:57, 2026-08-21 13:31:42, 2026-08-21 13:46:54, 2026-08-21 14:16:48, 2026-08-21 14:31:53, 2026-08-21 14:46:42, 2026-08-21 15:01:45, 2026-08-21 15:17:04, 2026-08-21 15:31:51", "cumulative_total": 232.0 }, "geometry": { "type": "Polygon", "coordinates": [ [ [ -73.226996308988078, 45.543301871728609 ], [ -73.233316644240645, 45.545998229844805 ], [ -73.233153862919465, 45.551192519070128 ], [ -73.226669568091395, 45.553690414430783 ], [ -73.220348710655713, 45.550993683660835 ], [ -73.220512670216223, 45.545799430248479 ], [ -73.226996308988078, 45.543301871728609 ] ] ] } },
{ "type": "Feature", "properties": { "hex_id": 515360, "centroid_lon": -74.176482705883629, "centroid_lat": 46.307577234507676, "occurrences_today": 1, "datetimes_today": "2026-08-21 08:31:42", "cumulative_total": 170.0 }, "geometry": { "type": "Polygon", "coordinates": [ [ [ -74.17656061446695, 46.302381699141016 ], [ -74.183014017849345, 46.305026043200826 ], [ -74.18293671267341, 46.310221584545303 ], [ -74.176404775805921, 46.312772765030395 ], [ -74.169950790514193, 46.310128047539763 ], [ -74.170029323991912, 46.304932523061325 ], [ -74.17656061446695, 46.302381699141016 ] ] ] } },
{ "type": "Feature", "properties": { "hex_id": 369394, "centroid_lon": -75.716983988172572, "centroid_lat": 45.427490928567522, "occurrences_today": 2, "datetimes_today": "2026-08-21 14:16:48, 2026-08-21 14:31:53", "cumulative_total": 533.0 }, "geometry": { "type": "Polygon", "coordinates": [ [ [ -75.716918207218569, 45.422294459348002 ], [ -75.723341947927821, 45.424852400445488 ], [ -75.723408324179601, 45.430048859992297 ], [ -75.717049787078082, 45.432687392964347 ], [ -75.710625433116533, 45.430129105140971 ], [ -75.710560229514826, 45.424932631135874 ], [ -75.716918207218569, 45.422294459348002 ] ] ] } },
{ "type": "Feature", "properties": { "hex_id": 339133, "centroid_lon": -76.120772269336229, "centroid_lat": 49.538750903350923, "occurrences_today": 25, "datetimes_today": "2026-08-21 08:46:42, 2026-08-21 09:01:45, 2026-08-21 10:25:23, 2026-08-21 10:46:39, 2026-08-21 11:00:53, 2026-08-21 11:17:01, 2026-08-21 11:34:22, 2026-08-21 11:47:06, 2026-08-21 12:02:03, 2026-08-21 12:16:43, 2026-08-21 12:31:50, 2026-08-21 12:46:48, 2026-08-21 13:01:53, 2026-08-21 13:16:57, 2026-08-21 13:31:42, 2026-08-21 13:46:54, 2026-08-21 14:16:48, 2026-08-21 14:31:53, 2026-08-21 14:46:42, 2026-08-21 15:01:45, 2026-08-21 15:17:04, 2026-08-21 15:31:51, 2026-08-21 15:46:43, 2026-08-21 16:12:55, 2026-08-21 16:31:46", "cumulative_total": 66.0 }, "geometry": { "type": "Polygon", "coordinates": [ [ [ -76.120653528782995, 49.533558760760371 ], [ -76.12762200519083, 49.536087702110692 ], [ -76.127741494669294, 49.541279830012861 ], [ -76.120891044232408, 49.54394304104752 ], [ -76.113921784549973, 49.54141370306801 ], [ -76.113803758591871, 49.536221550758214 ], [ -76.120653528782995, 49.533558760760371 ] ] ] } },
{ "type": "Feature", "properties": { "hex_id": 339743, "centroid_lon": -76.11368576675882, "centroid_lat": 49.531029393557027, "occurrences_today": 25, "datetimes_today": "2026-08-21 08:46:42, 2026-08-21 09:01:45, 2026-08-21 10:25:23, 2026-08-21 10:46:39, 2026-08-21 11:00:53, 2026-08-21 11:17:01, 2026-08-21 11:34:22, 2026-08-21 11:47:06, 2026-08-21 12:02:03, 2026-08-21 12:16:43, 2026-08-21 12:31:50, 2026-08-21 12:46:48, 2026-08-21 13:01:53, 2026-08-21 13:16:57, 2026-08-21 13:31:42, 2026-08-21 13:46:54, 2026-08-21 14:16:48, 2026-08-21 14:31:53, 2026-08-21 14:46:42, 2026-08-21 15:01:45, 2026-08-21 15:17:04, 2026-08-21 15:31:51, 2026-08-21 15:46:43, 2026-08-21 16:12:55, 2026-08-21 16:31:46", "cumulative_total": 66.0 }, "geometry": { "type": "Polygon", "coordinates": [ [ [ -76.113567809038074, 49.525837231464372 ], [ -76.120534822559847, 49.528366613275828 ], [ -76.120653528782995, 49.533558760760371 ], [ -76.113803758591871, 49.536221550758214 ], [ -76.106835962449011, 49.533691772345769 ], [ -76.106718719131123, 49.528499600611646 ], [ -76.113567809038074, 49.525837231464372 ] ] ] } },
{ "type": "Feature", "properties": { "hex_id": 545829, "centroid_lon": -73.869705977327015, "centroid_lat": 45.431943873466508, "occurrences_today": 7, "datetimes_today": "2026-08-21 07:16:08, 2026-08-21 07:43:49, 2026-08-21 08:01:54, 2026-08-21 08:16:52, 2026-08-21 08:31:42, 2026-08-21 08:46:42, 2026-08-21 09:01:45", "cumulative_total": 332.0 }, "geometry": { "type": "Polygon", "coordinates": [ [ [ -73.869809690230639, 45.426748013551759 ], [ -73.876148465262958, 45.429409007837727 ], [ -73.876045324402753, 45.434604876649693 ], [ -73.869602236122105, 45.437139728448948 ], [ -73.863262917352372, 45.434478368963127 ], [ -73.863367230591223, 45.42928252294228 ], [ -73.869809690230639, 45.426748013551759 ] ] ] } },
{ "type": "Feature", "properties": { "hex_id": 608739, "centroid_lon": -73.197384401913837, "centroid_lat": 45.86763081076608, "occurrences_today": 2, "datetimes_today": "2026-08-21 15:31:51, 2026-08-21 15:46:43", "cumulative_total": 46.0 }, "geometry": { "type": "Polygon", "coordinates": [ [ [ -73.197552319617742, 45.862436911597243 ], [ -73.203906799644756, 45.86513527551444 ], [ -73.203739457993947, 45.870329190346169 ], [ -73.197216438158179, 45.872824704714503 ], [ -73.190861428137595, 45.870125963781931 ], [ -73.19102996793076, 45.864932085561641 ], [ -73.197552319617742, 45.862436911597243 ] ] ] } },
{ "type": "Feature", "properties": { "hex_id": 609350, "centroid_lon": -73.190692842120825, "centroid_lat": 45.87531983677836, "occurrences_today": 2, "datetimes_today": "2026-08-21 15:31:51, 2026-08-21 15:46:43", "cumulative_total": 46.0 }, "geometry": { "type": "Polygon", "coordinates": [ [ [ -73.190861428137595, 45.870125963781931 ], [ -73.197216438158179, 45.872824704714503 ], [ -73.197048428335222, 45.878018593442349 ], [ -73.190524209864776, 45.880513704550744 ], [ -73.184168669897474, 45.877814586442341 ], [ -73.184337878331661, 45.872620734466636 ], [ -73.190861428137595, 45.870125963781931 ] ] ] } },
{ "type": "Feature", "properties": { "hex_id": 609960, "centroid_lon": -73.184507040370306, "centroid_lat": 45.867426877263576, "occurrences_today": 2, "datetimes_today": "2026-08-21 15:31:51, 2026-08-21 15:46:43", "cumulative_total": 45.0 }, "geometry": { "type": "Polygon", "coordinates": [ [ [ -73.184676156029127, 45.862233014833301 ], [ -73.19102996793076, 45.864932085561641 ], [ -73.190861428137595, 45.870125963781931 ], [ -73.184337878331661, 45.872620734466636 ], [ -73.177983536952041, 45.869921286607685 ], [ -73.178153274840639, 45.864727445259874 ], [ -73.184676156029127, 45.862233014833301 ] ] ] } },
{ "type": "Feature", "properties": { "hex_id": 610570, "centroid_lon": -73.178322966193249, "centroid_lat": 45.85953359868153, "occurrences_today": 2, "datetimes_today": "2026-08-21 15:31:51, 2026-08-21 15:46:43", "cumulative_total": 180.0 }, "geometry": { "type": "Polygon", "coordinates": [ [ [ -73.178492611025632, 45.854339746872768 ], [ -73.184845225323841, 45.857039147175968 ], [ -73.184676156029127, 45.862233014833301 ], [ -73.178153274840639, 45.864727445259874 ], [ -73.171800131532862, 45.862027667871324 ], [ -73.17197039840741, 45.856833837206757 ], [ -73.178492611025632, 45.854339746872768 ] ] ] } },
{ "type": "Feature", "properties": { "hex_id": 610571, "centroid_lon": -73.17781375251171, "centroid_lat": 45.875115122724814, "occurrences_today": 2, "datetimes_today": "2026-08-21 15:31:51, 2026-08-21 15:46:43", "cumulative_total": 46.0 }, "geometry": { "type": "Polygon", "coordinates": [ [ [ -73.177983536952041, 45.869921286607685 ], [ -73.184337878331661, 45.872620734466636 ], [ -73.184168669897474, 45.877814586442341 ], [ -73.177643921503872, 45.880308953611078 ], [ -73.171289050693503, 45.877609128461067 ], [ -73.171459457691725, 45.872415313498628 ], [ -73.177983536952041, 45.869921286607685 ] ] ] } },
{ "type": "Feature", "properties": { "hex_id": 611180, "centroid_lon": -73.172140618605667, "centroid_lat": 45.851640001308446, "occurrences_today": 2, "datetimes_today": "2026-08-21 15:31:51, 2026-08-21 15:46:43", "cumulative_total": 188.0 }, "geometry": { "type": "Polygon", "coordinates": [ [ [ -73.172310792143449, 45.846446160176534 ], [ -73.178662209353547, 45.849145889833771 ], [ -73.178492611025632, 45.854339746872768 ], [ -73.17197039840741, 45.856833837206757 ], [ -73.165618452655806, 45.854133730509432 ], [ -73.165789248048156, 45.848939910583411 ], [ -73.172310792143449, 45.846446160176534 ] ] ] } },
{ "type": "Feature", "properties": { "hex_id": 611181, "centroid_lon": -73.171629817966249, "centroid_lat": 45.867221493301983, "occurrences_today": 2, "datetimes_today": "2026-08-21 15:31:51, 2026-08-21 15:46:43", "cumulative_total": 180.0 }, "geometry": { "type": "Polygon", "coordinates": [ [ [ -73.171800131532862, 45.862027667871324 ], [ -73.178153274840639, 45.864727445259874 ], [ -73.177983536952041, 45.869921286607685 ], [ -73.171459457691725, 45.872415313498628 ], [ -73.165105785421716, 45.869715158864317 ], [ -73.165276721358438, 45.864521354650037 ], [ -73.171800131532862, 45.862027667871324 ] ] ] } },
{ "type": "Feature", "properties": { "hex_id": 611182, "centroid_lon": -73.171118596955722, "centroid_lat": 45.882802938189187, "occurrences_today": 2, "datetimes_today": "2026-08-21 15:31:51, 2026-08-21 15:46:43", "cumulative_total": 49.0 }, "geometry": { "type": "Polygon", "coordinates": [ [ [ -73.171289050693503, 45.877609128461067 ], [ -73.177643921503872, 45.880308953611078 ], [ -73.177474043912738, 45.885502779266382 ], [ -73.170948096462567, 45.887996742682787 ], [ -73.164592696268869, 45.885296540081242 ], [ -73.164763772892826, 45.880102751580054 ], [ -73.171289050693503, 45.877609128461067 ] ] ] } },
{ "type": "Feature", "properties": { "hex_id": 611791, "centroid_lon": -73.165447610431173, "centroid_lat": 45.859327545198362, "occurrences_today": 2, "datetimes_today": "2026-08-21 15:31:51, 2026-08-21 15:46:43", "cumulative_total": 188.0 }, "geometry": { "type": "Polygon", "coordinates": [ [ [ -73.165618452655806, 45.854133730509432 ], [ -73.17197039840741, 45.856833837206757 ], [ -73.171800131532862, 45.862027667871324 ], [ -73.165276721358438, 45.864521354650037 ], [ -73.158924247112822, 45.861820870752332 ], [ -73.159095711519782, 45.856627077341486 ], [ -73.165618452655806, 45.854133730509432 ] ] ] } },
{ "type": "Feature", "properties": { "hex_id": 611792, "centroid_lon": -73.164934802605131, "centroid_lat": 45.87490895784105, "occurrences_today": 2, "datetimes_today": "2026-08-21 15:31:51, 2026-08-21 15:46:43", "cumulative_total": 128.0 }, "geometry": { "type": "Polygon", "coordinates": [ [ [ -73.165105785421716, 45.869715158864317 ], [ -73.171459457691725, 45.872415313498628 ], [ -73.171289050693503, 45.877609128461067 ], [ -73.164763772892826, 45.880102751580054 ], [ -73.158409571708134, 45.877402219539583 ], [ -73.158581177222928, 45.872208441851527 ], [ -73.165105785421716, 45.869715158864317 ] ] ] } },
{ "type": "Feature", "properties": { "hex_id": 611793, "centroid_lon": -73.164421572717401, "centroid_lat": 45.890490323344402, "occurrences_today": 2, "datetimes_today": "2026-08-21 15:31:51, 2026-08-21 15:46:43", "cumulative_total": 124.0 }, "geometry": { "type": "Polygon", "coordinates": [ [ [ -73.164592696268869, 45.885296540081242 ], [ -73.170948096462567, 45.887996742682787 ], [ -73.170777549198206, 45.893190541941784 ], [ -73.164250402222507, 45.89568410136944 ], [ -73.157894472693073, 45.892983521155827 ], [ -73.158066219459172, 45.887789759191882 ], [ -73.164592696268869, 45.885296540081242 ] ] ] } },
{ "type": "Feature", "properties": { "hex_id": 612401, "centroid_lon": -73.159267128922636, "centroid_lat": 45.851433278690038, "occurrences_today": 2, "datetimes_today": "2026-08-21 15:31:51, 2026-08-21 15:46:43", "cumulative_total": 196.0 }, "geometry": { "type": "Polygon", "coordinates": [ [ [ -73.159438499337298, 45.846239474798097 ], [ -73.165789248048156, 45.848939910583411 ], [ -73.165618452655806, 45.854133730509432 ], [ -73.159095711519782, 45.856627077341486 ], [ -73.152744434782747, 45.853926264401132 ], [ -73.152916427191997, 45.848732481848963 ], [ -73.159438499337298, 45.846239474798097 ] ] ] } },
{ "type": "Feature", "properties": { "hex_id": 612402, "centroid_lon": -73.158752735685837, "centroid_lat": 45.867014658922379, "occurrences_today": 2, "datetimes_today": "2026-08-21 15:31:51, 2026-08-21 15:46:43", "cumulative_total": 196.0 }, "geometry": { "type": "Polygon", "coordinates": [ [ [ -73.158924247112822, 45.861820870752332 ], [ -73.165276721358438, 45.864521354650037 ], [ -73.165105785421716, 45.869715158864317 ], [ -73.158581177222928, 45.872208441851527 ], [ -73.152228174530961, 45.86950758059303 ], [ -73.152400308468202, 45.864313813773336 ], [ -73.158924247112822, 45.861820870752332 ] ] ] } },
{ "type": "Feature", "properties": { "hex_id": 612403, "centroid_lon": -73.15823791912554, "centroid_lat": 45.882595991986442, "occurrences_today": 2, "datetimes_today": "2026-08-21 15:31:51, 2026-08-21 15:46:43", "cumulative_total": 141.0 }, "geometry": { "type": "Polygon", "coordinates": [ [ [ -73.158409571708134, 45.877402219539583 ], [ -73.164763772892826, 45.880102751580054 ], [ -73.164592696268869, 45.885296540081242 ], [ -73.158066219459172, 45.887789759191882 ], [ -73.15171148940756, 45.885088849584783 ], [ -73.151883765016635, 45.879895098498906 ], [ -73.158409571708134, 45.877402219539583 ] ] ] } },
{ "type": "Feature", "properties": { "hex_id": 613011, "centroid_lon": -73.153088372457205, "centroid_lat": 45.843538694052945, "occurrences_today": 2, "datetimes_today": "2026-08-21 15:31:51, 2026-08-21 15:46:43", "cumulative_total": 193.0 }, "geometry": { "type": "Polygon", "coordinates": [ [ [ -73.153260270594288, 45.838344901013215 ], [ -73.159609822779672, 45.841045665665838 ], [ -73.159438499337298, 45.846239474798097 ], [ -73.152916427191997, 45.848732481848963 ], [ -73.146566347447987, 45.846031340086689 ], [ -73.146738867391946, 45.840837568448343 ], [ -73.153260270594288, 45.838344901013215 ] ] ] } },
{ "type": "Feature", "properties": { "hex_id": 613012, "centroid_lon": -73.152572395213468, "centroid_lat": 45.859120041709311, "occurrences_today": 2, "datetimes_today": "2026-08-21 15:31:51, 2026-08-21 15:46:43", "cumulative_total": 206.0 }, "geometry": { "type": "Polygon", "coordinates": [ [ [ -73.152744434782747, 45.853926264401132 ], [ -73.159095711519782, 45.856627077341486 ], [ -73.158924247112822, 45.861820870752332 ], [ -73.152400308468202, 45.864313813773336 ], [ -73.146048503752823, 45.861612623517637 ], [ -73.146221165644448, 45.856418867621485 ], [ -73.152744434782747, 45.853926264401132 ] ] ] } },
{ "type": "Feature", "properties": { "hex_id": 613013, "centroid_lon": -73.152055993385773, "centroid_lat": 45.874701342168279, "occurrences_today": 2, "datetimes_today": "2026-08-21 15:31:51, 2026-08-21 15:46:43", "cumulative_total": 206.0 }, "geometry": { "type": "Polygon", "coordinates": [ [ [ -73.152228174530961, 45.86950758059303 ], [ -73.158581177222928, 45.872208441851527 ], [ -73.158409571708134, 45.877402219539583 ], [ -73.151883765016635, 45.879895098498906 ], [ -73.145530233926209, 45.877193859719249 ], [ -73.14570303790974, 45.872000119566678 ], [ -73.152228174530961, 45.86950758059303 ] ] ] } },
{ "type": "Feature", "properties": { "hex_id": 613014, "centroid_lon": -73.151539166542534, "centroid_lat": 45.890282595425731, "occurrences_today": 2, "datetimes_today": "2026-08-21 15:31:51, 2026-08-21 15:46:43", "cumulative_total": 189.0 }, "geometry": { "type": "Polygon", "coordinates": [ [ [ -73.15171148940756, 45.885088849584783 ], [ -73.158066219459172, 45.887789759191882 ], [ -73.157894472693073, 45.892983521155827 ], [ -73.151366796405554, 45.89547633602163 ], [ -73.145011537534998, 45.892775048687433 ], [ -73.145184483754889, 45.887581324279786 ], [ -73.15171148940756, 45.885088849584783 ] ] ] } },
{ "type": "Feature", "properties": { "hex_id": 613621, "centroid_lon": -73.146911340052029, "centroid_lat": 45.83564379156293, "occurrences_today": 2, "datetimes_today": "2026-08-21 15:31:51, 2026-08-21 15:46:43", "cumulative_total": 204.0 }, "geometry": { "type": "Polygon", "coordinates": [ [ [ -73.147083765444265, 45.830450009430557 ], [ -73.153432121619204, 45.833151102729936 ], [ -73.153260270594288, 45.838344901013215 ], [ -73.146738867391946, 45.840837568448343 ], [ -73.140389984125576, 45.838136098084767 ], [ -73.140563031136963, 45.832942337415375 ], [ -73.147083765444265, 45.830450009430557 ] ] ] } },
{ "type": "Feature", "properties": { "hex_id": 613622, "centroid_lon": -73.146393780204164, "centroid_lat": 45.851225106477798, "occurrences_today": 2, "datetimes_today": "2026-08-21 15:31:51, 2026-08-21 15:46:43", "cumulative_total": 206.0 }, "geometry": { "type": "Polygon", "coordinates": [ [ [ -73.146566347447987, 45.846031340086689 ], [ -73.152916427191997, 45.848732481848963 ], [ -73.152744434782747, 45.853926264401132 ], [ -73.146221165644448, 45.856418867621485 ], [ -73.139870558389759, 45.853717348589313 ], [ -73.140043747768033, 45.848523603671879 ], [ -73.146566347447987, 45.846031340086689 ] ] ] } },
{ "type": "Feature", "properties": { "hex_id": 613623, "centroid_lon": -73.145875794513273, "centroid_lat": 45.866806374166082, "occurrences_today": 2, "datetimes_today": "2026-08-21 15:31:51, 2026-08-21 15:46:43", "cumulative_total": 211.0 }, "geometry": { "type": "Polygon", "coordinates": [ [ [ -73.146048503752823, 45.861612623517637 ], [ -73.152400308468202, 45.864313813773336 ], [ -73.152228174530961, 45.86950758059303 ], [ -73.14570303790974, 45.872000119566678 ], [ -73.13935070526405, 45.8692985518353 ], [ -73.139524037153848, 45.864104822671187 ], [ -73.146048503752823, 45.861612623517637 ] ] ] } },
{ "type": "Feature", "properties": { "hex_id": 613624, "centroid_lon": -73.145357382546607, "centroid_lat": 45.882387594623694, "occurrences_today": 2, "datetimes_today": "2026-08-21 15:31:51, 2026-08-21 15:46:43", "cumulative_total": 169.0 }, "geometry": { "type": "Polygon", "coordinates": [ [ [ -73.145530233926209, 45.877193859719249 ], [ -73.151883765016635, 45.879895098498906 ], [ -73.15171148940756, 45.885088849584783 ], [ -73.145184483754889, 45.887581324279786 ], [ -73.138830424314094, 45.884879707818556 ], [ -73.139003898860281, 45.879685994409137 ], [ -73.145530233926209, 45.877193859719249 ] ] ] } },
{ "type": "Feature", "properties": { "hex_id": 613625, "centroid_lon": -73.144838543870833, "centroid_lat": 45.897968767846443, "occurrences_today": 2, "datetimes_today": "2026-08-21 15:31:51, 2026-08-21 15:46:43", "cumulative_total": 201.0 }, "geometry": { "type": "Polygon", "coordinates": [ [ [ -73.145011537534998, 45.892775048687433 ], [ -73.151366796405554, 45.89547633602163 ], [ -73.151194378980591, 45.900670071372296 ], [ -73.144665502746321, 45.903162481756695 ], [ -73.138309715104953, 45.900460816534881 ], [ -73.138483332452566, 45.895267118881563 ], [ -73.145011537534998, 45.892775048687433 ] ] ] } },
{ "type": "Feature", "properties": { "hex_id": 614232, "centroid_lon": -73.140216889674605, "centroid_lat": 45.84332985350364, "occurrences_today": 2, "datetimes_today": "2026-08-21 15:31:51, 2026-08-21 15:46:43", "cumulative_total": 220.0 }, "geometry": { "type": "Polygon", "coordinates": [ [ [ -73.140389984125576, 45.838136098084767 ], [ -73.146738867391946, 45.840837568448343 ], [ -73.146566347447987, 45.846031340086689 ], [ -73.140043747768033, 45.848523603671879 ], [ -73.133694337458309, 45.845821756083879 ], [ -73.133868053855835, 45.840628022200249 ], [ -73.140389984125576, 45.838136098084767 ] ] ] } },
{ "type": "Feature", "properties": { "hex_id": 614233, "centroid_lon": -73.139697321523727, "centroid_lat": 45.858911088255795, "occurrences_today": 2, "datetimes_today": "2026-08-21 15:31:51, 2026-08-21 15:46:43", "cumulative_total": 165.0 }, "geometry": { "type": "Polygon", "coordinates": [ [ [ -73.139870558389759, 45.853717348589313 ], [ -73.146221165644448, 45.856418867621485 ], [ -73.146048503752823, 45.861612623517637 ], [ -73.139524037153848, 45.864104822671187 ], [ -73.133172902436627, 45.861402926208861 ], [ -73.133346761764827, 45.85620920808833 ], [ -73.139870558389759, 45.853717348589313 ] ] ] } },
{ "type": "Feature", "properties": { "hex_id": 614234, "centroid_lon": -73.139177325838219, "centroid_lat": 45.874492275748011, "occurrences_today": 2, "datetimes_today": "2026-08-21 15:31:51, 2026-08-21 15:46:43", "cumulative_total": 147.0 }, "geometry": { "type": "Polygon", "coordinates": [ [ [ -73.13935070526405, 45.8692985518353 ], [ -73.14570303790974, 45.872000119566678 ], [ -73.145530233926209, 45.877193859719249 ], [ -73.139003898860281, 45.879685994409137 ], [ -73.132651038332469, 45.876984049041724 ], [ -73.132825040736591, 45.871790346685714 ], [ -73.13935070526405, 45.8692985518353 ] ] ] } },
{ "type": "Feature", "properties": { "hex_id": 614235, "centroid_lon": -73.13865690218357, "centroid_lat": 45.890073415976062, "occurrences_today": 2, "datetimes_today": "2026-08-21 15:31:51, 2026-08-21 15:46:43", "cumulative_total": 155.0 }, "geometry": { "type": "Polygon", "coordinates": [ [ [ -73.138830424314094, 45.884879707818556 ], [ -73.145184483754889, 45.887581324279786 ], [ -73.145011537534998, 45.892775048687433 ], [ -73.138483332452566, 45.895267118881563 ], [ -73.132128744709675, 45.89256512457829 ], [ -73.132302890335183, 45.887371437988172 ], [ -73.138830424314094, 45.884879707818556 ] ] ] } },
{ "type": "Feature", "properties": { "hex_id": 858536, "centroid_lon": -70.436188080029837, "centroid_lat": 47.388609220277203, "occurrences_today": 1, "datetimes_today": "2026-08-21 19:13:27", "cumulative_total": 26.0 }, "geometry": { "type": "Polygon", "coordinates": [ [ [ -70.436635992310329, 47.383430626758795 ], [ -70.44301566431912, 47.38628317839602 ], [ -70.442568332289795, 47.391461815389867 ], [ -70.435740042744698, 47.393787805867454 ], [ -70.429359915511341, 47.390934833368412 ], [ -70.429808533003737, 47.385756291321172 ], [ -70.436635992310329, 47.383430626758795 ] ] ] } },
{ "type": "Feature", "properties": { "hex_id": 859146, "centroid_lon": -70.430257025335749, "centroid_lat": 47.380577741337163, "occurrences_today": 1, "datetimes_today": "2026-08-21 19:13:27", "cumulative_total": 26.0 }, "geometry": { "type": "Polygon", "coordinates": [ [ [ -70.430705392551317, 47.375399183417493 ], [ -70.4370837796301, 47.378252025313387 ], [ -70.436635992310329, 47.383430626758795 ], [ -70.429808533003737, 47.385756291321172 ], [ -70.423429691167556, 47.38290302863053 ], [ -70.423878763351439, 47.377724522239824 ], [ -70.430705392551317, 47.375399183417493 ] ] ] } },
{ "type": "Feature", "properties": { "hex_id": 859147, "centroid_lon": -70.428911172814594, "centroid_lat": 47.396113367477717, "occurrences_today": 1, "datetimes_today": "2026-08-21 19:13:27", "cumulative_total": 27.0 }, "geometry": { "type": "Polygon", "coordinates": [ [ [ -70.429359915511341, 47.390934833368412 ], [ -70.435740042744698, 47.393787805867454 ], [ -70.435291880411015, 47.398966383528432 ], [ -70.428462304869498, 47.401291893647958 ], [ -70.422081722543425, 47.398438500125394 ], [ -70.422531170807559, 47.393260017574462 ], [ -70.429359915511341, 47.390934833368412 ] ] ] } },
{ "type": "Feature", "properties": { "hex_id": 859756, "centroid_lon": -70.424327710263285, "centroid_lat": 47.372546007904809, "occurrences_today": 1, "datetimes_today": "2026-08-21 19:13:27", "cumulative_total": 26.0 }, "geometry": { "type": "Polygon", "coordinates": [ [ [ -70.424776531947032, 47.36736748562663 ], [ -70.431153634694383, 47.370220617563298 ], [ -70.430705392551317, 47.375399183417493 ], [ -70.423878763351439, 47.377724522239824 ], [ -70.417501206313474, 47.374870969575461 ], [ -70.417950732722034, 47.369692498884007 ], [ -70.424776531947032, 47.36736748562663 ] ] ] } },
{ "type": "Feature", "properties": { "hex_id": 859757, "centroid_lon": -70.422980493667595, "centroid_lat": 47.388081527075784, "occurrences_today": 1, "datetimes_today": "2026-08-21 19:13:27", "cumulative_total": 27.0 }, "geometry": { "type": "Polygon", "coordinates": [ [ [ -70.423429691167556, 47.38290302863053 ], [ -70.429808533003737, 47.385756291321172 ], [ -70.429359915511341, 47.390934833368412 ], [ -70.422531170807559, 47.393260017574462 ], [ -70.416151874345914, 47.39040633392743 ], [ -70.416601777169475, 47.38522788709831 ], [ -70.423429691167556, 47.38290302863053 ] ] ] } },
{ "type": "Feature", "properties": { "hex_id": 859758, "centroid_lon": -70.421632148831094, "centroid_lat": 47.403616974727484, "occurrences_today": 1, "datetimes_today": "2026-08-21 19:13:27", "cumulative_total": 27.0 }, "geometry": { "type": "Polygon", "coordinates": [ [ [ -70.422081722543425, 47.398438500125394 ], [ -70.428462304869498, 47.401291893647958 ], [ -70.428013311632057, 47.406470411877983 ], [ -70.4211824496265, 47.408795441379567 ], [ -70.414801412339855, 47.405941626671826 ], [ -70.415251691975229, 47.40076320371535 ], [ -70.422081722543425, 47.398438500125394 ] ] ] } },
{ "type": "Feature", "properties": { "hex_id": 860367, "centroid_lon": -70.417051554477311, "centroid_lat": 47.380049432313939, "occurrences_today": 1, "datetimes_today": "2026-08-21 19:13:27", "cumulative_total": 26.0 }, "geometry": { "type": "Polygon", "coordinates": [ [ [ -70.417501206313474, 47.374870969575461 ], [ -70.423878763351439, 47.377724522239824 ], [ -70.423429691167556, 47.38290302863053 ], [ -70.416601777169475, 47.38522788709831 ], [ -70.410223765972916, 47.382373913544711 ], [ -70.410674122888963, 47.37719550248012 ], [ -70.417501206313474, 47.374870969575461 ] ] ] } },
{ "type": "Feature", "properties": { "hex_id": 860368, "centroid_lon": -70.415701845962545, "centroid_lat": 47.395584772800163, "occurrences_today": 1, "datetimes_today": "2026-08-21 19:13:27", "cumulative_total": 27.0 }, "geometry": { "type": "Polygon", "coordinates": [ [ [ -70.416151874345914, 47.39040633392743 ], [ -70.422531170807559, 47.393260017574462 ], [ -70.422081722543425, 47.398438500125394 ], [ -70.415251691975229, 47.40076320371535 ], [ -70.408871941020337, 47.397909098950315 ], [ -70.409322675082763, 47.392730711780963 ], [ -70.416151874345914, 47.39040633392743 ] ] ] } },
{ "type": "Feature", "properties": { "hex_id": 860369, "centroid_lon": -70.414351007012257, "centroid_lat": 47.411120041668511, "occurrences_today": 16, "datetimes_today": "2026-08-21 19:13:27, 2026-08-21 19:31:56, 2026-08-21 19:57:57, 2026-08-21 20:17:05, 2026-08-21 20:32:12, 2026-08-21 20:46:51, 2026-08-21 21:01:46, 2026-08-21 21:21:27, 2026-08-21 21:31:41, 2026-08-21 21:46:38, 2026-08-21 22:01:50, 2026-08-21 22:32:24, 2026-08-21 22:46:49, 2026-08-21 23:01:48, 2026-08-21 23:32:25, 2026-08-21 23:46:58", "cumulative_total": 43.0 }, "geometry": { "type": "Polygon", "coordinates": [ [ [ -70.414801412339855, 47.405941626671826 ], [ -70.4211824496265, 47.408795441379567 ], [ -70.420732624885559, 47.413973900080492 ], [ -70.413900475948267, 47.416298448704197 ], [ -70.407518983833455, 47.413444212649566 ], [ -70.407970095439893, 47.408265849385764 ], [ -70.414801412339855, 47.405941626671826 ] ] ] } },
{ "type": "Feature", "properties": { "hex_id": 860977, "centroid_lon": -70.411124354177815, "centroid_lat": 47.372017083452725, "occurrences_today": 1, "datetimes_today": "2026-08-21 19:13:27", "cumulative_total": 26.0 }, "geometry": { "type": "Polygon", "coordinates": [ [ [ -70.411574459883582, 47.366838656463713 ], [ -70.417950732722034, 47.369692498884007 ], [ -70.417501206313474, 47.374870969575461 ], [ -70.410674122888963, 47.37719550248012 ], [ -70.404297396358444, 47.374341239237758 ], [ -70.404748206900422, 47.369162863980335 ], [ -70.411574459883582, 47.366838656463713 ] ] ] } },
{ "type": "Feature", "properties": { "hex_id": 860978, "centroid_lon": -70.409773283385562, "centroid_lat": 47.387552316645369, "occurrences_today": 1, "datetimes_today": "2026-08-21 19:13:27", "cumulative_total": 27.0 }, "geometry": { "type": "Polygon", "coordinates": [ [ [ -70.410223765972916, 47.382373913544711 ], [ -70.416601777169475, 47.38522788709831 ], [ -70.416151874345914, 47.39040633392743 ], [ -70.409322675082763, 47.392730711780963 ], [ -70.402944209859925, 47.389876317176572 ], [ -70.403395397882377, 47.38469796583702 ], [ -70.410223765972916, 47.382373913544711 ] ] ] } },
{ "type": "Feature", "properties": { "hex_id": 860979, "centroid_lon": -70.408421081154117, "centroid_lat": 47.403087478152308, "occurrences_today": 16, "datetimes_today": "2026-08-21 19:13:27, 2026-08-21 19:31:56, 2026-08-21 19:57:57, 2026-08-21 20:17:05, 2026-08-21 20:32:12, 2026-08-21 20:46:51, 2026-08-21 21:01:46, 2026-08-21 21:21:27, 2026-08-21 21:31:41, 2026-08-21 21:46:38, 2026-08-21 22:01:50, 2026-08-21 22:32:24, 2026-08-21 22:46:49, 2026-08-21 23:01:48, 2026-08-21 23:32:25, 2026-08-21 23:46:58", "cumulative_total": 43.0 }, "geometry": { "type": "Polygon", "coordinates": [ [ [ -70.408871941020337, 47.397909098950315 ], [ -70.415251691975229, 47.40076320371535 ], [ -70.414801412339855, 47.405941626671826 ], [ -70.407970095439893, 47.408265849385764 ], [ -70.401589890124271, 47.405411323341113 ], [ -70.402041456025117, 47.40023299592977 ], [ -70.408871941020337, 47.397909098950315 ] ] ] } },
{ "type": "Feature", "properties": { "hex_id": 860980, "centroid_lon": -70.407067746290522, "centroid_lat": 47.418622567942535, "occurrences_today": 16, "datetimes_today": "2026-08-21 19:13:27, 2026-08-21 19:31:56, 2026-08-21 19:57:57, 2026-08-21 20:17:05, 2026-08-21 20:32:12, 2026-08-21 20:46:51, 2026-08-21 21:01:46, 2026-08-21 21:21:27, 2026-08-21 21:31:41, 2026-08-21 21:46:38, 2026-08-21 22:01:50, 2026-08-21 22:32:24, 2026-08-21 22:46:49, 2026-08-21 23:01:48, 2026-08-21 23:32:25, 2026-08-21 23:46:58", "cumulative_total": 36.0 }, "geometry": { "type": "Polygon", "coordinates": [ [ [ -70.407518983833455, 47.413444212649566 ], [ -70.413900475948267, 47.416298448704197 ], [ -70.413449819103676, 47.421476847777768 ], [ -70.406616382766828, 47.423800915263541 ], [ -70.400234435956563, 47.420946257700272 ], [ -70.400686380134317, 47.415767954227512 ], [ -70.407518983833455, 47.413444212649566 ] ] ] } },
{ "type": "Feature", "properties": { "hex_id": 861587, "centroid_lon": -70.405198891703904, "centroid_lat": 47.363984480752606, "occurrences_today": 1, "datetimes_today": "2026-08-21 19:13:27", "cumulative_total": 26.0 }, "geometry": { "type": "Polygon", "coordinates": [ [ [ -70.405649450813016, 47.358806089555706 ], [ -70.412024440050331, 47.3616602215142 ], [ -70.411574459883582, 47.366838656463713 ], [ -70.404748206900422, 47.369162863980335 ], [ -70.39837276443717, 47.366308311266927 ], [ -70.39882402813889, 47.361129971859306 ], [ -70.405649450813016, 47.358806089555706 ] ] ] } },
{ "type": "Feature", "properties": { "hex_id": 861588, "centroid_lon": -70.403846460033833, "centroid_lat": 47.379519606523701, "occurrences_today": 1, "datetimes_today": "2026-08-21 19:13:27", "cumulative_total": 27.0 }, "geometry": { "type": "Polygon", "coordinates": [ [ [ -70.404297396358444, 47.374341239237758 ], [ -70.410674122888963, 47.37719550248012 ], [ -70.410223765972916, 47.382373913544711 ], [ -70.403395397882377, 47.38469796583702 ], [ -70.397018217792194, 47.381843281611076 ], [ -70.397469859308032, 47.37666496614397 ], [ -70.404297396358444, 47.374341239237758 ] ] ] } },
{ "type": "Feature", "properties": { "hex_id": 861589, "centroid_lon": -70.402492895922265, "centroid_lat": 47.395054660541206, "occurrences_today": 1, "datetimes_today": "2026-08-21 19:13:27", "cumulative_total": 27.0 }, "geometry": { "type": "Polygon", "coordinates": [ [ [ -70.402944209859925, 47.389876317176572 ], [ -70.409322675082763, 47.392730711780963 ], [ -70.408871941020337, 47.397909098950315 ], [ -70.402041456025117, 47.40023299592977 ], [ -70.395662536908631, 47.397378180113002 ], [ -70.396114556636761, 47.392199888596757 ], [ -70.402944209859925, 47.389876317176572 ] ] ] } },
{ "type": "Feature", "properties": { "hex_id": 861590, "centroid_lon": -70.401138198175445, "centroid_lat": 47.410589642774077, "occurrences_today": 16, "datetimes_today": "2026-08-21 19:13:27, 2026-08-21 19:31:56, 2026-08-21 19:57:57, 2026-08-21 20:17:05, 2026-08-21 20:32:12, 2026-08-21 20:46:51, 2026-08-21 21:01:46, 2026-08-21 21:21:27, 2026-08-21 21:31:41, 2026-08-21 21:46:38, 2026-08-21 22:01:50, 2026-08-21 22:32:24, 2026-08-21 22:46:49, 2026-08-21 23:01:48, 2026-08-21 23:32:25, 2026-08-21 23:46:58", "cumulative_total": 50.0 }, "geometry": { "type": "Polygon", "coordinates": [ [ [ -70.401589890124271, 47.405411323341113 ], [ -70.407970095439893, 47.408265849385764 ], [ -70.407518983833455, 47.413444212649566 ], [ -70.400686380134317, 47.415767954227512 ], [ -70.394305720590751, 47.41291300674154 ], [ -70.394758118929957, 47.407734739186552 ], [ -70.401589890124271, 47.405411323341113 ] ] ] } },
{ "type": "Feature", "properties": { "hex_id": 862198, "centroid_lon": -70.397921374841616, "centroid_lat": 47.37148664269553, "occurrences_today": 1, "datetimes_today": "2026-08-21 19:13:27", "cumulative_total": 26.0 }, "geometry": { "type": "Polygon", "coordinates": [ [ [ -70.39837276443717, 47.366308311266927 ], [ -70.404748206900422, 47.369162863980335 ], [ -70.404297396358444, 47.374341239237758 ], [ -70.397469859308032, 47.37666496614397 ], [ -70.391093963751345, 47.373809992514218 ], [ -70.391546058294296, 47.368631712962113 ], [ -70.39837276443717, 47.366308311266927 ] ] ] } },
{ "type": "Feature", "properties": { "hex_id": 862199, "centroid_lon": -70.396566450249864, "centroid_lat": 47.387021589095731, "occurrences_today": 1, "datetimes_today": "2026-08-21 19:13:27", "cumulative_total": 27.0 }, "geometry": { "type": "Polygon", "coordinates": [ [ [ -70.397018217792194, 47.381843281611076 ], [ -70.403395397882377, 47.38469796583702 ], [ -70.402944209859925, 47.389876317176572 ], [ -70.396114556636761, 47.392199888596757 ], [ -70.389736923119585, 47.389344783225752 ], [ -70.390189396208299, 47.384166527647189 ], [ -70.397018217792194, 47.381843281611076 ] ] ] } },
{ "type": "Feature", "properties": { "hex_id": 862200, "centroid_lon": -70.395210391021138, "centroid_lat": 47.402556463643322, "occurrences_today": 16, "datetimes_today": "2026-08-21 19:13:27, 2026-08-21 19:31:56, 2026-08-21 19:57:57, 2026-08-21 20:17:05, 2026-08-21 20:32:12, 2026-08-21 20:46:51, 2026-08-21 21:01:46, 2026-08-21 21:21:27, 2026-08-21 21:31:41, 2026-08-21 21:46:38, 2026-08-21 22:01:50, 2026-08-21 22:32:24, 2026-08-21 22:46:49, 2026-08-21 23:01:48, 2026-08-21 23:32:25, 2026-08-21 23:46:58", "cumulative_total": 36.0 }, "geometry": { "type": "Polygon", "coordinates": [ [ [ -70.395662536908631, 47.397378180113002 ], [ -70.402041456025117, 47.40023299592977 ], [ -70.401589890124271, 47.405411323341113 ], [ -70.394758118929957, 47.407734739186552 ], [ -70.388378746052652, 47.404879501995829 ], [ -70.388831598086142, 47.399701270401238 ], [ -70.395662536908631, 47.397378180113002 ] ] ] } },
{ "type": "Feature", "properties": { "hex_id": 862201, "centroid_lon": -70.393853195959139, "centroid_lat": 47.418091266307123, "occurrences_today": 16, "datetimes_today": "2026-08-21 19:13:27, 2026-08-21 19:31:56, 2026-08-21 19:57:57, 2026-08-21 20:17:05, 2026-08-21 20:32:12, 2026-08-21 20:46:51, 2026-08-21 21:01:46, 2026-08-21 21:21:27, 2026-08-21 21:31:41, 2026-08-21 21:46:38, 2026-08-21 22:01:50, 2026-08-21 22:32:24, 2026-08-21 22:46:49, 2026-08-21 23:01:48, 2026-08-21 23:32:25, 2026-08-21 23:46:58", "cumulative_total": 58.0 }, "geometry": { "type": "Polygon", "coordinates": [ [ [ -70.394305720590751, 47.41291300674154 ], [ -70.400686380134317, 47.415767954227512 ], [ -70.400234435956563, 47.420946257700272 ], [ -70.39340054499074, 47.423269517882154 ], [ -70.387019431352314, 47.420414148793185 ], [ -70.38747266273019, 47.415235941192961 ], [ -70.394305720590751, 47.41291300674154 ] ] ] } },
{ "type": "Feature", "properties": { "hex_id": 862203, "centroid_lon": -70.39113539354139, "centroid_lat": 47.449160655858492, "occurrences_today": 13, "datetimes_today": "2026-08-21 19:13:27, 2026-08-21 19:31:56, 2026-08-21 19:57:57, 2026-08-21 20:17:05, 2026-08-21 20:32:12, 2026-08-21 20:46:51, 2026-08-21 21:01:46, 2026-08-21 21:21:27, 2026-08-21 21:31:41, 2026-08-21 21:46:38, 2026-08-21 22:01:50, 2026-08-21 22:32:24, 2026-08-21 22:46:49", "cumulative_total": 32.0 }, "geometry": { "type": "Polygon", "coordinates": [ [ [ -70.391588676860465, 47.443982444253585 ], [ -70.397972821465856, 47.44683765531353 ], [ -70.397520119536452, 47.452015910877982 ], [ -70.390681983618691, 47.454338859465871 ], [ -70.384297384249507, 47.451483226344443 ], [ -70.384751375517354, 47.446305066764339 ], [ -70.391588676860465, 47.443982444253585 ] ] ] } },
{ "type": "Feature", "properties": { "hex_id": 862204, "centroid_lon": -70.389774783784219, "centroid_lat": 47.464695242683518, "occurrences_today": 13, "datetimes_today": "2026-08-21 19:13:27, 2026-08-21 19:31:56, 2026-08-21 19:57:57, 2026-08-21 20:17:05, 2026-08-21 20:32:12, 2026-08-21 20:46:51, 2026-08-21 21:01:46, 2026-08-21 21:21:27, 2026-08-21 21:31:41, 2026-08-21 21:46:38, 2026-08-21 22:01:50, 2026-08-21 22:32:24, 2026-08-21 22:46:49", "cumulative_total": 38.0 }, "geometry": { "type": "Polygon", "coordinates": [ [ [ -70.390228447047818, 47.459517055074606 ], [ -70.396614336290725, 47.462372398039477 ], [ -70.396161254885399, 47.467550629634189 ], [ -70.389320993783301, 47.46987342229145 ], [ -70.382934649441751, 47.467017657035619 ], [ -70.383389021256349, 47.461839521481252 ], [ -70.390228447047818, 47.459517055074606 ] ] ] } },
{ "type": "Feature", "properties": { "hex_id": 862809, "centroid_lon": -70.390641743070759, "centroid_lat": 47.378988264076291, "occurrences_today": 1, "datetimes_today": "2026-08-21 19:13:27", "cumulative_total": 68.0 }, "geometry": { "type": "Polygon", "coordinates": [ [ [ -70.391093963751345, 47.373809992514218 ], [ -70.397469859308032, 47.37666496614397 ], [ -70.397018217792194, 47.381843281611076 ], [ -70.390189396208299, 47.384166527647189 ], [ -70.383813047690921, 47.381311132939665 ], [ -70.384265973673834, 47.376132913341358 ], [ -70.391093963751345, 47.373809992514218 ] ] ] } },
{ "type": "Feature", "properties": { "hex_id": 862810, "centroid_lon": -70.389284323760336, "centroid_lat": 47.394523030810824, "occurrences_today": 1, "datetimes_today": "2026-08-21 19:13:27", "cumulative_total": 21.0 }, "geometry": { "type": "Polygon", "coordinates": [ [ [ -70.389736923119585, 47.389344783225752 ], [ -70.396114556636761, 47.392199888596757 ], [ -70.395662536908631, 47.397378180113002 ], [ -70.388831598086142, 47.399701270401238 ], [ -70.382453511274946, 47.396845743723603 ], [ -70.382906816535893, 47.391667548131956 ], [ -70.389736923119585, 47.389344783225752 ] ] ] } },
{ "type": "Feature", "properties": { "hex_id": 862811, "centroid_lon": -70.387925767615485, "centroid_lat": 47.410057725593461, "occurrences_today": 16, "datetimes_today": "2026-08-21 19:13:27, 2026-08-21 19:31:56, 2026-08-21 19:57:57, 2026-08-21 20:17:05, 2026-08-21 20:32:12, 2026-08-21 20:46:51, 2026-08-21 21:01:46, 2026-08-21 21:21:27, 2026-08-21 21:31:41, 2026-08-21 21:46:38, 2026-08-21 22:01:50, 2026-08-21 22:32:24, 2026-08-21 22:46:49, 2026-08-21 23:01:48, 2026-08-21 23:32:25, 2026-08-21 23:46:58", "cumulative_total": 51.0 }, "geometry": { "type": "Polygon", "coordinates": [ [ [ -70.388378746052652, 47.404879501995829 ], [ -70.394758118929957, 47.407734739186552 ], [ -70.394305720590751, 47.41291300674154 ], [ -70.38747266273019, 47.415235941192961 ], [ -70.38109283622525, 47.412380282466664 ], [ -70.381546521164097, 47.407202110892129 ], [ -70.388378746052652, 47.404879501995829 ] ] ] } },
{ "type": "Feature", "properties": { "hex_id": 862812, "centroid_lon": -70.386566073437393, "centroid_lat": 47.425592348392946, "occurrences_today": 16, "datetimes_today": "2026-08-21 19:13:27, 2026-08-21 19:31:56, 2026-08-21 19:57:57, 2026-08-21 20:17:05, 2026-08-21 20:32:12, 2026-08-21 20:46:51, 2026-08-21 21:01:46, 2026-08-21 21:21:27, 2026-08-21 21:31:41, 2026-08-21 21:46:38, 2026-08-21 22:01:50, 2026-08-21 22:32:24, 2026-08-21 22:46:49, 2026-08-21 23:01:48, 2026-08-21 23:32:25, 2026-08-21 23:46:58", "cumulative_total": 51.0 }, "geometry": { "type": "Polygon", "coordinates": [ [ [ -70.387019431352314, 47.420414148793185 ], [ -70.39340054499074, 47.423269517882154 ], [ -70.392947767641104, 47.42844776146547 ], [ -70.386112588940975, 47.430770539991116 ], [ -70.379731021341044, 47.427914749137436 ], [ -70.380185086358267, 47.422736601590493 ], [ -70.387019431352314, 47.420414148793185 ] ] ] } },
{ "type": "Feature", "properties": { "hex_id": 862813, "centroid_lon": -70.385205240025485, "centroid_lat": 47.441126899177981, "occurrences_today": 13, "datetimes_today": "2026-08-21 19:13:27, 2026-08-21 19:31:56, 2026-08-21 19:57:57, 2026-08-21 20:17:05, 2026-08-21 20:32:12, 2026-08-21 20:46:51, 2026-08-21 21:01:46, 2026-08-21 21:21:27, 2026-08-21 21:31:41, 2026-08-21 21:46:38, 2026-08-21 22:01:50, 2026-08-21 22:32:24, 2026-08-21 22:46:49", "cumulative_total": 32.0 }, "geometry": { "type": "Polygon", "coordinates": [ [ [ -70.385658977818508, 47.435948723586513 ], [ -70.392041833620439, 47.438804224652344 ], [ -70.391588676860465, 47.443982444253585 ], [ -70.384751375517354, 47.446305066764339 ], [ -70.378368065419778, 47.443449143704505 ], [ -70.378822510916407, 47.438271020195614 ], [ -70.385658977818508, 47.435948723586513 ] ] ] } },
{ "type": "Feature", "properties": { "hex_id": 862814, "centroid_lon": -70.383843266177379, "centroid_lat": 47.456661377917129, "occurrences_today": 13, "datetimes_today": "2026-08-21 19:13:27, 2026-08-21 19:31:56, 2026-08-21 19:57:57, 2026-08-21 20:17:05, 2026-08-21 20:32:12, 2026-08-21 20:46:51, 2026-08-21 21:01:46, 2026-08-21 21:21:27, 2026-08-21 21:31:41, 2026-08-21 21:46:38, 2026-08-21 22:01:50, 2026-08-21 22:32:24, 2026-08-21 22:46:49", "cumulative_total": 38.0 }, "geometry": { "type": "Polygon", "coordinates": [ [ [ -70.384297384249507, 47.451483226344443 ], [ -70.390681983618691, 47.454338859465871 ], [ -70.390228447047818, 47.459517055074606 ], [ -70.383389021256349, 47.461839521481252 ], [ -70.377003967257124, 47.458983466136424 ], [ -70.377458793634801, 47.453805366676072 ], [ -70.384297384249507, 47.451483226344443 ] ] ] } },
{ "type": "Feature", "properties": { "hex_id": 863419, "centroid_lon": -70.384718773319477, "centroid_lat": 47.370954685743136, "occurrences_today": 1, "datetimes_today": "2026-08-21 19:13:27", "cumulative_total": 26.0 }, "geometry": { "type": "Polygon", "coordinates": [ [ [ -70.385171446672231, 47.365776450146186 ], [ -70.391546058294296, 47.368631712962113 ], [ -70.391093963751345, 47.373809992514218 ], [ -70.384265973673834, 47.376132913341358 ], [ -70.377890909557067, 47.373277229514969 ], [ -70.378344287968176, 47.368099045939417 ], [ -70.385171446672231, 47.365776450146186 ] ] ] } },
{ "type": "Feature", "properties": { "hex_id": 863420, "centroid_lon": -70.383359995326401, "centroid_lat": 47.386489344536919, "occurrences_today": 1, "datetimes_today": "2026-08-21 19:13:27", "cumulative_total": 47.0 }, "geometry": { "type": "Polygon", "coordinates": [ [ [ -70.383813047690921, 47.381311132939665 ], [ -70.390189396208299, 47.384166527647189 ], [ -70.389736923119585, 47.389344783225752 ], [ -70.382906816535893, 47.391667548131956 ], [ -70.376530015190909, 47.388811732185211 ], [ -70.376983773212856, 47.383633572639027 ], [ -70.383813047690921, 47.381311132939665 ] ] ] } },
{ "type": "Feature", "properties": { "hex_id": 863421, "centroid_lon": -70.382000079499164, "centroid_lat": 47.402023931310715, "occurrences_today": 16, "datetimes_today": "2026-08-21 19:13:27, 2026-08-21 19:31:56, 2026-08-21 19:57:57, 2026-08-21 20:17:05, 2026-08-21 20:32:12, 2026-08-21 20:46:51, 2026-08-21 21:01:46, 2026-08-21 21:21:27, 2026-08-21 21:31:41, 2026-08-21 21:46:38, 2026-08-21 22:01:50, 2026-08-21 22:32:24, 2026-08-21 22:46:49, 2026-08-21 23:01:48, 2026-08-21 23:32:25, 2026-08-21 23:46:58", "cumulative_total": 51.0 }, "geometry": { "type": "Polygon", "coordinates": [ [ [ -70.382453511274946, 47.396845743723603 ], [ -70.388831598086142, 47.399701270401238 ], [ -70.388378746052652, 47.404879501995829 ], [ -70.381546521164097, 47.407202110892129 ], [ -70.375167981192121, 47.404346162746364 ], [ -70.375622119225042, 47.399168027240037 ], [ -70.382453511274946, 47.396845743723603 ] ] ] } },
{ "type": "Feature", "properties": { "hex_id": 863422, "centroid_lon": -70.380639024638143, "centroid_lat": 47.417558446033162, "occurrences_today": 16, "datetimes_today": "2026-08-21 19:13:27, 2026-08-21 19:31:56, 2026-08-21 19:57:57, 2026-08-21 20:17:05, 2026-08-21 20:32:12, 2026-08-21 20:46:51, 2026-08-21 21:01:46, 2026-08-21 21:21:27, 2026-08-21 21:31:41, 2026-08-21 21:46:38, 2026-08-21 22:01:50, 2026-08-21 22:32:24, 2026-08-21 22:46:49, 2026-08-21 23:01:48, 2026-08-21 23:32:25, 2026-08-21 23:46:58", "cumulative_total": 61.0 }, "geometry": { "type": "Polygon", "coordinates": [ [ [ -70.38109283622525, 47.412380282466664 ], [ -70.38747266273019, 47.415235941192961 ], [ -70.387019431352314, 47.420414148793185 ], [ -70.380185086358267, 47.422736601590493 ], [ -70.373804806359132, 47.419880521166952 ], [ -70.374259324803731, 47.414702409710991 ], [ -70.38109283622525, 47.412380282466664 ] ] ] } },
{ "type": "Feature", "properties": { "hex_id": 863423, "centroid_lon": -70.379276829541951, "centroid_lat": 47.433092888672881, "occurrences_today": 13, "datetimes_today": "2026-08-21 19:13:27, 2026-08-21 19:31:56, 2026-08-21 19:57:57, 2026-08-21 20:17:05, 2026-08-21 20:32:12, 2026-08-21 20:46:51, 2026-08-21 21:01:46, 2026-08-21 21:21:27, 2026-08-21 21:31:41, 2026-08-21 21:46:38, 2026-08-21 22:01:50, 2026-08-21 22:32:24, 2026-08-21 22:46:49", "cumulative_total": 32.0 }, "geometry": { "type": "Polygon", "coordinates": [ [ [ -70.379731021341044, 47.427914749137436 ], [ -70.386112588940975, 47.430770539991116 ], [ -70.385658977818508, 47.435948723586513 ], [ -70.378822510916407, 47.438271020195614 ], [ -70.372440489488596, 47.435414807415526 ], [ -70.372895388746187, 47.430236720020396 ], [ -70.379731021341044, 47.427914749137436 ] ] ] } },
{ "type": "Feature", "properties": { "hex_id": 863424, "centroid_lon": -70.377913493007469, "centroid_lat": 47.448627259198396, "occurrences_today": 13, "datetimes_today": "2026-08-21 19:13:27, 2026-08-21 19:31:56, 2026-08-21 19:57:57, 2026-08-21 20:17:05, 2026-08-21 20:32:12, 2026-08-21 20:46:51, 2026-08-21 21:01:46, 2026-08-21 21:21:27, 2026-08-21 21:31:41, 2026-08-21 21:46:38, 2026-08-21 22:01:50, 2026-08-21 22:32:24, 2026-08-21 22:46:49", "cumulative_total": 48.0 }, "geometry": { "type": "Polygon", "coordinates": [ [ [ -70.378368065419778, 47.443449143704505 ], [ -70.384751375517354, 47.446305066764339 ], [ -70.384297384249507, 47.451483226344443 ], [ -70.377458793634801, 47.453805366676072 ], [ -70.371075029375419, 47.450949021460474 ], [ -70.371530309847898, 47.445770958136734 ], [ -70.378368065419778, 47.443449143704505 ] ] ] } },
{ "type": "Feature", "properties": { "hex_id": 863425, "centroid_lon": -70.376549013829759, "centroid_lat": 47.464161557578251, "occurrences_today": 13, "datetimes_today": "2026-08-21 19:13:27, 2026-08-21 19:31:56, 2026-08-21 19:57:57, 2026-08-21 20:17:05, 2026-08-21 20:32:12, 2026-08-21 20:46:51, 2026-08-21 21:01:46, 2026-08-21 21:21:27, 2026-08-21 21:31:41, 2026-08-21 21:46:38, 2026-08-21 22:01:50, 2026-08-21 22:32:24, 2026-08-21 22:46:49", "cumulative_total": 38.0 }, "geometry": { "type": "Polygon", "coordinates": [ [ [ -70.377003967257124, 47.458983466136424 ], [ -70.383389021256349, 47.461839521481252 ], [ -70.382934649441751, 47.467017657035619 ], [ -70.376093933307956, 47.469339641000388 ], [ -70.369708424812728, 47.46648316327029 ], [ -70.370164086902591, 47.461305124028428 ], [ -70.377003967257124, 47.458983466136424 ] ] ] } },
{ "type": "Feature", "properties": { "hex_id": 864030, "centroid_lon": -70.377437404653421, "centroid_lat": 47.378455405081894, "occurrences_today": 1, "datetimes_today": "2026-08-21 19:13:27", "cumulative_total": 47.0 }, "geometry": { "type": "Polygon", "coordinates": [ [ [ -70.377890909557067, 47.373277229514969 ], [ -70.384265973673834, 47.376132913341358 ], [ -70.383813047690921, 47.381311132939665 ], [ -70.376983773212856, 47.383633572639027 ], [ -70.370608256734499, 47.380777467640812 ], [ -70.371062467051374, 47.375599344182596 ], [ -70.377890909557067, 47.373277229514969 ] ] ] } },
{ "type": "Feature", "properties": { "hex_id": 864031, "centroid_lon": -70.376076130543126, "centroid_lat": 47.393989883719271, "occurrences_today": 16, "datetimes_today": "2026-08-21 19:13:27, 2026-08-21 19:31:56, 2026-08-21 19:57:57, 2026-08-21 20:17:05, 2026-08-21 20:32:12, 2026-08-21 20:46:51, 2026-08-21 21:01:46, 2026-08-21 21:21:27, 2026-08-21 21:31:41, 2026-08-21 21:46:38, 2026-08-21 22:01:50, 2026-08-21 22:32:24, 2026-08-21 22:46:49, 2026-08-21 23:01:48, 2026-08-21 23:32:25, 2026-08-21 23:46:58", "cumulative_total": 77.0 }, "geometry": { "type": "Polygon", "coordinates": [ [ [ -70.376530015190909, 47.388811732185211 ], [ -70.382906816535893, 47.391667548131956 ], [ -70.382453511274946, 47.396845743723603 ], [ -70.375622119225042, 47.399168027240037 ], [ -70.369244865185777, 47.396311789892572 ], [ -70.369699455846231, 47.391133690496979 ], [ -70.376530015190909, 47.388811732185211 ] ] ] } },
{ "type": "Feature", "properties": { "hex_id": 864032, "centroid_lon": -70.374713716399881, "centroid_lat": 47.409524290237066, "occurrences_today": 16, "datetimes_today": "2026-08-21 19:13:27, 2026-08-21 19:31:56, 2026-08-21 19:57:57, 2026-08-21 20:17:05, 2026-08-21 20:32:12, 2026-08-21 20:46:51, 2026-08-21 21:01:46, 2026-08-21 21:21:27, 2026-08-21 21:31:41, 2026-08-21 21:46:38, 2026-08-21 22:01:50, 2026-08-21 22:32:24, 2026-08-21 22:46:49, 2026-08-21 23:01:48, 2026-08-21 23:32:25, 2026-08-21 23:46:58", "cumulative_total": 51.0 }, "geometry": { "type": "Polygon", "coordinates": [ [ [ -70.375167981192121, 47.404346162746364 ], [ -70.381546521164097, 47.407202110892129 ], [ -70.38109283622525, 47.412380282466664 ], [ -70.374259324803731, 47.414702409710991 ], [ -70.367880331804514, 47.411846039935511 ], [ -70.368335303209506, 47.406667964613007 ], [ -70.375167981192121, 47.404346162746364 ] ] ] } },
{ "type": "Feature", "properties": { "hex_id": 864033, "centroid_lon": -70.373350161021492, "centroid_lat": 47.425058624603821, "occurrences_today": 16, "datetimes_today": "2026-08-21 19:13:27, 2026-08-21 19:31:56, 2026-08-21 19:57:57, 2026-08-21 20:17:05, 2026-08-21 20:32:12, 2026-08-21 20:46:51, 2026-08-21 21:01:46, 2026-08-21 21:21:27, 2026-08-21 21:31:41, 2026-08-21 21:46:38, 2026-08-21 22:01:50, 2026-08-21 22:32:24, 2026-08-21 22:46:49, 2026-08-21 23:01:48, 2026-08-21 23:32:25, 2026-08-21 23:46:58", "cumulative_total": 61.0 }, "geometry": { "type": "Polygon", "coordinates": [ [ [ -70.373804806359132, 47.419880521166952 ], [ -70.380185086358267, 47.422736601590493 ], [ -70.379731021341044, 47.427914749137436 ], [ -70.372895388746187, 47.430236720020396 ], [ -70.366514655386609, 47.427380217737984 ], [ -70.366970007937709, 47.422202166499162 ], [ -70.373804806359132, 47.419880521166952 ] ] ] } },
{ "type": "Feature", "properties": { "hex_id": 864034, "centroid_lon": -70.371985463204055, "centroid_lat": 47.440592886788025, "occurrences_today": 13, "datetimes_today": "2026-08-21 19:13:27, 2026-08-21 19:31:56, 2026-08-21 19:57:57, 2026-08-21 20:17:05, 2026-08-21 20:32:12, 2026-08-21 20:46:51, 2026-08-21 21:01:46, 2026-08-21 21:21:27, 2026-08-21 21:31:41, 2026-08-21 21:46:38, 2026-08-21 22:01:50, 2026-08-21 22:32:24, 2026-08-21 22:46:49", "cumulative_total": 32.0 }, "geometry": { "type": "Polygon", "coordinates": [ [ [ -70.372440489488596, 47.435414807415526 ], [ -70.378822510916407, 47.438271020195614 ], [ -70.378368065419778, 47.443449143704505 ], [ -70.371530309847898, 47.445770958136734 ], [ -70.365147834726159, 47.442914323268447 ], [ -70.365603568825549, 47.437736296123809 ], [ -70.372440489488596, 47.435414807415526 ] ] ] } },
{ "type": "Feature", "properties": { "hex_id": 864035, "centroid_lon": -70.370619621741909, "centroid_lat": 47.456127076758101, "occurrences_today": 13, "datetimes_today": "2026-08-21 19:13:27, 2026-08-21 19:31:56, 2026-08-21 19:57:57, 2026-08-21 20:17:05, 2026-08-21 20:32:12, 2026-08-21 20:46:51, 2026-08-21 21:01:46, 2026-08-21 21:21:27, 2026-08-21 21:31:41, 2026-08-21 21:46:38, 2026-08-21 22:01:50, 2026-08-21 22:32:24, 2026-08-21 22:46:49", "cumulative_total": 75.0 }, "geometry": { "type": "Polygon", "coordinates": [ [ [ -70.371075029375419, 47.450949021460474 ], [ -70.377458793634801, 47.453805366676072 ], [ -70.377003967257124, 47.458983466136424 ], [ -70.370164086902591, 47.461305124028428 ], [ -70.363779868615538, 47.458448356495204 ], [ -70.364235984665939, 47.453270353455309 ], [ -70.371075029375419, 47.450949021460474 ] ] ] } },
{ "type": "Feature", "properties": { "hex_id": 864641, "centroid_lon": -70.370153919680959, "centroid_lat": 47.385955583079323, "occurrences_today": 1, "datetimes_today": "2026-08-21 19:13:27", "cumulative_total": 47.0 }, "geometry": { "type": "Polygon", "coordinates": [ [ [ -70.370608256734499, 47.380777467640812 ], [ -70.376983773212856, 47.383633572639027 ], [ -70.376530015190909, 47.388811732185211 ], [ -70.369699455846231, 47.391133690496979 ], [ -70.363323487139709, 47.388277164165501 ], [ -70.363778529961522, 47.383099100923062 ], [ -70.370608256734499, 47.380777467640812 ] ] ] } },
{ "type": "Feature", "properties": { "hex_id": 864642, "centroid_lon": -70.368790147655062, "centroid_lat": 47.401489881264986, "occurrences_today": 16, "datetimes_today": "2026-08-21 19:13:27, 2026-08-21 19:31:56, 2026-08-21 19:57:57, 2026-08-21 20:17:05, 2026-08-21 20:32:12, 2026-08-21 20:46:51, 2026-08-21 21:01:46, 2026-08-21 21:21:27, 2026-08-21 21:31:41, 2026-08-21 21:46:38, 2026-08-21 22:01:50, 2026-08-21 22:32:24, 2026-08-21 22:46:49, 2026-08-21 23:01:48, 2026-08-21 23:32:25, 2026-08-21 23:46:58", "cumulative_total": 77.0 }, "geometry": { "type": "Polygon", "coordinates": [ [ [ -70.369244865185777, 47.396311789892572 ], [ -70.375622119225042, 47.399168027240037 ], [ -70.375167981192121, 47.404346162746364 ], [ -70.368335303209506, 47.406667964613007 ], [ -70.361957596609585, 47.403811305703357 ], [ -70.362413020508356, 47.398633266556836 ], [ -70.369244865185777, 47.396311789892572 ] ] ] } },
{ "type": "Feature", "properties": { "hex_id": 864643, "centroid_lon": -70.367425233395466, "centroid_lat": 47.417024107231271, "occurrences_today": 16, "datetimes_today": "2026-08-21 19:13:27, 2026-08-21 19:31:56, 2026-08-21 19:57:57, 2026-08-21 20:17:05, 2026-08-21 20:32:12, 2026-08-21 20:46:51, 2026-08-21 21:01:46, 2026-08-21 21:21:27, 2026-08-21 21:31:41, 2026-08-21 21:46:38, 2026-08-21 22:01:50, 2026-08-21 22:32:24, 2026-08-21 22:46:49, 2026-08-21 23:01:48, 2026-08-21 23:32:25, 2026-08-21 23:46:58", "cumulative_total": 61.0 }, "geometry": { "type": "Polygon", "coordinates": [ [ [ -70.367880331804514, 47.411846039935511 ], [ -70.374259324803731, 47.414702409710991 ], [ -70.373804806359132, 47.419880521166952 ], [ -70.366970007937709, 47.422202166499162 ], [ -70.360590562045076, 47.419345374932369 ], [ -70.361046367422631, 47.414167359892303 ], [ -70.367880331804514, 47.411846039935511 ] ] ] } },
{ "type": "Feature", "properties": { "hex_id": 864644, "centroid_lon": -70.366059175697458, "centroid_lat": 47.432558260946607, "occurrences_today": 13, "datetimes_today": "2026-08-21 19:13:27, 2026-08-21 19:31:56, 2026-08-21 19:57:57, 2026-08-21 20:17:05, 2026-08-21 20:32:12, 2026-08-21 20:46:51, 2026-08-21 21:01:46, 2026-08-21 21:21:27, 2026-08-21 21:31:41, 2026-08-21 21:46:38, 2026-08-21 22:01:50, 2026-08-21 22:32:24, 2026-08-21 22:46:49", "cumulative_total": 32.0 }, "geometry": { "type": "Polygon", "coordinates": [ [ [ -70.366514655386609, 47.427380217737984 ], [ -70.372895388746187, 47.430236720020396 ], [ -70.372440489488596, 47.435414807415526 ], [ -70.365603568825549, 47.437736296123809 ], [ -70.359222382239494, 47.43487937182087 ], [ -70.359678569498257, 47.429701380897832 ], [ -70.366514655386609, 47.427380217737984 ] ] ] } },
{ "type": "Feature", "properties": { "hex_id": 864645, "centroid_lon": -70.364691973354553, "centroid_lat": 47.44809234237934, "occurrences_today": 13, "datetimes_today": "2026-08-21 19:13:27, 2026-08-21 19:31:56, 2026-08-21 19:57:57, 2026-08-21 20:17:05, 2026-08-21 20:32:12, 2026-08-21 20:46:51, 2026-08-21 21:01:46, 2026-08-21 21:21:27, 2026-08-21 21:31:41, 2026-08-21 21:46:38, 2026-08-21 22:01:50, 2026-08-21 22:32:24, 2026-08-21 22:46:49", "cumulative_total": 45.0 }, "geometry": { "type": "Polygon", "coordinates": [ [ [ -70.365147834726159, 47.442914323268447 ], [ -70.371530309847898, 47.445770958136734 ], [ -70.371075029375419, 47.450949021460474 ], [ -70.364235984665939, 47.453270353455309 ], [ -70.357853055984449, 47.450413296337096 ], [ -70.358309625527411, 47.445235329541674 ], [ -70.365147834726159, 47.442914323268447 ] ] ] } },
{ "type": "Feature", "properties": { "hex_id": 864646, "centroid_lon": -70.363323625158515, "centroid_lat": 47.463626351497822, "occurrences_today": 13, "datetimes_today": "2026-08-21 19:13:27, 2026-08-21 19:31:56, 2026-08-21 19:57:57, 2026-08-21 20:17:05, 2026-08-21 20:32:12, 2026-08-21 20:46:51, 2026-08-21 21:01:46, 2026-08-21 21:21:27, 2026-08-21 21:31:41, 2026-08-21 21:46:38, 2026-08-21 22:01:50, 2026-08-21 22:32:24, 2026-08-21 22:46:49", "cumulative_total": 38.0 }, "geometry": { "type": "Polygon", "coordinates": [ [ [ -70.363779868615538, 47.458448356495204 ], [ -70.370164086902591, 47.461305124028428 ], [ -70.369708424812728, 47.46648316327029 ], [ -70.362867254250048, 47.468804338462014 ], [ -70.356482582069702, 47.465947148449303 ], [ -70.35693953430048, 47.460769205792076 ], [ -70.363779868615538, 47.458448356495204 ] ] ] } },
{ "type": "Feature", "properties": { "hex_id": 865252, "centroid_lon": -70.362868317336861, "centroid_lat": 47.393455219377145, "occurrences_today": 16, "datetimes_today": "2026-08-21 19:13:27, 2026-08-21 19:31:56, 2026-08-21 19:57:57, 2026-08-21 20:17:05, 2026-08-21 20:32:12, 2026-08-21 20:46:51, 2026-08-21 21:01:46, 2026-08-21 21:21:27, 2026-08-21 21:31:41, 2026-08-21 21:46:38, 2026-08-21 22:01:50, 2026-08-21 22:32:24, 2026-08-21 22:46:49, 2026-08-21 23:01:48, 2026-08-21 23:32:25, 2026-08-21 23:46:58", "cumulative_total": 77.0 }, "geometry": { "type": "Polygon", "coordinates": [ [ [ -70.363323487139709, 47.388277164165501 ], [ -70.369699455846231, 47.391133690496979 ], [ -70.369244865185777, 47.396311789892572 ], [ -70.362413020508356, 47.398633266556836 ], [ -70.356036599707394, 47.395776318730668 ], [ -70.356492475633686, 47.390598315802521 ], [ -70.363323487139709, 47.388277164165501 ] ] ] } },
{ "type": "Feature", "properties": { "hex_id": 865253, "centroid_lon": -70.361502045595898, "centroid_lat": 47.40898933681558, "occurrences_today": 16, "datetimes_today": "2026-08-21 19:13:27, 2026-08-21 19:31:56, 2026-08-21 19:57:57, 2026-08-21 20:17:05, 2026-08-21 20:32:12, 2026-08-21 20:46:51, 2026-08-21 21:01:46, 2026-08-21 21:21:27, 2026-08-21 21:31:41, 2026-08-21 21:46:38, 2026-08-21 22:01:50, 2026-08-21 22:32:24, 2026-08-21 22:46:49, 2026-08-21 23:01:48, 2026-08-21 23:32:25, 2026-08-21 23:46:58", "cumulative_total": 76.0 }, "geometry": { "type": "Polygon", "coordinates": [ [ [ -70.361957596609585, 47.403811305703357 ], [ -70.368335303209506, 47.406667964613007 ], [ -70.367880331804514, 47.411846039935511 ], [ -70.361046367422631, 47.414167359892303 ], [ -70.354668208395935, 47.41131027925892 ], [ -70.355124466133219, 47.406132300460058 ], [ -70.361957596609585, 47.403811305703357 ] ] ] } },
{ "type": "Feature", "properties": { "hex_id": 865254, "centroid_lon": -70.360134629418525, "centroid_lat": 47.424523381934605, "occurrences_today": 16, "datetimes_today": "2026-08-21 19:13:27, 2026-08-21 19:31:56, 2026-08-21 19:57:57, 2026-08-21 20:17:05, 2026-08-21 20:32:12, 2026-08-21 20:46:51, 2026-08-21 21:01:46, 2026-08-21 21:21:27, 2026-08-21 21:31:41, 2026-08-21 21:46:38, 2026-08-21 22:01:50, 2026-08-21 22:32:24, 2026-08-21 22:46:49, 2026-08-21 23:01:48, 2026-08-21 23:32:25, 2026-08-21 23:46:58", "cumulative_total": 61.0 }, "geometry": { "type": "Polygon", "coordinates": [ [ [ -70.360590562045076, 47.419345374932369 ], [ -70.366970007937709, 47.422202166499162 ], [ -70.366514655386609, 47.427380217737984 ], [ -70.359678569498257, 47.429701380897832 ], [ -70.353298670846272, 47.426844167378121 ], [ -70.353755310797226, 47.421666212719124 ], [ -70.360590562045076, 47.419345374932369 ] ] ] } },
{ "type": "Feature", "properties": { "hex_id": 865255, "centroid_lon": -70.358766067597486, "centroid_lat": 47.440057354702539, "occurrences_today": 13, "datetimes_today": "2026-08-21 19:13:27, 2026-08-21 19:31:56, 2026-08-21 19:57:57, 2026-08-21 20:17:05, 2026-08-21 20:32:12, 2026-08-21 20:46:51, 2026-08-21 21:01:46, 2026-08-21 21:21:27, 2026-08-21 21:31:41, 2026-08-21 21:46:38, 2026-08-21 22:01:50, 2026-08-21 22:32:24, 2026-08-21 22:46:49", "cumulative_total": 38.0 }, "geometry": { "type": "Polygon", "coordinates": [ [ [ -70.359222382239494, 47.43487937182087 ], [ -70.365603568825549, 47.437736296123809 ], [ -70.365147834726159, 47.442914323268447 ], [ -70.358309625527411, 47.445235329541674 ], [ -70.351927985849201, 47.442377983056467 ], [ -70.352385008417102, 47.437200052547979 ], [ -70.359222382239494, 47.43487937182087 ] ] ] } },
{ "type": "Feature", "properties": { "hex_id": 865256, "centroid_lon": -70.357396358923765, "centroid_lat": 47.455591255087619, "occurrences_today": 13, "datetimes_today": "2026-08-21 19:13:27, 2026-08-21 19:31:56, 2026-08-21 19:57:57, 2026-08-21 20:17:05, 2026-08-21 20:32:12, 2026-08-21 20:46:51, 2026-08-21 21:01:46, 2026-08-21 21:21:27, 2026-08-21 21:31:41, 2026-08-21 21:46:38, 2026-08-21 22:01:50, 2026-08-21 22:32:24, 2026-08-21 22:46:49", "cumulative_total": 45.0 }, "geometry": { "type": "Polygon", "coordinates": [ [ [ -70.357853055984449, 47.450413296337096 ], [ -70.364235984665939, 47.453270353455309 ], [ -70.363779868615538, 47.458448356495204 ], [ -70.35693953430048, 47.460769205792076 ], [ -70.350556152193732, 47.457911726262132 ], [ -70.351013557782423, 47.45273381991472 ], [ -70.357853055984449, 47.450413296337096 ] ] ] } },
{ "type": "Feature", "properties": { "hex_id": 865257, "centroid_lon": -70.35602550218654, "centroid_lat": 47.471125083058091, "occurrences_today": 13, "datetimes_today": "2026-08-21 19:13:27, 2026-08-21 19:31:56, 2026-08-21 19:57:57, 2026-08-21 20:17:05, 2026-08-21 20:32:12, 2026-08-21 20:46:51, 2026-08-21 21:01:46, 2026-08-21 21:21:27, 2026-08-21 21:31:41, 2026-08-21 21:46:38, 2026-08-21 22:01:50, 2026-08-21 22:32:24, 2026-08-21 22:46:49", "cumulative_total": 38.0 }, "geometry": { "type": "Polygon", "coordinates": [ [ [ -70.356482582069702, 47.465947148449303 ], [ -70.362867254250048, 47.468804338462014 ], [ -70.362410755845289, 47.473982317386572 ], [ -70.355568294606044, 47.47630300961729 ], [ -70.349183168667111, 47.473445396963214 ], [ -70.349640957681046, 47.468267514787563 ], [ -70.356482582069702, 47.465947148449303 ] ] ] } },
{ "type": "Feature", "properties": { "hex_id": 865863, "centroid_lon": -70.35558059655547, "centroid_lat": 47.400954313616914, "occurrences_today": 16, "datetimes_today": "2026-08-21 19:13:27, 2026-08-21 19:31:56, 2026-08-21 19:57:57, 2026-08-21 20:17:05, 2026-08-21 20:32:12, 2026-08-21 20:46:51, 2026-08-21 21:01:46, 2026-08-21 21:21:27, 2026-08-21 21:31:41, 2026-08-21 21:46:38, 2026-08-21 22:01:50, 2026-08-21 22:32:24, 2026-08-21 22:46:49, 2026-08-21 23:01:48, 2026-08-21 23:32:25, 2026-08-21 23:46:58", "cumulative_total": 76.0 }, "geometry": { "type": "Polygon", "coordinates": [ [ [ -70.356036599707394, 47.395776318730668 ], [ -70.362413020508356, 47.398633266556836 ], [ -70.361957596609585, 47.403811305703357 ], [ -70.355124466133219, 47.406132300460058 ], [ -70.348747593371783, 47.403274930977787 ], [ -70.349204303002466, 47.39809698846252 ], [ -70.356036599707394, 47.395776318730668 ] ] ] } },
{ "type": "Feature", "properties": { "hex_id": 865864, "centroid_lon": -70.354211823298854, "centroid_lat": 47.416488250012343, "occurrences_today": 16, "datetimes_today": "2026-08-21 19:13:27, 2026-08-21 19:31:56, 2026-08-21 19:57:57, 2026-08-21 20:17:05, 2026-08-21 20:32:12, 2026-08-21 20:46:51, 2026-08-21 21:01:46, 2026-08-21 21:21:27, 2026-08-21 21:31:41, 2026-08-21 21:46:38, 2026-08-21 22:01:50, 2026-08-21 22:32:24, 2026-08-21 22:46:49, 2026-08-21 23:01:48, 2026-08-21 23:32:25, 2026-08-21 23:46:58", "cumulative_total": 76.0 }, "geometry": { "type": "Polygon", "coordinates": [ [ [ -70.354668208395935, 47.41131027925892 ], [ -70.361046367422631, 47.414167359892303 ], [ -70.360590562045076, 47.419345374932369 ], [ -70.353755310797226, 47.421666212719124 ], [ -70.347376699477962, 47.418808710200487 ], [ -70.347833791654324, 47.41363079184795 ], [ -70.354668208395935, 47.41131027925892 ] ] ] } },
{ "type": "Feature", "properties": { "hex_id": 865866, "centroid_lon": -70.35147083565262, "centroid_lat": 47.447555905512459, "occurrences_today": 13, "datetimes_today": "2026-08-21 19:13:27, 2026-08-21 19:31:56, 2026-08-21 19:57:57, 2026-08-21 20:17:05, 2026-08-21 20:32:12, 2026-08-21 20:46:51, 2026-08-21 21:01:46, 2026-08-21 21:21:27, 2026-08-21 21:31:41, 2026-08-21 21:46:38, 2026-08-21 22:01:50, 2026-08-21 22:32:24, 2026-08-21 22:46:49", "cumulative_total": 38.0 }, "geometry": { "type": "Polygon", "coordinates": [ [ [ -70.351927985849201, 47.442377983056467 ], [ -70.358309625527411, 47.445235329541674 ], [ -70.357853055984449, 47.450413296337096 ], [ -70.351013557782423, 47.45273381991472 ], [ -70.344631465146634, 47.449876051085567 ], [ -70.345089323625544, 47.444698181090409 ], [ -70.351927985849201, 47.442377983056467 ] ] ] } },
{ "type": "Feature", "properties": { "hex_id": 865867, "centroid_lon": -70.350098618841599, "centroid_lat": 47.463089624553469, "occurrences_today": 13, "datetimes_today": "2026-08-21 19:13:27, 2026-08-21 19:31:56, 2026-08-21 19:57:57, 2026-08-21 20:17:05, 2026-08-21 20:32:12, 2026-08-21 20:46:51, 2026-08-21 21:01:46, 2026-08-21 21:21:27, 2026-08-21 21:31:41, 2026-08-21 21:46:38, 2026-08-21 22:01:50, 2026-08-21 22:32:24, 2026-08-21 22:46:49", "cumulative_total": 58.0 }, "geometry": { "type": "Polygon", "coordinates": [ [ [ -70.350556152193732, 47.457911726262132 ], [ -70.35693953430048, 47.460769205792076 ], [ -70.356482582069702, 47.465947148449303 ], [ -70.349640957681046, 47.468267514787563 ], [ -70.343257122283831, 47.46540961268407 ], [ -70.34371536452079, 47.460231766883581 ], [ -70.350556152193732, 47.457911726262132 ] ] ] } },
{ "type": "Feature", "properties": { "hex_id": 866474, "centroid_lon": -70.348290756270671, "centroid_lat": 47.40845286543999, "occurrences_today": 16, "datetimes_today": "2026-08-21 19:13:27, 2026-08-21 19:31:56, 2026-08-21 19:57:57, 2026-08-21 20:17:05, 2026-08-21 20:32:12, 2026-08-21 20:46:51, 2026-08-21 21:01:46, 2026-08-21 21:21:27, 2026-08-21 21:31:41, 2026-08-21 21:46:38, 2026-08-21 22:01:50, 2026-08-21 22:32:24, 2026-08-21 22:46:49, 2026-08-21 23:01:48, 2026-08-21 23:32:25, 2026-08-21 23:46:58", "cumulative_total": 76.0 }, "geometry": { "type": "Polygon", "coordinates": [ [ [ -70.348747593371783, 47.403274930977787 ], [ -70.355124466133219, 47.406132300460058 ], [ -70.354668208395935, 47.41131027925892 ], [ -70.347833791654324, 47.41363079184795 ], [ -70.341456467066692, 47.410773000548097 ], [ -70.341914011002046, 47.405595118544376 ], [ -70.348747593371783, 47.403274930977787 ] ] ] } },
{ "type": "Feature", "properties": { "hex_id": 866475, "centroid_lon": -70.346919479696709, "centroid_lat": 47.423986620496429, "occurrences_today": 16, "datetimes_today": "2026-08-21 19:13:27, 2026-08-21 19:31:56, 2026-08-21 19:57:57, 2026-08-21 20:17:05, 2026-08-21 20:32:12, 2026-08-21 20:46:51, 2026-08-21 21:01:46, 2026-08-21 21:21:27, 2026-08-21 21:31:41, 2026-08-21 21:46:38, 2026-08-21 22:01:50, 2026-08-21 22:32:24, 2026-08-21 22:46:49, 2026-08-21 23:01:48, 2026-08-21 23:32:25, 2026-08-21 23:46:58", "cumulative_total": 61.0 }, "geometry": { "type": "Polygon", "coordinates": [ [ [ -70.347376699477962, 47.418808710200487 ], [ -70.353755310797226, 47.421666212719124 ], [ -70.353298670846272, 47.426844167378121 ], [ -70.346462132265742, 47.429164522734567 ], [ -70.340083068788346, 47.426306598169091 ], [ -70.340540996004748, 47.421128740361638 ], [ -70.347376699477962, 47.418808710200487 ] ] ] } },
{ "type": "Feature", "properties": { "hex_id": 866477, "centroid_lon": -70.34417347879338, "centroid_lat": 47.455053913017018, "occurrences_today": 13, "datetimes_today": "2026-08-21 19:13:27, 2026-08-21 19:31:56, 2026-08-21 19:57:57, 2026-08-21 20:17:05, 2026-08-21 20:32:12, 2026-08-21 20:46:51, 2026-08-21 21:01:46, 2026-08-21 21:21:27, 2026-08-21 21:31:41, 2026-08-21 21:46:38, 2026-08-21 22:01:50, 2026-08-21 22:32:24, 2026-08-21 22:46:49", "cumulative_total": 38.0 }, "geometry": { "type": "Polygon", "coordinates": [ [ [ -70.344631465146634, 47.449876051085567 ], [ -70.351013557782423, 47.45273381991472 ], [ -70.350556152193732, 47.457911726262132 ], [ -70.34371536452079, 47.460231766883581 ], [ -70.337332819062269, 47.457373575548715 ], [ -70.337791514054416, 47.452195766165801 ], [ -70.344631465146634, 47.449876051085567 ] ] ] } },
{ "type": "Feature", "properties": { "hex_id": 867085, "centroid_lon": -70.340998795415885, "centroid_lat": 47.415950874487578, "occurrences_today": 16, "datetimes_today": "2026-08-21 19:13:27, 2026-08-21 19:31:56, 2026-08-21 19:57:57, 2026-08-21 20:17:05, 2026-08-21 20:32:12, 2026-08-21 20:46:51, 2026-08-21 21:01:46, 2026-08-21 21:21:27, 2026-08-21 21:31:41, 2026-08-21 21:46:38, 2026-08-21 22:01:50, 2026-08-21 22:32:24, 2026-08-21 22:46:49, 2026-08-21 23:01:48, 2026-08-21 23:32:25, 2026-08-21 23:46:58", "cumulative_total": 76.0 }, "geometry": { "type": "Polygon", "coordinates": [ [ [ -70.341456467066692, 47.410773000548097 ], [ -70.347833791654324, 47.41363079184795 ], [ -70.347376699477962, 47.418808710200487 ], [ -70.340540996004748, 47.421128740361638 ], [ -70.33416321972544, 47.418270527082711 ], [ -70.334621598566116, 47.413092705689301 ], [ -70.341456467066692, 47.410773000548097 ] ] ] } },
{ "type": "Feature", "properties": { "hex_id": 867086, "centroid_lon": -70.339625013721786, "centroid_lat": 47.431484447908787, "occurrences_today": 16, "datetimes_today": "2026-08-21 19:13:27, 2026-08-21 19:31:56, 2026-08-21 19:57:57, 2026-08-21 20:17:05, 2026-08-21 20:32:12, 2026-08-21 20:46:51, 2026-08-21 21:01:46, 2026-08-21 21:21:27, 2026-08-21 21:31:41, 2026-08-21 21:46:38, 2026-08-21 22:01:50, 2026-08-21 22:32:24, 2026-08-21 22:46:49, 2026-08-21 23:01:48, 2026-08-21 23:32:25, 2026-08-21 23:46:58", "cumulative_total": 67.0 }, "geometry": { "type": "Polygon", "coordinates": [ [ [ -70.340083068788346, 47.426306598169091 ], [ -70.346462132265742, 47.429164522734567 ], [ -70.346004657140156, 47.434342416913729 ], [ -70.339166830760107, 47.436662289579466 ], [ -70.332787315259338, 47.433803942805625 ], [ -70.333246078117028, 47.428626145642063 ], [ -70.340083068788346, 47.426306598169091 ] ] ] } },
{ "type": "Feature", "properties": { "hex_id": 867696, "centroid_lon": -70.333704712924074, "centroid_lat": 47.423448340400697, "occurrences_today": 16, "datetimes_today": "2026-08-21 19:13:27, 2026-08-21 19:31:56, 2026-08-21 19:57:57, 2026-08-21 20:17:05, 2026-08-21 20:32:12, 2026-08-21 20:46:51, 2026-08-21 21:01:46, 2026-08-21 21:21:27, 2026-08-21 21:31:41, 2026-08-21 21:46:38, 2026-08-21 22:01:50, 2026-08-21 22:32:24, 2026-08-21 22:46:49, 2026-08-21 23:01:48, 2026-08-21 23:32:25, 2026-08-21 23:46:58", "cumulative_total": 87.0 }, "geometry": { "type": "Polygon", "coordinates": [ [ [ -70.33416321972544, 47.418270527082711 ], [ -70.340540996004748, 47.421128740361638 ], [ -70.340083068788346, 47.426306598169091 ], [ -70.333246078117028, 47.428626145642063 ], [ -70.326867850280919, 47.425767510222535 ], [ -70.327327064627951, 47.420589749538259 ], [ -70.33416321972544, 47.418270527082711 ] ] ] } },
{ "type": "Feature", "properties": { "hex_id": 582478, "centroid_lon": -73.478315535347122, "centroid_lat": 45.723615646305539, "occurrences_today": 5, "datetimes_today": "2026-08-21 03:01:52, 2026-08-21 03:15:11, 2026-08-21 03:31:57, 2026-08-21 03:48:01, 2026-08-21 04:16:56", "cumulative_total": 337.0 }, "geometry": { "type": "Polygon", "coordinates": [ [ [ -73.478456580495433, 45.718420875502524 ], [ -73.484808846281624, 45.72110363963624 ], [ -73.48466837670685, 45.726298423281662 ], [ -73.478174451580173, 45.728810412025098 ], [ -73.471821648845605, 45.726127275317864 ], [ -73.471963308173059, 45.720932522505699 ], [ -73.478456580495433, 45.718420875502524 ] ] ] } },
{ "type": "Feature", "properties": { "hex_id": 565413, "centroid_lon": -73.647218956160074, "centroid_lat": 46.177831200734239, "occurrences_today": 13, "datetimes_today": "2026-08-21 12:02:03, 2026-08-21 12:16:43, 2026-08-21 12:31:50, 2026-08-21 12:46:48, 2026-08-21 13:01:53, 2026-08-21 13:16:57, 2026-08-21 13:31:42, 2026-08-21 13:46:54, 2026-08-21 14:16:48, 2026-08-21 14:31:53, 2026-08-21 14:46:42, 2026-08-21 15:01:45, 2026-08-21 15:17:04", "cumulative_total": 129.0 }, "geometry": { "type": "Polygon", "coordinates": [ [ [ -73.647346350301135, 46.172636459790091 ], [ -73.653758594591778, 46.175310290580079 ], [ -73.653631792425628, 46.180505042801492 ], [ -73.647091526936563, 46.183025936664087 ], [ -73.640678725759415, 46.180351729032807 ], [ -73.640806746945856, 46.175157004446284 ], [ -73.647346350301135, 46.172636459790091 ] ] ] } },
{ "type": "Feature", "properties": { "hex_id": 524450, "centroid_lon": -74.096257145653567, "centroid_lat": 45.254666188882751, "occurrences_today": 2, "datetimes_today": "2026-08-21 23:32:25, 2026-08-21 23:46:58", "cumulative_total": 55.0 }, "geometry": { "type": "Polygon", "coordinates": [ [ [ -74.096339561989566, 45.249469801707889 ], [ -74.102669518030851, 45.2521182330239 ], [ -74.102587671403114, 45.257314626818172 ], [ -74.09617470687337, 45.25986257119164 ], [ -74.089844203571744, 45.257213779054084 ], [ -74.089927212052729, 45.252017403428617 ], [ -74.096339561989566, 45.249469801707889 ] ] ] } },
{ "type": "Feature", "properties": { "hex_id": 511031, "centroid_lon": -74.233913174396562, "centroid_lat": 45.442762762694834, "occurrences_today": 8, "datetimes_today": "2026-08-21 11:00:53, 2026-08-21 11:17:01, 2026-08-21 11:34:22, 2026-08-21 11:47:06, 2026-08-21 12:02:03, 2026-08-21 12:16:43, 2026-08-21 12:31:50, 2026-08-21 12:46:48", "cumulative_total": 240.0 }, "geometry": { "type": "Polygon", "coordinates": [ [ [ -74.233983497536116, 45.437566365157487 ], [ -74.240340857627302, 45.440207259307947 ], [ -74.240271111663205, 45.445403662122665 ], [ -74.233842832062663, 45.447959155399033 ], [ -74.227484913993578, 45.445317899397594 ], [ -74.22755583349651, 45.440121512035212 ], [ -74.233983497536116, 45.437566365157487 ] ] ] } },
{ "type": "Feature", "properties": { "hex_id": 988120, "centroid_lon": -68.742640771371669, "centroid_lat": 49.772235570246401, "occurrences_today": 7, "datetimes_today": "2026-08-21 12:46:48, 2026-08-21 13:46:54, 2026-08-21 14:16:48, 2026-08-21 14:31:53, 2026-08-21 14:46:42, 2026-08-21 15:01:45, 2026-08-21 15:17:04", "cumulative_total": 126.0 }, "geometry": { "type": "Polygon", "coordinates": [ [ [ -68.743307917322724, 49.767073614082257 ], [ -68.749876614672218, 49.770028594811322 ], [ -68.749210096762965, 49.77519061326813 ], [ -68.74197343283835, 49.77739751520361 ], [ -68.735404300065269, 49.774442065800955 ], [ -68.736072266568542, 49.769280183209013 ], [ -68.743307917322724, 49.767073614082257 ] ] ] } },
{ "type": "Feature", "properties": { "hex_id": 988729, "centroid_lon": -68.738742205784305, "centroid_lat": 49.748632540665902, "occurrences_today": 7, "datetimes_today": "2026-08-21 12:46:48, 2026-08-21 13:46:54, 2026-08-21 14:16:48, 2026-08-21 14:31:53, 2026-08-21 14:46:42, 2026-08-21 15:01:45, 2026-08-21 15:17:04", "cumulative_total": 126.0 }, "geometry": { "type": "Polygon", "coordinates": [ [ [ -68.739409209248109, 49.743470601998517 ], [ -68.745974576740409, 49.74642567740522 ], [ -68.74530820040043, 49.751587678372665 ], [ -68.738075009856246, 49.753794468123111 ], [ -68.731509207740231, 49.750838924386372 ], [ -68.732177030720379, 49.745677059301784 ], [ -68.739409209248109, 49.743470601998517 ] ] ] } },
{ "type": "Feature", "properties": { "hex_id": 988730, "centroid_lon": -68.7367400403202, "centroid_lat": 49.764118289397103, "occurrences_today": 7, "datetimes_today": "2026-08-21 12:46:48, 2026-08-21 13:46:54, 2026-08-21 14:16:48, 2026-08-21 14:31:53, 2026-08-21 14:46:42, 2026-08-21 15:01:45, 2026-08-21 15:17:04", "cumulative_total": 131.0 }, "geometry": { "type": "Polygon", "coordinates": [ [ [ -68.737407621392137, 49.758956384367636 ], [ -68.743974870763338, 49.761911646713621 ], [ -68.743307917322724, 49.767073614082257 ], [ -68.736072266568542, 49.769280183209013 ], [ -68.729504582281635, 49.76632445227618 ], [ -68.730172983592766, 49.761162620876014 ], [ -68.737407621392137, 49.758956384367636 ] ] ] } },
{ "type": "Feature", "properties": { "hex_id": 989340, "centroid_lon": -68.730841192054982, "centroid_lat": 49.756000778245266, "occurrences_today": 7, "datetimes_today": "2026-08-21 12:46:48, 2026-08-21 13:46:54, 2026-08-21 14:16:48, 2026-08-21 14:31:53, 2026-08-21 14:46:42, 2026-08-21 15:01:45, 2026-08-21 15:17:04", "cumulative_total": 126.0 }, "geometry": { "type": "Polygon", "coordinates": [ [ [ -68.731509207740231, 49.750838924386372 ], [ -68.738075009856246, 49.753794468123111 ], [ -68.737407621392137, 49.758956384367636 ], [ -68.730172983592766, 49.761162620876014 ], [ -68.72360674706853, 49.758206608639178 ], [ -68.724275582680022, 49.753044828466635 ], [ -68.731509207740231, 49.750838924386372 ] ] ] } },
{ "type": "Feature", "properties": { "hex_id": 989341, "centroid_lon": -68.728835988049681, "centroid_lat": 49.771486272443312, "occurrences_today": 7, "datetimes_today": "2026-08-21 12:46:48, 2026-08-21 13:46:54, 2026-08-21 14:16:48, 2026-08-21 14:31:53, 2026-08-21 14:46:42, 2026-08-21 15:01:45, 2026-08-21 15:17:04", "cumulative_total": 126.0 }, "geometry": { "type": "Polygon", "coordinates": [ [ [ -68.729504582281635, 49.76632445227618 ], [ -68.736072266568542, 49.769280183209013 ], [ -68.735404300065269, 49.774442065800955 ], [ -68.728167200824899, 49.776648081374937 ], [ -68.721599081838136, 49.773691881685075 ], [ -68.722268496719622, 49.768530135250863 ], [ -68.729504582281635, 49.76632445227618 ] ] ] } },
{ "type": "Feature", "properties": { "hex_id": 989950, "centroid_lon": -68.724944225345482, "centroid_lat": 49.747883037052858, "occurrences_today": 7, "datetimes_today": "2026-08-21 12:46:48, 2026-08-21 13:46:54, 2026-08-21 14:16:48, 2026-08-21 14:31:53, 2026-08-21 14:46:42, 2026-08-21 15:01:45, 2026-08-21 15:17:04", "cumulative_total": 126.0 }, "geometry": { "type": "Polygon", "coordinates": [ [ [ -68.725612675136873, 49.742721234400356 ], [ -68.732177030720379, 49.745677059301784 ], [ -68.731509207740231, 49.750838924386372 ], [ -68.724275582680022, 49.753044828466635 ], [ -68.717710793195309, 49.750088535151825 ], [ -68.718380062600104, 49.744926806242681 ], [ -68.725612675136873, 49.742721234400356 ] ] ] } },
{ "type": "Feature", "properties": { "hex_id": 989951, "centroid_lon": -68.72293771843907, "centroid_lat": 49.763368377568078, "occurrences_today": 7, "datetimes_today": "2026-08-21 12:46:48, 2026-08-21 13:46:54, 2026-08-21 14:16:48, 2026-08-21 14:31:53, 2026-08-21 14:46:42, 2026-08-21 15:01:45, 2026-08-21 15:17:04", "cumulative_total": 126.0 }, "geometry": { "type": "Polygon", "coordinates": [ [ [ -68.72360674706853, 49.758206608639178 ], [ -68.730172983592766, 49.761162620876014 ], [ -68.729504582281635, 49.76632445227618 ], [ -68.722268496719622, 49.768530135250863 ], [ -68.715701826003041, 49.765573654343797 ], [ -68.716371674968812, 49.760411959204859 ], [ -68.72360674706853, 49.758206608639178 ] ] ] } },
{ "type": "Feature", "properties": { "hex_id": 990560, "centroid_lon": -68.719049138961935, "centroid_lat": 49.739765066081709, "occurrences_today": 7, "datetimes_today": "2026-08-21 12:46:48, 2026-08-21 13:46:54, 2026-08-21 14:16:48, 2026-08-21 14:31:53, 2026-08-21 14:46:42, 2026-08-21 15:01:45, 2026-08-21 15:17:04", "cumulative_total": 126.0 }, "geometry": { "type": "Polygon", "coordinates": [ [ [ -68.719718022352765, 49.734603314671347 ], [ -68.726280932126073, 49.737559420511538 ], [ -68.725612675136873, 49.742721234400356 ], [ -68.718380062600104, 49.744926806242681 ], [ -68.71181671943215, 49.741970232075886 ], [ -68.712486422123675, 49.736808554465867 ], [ -68.719718022352765, 49.734603314671347 ] ] ] } },
{ "type": "Feature", "properties": { "hex_id": 990561, "centroid_lon": -68.717041330675542, "centroid_lat": 49.755250252806718, "occurrences_today": 7, "datetimes_today": "2026-08-21 12:46:48, 2026-08-21 13:46:54, 2026-08-21 14:16:48, 2026-08-21 14:31:53, 2026-08-21 14:46:42, 2026-08-21 15:01:45, 2026-08-21 15:17:04", "cumulative_total": 126.0 }, "geometry": { "type": "Polygon", "coordinates": [ [ [ -68.717710793195309, 49.750088535151825 ], [ -68.724275582680022, 49.753044828466635 ], [ -68.72360674706853, 49.758206608639178 ], [ -68.716371674968812, 49.760411959204859 ], [ -68.709806451798826, 49.757455197306683 ], [ -68.710476734341782, 49.75229355349876 ], [ -68.717710793195309, 49.750088535151825 ] ] ] } },
{ "type": "Feature", "properties": { "hex_id": 991171, "centroid_lon": -68.711146823528864, "centroid_lat": 49.747131898420982, "occurrences_today": 7, "datetimes_today": "2026-08-21 12:46:48, 2026-08-21 13:46:54, 2026-08-21 14:16:48, 2026-08-21 14:31:53, 2026-08-21 14:46:42, 2026-08-21 15:01:45, 2026-08-21 15:17:04", "cumulative_total": 126.0 }, "geometry": { "type": "Polygon", "coordinates": [ [ [ -68.71181671943215, 49.741970232075886 ], [ -68.718380062600104, 49.744926806242681 ], [ -68.717710793195309, 49.750088535151825 ], [ -68.710476734341782, 49.75229355349876 ], [ -68.7039129579952, 49.749336510835398 ], [ -68.704583673608695, 49.744174918394201 ], [ -68.71181671943215, 49.741970232075886 ] ] ] } },
{ "type": "Feature", "properties": { "hex_id": 991781, "centroid_lon": -68.705254195769641, "centroid_lat": 49.73901331467254, "occurrences_today": 7, "datetimes_today": "2026-08-21 12:46:48, 2026-08-21 13:46:54, 2026-08-21 14:16:48, 2026-08-21 14:31:53, 2026-08-21 14:46:42, 2026-08-21 15:01:45, 2026-08-21 15:17:04", "cumulative_total": 126.0 }, "geometry": { "type": "Polygon", "coordinates": [ [ [ -68.705924524550127, 49.733851699672876 ], [ -68.712486422123675, 49.736808554465867 ], [ -68.71181671943215, 49.741970232075886 ], [ -68.704583673608695, 49.744174918394201 ], [ -68.698021343362669, 49.741217595191522 ], [ -68.698692491540498, 49.736056054152705 ], [ -68.705924524550127, 49.733851699672876 ] ] ] } },
{ "type": "Feature", "properties": { "hex_id": 992391, "centroid_lon": -68.699363446169258, "centroid_lat": 49.730894501822803, "occurrences_today": 7, "datetimes_today": "2026-08-21 12:46:48, 2026-08-21 13:46:54, 2026-08-21 14:16:48, 2026-08-21 14:31:53, 2026-08-21 14:46:42, 2026-08-21 15:01:45, 2026-08-21 15:17:04", "cumulative_total": 126.0 }, "geometry": { "type": "Polygon", "coordinates": [ [ [ -68.700034207321067, 49.725732938204303 ], [ -68.706594660022205, 49.728690073397722 ], [ -68.705924524550127, 49.733851699672876 ], [ -68.698692491540498, 49.736056054152705 ], [ -68.692131606672646, 49.733098450636419 ], [ -68.692803186909032, 49.727936961035631 ], [ -68.700034207321067, 49.725732938204303 ] ] ] } },
{ "type": "Feature", "properties": { "hex_id": 591047, "centroid_lon": -73.378445905483517, "centroid_lat": 46.065211219471209, "occurrences_today": 5, "datetimes_today": "2026-08-21 14:31:53, 2026-08-21 14:46:42, 2026-08-21 15:01:45, 2026-08-21 15:17:04, 2026-08-21 15:31:51", "cumulative_total": 37.0 }, "geometry": { "type": "Polygon", "coordinates": [ [ [ -73.378598005829787, 46.060017009285652 ], [ -73.384983932213316, 46.062705627710457 ], [ -73.384832416553465, 46.067899851824279 ], [ -73.378293763316066, 46.070405424525376 ], [ -73.371907294074418, 46.06771642820005 ], [ -73.372060020914049, 46.062522237139916 ], [ -73.378598005829787, 46.060017009285652 ] ] ] } },
{ "type": "Feature", "properties": { "hex_id": 591657, "centroid_lon": -73.37221270577335, "centroid_lat": 46.057328040945308, "occurrences_today": 5, "datetimes_today": "2026-08-21 14:31:53, 2026-08-21 14:46:42, 2026-08-21 15:01:45, 2026-08-21 15:17:04, 2026-08-21 15:31:51", "cumulative_total": 139.0 }, "geometry": { "type": "Polygon", "coordinates": [ [ [ -73.372365348666605, 46.052133839616367 ], [ -73.378750064369115, 46.054822793968761 ], [ -73.378598005829787, 46.060017009285652 ], [ -73.372060020914049, 46.062522237139916 ], [ -73.365674762830793, 46.059832904931277 ], [ -73.365828032029739, 46.054638722790351 ], [ -73.372365348666605, 46.052133839616367 ] ] ] } },
{ "type": "Feature", "properties": { "hex_id": 791948, "centroid_lon": -71.204948669898513, "centroid_lat": 46.738583071744969, "occurrences_today": 1, "datetimes_today": "2026-08-21 02:46:57", "cumulative_total": 250.0 }, "geometry": { "type": "Polygon", "coordinates": [ [ [ -71.205312887567814, 46.73339880118619 ], [ -71.211661024895662, 46.736207613527846 ], [ -71.211297379981787, 46.741391919659819 ], [ -71.204584351385449, 46.743767335402254 ], [ -71.198235742163376, 46.740958117278346 ], [ -71.198600633397007, 46.735773889260756 ], [ -71.205312887567814, 46.73339880118619 ] ] ] } },
{ "type": "Feature", "properties": { "hex_id": 792559, "centroid_lon": -71.197870749897078, "centroid_lat": 46.746142338386619, "occurrences_today": 1, "datetimes_today": "2026-08-21 02:46:57", "cumulative_total": 29.0 }, "geometry": { "type": "Polygon", "coordinates": [ [ [ -71.198235742163376, 46.740958117278346 ], [ -71.204584351385449, 46.743767335402254 ], [ -71.204219931993748, 46.74895159215724 ], [ -71.197505656563138, 46.751326552584842 ], [ -71.19115657555156, 46.748516928518391 ], [ -71.191522241725139, 46.743332750033396 ], [ -71.198235742163376, 46.740958117278346 ] ] ] } },
{ "type": "Feature", "properties": { "hex_id": 793780, "centroid_lon": -71.184808168618773, "centroid_lat": 46.745706969915524, "occurrences_today": 1, "datetimes_today": "2026-08-21 02:46:57", "cumulative_total": 83.0 }, "geometry": { "type": "Polygon", "coordinates": [ [ [ -71.185174407443, 46.740522827203158 ], [ -71.191522241725139, 46.743332750033396 ], [ -71.19115657555156, 46.748516928518391 ], [ -71.184441828383896, 46.750891105702941 ], [ -71.178093522879308, 46.748080776830164 ], [ -71.178460435729775, 46.742896676881891 ], [ -71.185174407443, 46.740522827203158 ] ] ] } },
{ "type": "Feature", "properties": { "hex_id": 573303, "centroid_lon": -73.58155252015068, "centroid_lat": 45.452114491672205, "occurrences_today": 18, "datetimes_today": "2026-08-21 09:01:45, 2026-08-21 10:25:23, 2026-08-21 10:46:39, 2026-08-21 11:00:53, 2026-08-21 11:17:01, 2026-08-21 11:34:22, 2026-08-21 11:47:06, 2026-08-21 12:02:03, 2026-08-21 12:16:43, 2026-08-21 12:31:50, 2026-08-21 12:46:48, 2026-08-21 13:01:53, 2026-08-21 13:16:57, 2026-08-21 13:31:42, 2026-08-21 13:46:54, 2026-08-21 14:16:48, 2026-08-21 14:31:53, 2026-08-21 14:46:42", "cumulative_total": 295.0 }, "geometry": { "type": "Polygon", "coordinates": [ [ [ -73.581682759975834, 45.446919232349615 ], [ -73.588009836319728, 45.449596073400038 ], [ -73.587880165276189, 45.454791344475076 ], [ -73.581422244780981, 45.457309745956906 ], [ -73.575094635205986, 45.454632536746644 ], [ -73.575225479345391, 45.449437294278752 ], [ -73.581682759975834, 45.446919232349615 ] ] ] } },
{ "type": "Feature", "properties": { "hex_id": 574524, "centroid_lon": -73.568767630105185, "centroid_lat": 45.451954982982571, "occurrences_today": 18, "datetimes_today": "2026-08-21 09:01:45, 2026-08-21 10:25:23, 2026-08-21 10:46:39, 2026-08-21 11:00:53, 2026-08-21 11:17:01, 2026-08-21 11:34:22, 2026-08-21 11:47:06, 2026-08-21 12:02:03, 2026-08-21 12:16:43, 2026-08-21 12:31:50, 2026-08-21 12:46:48, 2026-08-21 13:01:53, 2026-08-21 13:16:57, 2026-08-21 13:31:42, 2026-08-21 13:46:54, 2026-08-21 14:16:48, 2026-08-21 14:31:53, 2026-08-21 14:46:42", "cumulative_total": 410.0 }, "geometry": { "type": "Polygon", "coordinates": [ [ [ -73.5688990428484, 45.446759752393298 ], [ -73.575225479345391, 45.449437294278752 ], [ -73.575094635205986, 45.454632536746644 ], [ -73.568636181497567, 45.457150208528731 ], [ -73.562309212267181, 45.454472298366447 ], [ -73.562441229466572, 45.449277084763267 ], [ -73.5688990428484, 45.446759752393298 ] ] ] } },
{ "type": "Feature", "properties": { "hex_id": 785802, "centroid_lon": -71.313556447693998, "centroid_lat": 46.102969379230153, "occurrences_today": 12, "datetimes_today": "2026-08-21 08:01:54, 2026-08-21 08:16:52, 2026-08-21 08:31:42, 2026-08-21 08:46:42, 2026-08-21 09:01:45, 2026-08-21 10:25:23, 2026-08-21 10:46:39, 2026-08-21 11:00:53, 2026-08-21 11:17:01, 2026-08-21 11:34:22, 2026-08-21 11:47:06, 2026-08-21 12:02:03", "cumulative_total": 135.0 }, "geometry": { "type": "Polygon", "coordinates": [ [ [ -71.313902496777217, 46.097783887085058 ], [ -71.320185075042986, 46.100584927715438 ], [ -71.319839581208242, 46.10577045397153 ], [ -71.313210303575545, 46.108154864634756 ], [ -71.306927265112662, 46.105353427645703 ], [ -71.30727396444729, 46.100167976417104 ], [ -71.313902496777217, 46.097783887085058 ] ] ] } },
{ "type": "Feature", "properties": { "hex_id": 787675, "centroid_lon": -71.250124096745012, "centroid_lat": 46.747868931783245, "occurrences_today": 2, "datetimes_today": "2026-08-21 04:46:54, 2026-08-21 05:01:44", "cumulative_total": 162.0 }, "geometry": { "type": "Polygon", "coordinates": [ [ [ -71.250484101735069, 46.742684399758417 ], [ -71.256835806092965, 46.745490797281981 ], [ -71.256476374871866, 46.750675364449499 ], [ -71.249763992059997, 46.753053456957062 ], [ -71.243411813645295, 46.750246653892106 ], [ -71.243772492064807, 46.745062163927535 ], [ -71.250484101735069, 46.742684399758417 ] ] ] } },
{ "type": "Feature", "properties": { "hex_id": 569644, "centroid_lon": -73.618384475011538, "centroid_lat": 45.514928170336702, "occurrences_today": 33, "datetimes_today": "2026-08-21 11:00:53, 2026-08-21 11:17:01, 2026-08-21 11:34:22, 2026-08-21 11:47:06, 2026-08-21 12:02:03, 2026-08-21 12:16:43, 2026-08-21 12:31:50, 2026-08-21 12:46:48, 2026-08-21 13:01:53, 2026-08-21 13:16:57, 2026-08-21 13:31:42, 2026-08-21 13:46:54, 2026-08-21 14:16:48, 2026-08-21 14:31:53, 2026-08-21 14:46:42, 2026-08-21 15:01:45, 2026-08-21 15:17:04, 2026-08-21 15:31:51, 2026-08-21 15:46:43, 2026-08-21 16:12:55, 2026-08-21 16:31:46, 2026-08-21 16:58:55, 2026-08-21 17:16:44, 2026-08-21 17:31:41, 2026-08-21 17:45:55, 2026-08-21 18:00:50, 2026-08-21 18:16:53, 2026-08-21 18:46:45, 2026-08-21 19:01:42, 2026-08-21 19:13:27, 2026-08-21 19:31:56, 2026-08-21 19:57:57, 2026-08-21 20:17:05", "cumulative_total": 612.0 }, "geometry": { "type": "Polygon", "coordinates": [ [ [ -73.618511611654952, 45.509732886634225 ], [ -73.624847446724587, 45.512407760963612 ], [ -73.624720881248862, 45.517603056069809 ], [ -73.61825730364373, 45.520123449015763 ], [ -73.611920932136627, 45.517448206074725 ], [ -73.612048674660471, 45.512252938863924 ], [ -73.618511611654952, 45.509732886634225 ] ] ] } },
{ "type": "Feature", "properties": { "hex_id": 570865, "centroid_lon": -73.605585166670551, "centroid_lat": 45.514772617430772, "occurrences_today": 1, "datetimes_today": "2026-08-21 19:57:57", "cumulative_total": 534.0 }, "geometry": { "type": "Polygon", "coordinates": [ [ [ -73.605713480183979, 45.50957736175021 ], [ -73.612048674660471, 45.512252938863924 ], [ -73.611920932136627, 45.517448206074725 ], [ -73.605456818111549, 45.519967868082809 ], [ -73.599121087696915, 45.517291922239899 ], [ -73.599250007233749, 45.512096683182634 ], [ -73.605713480183979, 45.50957736175021 ] ] ] } },
{ "type": "Feature", "properties": { "hex_id": 558654, "centroid_lon": -73.733932356613309, "centroid_lat": 45.500677037428801, "occurrences_today": 3, "datetimes_today": "2026-08-21 21:31:41, 2026-08-21 21:46:38, 2026-08-21 22:01:50", "cumulative_total": 106.0 }, "geometry": { "type": "Polygon", "coordinates": [ [ [ -73.734048804457302, 45.495481498207766 ], [ -73.740388666593105, 45.498150010221153 ], [ -73.740272791047033, 45.503345559699106 ], [ -73.733815876968308, 45.505872571670494 ], [ -73.727475474340949, 45.503203692308752 ], [ -73.727592526273199, 45.498008168388473 ], [ -73.734048804457302, 45.495481498207766 ] ] ] } },
{ "type": "Feature", "properties": { "hex_id": 560476, "centroid_lon": -73.71809380876897, "centroid_lat": 45.3523889223517, "occurrences_today": 9, "datetimes_today": "2026-08-21 11:34:22, 2026-08-21 11:47:06, 2026-08-21 12:02:03, 2026-08-21 12:16:43, 2026-08-21 12:31:50, 2026-08-21 12:46:48, 2026-08-21 13:01:53, 2026-08-21 13:16:57, 2026-08-21 13:31:42", "cumulative_total": 277.0 }, "geometry": { "type": "Polygon", "coordinates": [ [ [ -73.718211105395824, 45.347193279670989 ], [ -73.724533775580966, 45.349862550414272 ], [ -73.724417046588115, 45.355058203475998 ], [ -73.717976480166215, 45.357584560047997 ], [ -73.711653274328313, 45.354914923678358 ], [ -73.711771170554414, 45.34971929642726 ], [ -73.718211105395824, 45.347193279670989 ] ] ] } },
{ "type": "Feature", "properties": { "hex_id": 561087, "centroid_lon": -73.711535345961963, "centroid_lat": 45.360110545942653, "occurrences_today": 23, "datetimes_today": "2026-08-21 11:34:22, 2026-08-21 11:47:06, 2026-08-21 12:02:03, 2026-08-21 12:16:43, 2026-08-21 12:31:50, 2026-08-21 12:46:48, 2026-08-21 13:01:53, 2026-08-21 13:16:57, 2026-08-21 13:31:42, 2026-08-21 18:46:45, 2026-08-21 19:01:42, 2026-08-21 19:13:27, 2026-08-21 19:31:56, 2026-08-21 19:57:57, 2026-08-21 20:17:05, 2026-08-21 20:32:12, 2026-08-21 20:46:51, 2026-08-21 21:01:46, 2026-08-21 21:21:27, 2026-08-21 21:31:41, 2026-08-21 21:46:38, 2026-08-21 22:01:50, 2026-08-21 22:32:24", "cumulative_total": 172.0 }, "geometry": { "type": "Polygon", "coordinates": [ [ [ -73.711653274328313, 45.354914923678358 ], [ -73.717976480166215, 45.357584560047997 ], [ -73.717859119576843, 45.362780192759779 ], [ -73.711417385444648, 45.365306163220069 ], [ -73.705093643986132, 45.362636161065474 ], [ -73.705212172269697, 45.357440554299735 ], [ -73.711653274328313, 45.354914923678358 ] ] ] } },
{ "type": "Feature", "properties": { "hex_id": 574528, "centroid_lon": -73.567187876321697, "centroid_lat": 45.51429735666629, "occurrences_today": 1, "datetimes_today": "2026-08-21 16:31:46", "cumulative_total": 366.0 }, "geometry": { "type": "Polygon", "coordinates": [ [ [ -73.567319720232248, 45.509102186600096 ], [ -73.573652990145789, 45.511779871199337 ], [ -73.573521716689626, 45.516975053175138 ], [ -73.567055996402132, 45.519492521688299 ], [ -73.560722192049255, 45.516814468007944 ], [ -73.560854642411101, 45.511619314960058 ], [ -73.567319720232248, 45.509102186600096 ] ] ] } },
{ "type": "Feature", "properties": { "hex_id": 554385, "centroid_lon": -73.777202010500972, "centroid_lat": 45.571305229752525, "occurrences_today": 2, "datetimes_today": "2026-08-21 08:46:42, 2026-08-21 09:01:45", "cumulative_total": 157.0 }, "geometry": { "type": "Polygon", "coordinates": [ [ [ -73.777314756376541, 45.566109669677765 ], [ -73.783664587896965, 45.568775850287295 ], [ -73.783552417038337, 45.573971420205275 ], [ -73.777089233808582, 45.576500784863242 ], [ -73.77073885809321, 45.573834236418776 ], [ -73.770852209792181, 45.568638691215959 ], [ -73.777314756376541, 45.566109669677765 ] ] ] } },
{ "type": "Feature", "properties": { "hex_id": 733303, "centroid_lon": -71.865474670764129, "centroid_lat": 46.18181436513796, "occurrences_today": 16, "datetimes_today": "2026-08-21 10:25:23, 2026-08-21 10:46:39, 2026-08-21 11:00:53, 2026-08-21 11:17:01, 2026-08-21 11:34:22, 2026-08-21 11:47:06, 2026-08-21 12:02:03, 2026-08-21 12:16:43, 2026-08-21 12:31:50, 2026-08-21 12:46:48, 2026-08-21 13:01:53, 2026-08-21 13:16:57, 2026-08-21 13:31:42, 2026-08-21 13:46:54, 2026-08-21 14:16:48, 2026-08-21 14:31:53", "cumulative_total": 212.0 }, "geometry": { "type": "Polygon", "coordinates": [ [ [ -71.865769777178159, 46.176625962777216 ], [ -71.872090758431796, 46.179397511428206 ], [ -71.871796218114696, 46.184585942627045 ], [ -71.865179483177243, 46.187002761307021 ], [ -71.858858017013375, 46.184230819814537 ], [ -71.859153770669522, 46.179042452549062 ], [ -71.865769777178159, 46.176625962777216 ] ] ] } },
{ "type": "Feature", "properties": { "hex_id": 509793, "centroid_lon": -74.250201525618976, "centroid_lat": 45.177824587935831, "occurrences_today": 6, "datetimes_today": "2026-08-21 10:25:23, 2026-08-21 10:46:39, 2026-08-21 11:00:53, 2026-08-21 11:17:01, 2026-08-21 11:34:22, 2026-08-21 11:47:06", "cumulative_total": 25.0 }, "geometry": { "type": "Polygon", "coordinates": [ [ [ -74.250269721106605, 45.172627928745754 ], [ -74.256598458602625, 45.175267854279085 ], [ -74.256530832523396, 45.18046451854979 ], [ -74.25013331157588, 45.183021242296292 ], [ -74.243804023230012, 45.180380958375899 ], [ -74.243872806675355, 45.175184309159924 ], [ -74.250269721106605, 45.172627928745754 ] ] ] } },
{ "type": "Feature", "properties": { "hex_id": 572093, "centroid_lon": -73.590058478115395, "centroid_lat": 45.623714243329729, "occurrences_today": 2, "datetimes_today": "2026-08-21 11:34:22, 2026-08-21 11:47:06", "cumulative_total": 171.0 }, "geometry": { "type": "Polygon", "coordinates": [ [ [ -73.590188713665555, 45.61851912165416 ], [ -73.596535286671894, 45.62119564673494 ], [ -73.59640562519192, 45.626390780120921 ], [ -73.589928206948017, 45.62890935996991 ], [ -73.583581095494708, 45.626232464631371 ], [ -73.583711940720278, 45.621037359766369 ], [ -73.590188713665555, 45.61851912165416 ] ] ] } },
{ "type": "Feature", "properties": { "hex_id": 563534, "centroid_lon": -73.684197865470679, "centroid_lat": 45.437752604461927, "occurrences_today": 10, "datetimes_today": "2026-08-21 17:16:44, 2026-08-21 17:31:41, 2026-08-21 17:45:55, 2026-08-21 18:00:50, 2026-08-21 18:16:53, 2026-08-21 18:46:45, 2026-08-21 19:01:42, 2026-08-21 19:13:27, 2026-08-21 19:31:56, 2026-08-21 19:57:57", "cumulative_total": 272.0 }, "geometry": { "type": "Polygon", "coordinates": [ [ [ -73.684318621802973, 45.432557109552171 ], [ -73.690649090610719, 45.435228306522369 ], [ -73.690528904013888, 45.44042381216714 ], [ -73.684077076186298, 45.442948094374181 ], [ -73.677746070600705, 45.440276530384111 ], [ -73.67786742960952, 45.435081051271233 ], [ -73.684318621802973, 45.432557109552171 ] ] ] } },
{ "type": "Feature", "properties": { "hex_id": 565366, "centroid_lon": -73.664840771715319, "centroid_lat": 45.445323265797484, "occurrences_today": 3, "datetimes_today": "2026-08-21 08:31:42, 2026-08-21 08:46:42, 2026-08-21 09:01:45", "cumulative_total": 207.0 }, "geometry": { "type": "Polygon", "coordinates": [ [ [ -73.664963336539998, 45.440127818478786 ], [ -73.671293706011895, 45.442800084194218 ], [ -73.671171710889382, 45.447995542440999 ], [ -73.664718173442282, 45.450518708111261 ], [ -73.658387267722205, 45.447846075099157 ], [ -73.65851043568621, 45.44265064377786 ], [ -73.664963336539998, 45.440127818478786 ] ] ] } },
{ "type": "Feature", "properties": { "hex_id": 572072, "centroid_lon": -73.598194253085893, "centroid_lat": 45.296411747036608, "occurrences_today": 13, "datetimes_today": "2026-08-21 10:25:23, 2026-08-21 10:46:39, 2026-08-21 11:00:53, 2026-08-21 11:17:01, 2026-08-21 11:34:22, 2026-08-21 11:47:06, 2026-08-21 12:02:03, 2026-08-21 12:16:43, 2026-08-21 12:31:50, 2026-08-21 12:46:48, 2026-08-21 13:01:53, 2026-08-21 13:16:57, 2026-08-21 13:31:42", "cumulative_total": 177.0 }, "geometry": { "type": "Polygon", "coordinates": [ [ [ -73.59832226867772, 45.291216308297422 ], [ -73.604632987015805, 45.29389210075346 ], [ -73.604505535784938, 45.299087551043364 ], [ -73.598066202620942, 45.301607180745677 ], [ -73.591754954800862, 45.298931022248425 ], [ -73.591883569615149, 45.293735600154093 ], [ -73.59832226867772, 45.291216308297422 ] ] ] } },
{ "type": "Feature", "properties": { "hex_id": 572683, "centroid_lon": -73.591626304949258, "centroid_lat": 45.304126439310039, "occurrences_today": 13, "datetimes_today": "2026-08-21 10:25:23, 2026-08-21 10:46:39, 2026-08-21 11:00:53, 2026-08-21 11:17:01, 2026-08-21 11:34:22, 2026-08-21 11:47:06, 2026-08-21 12:02:03, 2026-08-21 12:16:43, 2026-08-21 12:31:50, 2026-08-21 12:46:48, 2026-08-21 13:01:53, 2026-08-21 13:16:57, 2026-08-21 13:31:42", "cumulative_total": 258.0 }, "geometry": { "type": "Polygon", "coordinates": [ [ [ -73.591754954800862, 45.298931022248425 ], [ -73.598066202620942, 45.301607180745677 ], [ -73.597938117271184, 45.306802609424558 ], [ -73.591497620048642, 45.309321851338858 ], [ -73.585185842781584, 45.306645326642318 ], [ -73.585315092172365, 45.301449926294801 ], [ -73.591754954800862, 45.298931022248425 ] ] ] } },
{ "type": "Feature", "properties": { "hex_id": 585514, "centroid_lon": -73.453282441973883, "centroid_lat": 45.466039886482541, "occurrences_today": 6, "datetimes_today": "2026-08-21 03:31:57, 2026-08-21 03:48:01, 2026-08-21 04:16:56, 2026-08-21 04:30:50, 2026-08-21 04:46:54, 2026-08-21 05:01:44", "cumulative_total": 225.0 }, "geometry": { "type": "Polygon", "coordinates": [ [ [ -73.453424525584893, 45.460844941357614 ], [ -73.459746884157894, 45.463528823283795 ], [ -73.459605368003835, 45.468723781429858 ], [ -73.453140319581721, 45.471234826514873 ], [ -73.446817432339415, 45.468550575062693 ], [ -73.44696012217554, 45.463355648115872 ], [ -73.453424525584893, 45.460844941357614 ] ] ] } },
{ "type": "Feature", "properties": { "hex_id": 586125, "centroid_lon": -73.44667470355563, "centroid_lat": 45.473745496913999, "occurrences_today": 10, "datetimes_today": "2026-08-21 03:31:57, 2026-08-21 03:48:01, 2026-08-21 04:16:56, 2026-08-21 04:30:50, 2026-08-21 04:46:54, 2026-08-21 05:01:44, 2026-08-21 10:25:23, 2026-08-21 10:46:39, 2026-08-21 11:00:53, 2026-08-21 11:17:01", "cumulative_total": 454.0 }, "geometry": { "type": "Polygon", "coordinates": [ [ [ -73.446817432339415, 45.468550575062693 ], [ -73.453140319581721, 45.471234826514873 ], [ -73.452998158395417, 45.476429761454455 ], [ -73.446531935811123, 45.478940413669676 ], [ -73.440208519938608, 45.476255792532804 ], [ -73.440351855267522, 45.471060888929813 ], [ -73.446817432339415, 45.468550575062693 ] ] ] } },
{ "type": "Feature", "properties": { "hex_id": 622143, "centroid_lon": -73.070250315585241, "centroid_lat": 45.444618688634229, "occurrences_today": 5, "datetimes_today": "2026-08-21 02:17:25, 2026-08-21 02:46:57, 2026-08-21 03:01:52, 2026-08-21 03:15:11, 2026-08-21 03:31:57", "cumulative_total": 91.0 }, "geometry": { "type": "Polygon", "coordinates": [ [ [ -73.07042744085453, 45.439424779403787 ], [ -73.076728565088018, 45.442129539762824 ], [ -73.076552001370274, 45.447323465769585 ], [ -73.070073141992552, 45.449812592581061 ], [ -73.063771504538991, 45.447107459470168 ], [ -73.063949239667053, 45.44191357236388 ], [ -73.07042744085453, 45.439424779403787 ] ] ] } },
{ "type": "Feature", "properties": { "hex_id": 743669, "centroid_lon": -71.766909858325903, "centroid_lat": 45.984194623287379, "occurrences_today": 15, "datetimes_today": "2026-08-21 12:02:03, 2026-08-21 12:16:43, 2026-08-21 12:31:50, 2026-08-21 12:46:48, 2026-08-21 13:01:53, 2026-08-21 13:16:57, 2026-08-21 13:31:42, 2026-08-21 13:46:54, 2026-08-21 14:16:48, 2026-08-21 14:31:53, 2026-08-21 14:46:42, 2026-08-21 15:01:45, 2026-08-21 15:17:04, 2026-08-21 15:31:51, 2026-08-21 15:46:43", "cumulative_total": 21.0 }, "geometry": { "type": "Polygon", "coordinates": [ [ [ -71.767212144364123, 45.979006538116977 ], [ -71.773505866577068, 45.981782905309942 ], [ -71.773204139212041, 45.986971020162386 ], [ -71.766607489355678, 45.989382702182972 ], [ -71.760313291415613, 45.986605943929909 ], [ -71.760616219030922, 45.981417894781352 ], [ -71.767212144364123, 45.979006538116977 ] ] ] } },
{ "type": "Feature", "properties": { "hex_id": 765029, "centroid_lon": -71.548621783098554, "centroid_lat": 45.860877424504729, "occurrences_today": 22, "datetimes_today": "2026-08-21 02:46:57, 2026-08-21 03:01:52, 2026-08-21 03:15:11, 2026-08-21 03:31:57, 2026-08-21 03:48:01, 2026-08-21 04:16:56, 2026-08-21 04:30:50, 2026-08-21 04:46:54, 2026-08-21 05:01:44, 2026-08-21 05:32:00, 2026-08-21 05:46:49, 2026-08-21 06:01:46, 2026-08-21 06:17:37, 2026-08-21 06:31:49, 2026-08-21 06:47:00, 2026-08-21 07:16:08, 2026-08-21 07:43:49, 2026-08-21 08:01:54, 2026-08-21 08:16:52, 2026-08-21 08:31:42, 2026-08-21 08:46:42, 2026-08-21 09:01:45", "cumulative_total": 164.0 }, "geometry": { "type": "Polygon", "coordinates": [ [ [ -71.54894307044988, 45.855690382923264 ], [ -71.555211600202966, 45.858478135699116 ], [ -71.554890864567398, 45.863665208990881 ], [ -71.54830040775748, 45.866064459604949 ], [ -71.542031414293291, 45.863276315582496 ], [ -71.542353341320393, 45.858089312257171 ], [ -71.54894307044988, 45.855690382923264 ] ] ] } },
{ "type": "Feature", "properties": { "hex_id": 564773, "centroid_lon": -73.664781822388534, "centroid_lat": 45.718152476157414, "occurrences_today": 10, "datetimes_today": "2026-08-21 07:43:49, 2026-08-21 08:01:54, 2026-08-21 08:16:52, 2026-08-21 08:31:42, 2026-08-21 08:46:42, 2026-08-21 09:01:45, 2026-08-21 10:25:23, 2026-08-21 10:46:39, 2026-08-21 11:00:53, 2026-08-21 11:17:01", "cumulative_total": 90.0 }, "geometry": { "type": "Polygon", "coordinates": [ [ [ -73.664905563713702, 45.712957278134979 ], [ -73.671266375131637, 45.715629766677111 ], [ -73.671143211769831, 45.720824975691599 ], [ -73.664658047182058, 45.723347669173691 ], [ -73.658296691687767, 45.720674809870609 ], [ -73.658421044846179, 45.715479627911407 ], [ -73.664905563713702, 45.712957278134979 ] ] ] } },
{ "type": "Feature", "properties": { "hex_id": 575750, "centroid_lon": -73.553989714366139, "centroid_lat": 45.529721461905602, "occurrences_today": 24, "datetimes_today": "2026-08-21 09:01:45, 2026-08-21 10:25:23, 2026-08-21 10:46:39, 2026-08-21 11:00:53, 2026-08-21 11:17:01, 2026-08-21 11:34:22, 2026-08-21 11:47:06, 2026-08-21 12:02:03, 2026-08-21 12:16:43, 2026-08-21 12:31:50, 2026-08-21 12:46:48, 2026-08-21 13:01:53, 2026-08-21 13:16:57, 2026-08-21 13:31:42, 2026-08-21 13:46:54, 2026-08-21 14:16:48, 2026-08-21 14:31:53, 2026-08-21 14:46:42, 2026-08-21 15:01:45, 2026-08-21 15:17:04, 2026-08-21 15:31:51, 2026-08-21 15:46:43, 2026-08-21 16:12:55, 2026-08-21 16:31:46", "cumulative_total": 805.0 }, "geometry": { "type": "Polygon", "coordinates": [ [ [ -73.554122844030616, 45.524526336042406 ], [ -73.560457182786493, 45.527204758963116 ], [ -73.560324623861291, 45.532399896870196 ], [ -73.553856548334949, 45.534916582719113 ], [ -73.547521675212622, 45.532237790398767 ], [ -73.547655411970894, 45.527042681693686 ], [ -73.554122844030616, 45.524526336042406 ] ] ] } },
{ "type": "Feature", "properties": { "hex_id": 766224, "centroid_lon": -71.560653516538963, "centroid_lat": 45.45588461370415, "occurrences_today": 2, "datetimes_today": "2026-08-21 19:13:27, 2026-08-21 19:31:56", "cumulative_total": 28.0 }, "geometry": { "type": "Polygon", "coordinates": [ [ [ -71.560969197363775, 45.450697137542655 ], [ -71.567194432078324, 45.453483113230291 ], [ -71.566879291409208, 45.45867062075196 ], [ -71.560337749684876, 45.461072083418813 ], [ -71.554112060858273, 45.458285721859163 ], [ -71.554428367839293, 45.453098283568323 ], [ -71.560969197363775, 45.450697137542655 ] ] ] } },
{ "type": "Feature", "properties": { "hex_id": 766834, "centroid_lon": -71.554744588647353, "centroid_lat": 45.447910838824647, "occurrences_today": 2, "datetimes_today": "2026-08-21 19:13:27, 2026-08-21 19:31:56", "cumulative_total": 28.0 }, "geometry": { "type": "Polygon", "coordinates": [ [ [ -71.555060723311215, 45.442723387628774 ], [ -71.56128479218809, 45.445509654934924 ], [ -71.560969197363775, 45.450697137542655 ], [ -71.554428367839293, 45.453098283568323 ], [ -71.548203845281435, 45.450311630445029 ], [ -71.548520605900251, 45.445124217176875 ], [ -71.555060723311215, 45.442723387628774 ] ] ] } },
{ "type": "Feature", "properties": { "hex_id": 767445, "centroid_lon": -71.547886998345987, "centroid_lat": 45.455499037254377, "occurrences_today": 2, "datetimes_today": "2026-08-21 19:13:27, 2026-08-21 19:31:56", "cumulative_total": 28.0 }, "geometry": { "type": "Polygon", "coordinates": [ [ [ -71.548203845281435, 45.450311630445029 ], [ -71.554428367839293, 45.453098283568323 ], [ -71.554112060858273, 45.458285721859163 ], [ -71.547570065065045, 45.460686437604295 ], [ -71.541345088912692, 45.457899398509831 ], [ -71.5416625621192, 45.452712029705062 ], [ -71.548203845281435, 45.450311630445029 ] ] ] } },
{ "type": "Feature", "properties": { "hex_id": 157754, "centroid_lon": -78.111746433544013, "centroid_lat": 48.559483633933304, "occurrences_today": 12, "datetimes_today": "2026-08-21 20:32:12, 2026-08-21 20:46:51, 2026-08-21 21:01:46, 2026-08-21 21:21:27, 2026-08-21 21:31:41, 2026-08-21 21:46:38, 2026-08-21 22:01:50, 2026-08-21 22:32:24, 2026-08-21 22:46:49, 2026-08-21 23:01:48, 2026-08-21 23:32:25, 2026-08-21 23:46:58", "cumulative_total": 32.0 }, "geometry": { "type": "Polygon", "coordinates": [ [ [ -78.111428064515209, 48.554297278310479 ], [ -78.118353264757218, 48.556707229972233 ], [ -78.118672368700857, 48.561893549254535 ], [ -78.11206489311968, 48.564669983295815 ], [ -78.105138867399518, 48.562259672378012 ], [ -78.104821142771613, 48.557073286746594 ], [ -78.111428064515209, 48.554297278310479 ] ] ] } },
{ "type": "Feature", "properties": { "hex_id": 158365, "centroid_lon": -78.105456682395442, "centroid_lat": 48.567446051755589, "occurrences_today": 12, "datetimes_today": "2026-08-21 20:32:12, 2026-08-21 20:46:51, 2026-08-21 21:01:46, 2026-08-21 21:21:27, 2026-08-21 21:31:41, 2026-08-21 21:46:38, 2026-08-21 22:01:50, 2026-08-21 22:32:24, 2026-08-21 22:46:49, 2026-08-21 23:01:48, 2026-08-21 23:32:25, 2026-08-21 23:46:58", "cumulative_total": 43.0 }, "geometry": { "type": "Polygon", "coordinates": [ [ [ -78.105138867399518, 48.562259672378012 ], [ -78.11206489311968, 48.564669983295815 ], [ -78.112383443275135, 48.569856326397506 ], [ -78.105774587792212, 48.572632424878819 ], [ -78.09884773649523, 48.570221754521313 ], [ -78.098530566290862, 48.56503534519382 ], [ -78.105138867399518, 48.562259672378012 ] ] ] } },
{ "type": "Feature", "properties": { "hex_id": 158975, "centroid_lon": -78.098213486275554, "centroid_lat": 48.559848929618973, "occurrences_today": 12, "datetimes_today": "2026-08-21 20:32:12, 2026-08-21 20:46:51, 2026-08-21 21:01:46, 2026-08-21 21:21:27, 2026-08-21 21:31:41, 2026-08-21 21:46:38, 2026-08-21 22:01:50, 2026-08-21 22:32:24, 2026-08-21 22:46:49, 2026-08-21 23:01:48, 2026-08-21 23:32:25, 2026-08-21 23:46:58", "cumulative_total": 25.0 }, "geometry": { "type": "Polygon", "coordinates": [ [ [ -78.09789649641651, 48.554662507797218 ], [ -78.104821142771613, 48.557073286746594 ], [ -78.105138867399518, 48.562259672378012 ], [ -78.098530566290862, 48.56503534519382 ], [ -78.091605094994222, 48.562624206815158 ], [ -78.09128874978056, 48.55743775512159 ], [ -78.09789649641651, 48.554662507797218 ] ] ] } },
{ "type": "Feature", "properties": { "hex_id": 613626, "centroid_lon": -73.144319278051924, "centroid_lat": 45.913549893830279, "occurrences_today": 2, "datetimes_today": "2026-08-21 15:31:51, 2026-08-21 15:46:43", "cumulative_total": 97.0 }, "geometry": { "type": "Polygon", "coordinates": [ [ [ -73.14449241414539, 45.908356190418026 ], [ -73.150849402202581, 45.911057526337409 ], [ -73.150676842817447, 45.916251245951507 ], [ -73.144146094449837, 45.918743591993298 ], [ -73.137788577201007, 45.916041877980135 ], [ -73.137962337495324, 45.910848196084324 ], [ -73.14449241414539, 45.908356190418026 ] ] ] } },
{ "type": "Feature", "properties": { "hex_id": 614236, "centroid_lon": -73.138136050124587, "centroid_lat": 45.905654508935847, "occurrences_today": 2, "datetimes_today": "2026-08-21 15:31:51, 2026-08-21 15:46:43", "cumulative_total": 109.0 }, "geometry": { "type": "Polygon", "coordinates": [ [ [ -73.138309715104953, 45.900460816534881 ], [ -73.144665502746321, 45.903162481756695 ], [ -73.14449241414539, 45.908356190418026 ], [ -73.137962337495324, 45.910848196084324 ], [ -73.131606021131489, 45.908146152814346 ], [ -73.131780310124029, 45.902952481991534 ], [ -73.138309715104953, 45.900460816534881 ] ] ] } },
{ "type": "Feature", "properties": { "hex_id": 614237, "centroid_lon": -73.137614769225465, "centroid_lat": 45.921235554623166, "occurrences_today": 2, "datetimes_today": "2026-08-21 15:31:51, 2026-08-21 15:46:43", "cumulative_total": 85.0 }, "geometry": { "type": "Polygon", "coordinates": [ [ [ -73.137788577201007, 45.916041877980135 ], [ -73.144146094449837, 45.918743591993298 ], [ -73.143972863322986, 45.923937284906913 ], [ -73.137440913552538, 45.926429226013219 ], [ -73.131082867160487, 45.923727133745693 ], [ -73.131257299665933, 45.918533478691593 ], [ -73.137788577201007, 45.916041877980135 ] ] ] } },
{ "type": "Feature", "properties": { "hex_id": 614238, "centroid_lon": -73.137093059049789, "centroid_lat": 45.936816553033893, "occurrences_today": 2, "datetimes_today": "2026-08-21 15:31:51, 2026-08-21 15:46:43", "cumulative_total": 85.0 }, "geometry": { "type": "Polygon", "coordinates": [ [ [ -73.137267010166042, 45.931622892150195 ], [ -73.143626258430601, 45.934324654985424 ], [ -73.143452884632794, 45.939518332150008 ], [ -73.136919060187594, 45.942010208664165 ], [ -73.130559282358647, 45.939308067368174 ], [ -73.130733858523087, 45.934114428084143 ], [ -73.137267010166042, 45.931622892150195 ] ] ] } },
{ "type": "Feature", "properties": { "hex_id": 614239, "centroid_lon": -73.136570919160505, "centroid_lat": 45.952397504163869, "occurrences_today": 2, "datetimes_today": "2026-08-21 15:31:51, 2026-08-21 15:46:43", "cumulative_total": 81.0 }, "geometry": { "type": "Polygon", "coordinates": [ [ [ -73.136745013563228, 45.947203859040883 ], [ -73.143105994253204, 45.949905670729038 ], [ -73.142932477639121, 45.955099332143178 ], [ -73.13639677696321, 45.957591144032968 ], [ -73.130035266287308, 45.954888953677596 ], [ -73.130209986257015, 45.949695330165056 ], [ -73.136745013563228, 45.947203859040883 ] ] ] } },
{ "type": "Feature", "properties": { "hex_id": 780286, "centroid_lon": -71.393442108974014, "centroid_lat": 45.770331595749703, "occurrences_today": 4, "datetimes_today": "2026-08-21 00:31:50, 2026-08-21 00:46:51, 2026-08-21 01:16:47, 2026-08-21 01:46:44", "cumulative_total": 12.0 }, "geometry": { "type": "Polygon", "coordinates": [ [ [ -71.393776765365743, 45.76514533932454 ], [ -71.400027128605132, 45.767941121484839 ], [ -71.399693018921511, 45.773127411050098 ], [ -71.393107361049118, 45.775517845539873 ], [ -71.386856542650236, 45.772721672054729 ], [ -71.387191837252388, 45.767535455468931 ], [ -71.393776765365743, 45.76514533932454 ] ] ] } },
{ "type": "Feature", "properties": { "hex_id": 613632, "centroid_lon": -73.141194688751241, "centroid_lat": 46.007035657485034, "occurrences_today": 2, "datetimes_today": "2026-08-21 15:31:51, 2026-08-21 15:46:43", "cumulative_total": 46.0 }, "geometry": { "type": "Polygon", "coordinates": [ [ [ -73.141368682471494, 46.001842048582184 ], [ -73.147736075262884, 46.004543676657647 ], [ -73.147562661075597, 46.009737301823904 ], [ -73.141020647231173, 46.012229261135943 ], [ -73.134652722714762, 46.009527253727278 ], [ -73.134827343751553, 46.00433366640533 ], [ -73.141368682471494, 46.001842048582184 ] ] ] } },
{ "type": "Feature", "properties": { "hex_id": 614243, "centroid_lon": -73.134478053704456, "centroid_lat": 46.014720835793653, "occurrences_today": 2, "datetimes_today": "2026-08-21 15:31:51, 2026-08-21 15:46:43", "cumulative_total": 49.0 }, "geometry": { "type": "Polygon", "coordinates": [ [ [ -73.134652722714762, 46.009527253727278 ], [ -73.141020647231173, 46.012229261135943 ], [ -73.140846557895003, 46.017422859534712 ], [ -73.134303336704363, 46.019914412604344 ], [ -73.127934880511788, 46.017212025701326 ], [ -73.128110177169688, 46.012018465288598 ], [ -73.134652722714762, 46.009527253727278 ] ] ] } },
{ "type": "Feature", "properties": { "hex_id": 675297, "centroid_lon": -72.486300466404657, "centroid_lat": 46.064654656485608, "occurrences_today": 24, "datetimes_today": "2026-08-21 12:02:03, 2026-08-21 12:16:43, 2026-08-21 12:31:50, 2026-08-21 12:46:48, 2026-08-21 13:01:53, 2026-08-21 13:16:57, 2026-08-21 13:31:42, 2026-08-21 13:46:54, 2026-08-21 14:16:48, 2026-08-21 14:31:53, 2026-08-21 14:46:42, 2026-08-21 15:01:45, 2026-08-21 15:17:04, 2026-08-21 15:31:51, 2026-08-21 15:46:43, 2026-08-21 16:12:55, 2026-08-21 16:31:46, 2026-08-21 16:58:55, 2026-08-21 17:16:44, 2026-08-21 17:31:41, 2026-08-21 17:45:55, 2026-08-21 18:00:50, 2026-08-21 18:16:53, 2026-08-21 18:46:45", "cumulative_total": 230.0 }, "geometry": { "type": "Polygon", "coordinates": [ [ [ -72.486536200696264, 46.059463369234969 ], [ -72.492876619897544, 46.062200947603671 ], [ -72.492641457436946, 46.067392257585389 ], [ -72.486064667332997, 46.069845938063636 ], [ -72.47972374109176, 46.067107973740214 ], [ -72.479960111972403, 46.061916714958727 ], [ -72.486536200696264, 46.059463369234969 ] ] ] } },
{ "type": "Feature", "properties": { "hex_id": 566591, "centroid_lon": -73.650569478271038, "centroid_lat": 45.507517749162538, "occurrences_today": 7, "datetimes_today": "2026-08-21 08:01:54, 2026-08-21 08:16:52, 2026-08-21 08:31:42, 2026-08-21 08:46:42, 2026-08-21 09:01:45, 2026-08-21 10:25:23, 2026-08-21 10:46:39", "cumulative_total": 199.0 }, "geometry": { "type": "Polygon", "coordinates": [ [ [ -73.650693621726461, 45.502322389018488 ], [ -73.657030199119546, 45.504995489129413 ], [ -73.656906627044052, 45.510190860357113 ], [ -73.650445300911315, 45.512713104295841 ], [ -73.644108186048271, 45.510039635968056 ], [ -73.644232934776568, 45.504844291982884 ], [ -73.650693621726461, 45.502322389018488 ] ] ] } },
{ "type": "Feature", "properties": { "hex_id": 567198, "centroid_lon": -73.645478550691251, "centroid_lat": 45.452890576418881, "occurrences_today": 1, "datetimes_today": "2026-08-21 10:25:23", "cumulative_total": 525.0 }, "geometry": { "type": "Polygon", "coordinates": [ [ [ -73.645602925396716, 45.447695177292914 ], [ -73.65193319404375, 45.450368512004538 ], [ -73.651809389006658, 45.45556392225172 ], [ -73.645354142040688, 45.458085970532416 ], [ -73.639023337676079, 45.455412268247436 ], [ -73.639148315983675, 45.450216885319499 ], [ -73.645602925396716, 45.447695177292914 ] ] ] } },
{ "type": "Feature", "properties": { "hex_id": 558643, "centroid_lon": -73.737758408121067, "centroid_lat": 45.329221614442218, "occurrences_today": 9, "datetimes_today": "2026-08-21 11:34:22, 2026-08-21 11:47:06, 2026-08-21 12:02:03, 2026-08-21 12:16:43, 2026-08-21 12:31:50, 2026-08-21 12:46:48, 2026-08-21 13:01:53, 2026-08-21 13:16:57, 2026-08-21 13:31:42", "cumulative_total": 54.0 }, "geometry": { "type": "Polygon", "coordinates": [ [ [ -73.737873812485304, 45.324025910940193 ], [ -73.744194875521075, 45.326694085755911 ], [ -73.744080038361872, 45.331889799439686 ], [ -73.737642972305167, 45.334417312967119 ], [ -73.731321373521283, 45.331748773000754 ], [ -73.73143737653173, 45.326553084721731 ], [ -73.737873812485304, 45.324025910940193 ] ] ] } },
{ "type": "Feature", "properties": { "hex_id": 852342, "centroid_lon": -70.615864989352218, "centroid_lat": 46.008139732343693, "occurrences_today": 1, "datetimes_today": "2026-08-21 10:25:23", "cumulative_total": 156.0 }, "geometry": { "type": "Polygon", "coordinates": [ [ [ -70.616275055958113, 46.002958613203447 ], [ -70.622509052993209, 46.005796462843392 ], [ -70.622099527878973, 46.010977622660427 ], [ -70.615454810361584, 46.013320843927019 ], [ -70.609220384238611, 46.010482593686511 ], [ -70.609631104682848, 46.005301522844384 ], [ -70.616275055958113, 46.002958613203447 ] ] ] } },
{ "type": "Feature", "properties": { "hex_id": 580615, "centroid_lon": -73.510578336181041, "centroid_lat": 45.232938130026881, "occurrences_today": 5, "datetimes_today": "2026-08-21 19:57:57, 2026-08-21 20:17:05, 2026-08-21 20:32:12, 2026-08-21 20:46:51, 2026-08-21 21:01:46", "cumulative_total": 33.0 }, "geometry": { "type": "Polygon", "coordinates": [ [ [ -73.51071405076496, 45.227742834118153 ], [ -73.517013575240441, 45.230423355045474 ], [ -73.516878421962062, 45.235618663351154 ], [ -73.510442584655749, 45.238133420869865 ], [ -73.504142535822282, 45.235452533887198 ], [ -73.504278848640823, 45.230257255505045 ], [ -73.51071405076496, 45.227742834118153 ] ] ] } },
{ "type": "Feature", "properties": { "hex_id": 571470, "centroid_lon": -73.601307940606986, "centroid_lat": 45.428972174097325, "occurrences_today": 17, "datetimes_today": "2026-08-21 08:46:42, 2026-08-21 09:01:45, 2026-08-21 10:25:23, 2026-08-21 10:46:39, 2026-08-21 11:00:53, 2026-08-21 11:17:01, 2026-08-21 11:34:22, 2026-08-21 11:47:06, 2026-08-21 12:02:03, 2026-08-21 12:16:43, 2026-08-21 12:31:50, 2026-08-21 12:46:48, 2026-08-21 13:01:53, 2026-08-21 13:16:57, 2026-08-21 13:31:42, 2026-08-21 13:46:54, 2026-08-21 14:16:48", "cumulative_total": 261.0 }, "geometry": { "type": "Polygon", "coordinates": [ [ [ -73.601436263341967, 45.423776849523179 ], [ -73.607761739779534, 45.426452587047258 ], [ -73.607633985399801, 45.431647923173223 ], [ -73.601179582860055, 45.434167493641745 ], [ -73.594853573085047, 45.431491388434416 ], [ -73.594982499175529, 45.426296080506141 ], [ -73.601436263341967, 45.423776849523179 ] ] ] } },
{ "type": "Feature", "properties": { "hex_id": 584296, "centroid_lon": -73.464799925883668, "centroid_lat": 45.512966918560721, "occurrences_today": 11, "datetimes_today": "2026-08-21 06:17:37, 2026-08-21 06:31:49, 2026-08-21 06:47:00, 2026-08-21 07:16:08, 2026-08-21 07:43:49, 2026-08-21 08:01:54, 2026-08-21 08:16:52, 2026-08-21 08:31:42, 2026-08-21 08:46:42, 2026-08-21 09:01:45, 2026-08-21 10:25:23", "cumulative_total": 310.0 }, "geometry": { "type": "Polygon", "coordinates": [ [ [ -73.464941182568111, 45.507771988154559 ], [ -73.471269299934207, 45.510455286329687 ], [ -73.471128612270221, 45.51565022965589 ], [ -73.464658630621813, 45.518161843879 ], [ -73.458329982819151, 45.515478175689147 ], [ -73.458471847088489, 45.510283263355404 ], [ -73.464941182568111, 45.507771988154559 ] ] ] } },
{ "type": "Feature", "properties": { "hex_id": 571478, "centroid_lon": -73.598217664338975, "centroid_lat": 45.553658454763983, "occurrences_today": 12, "datetimes_today": "2026-08-21 11:34:22, 2026-08-21 11:47:06, 2026-08-21 12:02:03, 2026-08-21 12:16:43, 2026-08-21 12:31:50, 2026-08-21 12:46:48, 2026-08-21 13:01:53, 2026-08-21 13:16:57, 2026-08-21 13:31:42, 2026-08-21 13:46:54, 2026-08-21 14:16:48, 2026-08-21 14:31:53", "cumulative_total": 355.0 }, "geometry": { "type": "Polygon", "coordinates": [ [ [ -73.598346830608662, 45.548463250926488 ], [ -73.604685990141363, 45.551139266391189 ], [ -73.604557395933639, 45.556334481841219 ], [ -73.598088462774342, 45.558853653569749 ], [ -73.591748766480507, 45.55617726881389 ], [ -73.59187854009528, 45.550982081685241 ], [ -73.598346830608662, 45.548463250926488 ] ] ] } },
{ "type": "Feature", "properties": { "hex_id": 572088, "centroid_lon": -73.592008278260096, "centroid_lat": 45.545786889522326, "occurrences_today": 12, "datetimes_today": "2026-08-21 11:34:22, 2026-08-21 11:47:06, 2026-08-21 12:02:03, 2026-08-21 12:16:43, 2026-08-21 12:31:50, 2026-08-21 12:46:48, 2026-08-21 13:01:53, 2026-08-21 13:16:57, 2026-08-21 13:31:42, 2026-08-21 13:46:54, 2026-08-21 14:16:48, 2026-08-21 14:31:53", "cumulative_total": 225.0 }, "geometry": { "type": "Polygon", "coordinates": [ [ [ -73.592137980986863, 45.540591692325208 ], [ -73.598475961595298, 45.543268042057356 ], [ -73.598346830608662, 45.548463250926488 ], [ -73.59187854009528, 45.550982081685241 ], [ -73.585540023190703, 45.5483053627039 ], [ -73.585670333083741, 45.543110182277566 ], [ -73.592137980986863, 45.540591692325208 ] ] ] } },
{ "type": "Feature", "properties": { "hex_id": 506178, "centroid_lon": -74.278873413839932, "centroid_lat": 45.926343782727173, "occurrences_today": 3, "datetimes_today": "2026-08-21 14:31:53, 2026-08-21 14:46:42, 2026-08-21 15:01:45", "cumulative_total": 29.0 }, "geometry": { "type": "Polygon", "coordinates": [ [ [ -74.278940735328803, 45.921147773933576 ], [ -74.285354972335242, 45.923786285135805 ], [ -74.285288243539981, 45.928982298820202 ], [ -74.278806073866818, 45.931539786698409 ], [ -74.272391262654153, 45.928900907966295 ], [ -74.272459195314596, 45.923704908951436 ], [ -74.278940735328803, 45.921147773933576 ] ] ] } },
{ "type": "Feature", "properties": { "hex_id": 929990, "centroid_lon": -69.623775688104161, "centroid_lat": 47.750866009166785, "occurrences_today": 1, "datetimes_today": "2026-08-21 07:43:49", "cumulative_total": 14.0 }, "geometry": { "type": "Polygon", "coordinates": [ [ [ -69.624309845998525, 47.74569413301483 ], [ -69.630683893508163, 47.748591871936483 ], [ -69.630150312994331, 47.753763799660319 ], [ -69.623241380548507, 47.756037876103349 ], [ -69.616866905346114, 47.753139705088493 ], [ -69.617401790229323, 47.747967889791695 ], [ -69.624309845998525, 47.74569413301483 ] ] ] } },
{ "type": "Feature", "properties": { "hex_id": 930601, "centroid_lon": -69.616331870594706, "centroid_lat": 47.758311511158034, "occurrences_today": 1, "datetimes_today": "2026-08-21 07:43:49", "cumulative_total": 15.0 }, "geometry": { "type": "Polygon", "coordinates": [ [ [ -69.616866905346114, 47.753139705088493 ], [ -69.623241380548507, 47.756037876103349 ], [ -69.622706923278571, 47.761209733822845 ], [ -69.615796685922035, 47.76348330799869 ], [ -69.609421783185979, 47.760584704729794 ], [ -69.609957545287045, 47.755412959607007 ], [ -69.616866905346114, 47.753139705088493 ] ] ] } },
{ "type": "Feature", "properties": { "hex_id": 931211, "centroid_lon": -69.610493157312959, "centroid_lat": 47.750241205245096, "occurrences_today": 1, "datetimes_today": "2026-08-21 07:43:49", "cumulative_total": 14.0 }, "geometry": { "type": "Polygon", "coordinates": [ [ [ -69.611028619316826, 47.745069441645718 ], [ -69.617401790229323, 47.747967889791695 ], [ -69.616866905346114, 47.753139705088493 ], [ -69.609957545287045, 47.755412959607007 ], [ -69.603583947302482, 47.752514079280473 ], [ -69.604120136395935, 47.747342376683847 ], [ -69.611028619316826, 47.745069441645718 ] ] ] } },
{ "type": "Feature", "properties": { "hex_id": 576380, "centroid_lon": -73.539702032796981, "centroid_lat": 45.833545447692977, "occurrences_today": 4, "datetimes_today": "2026-08-21 10:25:23, 2026-08-21 10:46:39, 2026-08-21 11:00:53, 2026-08-21 11:17:01", "cumulative_total": 149.0 }, "geometry": { "type": "Polygon", "coordinates": [ [ [ -73.539837908963122, 45.828350632174683 ], [ -73.546205570716978, 45.831030119050055 ], [ -73.546070274331527, 45.836224946830903 ], [ -73.539566119375962, 45.838740258153798 ], [ -73.533197915102591, 45.836060397868771 ], [ -73.533334408291708, 45.830865599735723 ], [ -73.539837908963122, 45.828350632174683 ] ] ] } },
{ "type": "Feature", "properties": { "hex_id": 815105, "centroid_lon": -71.004884247615067, "centroid_lat": 46.076991760061901, "occurrences_today": 8, "datetimes_today": "2026-08-21 09:01:45, 2026-08-21 10:25:23, 2026-08-21 10:46:39, 2026-08-21 11:00:53, 2026-08-21 11:17:01, 2026-08-21 11:34:22, 2026-08-21 11:47:06, 2026-08-21 12:02:03", "cumulative_total": 23.0 }, "geometry": { "type": "Polygon", "coordinates": [ [ [ -71.0052588875228, 46.071808122181565 ], [ -71.01152180794665, 46.074625567489278 ], [ -71.011147717695764, 46.079809242410626 ], [ -71.004509504891359, 46.082175390856136 ], [ -70.998246137644102, 46.079357547063644 ], [ -70.998621429989768, 46.074173953375215 ], [ -71.0052588875228, 46.071808122181565 ] ] ] } },
{ "type": "Feature", "properties": { "hex_id": 816326, "centroid_lon": -70.991983422998587, "centroid_lat": 46.076539378978794, "occurrences_today": 8, "datetimes_today": "2026-08-21 09:01:45, 2026-08-21 10:25:23, 2026-08-21 10:46:39, 2026-08-21 11:00:53, 2026-08-21 11:17:01, 2026-08-21 11:34:22, 2026-08-21 11:47:06, 2026-08-21 12:02:03", "cumulative_total": 23.0 }, "geometry": { "type": "Polygon", "coordinates": [ [ [ -70.992359264784895, 46.071355822453803 ], [ -70.998621429989768, 46.074173953375215 ], [ -70.998246137644102, 46.079357547063644 ], [ -70.991607478068673, 46.081722928402584 ], [ -70.985344866584271, 46.078904398900377 ], [ -70.985721360919811, 46.07372088670482 ], [ -70.992359264784895, 46.071355822453803 ] ] ] } },
{ "type": "Feature", "properties": { "hex_id": 565376, "centroid_lon": -73.66114822293116, "centroid_lat": 45.601184357750576, "occurrences_today": 4, "datetimes_today": "2026-08-21 10:25:23, 2026-08-21 10:46:39, 2026-08-21 11:00:53, 2026-08-21 11:17:01", "cumulative_total": 346.0 }, "geometry": { "type": "Polygon", "coordinates": [ [ [ -73.66127179610433, 45.595989060610677 ], [ -73.667619323978798, 45.598661655220738 ], [ -73.667496325159732, 45.603856963361395 ], [ -73.661024615971087, 45.606379649883372 ], [ -73.654676547535146, 45.603706685967445 ], [ -73.654800728837941, 45.59851140490013 ], [ -73.66127179610433, 45.595989060610677 ] ] ] } },
{ "type": "Feature", "properties": { "hex_id": 568425, "centroid_lon": -73.630427406223561, "centroid_lat": 45.546254052926017, "occurrences_today": 8, "datetimes_today": "2026-08-21 04:46:54, 2026-08-21 05:01:44, 2026-08-21 05:32:00, 2026-08-21 05:46:49, 2026-08-21 06:01:46, 2026-08-21 06:17:37, 2026-08-21 06:31:49, 2026-08-21 06:47:00", "cumulative_total": 252.0 }, "geometry": { "type": "Polygon", "coordinates": [ [ [ -73.630553572554504, 45.541058771571045 ], [ -73.636893478150725, 45.543733010672007 ], [ -73.63676788409532, 45.548928303319059 ], [ -73.630301205420025, 45.551449329262169 ], [ -73.623960762026613, 45.548774721264948 ], [ -73.624087535094105, 45.543579456285443 ], [ -73.630553572554504, 45.541058771571045 ] ] ] } },
{ "type": "Feature", "properties": { "hex_id": 569036, "centroid_lon": -73.623833954319807, "centroid_lat": 45.553969981223062, "occurrences_today": 8, "datetimes_today": "2026-08-21 04:46:54, 2026-08-21 05:01:44, 2026-08-21 05:32:00, 2026-08-21 05:46:49, 2026-08-21 06:01:46, 2026-08-21 06:17:37, 2026-08-21 06:31:49, 2026-08-21 06:47:00", "cumulative_total": 148.0 }, "geometry": { "type": "Polygon", "coordinates": [ [ [ -73.623960762026613, 45.548774721264948 ], [ -73.630301205420025, 45.551449329262169 ], [ -73.630174970132344, 45.556644600579439 ], [ -73.623707111962048, 45.559165236159707 ], [ -73.617366130806289, 45.556490259106681 ], [ -73.617493545571534, 45.551295015593801 ], [ -73.623960762026613, 45.548774721264948 ] ] ] } },
{ "type": "Feature", "properties": { "hex_id": 509848, "centroid_lon": -74.238690439380719, "centroid_lat": 46.035207203521686, "occurrences_today": 20, "datetimes_today": "2026-08-21 16:12:55, 2026-08-21 16:31:46, 2026-08-21 16:58:55, 2026-08-21 17:16:44, 2026-08-21 17:31:41, 2026-08-21 17:45:55, 2026-08-21 18:00:50, 2026-08-21 18:16:53, 2026-08-21 18:46:45, 2026-08-21 19:01:42, 2026-08-21 19:13:27, 2026-08-21 19:31:56, 2026-08-21 19:57:57, 2026-08-21 20:17:05, 2026-08-21 20:32:12, 2026-08-21 20:46:51, 2026-08-21 21:01:46, 2026-08-21 21:21:27, 2026-08-21 21:31:41, 2026-08-21 21:46:38", "cumulative_total": 143.0 }, "geometry": { "type": "Polygon", "coordinates": [ [ [ -74.238761782261108, 46.030011341357536 ], [ -74.245186598490221, 46.032652123792673 ], [ -74.245115851190832, 46.037847991266922 ], [ -74.238619076885314, 46.040403060855148 ], [ -74.232193684693513, 46.037761909105846 ], [ -74.232265642763252, 46.032566057148287 ], [ -74.238761782261108, 46.030011341357536 ] ] ] } },
{ "type": "Feature", "properties": { "hex_id": 510458, "centroid_lon": -74.232337581054992, "centroid_lat": 46.027370200358625, "occurrences_today": 20, "datetimes_today": "2026-08-21 16:12:55, 2026-08-21 16:31:46, 2026-08-21 16:58:55, 2026-08-21 17:16:44, 2026-08-21 17:31:41, 2026-08-21 17:45:55, 2026-08-21 18:00:50, 2026-08-21 18:16:53, 2026-08-21 18:46:45, 2026-08-21 19:01:42, 2026-08-21 19:13:27, 2026-08-21 19:31:56, 2026-08-21 19:57:57, 2026-08-21 20:17:05, 2026-08-21 20:32:12, 2026-08-21 20:46:51, 2026-08-21 21:01:46, 2026-08-21 21:21:27, 2026-08-21 21:31:41, 2026-08-21 21:46:38", "cumulative_total": 164.0 }, "geometry": { "type": "Polygon", "coordinates": [ [ [ -74.232409499575454, 46.022174338736839 ], [ -74.238833105533217, 46.024815474362761 ], [ -74.238761782261108, 46.030011341357536 ], [ -74.232265642763252, 46.032566057148287 ], [ -74.225841461331768, 46.029924552246541 ], [ -74.225913994865152, 46.0247287008957 ], [ -74.232409499575454, 46.022174338736839 ] ] ] } },
{ "type": "Feature", "properties": { "hex_id": 510459, "centroid_lon": -74.232121706839038, "centroid_lat": 46.042957756231282, "occurrences_today": 20, "datetimes_today": "2026-08-21 16:12:55, 2026-08-21 16:31:46, 2026-08-21 16:58:55, 2026-08-21 17:16:44, 2026-08-21 17:31:41, 2026-08-21 17:45:55, 2026-08-21 18:00:50, 2026-08-21 18:16:53, 2026-08-21 18:46:45, 2026-08-21 19:01:42, 2026-08-21 19:13:27, 2026-08-21 19:31:56, 2026-08-21 19:57:57, 2026-08-21 20:17:05, 2026-08-21 20:32:12, 2026-08-21 20:46:51, 2026-08-21 21:01:46, 2026-08-21 21:21:27, 2026-08-21 21:31:41, 2026-08-21 21:46:38", "cumulative_total": 75.0 }, "geometry": { "type": "Polygon", "coordinates": [ [ [ -74.232193684693513, 46.037761909105846 ], [ -74.238619076885314, 46.040403060855148 ], [ -74.238547694768243, 46.045598913357985 ], [ -74.232049709193092, 46.048153598524628 ], [ -74.225623741058712, 46.045512077297637 ], [ -74.225696334435341, 46.040316240447495 ], [ -74.232193684693513, 46.037761909105846 ] ] ] } },
{ "type": "Feature", "properties": { "hex_id": 511069, "centroid_lon": -74.225768907857429, "centroid_lat": 46.035120398763816, "occurrences_today": 20, "datetimes_today": "2026-08-21 16:12:55, 2026-08-21 16:31:46, 2026-08-21 16:58:55, 2026-08-21 17:16:44, 2026-08-21 17:31:41, 2026-08-21 17:45:55, 2026-08-21 18:00:50, 2026-08-21 18:16:53, 2026-08-21 18:46:45, 2026-08-21 19:01:42, 2026-08-21 19:13:27, 2026-08-21 19:31:56, 2026-08-21 19:57:57, 2026-08-21 20:17:05, 2026-08-21 20:32:12, 2026-08-21 20:46:51, 2026-08-21 21:01:46, 2026-08-21 21:21:27, 2026-08-21 21:31:41, 2026-08-21 21:46:38", "cumulative_total": 180.0 }, "geometry": { "type": "Polygon", "coordinates": [ [ [ -74.225841461331768, 46.029924552246541 ], [ -74.232265642763252, 46.032566057148287 ], [ -74.232193684693513, 46.037761909105846 ], [ -74.225696334435341, 46.040316240447495 ], [ -74.219271577550401, 46.037674366106494 ], [ -74.219344746370297, 46.032478529928888 ], [ -74.225841461331768, 46.029924552246541 ] ] ] } },
{ "type": "Feature", "properties": { "hex_id": 562927, "centroid_lon": -73.689325232353212, "centroid_lat": 45.492378593872026, "occurrences_today": 2, "datetimes_today": "2026-08-21 17:45:55, 2026-08-21 18:00:50", "cumulative_total": 162.0 }, "geometry": { "type": "Polygon", "coordinates": [ [ [ -73.68944574742288, 45.487183138181557 ], [ -73.695782524719903, 45.489854096466686 ], [ -73.695662581097253, 45.495049562853843 ], [ -73.689204684375653, 45.497574044566669 ], [ -73.682867368545033, 45.494902718619329 ], [ -73.682988487958553, 45.48970727868587 ], [ -73.68944574742288, 45.487183138181557 ] ] ] } },
{ "type": "Feature", "properties": { "hex_id": 785846, "centroid_lon": -71.267031167841481, "centroid_lat": 46.787394903978516, "occurrences_today": 1, "datetimes_today": "2026-08-21 10:25:23", "cumulative_total": 404.0 }, "geometry": { "type": "Polygon", "coordinates": [ [ [ -71.267390046862019, 46.782210307695962 ], [ -71.273747219533874, 46.785015909084052 ], [ -71.273388915777488, 46.790200540372183 ], [ -71.266672189383257, 46.792579493426565 ], [ -71.260314540902158, 46.789773486096557 ], [ -71.260674094590101, 46.784588931720712 ], [ -71.267390046862019, 46.782210307695962 ] ] ] } },
{ "type": "Feature", "properties": { "hex_id": 573312, "centroid_lon": -73.578022569888091, "centroid_lat": 45.592384588784441, "occurrences_today": 18, "datetimes_today": "2026-08-21 08:31:42, 2026-08-21 08:46:42, 2026-08-21 09:01:45, 2026-08-21 10:25:23, 2026-08-21 10:46:39, 2026-08-21 11:00:53, 2026-08-21 11:17:01, 2026-08-21 11:34:22, 2026-08-21 11:47:06, 2026-08-21 12:02:03, 2026-08-21 12:16:43, 2026-08-21 12:31:50, 2026-08-21 12:46:48, 2026-08-21 13:01:53, 2026-08-21 13:16:57, 2026-08-21 13:31:42, 2026-08-21 13:46:54, 2026-08-21 14:16:48", "cumulative_total": 352.0 }, "geometry": { "type": "Polygon", "coordinates": [ [ [ -73.578153773614019, 45.587189465514491 ], [ -73.584496261263496, 45.58986662478123 ], [ -73.584365630494986, 45.595061759872991 ], [ -73.577891330293994, 45.597579707014226 ], [ -73.571548305561294, 45.594902177775907 ], [ -73.571680118100744, 45.58970707143262 ], [ -73.578153773614019, 45.587189465514491 ] ] ] } },
{ "type": "Feature", "properties": { "hex_id": 500666, "centroid_lon": -74.340134819905387, "centroid_lat": 45.653894982757208, "occurrences_today": 4, "datetimes_today": "2026-08-21 09:01:45, 2026-08-21 10:25:23, 2026-08-21 10:46:39, 2026-08-21 11:00:53", "cumulative_total": 226.0 }, "geometry": { "type": "Polygon", "coordinates": [ [ [ -74.340195840237641, 45.648698658043621 ], [ -74.346581973729329, 45.651333702466211 ], [ -74.346521538426018, 45.656530031421504 ], [ -74.340073782874995, 45.659091302659832 ], [ -74.333687081055302, 45.656455894762253 ], [ -74.333748703109009, 45.651259579166293 ], [ -74.340195840237641, 45.648698658043621 ] ] ] } },
{ "type": "Feature", "properties": { "hex_id": 564148, "centroid_lon": -73.676530657218649, "centroid_lat": 45.492231046504109, "occurrences_today": 2, "datetimes_today": "2026-08-21 17:45:55, 2026-08-21 18:00:50", "cumulative_total": 73.0 }, "geometry": { "type": "Polygon", "coordinates": [ [ [ -73.67665234790222, 45.487035617393921 ], [ -73.682988487958553, 45.48970727868587 ], [ -73.682867368545033, 45.494902718619329 ], [ -73.676408933306405, 45.49742647061364 ], [ -73.670072255214293, 45.494754441541417 ], [ -73.670194550385403, 45.48955902831964 ], [ -73.67665234790222, 45.487035617393921 ] ] ] } },
{ "type": "Feature", "properties": { "hex_id": 544623, "centroid_lon": -73.877844406362243, "centroid_lat": 45.665879269254191, "occurrences_today": 23, "datetimes_today": "2026-08-21 10:25:23, 2026-08-21 10:46:39, 2026-08-21 11:00:53, 2026-08-21 11:17:01, 2026-08-21 11:34:22, 2026-08-21 11:47:06, 2026-08-21 12:02:03, 2026-08-21 12:16:43, 2026-08-21 12:31:50, 2026-08-21 12:46:48, 2026-08-21 13:01:53, 2026-08-21 13:16:57, 2026-08-21 13:31:42, 2026-08-21 13:46:54, 2026-08-21 14:16:48, 2026-08-21 14:31:53, 2026-08-21 14:46:42, 2026-08-21 15:01:45, 2026-08-21 15:17:04, 2026-08-21 15:31:51, 2026-08-21 15:46:43, 2026-08-21 16:12:55, 2026-08-21 16:31:46", "cumulative_total": 210.0 }, "geometry": { "type": "Polygon", "coordinates": [ [ [ -73.877948215546596, 45.660683608492342 ], [ -73.884313522904591, 45.663344295840965 ], [ -73.884210292972853, 45.668539965465072 ], [ -73.877740568770065, 45.671074925085861 ], [ -73.871374710572027, 45.6684138696559 ], [ -73.87147912740727, 45.663218222751397 ], [ -73.877948215546596, 45.660683608492342 ] ] ] } },
{ "type": "Feature", "properties": { "hex_id": 664937, "centroid_lon": -72.583491953368508, "centroid_lat": 46.355149450248746, "occurrences_today": 2, "datetimes_today": "2026-08-21 21:01:46, 2026-08-21 21:21:27", "cumulative_total": 96.0 }, "geometry": { "type": "Polygon", "coordinates": [ [ [ -72.583720886319313, 46.349958048163664 ], [ -72.590099314329109, 46.35269084912121 ], [ -72.589870963583152, 46.357882273109645 ], [ -72.583262957267735, 46.360340846725066 ], [ -72.576884010213845, 46.357607656847108 ], [ -72.577113588497824, 46.352416282340315 ], [ -72.583720886319313, 46.349958048163664 ] ] ] } },
{ "type": "Feature", "properties": { "hex_id": 623375, "centroid_lon": -73.051559306491555, "centroid_lat": 45.615796734861256, "occurrences_today": 6, "datetimes_today": "2026-08-21 10:25:23, 2026-08-21 10:46:39, 2026-08-21 11:00:53, 2026-08-21 11:17:01, 2026-08-21 11:34:22, 2026-08-21 11:47:06", "cumulative_total": 29.0 }, "geometry": { "type": "Polygon", "coordinates": [ [ [ -73.051739216831621, 45.610603039344475 ], [ -73.058058288244027, 45.613309054231443 ], [ -73.057878944294117, 45.618502766764657 ], [ -73.051379346967337, 45.620990425081445 ], [ -73.045059758357169, 45.618284035089054 ], [ -73.045240284254987, 45.613090361949887 ], [ -73.051739216831621, 45.610603039344475 ] ] ] } },
{ "type": "Feature", "properties": { "hex_id": 612410, "centroid_lon": -73.154622313915425, "centroid_lat": 45.991664002381533, "occurrences_today": 2, "datetimes_today": "2026-08-21 15:31:51, 2026-08-21 15:46:43", "cumulative_total": 62.0 }, "geometry": { "type": "Polygon", "coordinates": [ [ [ -73.154794958617714, 45.986470340035019 ], [ -73.161161287813343, 45.989171209927449 ], [ -73.160989222361621, 45.994364888399481 ], [ -73.154449621792708, 45.99685765948351 ], [ -73.148082760774983, 45.994156410580125 ], [ -73.148256032132153, 45.988962769669165 ], [ -73.154794958617714, 45.986470340035019 ] ] ] } },
{ "type": "Feature", "properties": { "hex_id": 937321, "centroid_lon": -69.535939324565561, "centroid_lat": 47.824661051092001, "occurrences_today": 1, "datetimes_today": "2026-08-21 07:43:49", "cumulative_total": 140.0 }, "geometry": { "type": "Polygon", "coordinates": [ [ [ -69.536483587744542, 47.819489994755742 ], [ -69.54286102216507, 47.822392771945694 ], [ -69.542317337110319, 47.827563880761808 ], [ -69.535394908753048, 47.829832098054545 ], [ -69.529017048868894, 47.826928887075191 ], [ -69.529562042751508, 47.821757892660514 ], [ -69.536483587744542, 47.819489994755742 ] ] ] } },
{ "type": "Feature", "properties": { "hex_id": 1254818, "centroid_lon": -65.997657267409267, "centroid_lat": 48.17773001927857, "occurrences_today": 1, "datetimes_today": "2026-08-21 00:02:03", "cumulative_total": 10.0 }, "geometry": { "type": "Polygon", "coordinates": [ [ [ -65.998562784756771, 48.172599712615302 ], [ -66.004752820700531, 48.175689194396568 ], [ -66.003847822910117, 48.180819586204457 ], [ -65.996751496791219, 48.182860308510151 ], [ -65.990561194605718, 48.179770366251795 ], [ -65.991467484691299, 48.174640162229714 ], [ -65.998562784756771, 48.172599712615302 ] ] ] } },
{ "type": "Feature", "properties": { "hex_id": 558658, "centroid_lon": -73.732532498949809, "centroid_lat": 45.563023119676068, "occurrences_today": 1, "datetimes_today": "2026-08-21 08:46:42", "cumulative_total": 138.0 }, "geometry": { "type": "Polygon", "coordinates": [ [ [ -73.732649329111553, 45.557827640211045 ], [ -73.738996069076634, 45.560496275459123 ], [ -73.738879813078555, 45.565691765208662 ], [ -73.732415636858647, 45.568218594161024 ], [ -73.726068354664704, 45.565549590761997 ], [ -73.726185790908801, 45.560354126626194 ], [ -73.732649329111553, 45.557827640211045 ] ] ] } },
{ "type": "Feature", "properties": { "hex_id": 556827, "centroid_lon": -73.751576259641965, "centroid_lat": 45.571028013326888, "occurrences_today": 75, "datetimes_today": "2026-08-21 00:02:03, 2026-08-21 00:31:50, 2026-08-21 00:46:51, 2026-08-21 01:16:47, 2026-08-21 01:46:44, 2026-08-21 02:17:25, 2026-08-21 02:46:57, 2026-08-21 03:01:52, 2026-08-21 03:15:11, 2026-08-21 03:31:57, 2026-08-21 03:48:01, 2026-08-21 04:16:56, 2026-08-21 04:30:50, 2026-08-21 04:46:54, 2026-08-21 05:01:44, 2026-08-21 05:32:00, 2026-08-21 05:46:49, 2026-08-21 06:01:46, 2026-08-21 06:17:37, 2026-08-21 06:31:49, 2026-08-21 06:47:00, 2026-08-21 07:16:08, 2026-08-21 07:43:49, 2026-08-21 08:01:54, 2026-08-21 08:16:52, 2026-08-21 08:31:42, 2026-08-21 08:46:42, 2026-08-21 09:01:45, 2026-08-21 10:25:23, 2026-08-21 10:46:39, 2026-08-21 11:00:53, 2026-08-21 11:17:01, 2026-08-21 11:34:22, 2026-08-21 11:47:06, 2026-08-21 12:02:03, 2026-08-21 12:16:43, 2026-08-21 12:31:50, 2026-08-21 12:46:48, 2026-08-21 13:01:53, 2026-08-21 13:16:57, 2026-08-21 13:31:42, 2026-08-21 13:46:54, 2026-08-21 14:16:48, 2026-08-21 14:31:53, 2026-08-21 14:46:42, 2026-08-21 15:01:45, 2026-08-21 15:17:04, 2026-08-21 15:31:51, 2026-08-21 15:46:43, 2026-08-21 16:12:55, 2026-08-21 16:31:46, 2026-08-21 16:58:55, 2026-08-21 17:16:44, 2026-08-21 17:31:41, 2026-08-21 17:45:55, 2026-08-21 18:00:50, 2026-08-21 18:16:53, 2026-08-21 18:46:45, 2026-08-21 19:01:42, 2026-08-21 19:13:27, 2026-08-21 19:31:56, 2026-08-21 19:57:57, 2026-08-21 20:17:05, 2026-08-21 20:32:12, 2026-08-21 20:46:51, 2026-08-21 21:01:46, 2026-08-21 21:21:27, 2026-08-21 21:31:41, 2026-08-21 21:46:38, 2026-08-21 22:01:50, 2026-08-21 22:32:24, 2026-08-21 22:46:49, 2026-08-21 23:01:48, 2026-08-21 23:32:25, 2026-08-21 23:46:58", "cumulative_total": 408.0 }, "geometry": { "type": "Polygon", "coordinates": [ [ [ -73.751691366813219, 45.565832503195409 ], [ -73.758039924605995, 45.568500095486094 ], [ -73.757925392097903, 45.573695615714989 ], [ -73.751461121008887, 45.576223518485186 ], [ -73.745112020020059, 45.573555558121413 ], [ -73.745227733305711, 45.568360063125191 ], [ -73.751691366813219, 45.565832503195409 ] ] ] } },
{ "type": "Feature", "properties": { "hex_id": 561697, "centroid_lon": -73.705330668248621, "centroid_lat": 45.352244942544807, "occurrences_today": 9, "datetimes_today": "2026-08-21 11:34:22, 2026-08-21 11:47:06, 2026-08-21 12:02:03, 2026-08-21 12:16:43, 2026-08-21 12:31:50, 2026-08-21 12:46:48, 2026-08-21 13:01:53, 2026-08-21 13:16:57, 2026-08-21 13:31:42", "cumulative_total": 378.0 }, "geometry": { "type": "Polygon", "coordinates": [ [ [ -73.705449131933719, 45.347049325800739 ], [ -73.711771170554414, 45.34971929642726 ], [ -73.711653274328313, 45.354914923678358 ], [ -73.705212172269697, 45.357440554299735 ], [ -73.698889598489259, 45.354770217929129 ], [ -73.69900866191638, 45.349574616745393 ], [ -73.705449131933719, 45.347049325800739 ] ] ] } },
{ "type": "Feature", "properties": { "hex_id": 545218, "centroid_lon": -73.876251577986466, "centroid_lat": 45.424213134095552, "occurrences_today": 7, "datetimes_today": "2026-08-21 07:16:08, 2026-08-21 07:43:49, 2026-08-21 08:01:54, 2026-08-21 08:16:52, 2026-08-21 08:31:42, 2026-08-21 08:46:42, 2026-08-21 09:01:45", "cumulative_total": 184.0 }, "geometry": { "type": "Polygon", "coordinates": [ [ [ -73.876354662582656, 45.419017255423206 ], [ -73.882692893849239, 45.42167788466864 ], [ -73.882590381150791, 45.426873772171788 ], [ -73.876148465262958, 45.429409007837727 ], [ -73.869809690230639, 45.426748013551759 ], [ -73.869913374842469, 45.421552148704755 ], [ -73.876354662582656, 45.419017255423206 ] ] ] } },
{ "type": "Feature", "properties": { "hex_id": 528759, "centroid_lon": -74.04231069843361, "centroid_lat": 45.807684913820744, "occurrences_today": 8, "datetimes_today": "2026-08-21 04:16:56, 2026-08-21 04:30:50, 2026-08-21 04:46:54, 2026-08-21 05:01:44, 2026-08-21 05:32:00, 2026-08-21 05:46:49, 2026-08-21 06:01:46, 2026-08-21 06:17:37", "cumulative_total": 121.0 }, "geometry": { "type": "Polygon", "coordinates": [ [ [ -74.04239973360005, 45.802489111441993 ], [ -74.048789023712729, 45.80514075937279 ], [ -74.048700574374863, 45.810336568998387 ], [ -74.042221638858578, 45.81288071131894 ], [ -74.035831787330054, 45.810228695076368 ], [ -74.035921432725402, 45.805032904890261 ], [ -74.04239973360005, 45.802489111441993 ] ] ] } },
{ "type": "Feature", "properties": { "hex_id": 790723, "centroid_lon": -71.222358870144589, "centroid_lat": 46.676803454555689, "occurrences_today": 8, "datetimes_today": "2026-08-21 19:01:42, 2026-08-21 19:13:27, 2026-08-21 19:31:56, 2026-08-21 19:57:57, 2026-08-21 20:17:05, 2026-08-21 20:32:12, 2026-08-21 20:46:51, 2026-08-21 21:01:46", "cumulative_total": 84.0 }, "geometry": { "type": "Polygon", "coordinates": [ [ [ -71.222720638308076, 46.671619023440968 ], [ -71.229062685803754, 46.674426706177599 ], [ -71.228701488773453, 46.67961117265564 ], [ -71.221997001896, 46.681987878792647 ], [ -71.215654483369491, 46.679179791254853 ], [ -71.216016922716747, 46.673995402447545 ], [ -71.222720638308076, 46.671619023440968 ] ] ] } },
{ "type": "Feature", "properties": { "hex_id": 587365, "centroid_lon": -73.425617913914763, "centroid_lat": 45.769671144270689, "occurrences_today": 3, "datetimes_today": "2026-08-21 00:02:03, 2026-08-21 00:31:50, 2026-08-21 00:46:51", "cumulative_total": 543.0 }, "geometry": { "type": "Polygon", "coordinates": [ [ [ -73.425764076873492, 45.764476544830906 ], [ -73.432118907922188, 45.767162253902718 ], [ -73.431973321212453, 45.77235686671915 ], [ -73.425471710914437, 45.774865738603033 ], [ -73.41911634366511, 45.772179655878787 ], [ -73.419263122900901, 45.766985074988177 ], [ -73.425764076873492, 45.764476544830906 ] ] ] } },
{ "type": "Feature", "properties": { "hex_id": 784631, "centroid_lon": -71.273650762672176, "centroid_lat": 46.881144122633934, "occurrences_today": 6, "datetimes_today": "2026-08-21 11:34:22, 2026-08-21 11:47:06, 2026-08-21 12:02:03, 2026-08-21 12:16:43, 2026-08-21 12:31:50, 2026-08-21 12:46:48", "cumulative_total": 221.0 }, "geometry": { "type": "Polygon", "coordinates": [ [ [ -71.274010180827162, 46.875959572448252 ], [ -71.280378509644265, 46.878765095919505 ], [ -71.280019669775186, 46.883949681109513 ], [ -71.273291244803531, 46.886328665986731 ], [ -71.266922437431475, 46.883522735347782 ], [ -71.267282533551423, 46.878338227066173 ], [ -71.274010180827162, 46.875959572448252 ] ] ] } },
{ "type": "Feature", "properties": { "hex_id": 785852, "centroid_lon": -71.260554308197555, "centroid_lat": 46.880716467662886, "occurrences_today": 33, "datetimes_today": "2026-08-21 11:34:22, 2026-08-21 11:47:06, 2026-08-21 12:02:03, 2026-08-21 12:16:43, 2026-08-21 12:31:50, 2026-08-21 12:46:48, 2026-08-21 13:01:53, 2026-08-21 13:16:57, 2026-08-21 13:31:42, 2026-08-21 13:46:54, 2026-08-21 14:16:48, 2026-08-21 14:31:53, 2026-08-21 14:46:42, 2026-08-21 15:01:45, 2026-08-21 15:17:04, 2026-08-21 15:31:51, 2026-08-21 15:46:43, 2026-08-21 16:12:55, 2026-08-21 16:31:46, 2026-08-21 16:58:55, 2026-08-21 17:16:44, 2026-08-21 17:31:41, 2026-08-21 17:45:55, 2026-08-21 18:00:50, 2026-08-21 18:16:53, 2026-08-21 18:46:45, 2026-08-21 19:01:42, 2026-08-21 19:13:27, 2026-08-21 19:31:56, 2026-08-21 19:57:57, 2026-08-21 20:17:05, 2026-08-21 20:32:12, 2026-08-21 20:46:51", "cumulative_total": 161.0 }, "geometry": { "type": "Polygon", "coordinates": [ [ [ -71.260914982378267, 46.875531994512329 ], [ -71.267282533551423, 46.878338227066173 ], [ -71.266922437431475, 46.883522735347782 ], [ -71.260193533956823, 46.88590093396585 ], [ -71.25382550480029, 46.88309429414317 ], [ -71.254186857067083, 46.87790986303812 ], [ -71.260914982378267, 46.875531994512329 ] ] ] } },
{ "type": "Feature", "properties": { "hex_id": 1386098, "centroid_lon": -64.502954137827388, "centroid_lat": 48.401001863551414, "occurrences_today": 3, "datetimes_today": "2026-08-21 17:45:55, 2026-08-21 18:00:50, 2026-08-21 18:16:53", "cumulative_total": 31.0 }, "geometry": { "type": "Polygon", "coordinates": [ [ [ -64.504016734548713, 48.395894728701762 ], [ -64.510127396064547, 48.399060912522415 ], [ -64.509065293058327, 48.404168145598696 ], [ -64.501891244237655, 48.406108976315693 ], [ -64.495780385927574, 48.402942322050372 ], [ -64.496843773127537, 48.397835307575825 ], [ -64.504016734548713, 48.395894728701762 ] ] ] } },
{ "type": "Feature", "properties": { "hex_id": 559265, "centroid_lon": -73.727358390441822, "centroid_lat": 45.508399211247315, "occurrences_today": 3, "datetimes_today": "2026-08-21 21:31:41, 2026-08-21 21:46:38, 2026-08-21 22:01:50", "cumulative_total": 101.0 }, "geometry": { "type": "Polygon", "coordinates": [ [ [ -73.727475474340949, 45.503203692308752 ], [ -73.733815876968308, 45.505872571670494 ], [ -73.733699365511612, 45.51106810093281 ], [ -73.72724127456506, 45.513594725204143 ], [ -73.720900331478234, 45.510925478334549 ], [ -73.721018019786698, 45.505729974765984 ], [ -73.727475474340949, 45.503203692308752 ] ] ] } },
{ "type": "Feature", "properties": { "hex_id": 562308, "centroid_lon": -73.698770502603892, "centroid_lat": 45.359965814121331, "occurrences_today": 9, "datetimes_today": "2026-08-21 11:34:22, 2026-08-21 11:47:06, 2026-08-21 12:02:03, 2026-08-21 12:16:43, 2026-08-21 12:31:50, 2026-08-21 12:46:48, 2026-08-21 13:01:53, 2026-08-21 13:16:57, 2026-08-21 13:31:42", "cumulative_total": 35.0 }, "geometry": { "type": "Polygon", "coordinates": [ [ [ -73.698889598489259, 45.354770217929129 ], [ -73.705212172269697, 45.357440554299735 ], [ -73.705093643986132, 45.362636161065474 ], [ -73.698651374249465, 45.365161405321921 ], [ -73.692328265341715, 45.362490703048621 ], [ -73.692447961287087, 45.357295122485745 ], [ -73.698889598489259, 45.354770217929129 ] ] ] } },
{ "type": "Feature", "properties": { "hex_id": 506186, "centroid_lon": -74.2772521383623, "centroid_lat": 46.051046547077419, "occurrences_today": 20, "datetimes_today": "2026-08-21 16:12:55, 2026-08-21 16:31:46, 2026-08-21 16:58:55, 2026-08-21 17:16:44, 2026-08-21 17:31:41, 2026-08-21 17:45:55, 2026-08-21 18:00:50, 2026-08-21 18:16:53, 2026-08-21 18:46:45, 2026-08-21 19:01:42, 2026-08-21 19:13:27, 2026-08-21 19:31:56, 2026-08-21 19:57:57, 2026-08-21 20:17:05, 2026-08-21 20:32:12, 2026-08-21 20:46:51, 2026-08-21 21:01:46, 2026-08-21 21:21:27, 2026-08-21 21:31:41, 2026-08-21 21:46:38", "cumulative_total": 262.0 }, "geometry": { "type": "Polygon", "coordinates": [ [ [ -74.277319905211115, 46.045850654018849 ], [ -74.283748411715735, 46.048489282975645 ], [ -74.283681241466155, 46.053685180957714 ], [ -74.277184352877811, 46.056242435313798 ], [ -74.270755268412813, 46.053603437217127 ], [ -74.2708236504902, 46.048407553970115 ], [ -74.277319905211115, 46.045850654018849 ] ] ] } },
{ "type": "Feature", "properties": { "hex_id": 561698, "centroid_lon": -73.704975083387126, "centroid_lat": 45.367831762841938, "occurrences_today": 9, "datetimes_today": "2026-08-21 11:34:22, 2026-08-21 11:47:06, 2026-08-21 12:02:03, 2026-08-21 12:16:43, 2026-08-21 12:31:50, 2026-08-21 12:46:48, 2026-08-21 13:01:53, 2026-08-21 13:16:57, 2026-08-21 13:31:42", "cumulative_total": 109.0 }, "geometry": { "type": "Polygon", "coordinates": [ [ [ -73.705093643986132, 45.362636161065474 ], [ -73.711417385444648, 45.365306163220069 ], [ -73.711299392765568, 45.37050177551054 ], [ -73.704856490461893, 45.373027359629042 ], [ -73.698532213415092, 45.370356991530812 ], [ -73.698651374249465, 45.365161405321921 ], [ -73.705093643986132, 45.362636161065474 ] ] ] } },
{ "type": "Feature", "properties": { "hex_id": 936710, "centroid_lon": -69.543404554794449, "centroid_lat": 47.817221653767902, "occurrences_today": 1, "datetimes_today": "2026-08-21 07:43:49", "cumulative_total": 111.0 }, "geometry": { "type": "Polygon", "coordinates": [ [ [ -69.543947935052472, 47.812050526230117 ], [ -69.550324943847144, 47.814952869791625 ], [ -69.549782141613335, 47.820124049730886 ], [ -69.54286102216507, 47.822392771945694 ], [ -69.536483587744542, 47.819489994755742 ], [ -69.537027698344119, 47.814318929047403 ], [ -69.543947935052472, 47.812050526230117 ] ] ] } },
{ "type": "Feature", "properties": { "hex_id": 748511, "centroid_lon": -71.753389636747201, "centroid_lat": 45.329007860905421, "occurrences_today": 5, "datetimes_today": "2026-08-21 04:30:50, 2026-08-21 04:46:54, 2026-08-21 05:01:44, 2026-08-21 05:32:00, 2026-08-21 05:46:49", "cumulative_total": 40.0 }, "geometry": { "type": "Polygon", "coordinates": [ [ [ -71.753686331892922, 45.323819248145739 ], [ -71.75990804510441, 45.326594629675014 ], [ -71.759611889340093, 45.331783271887396 ], [ -71.753092860852448, 45.334196467409356 ], [ -71.746870689022089, 45.331420703225994 ], [ -71.74716800427133, 45.326232126238232 ], [ -71.753686331892922, 45.323819248145739 ] ] ] } },
{ "type": "Feature", "properties": { "hex_id": 555606, "centroid_lon": -73.764389088362492, "centroid_lat": 45.571167339926802, "occurrences_today": 2, "datetimes_today": "2026-08-21 08:46:42, 2026-08-21 09:01:45", "cumulative_total": 219.0 }, "geometry": { "type": "Polygon", "coordinates": [ [ [ -73.764503014901607, 45.565971804694314 ], [ -73.770852209792181, 45.568638691215959 ], [ -73.77073885809321, 45.573834236418776 ], [ -73.764275130684055, 45.576362870190685 ], [ -73.757925392097903, 45.573695615714989 ], [ -73.758039924605995, 45.568500095486094 ], [ -73.764503014901607, 45.565971804694314 ] ] ] } },
{ "type": "Feature", "properties": { "hex_id": 799275, "centroid_lon": -71.125472368999738, "centroid_lat": 46.751505067510266, "occurrences_today": 1, "datetimes_today": "2026-08-21 02:46:57", "cumulative_total": 86.0 }, "geometry": { "type": "Polygon", "coordinates": [ [ [ -71.125844370472024, 46.746321291368069 ], [ -71.132189569331317, 46.749134437685804 ], [ -71.131818139730399, 46.754318250177491 ], [ -71.125100264520299, 46.756688836658704 ], [ -71.118754596814583, 46.75387528373971 ], [ -71.119127273129777, 46.748691551007205 ], [ -71.125844370472024, 46.746321291368069 ] ] ] } },
{ "type": "Feature", "properties": { "hex_id": 522618, "centroid_lon": -74.115492553642071, "centroid_lat": 45.247021224622763, "occurrences_today": 2, "datetimes_today": "2026-08-21 20:32:12, 2026-08-21 20:46:51", "cumulative_total": 112.0 }, "geometry": { "type": "Polygon", "coordinates": [ [ [ -74.11557319446932, 45.241824803193609 ], [ -74.121903216861256, 45.244472172270036 ], [ -74.121823145764409, 45.249668600126583 ], [ -74.115411890856024, 45.252217641190839 ], [ -74.109081320696163, 45.249569911572308 ], [ -74.109162553205294, 45.24437350149563 ], [ -74.11557319446932, 45.241824803193609 ] ] ] } },
{ "type": "Feature", "properties": { "hex_id": 942813, "centroid_lon": -69.480217997006989, "centroid_lat": 47.783009030430833, "occurrences_today": 1, "datetimes_today": "2026-08-21 07:43:49", "cumulative_total": 3.0 }, "geometry": { "type": "Polygon", "coordinates": [ [ [ -69.480766992218619, 47.777838420610045 ], [ -69.487136126052334, 47.780743993211104 ], [ -69.486587706632918, 47.785914655997971 ], [ -69.479668847942179, 47.788179630789095 ], [ -69.473299292196657, 47.785273624597558 ], [ -69.473849016999182, 47.780103077273232 ], [ -69.480766992218619, 47.777838420610045 ] ] ] } },
{ "type": "Feature", "properties": { "hex_id": 548274, "centroid_lon": -73.843186687641293, "centroid_lat": 45.478450122945645, "occurrences_today": 7, "datetimes_today": "2026-08-21 11:34:22, 2026-08-21 11:47:06, 2026-08-21 12:02:03, 2026-08-21 12:16:43, 2026-08-21 12:31:50, 2026-08-21 12:46:48, 2026-08-21 13:01:53", "cumulative_total": 264.0 }, "geometry": { "type": "Polygon", "coordinates": [ [ [ -73.843293005740662, 45.473254353592175 ], [ -73.84963567389471, 45.475916837129432 ], [ -73.849529928887463, 45.481112615652286 ], [ -73.843080340513836, 45.483645887357952 ], [ -73.836737128300626, 45.480983037783538 ], [ -73.836844048510457, 45.475787282605104 ], [ -73.843293005740662, 45.473254353592175 ] ] ] } },
{ "type": "Feature", "properties": { "hex_id": 407254, "centroid_lon": -75.321508995439615, "centroid_lat": 45.569602608173263, "occurrences_today": 2, "datetimes_today": "2026-08-21 12:46:48, 2026-08-21 13:01:53", "cumulative_total": 25.0 }, "geometry": { "type": "Polygon", "coordinates": [ [ [ -75.321479350959962, 45.564405943229865 ], [ -75.327901524956744, 45.566986064317106 ], [ -75.327931764355469, 45.572182723596505 ], [ -75.321538648023548, 45.574799268353416 ], [ -75.315115871002064, 45.572218794683145 ], [ -75.315086813339931, 45.567022128903773 ], [ -75.321479350959962, 45.564405943229865 ] ] ] } },
{ "type": "Feature", "properties": { "hex_id": 408475, "centroid_lon": -75.308693680959621, "centroid_lat": 45.569637957197983, "occurrences_today": 2, "datetimes_today": "2026-08-21 12:46:48, 2026-08-21 13:01:53", "cumulative_total": 25.0 }, "geometry": { "type": "Polygon", "coordinates": [ [ [ -75.30866521805909, 45.564441285884747 ], [ -75.315086813339931, 45.567022128903773 ], [ -75.315115871002064, 45.572218794683145 ], [ -75.308722151641405, 45.574834623749155 ], [ -75.302299953816373, 45.57225342801496 ], [ -75.302272077898834, 45.567056755994685 ], [ -75.30866521805909, 45.564441285884747 ] ] ] } },
{ "type": "Feature", "properties": { "hex_id": 944034, "centroid_lon": -69.466930466222465, "centroid_lat": 47.782367290869132, "occurrences_today": 1, "datetimes_today": "2026-08-21 07:43:49", "cumulative_total": 7.0 }, "geometry": { "type": "Polygon", "coordinates": [ [ [ -69.467480766554999, 47.77719679663609 ], [ -69.473849016999182, 47.780103077273232 ], [ -69.473299292196657, 47.785273624597558 ], [ -69.466380011675909, 47.787537775616954 ], [ -69.460011339943037, 47.784631061303365 ], [ -69.46056236996499, 47.779460629714656 ], [ -69.467480766554999, 47.77719679663609 ] ] ] } },
{ "type": "Feature", "properties": { "hex_id": 533632, "centroid_lon": -73.993921022481175, "centroid_lat": 45.63578043679572, "occurrences_today": 3, "datetimes_today": "2026-08-21 08:31:42, 2026-08-21 08:46:42, 2026-08-21 09:01:45", "cumulative_total": 90.0 }, "geometry": { "type": "Polygon", "coordinates": [ [ [ -73.994013997135596, 45.630584552726113 ], [ -74.000381525955959, 45.633238803333718 ], [ -74.000289131189788, 45.638434695103577 ], [ -73.993828022392236, 45.640976315970924 ], [ -73.987459939122445, 45.638321698770959 ], [ -73.987553519091065, 45.633125827360878 ], [ -73.994013997135596, 45.630584552726113 ] ] ] } },
{ "type": "Feature", "properties": { "hex_id": 534242, "centroid_lon": -73.987647073467443, "centroid_lat": 45.627929951054526, "occurrences_today": 3, "datetimes_today": "2026-08-21 08:31:42, 2026-08-21 08:46:42, 2026-08-21 09:01:45", "cumulative_total": 85.0 }, "geometry": { "type": "Polygon", "coordinates": [ [ [ -73.987740602260217, 45.622734069851965 ], [ -73.99410694636407, 45.625388663762138 ], [ -73.994013997135596, 45.630584552726113 ], [ -73.987553519091065, 45.633125827360878 ], [ -73.981186621010835, 45.630470866897745 ], [ -73.981280754942915, 45.625274998417645 ], [ -73.987740602260217, 45.622734069851965 ] ] ] } },
{ "type": "Feature", "properties": { "hex_id": 600164, "centroid_lon": -73.300779248312097, "centroid_lat": 45.432691185760781, "occurrences_today": 4, "datetimes_today": "2026-08-21 11:00:53, 2026-08-21 11:17:01, 2026-08-21 11:34:22, 2026-08-21 11:47:06", "cumulative_total": 187.0 }, "geometry": { "type": "Polygon", "coordinates": [ [ [ -73.300935155870434, 45.427496602552026 ], [ -73.307246355638853, 45.430188784825994 ], [ -73.307091012457761, 45.435383382546966 ], [ -73.300623298219605, 45.437885763806143 ], [ -73.2943115766152, 45.43519321102665 ], [ -73.294468091070698, 45.429998647557781 ], [ -73.300935155870434, 45.427496602552026 ] ] ] } },
{ "type": "Feature", "properties": { "hex_id": 511068, "centroid_lon": -74.225986508464374, "centroid_lat": 46.019532844711279, "occurrences_today": 20, "datetimes_today": "2026-08-21 16:12:55, 2026-08-21 16:31:46, 2026-08-21 16:58:55, 2026-08-21 17:16:44, 2026-08-21 17:31:41, 2026-08-21 17:45:55, 2026-08-21 18:00:50, 2026-08-21 18:16:53, 2026-08-21 18:46:45, 2026-08-21 19:01:42, 2026-08-21 19:13:27, 2026-08-21 19:31:56, 2026-08-21 19:57:57, 2026-08-21 20:17:05, 2026-08-21 20:32:12, 2026-08-21 20:46:51, 2026-08-21 21:01:46, 2026-08-21 21:21:27, 2026-08-21 21:31:41, 2026-08-21 21:46:38", "cumulative_total": 132.0 }, "geometry": { "type": "Polygon", "coordinates": [ [ [ -74.226059002136182, 46.014336983693276 ], [ -74.232481398331387, 46.01697847228295 ], [ -74.232409499575454, 46.022174338736839 ], [ -74.225913994865152, 46.0247287008957 ], [ -74.219491023684839, 46.022086843068564 ], [ -74.219564132193156, 46.016890992385825 ], [ -74.226059002136182, 46.014336983693276 ] ] ] } },
{ "type": "Feature", "properties": { "hex_id": 511679, "centroid_lon": -74.219417895079502, "centroid_lat": 46.027282688916245, "occurrences_today": 20, "datetimes_today": "2026-08-21 16:12:55, 2026-08-21 16:31:46, 2026-08-21 16:58:55, 2026-08-21 17:16:44, 2026-08-21 17:31:41, 2026-08-21 17:45:55, 2026-08-21 18:00:50, 2026-08-21 18:16:53, 2026-08-21 18:46:45, 2026-08-21 19:01:42, 2026-08-21 19:13:27, 2026-08-21 19:31:56, 2026-08-21 19:57:57, 2026-08-21 20:17:05, 2026-08-21 20:32:12, 2026-08-21 20:46:51, 2026-08-21 21:01:46, 2026-08-21 21:21:27, 2026-08-21 21:31:41, 2026-08-21 21:46:38", "cumulative_total": 99.0 }, "geometry": { "type": "Polygon", "coordinates": [ [ [ -74.219491023684839, 46.022086843068564 ], [ -74.225913994865152, 46.0247287008957 ], [ -74.225841461331768, 46.029924552246541 ], [ -74.219344746370297, 46.032478529928888 ], [ -74.212921200225296, 46.0298363027009 ], [ -74.212994943999604, 46.024640467257228 ], [ -74.219491023684839, 46.022086843068564 ] ] ] } },
{ "type": "Feature", "properties": { "hex_id": 512289, "centroid_lon": -74.21306866750723, "centroid_lat": 46.019444626976998, "occurrences_today": 20, "datetimes_today": "2026-08-21 16:12:55, 2026-08-21 16:31:46, 2026-08-21 16:58:55, 2026-08-21 17:16:44, 2026-08-21 17:31:41, 2026-08-21 17:45:55, 2026-08-21 18:00:50, 2026-08-21 18:16:53, 2026-08-21 18:46:45, 2026-08-21 19:01:42, 2026-08-21 19:13:27, 2026-08-21 19:31:56, 2026-08-21 19:57:57, 2026-08-21 20:17:05, 2026-08-21 20:32:12, 2026-08-21 20:46:51, 2026-08-21 21:01:46, 2026-08-21 21:21:27, 2026-08-21 21:31:41, 2026-08-21 21:46:38", "cumulative_total": 113.0 }, "geometry": { "type": "Polygon", "coordinates": [ [ [ -74.213142370755037, 46.014248781860239 ], [ -74.219564132193156, 46.016890992385825 ], [ -74.219491023684839, 46.022086843068564 ], [ -74.212994943999604, 46.024640467257228 ], [ -74.206572608085253, 46.021997887369245 ], [ -74.206646926325462, 46.016802052720791 ], [ -74.213142370755037, 46.014248781860239 ] ] ] } },
{ "type": "Feature", "properties": { "hex_id": 512899, "centroid_lon": -74.206721224143152, "centroid_lat": 46.011606213234288, "occurrences_today": 20, "datetimes_today": "2026-08-21 16:12:55, 2026-08-21 16:31:46, 2026-08-21 16:58:55, 2026-08-21 17:16:44, 2026-08-21 17:31:41, 2026-08-21 17:45:55, 2026-08-21 18:00:50, 2026-08-21 18:16:53, 2026-08-21 18:46:45, 2026-08-21 19:01:42, 2026-08-21 19:13:27, 2026-08-21 19:31:56, 2026-08-21 19:57:57, 2026-08-21 20:17:05, 2026-08-21 20:32:12, 2026-08-21 20:46:51, 2026-08-21 21:01:46, 2026-08-21 21:21:27, 2026-08-21 21:31:41, 2026-08-21 21:46:38", "cumulative_total": 80.0 }, "geometry": { "type": "Polygon", "coordinates": [ [ [ -74.206795501545272, 46.006410368909755 ], [ -74.21321605374996, 46.009052931906936 ], [ -74.213142370755037, 46.014248781860239 ], [ -74.206646926325462, 46.016802052720791 ], [ -74.200225800132628, 46.014159120399725 ], [ -74.200300692350581, 46.008963286607752 ], [ -74.206795501545272, 46.006410368909755 ] ] ] } },
{ "type": "Feature", "properties": { "hex_id": 512900, "centroid_lon": -74.206498269415547, "centroid_lat": 46.027193717179671, "occurrences_today": 20, "datetimes_today": "2026-08-21 16:12:55, 2026-08-21 16:31:46, 2026-08-21 16:58:55, 2026-08-21 17:16:44, 2026-08-21 17:31:41, 2026-08-21 17:45:55, 2026-08-21 18:00:50, 2026-08-21 18:16:53, 2026-08-21 18:46:45, 2026-08-21 19:01:42, 2026-08-21 19:13:27, 2026-08-21 19:31:56, 2026-08-21 19:57:57, 2026-08-21 20:17:05, 2026-08-21 20:32:12, 2026-08-21 20:46:51, 2026-08-21 21:01:46, 2026-08-21 21:21:27, 2026-08-21 21:31:41, 2026-08-21 21:46:38", "cumulative_total": 168.0 }, "geometry": { "type": "Polygon", "coordinates": [ [ [ -74.206572608085253, 46.021997887369245 ], [ -74.212994943999604, 46.024640467257228 ], [ -74.212921200225296, 46.0298363027009 ], [ -74.206423910309425, 46.032389542152075 ], [ -74.20000099993959, 46.029746592738363 ], [ -74.200075953934146, 46.02455077346503 ], [ -74.206572608085253, 46.021997887369245 ] ] ] } },
{ "type": "Feature", "properties": { "hex_id": 513510, "centroid_lon": -74.200150887329485, "centroid_lat": 46.019354949352142, "occurrences_today": 20, "datetimes_today": "2026-08-21 16:12:55, 2026-08-21 16:31:46, 2026-08-21 16:58:55, 2026-08-21 17:16:44, 2026-08-21 17:31:41, 2026-08-21 17:45:55, 2026-08-21 18:00:50, 2026-08-21 18:16:53, 2026-08-21 18:46:45, 2026-08-21 19:01:42, 2026-08-21 19:13:27, 2026-08-21 19:31:56, 2026-08-21 19:57:57, 2026-08-21 20:17:05, 2026-08-21 20:32:12, 2026-08-21 20:46:51, 2026-08-21 21:01:46, 2026-08-21 21:21:27, 2026-08-21 21:31:41, 2026-08-21 21:46:38", "cumulative_total": 110.0 }, "geometry": { "type": "Polygon", "coordinates": [ [ [ -74.200225800132628, 46.014159120399725 ], [ -74.206646926325462, 46.016802052720791 ], [ -74.206572608085253, 46.021997887369245 ], [ -74.200075953934146, 46.02455077346503 ], [ -74.193654253774085, 46.021907471656775 ], [ -74.193729781725352, 46.016711653305713 ], [ -74.200225800132628, 46.014159120399725 ] ] ] } },
{ "type": "Feature", "properties": { "hex_id": 514120, "centroid_lon": -74.193805288921737, "centroid_lat": 46.011515830113574, "occurrences_today": 20, "datetimes_today": "2026-08-21 16:12:55, 2026-08-21 16:31:46, 2026-08-21 16:58:55, 2026-08-21 17:16:44, 2026-08-21 17:31:41, 2026-08-21 17:45:55, 2026-08-21 18:00:50, 2026-08-21 18:16:53, 2026-08-21 18:46:45, 2026-08-21 19:01:42, 2026-08-21 19:13:27, 2026-08-21 19:31:56, 2026-08-21 19:57:57, 2026-08-21 20:17:05, 2026-08-21 20:32:12, 2026-08-21 20:46:51, 2026-08-21 21:01:46, 2026-08-21 21:21:27, 2026-08-21 21:31:41, 2026-08-21 21:46:38", "cumulative_total": 66.0 }, "geometry": { "type": "Polygon", "coordinates": [ [ [ -74.193880775370346, 46.006320002080386 ], [ -74.200300692350581, 46.008963286607752 ], [ -74.200225800132628, 46.014159120399725 ], [ -74.193729781725352, 46.016711653305713 ], [ -74.187309291265791, 46.01406799932974 ], [ -74.187385392685783, 46.008872181962126 ], [ -74.193880775370346, 46.006320002080386 ] ] ] } },
{ "type": "Feature", "properties": { "hex_id": 890236, "centroid_lon": -70.158084494900237, "centroid_lat": 46.660024701159173, "occurrences_today": 23, "datetimes_today": "2026-08-21 16:12:55, 2026-08-21 16:31:46, 2026-08-21 16:58:55, 2026-08-21 17:16:44, 2026-08-21 17:31:41, 2026-08-21 17:45:55, 2026-08-21 18:00:50, 2026-08-21 18:16:53, 2026-08-21 18:46:45, 2026-08-21 19:01:42, 2026-08-21 19:13:27, 2026-08-21 19:31:56, 2026-08-21 19:57:57, 2026-08-21 20:17:05, 2026-08-21 20:32:12, 2026-08-21 20:46:51, 2026-08-21 21:01:46, 2026-08-21 21:21:27, 2026-08-21 21:31:41, 2026-08-21 21:46:38, 2026-08-21 22:01:50, 2026-08-21 22:32:24, 2026-08-21 22:46:49", "cumulative_total": 70.0 }, "geometry": { "type": "Polygon", "coordinates": [ [ [ -70.158547697675957, 46.654847517547879 ], [ -70.164827889389471, 46.657712129509115 ], [ -70.164365239783322, 46.662889358632661 ], [ -70.157621164185059, 46.665201876523575 ], [ -70.15134054726343, 46.662336851694889 ], [ -70.151804431104125, 46.657159721908357 ], [ -70.158547697675957, 46.654847517547879 ] ] ] } },
{ "type": "Feature", "properties": { "hex_id": 507406, "centroid_lon": -74.26453367796384, "centroid_lat": 46.035376430874329, "occurrences_today": 20, "datetimes_today": "2026-08-21 16:12:55, 2026-08-21 16:31:46, 2026-08-21 16:58:55, 2026-08-21 17:16:44, 2026-08-21 17:31:41, 2026-08-21 17:45:55, 2026-08-21 18:00:50, 2026-08-21 18:16:53, 2026-08-21 18:46:45, 2026-08-21 19:01:42, 2026-08-21 19:13:27, 2026-08-21 19:31:56, 2026-08-21 19:57:57, 2026-08-21 20:17:05, 2026-08-21 20:32:12, 2026-08-21 20:46:51, 2026-08-21 21:01:46, 2026-08-21 21:21:27, 2026-08-21 21:31:41, 2026-08-21 21:46:38", "cumulative_total": 86.0 }, "geometry": { "type": "Polygon", "coordinates": [ [ [ -74.264602599596657, 46.030180538206217 ], [ -74.271028683953645, 46.032819875287586 ], [ -74.270960358254214, 46.038015773005355 ], [ -74.264464737381601, 46.040572318717452 ], [ -74.258038076043903, 46.037932612572426 ], [ -74.258107612553076, 46.032736729844778 ], [ -74.264602599596657, 46.030180538206217 ] ] ] } },
{ "type": "Feature", "properties": { "hex_id": 508017, "centroid_lon": -74.257968520415631, "centroid_lat": 46.04312849047367, "occurrences_today": 21, "datetimes_today": "2026-08-21 16:12:55, 2026-08-21 16:31:46, 2026-08-21 16:58:55, 2026-08-21 17:16:44, 2026-08-21 17:31:41, 2026-08-21 17:45:55, 2026-08-21 18:00:50, 2026-08-21 18:16:53, 2026-08-21 18:46:45, 2026-08-21 19:01:42, 2026-08-21 19:13:27, 2026-08-21 19:31:56, 2026-08-21 19:57:57, 2026-08-21 20:17:05, 2026-08-21 20:32:12, 2026-08-21 20:46:51, 2026-08-21 21:01:46, 2026-08-21 21:21:27, 2026-08-21 21:31:41, 2026-08-21 21:46:38, 2026-08-21 22:01:50", "cumulative_total": 203.0 }, "geometry": { "type": "Polygon", "coordinates": [ [ [ -74.258038076043903, 46.037932612572426 ], [ -74.264464737381601, 46.040572318717452 ], [ -74.264395777843447, 46.045768201735598 ], [ -74.257898945661779, 46.048324363548574 ], [ -74.251471707362825, 46.045684288176346 ], [ -74.251541878200285, 46.040488420284177 ], [ -74.258038076043903, 46.037932612572426 ] ] ] } },
{ "type": "Feature", "properties": { "hex_id": 508627, "centroid_lon": -74.251612029748955, "centroid_lat": 46.035292547564239, "occurrences_today": 20, "datetimes_today": "2026-08-21 16:12:55, 2026-08-21 16:31:46, 2026-08-21 16:58:55, 2026-08-21 17:16:44, 2026-08-21 17:31:41, 2026-08-21 17:45:55, 2026-08-21 18:00:50, 2026-08-21 18:16:53, 2026-08-21 18:46:45, 2026-08-21 19:01:42, 2026-08-21 19:13:27, 2026-08-21 19:31:56, 2026-08-21 19:57:57, 2026-08-21 20:17:05, 2026-08-21 20:32:12, 2026-08-21 20:46:51, 2026-08-21 21:01:46, 2026-08-21 21:21:27, 2026-08-21 21:31:41, 2026-08-21 21:46:38", "cumulative_total": 278.0 }, "geometry": { "type": "Polygon", "coordinates": [ [ [ -74.251682162015399, 46.030096670016491 ], [ -74.258107612553076, 46.032736729844778 ], [ -74.258038076043903, 46.037932612572426 ], [ -74.251541878200285, 46.040488420284177 ], [ -74.245115851190832, 46.037847991266922 ], [ -74.245186598490221, 46.032652123792673 ], [ -74.251682162015399, 46.030096670016491 ] ] ] } },
{ "type": "Feature", "properties": { "hex_id": 509237, "centroid_lon": -74.245257326344316, "centroid_lat": 46.027456251489212, "occurrences_today": 20, "datetimes_today": "2026-08-21 16:12:55, 2026-08-21 16:31:46, 2026-08-21 16:58:55, 2026-08-21 17:16:44, 2026-08-21 17:31:41, 2026-08-21 17:45:55, 2026-08-21 18:00:50, 2026-08-21 18:16:53, 2026-08-21 18:46:45, 2026-08-21 19:01:42, 2026-08-21 19:13:27, 2026-08-21 19:31:56, 2026-08-21 19:57:57, 2026-08-21 20:17:05, 2026-08-21 20:32:12, 2026-08-21 20:46:51, 2026-08-21 21:01:46, 2026-08-21 21:21:27, 2026-08-21 21:31:41, 2026-08-21 21:46:38", "cumulative_total": 100.0 }, "geometry": { "type": "Polygon", "coordinates": [ [ [ -74.245328034759723, 46.022260374356513 ], [ -74.251752275006197, 46.024900787640931 ], [ -74.251682162015399, 46.030096670016491 ], [ -74.245186598490221, 46.032652123792673 ], [ -74.238761782261108, 46.030011341357536 ], [ -74.238833105533217, 46.024815474362761 ], [ -74.245328034759723, 46.022260374356513 ] ] ] } },
{ "type": "Feature", "properties": { "hex_id": 677120, "centroid_lon": -72.472962125929456, "centroid_lat": 45.931848993662825, "occurrences_today": 15, "datetimes_today": "2026-08-21 10:25:23, 2026-08-21 10:46:39, 2026-08-21 11:00:53, 2026-08-21 11:17:01, 2026-08-21 11:34:22, 2026-08-21 11:47:06, 2026-08-21 12:02:03, 2026-08-21 12:16:43, 2026-08-21 12:31:50, 2026-08-21 12:46:48, 2026-08-21 13:01:53, 2026-08-21 13:16:57, 2026-08-21 13:31:42, 2026-08-21 13:46:54, 2026-08-21 14:16:48", "cumulative_total": 89.0 }, "geometry": { "type": "Polygon", "coordinates": [ [ [ -72.473198015443344, 45.92665763858831 ], [ -72.479522860397793, 45.929395689208683 ], [ -72.479287538494702, 45.934587067086177 ], [ -72.472726171701652, 45.937040343058328 ], [ -72.466400823861306, 45.93430190810178 ], [ -72.466637345677967, 45.929110581574399 ], [ -72.473198015443344, 45.92665763858831 ] ] ] } },
{ "type": "Feature", "properties": { "hex_id": 678341, "centroid_lon": -72.46007610848784, "centroid_lat": 45.931563134521049, "occurrences_today": 15, "datetimes_today": "2026-08-21 10:25:23, 2026-08-21 10:46:39, 2026-08-21 11:00:53, 2026-08-21 11:17:01, 2026-08-21 11:34:22, 2026-08-21 11:47:06, 2026-08-21 12:02:03, 2026-08-21 12:16:43, 2026-08-21 12:31:50, 2026-08-21 12:46:48, 2026-08-21 13:01:53, 2026-08-21 13:16:57, 2026-08-21 13:31:42, 2026-08-21 13:46:54, 2026-08-21 14:16:48", "cumulative_total": 89.0 }, "geometry": { "type": "Polygon", "coordinates": [ [ [ -72.46031319771825, 45.926371830922328 ], [ -72.466637345677967, 45.929110581574399 ], [ -72.466400823861306, 45.93430190810178 ], [ -72.459838954215272, 45.936754432431215 ], [ -72.453514303895034, 45.934015297333964 ], [ -72.453752025559297, 45.928824022417608 ], [ -72.46031319771825, 45.926371830922328 ] ] ] } },
{ "type": "Feature", "properties": { "hex_id": 581257, "centroid_lon": -73.491161726097289, "centroid_lat": 45.723786056908821, "occurrences_today": 13, "datetimes_today": "2026-08-21 03:01:52, 2026-08-21 03:15:11, 2026-08-21 03:31:57, 2026-08-21 03:48:01, 2026-08-21 04:16:56, 2026-08-21 09:01:45, 2026-08-21 10:25:23, 2026-08-21 10:46:39, 2026-08-21 11:00:53, 2026-08-21 11:17:01, 2026-08-21 11:34:22, 2026-08-21 11:47:06, 2026-08-21 12:02:03", "cumulative_total": 199.0 }, "geometry": { "type": "Polygon", "coordinates": [ [ [ -73.491301581636108, 45.718591255405357 ], [ -73.497654499738559, 45.721273313001923 ], [ -73.497515219955403, 45.726468127220642 ], [ -73.491021832265247, 45.728980853334477 ], [ -73.48466837670685, 45.726298423281662 ], [ -73.484808846281624, 45.72110363963624 ], [ -73.491301581636108, 45.718591255405357 ] ] ] } },
{ "type": "Feature", "properties": { "hex_id": 581867, "centroid_lon": -73.48494927740694, "centroid_lat": 45.715908850910253, "occurrences_today": 8, "datetimes_today": "2026-08-21 09:01:45, 2026-08-21 10:25:23, 2026-08-21 10:46:39, 2026-08-21 11:00:53, 2026-08-21 11:17:01, 2026-08-21 11:34:22, 2026-08-21 11:47:06, 2026-08-21 12:02:03", "cumulative_total": 282.0 }, "geometry": { "type": "Polygon", "coordinates": [ [ [ -73.485089670095775, 45.710714057103786 ], [ -73.491441398894608, 45.713396448824206 ], [ -73.491301581636108, 45.718591255405357 ], [ -73.484808846281624, 45.72110363963624 ], [ -73.478456580495433, 45.718420875502524 ], [ -73.478597587038124, 45.713226099616186 ], [ -73.485089670095775, 45.710714057103786 ] ] ] } },
{ "type": "Feature", "properties": { "hex_id": 557437, "centroid_lon": -73.745343414973632, "centroid_lat": 45.563164563153492, "occurrences_today": 15, "datetimes_today": "2026-08-21 08:46:42, 2026-08-21 09:01:45, 2026-08-21 10:25:23, 2026-08-21 10:46:39, 2026-08-21 11:00:53, 2026-08-21 11:17:01, 2026-08-21 11:34:22, 2026-08-21 11:47:06, 2026-08-21 12:02:03, 2026-08-21 12:16:43, 2026-08-21 12:31:50, 2026-08-21 12:46:48, 2026-08-21 13:01:53, 2026-08-21 13:16:57, 2026-08-21 13:31:42", "cumulative_total": 206.0 }, "geometry": { "type": "Polygon", "coordinates": [ [ [ -73.745459065034424, 45.557969058206389 ], [ -73.751806442533237, 45.560636988090792 ], [ -73.751691366813219, 45.565832503195409 ], [ -73.745227733305711, 45.568360063125191 ], [ -73.738879813078555, 45.565691765208662 ], [ -73.738996069076634, 45.560496275459123 ], [ -73.745459065034424, 45.557969058206389 ] ] ] } },
{ "type": "Feature", "properties": { "hex_id": 937932, "centroid_lon": -69.528471902144588, "centroid_lat": 47.832099872104045, "occurrences_today": 1, "datetimes_today": "2026-08-21 07:43:49", "cumulative_total": 25.0 }, "geometry": { "type": "Polygon", "coordinates": [ [ [ -69.529017048868894, 47.826928887075191 ], [ -69.535394908753048, 47.829832098054545 ], [ -69.534850340252888, 47.835003135641664 ], [ -69.527926602524346, 47.837270847745394 ], [ -69.521548317339082, 47.834367202815677 ], [ -69.522094195129242, 47.829196279800613 ], [ -69.529017048868894, 47.826928887075191 ] ] ] } },
{ "type": "Feature", "properties": { "hex_id": 779139, "centroid_lon": -71.329932127947572, "centroid_lat": 46.921936549438541, "occurrences_today": 19, "datetimes_today": "2026-08-21 10:25:23, 2026-08-21 10:46:39, 2026-08-21 11:00:53, 2026-08-21 11:17:01, 2026-08-21 11:34:22, 2026-08-21 11:47:06, 2026-08-21 12:02:03, 2026-08-21 12:16:43, 2026-08-21 12:31:50, 2026-08-21 12:46:48, 2026-08-21 13:01:53, 2026-08-21 13:16:57, 2026-08-21 13:31:42, 2026-08-21 13:46:54, 2026-08-21 14:16:48, 2026-08-21 14:31:53, 2026-08-21 14:46:42, 2026-08-21 15:01:45, 2026-08-21 15:17:04", "cumulative_total": 29.0 }, "geometry": { "type": "Polygon", "coordinates": [ [ [ -71.33028662969609, 46.916751706685545 ], [ -71.336662800660861, 46.919554295506714 ], [ -71.336308879383083, 46.924739172744871 ], [ -71.329577527788786, 46.927121385418957 ], [ -71.323200874780653, 46.924318389333095 ], [ -71.323556055375988, 46.919133587904824 ], [ -71.33028662969609, 46.916751706685545 ] ] ] } },
{ "type": "Feature", "properties": { "hex_id": 514731, "centroid_lon": -74.18723316892833, "centroid_lat": 46.019263811854728, "occurrences_today": 20, "datetimes_today": "2026-08-21 16:12:55, 2026-08-21 16:31:46, 2026-08-21 16:58:55, 2026-08-21 17:16:44, 2026-08-21 17:31:41, 2026-08-21 17:45:55, 2026-08-21 18:00:50, 2026-08-21 18:16:53, 2026-08-21 18:46:45, 2026-08-21 19:01:42, 2026-08-21 19:13:27, 2026-08-21 19:31:56, 2026-08-21 19:57:57, 2026-08-21 20:17:05, 2026-08-21 20:32:12, 2026-08-21 20:46:51, 2026-08-21 21:01:46, 2026-08-21 21:21:27, 2026-08-21 21:31:41, 2026-08-21 21:46:38", "cumulative_total": 77.0 }, "geometry": { "type": "Polygon", "coordinates": [ [ [ -74.187309291265791, 46.01406799932974 ], [ -74.193729781725352, 46.016711653305713 ], [ -74.193654253774085, 46.021907471656775 ], [ -74.187157025666295, 46.024459619537133 ], [ -74.180735961748695, 46.021815595949285 ], [ -74.180812699389804, 46.016619794158721 ], [ -74.187309291265791, 46.01406799932974 ] ] ] } },
{ "type": "Feature", "properties": { "hex_id": 562932, "centroid_lon": -73.687513551168806, "centroid_lat": 45.570309829691716, "occurrences_today": 8, "datetimes_today": "2026-08-21 12:02:03, 2026-08-21 12:16:43, 2026-08-21 12:31:50, 2026-08-21 12:46:48, 2026-08-21 13:01:53, 2026-08-21 13:16:57, 2026-08-21 13:31:42, 2026-08-21 13:46:54", "cumulative_total": 293.0 }, "geometry": { "type": "Polygon", "coordinates": [ [ [ -73.687634561018513, 45.565114448945842 ], [ -73.693979926308984, 45.567785567930933 ], [ -73.693859490235241, 45.5729809594092 ], [ -73.68739250824504, 45.575505205440756 ], [ -73.68104660225822, 45.572833717789152 ], [ -73.681168218946823, 45.56763835283715 ], [ -73.687634561018513, 45.565114448945842 ] ] ] } },
{ "type": "Feature", "properties": { "hex_id": 721067, "centroid_lon": -72.016702634567096, "centroid_lat": 45.780529726855676, "occurrences_today": 4, "datetimes_today": "2026-08-21 10:25:23, 2026-08-21 10:46:39, 2026-08-21 11:00:53, 2026-08-21 11:17:01", "cumulative_total": 171.0 }, "geometry": { "type": "Polygon", "coordinates": [ [ [ -72.016979613831438, 45.775340225886431 ], [ -72.023264004534752, 45.77810264123319 ], [ -72.022987581645566, 45.783292169364621 ], [ -72.016425579487986, 45.785719221785008 ], [ -72.010140708237074, 45.78295642014524 ], [ -72.01041831966576, 45.777766952442725 ], [ -72.016979613831438, 45.775340225886431 ] ] ] } },
{ "type": "Feature", "properties": { "hex_id": 545233, "centroid_lon": -73.871583515677216, "centroid_lat": 45.658022570914689, "occurrences_today": 23, "datetimes_today": "2026-08-21 10:25:23, 2026-08-21 10:46:39, 2026-08-21 11:00:53, 2026-08-21 11:17:01, 2026-08-21 11:34:22, 2026-08-21 11:47:06, 2026-08-21 12:02:03, 2026-08-21 12:16:43, 2026-08-21 12:31:50, 2026-08-21 12:46:48, 2026-08-21 13:01:53, 2026-08-21 13:16:57, 2026-08-21 13:31:42, 2026-08-21 13:46:54, 2026-08-21 14:16:48, 2026-08-21 14:31:53, 2026-08-21 14:46:42, 2026-08-21 15:01:45, 2026-08-21 15:17:04, 2026-08-21 15:31:51, 2026-08-21 15:46:43, 2026-08-21 16:12:55, 2026-08-21 16:31:46", "cumulative_total": 217.0 }, "geometry": { "type": "Polygon", "coordinates": [ [ [ -73.871687875391501, 45.652826914145749 ], [ -73.878051996332729, 45.655487942800363 ], [ -73.877948215546596, 45.660683608492342 ], [ -73.87147912740727, 45.663218222751397 ], [ -73.865114456098368, 45.660556826055675 ], [ -73.865219423286845, 45.655361183206871 ], [ -73.871687875391501, 45.652826914145749 ] ] ] } },
{ "type": "Feature", "properties": { "hex_id": 800496, "centroid_lon": -71.112409604123229, "centroid_lat": 46.751061397031272, "occurrences_today": 1, "datetimes_today": "2026-08-21 02:46:57", "cumulative_total": 102.0 }, "geometry": { "type": "Polygon", "coordinates": [ [ [ -71.112782852084877, 46.745877700773974 ], [ -71.119127273129777, 46.748691551007205 ], [ -71.118754596814583, 46.75387528373971 ], [ -71.112036252811507, 46.756245086279655 ], [ -71.105691363488106, 46.753430829345866 ], [ -71.106065286410526, 46.748247176639147 ], [ -71.112782852084877, 46.745877700773974 ] ] ] } },
{ "type": "Feature", "properties": { "hex_id": 801107, "centroid_lon": -71.105317337026236, "centroid_lat": 46.75861447503565, "occurrences_today": 1, "datetimes_today": "2026-08-21 02:46:57", "cumulative_total": 94.0 }, "geometry": { "type": "Polygon", "coordinates": [ [ [ -71.105691363488106, 46.753430829345866 ], [ -71.112036252811507, 46.756245086279655 ], [ -71.111662798113983, 46.7614287685183 ], [ -71.104943206989162, 46.763798113707708 ], [ -71.098597849494553, 46.760983449913262 ], [ -71.098972551260147, 46.75579984785653 ], [ -71.105691363488106, 46.753430829345866 ] ] ] } },
{ "type": "Feature", "properties": { "hex_id": 801717, "centroid_lon": -71.099347149296918, "centroid_lat": 46.750616238774839, "occurrences_today": 1, "datetimes_today": "2026-08-21 02:46:57", "cumulative_total": 61.0 }, "geometry": { "type": "Polygon", "coordinates": [ [ [ -71.099721643640748, 46.745432622668986 ], [ -71.106065286410526, 46.748247176639147 ], [ -71.105691363488106, 46.753430829345866 ], [ -71.098972551260147, 46.75579984785653 ], [ -71.092628440779862, 46.752984887086662 ], [ -71.09300361020216, 46.747801314672287 ], [ -71.099721643640748, 46.745432622668986 ] ] ] } },
{ "type": "Feature", "properties": { "hex_id": 802328, "centroid_lon": -71.092253167475207, "centroid_lat": 46.758168452468837, "occurrences_today": 1, "datetimes_today": "2026-08-21 02:46:57", "cumulative_total": 61.0 }, "geometry": { "type": "Polygon", "coordinates": [ [ [ -71.092628440779862, 46.752984887086662 ], [ -71.098972551260147, 46.75579984785653 ], [ -71.098597849494553, 46.760983449913262 ], [ -71.091877790252312, 46.763352010818032 ], [ -71.085533212169196, 46.760536643088365 ], [ -71.085909160895213, 46.755353121480184 ], [ -71.092628440779862, 46.752984887086662 ] ] ] } },
{ "type": "Feature", "properties": { "hex_id": 802938, "centroid_lon": -71.086285005549485, "centroid_lat": 46.750169592831767, "occurrences_today": 1, "datetimes_today": "2026-08-21 02:46:57", "cumulative_total": 61.0 }, "geometry": { "type": "Polygon", "coordinates": [ [ [ -71.086660746167937, 46.744986057143919 ], [ -71.09300361020216, 46.747801314672287 ], [ -71.092628440779862, 46.752984887086662 ], [ -71.085909160895213, 46.755353121480184 ], [ -71.079565829718618, 46.752537457053066 ], [ -71.079942245533061, 46.747353965197583 ], [ -71.086660746167937, 46.744986057143919 ] ] ] } },
{ "type": "Feature", "properties": { "hex_id": 803549, "centroid_lon": -71.079189309678966, "centroid_lat": 46.757720941861031, "occurrences_today": 1, "datetimes_today": "2026-08-21 02:46:57", "cumulative_total": 61.0 }, "geometry": { "type": "Polygon", "coordinates": [ [ [ -71.079565829718618, 46.752537457053066 ], [ -71.085909160895213, 46.755353121480184 ], [ -71.085533212169196, 46.760536643088365 ], [ -71.078812685378068, 46.76290441962071 ], [ -71.072468887167105, 46.760088348134815 ], [ -71.072846082745585, 46.754904907241794 ], [ -71.079565829718618, 46.752537457053066 ] ] ] } },
{ "type": "Feature", "properties": { "hex_id": 804770, "centroid_lon": -71.066125764666452, "centroid_lat": 46.757271943303572, "occurrences_today": 1, "datetimes_today": "2026-08-21 02:46:57", "cumulative_total": 65.0 }, "geometry": { "type": "Polygon", "coordinates": [ [ [ -71.066503531332984, 46.752088539336391 ], [ -71.072846082745585, 46.754904907241794 ], [ -71.072468887167105, 46.760088348134815 ], [ -71.065747893395752, 46.762455340207133 ], [ -71.059404875517345, 46.759638565144073 ], [ -71.059783317839944, 46.754455205232787 ], [ -71.066503531332984, 46.752088539336391 ] ] ] } },
{ "type": "Feature", "properties": { "hex_id": 828549, "centroid_lon": -70.847782658910916, "centroid_lat": 46.274056439128032, "occurrences_today": 6, "datetimes_today": "2026-08-21 14:31:53, 2026-08-21 14:46:42, 2026-08-21 15:01:45, 2026-08-21 15:17:04, 2026-08-21 15:31:51, 2026-08-21 15:46:43", "cumulative_total": 34.0 }, "geometry": { "type": "Polygon", "coordinates": [ [ [ -70.848174690844957, 46.268873994038749 ], [ -70.854450731585061, 46.271700473943845 ], [ -70.854059252631671, 46.276882957707194 ], [ -70.84739051913806, 46.279238876927806 ], [ -70.841114033274508, 46.276411994668067 ], [ -70.841506725991223, 46.271229595607494 ], [ -70.848174690844957, 46.268873994038749 ] ] ] } },
{ "type": "Feature", "properties": { "hex_id": 558047, "centroid_lon": -73.739112293311763, "centroid_lat": 45.555300780731869, "occurrences_today": 15, "datetimes_today": "2026-08-21 08:46:42, 2026-08-21 09:01:45, 2026-08-21 10:25:23, 2026-08-21 10:46:39, 2026-08-21 11:00:53, 2026-08-21 11:17:01, 2026-08-21 11:34:22, 2026-08-21 11:47:06, 2026-08-21 12:02:03, 2026-08-21 12:16:43, 2026-08-21 12:31:50, 2026-08-21 12:46:48, 2026-08-21 13:01:53, 2026-08-21 13:16:57, 2026-08-21 13:31:42", "cumulative_total": 84.0 }, "geometry": { "type": "Polygon", "coordinates": [ [ [ -73.739228485794655, 45.550105281026987 ], [ -73.745574683498745, 45.552773548283916 ], [ -73.745459065034424, 45.557969058206389 ], [ -73.738996069076634, 45.560496275459123 ], [ -73.732649329111553, 45.557827640211045 ], [ -73.732766127354608, 45.552632155766005 ], [ -73.739228485794655, 45.550105281026987 ] ] ] } },
{ "type": "Feature", "properties": { "hex_id": 795582, "centroid_lon": -71.197401852497748, "centroid_lat": 46.286238137496966, "occurrences_today": 26, "datetimes_today": "2026-08-21 15:31:51, 2026-08-21 15:46:43, 2026-08-21 16:12:55, 2026-08-21 16:31:46, 2026-08-21 16:58:55, 2026-08-21 17:16:44, 2026-08-21 17:31:41, 2026-08-21 17:45:55, 2026-08-21 18:00:50, 2026-08-21 18:16:53, 2026-08-21 18:46:45, 2026-08-21 19:01:42, 2026-08-21 19:13:27, 2026-08-21 19:31:56, 2026-08-21 19:57:57, 2026-08-21 20:17:05, 2026-08-21 20:32:12, 2026-08-21 20:46:51, 2026-08-21 21:01:46, 2026-08-21 21:21:27, 2026-08-21 21:31:41, 2026-08-21 21:46:38, 2026-08-21 22:01:50, 2026-08-21 22:32:24, 2026-08-21 22:46:49, 2026-08-21 23:01:48", "cumulative_total": 64.0 }, "geometry": { "type": "Polygon", "coordinates": [ [ [ -71.197761078170004, 46.281053501050948 ], [ -71.204057702864361, 46.283861325850268 ], [ -71.20369903608362, 46.289045997639242 ], [ -71.197042527953414, 46.291422767062734 ], [ -71.190745443256517, 46.2886145425243 ], [ -71.191105326658587, 46.28342994836688 ], [ -71.197761078170004, 46.281053501050948 ] ] ] } },
{ "type": "Feature", "properties": { "hex_id": 951358, "centroid_lon": -69.390561456774819, "centroid_lat": 47.747465778609325, "occurrences_today": 1, "datetimes_today": "2026-08-21 07:43:49", "cumulative_total": 136.0 }, "geometry": { "type": "Polygon", "coordinates": [ [ [ -69.391118647276485, 47.742295925938429 ], [ -69.397478147227247, 47.745206127683744 ], [ -69.396921529765251, 47.750376034132614 ], [ -69.390004110227395, 47.75263562166856 ], [ -69.383644193310303, 47.749724986203788 ], [ -69.384202112842203, 47.744555196990206 ], [ -69.391118647276485, 47.742295925938429 ] ] ] } },
{ "type": "Feature", "properties": { "hex_id": 951968, "centroid_lon": -69.38475987617619, "centroid_lat": 47.739385398154369, "occurrences_today": 1, "datetimes_today": "2026-08-21 07:43:49", "cumulative_total": 136.0 }, "geometry": { "type": "Polygon", "coordinates": [ [ [ -69.385317483367515, 47.73421558969806 ], [ -69.391675681787589, 47.737126063657655 ], [ -69.391118647276485, 47.742295925938429 ], [ -69.384202112842203, 47.744555196990206 ], [ -69.377843497912195, 47.741644289386045 ], [ -69.37840183387118, 47.736474544442324 ], [ -69.385317483367515, 47.73421558969806 ] ] ] } },
{ "type": "Feature", "properties": { "hex_id": 952578, "centroid_lon": -69.378960013535476, "centroid_lat": 47.731304789867522, "occurrences_today": 1, "datetimes_today": "2026-08-21 07:43:49", "cumulative_total": 136.0 }, "geometry": { "type": "Polygon", "coordinates": [ [ [ -69.379518036960334, 47.726135025663396 ], [ -69.385874934471389, 47.729045771623028 ], [ -69.385317483367515, 47.73421558969806 ], [ -69.37840183387118, 47.736474544442324 ], [ -69.372044520306204, 47.733563364913053 ], [ -69.372603272236248, 47.72839366427678 ], [ -69.379518036960334, 47.726135025663396 ] ] ] } },
{ "type": "Feature", "properties": { "hex_id": 953189, "centroid_lon": -69.371485611929501, "centroid_lat": 47.73873305590763, "occurrences_today": 1, "datetimes_today": "2026-08-21 07:43:49", "cumulative_total": 136.0 }, "geometry": { "type": "Polygon", "coordinates": [ [ [ -69.372044520306204, 47.733563364913053 ], [ -69.37840183387118, 47.736474544442324 ], [ -69.377843497912195, 47.741644289386045 ], [ -69.370926547050814, 47.743902737258729 ], [ -69.364568817597799, 47.74099112400004 ], [ -69.365128454838839, 47.735821496665721 ], [ -69.372044520306204, 47.733563364913053 ] ] ] } },
{ "type": "Feature", "properties": { "hex_id": 938542, "centroid_lon": -69.522639919869448, "centroid_lat": 47.824025347387618, "occurrences_today": 1, "datetimes_today": "2026-08-21 07:43:49", "cumulative_total": 83.0 }, "geometry": { "type": "Polygon", "coordinates": [ [ [ -69.523185491613972, 47.818854405578399 ], [ -69.529562042751508, 47.821757892660514 ], [ -69.529017048868894, 47.826928887075191 ], [ -69.522094195129242, 47.829196279800613 ], [ -69.515717219152577, 47.826292358842423 ], [ -69.516263521700466, 47.821121479102878 ], [ -69.523185491613972, 47.818854405578399 ] ] ] } },
{ "type": "Feature", "properties": { "hex_id": 724171, "centroid_lon": -71.940398746561812, "centroid_lat": 46.581367186747116, "occurrences_today": 2, "datetimes_today": "2026-08-21 12:31:50, 2026-08-21 12:46:48", "cumulative_total": 54.0 }, "geometry": { "type": "Polygon", "coordinates": [ [ [ -71.940690849277487, 46.576178780584506 ], [ -71.947061149312603, 46.578947232241511 ], [ -71.946769626091481, 46.584135666731825 ], [ -71.940106563075943, 46.586555586770423 ], [ -71.933735764330436, 46.583786737578933 ], [ -71.934028527283004, 46.578598365949816 ], [ -71.940690849277487, 46.576178780584506 ] ] ] } },
{ "type": "Feature", "properties": { "hex_id": 724781, "centroid_lon": -71.934321209308621, "centroid_lat": 46.573409988175676, "occurrences_today": 2, "datetimes_today": "2026-08-21 12:31:50, 2026-08-21 12:46:48", "cumulative_total": 54.0 }, "geometry": { "type": "Polygon", "coordinates": [ [ [ -71.934613810435138, 46.568221604257019 ], [ -71.940982871250768, 46.570990368283091 ], [ -71.940690849277487, 46.576178780584506 ], [ -71.934028527283004, 46.578598365949816 ], [ -71.927658968227163, 46.575829204444233 ], [ -71.92795222937815, 46.570640855119329 ], [ -71.934613810435138, 46.568221604257019 ] ] ] } },
{ "type": "Feature", "properties": { "hex_id": 725392, "centroid_lon": -71.927365625992522, "centroid_lat": 46.581017547618423, "occurrences_today": 1, "datetimes_today": "2026-08-21 12:31:50", "cumulative_total": 25.0 }, "geometry": { "type": "Polygon", "coordinates": [ [ [ -71.927658968227163, 46.575829204444233 ], [ -71.934028527283004, 46.578598365949816 ], [ -71.933735764330436, 46.583786737578933 ], [ -71.927072202646286, 46.586205884641402 ], [ -71.920702145433964, 46.583436325494873 ], [ -71.920996148034305, 46.5782480169933 ], [ -71.927658968227163, 46.575829204444233 ] ] ] } },
{ "type": "Feature", "properties": { "hex_id": 512290, "centroid_lon": -74.212847436177384, "centroid_lat": 46.035032133308079, "occurrences_today": 20, "datetimes_today": "2026-08-21 16:12:55, 2026-08-21 16:31:46, 2026-08-21 16:58:55, 2026-08-21 17:16:44, 2026-08-21 17:31:41, 2026-08-21 17:45:55, 2026-08-21 18:00:50, 2026-08-21 18:16:53, 2026-08-21 18:46:45, 2026-08-21 19:01:42, 2026-08-21 19:13:27, 2026-08-21 19:31:56, 2026-08-21 19:57:57, 2026-08-21 20:17:05, 2026-08-21 20:32:12, 2026-08-21 20:46:51, 2026-08-21 21:01:46, 2026-08-21 21:21:27, 2026-08-21 21:31:41, 2026-08-21 21:46:38", "cumulative_total": 118.0 }, "geometry": { "type": "Polygon", "coordinates": [ [ [ -74.212921200225296, 46.0298363027009 ], [ -74.219344746370297, 46.032478529928888 ], [ -74.219271577550401, 46.037674366106494 ], [ -74.212773651848977, 46.040227959078685 ], [ -74.206349530759908, 46.037585362286443 ], [ -74.206423910309425, 46.032389542152075 ], [ -74.212921200225296, 46.0298363027009 ] ] ] } },
{ "type": "Feature", "properties": { "hex_id": 675908, "centroid_lon": -72.479487305254466, "centroid_lat": 46.072299226844166, "occurrences_today": 24, "datetimes_today": "2026-08-21 12:02:03, 2026-08-21 12:16:43, 2026-08-21 12:31:50, 2026-08-21 12:46:48, 2026-08-21 13:01:53, 2026-08-21 13:16:57, 2026-08-21 13:31:42, 2026-08-21 13:46:54, 2026-08-21 14:16:48, 2026-08-21 14:31:53, 2026-08-21 14:46:42, 2026-08-21 15:01:45, 2026-08-21 15:17:04, 2026-08-21 15:31:51, 2026-08-21 15:46:43, 2026-08-21 16:12:55, 2026-08-21 16:31:46, 2026-08-21 16:58:55, 2026-08-21 17:16:44, 2026-08-21 17:31:41, 2026-08-21 17:45:55, 2026-08-21 18:00:50, 2026-08-21 18:16:53, 2026-08-21 18:46:45", "cumulative_total": 186.0 }, "geometry": { "type": "Polygon", "coordinates": [ [ [ -72.47972374109176, 46.067107973740214 ], [ -72.486064667332997, 46.069845938063636 ], [ -72.48582880345927, 46.075037213968763 ], [ -72.479250804438408, 46.077490474270292 ], [ -72.472909371223409, 46.074752123832148 ], [ -72.473146443980937, 46.069560899272673 ], [ -72.47972374109176, 46.067107973740214 ] ] ] } },
{ "type": "Feature", "properties": { "hex_id": 676518, "centroid_lon": -72.47338345160513, "centroid_lat": 46.064369669030725, "occurrences_today": 24, "datetimes_today": "2026-08-21 12:02:03, 2026-08-21 12:16:43, 2026-08-21 12:31:50, 2026-08-21 12:46:48, 2026-08-21 13:01:53, 2026-08-21 13:16:57, 2026-08-21 13:31:42, 2026-08-21 13:46:54, 2026-08-21 14:16:48, 2026-08-21 14:31:53, 2026-08-21 14:46:42, 2026-08-21 15:01:45, 2026-08-21 15:17:04, 2026-08-21 15:31:51, 2026-08-21 15:46:43, 2026-08-21 16:12:55, 2026-08-21 16:31:46, 2026-08-21 16:58:55, 2026-08-21 17:16:44, 2026-08-21 17:31:41, 2026-08-21 17:45:55, 2026-08-21 18:00:50, 2026-08-21 18:16:53, 2026-08-21 18:46:45", "cumulative_total": 186.0 }, "geometry": { "type": "Polygon", "coordinates": [ [ [ -72.473620394118143, 46.059178433106631 ], [ -72.479960111972403, 46.061916714958727 ], [ -72.47972374109176, 46.067107973740214 ], [ -72.473146443980937, 46.069560899272673 ], [ -72.466806219616544, 46.066822231356213 ], [ -72.467043798850952, 46.061631024037126 ], [ -72.473620394118143, 46.059178433106631 ] ] ] } },
{ "type": "Feature", "properties": { "hex_id": 780360, "centroid_lon": -71.316824900793094, "centroid_lat": 46.921515055065932, "occurrences_today": 19, "datetimes_today": "2026-08-21 10:25:23, 2026-08-21 10:46:39, 2026-08-21 11:00:53, 2026-08-21 11:17:01, 2026-08-21 11:34:22, 2026-08-21 11:47:06, 2026-08-21 12:02:03, 2026-08-21 12:16:43, 2026-08-21 12:31:50, 2026-08-21 12:46:48, 2026-08-21 13:01:53, 2026-08-21 13:16:57, 2026-08-21 13:31:42, 2026-08-21 13:46:54, 2026-08-21 14:16:48, 2026-08-21 14:31:53, 2026-08-21 14:46:42, 2026-08-21 15:01:45, 2026-08-21 15:17:04", "cumulative_total": 40.0 }, "geometry": { "type": "Polygon", "coordinates": [ [ [ -71.317180661634083, 46.916330288249895 ], [ -71.323556055375988, 46.919133587904824 ], [ -71.323200874780653, 46.924318389333095 ], [ -71.31646904119431, 46.926699815094857 ], [ -71.310093165981698, 46.923896108073421 ], [ -71.310449605791817, 46.918711382723693 ], [ -71.317180661634083, 46.916330288249895 ] ] ] } },
{ "type": "Feature", "properties": { "hex_id": 609337, "centroid_lon": -73.197233587510539, "centroid_lat": 45.6727549203476, "occurrences_today": 3, "datetimes_today": "2026-08-21 08:31:42, 2026-08-21 08:46:42, 2026-08-21 09:01:45", "cumulative_total": 244.0 }, "geometry": { "type": "Polygon", "coordinates": [ [ [ -73.197400382336568, 45.667560843727408 ], [ -73.203733042186045, 45.670258973708307 ], [ -73.203566817497119, 45.675453065931521 ], [ -73.197066747050457, 45.677948991749425 ], [ -73.190733562705617, 45.675250487256854 ], [ -73.190900973287427, 45.670056431522823 ], [ -73.197400382336568, 45.667560843727408 ] ] ] } },
{ "type": "Feature", "properties": { "hex_id": 510420, "centroid_lon": -74.240410584560351, "centroid_lat": 45.435010851661481, "occurrences_today": 8, "datetimes_today": "2026-08-21 11:00:53, 2026-08-21 11:17:01, 2026-08-21 11:34:22, 2026-08-21 11:47:06, 2026-08-21 12:02:03, 2026-08-21 12:16:43, 2026-08-21 12:31:50, 2026-08-21 12:46:48", "cumulative_total": 164.0 }, "geometry": { "type": "Polygon", "coordinates": [ [ [ -74.240480292468703, 45.429814439183275 ], [ -74.246837094562807, 45.432454971642812 ], [ -74.246767963679417, 45.437651389332558 ], [ -74.240340857627302, 45.440207259307947 ], [ -74.233983497536116, 45.437566365157487 ], [ -74.234053801487747, 45.432369962787 ], [ -74.240480292468703, 45.429814439183275 ] ] ] } },
{ "type": "Feature", "properties": { "hex_id": 559865, "centroid_lon": -73.724650472762178, "centroid_lat": 45.344666892370469, "occurrences_today": 9, "datetimes_today": "2026-08-21 11:34:22, 2026-08-21 11:47:06, 2026-08-21 12:02:03, 2026-08-21 12:16:43, 2026-08-21 12:31:50, 2026-08-21 12:46:48, 2026-08-21 13:01:53, 2026-08-21 13:16:57, 2026-08-21 13:31:42", "cumulative_total": 133.0 }, "geometry": { "type": "Polygon", "coordinates": [ [ [ -73.724767138142397, 45.339471229344703 ], [ -73.731089272642791, 45.342140134620237 ], [ -73.730973174753601, 45.347335807960583 ], [ -73.724533775580966, 45.349862550414272 ], [ -73.718211105395824, 45.347193279670989 ], [ -73.718328370057463, 45.341997632005899 ], [ -73.724767138142397, 45.339471229344703 ] ] ] } },
{ "type": "Feature", "properties": { "hex_id": 594080, "centroid_lon": -73.355138725695653, "centroid_lat": 45.760883069646937, "occurrences_today": 2, "datetimes_today": "2026-08-21 10:25:23, 2026-08-21 10:46:39", "cumulative_total": 131.0 }, "geometry": { "type": "Polygon", "coordinates": [ [ [ -73.355291383300127, 45.755688642009503 ], [ -73.361641736306183, 45.758378216337512 ], [ -73.361489653705675, 45.763572658046421 ], [ -73.354986026276336, 45.766077492144035 ], [ -73.34863514008822, 45.763387543624255 ], [ -73.348788414497392, 45.75819313526366 ], [ -73.355291383300127, 45.755688642009503 ] ] ] } },
{ "type": "Feature", "properties": { "hex_id": 594690, "centroid_lon": -73.348941646935785, "centroid_lat": 45.752998721759752, "occurrences_today": 2, "datetimes_today": "2026-08-21 10:25:23, 2026-08-21 10:46:39", "cumulative_total": 125.0 }, "geometry": { "type": "Polygon", "coordinates": [ [ [ -73.349094837417596, 45.747804303112616 ], [ -73.355443999103883, 45.750494209231881 ], [ -73.355291383300127, 45.755688642009503 ], [ -73.348788414497392, 45.75819313526366 ], [ -73.342438720096737, 45.755502854996543 ], [ -73.342592527199031, 45.750308455688099 ], [ -73.349094837417596, 45.747804303112616 ] ] ] } },
{ "type": "Feature", "properties": { "hex_id": 741272, "centroid_lon": -71.751439355395632, "centroid_lat": 46.685273377371033, "occurrences_today": 5, "datetimes_today": "2026-08-21 00:02:03, 2026-08-21 00:31:50, 2026-08-21 00:46:51, 2026-08-21 01:16:47, 2026-08-21 01:46:44", "cumulative_total": 101.0 }, "geometry": { "type": "Polygon", "coordinates": [ [ [ -71.751750606290543, 46.680086009907122 ], [ -71.758122629315892, 46.682865017520776 ], [ -71.75781195820737, 46.688052415217086 ], [ -71.751128018332878, 46.690460738513096 ], [ -71.744755501703878, 46.687681330362132 ], [ -71.745067418523263, 46.682493999519096 ], [ -71.751750606290543, 46.680086009907122 ] ] ] } },
{ "type": "Feature", "properties": { "hex_id": 794369, "centroid_lon": -71.201733125734989, "centroid_lat": 46.411099894706794, "occurrences_today": 18, "datetimes_today": "2026-08-21 14:31:53, 2026-08-21 14:46:42, 2026-08-21 15:01:45, 2026-08-21 15:17:04, 2026-08-21 15:31:51, 2026-08-21 15:46:43, 2026-08-21 16:12:55, 2026-08-21 16:31:46, 2026-08-21 16:58:55, 2026-08-21 17:16:44, 2026-08-21 17:31:41, 2026-08-21 17:45:55, 2026-08-21 18:00:50, 2026-08-21 18:16:53, 2026-08-21 18:46:45, 2026-08-21 19:01:42, 2026-08-21 19:13:27, 2026-08-21 19:31:56", "cumulative_total": 96.0 }, "geometry": { "type": "Polygon", "coordinates": [ [ [ -71.202093509168876, 46.405915345752227 ], [ -71.208404349976817, 46.408723324315702 ], [ -71.208044529255503, 46.413907908654487 ], [ -71.201372642949394, 46.41628443677768 ], [ -71.195061338797629, 46.413476056835471 ], [ -71.195422384261732, 46.408291550214486 ], [ -71.202093509168876, 46.405915345752227 ] ] ] } },
{ "type": "Feature", "properties": { "hex_id": 842606, "centroid_lon": -70.679939205952877, "centroid_lat": 46.509473540068321, "occurrences_today": 7, "datetimes_today": "2026-08-21 10:46:39, 2026-08-21 11:00:53, 2026-08-21 11:17:01, 2026-08-21 11:34:22, 2026-08-21 11:47:06, 2026-08-21 12:02:03, 2026-08-21 12:16:43", "cumulative_total": 50.0 }, "geometry": { "type": "Polygon", "coordinates": [ [ [ -70.680350419017046, 46.50429243484448 ], [ -70.686643345085329, 46.507128693269159 ], [ -70.686232689309463, 46.51230983893786 ], [ -70.679527879451754, 46.514654637772317 ], [ -70.673234509551591, 46.511817972508013 ], [ -70.673646393302107, 46.506636915314473 ], [ -70.680350419017046, 46.50429243484448 ] ] ] } },
{ "type": "Feature", "properties": { "hex_id": 563525, "centroid_lon": -73.687446756293397, "centroid_lat": 45.297472488019629, "occurrences_today": 3, "datetimes_today": "2026-08-21 11:17:01, 2026-08-21 11:34:22, 2026-08-21 11:47:06", "cumulative_total": 108.0 }, "geometry": { "type": "Polygon", "coordinates": [ [ [ -73.687566627072641, 45.292276858205376 ], [ -73.693881771178184, 45.294947766223402 ], [ -73.693762465986381, 45.300143406708948 ], [ -73.687326852858135, 45.302668112838361 ], [ -73.681011175826598, 45.299996839597661 ], [ -73.681131644838388, 45.294801225514277 ], [ -73.687566627072641, 45.292276858205376 ] ] ] } },
{ "type": "Feature", "properties": { "hex_id": 562307, "centroid_lon": -73.699127692896141, "centroid_lat": 45.344379010570172, "occurrences_today": 9, "datetimes_today": "2026-08-21 11:34:22, 2026-08-21 11:47:06, 2026-08-21 12:02:03, 2026-08-21 12:16:43, 2026-08-21 12:31:50, 2026-08-21 12:46:48, 2026-08-21 13:01:53, 2026-08-21 13:16:57, 2026-08-21 13:31:42", "cumulative_total": 230.0 }, "geometry": { "type": "Polygon", "coordinates": [ [ [ -73.699246691439356, 45.339183399403574 ], [ -73.705567563335762, 45.341853704067596 ], [ -73.705449131933719, 45.347049325800739 ], [ -73.69900866191638, 45.349574616745393 ], [ -73.692687255320763, 45.346903946378205 ], [ -73.692806853430852, 45.34170835083367 ], [ -73.699246691439356, 45.339183399403574 ] ] ] } },
{ "type": "Feature", "properties": { "hex_id": 505576, "centroid_lon": -74.283614052744312, "centroid_lat": 46.058881074118943, "occurrences_today": 20, "datetimes_today": "2026-08-21 16:12:55, 2026-08-21 16:31:46, 2026-08-21 16:58:55, 2026-08-21 17:16:44, 2026-08-21 17:31:41, 2026-08-21 17:45:55, 2026-08-21 18:00:50, 2026-08-21 18:16:53, 2026-08-21 18:46:45, 2026-08-21 19:01:42, 2026-08-21 19:13:27, 2026-08-21 19:31:56, 2026-08-21 19:57:57, 2026-08-21 20:17:05, 2026-08-21 20:32:12, 2026-08-21 20:46:51, 2026-08-21 21:01:46, 2026-08-21 21:21:27, 2026-08-21 21:31:41, 2026-08-21 21:46:38", "cumulative_total": 89.0 }, "geometry": { "type": "Polygon", "coordinates": [ [ [ -74.283681241466155, 46.053685180957714 ], [ -74.290110959808061, 46.056323455511155 ], [ -74.290044368018641, 46.061519353532759 ], [ -74.283546845543924, 46.064076962459374 ], [ -74.27711654875128, 46.061438318727987 ], [ -74.277184352877811, 46.056242435313798 ], [ -74.283681241466155, 46.053685180957714 ] ] ] } },
{ "type": "Feature", "properties": { "hex_id": 506796, "centroid_lon": -74.270892013768517, "centroid_lat": 46.043211665899513, "occurrences_today": 20, "datetimes_today": "2026-08-21 16:12:55, 2026-08-21 16:31:46, 2026-08-21 16:58:55, 2026-08-21 17:16:44, 2026-08-21 17:31:41, 2026-08-21 17:45:55, 2026-08-21 18:00:50, 2026-08-21 18:16:53, 2026-08-21 18:46:45, 2026-08-21 19:01:42, 2026-08-21 19:13:27, 2026-08-21 19:31:56, 2026-08-21 19:57:57, 2026-08-21 20:17:05, 2026-08-21 20:32:12, 2026-08-21 20:46:51, 2026-08-21 21:01:46, 2026-08-21 21:21:27, 2026-08-21 21:31:41, 2026-08-21 21:46:38", "cumulative_total": 45.0 }, "geometry": { "type": "Polygon", "coordinates": [ [ [ -74.270960358254214, 46.038015773005355 ], [ -74.277387653430594, 46.040654756138075 ], [ -74.277319905211115, 46.045850654018849 ], [ -74.2708236504902, 46.048407553970115 ], [ -74.264395777843447, 46.045768201735598 ], [ -74.264464737381601, 46.040572318717452 ], [ -74.270960358254214, 46.038015773005355 ] ] ] } },
{ "type": "Feature", "properties": { "hex_id": 506797, "centroid_lon": -74.270686867529989, "centroid_lat": 46.05879931564057, "occurrences_today": 20, "datetimes_today": "2026-08-21 16:12:55, 2026-08-21 16:31:46, 2026-08-21 16:58:55, 2026-08-21 17:16:44, 2026-08-21 17:31:41, 2026-08-21 17:45:55, 2026-08-21 18:00:50, 2026-08-21 18:16:53, 2026-08-21 18:46:45, 2026-08-21 19:01:42, 2026-08-21 19:13:27, 2026-08-21 19:31:56, 2026-08-21 19:57:57, 2026-08-21 20:17:05, 2026-08-21 20:32:12, 2026-08-21 20:46:51, 2026-08-21 21:01:46, 2026-08-21 21:21:27, 2026-08-21 21:31:41, 2026-08-21 21:46:38", "cumulative_total": 110.0 }, "geometry": { "type": "Polygon", "coordinates": [ [ [ -74.270755268412813, 46.053603437217127 ], [ -74.277184352877811, 46.056242435313798 ], [ -74.27711654875128, 46.061438318727987 ], [ -74.270618447835304, 46.063995189240451 ], [ -74.26418878542907, 46.061355821840259 ], [ -74.26425780187364, 46.056159953296991 ], [ -74.270755268412813, 46.053603437217127 ] ] ] } },
{ "type": "Feature", "properties": { "hex_id": 507407, "centroid_lon": -74.264326799342953, "centroid_lat": 46.050964079928768, "occurrences_today": 21, "datetimes_today": "2026-08-21 16:12:55, 2026-08-21 16:31:46, 2026-08-21 16:58:55, 2026-08-21 17:16:44, 2026-08-21 17:31:41, 2026-08-21 17:45:55, 2026-08-21 18:00:50, 2026-08-21 18:16:53, 2026-08-21 18:46:45, 2026-08-21 19:01:42, 2026-08-21 19:13:27, 2026-08-21 19:31:56, 2026-08-21 19:57:57, 2026-08-21 20:17:05, 2026-08-21 20:32:12, 2026-08-21 20:46:51, 2026-08-21 21:01:46, 2026-08-21 21:21:27, 2026-08-21 21:31:41, 2026-08-21 21:46:38, 2026-08-21 22:01:50", "cumulative_total": 81.0 }, "geometry": { "type": "Polygon", "coordinates": [ [ [ -74.264395777843447, 46.045768201735598 ], [ -74.2708236504902, 46.048407553970115 ], [ -74.270755268412813, 46.053603437217127 ], [ -74.26425780187364, 46.056159953296991 ], [ -74.257829351775811, 46.053520231797087 ], [ -74.257898945661779, 46.048324363548574 ], [ -74.264395777843447, 46.045768201735598 ] ] ] } },
{ "type": "Feature", "properties": { "hex_id": 508628, "centroid_lon": -74.251401517229993, "centroid_lat": 46.050880151240733, "occurrences_today": 20, "datetimes_today": "2026-08-21 16:12:55, 2026-08-21 16:31:46, 2026-08-21 16:58:55, 2026-08-21 17:16:44, 2026-08-21 17:31:41, 2026-08-21 17:45:55, 2026-08-21 18:00:50, 2026-08-21 18:16:53, 2026-08-21 18:46:45, 2026-08-21 19:01:42, 2026-08-21 19:13:27, 2026-08-21 19:31:56, 2026-08-21 19:57:57, 2026-08-21 20:17:05, 2026-08-21 20:32:12, 2026-08-21 20:46:51, 2026-08-21 21:01:46, 2026-08-21 21:21:27, 2026-08-21 21:31:41, 2026-08-21 21:46:38", "cumulative_total": 66.0 }, "geometry": { "type": "Polygon", "coordinates": [ [ [ -74.251471707362825, 46.045684288176346 ], [ -74.257898945661779, 46.048324363548574 ], [ -74.257829351775811, 46.053520231797087 ], [ -74.251331307795269, 46.05607600947733 ], [ -74.244903492554684, 46.053435564714349 ], [ -74.244974298229678, 46.048239711727739 ], [ -74.251471707362825, 46.045684288176346 ] ] ] } },
{ "type": "Feature", "properties": { "hex_id": 509238, "centroid_lon": -74.245045084439525, "centroid_lat": 46.043043853911932, "occurrences_today": 20, "datetimes_today": "2026-08-21 16:12:55, 2026-08-21 16:31:46, 2026-08-21 16:58:55, 2026-08-21 17:16:44, 2026-08-21 17:31:41, 2026-08-21 17:45:55, 2026-08-21 18:00:50, 2026-08-21 18:16:53, 2026-08-21 18:46:45, 2026-08-21 19:01:42, 2026-08-21 19:13:27, 2026-08-21 19:31:56, 2026-08-21 19:57:57, 2026-08-21 20:17:05, 2026-08-21 20:32:12, 2026-08-21 20:46:51, 2026-08-21 21:01:46, 2026-08-21 21:21:27, 2026-08-21 21:31:41, 2026-08-21 21:46:38", "cumulative_total": 168.0 }, "geometry": { "type": "Polygon", "coordinates": [ [ [ -74.245115851190832, 46.037847991266922 ], [ -74.251541878200285, 46.040488420284177 ], [ -74.251471707362825, 46.045684288176346 ], [ -74.244974298229678, 46.048239711727739 ], [ -74.238547694768243, 46.045598913357985 ], [ -74.238619076885314, 46.040403060855148 ], [ -74.245115851190832, 46.037847991266922 ] ] ] } },
{ "type": "Feature", "properties": { "hex_id": 509849, "centroid_lon": -74.238476293022842, "centroid_lat": 46.050794761030154, "occurrences_today": 20, "datetimes_today": "2026-08-21 16:12:55, 2026-08-21 16:31:46, 2026-08-21 16:58:55, 2026-08-21 17:16:44, 2026-08-21 17:31:41, 2026-08-21 17:45:55, 2026-08-21 18:00:50, 2026-08-21 18:16:53, 2026-08-21 18:46:45, 2026-08-21 19:01:42, 2026-08-21 19:13:27, 2026-08-21 19:31:56, 2026-08-21 19:57:57, 2026-08-21 20:17:05, 2026-08-21 20:32:12, 2026-08-21 20:46:51, 2026-08-21 21:01:46, 2026-08-21 21:21:27, 2026-08-21 21:31:41, 2026-08-21 21:46:38", "cumulative_total": 45.0 }, "geometry": { "type": "Polygon", "coordinates": [ [ [ -74.238547694768243, 46.045598913357985 ], [ -74.244974298229678, 46.048239711727739 ], [ -74.244903492554684, 46.053435564714349 ], [ -74.238404871642402, 46.055990603871685 ], [ -74.231977691748938, 46.053349435985886 ], [ -74.232049709193092, 46.048153598524628 ], [ -74.238547694768243, 46.045598913357985 ] ] ] } },
{ "type": "Feature", "properties": { "hex_id": 511680, "centroid_lon": -74.219198388612966, "centroid_lat": 46.042870197449034, "occurrences_today": 20, "datetimes_today": "2026-08-21 16:12:55, 2026-08-21 16:31:46, 2026-08-21 16:58:55, 2026-08-21 17:16:44, 2026-08-21 17:31:41, 2026-08-21 17:45:55, 2026-08-21 18:00:50, 2026-08-21 18:16:53, 2026-08-21 18:46:45, 2026-08-21 19:01:42, 2026-08-21 19:13:27, 2026-08-21 19:31:56, 2026-08-21 19:57:57, 2026-08-21 20:17:05, 2026-08-21 20:32:12, 2026-08-21 20:46:51, 2026-08-21 21:01:46, 2026-08-21 21:21:27, 2026-08-21 21:31:41, 2026-08-21 21:46:38", "cumulative_total": 121.0 }, "geometry": { "type": "Polygon", "coordinates": [ [ [ -74.219271577550401, 46.037674366106494 ], [ -74.225696334435341, 46.040316240447495 ], [ -74.225623741058712, 46.045512077297637 ], [ -74.219125179551128, 46.048066023956558 ], [ -74.212699847233196, 46.045423780012783 ], [ -74.212773651848977, 46.040227959078685 ], [ -74.219271577550401, 46.037674366106494 ] ] ] } },
{ "type": "Feature", "properties": { "hex_id": 514121, "centroid_lon": -74.193578705060887, "centroid_lat": 46.027103285166767, "occurrences_today": 20, "datetimes_today": "2026-08-21 16:12:55, 2026-08-21 16:31:46, 2026-08-21 16:58:55, 2026-08-21 17:16:44, 2026-08-21 17:31:41, 2026-08-21 17:45:55, 2026-08-21 18:00:50, 2026-08-21 18:16:53, 2026-08-21 18:46:45, 2026-08-21 19:01:42, 2026-08-21 19:13:27, 2026-08-21 19:31:56, 2026-08-21 19:57:57, 2026-08-21 20:17:05, 2026-08-21 20:32:12, 2026-08-21 20:46:51, 2026-08-21 21:01:46, 2026-08-21 21:21:27, 2026-08-21 21:31:41, 2026-08-21 21:46:38", "cumulative_total": 91.0 }, "geometry": { "type": "Polygon", "coordinates": [ [ [ -74.193654253774085, 46.021907471656775 ], [ -74.200075953934146, 46.02455077346503 ], [ -74.20000099993959, 46.029746592738363 ], [ -74.193503135578709, 46.032299093835718 ], [ -74.187080861472538, 46.029655422376948 ], [ -74.187157025666295, 46.024459619537133 ], [ -74.193654253774085, 46.021907471656775 ] ] ] } },
{ "type": "Feature", "properties": { "hex_id": 182754, "centroid_lon": -77.808064278929663, "centroid_lat": 48.091959342996908, "occurrences_today": 8, "datetimes_today": "2026-08-21 07:16:08, 2026-08-21 07:43:49, 2026-08-21 08:01:54, 2026-08-21 08:16:52, 2026-08-21 08:31:42, 2026-08-21 08:46:42, 2026-08-21 09:01:45, 2026-08-21 10:25:23", "cumulative_total": 244.0 }, "geometry": { "type": "Polygon", "coordinates": [ [ [ -77.807781628428032, 48.086771140632457 ], [ -77.814629262540976, 48.089201047857145 ], [ -77.814912625955714, 48.09438921752691 ], [ -77.808347009277171, 48.097147539399963 ], [ -77.801498582390948, 48.094717275328534 ], [ -77.801216564985197, 48.089529046301266 ], [ -77.807781628428032, 48.086771140632457 ] ] ] } },
{ "type": "Feature", "properties": { "hex_id": 559240, "centroid_lon": -73.736051692732261, "centroid_lat": 45.118721471174872, "occurrences_today": 12, "datetimes_today": "2026-08-21 00:02:03, 2026-08-21 00:31:50, 2026-08-21 00:46:51, 2026-08-21 01:16:47, 2026-08-21 01:46:44, 2026-08-21 02:17:25, 2026-08-21 02:46:57, 2026-08-21 03:01:52, 2026-08-21 03:15:11, 2026-08-21 03:31:57, 2026-08-21 03:48:01, 2026-08-21 04:16:56", "cumulative_total": 34.0 }, "geometry": { "type": "Polygon", "coordinates": [ [ [ -73.736166408532739, 45.113525578796903 ], [ -73.742464316700591, 45.116193690385224 ], [ -73.742350161843831, 45.121389592916536 ], [ -73.735936945744911, 45.123917358576257 ], [ -73.729638507825413, 45.121248884457323 ], [ -73.729753815746122, 45.116053007272932 ], [ -73.736166408532739, 45.113525578796903 ] ] ] } },
{ "type": "Feature", "properties": { "hex_id": 562295, "centroid_lon": -73.703391289283303, "centroid_lat": 45.157333864563626, "occurrences_today": 12, "datetimes_today": "2026-08-21 14:16:48, 2026-08-21 14:31:53, 2026-08-21 14:46:42, 2026-08-21 15:01:45, 2026-08-21 15:17:04, 2026-08-21 15:31:51, 2026-08-21 15:46:43, 2026-08-21 16:12:55, 2026-08-21 16:31:46, 2026-08-21 19:01:42, 2026-08-21 19:13:27, 2026-08-21 19:31:56", "cumulative_total": 32.0 }, "geometry": { "type": "Polygon", "coordinates": [ [ [ -73.703509127287646, 45.152138073755935 ], [ -73.709809683900332, 45.154807999571346 ], [ -73.709692407545035, 45.160003800862171 ], [ -73.703273419229262, 45.162529650382609 ], [ -73.696972333022558, 45.159859361249431 ], [ -73.697090764714972, 45.154663585977318 ], [ -73.703509127287646, 45.152138073755935 ] ] ] } },
{ "type": "Feature", "properties": { "hex_id": 562905, "centroid_lon": -73.6972091642061, "centroid_lat": 45.14946780571416, "occurrences_today": 12, "datetimes_today": "2026-08-21 14:16:48, 2026-08-21 14:31:53, 2026-08-21 14:46:42, 2026-08-21 15:01:45, 2026-08-21 15:17:04, 2026-08-21 15:31:51, 2026-08-21 15:46:43, 2026-08-21 16:12:55, 2026-08-21 16:31:46, 2026-08-21 19:01:42, 2026-08-21 19:13:27, 2026-08-21 19:31:56", "cumulative_total": 32.0 }, "geometry": { "type": "Polygon", "coordinates": [ [ [ -73.697327531506602, 45.144272020460058 ], [ -73.703626933252963, 45.146942277959603 ], [ -73.703509127287646, 45.152138073755935 ], [ -73.697090764714972, 45.154663585977318 ], [ -73.690790833829382, 45.151992965200627 ], [ -73.69090979464498, 45.146797195543442 ], [ -73.697327531506602, 45.144272020460058 ] ] ] } },
{ "type": "Feature", "properties": { "hex_id": 463466, "centroid_lon": -74.728519109884459, "centroid_lat": 46.286838227260745, "occurrences_today": 2, "datetimes_today": "2026-08-21 11:34:22, 2026-08-21 11:47:06", "cumulative_total": 181.0 }, "geometry": { "type": "Polygon", "coordinates": [ [ [ -74.728544775455518, 46.28164219389248 ], [ -74.735022441208258, 46.284255437084781 ], [ -74.734997385799645, 46.289451470821867 ], [ -74.728493437233695, 46.292034255874441 ], [ -74.722015168399409, 46.289420645003354 ], [ -74.722041451210202, 46.284224616824936 ], [ -74.728544775455518, 46.28164219389248 ] ] ] } },
{ "type": "Feature", "properties": { "hex_id": 936100, "centroid_lon": -69.549239187162243, "centroid_lat": 47.825295220320534, "occurrences_today": 1, "datetimes_today": "2026-08-21 07:43:49", "cumulative_total": 123.0 }, "geometry": { "type": "Polygon", "coordinates": [ [ [ -69.549782141613335, 47.820124049730886 ], [ -69.556160458854791, 47.823026116825375 ], [ -69.555618082790048, 47.828197339769233 ], [ -69.548696080439854, 47.830466381558892 ], [ -69.542317337110319, 47.827563880761808 ], [ -69.54286102216507, 47.822392771945694 ], [ -69.549782141613335, 47.820124049730886 ] ] ] } },
{ "type": "Feature", "properties": { "hex_id": 418315, "centroid_lon": -75.210401379336844, "centroid_lat": 46.69224761376168, "occurrences_today": 17, "datetimes_today": "2026-08-21 10:25:23, 2026-08-21 10:46:39, 2026-08-21 11:00:53, 2026-08-21 11:17:01, 2026-08-21 11:34:22, 2026-08-21 11:47:06, 2026-08-21 12:02:03, 2026-08-21 12:16:43, 2026-08-21 12:31:50, 2026-08-21 12:46:48, 2026-08-21 13:01:53, 2026-08-21 13:16:57, 2026-08-21 13:31:42, 2026-08-21 13:46:54, 2026-08-21 14:16:48, 2026-08-21 14:31:53, 2026-08-21 14:46:42", "cumulative_total": 79.0 }, "geometry": { "type": "Polygon", "coordinates": [ [ [ -75.210381204755222, 46.687051927041189 ], [ -75.216930212311041, 46.689637561450674 ], [ -75.216951016787021, 46.694833243594381 ], [ -75.210421559513165, 46.697443295735795 ], [ -75.203871916467321, 46.694857293362503 ], [ -75.203852366187306, 46.689661606879071 ], [ -75.210381204755222, 46.687051927041189 ] ] ] } },
{ "type": "Feature", "properties": { "hex_id": 721640, "centroid_lon": -72.041036021826557, "centroid_lat": 45.196508420109474, "occurrences_today": 15, "datetimes_today": "2026-08-21 00:02:03, 2026-08-21 00:31:50, 2026-08-21 00:46:51, 2026-08-21 01:16:47, 2026-08-21 01:46:44, 2026-08-21 02:17:25, 2026-08-21 02:46:57, 2026-08-21 03:01:52, 2026-08-21 03:15:11, 2026-08-21 03:31:57, 2026-08-21 03:48:01, 2026-08-21 04:16:56, 2026-08-21 04:30:50, 2026-08-21 04:46:54, 2026-08-21 05:01:44", "cumulative_total": 222.0 }, "geometry": { "type": "Polygon", "coordinates": [ [ [ -72.041305208672071, 45.191318272118913 ], [ -72.047527605741266, 45.194078003792747 ], [ -72.047258958683656, 45.1992681784197 ], [ -72.040766761812932, 45.201698562104653 ], [ -72.034543898136093, 45.198938451869488 ], [ -72.034813697913307, 45.193748336573989 ], [ -72.041305208672071, 45.191318272118913 ] ] ] } },
{ "type": "Feature", "properties": { "hex_id": 545844, "centroid_lon": -73.865009460187181, "centroid_lat": 45.665752463970136, "occurrences_today": 4, "datetimes_today": "2026-08-21 22:01:50, 2026-08-21 22:32:24, 2026-08-21 22:46:49, 2026-08-21 23:01:48", "cumulative_total": 246.0 }, "geometry": { "type": "Polygon", "coordinates": [ [ [ -73.865114456098368, 45.660556826055675 ], [ -73.87147912740727, 45.663218222751397 ], [ -73.871374710572027, 45.6684138696559 ], [ -73.864904435543593, 45.670948096950248 ], [ -73.85853921389598, 45.66828633205278 ], [ -73.858644817605821, 45.663090708127598 ], [ -73.865114456098368, 45.660556826055675 ] ] ] } },
{ "type": "Feature", "properties": { "hex_id": 612404, "centroid_lon": -73.157722678811325, "centroid_lat": 45.898177277878077, "occurrences_today": 2, "datetimes_today": "2026-08-21 15:31:51, 2026-08-21 15:46:43", "cumulative_total": 83.0 }, "geometry": { "type": "Polygon", "coordinates": [ [ [ -73.157894472693073, 45.892983521155827 ], [ -73.164250402222507, 45.89568410136944 ], [ -73.164079184768269, 45.900877874156166 ], [ -73.157550837797913, 45.903371029358517 ], [ -73.151194378980591, 45.900670071372296 ], [ -73.151366796405554, 45.89547633602163 ], [ -73.157894472693073, 45.892983521155827 ] ] ] } },
{ "type": "Feature", "properties": { "hex_id": 612405, "centroid_lon": -73.15720701431222, "centroid_lat": 45.913758516593326, "occurrences_today": 2, "datetimes_today": "2026-08-21 15:31:51, 2026-08-21 15:46:43", "cumulative_total": 44.0 }, "geometry": { "type": "Polygon", "coordinates": [ [ [ -73.157378949636865, 45.908564775596986 ], [ -73.163736608918114, 45.911265404014152 ], [ -73.163565250490322, 45.916459161085101 ], [ -73.157035031807965, 45.918952252347381 ], [ -73.150676842817447, 45.916251245951507 ], [ -73.150849402202581, 45.911057526337409 ], [ -73.157378949636865, 45.908564775596986 ] ] ] } },
{ "type": "Feature", "properties": { "hex_id": 612406, "centroid_lon": -73.156690925196614, "centroid_lat": 45.929339708128062, "occurrences_today": 2, "datetimes_today": "2026-08-21 15:31:51, 2026-08-21 15:46:43", "cumulative_total": 50.0 }, "geometry": { "type": "Polygon", "coordinates": [ [ [ -73.156863002108082, 45.924145982858995 ], [ -73.163222392549656, 45.926846659510169 ], [ -73.163050893004836, 45.932040400864018 ], [ -73.156518801057501, 45.934533428154396 ], [ -73.150158880484923, 45.931832373318315 ], [ -73.150331581974683, 45.926638669442127 ], [ -73.156863002108082, 45.924145982858995 ] ] ] } },
{ "type": "Feature", "properties": { "hex_id": 612407, "centroid_lon": -73.156174411032282, "centroid_lat": 45.944920852478305, "occurrences_today": 2, "datetimes_today": "2026-08-21 15:31:51, 2026-08-21 15:46:43", "cumulative_total": 55.0 }, "geometry": { "type": "Polygon", "coordinates": [ [ [ -73.156346629674729, 45.939727142937862 ], [ -73.162707752686472, 45.942427867853525 ], [ -73.162536111880982, 45.947621593488918 ], [ -73.156002145114115, 45.950114556775567 ], [ -73.149640491549178, 45.947413453468656 ], [ -73.149813335288258, 45.942219765331743 ], [ -73.156346629674729, 45.939727142937862 ] ] ] } },
{ "type": "Feature", "properties": { "hex_id": 613015, "centroid_lon": -73.151021914251615, "centroid_lat": 45.905863801477622, "occurrences_today": 2, "datetimes_today": "2026-08-21 15:31:51, 2026-08-21 15:46:43", "cumulative_total": 67.0 }, "geometry": { "type": "Polygon", "coordinates": [ [ [ -73.151194378980591, 45.900670071372296 ], [ -73.157550837797913, 45.903371029358517 ], [ -73.157378949636865, 45.908564775596986 ], [ -73.150849402202581, 45.911057526337409 ], [ -73.14449241414539, 45.908356190418026 ], [ -73.144665502746321, 45.903162481756695 ], [ -73.151194378980591, 45.900670071372296 ] ] ] } },
{ "type": "Feature", "properties": { "hex_id": 613016, "centroid_lon": -73.150504236080167, "centroid_lat": 45.921444960319803, "occurrences_today": 2, "datetimes_today": "2026-08-21 15:31:51, 2026-08-21 15:46:43", "cumulative_total": 51.0 }, "geometry": { "type": "Polygon", "coordinates": [ [ [ -73.150676842817447, 45.916251245951507 ], [ -73.157035031807965, 45.918952252347381 ], [ -73.156863002108082, 45.924145982858995 ], [ -73.150331581974683, 45.926638669442127 ], [ -73.143972863322986, 45.923937284906913 ], [ -73.144146094449837, 45.918743591993298 ], [ -73.150676842817447, 45.916251245951507 ] ] ] } },
{ "type": "Feature", "properties": { "hex_id": 613017, "centroid_lon": -73.149986131594801, "centroid_lat": 45.937026071948246, "occurrences_today": 2, "datetimes_today": "2026-08-21 15:31:51, 2026-08-21 15:46:43", "cumulative_total": 53.0 }, "geometry": { "type": "Polygon", "coordinates": [ [ [ -73.150158880484923, 45.931832373318315 ], [ -73.156518801057501, 45.934533428154396 ], [ -73.156346629674729, 45.939727142937862 ], [ -73.149813335288258, 45.942219765331743 ], [ -73.143452884632794, 45.939518332150008 ], [ -73.143626258430601, 45.934324654985424 ], [ -73.150158880484923, 45.931832373318315 ] ] ] } },
{ "type": "Feature", "properties": { "hex_id": 613018, "centroid_lon": -73.149467600361461, "centroid_lat": 45.952607136358843, "occurrences_today": 14, "datetimes_today": "2026-08-21 15:31:51, 2026-08-21 15:46:43, 2026-08-21 16:12:55, 2026-08-21 16:31:46, 2026-08-21 16:58:55, 2026-08-21 17:16:44, 2026-08-21 17:31:41, 2026-08-21 17:45:55, 2026-08-21 18:00:50, 2026-08-21 18:16:53, 2026-08-21 18:46:45, 2026-08-21 19:01:42, 2026-08-21 19:13:27, 2026-08-21 19:31:56", "cumulative_total": 55.0 }, "geometry": { "type": "Polygon", "coordinates": [ [ [ -73.149640491549178, 45.947413453468656 ], [ -73.156002145114115, 45.950114556775567 ], [ -73.155829831904171, 45.955308255829507 ], [ -73.149294661709035, 45.957800814002155 ], [ -73.142932477639121, 45.955099332143178 ], [ -73.143105994253204, 45.949905670729038 ], [ -73.149640491549178, 45.947413453468656 ] ] ] } },
{ "type": "Feature", "properties": { "hex_id": 613019, "centroid_lon": -73.148948641945509, "centroid_lat": 45.968188153547537, "occurrences_today": 2, "datetimes_today": "2026-08-21 15:31:51, 2026-08-21 15:46:43", "cumulative_total": 43.0 }, "geometry": { "type": "Polygon", "coordinates": [ [ [ -73.149121675575756, 45.962994486398443 ], [ -73.155485063544731, 45.965695638206817 ], [ -73.155312608363118, 45.970889321529896 ], [ -73.148775560802164, 45.973381815449315 ], [ -73.14241164190571, 45.97068028488232 ], [ -73.14258530148156, 45.965486639219975 ], [ -73.149121675575756, 45.962994486398443 ] ] ] } },
{ "type": "Feature", "properties": { "hex_id": 613020, "centroid_lon": -73.148429255911637, "centroid_lat": 45.983769123510271, "occurrences_today": 2, "datetimes_today": "2026-08-21 15:31:51, 2026-08-21 15:46:43", "cumulative_total": 50.0 }, "geometry": { "type": "Polygon", "coordinates": [ [ [ -73.148602432129579, 45.978575472103614 ], [ -73.15496755591569, 45.981276672444146 ], [ -73.154794958617714, 45.986470340035019 ], [ -73.148256032132153, 45.988962769669165 ], [ -73.14189037699569, 45.986261190363358 ], [ -73.142064179678982, 45.981067560454171 ], [ -73.148602432129579, 45.978575472103614 ] ] ] } },
{ "type": "Feature", "properties": { "hex_id": 613021, "centroid_lon": -73.147909441823941, "centroid_lat": 45.999350046242995, "occurrences_today": 2, "datetimes_today": "2026-08-21 15:31:51, 2026-08-21 15:46:43", "cumulative_total": 38.0 }, "geometry": { "type": "Polygon", "coordinates": [ [ [ -73.148082760774983, 45.994156410580125 ], [ -73.154449621792708, 45.99685765948351 ], [ -73.154276882233461, 46.00205131134085 ], [ -73.147736075262884, 46.004543676657647 ], [ -73.141368682471494, 46.001842048582184 ], [ -73.14154262840816, 45.996648434427513 ], [ -73.148082760774983, 45.994156410580125 ] ] ] } },
{ "type": "Feature", "properties": { "hex_id": 613627, "centroid_lon": -73.143799584655298, "centroid_lat": 45.929130972571024, "occurrences_today": 2, "datetimes_today": "2026-08-21 15:31:51, 2026-08-21 15:46:43", "cumulative_total": 47.0 }, "geometry": { "type": "Polygon", "coordinates": [ [ [ -73.143972863322986, 45.923937284906913 ], [ -73.150331581974683, 45.926638669442127 ], [ -73.150158880484923, 45.931832373318315 ], [ -73.143626258430601, 45.934324654985424 ], [ -73.137267010166042, 45.931622892150195 ], [ -73.137440913552538, 45.926429226013219 ], [ -73.143972863322986, 45.923937284906913 ] ] ] } },
{ "type": "Feature", "properties": { "hex_id": 613628, "centroid_lon": -73.143279463245705, "centroid_lat": 45.944712004064591, "occurrences_today": 2, "datetimes_today": "2026-08-21 15:31:51, 2026-08-21 15:46:43", "cumulative_total": 58.0 }, "geometry": { "type": "Polygon", "coordinates": [ [ [ -73.143452884632794, 45.939518332150008 ], [ -73.149813335288258, 45.942219765331743 ], [ -73.149640491549178, 45.947413453468656 ], [ -73.143105994253204, 45.949905670729038 ], [ -73.136745013563228, 45.947203859040883 ], [ -73.136919060187594, 45.942010208664165 ], [ -73.143452884632794, 45.939518332150008 ] ] ] } },
{ "type": "Feature", "properties": { "hex_id": 613629, "centroid_lon": -73.142758913387297, "centroid_lat": 45.960292988306882, "occurrences_today": 2, "datetimes_today": "2026-08-21 15:31:51, 2026-08-21 15:46:43", "cumulative_total": 45.0 }, "geometry": { "type": "Polygon", "coordinates": [ [ [ -73.142932477639121, 45.955099332143178 ], [ -73.149294661709035, 45.957800814002155 ], [ -73.149121675575756, 45.962994486398443 ], [ -73.14258530148156, 45.965486639219975 ], [ -73.136222586955114, 45.962784778648057 ], [ -73.13639677696321, 45.957591144032968 ], [ -73.142932477639121, 45.955099332143178 ] ] ] } },
{ "type": "Feature", "properties": { "hex_id": 613630, "centroid_lon": -73.142237934643589, "centroid_lat": 45.975873925293769, "occurrences_today": 2, "datetimes_today": "2026-08-21 15:31:51, 2026-08-21 15:46:43", "cumulative_total": 66.0 }, "geometry": { "type": "Polygon", "coordinates": [ [ [ -73.14241164190571, 45.97068028488232 ], [ -73.148775560802164, 45.973381815449315 ], [ -73.148602432129579, 45.978575472103614 ], [ -73.142064179678982, 45.981067560454171 ], [ -73.135699729903564, 45.978365650967604 ], [ -73.135874063441534, 45.973172032115528 ], [ -73.14241164190571, 45.97068028488232 ] ] ] } },
{ "type": "Feature", "properties": { "hex_id": 613631, "centroid_lon": -73.141716526577483, "centroid_lat": 45.9914548150212, "occurrences_today": 2, "datetimes_today": "2026-08-21 15:31:51, 2026-08-21 15:46:43", "cumulative_total": 54.0 }, "geometry": { "type": "Polygon", "coordinates": [ [ [ -73.14189037699569, 45.986261190363358 ], [ -73.148256032132153, 45.988962769669165 ], [ -73.148082760774983, 45.994156410580125 ], [ -73.14154262840816, 45.996648434427513 ], [ -73.135176441969904, 45.993946475995379 ], [ -73.13535091918402, 45.988752872907682 ], [ -73.14189037699569, 45.986261190363358 ] ] ] } },
{ "type": "Feature", "properties": { "hex_id": 614240, "centroid_lon": -73.13604834911996, "centroid_lat": 45.96797840800896, "occurrences_today": 2, "datetimes_today": "2026-08-21 15:31:51, 2026-08-21 15:46:43", "cumulative_total": 38.0 }, "geometry": { "type": "Polygon", "coordinates": [ [ [ -73.136222586955114, 45.962784778648057 ], [ -73.14258530148156, 45.965486639219975 ], [ -73.14241164190571, 45.97068028488232 ], [ -73.135874063441534, 45.973172032115528 ], [ -73.129510818507171, 45.970469792669775 ], [ -73.129685682428658, 45.965276184930111 ], [ -73.136222586955114, 45.962784778648057 ] ] ] } },
{ "type": "Feature", "properties": { "hex_id": 614241, "centroid_lon": -73.135525348489821, "centroid_lat": 45.983559264565038, "occurrences_today": 2, "datetimes_today": "2026-08-21 15:31:51, 2026-08-21 15:46:43", "cumulative_total": 59.0 }, "geometry": { "type": "Polygon", "coordinates": [ [ [ -73.135699729903564, 45.978365650967604 ], [ -73.142064179678982, 45.981067560454171 ], [ -73.14189037699569, 45.986261190363358 ], [ -73.13535091918402, 45.988752872907682 ], [ -73.128985938578339, 45.986050584340575 ], [ -73.129160946598319, 45.980856992375159 ], [ -73.135699729903564, 45.978365650967604 ] ] ] } },
{ "type": "Feature", "properties": { "hex_id": 614242, "centroid_lon": -73.135001916831186, "centroid_lat": 45.999140073827981, "occurrences_today": 2, "datetimes_today": "2026-08-21 15:31:51, 2026-08-21 15:46:43", "cumulative_total": 38.0 }, "geometry": { "type": "Polygon", "coordinates": [ [ [ -73.135176441969904, 45.993946475995379 ], [ -73.14154262840816, 45.996648434427513 ], [ -73.141368682471494, 46.001842048582184 ], [ -73.134827343751553, 46.00433366640533 ], [ -73.128460626060274, 46.001631328685804 ], [ -73.128635778325659, 45.996437752496036 ], [ -73.135176441969904, 45.993946475995379 ] ] ] } },
{ "type": "Feature", "properties": { "hex_id": 945862, "centroid_lon": -69.452791035808374, "centroid_lat": 47.72711297164269, "occurrences_today": 1, "datetimes_today": "2026-08-21 07:43:49", "cumulative_total": 19.0 }, "geometry": { "type": "Polygon", "coordinates": [ [ [ -69.453341671888694, 47.721942551455456 ], [ -69.459702566678885, 47.724849334968816 ], [ -69.459152504131652, 47.730019808324919 ], [ -69.452240245546861, 47.732283382328852 ], [ -69.445878931432048, 47.729376165831901 ], [ -69.446430295172121, 47.724205808382294 ], [ -69.453341671888694, 47.721942551455456 ] ] ] } },
{ "type": "Feature", "properties": { "hex_id": 548896, "centroid_lon": -73.833084406817051, "centroid_lat": 45.657635772246387, "occurrences_today": 10, "datetimes_today": "2026-08-21 08:16:52, 2026-08-21 08:31:42, 2026-08-21 08:46:42, 2026-08-21 09:01:45, 2026-08-21 10:25:23, 2026-08-21 10:46:39, 2026-08-21 11:00:53, 2026-08-21 11:17:01, 2026-08-21 11:34:22, 2026-08-21 11:47:06", "cumulative_total": 410.0 }, "geometry": { "type": "Polygon", "coordinates": [ [ [ -73.833192325120507, 45.652440185168778 ], [ -73.839554536585453, 45.655103340648843 ], [ -73.839447196679671, 45.660298937032486 ], [ -73.832976458984746, 45.662831354378994 ], [ -73.826613698655933, 45.660167830497258 ], [ -73.826722224875994, 45.654972257735572 ], [ -73.833192325120507, 45.652440185168778 ] ] ] } },
{ "type": "Feature", "properties": { "hex_id": 550117, "centroid_lon": -73.820251546405913, "centroid_lat": 45.65750395692708, "occurrences_today": 11, "datetimes_today": "2026-08-21 08:16:52, 2026-08-21 08:31:42, 2026-08-21 08:46:42, 2026-08-21 09:01:45, 2026-08-21 10:25:23, 2026-08-21 10:46:39, 2026-08-21 11:00:53, 2026-08-21 11:17:01, 2026-08-21 11:34:22, 2026-08-21 11:47:06, 2026-08-21 12:02:03", "cumulative_total": 531.0 }, "geometry": { "type": "Polygon", "coordinates": [ [ [ -73.820360650846524, 45.652308393599029 ], [ -73.826722224875994, 45.654972257735572 ], [ -73.826613698655933, 45.660167830497258 ], [ -73.820142412112077, 45.662699515305768 ], [ -73.813780289720313, 45.660035282647598 ], [ -73.813890002224653, 45.654839733767439 ], [ -73.820360650846524, 45.652308393599029 ] ] ] } },
{ "type": "Feature", "properties": { "hex_id": 594723, "centroid_lon": -73.333565785884531, "centroid_lat": 46.267220690331143, "occurrences_today": 2, "datetimes_today": "2026-08-21 08:01:54, 2026-08-21 08:16:52", "cumulative_total": 8.0 }, "geometry": { "type": "Polygon", "coordinates": [ [ [ -73.333723199885426, 46.262026781416644 ], [ -73.340130019046526, 46.264718101267576 ], [ -73.339973195409698, 46.26991202461685 ], [ -73.333408328490805, 46.272414594091252 ], [ -73.327000962365915, 46.269722893292922 ], [ -73.327159010108844, 46.264529004033804 ], [ -73.333723199885426, 46.262026781416644 ] ] ] } },
{ "type": "Feature", "properties": { "hex_id": 608129, "centroid_lon": -73.203572070447706, "centroid_lat": 45.875523099960787, "occurrences_today": 2, "datetimes_today": "2026-08-21 15:31:51, 2026-08-21 15:46:43", "cumulative_total": 33.0 }, "geometry": { "type": "Polygon", "coordinates": [ [ [ -73.203739457993947, 45.870329190346169 ], [ -73.210095136186695, 45.873027224201444 ], [ -73.20992832502175, 45.878221149420291 ], [ -73.20340463699047, 45.880717004358125 ], [ -73.197048428335222, 45.878018593442349 ], [ -73.197216438158179, 45.872824704714503 ], [ -73.203739457993947, 45.870329190346169 ] ] ] } },
{ "type": "Feature", "properties": { "hex_id": 608740, "centroid_lon": -73.196880372429305, "centroid_lat": 45.883212476949517, "occurrences_today": 2, "datetimes_today": "2026-08-21 15:31:51, 2026-08-21 15:46:43", "cumulative_total": 27.0 }, "geometry": { "type": "Polygon", "coordinates": [ [ [ -73.197048428335222, 45.878018593442349 ], [ -73.20340463699047, 45.880717004358125 ], [ -73.203237157606694, 45.88591090353809 ], [ -73.19671227042484, 45.888406355235787 ], [ -73.190355531353816, 45.885707567098983 ], [ -73.190524209864776, 45.880513704550744 ], [ -73.197048428335222, 45.878018593442349 ] ] ] } },
{ "type": "Feature", "properties": { "hex_id": 608741, "centroid_lon": -73.19637592805779, "centroid_lat": 45.898794096145295, "occurrences_today": 2, "datetimes_today": "2026-08-21 15:31:51, 2026-08-21 15:46:43", "cumulative_total": 40.0 }, "geometry": { "type": "Polygon", "coordinates": [ [ [ -73.196544122306221, 45.893600228301111 ], [ -73.202902060997232, 45.896298686245245 ], [ -73.202734443740397, 45.901492569772159 ], [ -73.196207687663914, 45.903987958768198 ], [ -73.189849218134555, 45.90128912339722 ], [ -73.190018035504394, 45.896095276522352 ], [ -73.196544122306221, 45.893600228301111 ] ] ] } },
{ "type": "Feature", "properties": { "hex_id": 609352, "centroid_lon": -73.189680354447049, "centroid_lat": 45.90648296504736, "occurrences_today": 2, "datetimes_today": "2026-08-21 15:31:51, 2026-08-21 15:46:43", "cumulative_total": 31.0 }, "geometry": { "type": "Polygon", "coordinates": [ [ [ -73.189849218134555, 45.90128912339722 ], [ -73.196207687663914, 45.903987958768198 ], [ -73.196039401108976, 45.909181816169706 ], [ -73.189511444426188, 45.911676801472595 ], [ -73.183152444105502, 45.908977588514119 ], [ -73.183321931243213, 45.903783767905558 ], [ -73.189849218134555, 45.90128912339722 ] ] ] } },
{ "type": "Feature", "properties": { "hex_id": 609963, "centroid_lon": -73.182982910462073, "centroid_lat": 45.914171403894301, "occurrences_today": 2, "datetimes_today": "2026-08-21 15:31:51, 2026-08-21 15:46:43", "cumulative_total": 31.0 }, "geometry": { "type": "Polygon", "coordinates": [ [ [ -73.183152444105502, 45.908977588514119 ], [ -73.189511444426188, 45.911676801472595 ], [ -73.189342488056241, 45.916870632672797 ], [ -73.182813330297165, 45.919365214045989 ], [ -73.176453799232377, 45.916665623339298 ], [ -73.176623956654993, 45.911471829072987 ], [ -73.183152444105502, 45.908977588514119 ] ] ] } },
{ "type": "Feature", "properties": { "hex_id": 940981, "centroid_lon": -69.500970656630415, "centroid_lat": 47.776212589990124, "occurrences_today": 1, "datetimes_today": "2026-08-21 07:43:49", "cumulative_total": 22.0 }, "geometry": { "type": "Polygon", "coordinates": [ [ [ -69.501517463988577, 47.771041793160052 ], [ -69.50788705805445, 47.773946224177649 ], [ -69.507340826651514, 47.779117073770273 ], [ -69.500423696041935, 47.781383377394178 ], [ -69.494053679278267, 47.778478513032745 ], [ -69.494601215767702, 47.773307778459106 ], [ -69.501517463988577, 47.771041793160052 ] ] ] } },
{ "type": "Feature", "properties": { "hex_id": 583685, "centroid_lon": -73.471409949187745, "centroid_lat": 45.505260337918472, "occurrences_today": 11, "datetimes_today": "2026-08-21 06:17:37, 2026-08-21 06:31:49, 2026-08-21 06:47:00, 2026-08-21 07:16:08, 2026-08-21 07:43:49, 2026-08-21 08:01:54, 2026-08-21 08:16:52, 2026-08-21 08:31:42, 2026-08-21 08:46:42, 2026-08-21 09:01:45, 2026-08-21 10:25:23", "cumulative_total": 106.0 }, "geometry": { "type": "Polygon", "coordinates": [ [ [ -73.47155056004371, 45.500065384422328 ], [ -73.477878146934501, 45.502748312741709 ], [ -73.477738104957879, 45.507943279090661 ], [ -73.471269299934207, 45.510455286329687 ], [ -73.464941182568111, 45.507771988154559 ], [ -73.46508240068809, 45.502577052660612 ], [ -73.47155056004371, 45.500065384422328 ] ] ] } },
{ "type": "Feature", "properties": { "hex_id": 935489, "centroid_lon": -69.55670268285634, "centroid_lat": 47.817854884542271, "occurrences_today": 1, "datetimes_today": "2026-08-21 07:43:49", "cumulative_total": 49.0 }, "geometry": { "type": "Polygon", "coordinates": [ [ [ -69.557244754848625, 47.812683642921577 ], [ -69.563622645840141, 47.815585276474479 ], [ -69.563081152134004, 47.820756570371024 ], [ -69.556160458854791, 47.823026116825375 ], [ -69.549782141613335, 47.820124049730886 ], [ -69.550324943847144, 47.814952869791625 ], [ -69.557244754848625, 47.812683642921577 ] ] ] } },
{ "type": "Feature", "properties": { "hex_id": 791947, "centroid_lon": -71.206041020514519, "centroid_lat": 46.72303023936712, "occurrences_today": 1, "datetimes_today": "2026-08-21 02:46:57", "cumulative_total": 98.0 }, "geometry": { "type": "Polygon", "coordinates": [ [ [ -71.20640493586157, 46.717845948108327 ], [ -71.212751355847033, 46.720654653772542 ], [ -71.212388012793511, 46.725838980583454 ], [ -71.20567700442821, 46.728214523726656 ], [ -71.199330112905884, 46.72540541250067 ], [ -71.19969470125092, 46.720221163759675 ], [ -71.20640493586157, 46.717845948108327 ] ] ] } },
{ "type": "Feature", "properties": { "hex_id": 792557, "centroid_lon": -71.200059188702866, "centroid_lat": 46.715036908112396, "occurrences_today": 1, "datetimes_today": "2026-08-21 02:46:57", "cumulative_total": 145.0 }, "geometry": { "type": "Polygon", "coordinates": [ [ [ -71.20042357529654, 46.709852645559579 ], [ -71.206768750504182, 46.712661649951023 ], [ -71.20640493586157, 46.717845948108327 ], [ -71.19969470125092, 46.720221163759675 ], [ -71.193349054967868, 46.717411753866656 ], [ -71.193714114336061, 46.712227533890264 ], [ -71.20042357529654, 46.709852645559579 ] ] ] } },
{ "type": "Feature", "properties": { "hex_id": 793168, "centroid_lon": -71.192983894552825, "centroid_lat": 46.72259596692971, "occurrences_today": 1, "datetimes_today": "2026-08-21 02:46:57", "cumulative_total": 88.0 }, "geometry": { "type": "Polygon", "coordinates": [ [ [ -71.193349054967868, 46.717411753866656 ], [ -71.19969470125092, 46.720221163759675 ], [ -71.199330112905884, 46.72540541250067 ], [ -71.192618633055957, 46.727780173078671 ], [ -71.186272515802159, 46.724970357523915 ], [ -71.186638349334103, 46.719786187119325 ], [ -71.193349054967868, 46.717411753866656 ] ] ] } },
{ "type": "Feature", "properties": { "hex_id": 795001, "centroid_lon": -71.171745891572456, "centroid_lat": 46.745270113572857, "occurrences_today": 1, "datetimes_today": "2026-08-21 02:46:57", "cumulative_total": 56.0 }, "geometry": { "type": "Polygon", "coordinates": [ [ [ -71.172113376849424, 46.740086049523043 ], [ -71.178460435729775, 46.742896676881891 ], [ -71.178093522879308, 46.748080776830164 ], [ -71.171378304541832, 46.750454170682779 ], [ -71.16503077500623, 46.747643137181591 ], [ -71.165398934428197, 46.742459116036649 ], [ -71.172113376849424, 46.740086049523043 ] ] ] } },
{ "type": "Feature", "properties": { "hex_id": 795610, "centroid_lon": -71.166870553393025, "centroid_lat": 46.72172296199453, "occurrences_today": 1, "datetimes_today": "2026-08-21 02:46:57", "cumulative_total": 103.0 }, "geometry": { "type": "Polygon", "coordinates": [ [ [ -71.167238203629452, 46.71653890612226 ], [ -71.173582301123943, 46.719349723940162 ], [ -71.173215222510038, 46.724533815741914 ], [ -71.166502801389854, 46.726907010922865 ], [ -71.160158234057135, 46.724095787243677 ], [ -71.160526557647671, 46.718911774311202 ], [ -71.167238203629452, 46.71653890612226 ] ] ] } },
{ "type": "Feature", "properties": { "hex_id": 795611, "centroid_lon": -71.165766991942647, "centroid_lat": 46.737275087944703, "occurrences_today": 1, "datetimes_today": "2026-08-21 02:46:57", "cumulative_total": 56.0 }, "geometry": { "type": "Polygon", "coordinates": [ [ [ -71.166134947584794, 46.732091052906519 ], [ -71.172480760407922, 46.734901978534126 ], [ -71.172113376849424, 46.740086049523043 ], [ -71.165398934428197, 46.742459116036649 ], [ -71.159052651411301, 46.739647784327147 ], [ -71.1594212809742, 46.73446379225242 ], [ -71.166134947584794, 46.732091052906519 ] ] ] } },
{ "type": "Feature", "properties": { "hex_id": 796220, "centroid_lon": -71.160894779317886, "centroid_lat": 46.713727754427708, "occurrences_today": 1, "datetimes_today": "2026-08-21 02:46:57", "cumulative_total": 103.0 }, "geometry": { "type": "Polygon", "coordinates": [ [ [ -71.161262899102979, 46.708543727593955 ], [ -71.167605752134307, 46.711354843306822 ], [ -71.167238203629452, 46.71653890612226 ], [ -71.160526557647671, 46.718911774311202 ], [ -71.154183235238833, 46.716100252797467 ], [ -71.154552028154072, 46.710916268962031 ], [ -71.161262899102979, 46.708543727593955 ] ] ] } },
{ "type": "Feature", "properties": { "hex_id": 796222, "centroid_lon": -71.158683919787094, "centroid_lat": 46.744831769447771, "occurrences_today": 1, "datetimes_today": "2026-08-21 02:46:57", "cumulative_total": 56.0 }, "geometry": { "type": "Polygon", "coordinates": [ [ [ -71.159052651411301, 46.739647784327147 ], [ -71.165398934428197, 46.742459116036649 ], [ -71.16503077500623, 46.747643137181591 ], [ -71.158315086066295, 46.75001574761351 ], [ -71.151968332961403, 46.747204009661921 ], [ -71.152337738849155, 46.742020067586978 ], [ -71.159052651411301, 46.739647784327147 ] ] ] } },
{ "type": "Feature", "properties": { "hex_id": 796830, "centroid_lon": -71.154920719030741, "centroid_lat": 46.705732278169229, "occurrences_today": 1, "datetimes_today": "2026-08-21 02:46:57", "cumulative_total": 103.0 }, "geometry": { "type": "Polygon", "coordinates": [ [ [ -71.155289307904042, 46.700548280419802 ], [ -71.161630917038138, 46.703359693810683 ], [ -71.161262899102979, 46.708543727593955 ], [ -71.154552028154072, 46.710916268962031 ], [ -71.14820995010281, 46.708104449830778 ], [ -71.148579211882378, 46.702920495138159 ], [ -71.155289307904042, 46.700548280419802 ] ] ] } },
{ "type": "Feature", "properties": { "hex_id": 796831, "centroid_lon": -71.153814340249724, "centroid_lat": 46.721284229674765, "occurrences_today": 1, "datetimes_today": "2026-08-21 02:46:57", "cumulative_total": 103.0 }, "geometry": { "type": "Polygon", "coordinates": [ [ [ -71.154183235238833, 46.716100252797467 ], [ -71.160526557647671, 46.718911774311202 ], [ -71.160158234057135, 46.724095787243677 ], [ -71.153445343151503, 46.726468199593135 ], [ -71.14710155147084, 46.723656272118511 ], [ -71.147471119932362, 46.71847233832171 ], [ -71.154183235238833, 46.716100252797467 ] ] ] } },
{ "type": "Feature", "properties": { "hex_id": 796832, "centroid_lon": -71.152707042486526, "centroid_lat": 46.736836118550016, "occurrences_today": 1, "datetimes_today": "2026-08-21 02:46:57", "cumulative_total": 56.0 }, "geometry": { "type": "Polygon", "coordinates": [ [ [ -71.153076243908885, 46.731652162551811 ], [ -71.1594212809742, 46.73446379225242 ], [ -71.159052651411301, 46.739647784327147 ], [ -71.152337738849155, 46.742020067586978 ], [ -71.14599223215707, 46.739208031704834 ], [ -71.146362107618558, 46.734024118810865 ], [ -71.153076243908885, 46.731652162551811 ] ] ] } },
{ "type": "Feature", "properties": { "hex_id": 796833, "centroid_lon": -71.151598824787925, "centroid_lat": 46.7523879447741, "occurrences_today": 1, "datetimes_today": "2026-08-21 02:46:57", "cumulative_total": 56.0 }, "geometry": { "type": "Polygon", "coordinates": [ [ [ -71.151968332961403, 46.747204009661921 ], [ -71.158315086066295, 46.75001574761351 ], [ -71.15794615021359, 46.755199718823583 ], [ -71.151229214293338, 46.757571872922696 ], [ -71.144881991206475, 46.754759728568807 ], [ -71.145252173986449, 46.749575836584597 ], [ -71.151968332961403, 46.747204009661921 ] ] ] } },
{ "type": "Feature", "properties": { "hex_id": 797441, "centroid_lon": -71.147840586131238, "centroid_lat": 46.713288397558884, "occurrences_today": 1, "datetimes_today": "2026-08-21 02:46:57", "cumulative_total": 103.0 }, "geometry": { "type": "Polygon", "coordinates": [ [ [ -71.14820995010281, 46.708104449830778 ], [ -71.154552028154072, 46.710916268962031 ], [ -71.154183235238833, 46.716100252797467 ], [ -71.147471119932362, 46.71847233832171 ], [ -71.141128573069736, 46.715660113290092 ], [ -71.141498610289631, 46.710476208700946 ], [ -71.14820995010281, 46.708104449830778 ] ] ] } },
{ "type": "Feature", "properties": { "hex_id": 797443, "centroid_lon": -71.14562225429151, "centroid_lat": 46.744391937629686, "occurrences_today": 1, "datetimes_today": "2026-08-21 02:46:57", "cumulative_total": 56.0 }, "geometry": { "type": "Polygon", "coordinates": [ [ [ -71.14599223215707, 46.739208031704834 ], [ -71.152337738849155, 46.742020067586978 ], [ -71.151968332961403, 46.747204009661921 ], [ -71.145252173986449, 46.749575836584597 ], [ -71.138906197773736, 46.746763394360784 ], [ -71.139276850021218, 46.741579531622449 ], [ -71.14599223215707, 46.739208031704834 ] ] ] } },
{ "type": "Feature", "properties": { "hex_id": 798051, "centroid_lon": -71.141868545128816, "centroid_lat": 46.705292297139422, "occurrences_today": 1, "datetimes_today": "2026-08-21 02:46:57", "cumulative_total": 103.0 }, "geometry": { "type": "Polygon", "coordinates": [ [ [ -71.142238377622661, 46.700108378606238 ], [ -71.148579211882378, 46.702920495138159 ], [ -71.14820995010281, 46.708104449830778 ], [ -71.141498610289631, 46.710476208700946 ], [ -71.135157307678639, 46.707663686329234 ], [ -71.135527813196759, 46.702479810993488 ], [ -71.142238377622661, 46.700108378606238 ] ] ] } },
{ "type": "Feature", "properties": { "hex_id": 798052, "centroid_lon": -71.140758433433774, "centroid_lat": 46.720844010906035, "occurrences_today": 1, "datetimes_today": "2026-08-21 02:46:57", "cumulative_total": 103.0 }, "geometry": { "type": "Polygon", "coordinates": [ [ [ -71.141128573069736, 46.715660113290092 ], [ -71.147471119932362, 46.71847233832171 ], [ -71.14710155147084, 46.723656272118511 ], [ -71.140388191346347, 46.726027901548029 ], [ -71.134045175778439, 46.723215270456052 ], [ -71.134415989004907, 46.718031416061301 ], [ -71.141128573069736, 46.715660113290092 ] ] ] } },
{ "type": "Feature", "properties": { "hex_id": 798053, "centroid_lon": -71.139647399675511, "centroid_lat": 46.736395661907018, "occurrences_today": 1, "datetimes_today": "2026-08-21 02:46:57", "cumulative_total": 56.0 }, "geometry": { "type": "Polygon", "coordinates": [ [ [ -71.140017846772068, 46.73121178521528 ], [ -71.146362107618558, 46.734024118810865 ], [ -71.14599223215707, 46.739208031704834 ], [ -71.139276850021218, 46.741579531622449 ], [ -71.132932120115086, 46.738766791745839 ], [ -71.133303241368992, 46.73358295829911 ], [ -71.140017846772068, 46.73121178521528 ] ] ] } },
{ "type": "Feature", "properties": { "hex_id": 798662, "centroid_lon": -71.134786699626488, "centroid_lat": 46.712847554685425, "occurrences_today": 1, "datetimes_today": "2026-08-21 02:46:57", "cumulative_total": 103.0 }, "geometry": { "type": "Polygon", "coordinates": [ [ [ -71.135157307678639, 46.707663686329234 ], [ -71.141498610289631, 46.710476208700946 ], [ -71.141128573069736, 46.715660113290092 ], [ -71.134415989004907, 46.718031416061301 ], [ -71.128074218148839, 46.715218487689839 ], [ -71.128445499567249, 46.710034662613282 ], [ -71.135157307678639, 46.707663686329234 ] ] ] } },
{ "type": "Feature", "properties": { "hex_id": 799272, "centroid_lon": -71.128816678262908, "centroid_lat": 46.70485083054924, "occurrences_today": 1, "datetimes_today": "2026-08-21 02:46:57", "cumulative_total": 103.0 }, "geometry": { "type": "Polygon", "coordinates": [ [ [ -71.129187754271285, 46.699666991498496 ], [ -71.135527813196759, 46.702479810993488 ], [ -71.135157307678639, 46.707663686329234 ], [ -71.128445499567249, 46.710034662613282 ], [ -71.122104972856533, 46.707221437179179 ], [ -71.122476722006994, 46.702037641466482 ], [ -71.129187754271285, 46.699666991498496 ] ] ] } },
{ "type": "Feature", "properties": { "hex_id": 799883, "centroid_lon": -71.121733120830072, "centroid_lat": 46.712405225897221, "occurrences_today": 1, "datetimes_today": "2026-08-21 02:46:57", "cumulative_total": 137.0 }, "geometry": { "type": "Polygon", "coordinates": [ [ [ -71.122104972856533, 46.707221437179179 ], [ -71.128445499567249, 46.710034662613282 ], [ -71.128074218148839, 46.715218487689839 ], [ -71.121361165892083, 46.717589007619821 ], [ -71.115020171502621, 46.714775376086742 ], [ -71.115392697013121, 46.709591630788999 ], [ -71.122104972856533, 46.707221437179179 ] ] ] } },
{ "type": "Feature", "properties": { "hex_id": 800493, "centroid_lon": -71.115765119458842, "centroid_lat": 46.704407878488659, "occurrences_today": 1, "datetimes_today": "2026-08-21 02:46:57", "cumulative_total": 129.0 }, "geometry": { "type": "Polygon", "coordinates": [ [ [ -71.116137438875384, 46.699224119186475 ], [ -71.122476722006994, 46.702037641466482 ], [ -71.122104972856533, 46.707221437179179 ], [ -71.115392697013121, 46.709591630788999 ], [ -71.109052946662374, 46.706777702470731 ], [ -71.109425939338621, 46.701593986647246 ], [ -71.116137438875384, 46.699224119186475 ] ] ] } },
{ "type": "Feature", "properties": { "hex_id": 801104, "centroid_lon": -71.108679850768226, "centroid_lat": 46.711961411284406, "occurrences_today": 1, "datetimes_today": "2026-08-21 02:46:57", "cumulative_total": 133.0 }, "geometry": { "type": "Polygon", "coordinates": [ [ [ -71.109052946662374, 46.706777702470731 ], [ -71.115392697013121, 46.709591630788999 ], [ -71.115020171502621, 46.714775376086742 ], [ -71.108306651620495, 46.717145113087497 ], [ -71.10196643415749, 46.714330778571103 ], [ -71.102340203653213, 46.709147113318409 ], [ -71.109052946662374, 46.706777702470731 ] ] ] } },
{ "type": "Feature", "properties": { "hex_id": 801714, "centroid_lon": -71.102713869742246, "centroid_lat": 46.703963441047932, "occurrences_today": 1, "datetimes_today": "2026-08-21 02:46:57", "cumulative_total": 103.0 }, "geometry": { "type": "Polygon", "coordinates": [ [ [ -71.103087432460256, 46.698779761760449 ], [ -71.109425939338621, 46.701593986647246 ], [ -71.109052946662374, 46.706777702470731 ], [ -71.102340203653213, 46.709147113318409 ], [ -71.096001230121928, 46.7063324822943 ], [ -71.096375466217054, 46.701148846626154 ], [ -71.103087432460256, 46.698779761760449 ] ] ] } },
{ "type": "Feature", "properties": { "hex_id": 802325, "centroid_lon": -71.095626890467045, "centroid_lat": 46.711516110937445, "occurrences_today": 1, "datetimes_today": "2026-08-21 02:46:57", "cumulative_total": 2.0 }, "geometry": { "type": "Polygon", "coordinates": [ [ [ -71.096001230121928, 46.7063324822943 ], [ -71.102340203653213, 46.709147113318409 ], [ -71.10196643415749, 46.714330778571103 ], [ -71.095252447216609, 46.71669973255478 ], [ -71.08891300713961, 46.713884695233546 ], [ -71.089288020513422, 46.708701110292097 ], [ -71.096001230121928, 46.7063324822943 ] ] ] } },
{ "type": "Feature", "properties": { "hex_id": 802935, "centroid_lon": -71.08966293013863, "centroid_lat": 46.703517518317618, "occurrences_today": 1, "datetimes_today": "2026-08-21 02:46:57", "cumulative_total": 103.0 }, "geometry": { "type": "Polygon", "coordinates": [ [ [ -71.090037736051059, 46.698333919310919 ], [ -71.096375466217054, 46.701148846626154 ], [ -71.096001230121928, 46.7063324822943 ], [ -71.089288020513422, 46.708701110292097 ], [ -71.082949824260808, 46.705885776740622 ], [ -71.083325303667522, 46.700702221493913 ], [ -71.090037736051059, 46.698333919310919 ] ] ] } },
{ "type": "Feature", "properties": { "hex_id": 803546, "centroid_lon": -71.082574240952496, "centroid_lat": 46.711069324947083, "occurrences_today": 1, "datetimes_today": "2026-08-21 02:46:57", "cumulative_total": 13.0 }, "geometry": { "type": "Polygon", "coordinates": [ [ [ -71.082949824260808, 46.705885776740622 ], [ -71.089288020513422, 46.708701110292097 ], [ -71.08891300713961, 46.713884695233546 ], [ -71.082198553706718, 46.716252866112477 ], [ -71.075859891475034, 46.713437126165005 ], [ -71.076236148619415, 46.708253621800935 ], [ -71.082949824260808, 46.705885776740622 ] ] ] } },
{ "type": "Feature", "properties": { "hex_id": 804156, "centroid_lon": -71.07661230167335, "centroid_lat": 46.703070110388587, "occurrences_today": 1, "datetimes_today": "2026-08-21 02:46:57", "cumulative_total": 58.0 }, "geometry": { "type": "Polygon", "coordinates": [ [ [ -71.076988350672778, 46.697886591928722 ], [ -71.083325303667522, 46.700702221493913 ], [ -71.082949824260808, 46.705885776740622 ], [ -71.076236148619415, 46.708253621800935 ], [ -71.069898730104427, 46.705437585900718 ], [ -71.070275452715137, 46.700254111341522 ], [ -71.076988350672778, 46.697886591928722 ] ] ] } },
{ "type": "Feature", "properties": { "hex_id": 805377, "centroid_lon": -71.063561985371578, "centroid_lat": 46.702621217351982, "occurrences_today": 1, "datetimes_today": "2026-08-21 02:46:57", "cumulative_total": 2.0 }, "geometry": { "type": "Polygon", "coordinates": [ [ [ -71.063939277350244, 46.697437779704977 ], [ -71.070275452715137, 46.700254111341522 ], [ -71.069898730104427, 46.705437585900718 ], [ -71.063184588996734, 46.70780464793615 ], [ -71.056847948678097, 46.70498790986592 ], [ -71.057225914384844, 46.699804516260258 ], [ -71.063939277350244, 46.697437779704977 ] ] ] } },
{ "type": "Feature", "properties": { "hex_id": 928768, "centroid_lon": -69.638656781067041, "centroid_lat": 47.735973289055536, "occurrences_today": 1, "datetimes_today": "2026-08-21 07:43:49", "cumulative_total": 82.0 }, "geometry": { "type": "Polygon", "coordinates": [ [ [ -69.639189187108556, 47.730801273053572 ], [ -69.645562378756637, 47.733698148271408 ], [ -69.645030549893534, 47.738870215689133 ], [ -69.638124225883502, 47.741145295868961 ], [ -69.63175060622541, 47.738247988879614 ], [ -69.632283738534596, 47.733076033549821 ], [ -69.639189187108556, 47.730801273053572 ] ] ] } },
{ "type": "Feature", "properties": { "hex_id": 928769, "centroid_lon": -69.637058667879202, "centroid_lat": 47.751489281923583, "occurrences_today": 1, "datetimes_today": "2026-08-21 07:43:49", "cumulative_total": 7.0 }, "geometry": { "type": "Polygon", "coordinates": [ [ [ -69.637591521505172, 47.746317293492176 ], [ -69.643966445150255, 47.749214322987747 ], [ -69.64343416916455, 47.754386362865418 ], [ -69.636525664952785, 47.756661261161589 ], [ -69.630150312994331, 47.753763799660319 ], [ -69.630683893508163, 47.748591871936483 ], [ -69.637591521505172, 47.746317293492176 ] ] ] } },
{ "type": "Feature", "properties": { "hex_id": 929379, "centroid_lon": -69.631217324567544, "centroid_lat": 47.743419935009058, "occurrences_today": 1, "datetimes_today": "2026-08-21 07:43:49", "cumulative_total": 7.0 }, "geometry": { "type": "Polygon", "coordinates": [ [ [ -69.63175060622541, 47.738247988879614 ], [ -69.638124225883502, 47.741145295868961 ], [ -69.637591521505172, 47.746317293492176 ], [ -69.630683893508163, 47.748591871936483 ], [ -69.624309845998525, 47.74569413301483 ], [ -69.624843854284549, 47.740522247649039 ], [ -69.63175060622541, 47.738247988879614 ] ] ] } },
{ "type": "Feature", "properties": { "hex_id": 929380, "centroid_lon": -69.629616582973156, "centroid_lat": 47.758935718178932, "occurrences_today": 1, "datetimes_today": "2026-08-21 07:43:49", "cumulative_total": 7.0 }, "geometry": { "type": "Polygon", "coordinates": [ [ [ -69.630150312994331, 47.753763799660319 ], [ -69.636525664952785, 47.756661261161589 ], [ -69.635992512673042, 47.761833231204548 ], [ -69.629082703391674, 47.764107627490709 ], [ -69.622706923278571, 47.761209733822845 ], [ -69.623241380548507, 47.756037876103349 ], [ -69.630150312994331, 47.753763799660319 ] ] ] } },
{ "type": "Feature", "properties": { "hex_id": 929991, "centroid_lon": -69.622172316241333, "centroid_lat": 47.766381582323682, "occurrences_today": 1, "datetimes_today": "2026-08-21 07:43:49", "cumulative_total": 7.0 }, "geometry": { "type": "Polygon", "coordinates": [ [ [ -69.622706923278571, 47.761209733822845 ], [ -69.629082703391674, 47.764107627490709 ], [ -69.628548674196963, 47.769279527594023 ], [ -69.621637559383743, 47.771553421604224 ], [ -69.615261351274995, 47.768655095608835 ], [ -69.615796685922035, 47.76348330799869 ], [ -69.622706923278571, 47.761209733822845 ] ] ] } },
{ "type": "Feature", "properties": { "hex_id": 930600, "centroid_lon": -69.617936525297367, "centroid_lat": 47.74279606526926, "occurrences_today": 1, "datetimes_today": "2026-08-21 07:43:49", "cumulative_total": 7.0 }, "geometry": { "type": "Polygon", "coordinates": [ [ [ -69.618471110603281, 47.737624231522801 ], [ -69.624843854284549, 47.740522247649039 ], [ -69.624309845998525, 47.74569413301483 ], [ -69.617401790229323, 47.747967889791695 ], [ -69.611028619316826, 47.745069441645718 ], [ -69.611563931351739, 47.739897668810464 ], [ -69.618471110603281, 47.737624231522801 ] ] ] } },
{ "type": "Feature", "properties": { "hex_id": 930602, "centroid_lon": -69.614725866600466, "centroid_lat": 47.773826873986827, "occurrences_today": 1, "datetimes_today": "2026-08-21 07:43:49", "cumulative_total": 7.0 }, "geometry": { "type": "Polygon", "coordinates": [ [ [ -69.615261351274995, 47.768655095608835 ], [ -69.621637559383743, 47.771553421604224 ], [ -69.621102652652752, 47.776725251662853 ], [ -69.614190231845328, 47.778998643131047 ], [ -69.607813595900254, 47.776099884647159 ], [ -69.608349808545753, 47.770928167251505 ], [ -69.615261351274995, 47.768655095608835 ] ] ] } },
{ "type": "Feature", "properties": { "hex_id": 931212, "centroid_lon": -69.608885870956598, "centroid_lat": 47.765756440611838, "occurrences_today": 1, "datetimes_today": "2026-08-21 07:43:49", "cumulative_total": 49.0 }, "geometry": { "type": "Polygon", "coordinates": [ [ [ -69.609421783185979, 47.760584704729794 ], [ -69.615796685922035, 47.76348330799869 ], [ -69.615261351274995, 47.768655095608835 ], [ -69.608349808545753, 47.770928167251505 ], [ -69.601974478435437, 47.768029131567673 ], [ -69.602511118375432, 47.762857456724028 ], [ -69.609421783185979, 47.760584704729794 ] ] ] } },
{ "type": "Feature", "properties": { "hex_id": 931213, "centroid_lon": -69.607277232966851, "centroid_lat": 47.781271592797147, "occurrences_today": 1, "datetimes_today": "2026-08-21 07:43:49", "cumulative_total": 7.0 }, "geometry": { "type": "Polygon", "coordinates": [ [ [ -69.607813595900254, 47.776099884647159 ], [ -69.614190231845328, 47.778998643131047 ], [ -69.613654446956374, 47.784170403039866 ], [ -69.606740719692326, 47.786443291699889 ], [ -69.60036365607057, 47.783544100566523 ], [ -69.600900747336283, 47.778372453490569 ], [ -69.607813595900254, 47.776099884647159 ] ] ] } },
{ "type": "Feature", "properties": { "hex_id": 931822, "centroid_lon": -69.603047607980031, "centroid_lat": 47.757685772627738, "occurrences_today": 1, "datetimes_today": "2026-08-21 07:43:49", "cumulative_total": 10.0 }, "geometry": { "type": "Polygon", "coordinates": [ [ [ -69.603583947302482, 47.752514079280473 ], [ -69.609957545287045, 47.755412959607007 ], [ -69.609421783185979, 47.760584704729794 ], [ -69.602511118375432, 47.762857456724028 ], [ -69.596137093478262, 47.759958144056121 ], [ -69.596674160251027, 47.754786511803268 ], [ -69.603583947302482, 47.752514079280473 ] ] ] } },
{ "type": "Feature", "properties": { "hex_id": 931823, "centroid_lon": -69.601437688106813, "centroid_lat": 47.773200797157074, "occurrences_today": 1, "datetimes_today": "2026-08-21 07:43:49", "cumulative_total": 35.0 }, "geometry": { "type": "Polygon", "coordinates": [ [ [ -69.601974478435437, 47.768029131567673 ], [ -69.608349808545753, 47.770928167251505 ], [ -69.607813595900254, 47.776099884647159 ], [ -69.600900747336283, 47.778372453490569 ], [ -69.594524990011394, 47.775472985230905 ], [ -69.595062508411758, 47.770301380771585 ], [ -69.601974478435437, 47.768029131567673 ] ] ] } },
{ "type": "Feature", "properties": { "hex_id": 931824, "centroid_lon": -69.599826414256313, "centroid_lat": 47.788715738383324, "occurrences_today": 1, "datetimes_today": "2026-08-21 07:43:49", "cumulative_total": 7.0 }, "geometry": { "type": "Polygon", "coordinates": [ [ [ -69.60036365607057, 47.783544100566523 ], [ -69.606740719692326, 47.786443291699889 ], [ -69.606204056023373, 47.79161498135371 ], [ -69.599289021840193, 47.793887366939295 ], [ -69.592911530701684, 47.79098774299549 ], [ -69.593449501209747, 47.785816166344482 ], [ -69.60036365607057, 47.783544100566523 ] ] ] } },
{ "type": "Feature", "properties": { "hex_id": 932433, "centroid_lon": -69.595599876216269, "centroid_lat": 47.765129767046119, "occurrences_today": 1, "datetimes_today": "2026-08-21 07:43:49", "cumulative_total": 7.0 }, "geometry": { "type": "Polygon", "coordinates": [ [ [ -69.596137093478262, 47.759958144056121 ], [ -69.602511118375432, 47.762857456724028 ], [ -69.601974478435437, 47.768029131567673 ], [ -69.595062508411758, 47.770301380771585 ], [ -69.58868805676174, 47.767401635601495 ], [ -69.589226001834973, 47.762230073797603 ], [ -69.596137093478262, 47.759958144056121 ] ] ] } },
{ "type": "Feature", "properties": { "hex_id": 932434, "centroid_lon": -69.593987320961844, "centroid_lat": 47.780644580422411, "occurrences_today": 1, "datetimes_today": "2026-08-21 07:43:49", "cumulative_total": 32.0 }, "geometry": { "type": "Polygon", "coordinates": [ [ [ -69.594524990011394, 47.775472985230905 ], [ -69.600900747336283, 47.778372453490569 ], [ -69.60036365607057, 47.783544100566523 ], [ -69.593449501209747, 47.785816166344482 ], [ -69.587073316830299, 47.782916265348071 ], [ -69.587611714312828, 47.777744731378391 ], [ -69.594524990011394, 47.775472985230905 ] ] ] } },
{ "type": "Feature", "properties": { "hex_id": 932435, "centroid_lon": -69.592373409384237, "centroid_lat": 47.796159310373746, "occurrences_today": 1, "datetimes_today": "2026-08-21 07:43:49", "cumulative_total": 7.0 }, "geometry": { "type": "Polygon", "coordinates": [ [ [ -69.592911530701684, 47.79098774299549 ], [ -69.599289021840193, 47.793887366939295 ], [ -69.598751478768818, 47.799058986232822 ], [ -69.591835137203958, 47.801330868477621 ], [ -69.585457218708939, 47.798430811562341 ], [ -69.58599606908183, 47.793259305441694 ], [ -69.592911530701684, 47.79098774299549 ] ] ] } },
{ "type": "Feature", "properties": { "hex_id": 932436, "centroid_lon": -69.590758140040919, "centroid_lat": 47.811673956855692, "occurrences_today": 1, "datetimes_today": "2026-08-21 07:43:49", "cumulative_total": 7.0 }, "geometry": { "type": "Polygon", "coordinates": [ [ [ -69.591296714107344, 47.806502417305488 ], [ -69.597675940446678, 47.80940219702596 ], [ -69.597137945089031, 47.814573788522289 ], [ -69.590219414951136, 47.816845487126578 ], [ -69.583839760953154, 47.813945274199789 ], [ -69.584379064698169, 47.808773795943033 ], [ -69.591296714107344, 47.806502417305488 ] ] ] } },
{ "type": "Feature", "properties": { "hex_id": 933044, "centroid_lon": -69.588149960938836, "centroid_lat": 47.772573188128995, "occurrences_today": 1, "datetimes_today": "2026-08-21 07:43:49", "cumulative_total": 7.0 }, "geometry": { "type": "Polygon", "coordinates": [ [ [ -69.58868805676174, 47.767401635601495 ], [ -69.595062508411758, 47.770301380771585 ], [ -69.594524990011394, 47.775472985230905 ], [ -69.587611714312828, 47.777744731378391 ], [ -69.581236836070062, 47.774844553545279 ], [ -69.581775660065233, 47.769673062295617 ], [ -69.58868805676174, 47.767401635601495 ] ] ] } },
{ "type": "Feature", "properties": { "hex_id": 933045, "centroid_lon": -69.586534768437787, "centroid_lat": 47.788087790036407, "occurrences_today": 1, "datetimes_today": "2026-08-21 07:43:49", "cumulative_total": 7.0 }, "geometry": { "type": "Polygon", "coordinates": [ [ [ -69.587073316830299, 47.782916265348071 ], [ -69.593449501209747, 47.785816166344482 ], [ -69.592911530701684, 47.79098774299549 ], [ -69.58599606908183, 47.793259305441694 ], [ -69.579619457808136, 47.790358971547604 ], [ -69.580158734995024, 47.785187508172918 ], [ -69.587073316830299, 47.782916265348071 ] ] ] } },
{ "type": "Feature", "properties": { "hex_id": 933046, "centroid_lon": -69.584918217265567, "centroid_lat": 47.803602308396663, "occurrences_today": 1, "datetimes_today": "2026-08-21 07:43:49", "cumulative_total": 18.0 }, "geometry": { "type": "Polygon", "coordinates": [ [ [ -69.585457218708939, 47.798430811562341 ], [ -69.591835137203958, 47.801330868477621 ], [ -69.591296714107344, 47.806502417305488 ], [ -69.584379064698169, 47.808773795943033 ], [ -69.578000719007193, 47.805873305895268 ], [ -69.578540449867802, 47.800701870410428 ], [ -69.585457218708939, 47.798430811562341 ] ] ] } },
{ "type": "Feature", "properties": { "hex_id": 933655, "centroid_lon": -69.580697861064507, "centroid_lat": 47.780016035504914, "occurrences_today": 1, "datetimes_today": "2026-08-21 07:43:49", "cumulative_total": 7.0 }, "geometry": { "type": "Polygon", "coordinates": [ [ [ -69.581236836070062, 47.774844553545279 ], [ -69.587611714312828, 47.777744731378391 ], [ -69.587073316830299, 47.782916265348071 ], [ -69.580158734995024, 47.785187508172918 ], [ -69.573783430319907, 47.78228689751591 ], [ -69.574323133858897, 47.777115476925886 ], [ -69.581236836070062, 47.774844553545279 ] ] ] } },
{ "type": "Feature", "properties": { "hex_id": 933656, "centroid_lon": -69.579080029450239, "centroid_lat": 47.795530425627334, "occurrences_today": 1, "datetimes_today": "2026-08-21 07:43:49", "cumulative_total": 7.0 }, "geometry": { "type": "Polygon", "coordinates": [ [ [ -69.579619457808136, 47.790358971547604 ], [ -69.58599606908183, 47.793259305441694 ], [ -69.585457218708939, 47.798430811562341 ], [ -69.578540449867802, 47.800701870410428 ], [ -69.572163411860458, 47.797801103457701 ], [ -69.572703569374298, 47.792629710783473 ], [ -69.579619457808136, 47.790358971547604 ] ] ] } },
{ "type": "Feature", "properties": { "hex_id": 933657, "centroid_lon": -69.577460836814808, "centroid_lat": 47.811044732080191, "occurrences_today": 1, "datetimes_today": "2026-08-21 07:43:49", "cumulative_total": 18.0 }, "geometry": { "type": "Polygon", "coordinates": [ [ [ -69.578000719007193, 47.805873305895268 ], [ -69.584379064698169, 47.808773795943033 ], [ -69.583839760953154, 47.813945274199789 ], [ -69.576920803236959, 47.816216148963512 ], [ -69.570542030510893, 47.81331522562224 ], [ -69.571082642482452, 47.808143860878737 ], [ -69.578000719007193, 47.805873305895268 ] ] ] } },
{ "type": "Feature", "properties": { "hex_id": 934266, "centroid_lon": -69.573243575509579, "centroid_lat": 47.787458308802336, "occurrences_today": 1, "datetimes_today": "2026-08-21 07:43:49", "cumulative_total": 2.0 }, "geometry": { "type": "Polygon", "coordinates": [ [ [ -69.573783430319907, 47.78228689751591 ], [ -69.580158734995024, 47.785187508172918 ], [ -69.579619457808136, 47.790358971547604 ], [ -69.572703569374298, 47.792629710783473 ], [ -69.566327838427483, 47.789728667141702 ], [ -69.566868422132572, 47.784557317316754 ], [ -69.573783430319907, 47.78228689751591 ] ] ] } },
{ "type": "Feature", "properties": { "hex_id": 934267, "centroid_lon": -69.571623102914401, "centroid_lat": 47.802972486823336, "occurrences_today": 1, "datetimes_today": "2026-08-21 07:43:49", "cumulative_total": 7.0 }, "geometry": { "type": "Polygon", "coordinates": [ [ [ -69.572163411860458, 47.797801103457701 ], [ -69.578540449867802, 47.800701870410428 ], [ -69.578000719007193, 47.805873305895268 ], [ -69.571082642482452, 47.808143860878737 ], [ -69.564705177902411, 47.805242660706398 ], [ -69.56524621636612, 47.800071338838187 ], [ -69.572163411860458, 47.797801103457701 ] ] ] } },
{ "type": "Feature", "properties": { "hex_id": 934268, "centroid_lon": -69.570001266945994, "centroid_lat": 47.818486581052177, "occurrences_today": 1, "datetimes_today": "2026-08-21 07:43:49", "cumulative_total": 18.0 }, "geometry": { "type": "Polygon", "coordinates": [ [ [ -69.570542030510893, 47.81331522562224 ], [ -69.576920803236959, 47.816216148963512 ], [ -69.576380618219986, 47.821387556543641 ], [ -69.569460351734008, 47.823657927166899 ], [ -69.563081152134004, 47.820756570371024 ], [ -69.563622645840141, 47.815585276474479 ], [ -69.570542030510893, 47.81331522562224 ] ] ] } },
{ "type": "Feature", "properties": { "hex_id": 934877, "centroid_lon": -69.565787103189905, "centroid_lat": 47.794900007649403, "occurrences_today": 1, "datetimes_today": "2026-08-21 07:43:49", "cumulative_total": 2.0 }, "geometry": { "type": "Polygon", "coordinates": [ [ [ -69.566327838427483, 47.789728667141702 ], [ -69.572703569374298, 47.792629710783473 ], [ -69.572163411860458, 47.797801103457701 ], [ -69.56524621636612, 47.800071338838187 ], [ -69.558870059308632, 47.797169862050744 ], [ -69.559411523802439, 47.791998583096429 ], [ -69.566327838427483, 47.789728667141702 ] ] ] } },
{ "type": "Feature", "properties": { "hex_id": 934878, "centroid_lon": -69.564163987745019, "centroid_lat": 47.810413973252402, "occurrences_today": 1, "datetimes_today": "2026-08-21 07:43:49", "cumulative_total": 7.0 }, "geometry": { "type": "Polygon", "coordinates": [ [ [ -69.564705177902411, 47.805242660706398 ], [ -69.571082642482452, 47.808143860878737 ], [ -69.570542030510893, 47.81331522562224 ], [ -69.563622645840141, 47.815585276474479 ], [ -69.557244754848625, 47.812683642921577 ], [ -69.557786674885534, 47.807512391964984 ], [ -69.564705177902411, 47.805242660706398 ] ] ] } },
{ "type": "Feature", "properties": { "hex_id": 934879, "centroid_lon": -69.562539506572747, "centroid_lat": 47.825927854940325, "occurrences_today": 1, "datetimes_today": "2026-08-21 07:43:49", "cumulative_total": 48.0 }, "geometry": { "type": "Polygon", "coordinates": [ [ [ -69.563081152134004, 47.820756570371024 ], [ -69.569460351734008, 47.823657927166899 ], [ -69.568919284821121, 47.828829263964728 ], [ -69.561997709102528, 47.83109913018076 ], [ -69.555618082790048, 47.828197339769233 ], [ -69.556160458854791, 47.823026116825375 ], [ -69.563081152134004, 47.820756570371024 ] ] ] } },
{ "type": "Feature", "properties": { "hex_id": 935487, "centroid_lon": -69.55995283655615, "centroid_lat": 47.786827294812888, "occurrences_today": 1, "datetimes_today": "2026-08-21 07:43:49", "cumulative_total": 2.0 }, "geometry": { "type": "Polygon", "coordinates": [ [ [ -69.56049399762351, 47.781655997201746 ], [ -69.566868422132572, 47.784557317316754 ], [ -69.566327838427483, 47.789728667141702 ], [ -69.559411523802439, 47.791998583096429 ], [ -69.553036673644314, 47.78909682990971 ], [ -69.553578563706552, 47.783925593907888 ], [ -69.56049399762351, 47.781655997201746 ] ] ] } },
{ "type": "Feature", "properties": { "hex_id": 935488, "centroid_lon": -69.558328443020912, "centroid_lat": 47.802341131674154, "occurrences_today": 1, "datetimes_today": "2026-08-21 07:43:49", "cumulative_total": 2.0 }, "geometry": { "type": "Polygon", "coordinates": [ [ [ -69.558870059308632, 47.797169862050744 ], [ -69.56524621636612, 47.800071338838187 ], [ -69.564705177902411, 47.805242660706398 ], [ -69.557786674885534, 47.807512391964984 ], [ -69.551410091878651, 47.804610481870967 ], [ -69.551952437784195, 47.799439273892915 ], [ -69.558870059308632, 47.797169862050744 ] ] ] } },
{ "type": "Feature", "properties": { "hex_id": 935490, "centroid_lon": -69.555075554608223, "centroid_lat": 47.833368553372175, "occurrences_today": 1, "datetimes_today": "2026-08-21 07:43:49", "cumulative_total": 23.0 }, "geometry": { "type": "Polygon", "coordinates": [ [ [ -69.555618082790048, 47.828197339769233 ], [ -69.561997709102528, 47.83109913018076 ], [ -69.561455759669428, 47.836270396090633 ], [ -69.554532874255287, 47.838539757632546 ], [ -69.548152821392151, 47.835637533444299 ], [ -69.548696080439854, 47.830466381558892 ], [ -69.555618082790048, 47.828197339769233 ] ] ] } },
{ "type": "Feature", "properties": { "hex_id": 936098, "centroid_lon": -69.552494631688134, "centroid_lat": 47.794268056571944, "occurrences_today": 1, "datetimes_today": "2026-08-21 07:43:49", "cumulative_total": 2.0 }, "geometry": { "type": "Polygon", "coordinates": [ [ [ -69.553036673644314, 47.78909682990971 ], [ -69.559411523802439, 47.791998583096429 ], [ -69.558870059308632, 47.797169862050744 ], [ -69.551952437784195, 47.799439273892915 ], [ -69.5455771621384, 47.796537087473638 ], [ -69.546119933450868, 47.791365922512682 ], [ -69.553036673644314, 47.78909682990971 ] ] ] } },
{ "type": "Feature", "properties": { "hex_id": 936099, "centroid_lon": -69.550867593917587, "centroid_lat": 47.809781680504436, "occurrences_today": 1, "datetimes_today": "2026-08-21 07:43:49", "cumulative_total": 39.0 }, "geometry": { "type": "Polygon", "coordinates": [ [ [ -69.551410091878651, 47.804610481870967 ], [ -69.557786674885534, 47.807512391964984 ], [ -69.557244754848625, 47.812683642921577 ], [ -69.550324943847144, 47.814952869791625 ], [ -69.543947935052472, 47.812050526230117 ], [ -69.544491162993154, 47.806879389334021 ], [ -69.551410091878651, 47.804610481870967 ] ] ] } },
{ "type": "Feature", "properties": { "hex_id": 936709, "centroid_lon": -69.545034238670468, "centroid_lat": 47.801708243081308, "occurrences_today": 1, "datetimes_today": "2026-08-21 07:43:49", "cumulative_total": 2.0 }, "geometry": { "type": "Polygon", "coordinates": [ [ [ -69.5455771621384, 47.796537087473638 ], [ -69.551952437784195, 47.799439273892915 ], [ -69.551410091878651, 47.804610481870967 ], [ -69.544491162993154, 47.806879389334021 ], [ -69.538115462021352, 47.803976769521348 ], [ -69.538659115207111, 47.798805675706944 ], [ -69.5455771621384, 47.796537087473638 ] ] ] } },
{ "type": "Feature", "properties": { "hex_id": 937320, "centroid_lon": -69.537571656418365, "centroid_lat": 47.809147853968724, "occurrences_today": 1, "datetimes_today": "2026-08-21 07:43:49", "cumulative_total": 8.0 }, "geometry": { "type": "Polygon", "coordinates": [ [ [ -69.538115462021352, 47.803976769521348 ], [ -69.544491162993154, 47.806879389334021 ], [ -69.543947935052472, 47.812050526230117 ], [ -69.537027698344119, 47.814318929047403 ], [ -69.530651572208299, 47.811415875680453 ], [ -69.531196107890807, 47.806244853118429 ], [ -69.538115462021352, 47.803976769521348 ] ] ] } },
{ "type": "Feature", "properties": { "hex_id": 937931, "centroid_lon": -69.530106883846585, "centroid_lat": 47.816586888861721, "occurrences_today": 1, "datetimes_today": "2026-08-21 07:43:49", "cumulative_total": 47.0 }, "geometry": { "type": "Polygon", "coordinates": [ [ [ -69.530651572208299, 47.811415875680453 ], [ -69.537027698344119, 47.814318929047403 ], [ -69.536483587744542, 47.819489994755742 ], [ -69.529562042751508, 47.821757892660514 ], [ -69.523185491613972, 47.818854405578399 ], [ -69.523730910417058, 47.813683454374619 ], [ -69.530651572208299, 47.811415875680453 ] ] ] } },
{ "type": "Feature", "properties": { "hex_id": 791337, "centroid_lon": -71.21202456915465, "centroid_lat": 46.731023300502137, "occurrences_today": 16, "datetimes_today": "2026-08-21 02:46:57, 2026-08-21 03:01:52, 2026-08-21 03:15:11, 2026-08-21 03:31:57, 2026-08-21 03:48:01, 2026-08-21 04:16:56, 2026-08-21 04:30:50, 2026-08-21 04:46:54, 2026-08-21 05:01:44, 2026-08-21 05:32:00, 2026-08-21 05:46:49, 2026-08-21 06:01:46, 2026-08-21 06:17:37, 2026-08-21 06:31:49, 2026-08-21 06:47:00, 2026-08-21 07:16:08", "cumulative_total": 231.0 }, "geometry": { "type": "Polygon", "coordinates": [ [ [ -71.212388012793511, 46.725838980583454 ], [ -71.21873567812267, 46.728647387303162 ], [ -71.218372807119991, 46.733831742721563 ], [ -71.211661024895662, 46.736207613527846 ], [ -71.205312887567814, 46.73339880118619 ], [ -71.20567700442821, 46.728214523726656 ], [ -71.212388012793511, 46.725838980583454 ] ] ] } },
{ "type": "Feature", "properties": { "hex_id": 799273, "centroid_lon": -71.12770283397218, "centroid_lat": 46.720402305778123, "occurrences_today": 1, "datetimes_today": "2026-08-21 02:46:57", "cumulative_total": 102.0 }, "geometry": { "type": "Polygon", "coordinates": [ [ [ -71.128074218148839, 46.715218487689839 ], [ -71.134415989004907, 46.718031416061301 ], [ -71.134045175778439, 46.723215270456052 ], [ -71.127331347001771, 46.725586116877359 ], [ -71.120989108007009, 46.722772782346212 ], [ -71.121361165892083, 46.717589007619821 ], [ -71.128074218148839, 46.715218487689839 ] ] ] } },
{ "type": "Feature", "properties": { "hex_id": 609351, "centroid_lon": -73.190186806572243, "centroid_lat": 45.890901424422871, "occurrences_today": 2, "datetimes_today": "2026-08-21 15:31:51, 2026-08-21 15:46:43", "cumulative_total": 18.0 }, "geometry": { "type": "Polygon", "coordinates": [ [ [ -73.190355531353816, 45.885707567098983 ], [ -73.19671227042484, 45.888406355235787 ], [ -73.196544122306221, 45.893600228301111 ], [ -73.190018035504394, 45.896095276522352 ], [ -73.183660766064548, 45.893396111003916 ], [ -73.183830113779649, 45.888202274711126 ], [ -73.190355531353816, 45.885707567098983 ] ] ] } },
{ "type": "Feature", "properties": { "hex_id": 609961, "centroid_lon": -73.183999415052057, "centroid_lat": 45.883008433190575, "occurrences_today": 2, "datetimes_today": "2026-08-21 15:31:51, 2026-08-21 15:46:43", "cumulative_total": 18.0 }, "geometry": { "type": "Polygon", "coordinates": [ [ [ -73.184168669897474, 45.877814586442341 ], [ -73.190524209864776, 45.880513704550744 ], [ -73.190355531353816, 45.885707567098983 ], [ -73.183830113779649, 45.888202274711126 ], [ -73.177474043912738, 45.885502779266382 ], [ -73.177643921503872, 45.880308953611078 ], [ -73.184168669897474, 45.877814586442341 ] ] ] } },
{ "type": "Feature", "properties": { "hex_id": 609962, "centroid_lon": -73.18349137189098, "centroid_lat": 45.898589942068774, "occurrences_today": 2, "datetimes_today": "2026-08-21 15:31:51, 2026-08-21 15:46:43", "cumulative_total": 18.0 }, "geometry": { "type": "Polygon", "coordinates": [ [ [ -73.183660766064548, 45.893396111003916 ], [ -73.190018035504394, 45.896095276522352 ], [ -73.189849218134555, 45.90128912339722 ], [ -73.183321931243213, 45.903783767905558 ], [ -73.176964131481711, 45.901084224844894 ], [ -73.17713414891746, 45.895890414883432 ], [ -73.183660766064548, 45.893396111003916 ] ] ] } },
{ "type": "Feature", "properties": { "hex_id": 609964, "centroid_lon": -73.182474030339762, "centroid_lat": 45.929752818663211, "occurrences_today": 2, "datetimes_today": "2026-08-21 15:31:51, 2026-08-21 15:46:43", "cumulative_total": 16.0 }, "geometry": { "type": "Polygon", "coordinates": [ [ [ -73.182643703594991, 45.924559018968985 ], [ -73.18900443620619, 45.927258279397556 ], [ -73.188835340694638, 45.932452094921821 ], [ -73.18230431051569, 45.934946613128496 ], [ -73.17594304673753, 45.932246974745624 ], [ -73.17611334428949, 45.92705319617577 ], [ -73.182643703594991, 45.924559018968985 ] ] ] } },
{ "type": "Feature", "properties": { "hex_id": 610572, "centroid_lon": -73.177304119722535, "centroid_lat": 45.890696599690529, "occurrences_today": 2, "datetimes_today": "2026-08-21 15:31:51, 2026-08-21 15:46:43", "cumulative_total": 30.0 }, "geometry": { "type": "Polygon", "coordinates": [ [ [ -73.177474043912738, 45.885502779266382 ], [ -73.183830113779649, 45.888202274711126 ], [ -73.183660766064548, 45.893396111003916 ], [ -73.17713414891746, 45.895890414883432 ], [ -73.170777549198206, 45.893190541941784 ], [ -73.170948096462567, 45.887996742682787 ], [ -73.177474043912738, 45.885502779266382 ] ] ] } },
{ "type": "Feature", "properties": { "hex_id": 610573, "centroid_lon": -73.176794067399484, "centroid_lat": 45.9062780295748, "occurrences_today": 2, "datetimes_today": "2026-08-21 15:31:51, 2026-08-21 15:46:43", "cumulative_total": 18.0 }, "geometry": { "type": "Polygon", "coordinates": [ [ [ -73.176964131481711, 45.901084224844894 ], [ -73.183321931243213, 45.903783767905558 ], [ -73.183152444105502, 45.908977588514119 ], [ -73.176623956654993, 45.911471829072987 ], [ -73.17026562661917, 45.90877190830949 ], [ -73.17043631429236, 45.903578124755278 ], [ -73.176964131481711, 45.901084224844894 ] ] ] } },
{ "type": "Feature", "properties": { "hex_id": 610574, "centroid_lon": -73.176283595115819, "centroid_lat": 45.921859412373621, "occurrences_today": 2, "datetimes_today": "2026-08-21 15:31:51, 2026-08-21 15:46:43", "cumulative_total": 16.0 }, "geometry": { "type": "Polygon", "coordinates": [ [ [ -73.176453799232377, 45.916665623339298 ], [ -73.182813330297165, 45.919365214045989 ], [ -73.182643703594991, 45.924559018968985 ], [ -73.17611334428949, 45.92705319617577 ], [ -73.169753282528035, 45.924353227560182 ], [ -73.169924110752888, 45.919159459712098 ], [ -73.176453799232377, 45.916665623339298 ] ] ] } },
{ "type": "Feature", "properties": { "hex_id": 610575, "centroid_lon": -73.175772702444107, "centroid_lat": 45.937440748083056, "occurrences_today": 2, "datetimes_today": "2026-08-21 15:31:51, 2026-08-21 15:46:43", "cumulative_total": 16.0 }, "geometry": { "type": "Polygon", "coordinates": [ [ [ -73.17594304673753, 45.932246974745624 ], [ -73.18230431051569, 45.934946613128496 ], [ -73.182134544106958, 45.94014040236469 ], [ -73.175602311393334, 45.942634516187887 ], [ -73.169240516495734, 45.939934499689926 ], [ -73.169411485415353, 45.934740747549263 ], [ -73.17594304673753, 45.932246974745624 ] ] ] } },
{ "type": "Feature", "properties": { "hex_id": 610576, "centroid_lon": -73.175261388956315, "centroid_lat": 45.953022036699174, "occurrences_today": 2, "datetimes_today": "2026-08-21 15:31:51, 2026-08-21 15:46:43", "cumulative_total": 25.0 }, "geometry": { "type": "Polygon", "coordinates": [ [ [ -73.175431873569352, 45.947828279059976 ], [ -73.181794871472363, 45.95052796514922 ], [ -73.181624965214837, 45.955721738697264 ], [ -73.175090857538308, 45.958215789105353 ], [ -73.168727328092686, 45.955515724694727 ], [ -73.168898437850331, 45.950321988262807 ], [ -73.175431873569352, 45.947828279059976 ] ] ] } },
{ "type": "Feature", "properties": { "hex_id": 611183, "centroid_lon": -73.170606955146752, "centroid_lat": 45.898384335966, "occurrences_today": 2, "datetimes_today": "2026-08-21 15:31:51, 2026-08-21 15:46:43", "cumulative_total": 18.0 }, "geometry": { "type": "Polygon", "coordinates": [ [ [ -73.170777549198206, 45.893190541941784 ], [ -73.17713414891746, 45.895890414883432 ], [ -73.176964131481711, 45.901084224844894 ], [ -73.17043631429236, 45.903578124755278 ], [ -73.164079184768269, 45.900877874156166 ], [ -73.164250402222507, 45.89568410136944 ], [ -73.170777549198206, 45.893190541941784 ] ] ] } },
{ "type": "Feature", "properties": { "hex_id": 611184, "centroid_lon": -73.170094892111308, "centroid_lat": 45.913965686628465, "occurrences_today": 2, "datetimes_today": "2026-08-21 15:31:51, 2026-08-21 15:46:43", "cumulative_total": 16.0 }, "geometry": { "type": "Polygon", "coordinates": [ [ [ -73.17026562661917, 45.90877190830949 ], [ -73.176623956654993, 45.911471829072987 ], [ -73.176453799232377, 45.916665623339298 ], [ -73.169924110752888, 45.919159459712098 ], [ -73.163565250490322, 45.916459161085101 ], [ -73.163736608918114, 45.911265404014152 ], [ -73.17026562661917, 45.90877190830949 ] ] ] } },
{ "type": "Feature", "properties": { "hex_id": 611185, "centroid_lon": -73.169582407420819, "centroid_lat": 45.929546990172625, "occurrences_today": 2, "datetimes_today": "2026-08-21 15:31:51, 2026-08-21 15:46:43", "cumulative_total": 16.0 }, "geometry": { "type": "Polygon", "coordinates": [ [ [ -73.169753282528035, 45.924353227560182 ], [ -73.17611334428949, 45.92705319617577 ], [ -73.17594304673753, 45.932246974745624 ], [ -73.169411485415353, 45.934740747549263 ], [ -73.163050893004836, 45.932040400864018 ], [ -73.163222392549656, 45.926846659510169 ], [ -73.169753282528035, 45.924353227560182 ] ] ] } },
{ "type": "Feature", "properties": { "hex_id": 611186, "centroid_lon": -73.169069500646032, "centroid_lat": 45.945128246594493, "occurrences_today": 2, "datetimes_today": "2026-08-21 15:31:51, 2026-08-21 15:46:43", "cumulative_total": 16.0 }, "geometry": { "type": "Polygon", "coordinates": [ [ [ -73.169240516495734, 45.939934499689926 ], [ -73.175602311393334, 45.942634516187887 ], [ -73.175431873569352, 45.947828279059976 ], [ -73.168898437850331, 45.950321988262807 ], [ -73.162536111880982, 45.947621593488918 ], [ -73.162707752686472, 45.942427867853525 ], [ -73.169240516495734, 45.939934499689926 ] ] ] } },
{ "type": "Feature", "properties": { "hex_id": 611187, "centroid_lon": -73.168556171357139, "centroid_lat": 45.96070945589009, "occurrences_today": 2, "datetimes_today": "2026-08-21 15:31:51, 2026-08-21 15:46:43", "cumulative_total": 16.0 }, "geometry": { "type": "Polygon", "coordinates": [ [ [ -73.168727328092686, 45.955515724694727 ], [ -73.175090857538308, 45.958215789105353 ], [ -73.174920279299428, 45.963409536278363 ], [ -73.168384967627773, 45.965903181848752 ], [ -73.162020906687289, 45.963202738955772 ], [ -73.162192688897377, 45.958009029040191 ], [ -73.168727328092686, 45.955515724694727 ] ] ] } },
{ "type": "Feature", "properties": { "hex_id": 611188, "centroid_lon": -73.168042419123694, "centroid_lat": 45.976290618055444, "occurrences_today": 2, "datetimes_today": "2026-08-21 15:31:51, 2026-08-21 15:46:43", "cumulative_total": 34.0 }, "geometry": { "type": "Polygon", "coordinates": [ [ [ -73.168213716888616, 45.971096902570601 ], [ -73.174578982295543, 45.97379701492428 ], [ -73.174408263498719, 45.978990746396903 ], [ -73.167871074317034, 45.981484328303175 ], [ -73.161505276991733, 45.978783837260636 ], [ -73.161677200750503, 45.973590143066154 ], [ -73.168213716888616, 45.971096902570601 ] ] ] } },
{ "type": "Feature", "properties": { "hex_id": 611794, "centroid_lon": -73.163907920338787, "centroid_lat": 45.90607164170445, "occurrences_today": 2, "datetimes_today": "2026-08-21 15:31:51, 2026-08-21 15:46:43", "cumulative_total": 18.0 }, "geometry": { "type": "Polygon", "coordinates": [ [ [ -73.164079184768269, 45.900877874156166 ], [ -73.17043631429236, 45.903578124755278 ], [ -73.17026562661917, 45.90877190830949 ], [ -73.163736608918114, 45.911265404014152 ], [ -73.157378949636865, 45.908564775596986 ], [ -73.157550837797913, 45.903371029358517 ], [ -73.164079184768269, 45.900877874156166 ] ] ] } },
{ "type": "Feature", "properties": { "hex_id": 611795, "centroid_lon": -73.163393845039494, "centroid_lat": 45.92165291291716, "occurrences_today": 2, "datetimes_today": "2026-08-21 15:31:51, 2026-08-21 15:46:43", "cumulative_total": 24.0 }, "geometry": { "type": "Polygon", "coordinates": [ [ [ -73.163565250490322, 45.916459161085101 ], [ -73.169924110752888, 45.919159459712098 ], [ -73.169753282528035, 45.924353227560182 ], [ -73.163222392549656, 45.926846659510169 ], [ -73.156863002108082, 45.924145982858995 ], [ -73.157035031807965, 45.918952252347381 ], [ -73.163565250490322, 45.916459161085101 ] ] ] } },
{ "type": "Feature", "properties": { "hex_id": 611796, "centroid_lon": -73.162879346389104, "centroid_lat": 45.937234136978525, "occurrences_today": 2, "datetimes_today": "2026-08-21 15:31:51, 2026-08-21 15:46:43", "cumulative_total": 16.0 }, "geometry": { "type": "Polygon", "coordinates": [ [ [ -73.163050893004836, 45.932040400864018 ], [ -73.169411485415353, 45.934740747549263 ], [ -73.169240516495734, 45.939934499689926 ], [ -73.162707752686472, 45.942427867853525 ], [ -73.156346629674729, 45.939727142937862 ], [ -73.156518801057501, 45.934533428154396 ], [ -73.163050893004836, 45.932040400864018 ] ] ] } },
{ "type": "Feature", "properties": { "hex_id": 611797, "centroid_lon": -73.162364423956603, "centroid_lat": 45.952815313884514, "occurrences_today": 2, "datetimes_today": "2026-08-21 15:31:51, 2026-08-21 15:46:43", "cumulative_total": 16.0 }, "geometry": { "type": "Polygon", "coordinates": [ [ [ -73.162536111880982, 45.947621593488918 ], [ -73.168898437850331, 45.950321988262807 ], [ -73.168727328092686, 45.955515724694727 ], [ -73.162192688897377, 45.958009029040191 ], [ -73.155829831904171, 45.955308255829507 ], [ -73.156002145114115, 45.950114556775567 ], [ -73.162536111880982, 45.947621593488918 ] ] ] } },
{ "type": "Feature", "properties": { "hex_id": 611798, "centroid_lon": -73.161849077310336, "centroid_lat": 45.968396443631164, "occurrences_today": 2, "datetimes_today": "2026-08-21 15:31:51, 2026-08-21 15:46:43", "cumulative_total": 16.0 }, "geometry": { "type": "Polygon", "coordinates": [ [ [ -73.162020906687289, 45.963202738955772 ], [ -73.168384967627773, 45.965903181848752 ], [ -73.168213716888616, 45.971096902570601 ], [ -73.161677200750503, 45.973590143066154 ], [ -73.155312608363118, 45.970889321529896 ], [ -73.155485063544731, 45.965695638206817 ], [ -73.162020906687289, 45.963202738955772 ] ] ] } },
{ "type": "Feature", "properties": { "hex_id": 611799, "centroid_lon": -73.161333306018037, "centroid_lat": 45.983977526214446, "occurrences_today": 2, "datetimes_today": "2026-08-21 15:31:51, 2026-08-21 15:46:43", "cumulative_total": 28.0 }, "geometry": { "type": "Polygon", "coordinates": [ [ [ -73.161505276991733, 45.978783837260636 ], [ -73.167871074317034, 45.981484328303175 ], [ -73.167699682452678, 45.986678033313623 ], [ -73.161161287813343, 45.989171209927449 ], [ -73.154794958617714, 45.986470340035019 ], [ -73.15496755591569, 45.981276672444146 ], [ -73.161505276991733, 45.978783837260636 ] ] ] } },
{ "type": "Feature", "properties": { "hex_id": 612408, "centroid_lon": -73.155657471386391, "centroid_lat": 45.960501949639969, "occurrences_today": 2, "datetimes_today": "2026-08-21 15:31:51, 2026-08-21 15:46:43", "cumulative_total": 18.0 }, "geometry": { "type": "Polygon", "coordinates": [ [ [ -73.155829831904171, 45.955308255829507 ], [ -73.162192688897377, 45.958009029040191 ], [ -73.162020906687289, 45.963202738955772 ], [ -73.155485063544731, 45.965695638206817 ], [ -73.149121675575756, 45.962994486398443 ], [ -73.149294661709035, 45.957800814002155 ], [ -73.155829831904171, 45.955308255829507 ] ] ] } },
{ "type": "Feature", "properties": { "hex_id": 612409, "centroid_lon": -73.155140105825467, "centroid_lat": 45.976082999609055, "occurrences_today": 2, "datetimes_today": "2026-08-21 15:31:51, 2026-08-21 15:46:43", "cumulative_total": 16.0 }, "geometry": { "type": "Polygon", "coordinates": [ [ [ -73.155312608363118, 45.970889321529896 ], [ -73.161677200750503, 45.973590143066154 ], [ -73.161505276991733, 45.978783837260636 ], [ -73.15496755591569, 45.981276672444146 ], [ -73.148602432129579, 45.978575472103614 ], [ -73.148775560802164, 45.973381815449315 ], [ -73.155312608363118, 45.970889321529896 ] ] ] } },
{ "type": "Feature", "properties": { "hex_id": 936711, "centroid_lon": -69.541773499576095, "centroid_lat": 47.832734980214589, "occurrences_today": 1, "datetimes_today": "2026-08-21 07:43:49", "cumulative_total": 110.0 }, "geometry": { "type": "Polygon", "coordinates": [ [ [ -69.542317337110319, 47.827563880761808 ], [ -69.548696080439854, 47.830466381558892 ], [ -69.548152821392151, 47.835637533444299 ], [ -69.541229509508341, 47.83790607030236 ], [ -69.534850340252888, 47.835003135641664 ], [ -69.535394908753048, 47.829832098054545 ], [ -69.542317337110319, 47.827563880761808 ] ] ] } },
{ "type": "Feature", "properties": { "hex_id": 783400, "centroid_lon": -71.297449306777608, "centroid_lat": 46.726028510968746, "occurrences_today": 11, "datetimes_today": "2026-08-21 17:45:55, 2026-08-21 18:00:50, 2026-08-21 18:16:53, 2026-08-21 18:46:45, 2026-08-21 19:01:42, 2026-08-21 19:13:27, 2026-08-21 19:31:56, 2026-08-21 19:57:57, 2026-08-21 20:17:05, 2026-08-21 20:32:12, 2026-08-21 20:46:51", "cumulative_total": 178.0 }, "geometry": { "type": "Polygon", "coordinates": [ [ [ -71.297804503744942, 46.720843679802556 ], [ -71.304156326708807, 46.723647450905965 ], [ -71.303801703595411, 46.728832316742405 ], [ -71.297094011470222, 46.731213335338182 ], [ -71.290741713009481, 46.728409159376348 ], [ -71.2910975821368, 46.723224369743647 ], [ -71.297804503744942, 46.720843679802556 ] ] ] } },
{ "type": "Feature", "properties": { "hex_id": 935483, "centroid_lon": -69.566436773411908, "centroid_lat": 47.724771108334799, "occurrences_today": 1, "datetimes_today": "2026-08-21 07:43:49", "cumulative_total": 21.0 }, "geometry": { "type": "Polygon", "coordinates": [ [ [ -69.566976118426112, 47.719599698922373 ], [ -69.57334362657069, 47.722500393275922 ], [ -69.572804857076335, 47.727671854778507 ], [ -69.565897277354324, 47.729942508439571 ], [ -69.55952934475998, 47.727041381952219 ], [ -69.560069416284009, 47.721870034005377 ], [ -69.566976118426112, 47.719599698922373 ] ] ] } },
{ "type": "Feature", "properties": { "hex_id": 936093, "centroid_lon": -69.560609336611449, "centroid_lat": 47.716698676740592, "occurrences_today": 1, "datetimes_today": "2026-08-21 07:43:49", "cumulative_total": 21.0 }, "geometry": { "type": "Polygon", "coordinates": [ [ [ -69.561149105795778, 47.711527310159532 ], [ -69.56751531245034, 47.714428280203954 ], [ -69.566976118426112, 47.719599698922373 ], [ -69.560069416284009, 47.721870034005377 ], [ -69.553702785639175, 47.718968631900857 ], [ -69.554243281073269, 47.713797326841167 ], [ -69.561149105795778, 47.711527310159532 ] ] ] } },
{ "type": "Feature", "properties": { "hex_id": 936703, "centroid_lon": -69.554783625211201, "centroid_lat": 47.7086260124549, "occurrences_today": 1, "datetimes_today": "2026-08-21 07:43:49", "cumulative_total": 21.0 }, "geometry": { "type": "Polygon", "coordinates": [ [ [ -69.55532381810643, 47.703454688743719 ], [ -69.561688723890441, 47.706355934263854 ], [ -69.561149105795778, 47.711527310159532 ], [ -69.554243281073269, 47.713797326841167 ], [ -69.54787795175811, 47.710895649334667 ], [ -69.548418870643161, 47.705724387200654 ], [ -69.55532381810643, 47.703454688743719 ] ] ] } },
{ "type": "Feature", "properties": { "hex_id": 936704, "centroid_lon": -69.553162138855399, "centroid_lat": 47.724139927632294, "occurrences_today": 1, "datetimes_today": "2026-08-21 07:43:49", "cumulative_total": 21.0 }, "geometry": { "type": "Polygon", "coordinates": [ [ [ -69.553702785639175, 47.718968631900857 ], [ -69.560069416284009, 47.721870034005377 ], [ -69.55952934475998, 47.727041381952219 ], [ -69.552621340668381, 47.729311214033828 ], [ -69.546254286193772, 47.726409379708812 ], [ -69.546795659587005, 47.721238145590434 ], [ -69.553702785639175, 47.718968631900857 ] ] ] } },
{ "type": "Feature", "properties": { "hex_id": 937314, "centroid_lon": -69.547336881423931, "centroid_lat": 47.716066902131828, "occurrences_today": 1, "datetimes_today": "2026-08-21 07:43:49", "cumulative_total": 21.0 }, "geometry": { "type": "Polygon", "coordinates": [ [ [ -69.54787795175811, 47.710895649334667 ], [ -69.554243281073269, 47.713797326841167 ], [ -69.553702785639175, 47.718968631900857 ], [ -69.546795659587005, 47.721238145590434 ], [ -69.540429906901252, 47.718336035937227 ], [ -69.540971703584702, 47.71316484480888 ], [ -69.54787795175811, 47.710895649334667 ] ] ] } },
{ "type": "Feature", "properties": { "hex_id": 937924, "centroid_lon": -69.541513348612469, "centroid_lat": 47.70799364433168, "occurrences_today": 1, "datetimes_today": "2026-08-21 07:43:49", "cumulative_total": 21.0 }, "geometry": { "type": "Polygon", "coordinates": [ [ [ -69.542054842038155, 47.702822434507269 ], [ -69.548418870643161, 47.705724387200654 ], [ -69.54787795175811, 47.710895649334667 ], [ -69.540971703584702, 47.71316484480888 ], [ -69.534607252067929, 47.710262460042607 ], [ -69.535149471582756, 47.705091311942752 ], [ -69.542054842038155, 47.702822434507269 ] ] ] } },
{ "type": "Feature", "properties": { "hex_id": 938534, "centroid_lon": -69.535691539342679, "centroid_lat": 47.699920154485369, "occurrences_today": 1, "datetimes_today": "2026-08-21 07:43:49", "cumulative_total": 21.0 }, "geometry": { "type": "Polygon", "coordinates": [ [ [ -69.536233455401288, 47.694748987672121 ], [ -69.54259618391535, 47.697651215337338 ], [ -69.542054842038155, 47.702822434507269 ], [ -69.535149471582756, 47.705091311942752 ], [ -69.528786320615367, 47.702188652278409 ], [ -69.529328962503087, 47.697017547245402 ], [ -69.536233455401288, 47.694748987672121 ] ] ] } },
{ "type": "Feature", "properties": { "hex_id": 939144, "centroid_lon": -69.529871452536796, "centroid_lat": 47.691846432846226, "occurrences_today": 1, "datetimes_today": "2026-08-21 07:43:49", "cumulative_total": 21.0 }, "geometry": { "type": "Polygon", "coordinates": [ [ [ -69.530413790770183, 47.686675309082545 ], [ -69.536775219812213, 47.689577811504719 ], [ -69.536233455401288, 47.694748987672121 ], [ -69.529328962503087, 47.697017547245402 ], [ -69.522967111465775, 47.694114612897955 ], [ -69.523510175268314, 47.688943550970158 ], [ -69.530413790770183, 47.686675309082545 ] ] ] } },
{ "type": "Feature", "properties": { "hex_id": 785241, "centroid_lon": -71.267642529801833, "centroid_lat": 46.873153711944717, "occurrences_today": 33, "datetimes_today": "2026-08-21 11:34:22, 2026-08-21 11:47:06, 2026-08-21 12:02:03, 2026-08-21 12:16:43, 2026-08-21 12:31:50, 2026-08-21 12:46:48, 2026-08-21 13:01:53, 2026-08-21 13:16:57, 2026-08-21 13:31:42, 2026-08-21 13:46:54, 2026-08-21 14:16:48, 2026-08-21 14:31:53, 2026-08-21 14:46:42, 2026-08-21 15:01:45, 2026-08-21 15:17:04, 2026-08-21 15:31:51, 2026-08-21 15:46:43, 2026-08-21 16:12:55, 2026-08-21 16:31:46, 2026-08-21 16:58:55, 2026-08-21 17:16:44, 2026-08-21 17:31:41, 2026-08-21 17:45:55, 2026-08-21 18:00:50, 2026-08-21 18:16:53, 2026-08-21 18:46:45, 2026-08-21 19:01:42, 2026-08-21 19:13:27, 2026-08-21 19:31:56, 2026-08-21 19:57:57, 2026-08-21 20:17:05, 2026-08-21 20:32:12, 2026-08-21 20:46:51", "cumulative_total": 114.0 }, "geometry": { "type": "Polygon", "coordinates": [ [ [ -71.268002426217393, 46.867969189984102 ], [ -71.27436949930312, 46.870775015430418 ], [ -71.274010180827162, 46.875959572448252 ], [ -71.267282533551423, 46.878338227066173 ], [ -71.260914982378267, 46.875531994512329 ], [ -71.261275556533661, 46.870347514514933 ], [ -71.268002426217393, 46.867969189984102 ] ] ] } },
{ "type": "Feature", "properties": { "hex_id": 948919, "centroid_lon": -69.41211748864329, "centroid_lat": 47.795295047059618, "occurrences_today": 1, "datetimes_today": "2026-08-21 07:43:49", "cumulative_total": 92.0 }, "geometry": { "type": "Polygon", "coordinates": [ [ [ -69.412673474952925, 47.790125046641954 ], [ -69.419039911146967, 47.793034318192184 ], [ -69.418484499775431, 47.798204372233251 ], [ -69.411561346511576, 47.800465037895627 ], [ -69.405194491229111, 47.797555332091292 ], [ -69.405751208243743, 47.792385394946507 ], [ -69.412673474952925, 47.790125046641954 ] ] ] } },
{ "type": "Feature", "properties": { "hex_id": 532425, "centroid_lon": -74.002871717055612, "centroid_lat": 45.854116266663496, "occurrences_today": 7, "datetimes_today": "2026-08-21 07:16:08, 2026-08-21 07:43:49, 2026-08-21 08:01:54, 2026-08-21 08:16:52, 2026-08-21 08:31:42, 2026-08-21 08:46:42, 2026-08-21 09:01:45", "cumulative_total": 90.0 }, "geometry": { "type": "Polygon", "coordinates": [ [ [ -74.002964568625288, 45.84892056779713 ], [ -74.009357226856423, 45.851574428026467 ], [ -74.009264962024162, 45.856770134542437 ], [ -74.002778840016731, 45.859311960638117 ], [ -73.996385620521679, 45.856657731125594 ], [ -73.996479084289348, 45.851462044865926 ], [ -74.002964568625288, 45.84892056779713 ] ] ] } },
{ "type": "Feature", "properties": { "hex_id": 533036, "centroid_lon": -73.996292131116149, "centroid_lat": 45.861853412491641, "occurrences_today": 7, "datetimes_today": "2026-08-21 07:16:08, 2026-08-21 07:43:49, 2026-08-21 08:01:54, 2026-08-21 08:16:52, 2026-08-21 08:31:42, 2026-08-21 08:46:42, 2026-08-21 09:01:45", "cumulative_total": 123.0 }, "geometry": { "type": "Polygon", "coordinates": [ [ [ -73.996385620521679, 45.856657731125594 ], [ -74.002778840016731, 45.859311960638117 ], [ -74.002685937500033, 45.864507649720977 ], [ -73.996198616064049, 45.867049088964023 ], [ -73.989804835331071, 45.864394490006326 ], [ -73.989898937263334, 45.859198821316156 ], [ -73.996385620521679, 45.856657731125594 ] ] ] } },
{ "type": "Feature", "properties": { "hex_id": 533646, "centroid_lon": -73.989993013388968, "centroid_lat": 45.854003147730452, "occurrences_today": 7, "datetimes_today": "2026-08-21 07:16:08, 2026-08-21 07:43:49, 2026-08-21 08:01:54, 2026-08-21 08:16:52, 2026-08-21 08:31:42, 2026-08-21 08:46:42, 2026-08-21 09:01:45", "cumulative_total": 90.0 }, "geometry": { "type": "Polygon", "coordinates": [ [ [ -73.990087063716715, 45.84880746924923 ], [ -73.996479084289348, 45.851462044865926 ], [ -73.996385620521679, 45.856657731125594 ], [ -73.989898937263334, 45.859198821316156 ], [ -73.98350635593286, 45.856543876294033 ], [ -73.983601018609846, 45.851348210552132 ], [ -73.990087063716715, 45.84880746924923 ] ] ] } },
{ "type": "Feature", "properties": { "hex_id": 534257, "centroid_lon": -73.983411667289246, "centroid_lat": 45.861739537138519, "occurrences_today": 7, "datetimes_today": "2026-08-21 07:16:08, 2026-08-21 07:43:49, 2026-08-21 08:01:54, 2026-08-21 08:16:52, 2026-08-21 08:31:42, 2026-08-21 08:46:42, 2026-08-21 09:01:45", "cumulative_total": 97.0 }, "geometry": { "type": "Polygon", "coordinates": [ [ [ -73.98350635593286, 45.856543876294033 ], [ -73.989898937263334, 45.859198821316156 ], [ -73.989804835331071, 45.864394490006326 ], [ -73.983316952670222, 45.866935193085546 ], [ -73.976923810608199, 45.864279878495999 ], [ -73.977019111929778, 45.859084230460049 ], [ -73.98350635593286, 45.856543876294033 ] ] ] } },
{ "type": "Feature", "properties": { "hex_id": 532427, "centroid_lon": -74.00231407248225, "centroid_lat": 45.885290357134416, "occurrences_today": 7, "datetimes_today": "2026-08-21 10:25:23, 2026-08-21 10:46:39, 2026-08-21 11:00:53, 2026-08-21 11:17:01, 2026-08-21 11:34:22, 2026-08-21 11:47:06, 2026-08-21 12:02:03", "cumulative_total": 198.0 }, "geometry": { "type": "Polygon", "coordinates": [ [ [ -74.002407076996633, 45.880094687618801 ], [ -74.008803258054186, 45.882748593773563 ], [ -74.008710841238383, 45.887944270949902 ], [ -74.002221042446834, 45.890486021758164 ], [ -73.995824299216068, 45.887831745916657 ], [ -73.99591791694138, 45.882636089019094 ], [ -74.002407076996633, 45.880094687618801 ] ] ] } },
{ "type": "Feature", "properties": { "hex_id": 792558, "centroid_lon": -71.19896542363287, "centroid_lat": 46.730589654334615, "occurrences_today": 1, "datetimes_today": "2026-08-21 02:46:57", "cumulative_total": 148.0 }, "geometry": { "type": "Polygon", "coordinates": [ [ [ -71.199330112905884, 46.72540541250067 ], [ -71.20567700442821, 46.728214523726656 ], [ -71.205312887567814, 46.73339880118619 ], [ -71.198600633397007, 46.735773889260756 ], [ -71.192253270442365, 46.732964372312779 ], [ -71.192618633055957, 46.727780173078671 ], [ -71.199330112905884, 46.72540541250067 ] ] ] } },
{ "type": "Feature", "properties": { "hex_id": 946475, "centroid_lon": -69.442015059322387, "centroid_lat": 47.765568401509569, "occurrences_today": 1, "datetimes_today": "2026-08-21 07:43:49", "cumulative_total": 67.0 }, "geometry": { "type": "Polygon", "coordinates": [ [ [ -69.442567504927467, 47.760398110689515 ], [ -69.448932263116646, 47.763305646826069 ], [ -69.44838039205824, 47.768475990956162 ], [ -69.441462458946262, 47.770738682804158 ], [ -69.435097281008808, 47.767830713054551 ], [ -69.435650455876825, 47.762660485137751 ], [ -69.442567504927467, 47.760398110689515 ] ] ] } },
{ "type": "Feature", "properties": { "hex_id": 947086, "centroid_lon": -69.43454395116224, "centroid_lat": 47.773000931433607, "occurrences_today": 1, "datetimes_today": "2026-08-21 07:43:49", "cumulative_total": 67.0 }, "geometry": { "type": "Polygon", "coordinates": [ [ [ -69.435097281008808, 47.767830713054551 ], [ -69.441462458946262, 47.770738682804158 ], [ -69.440909703744367, 47.775908954571548 ], [ -69.433990466282225, 47.778171140273209 ], [ -69.427624868760986, 47.775262736750307 ], [ -69.428178928230778, 47.770092581366832 ], [ -69.435097281008808, 47.767830713054551 ] ] ] } },
{ "type": "Feature", "properties": { "hex_id": 947087, "centroid_lon": -69.432883031202252, "centroid_lat": 47.788511529327025, "occurrences_today": 1, "datetimes_today": "2026-08-21 07:43:49", "cumulative_total": 67.0 }, "geometry": { "type": "Polygon", "coordinates": [ [ [ -69.43343682631388, 47.783341339571592 ], [ -69.439803728643781, 47.786249469517784 ], [ -69.439250508635411, 47.791419712693127 ], [ -69.43232908089243, 47.793681709537722 ], [ -69.425961758684991, 47.790773145583238 ], [ -69.426516284043089, 47.785603018860279 ], [ -69.43343682631388, 47.783341339571592 ] ] ] } },
{ "type": "Feature", "properties": { "hex_id": 947696, "centroid_lon": -69.428732832514399, "centroid_lat": 47.764922416433336, "occurrences_today": 1, "datetimes_today": "2026-08-21 07:43:49", "cumulative_total": 67.0 }, "geometry": { "type": "Polygon", "coordinates": [ [ [ -69.429286581666773, 47.759752241951567 ], [ -69.435650455876825, 47.762660485137751 ], [ -69.435097281008808, 47.767830713054551 ], [ -69.428178928230778, 47.770092581366832 ], [ -69.421814634895071, 47.76718390448206 ], [ -69.422369113408138, 47.762013793051352 ], [ -69.429286581666773, 47.759752241951567 ] ] ] } },
{ "type": "Feature", "properties": { "hex_id": 947697, "centroid_lon": -69.427070654050084, "centroid_lat": 47.780432882582055, "occurrences_today": 1, "datetimes_today": "2026-08-21 07:43:49", "cumulative_total": 72.0 }, "geometry": { "type": "Polygon", "coordinates": [ [ [ -69.427624868760986, 47.775262736750307 ], [ -69.433990466282225, 47.778171140273209 ], [ -69.43343682631388, 47.783341339571592 ], [ -69.426516284043089, 47.785603018860279 ], [ -69.420150267102883, 47.782694181403841 ], [ -69.42070521179744, 47.777524098660066 ], [ -69.427624868760986, 47.775262736750307 ] ] ] } },
{ "type": "Feature", "properties": { "hex_id": 947698, "centroid_lon": -69.425407077920752, "centroid_lat": 47.795943262749198, "occurrences_today": 1, "datetimes_today": "2026-08-21 07:43:49", "cumulative_total": 67.0 }, "geometry": { "type": "Polygon", "coordinates": [ [ [ -69.425961758684991, 47.790773145583238 ], [ -69.43232908089243, 47.793681709537722 ], [ -69.431774975329375, 47.798851880201987 ], [ -69.424852241695348, 47.801113370356383 ], [ -69.418484499775431, 47.798204372233251 ], [ -69.419039911146967, 47.793034318192184 ], [ -69.425961758684991, 47.790773145583238 ] ] ] } },
{ "type": "Feature", "properties": { "hex_id": 948307, "centroid_lon": -69.42126000104318, "centroid_lat": 47.772354006352195, "occurrences_today": 1, "datetimes_today": "2026-08-21 07:43:49", "cumulative_total": 67.0 }, "geometry": { "type": "Polygon", "coordinates": [ [ [ -69.421814634895071, 47.76718390448206 ], [ -69.428178928230778, 47.770092581366832 ], [ -69.427624868760986, 47.775262736750307 ], [ -69.42070521179744, 47.777524098660066 ], [ -69.414340499500952, 47.774614987916529 ], [ -69.414895863073767, 47.769444949189797 ], [ -69.421814634895071, 47.76718390448206 ] ] ] } },
{ "type": "Feature", "properties": { "hex_id": 948308, "centroid_lon": -69.419595166904415, "centroid_lat": 47.787864254581805, "occurrences_today": 1, "datetimes_today": "2026-08-21 07:43:49", "cumulative_total": 72.0 }, "geometry": { "type": "Polygon", "coordinates": [ [ [ -69.420150267102883, 47.782694181403841 ], [ -69.426516284043089, 47.785603018860279 ], [ -69.425961758684991, 47.790773145583238 ], [ -69.419039911146967, 47.793034318192184 ], [ -69.412673474952925, 47.790125046641954 ], [ -69.413229305495634, 47.784955036644376 ], [ -69.420150267102883, 47.782694181403841 ] ] ] } },
{ "type": "Feature", "properties": { "hex_id": 948309, "centroid_lon": -69.417928932734696, "centroid_lat": 47.803374416703228, "occurrences_today": 1, "datetimes_today": "2026-08-21 07:43:49", "cumulative_total": 71.0 }, "geometry": { "type": "Polygon", "coordinates": [ [ [ -69.418484499775431, 47.798204372233251 ], [ -69.424852241695348, 47.801113370356383 ], [ -69.424297249953668, 47.806283468403073 ], [ -69.417373209969568, 47.808544451600348 ], [ -69.41100504850256, 47.805635019148205 ], [ -69.411561346511576, 47.800465037895627 ], [ -69.418484499775431, 47.798204372233251 ] ] ] } },
{ "type": "Feature", "properties": { "hex_id": 948918, "centroid_lon": -69.413784980326596, "centroid_lat": 47.779785017068654, "occurrences_today": 1, "datetimes_today": "2026-08-21 07:43:49", "cumulative_total": 72.0 }, "geometry": { "type": "Polygon", "coordinates": [ [ [ -69.414340499500952, 47.774614987916529 ], [ -69.42070521179744, 47.777524098660066 ], [ -69.420150267102883, 47.782694181403841 ], [ -69.413229305495634, 47.784955036644376 ], [ -69.406864174403552, 47.782045491881902 ], [ -69.407420423659175, 47.776875525965615 ], [ -69.414340499500952, 47.774614987916529 ] ] ] } },
{ "type": "Feature", "properties": { "hex_id": 949529, "centroid_lon": -69.406307769283472, "centroid_lat": 47.787215448209459, "occurrences_today": 1, "datetimes_today": "2026-08-21 07:43:49", "cumulative_total": 67.0 }, "geometry": { "type": "Polygon", "coordinates": [ [ [ -69.406864174403552, 47.782045491881902 ], [ -69.413229305495634, 47.784955036644376 ], [ -69.412673474952925, 47.790125046641954 ], [ -69.405751208243743, 47.792385394946507 ], [ -69.399385658521567, 47.789475416004848 ], [ -69.399942794083429, 47.784305523005621 ], [ -69.406864174403552, 47.782045491881902 ] ] ] } },
{ "type": "Feature", "properties": { "hex_id": 949530, "centroid_lon": -69.404637618184353, "centroid_lat": 47.802725259642081, "occurrences_today": 1, "datetimes_today": "2026-08-21 07:43:49", "cumulative_total": 67.0 }, "geometry": { "type": "Polygon", "coordinates": [ [ [ -69.405194491229111, 47.797555332091292 ], [ -69.411561346511576, 47.800465037895627 ], [ -69.41100504850256, 47.805635019148205 ], [ -69.404080589054161, 47.807895177597061 ], [ -69.397713314849028, 47.804985037378351 ], [ -69.398270918959668, 47.799815173192989 ], [ -69.405194491229111, 47.797555332091292 ] ] ] } },
{ "type": "Feature", "properties": { "hex_id": 950140, "centroid_lon": -69.398828366832078, "centroid_lat": 47.794645299401232, "occurrences_today": 1, "datetimes_today": "2026-08-21 07:43:49", "cumulative_total": 67.0 }, "geometry": { "type": "Polygon", "coordinates": [ [ [ -69.399385658521567, 47.789475416004848 ], [ -69.405751208243743, 47.792385394946507 ], [ -69.405194491229111, 47.797555332091292 ], [ -69.398270918959668, 47.799815173192989 ], [ -69.39190495077321, 47.796904759911939 ], [ -69.392462973265154, 47.791734939936418 ], [ -69.399385658521567, 47.789475416004848 ] ] ] } },
{ "type": "Feature", "properties": { "hex_id": 561086, "centroid_lon": -73.711889034650994, "centroid_lat": 45.344523664189396, "occurrences_today": 9, "datetimes_today": "2026-08-21 11:34:22, 2026-08-21 11:47:06, 2026-08-21 12:02:03, 2026-08-21 12:16:43, 2026-08-21 12:31:50, 2026-08-21 12:46:48, 2026-08-21 13:01:53, 2026-08-21 13:16:57, 2026-08-21 13:31:42", "cumulative_total": 215.0 }, "geometry": { "type": "Polygon", "coordinates": [ [ [ -73.712006866628812, 45.339328026964893 ], [ -73.718328370057463, 45.341997632005899 ], [ -73.718211105395824, 45.347193279670989 ], [ -73.711771170554414, 45.34971929642726 ], [ -73.705449131933719, 45.347049325800739 ], [ -73.705567563335762, 45.341853704067596 ], [ -73.712006866628812, 45.339328026964893 ] ] ] } },
{ "type": "Feature", "properties": { "hex_id": 944035, "centroid_lon": -69.465278639722229, "centroid_lat": 47.797878716650175, "occurrences_today": 1, "datetimes_today": "2026-08-21 07:43:49", "cumulative_total": 49.0 }, "geometry": { "type": "Polygon", "coordinates": [ [ [ -69.46582940286072, 47.792708250877887 ], [ -69.472199380354411, 47.795614690820386 ], [ -69.471649193205508, 47.80078520971545 ], [ -69.464727722205751, 47.803049172932113 ], [ -69.4583573231278, 47.800142299078118 ], [ -69.458908816579154, 47.794971895986826 ], [ -69.46582940286072, 47.792708250877887 ] ] ] } },
{ "type": "Feature", "properties": { "hex_id": 827938, "centroid_lon": -70.854842102883723, "centroid_lat": 46.266517982899337, "occurrences_today": 6, "datetimes_today": "2026-08-21 14:31:53, 2026-08-21 14:46:42, 2026-08-21 15:01:45, 2026-08-21 15:17:04, 2026-08-21 15:31:51, 2026-08-21 15:46:43", "cumulative_total": 9.0 }, "geometry": { "type": "Polygon", "coordinates": [ [ [ -70.855233366564363, 46.261335484574559 ], [ -70.861508962070772, 46.264161562281522 ], [ -70.861118251260208, 46.269344099207785 ], [ -70.854450731585061, 46.271700473943845 ], [ -70.848174690844957, 46.268873994038749 ], [ -70.84856661497696, 46.263691541660833 ], [ -70.855233366564363, 46.261335484574559 ] ] ] } },
{ "type": "Feature", "properties": { "hex_id": 25216, "centroid_lon": -79.496846032433055, "centroid_lat": 47.586125648018147, "occurrences_today": 21, "datetimes_today": "2026-08-21 07:43:49, 2026-08-21 08:01:54, 2026-08-21 08:16:52, 2026-08-21 08:31:42, 2026-08-21 08:46:42, 2026-08-21 09:01:45, 2026-08-21 10:25:23, 2026-08-21 10:46:39, 2026-08-21 11:00:53, 2026-08-21 11:17:01, 2026-08-21 11:34:22, 2026-08-21 11:47:06, 2026-08-21 12:02:03, 2026-08-21 12:16:43, 2026-08-21 12:31:50, 2026-08-21 12:46:48, 2026-08-21 13:01:53, 2026-08-21 13:16:57, 2026-08-21 13:31:42, 2026-08-21 13:46:54, 2026-08-21 14:16:48", "cumulative_total": 39.0 }, "geometry": { "type": "Polygon", "coordinates": [ [ [ -79.496401619195183, 47.580946753177763 ], [ -79.503252744608062, 47.583275612014475 ], [ -79.503697869878252, 47.588454455937999 ], [ -79.497290570058198, 47.591304535004703 ], [ -79.490438608203803, 47.588975346951628 ], [ -79.489994782654904, 47.583796409116367 ], [ -79.496401619195183, 47.580946753177763 ] ] ] } },
{ "type": "Feature", "properties": { "hex_id": 489638, "centroid_lon": -74.461439071043245, "centroid_lat": 45.046488426827175, "occurrences_today": 8, "datetimes_today": "2026-08-21 17:31:41, 2026-08-21 17:45:55, 2026-08-21 18:00:50, 2026-08-21 18:16:53, 2026-08-21 18:46:45, 2026-08-21 19:01:42, 2026-08-21 19:13:27, 2026-08-21 19:31:56", "cumulative_total": 71.0 }, "geometry": { "type": "Polygon", "coordinates": [ [ [ -74.461487831110176, 45.041291431858056 ], [ -74.467811971838287, 45.043919690326078 ], [ -74.467763779965964, 45.049116688262771 ], [ -74.461390297728713, 45.051685417005395 ], [ -74.455065602055754, 45.049056803820804 ], [ -74.455114943560503, 45.043859816673766 ], [ -74.461487831110176, 45.041291431858056 ] ] ] } },
{ "type": "Feature", "properties": { "hex_id": 490249, "centroid_lon": -74.455016247145053, "centroid_lat": 45.054253786175934, "occurrences_today": 8, "datetimes_today": "2026-08-21 17:31:41, 2026-08-21 17:45:55, 2026-08-21 18:00:50, 2026-08-21 18:16:53, 2026-08-21 18:46:45, 2026-08-21 19:01:42, 2026-08-21 19:13:27, 2026-08-21 19:31:56", "cumulative_total": 70.0 }, "geometry": { "type": "Polygon", "coordinates": [ [ [ -74.455065602055754, 45.049056803820804 ], [ -74.461390297728713, 45.051685417005395 ], [ -74.461341511162217, 45.056882402392638 ], [ -74.454966878823996, 45.059450763739143 ], [ -74.448641628219434, 45.056821795679745 ], [ -74.448691564880249, 45.051624821212279 ], [ -74.455065602055754, 45.049056803820804 ] ] ] } },
{ "type": "Feature", "properties": { "hex_id": 939146, "centroid_lon": -69.526614233450502, "centroid_lat": 47.722872978715088, "occurrences_today": 1, "datetimes_today": "2026-08-21 07:43:49", "cumulative_total": 3.0 }, "geometry": { "type": "Polygon", "coordinates": [ [ [ -69.527157483291276, 47.71770191116358 ], [ -69.53352235755888, 47.720604728163067 ], [ -69.532979682457281, 47.725775848180298 ], [ -69.526070831487061, 47.728044036892022 ], [ -69.519705534629836, 47.725140787499036 ], [ -69.520249511278621, 47.719969781855582 ], [ -69.527157483291276, 47.71770191116358 ] ] ] } },
{ "type": "Feature", "properties": { "hex_id": 740661, "centroid_lon": -71.758433214443045, "centroid_lat": 46.677677613509218, "occurrences_today": 5, "datetimes_today": "2026-08-21 00:02:03, 2026-08-21 00:31:50, 2026-08-21 00:46:51, 2026-08-21 01:16:47, 2026-08-21 01:46:44", "cumulative_total": 62.0 }, "geometry": { "type": "Polygon", "coordinates": [ [ [ -71.758743713618557, 46.672490203182981 ], [ -71.765115242951026, 46.675268810420953 ], [ -71.764805323434871, 46.680456250906914 ], [ -71.758122629315892, 46.682865017520776 ], [ -71.751750606290543, 46.680086009907122 ], [ -71.75206177104738, 46.674898636121917 ], [ -71.758743713618557, 46.672490203182981 ] ] ] } },
{ "type": "Feature", "properties": { "hex_id": 793169, "centroid_lon": -71.191887806677087, "centroid_lat": 46.738148564631267, "occurrences_today": 1, "datetimes_today": "2026-08-21 02:46:57", "cumulative_total": 11.0 }, "geometry": { "type": "Polygon", "coordinates": [ [ [ -71.192253270442365, 46.732964372312779 ], [ -71.198600633397007, 46.735773889260756 ], [ -71.198235742163376, 46.740958117278346 ], [ -71.191522241725139, 46.743332750033396 ], [ -71.185174407443, 46.740522827203158 ], [ -71.185540544891623, 46.735338677566595 ], [ -71.192253270442365, 46.732964372312779 ] ] ] } },
{ "type": "Feature", "properties": { "hex_id": 793778, "centroid_lon": -71.187004081630491, "centroid_lat": 46.714602009793573, "occurrences_today": 1, "datetimes_today": "2026-08-21 02:46:57", "cumulative_total": 72.0 }, "geometry": { "type": "Polygon", "coordinates": [ [ [ -71.187369712726294, 46.70941782554744 ], [ -71.193714114336061, 46.712227533890264 ], [ -71.193349054967868, 46.717411753866656 ], [ -71.186638349334103, 46.719786187119325 ], [ -71.180293477214789, 46.716976073175026 ], [ -71.180659781203829, 46.711791931645934 ], [ -71.187369712726294, 46.70941782554744 ] ] ] } },
{ "type": "Feature", "properties": { "hex_id": 184586, "centroid_lon": -77.788365050416743, "centroid_lat": 48.100232051126795, "occurrences_today": 1, "datetimes_today": "2026-08-21 11:17:01", "cumulative_total": 271.0 }, "geometry": { "type": "Polygon", "coordinates": [ [ [ -77.788084299814059, 48.095043768968154 ], [ -77.794932172896168, 48.097474844741903 ], [ -77.795213636497778, 48.102663094417316 ], [ -77.788645880339658, 48.105420327341228 ], [ -77.781797214924183, 48.102988894373105 ], [ -77.781517098028672, 48.097800585745922 ], [ -77.788084299814059, 48.095043768968154 ] ] ] } },
{ "type": "Feature", "properties": { "hex_id": 75318, "centroid_lon": -79.001885560533623, "centroid_lat": 48.243589066679426, "occurrences_today": 1, "datetimes_today": "2026-08-21 10:25:23", "cumulative_total": 16.0 }, "geometry": { "type": "Polygon", "coordinates": [ [ [ -79.001480763161226, 48.238407437558386 ], [ -79.008400905820025, 48.240763883507043 ], [ -79.008806435625928, 48.245945466617833 ], [ -79.002290472373488, 48.248770688549499 ], [ -78.995369482793123, 48.246413898717606 ], [ -78.994965303427946, 48.241232230907514 ], [ -79.001480763161226, 48.238407437558386 ] ] ] } },
{ "type": "Feature", "properties": { "hex_id": 644732, "centroid_lon": -72.833549498668503, "centroid_lat": 45.448168139203915, "occurrences_today": 14, "datetimes_today": "2026-08-21 16:12:55, 2026-08-21 16:31:46, 2026-08-21 16:58:55, 2026-08-21 17:16:44, 2026-08-21 17:31:41, 2026-08-21 17:45:55, 2026-08-21 18:00:50, 2026-08-21 18:16:53, 2026-08-21 20:32:12, 2026-08-21 20:46:51, 2026-08-21 21:01:46, 2026-08-21 21:21:27, 2026-08-21 21:31:41, 2026-08-21 21:46:38", "cumulative_total": 139.0 }, "geometry": { "type": "Polygon", "coordinates": [ [ [ -72.833748364775531, 45.442975001675407 ], [ -72.840038076860012, 45.445692622791704 ], [ -72.839839769105382, 45.450885779409731 ], [ -72.833350578312476, 45.453361271309582 ], [ -72.827060362133679, 45.450643275276164 ], [ -72.82725984082397, 45.445450162324164 ], [ -72.833748364775531, 45.442975001675407 ] ] ] } },
{ "type": "Feature", "properties": { "hex_id": 779737, "centroid_lon": -71.336628732475447, "centroid_lat": 46.727291175005149, "occurrences_today": 18, "datetimes_today": "2026-08-21 10:46:39, 2026-08-21 11:00:53, 2026-08-21 11:17:01, 2026-08-21 11:34:22, 2026-08-21 11:47:06, 2026-08-21 12:02:03, 2026-08-21 12:16:43, 2026-08-21 12:31:50, 2026-08-21 12:46:48, 2026-08-21 13:01:53, 2026-08-21 13:16:57, 2026-08-21 13:31:42, 2026-08-21 13:46:54, 2026-08-21 14:16:48, 2026-08-21 14:31:53, 2026-08-21 14:46:42, 2026-08-21 15:01:45, 2026-08-21 15:17:04", "cumulative_total": 86.0 }, "geometry": { "type": "Polygon", "coordinates": [ [ [ -71.336980191458096, 46.722106116449559 ], [ -71.343334323039073, 46.72490777009191 ], [ -71.342983438576823, 46.73009286293923 ], [ -71.33627717618171, 46.732476226807158 ], [ -71.329922567408232, 46.729674168609719 ], [ -71.330274698188731, 46.724489151165933 ], [ -71.336980191458096, 46.722106116449559 ] ] ] } },
{ "type": "Feature", "properties": { "hex_id": 787023, "centroid_lon": -71.300644877065736, "centroid_lat": 46.102551662629722, "occurrences_today": 12, "datetimes_today": "2026-08-21 08:01:54, 2026-08-21 08:16:52, 2026-08-21 08:31:42, 2026-08-21 08:46:42, 2026-08-21 09:01:45, 2026-08-21 10:25:23, 2026-08-21 10:46:39, 2026-08-21 11:00:53, 2026-08-21 11:17:01, 2026-08-21 11:34:22, 2026-08-21 11:47:06, 2026-08-21 12:02:03", "cumulative_total": 113.0 }, "geometry": { "type": "Polygon", "coordinates": [ [ [ -71.300992131435819, 46.09736624563552 ], [ -71.30727396444729, 46.100167976417104 ], [ -71.306927265112662, 46.105353427645703 ], [ -71.30029752733131, 46.107737072869469 ], [ -71.294015234664911, 46.104934945630241 ], [ -71.294363139402364, 46.099749569689898 ], [ -71.300992131435819, 46.09736624563552 ] ] ] } },
{ "type": "Feature", "properties": { "hex_id": 942811, "centroid_lon": -69.483509662385103, "centroid_lat": 47.751985229628545, "occurrences_today": 1, "datetimes_today": "2026-08-21 07:43:49", "cumulative_total": 6.0 }, "geometry": { "type": "Polygon", "coordinates": [ [ [ -69.484057735620837, 47.746814563068696 ], [ -69.490423417916602, 47.749719818092643 ], [ -69.489875919554663, 47.754890537555895 ], [ -69.48296143562267, 47.757155886736157 ], [ -69.47659533200698, 47.754250198591293 ], [ -69.477144133588894, 47.749079594454869 ], [ -69.484057735620837, 47.746814563068696 ] ] ] } },
{ "type": "Feature", "properties": { "hex_id": 943422, "centroid_lon": -69.476046376691116, "centroid_lat": 47.759420793263345, "occurrences_today": 1, "datetimes_today": "2026-08-21 07:43:49", "cumulative_total": 10.0 }, "geometry": { "type": "Polygon", "coordinates": [ [ [ -69.47659533200698, 47.754250198591293 ], [ -69.48296143562267, 47.757155886736157 ], [ -69.482413055279181, 47.762326534389821 ], [ -69.47549726758686, 47.76459137846927 ], [ -69.469130742814386, 47.76168525704319 ], [ -69.46968042683659, 47.756514724886678 ], [ -69.47659533200698, 47.754250198591293 ] ] ] } },
{ "type": "Feature", "properties": { "hex_id": 786462, "centroid_lon": -71.254548109118033, "centroid_lat": 46.872725425078478, "occurrences_today": 6, "datetimes_today": "2026-08-21 11:34:22, 2026-08-21 11:47:06, 2026-08-21 12:02:03, 2026-08-21 12:16:43, 2026-08-21 12:31:50, 2026-08-21 12:46:48", "cumulative_total": 34.0 }, "geometry": { "type": "Polygon", "coordinates": [ [ [ -71.254909260987958, 46.867540980264984 ], [ -71.261275556533661, 46.870347514514933 ], [ -71.260914982378267, 46.875531994512329 ], [ -71.254186857067083, 46.87790986303812 ], [ -71.247820084005284, 46.87510292157959 ], [ -71.248181913736005, 46.869918518870669 ], [ -71.254909260987958, 46.867540980264984 ] ] ] } },
{ "type": "Feature", "properties": { "hex_id": 789017, "centroid_lon": -71.0990282960245, "centroid_lat": 48.62893692828127, "occurrences_today": 9, "datetimes_today": "2026-08-21 14:16:48, 2026-08-21 14:31:53, 2026-08-21 14:46:42, 2026-08-21 15:01:45, 2026-08-21 15:17:04, 2026-08-21 15:31:51, 2026-08-21 15:46:43, 2026-08-21 16:12:55, 2026-08-21 16:31:46", "cumulative_total": 146.0 }, "geometry": { "type": "Polygon", "coordinates": [ [ [ -71.099428275111009, 48.623755016226326 ], [ -71.105997960152806, 48.626575402384383 ], [ -71.105598614144071, 48.63175735242676 ], [ -71.098628203155386, 48.634118833186257 ], [ -71.092057998839124, 48.631298013662771 ], [ -71.092458724744617, 48.626116146816564 ], [ -71.099428275111009, 48.623755016226326 ] ] ] } },
{ "type": "Feature", "properties": { "hex_id": 683395, "centroid_lon": -72.275995672744372, "centroid_lat": 48.577110083399418, "occurrences_today": 2, "datetimes_today": "2026-08-21 18:00:50, 2026-08-21 18:16:53", "cumulative_total": 18.0 }, "geometry": { "type": "Polygon", "coordinates": [ [ [ -72.276274575577233, 48.571921952314831 ], [ -72.282905914227044, 48.574676103046265 ], [ -72.282627663003453, 48.57986426020981 ], [ -72.275716690540335, 48.582298208585485 ], [ -72.269084779666869, 48.579543635449461 ], [ -72.269364413451314, 48.57435553641421 ], [ -72.276274575577233, 48.571921952314831 ] ] ] } },
{ "type": "Feature", "properties": { "hex_id": 556866, "centroid_lon": -73.737888677285582, "centroid_lat": 46.178868353771669, "occurrences_today": 1, "datetimes_today": "2026-08-21 13:46:54", "cumulative_total": 39.0 }, "geometry": { "type": "Polygon", "coordinates": [ [ [ -73.738007538597458, 46.173673425877176 ], [ -73.744424404106226, 46.176342215220252 ], [ -73.74430613606458, 46.1815371534842 ], [ -73.737769783239472, 46.184063276686786 ], [ -73.731352357200279, 46.181394111349199 ], [ -73.731471844505435, 46.176199198869639 ], [ -73.738007538597458, 46.173673425877176 ] ] ] } },
{ "type": "Feature", "properties": { "hex_id": 557476, "centroid_lon": -73.731591298914239, "centroid_lat": 46.171004281408322, "occurrences_today": 1, "datetimes_today": "2026-08-21 13:46:54", "cumulative_total": 39.0 }, "geometry": { "type": "Polygon", "coordinates": [ [ [ -73.731710720437889, 46.165809358965298 ], [ -73.738126367186268, 46.168478493003377 ], [ -73.738007538597458, 46.173673425877176 ], [ -73.731471844505435, 46.176199198869639 ], [ -73.725055637712984, 46.173529688879064 ], [ -73.725175685045372, 46.168334781914581 ], [ -73.731710720437889, 46.165809358965298 ] ] ] } },
{ "type": "Feature", "properties": { "hex_id": 801106, "centroid_lon": -71.106439105829338, "centroid_lat": 46.743063516916266, "occurrences_today": 1, "datetimes_today": "2026-08-21 02:46:57", "cumulative_total": 4.0 }, "geometry": { "type": "Polygon", "coordinates": [ [ [ -71.106812821780295, 46.737879850178054 ], [ -71.113155996732175, 46.740693997508529 ], [ -71.112782852084877, 46.745877700773974 ], [ -71.106065286410526, 46.748247176639147 ], [ -71.099721643640748, 46.745432622668986 ], [ -71.10009603432745, 46.740248999539794 ], [ -71.106812821780295, 46.737879850178054 ] ] ] } },
{ "type": "Feature", "properties": { "hex_id": 801716, "centroid_lon": -71.100470321392862, "centroid_lat": 46.735065369388003, "occurrences_today": 1, "datetimes_today": "2026-08-21 02:46:57", "cumulative_total": 4.0 }, "geometry": { "type": "Polygon", "coordinates": [ [ [ -71.100844504872782, 46.729881732214444 ], [ -71.107186434299166, 46.732696176425272 ], [ -71.106812821780295, 46.737879850178054 ], [ -71.10009603432745, 46.740248999539794 ], [ -71.093753637543387, 46.737434148750168 ], [ -71.094128495534065, 46.732250555244015 ], [ -71.100844504872782, 46.729881732214444 ] ] ] } },
{ "type": "Feature", "properties": { "hex_id": 615466, "centroid_lon": -73.12051077996486, "centroid_lat": 46.045670445265387, "occurrences_today": 4, "datetimes_today": "2026-08-21 12:16:43, 2026-08-21 12:31:50, 2026-08-21 12:46:48, 2026-08-21 13:01:53", "cumulative_total": 71.0 }, "geometry": { "type": "Polygon", "coordinates": [ [ [ -73.120686946279278, 46.04047693289175 ], [ -73.127057674440877, 46.043179748872099 ], [ -73.126882088555661, 46.048373277726625 ], [ -73.120334565230749, 46.050863952375316 ], [ -73.11396330506787, 46.048160756370919 ], [ -73.114140100214698, 46.042967265807498 ], [ -73.120686946279278, 46.04047693289175 ] ] ] } },
{ "type": "Feature", "properties": { "hex_id": 612440, "centroid_lon": -73.138888125477322, "centroid_lat": 46.459072119397575, "occurrences_today": 9, "datetimes_today": "2026-08-21 16:12:55, 2026-08-21 16:31:46, 2026-08-21 16:58:55, 2026-08-21 17:16:44, 2026-08-21 17:31:41, 2026-08-21 17:45:55, 2026-08-21 18:00:50, 2026-08-21 18:16:53, 2026-08-21 18:46:45", "cumulative_total": 106.0 }, "geometry": { "type": "Polygon", "coordinates": [ [ [ -73.139065103477265, 46.453878929644894 ], [ -73.145484201530508, 46.45658126462736 ], [ -73.14530781715294, 46.46177447081736 ], [ -73.138711098575172, 46.464265303892645 ], [ -73.13229145581019, 46.461562583641332 ], [ -73.132469076317875, 46.456369415650194 ], [ -73.139065103477265, 46.453878929644894 ] ] ] } },
{ "type": "Feature", "properties": { "hex_id": 559254, "centroid_lon": -73.731205338895165, "centroid_lat": 45.336944456300266, "occurrences_today": 9, "datetimes_today": "2026-08-21 11:34:22, 2026-08-21 11:47:06, 2026-08-21 12:02:03, 2026-08-21 12:16:43, 2026-08-21 12:31:50, 2026-08-21 12:46:48, 2026-08-21 13:01:53, 2026-08-21 13:16:57, 2026-08-21 13:31:42", "cumulative_total": 82.0 }, "geometry": { "type": "Polygon", "coordinates": [ [ [ -73.731321373521283, 45.331748773000754 ], [ -73.737642972305167, 45.334417312967119 ], [ -73.737527505027089, 45.339613006514774 ], [ -73.731089272642791, 45.342140134620237 ], [ -73.724767138142397, 45.339471229344703 ], [ -73.724883771732252, 45.334275561337023 ], [ -73.731321373521283, 45.331748773000754 ] ] ] } },
{ "type": "Feature", "properties": { "hex_id": 44149, "centroid_lon": -79.300870612294702, "centroid_lat": 47.710570220689476, "occurrences_today": 1, "datetimes_today": "2026-08-21 15:01:45", "cumulative_total": 13.0 }, "geometry": { "type": "Polygon", "coordinates": [ [ [ -79.300443674542635, 47.705390073952884 ], [ -79.307303579183554, 47.707730396176125 ], [ -79.307731231727345, 47.71291049404855 ], [ -79.301297669787772, 47.71575035982773 ], [ -79.29443693059288, 47.713409704313719 ], [ -79.294010587933982, 47.708229516379902 ], [ -79.300443674542635, 47.705390073952884 ] ] ] } },
{ "type": "Feature", "properties": { "hex_id": 654497, "centroid_lon": -72.733196248597309, "centroid_lat": 45.399447351908194, "occurrences_today": 12, "datetimes_today": "2026-08-21 15:01:45, 2026-08-21 15:17:04, 2026-08-21 15:31:51, 2026-08-21 15:46:43, 2026-08-21 16:12:55, 2026-08-21 16:31:46, 2026-08-21 16:58:55, 2026-08-21 17:16:44, 2026-08-21 17:31:41, 2026-08-21 17:45:55, 2026-08-21 18:00:50, 2026-08-21 18:16:53", "cumulative_total": 221.0 }, "geometry": { "type": "Polygon", "coordinates": [ [ [ -72.73340396881413, 45.394254522514792 ], [ -72.739683328815715, 45.396977497481103 ], [ -72.739476164108041, 45.402170346922652 ], [ -72.732988471752947, 45.404640175815963 ], [ -72.726708612879207, 45.401916825664919 ], [ -72.726916945213773, 45.396724021869325 ], [ -72.73340396881413, 45.394254522514792 ] ] ] } },
{ "type": "Feature", "properties": { "hex_id": 561146, "centroid_lon": -73.69014540708055, "centroid_lat": 46.279657068127555, "occurrences_today": 12, "datetimes_today": "2026-08-21 20:32:12, 2026-08-21 20:46:51, 2026-08-21 21:01:46, 2026-08-21 21:21:27, 2026-08-21 21:31:41, 2026-08-21 21:46:38, 2026-08-21 22:01:50, 2026-08-21 22:32:24, 2026-08-21 22:46:49, 2026-08-21 23:01:48, 2026-08-21 23:32:25, 2026-08-21 23:46:58", "cumulative_total": 14.0 }, "geometry": { "type": "Polygon", "coordinates": [ [ [ -73.690269198330014, 46.274462329530834 ], [ -73.69669534163674, 46.277133852002734 ], [ -73.696572146179065, 46.282328601471235 ], [ -73.690021581695717, 46.284851801726752 ], [ -73.683594876738425, 46.282179901497038 ], [ -73.683719297903352, 46.276985178835929 ], [ -73.690269198330014, 46.274462329530834 ] ] ] } },
{ "type": "Feature", "properties": { "hex_id": 948306, "centroid_lon": -69.422923436637348, "centroid_lat": 47.756843672061841, "occurrences_today": 1, "datetimes_today": "2026-08-21 07:43:49", "cumulative_total": 18.0 }, "geometry": { "type": "Polygon", "coordinates": [ [ [ -69.423477604637654, 47.751673541515267 ], [ -69.429840175742783, 47.754582057923287 ], [ -69.429286581666773, 47.759752241951567 ], [ -69.422369113408138, 47.762013793051352 ], [ -69.4160061236351, 47.75910484301945 ], [ -69.416561020733667, 47.753934775579381 ], [ -69.423477604637654, 47.751673541515267 ] ] ] } },
{ "type": "Feature", "properties": { "hex_id": 945866, "centroid_lon": -69.446171361094741, "centroid_lat": 47.789157272309666, "occurrences_today": 1, "datetimes_today": "2026-08-21 07:43:49", "cumulative_total": 8.0 }, "geometry": { "type": "Polygon", "coordinates": [ [ [ -69.446723850954641, 47.783986966249792 ], [ -69.453091638215554, 47.786894388481642 ], [ -69.452539723721586, 47.792064747836328 ], [ -69.445618716397462, 47.794327568847656 ], [ -69.439250508635411, 47.791419712693127 ], [ -69.439803728643781, 47.786249469517784 ], [ -69.446723850954641, 47.783986966249792 ] ] ] } },
{ "type": "Feature", "properties": { "hex_id": 937322, "centroid_lon": -69.534305619010894, "centroid_lat": 47.840174163851678, "occurrences_today": 1, "datetimes_today": "2026-08-21 07:43:49", "cumulative_total": 38.0 }, "geometry": { "type": "Polygon", "coordinates": [ [ [ -69.534850340252888, 47.835003135641664 ], [ -69.541229509508341, 47.83790607030236 ], [ -69.540685366852927, 47.843077151023429 ], [ -69.533760744972852, 47.845345182682919 ], [ -69.527381149953925, 47.842441813997546 ], [ -69.527926602524346, 47.837270847745394 ], [ -69.534850340252888, 47.835003135641664 ] ] ] } },
{ "type": "Feature", "properties": { "hex_id": 704046, "centroid_lon": -72.137798874850901, "centroid_lat": 46.921626261603798, "occurrences_today": 7, "datetimes_today": "2026-08-21 14:31:53, 2026-08-21 14:46:42, 2026-08-21 15:01:45, 2026-08-21 15:17:04, 2026-08-21 15:31:51, 2026-08-21 15:46:43, 2026-08-21 16:12:55", "cumulative_total": 115.0 }, "geometry": { "type": "Polygon", "coordinates": [ [ [ -72.138075413315178, 46.916437239189761 ], [ -72.144495799531256, 46.919195656509743 ], [ -72.144219854350681, 46.924384705494944 ], [ -72.137522259557514, 46.926815278042085 ], [ -72.131101356900217, 46.924056460292995 ], [ -72.131378565450589, 46.918867470493275 ], [ -72.138075413315178, 46.916437239189761 ] ] ] } },
{ "type": "Feature", "properties": { "hex_id": 704657, "centroid_lon": -72.130824071332469, "centroid_lat": 46.929245444111096, "occurrences_today": 7, "datetimes_today": "2026-08-21 14:31:53, 2026-08-21 14:46:42, 2026-08-21 15:01:45, 2026-08-21 15:17:04, 2026-08-21 15:31:51, 2026-08-21 15:46:43, 2026-08-21 16:12:55", "cumulative_total": 115.0 }, "geometry": { "type": "Polygon", "coordinates": [ [ [ -72.131101356900217, 46.924056460292995 ], [ -72.137522259557514, 46.926815278042085 ], [ -72.137245567408272, 46.932004288504224 ], [ -72.130546708720559, 46.934434421947167 ], [ -72.124125289702334, 46.931675203604854 ], [ -72.124403245705921, 46.926486252480252 ], [ -72.131101356900217, 46.924056460292995 ] ] ] } },
{ "type": "Feature", "properties": { "hex_id": 793779, "centroid_lon": -71.185906580999671, "centroid_lat": 46.73015452100659, "occurrences_today": 1, "datetimes_today": "2026-08-21 02:46:57", "cumulative_total": 28.0 }, "geometry": { "type": "Polygon", "coordinates": [ [ [ -71.186272515802159, 46.724970357523915 ], [ -71.192618633055957, 46.727780173078671 ], [ -71.192253270442365, 46.732964372312779 ], [ -71.185540544891623, 46.735338677566595 ], [ -71.179193956771968, 46.732528456189925 ], [ -71.179560565033896, 46.727344335447782 ], [ -71.186272515802159, 46.724970357523915 ] ] ] } },
{ "type": "Feature", "properties": { "hex_id": 1253597, "centroid_lon": -66.010943629297842, "centroid_lat": 48.178778385990512, "occurrences_today": 1, "datetimes_today": "2026-08-21 00:02:03", "cumulative_total": 8.0 }, "geometry": { "type": "Polygon", "coordinates": [ [ [ -66.01184785438997, 48.173647891691907 ], [ -66.018038915864921, 48.17673670795444 ], [ -66.017135210638173, 48.181867287283957 ], [ -66.010039151283337, 48.183908862894192 ], [ -66.003847822910117, 48.180819586204457 ], [ -66.004752820700531, 48.175689194396568 ], [ -66.01184785438997, 48.173647891691907 ] ] ] } },
{ "type": "Feature", "properties": { "hex_id": 1255428, "centroid_lon": -65.992373521377061, "centroid_lat": 48.169509940759951, "occurrences_today": 1, "datetimes_today": "2026-08-21 00:02:03", "cumulative_total": 11.0 }, "geometry": { "type": "Polygon", "coordinates": [ [ [ -65.993279304752619, 48.164379701847267 ], [ -65.999468048923248, 48.167469388525156 ], [ -65.998562784756771, 48.172599712615302 ], [ -65.991467484691299, 48.174640162229714 ], [ -65.985278474666586, 48.171550015171114 ], [ -65.986185030471873, 48.166419878943685 ], [ -65.993279304752619, 48.164379701847267 ] ] ] } },
{ "type": "Feature", "properties": { "hex_id": 940373, "centroid_lon": -69.503512917636783, "centroid_lat": 47.815312757186042, "occurrences_today": 1, "datetimes_today": "2026-08-21 07:43:49", "cumulative_total": 3.0 }, "geometry": { "type": "Polygon", "coordinates": [ [ [ -69.504060221718305, 47.810141973538471 ], [ -69.510434581151657, 47.813046445906352 ], [ -69.509887854307692, 47.818217282332 ], [ -69.502965460098125, 47.820483531406069 ], [ -69.496590676911552, 47.817578625149999 ], [ -69.497138711633383, 47.812407903775991 ], [ -69.504060221718305, 47.810141973538471 ] ] ] } },
{ "type": "Feature", "properties": { "hex_id": 941594, "centroid_lon": -69.490216624546164, "centroid_lat": 47.814673390683396, "occurrences_today": 1, "datetimes_today": "2026-08-21 07:43:49", "cumulative_total": 3.0 }, "geometry": { "type": "Polygon", "coordinates": [ [ [ -69.490765236243035, 47.809502722212926 ], [ -69.497138711633383, 47.812407903775991 ], [ -69.496590676911552, 47.817578625149999 ], [ -69.489667859030391, 47.819844049703718 ], [ -69.483293960511162, 47.816938434166154 ], [ -69.483843302947477, 47.81176782811729 ], [ -69.490765236243035, 47.809502722212926 ] ] ] } },
{ "type": "Feature", "properties": { "hex_id": 794389, "centroid_lon": -71.179927071836502, "centroid_lat": 46.722160207775893, "occurrences_today": 1, "datetimes_today": "2026-08-21 02:46:57", "cumulative_total": 28.0 }, "geometry": { "type": "Polygon", "coordinates": [ [ [ -71.180293477214789, 46.716976073175026 ], [ -71.186638349334103, 46.719786187119325 ], [ -71.186272515802159, 46.724970357523915 ], [ -71.179560565033896, 46.727344335447782 ], [ -71.173215222510038, 46.724533815741914 ], [ -71.173582301123943, 46.719349723940162 ], [ -71.180293477214789, 46.716976073175026 ] ] ] } },
{ "type": "Feature", "properties": { "hex_id": 707022, "centroid_lon": -72.167210780565611, "centroid_lat": 45.729797926321325, "occurrences_today": 6, "datetimes_today": "2026-08-21 14:31:53, 2026-08-21 14:46:42, 2026-08-21 15:01:45, 2026-08-21 15:17:04, 2026-08-21 15:31:51, 2026-08-21 15:46:43", "cumulative_total": 30.0 }, "geometry": { "type": "Polygon", "coordinates": [ [ [ -72.167473333067178, 45.724607685521612 ], [ -72.173759976021756, 45.727361874296541 ], [ -72.173497980616659, 45.732552140778097 ], [ -72.166948156233431, 45.734988161209969 ], [ -72.160661028025103, 45.732233588082451 ], [ -72.160924209429524, 45.727043378940209 ], [ -72.167473333067178, 45.724607685521612 ] ] ] } },
{ "type": "Feature", "properties": { "hex_id": 707633, "centroid_lon": -72.160397774616243, "centroid_lat": 45.73742379130816, "occurrences_today": 6, "datetimes_today": "2026-08-21 14:31:53, 2026-08-21 14:46:42, 2026-08-21 15:01:45, 2026-08-21 15:17:04, 2026-08-21 15:31:51, 2026-08-21 15:46:43", "cumulative_total": 30.0 }, "geometry": { "type": "Polygon", "coordinates": [ [ [ -72.160661028025103, 45.732233588082451 ], [ -72.166948156233431, 45.734988161209969 ], [ -72.166685460046438, 45.74017839018714 ], [ -72.160134449178699, 45.742613988616917 ], [ -72.153846835789338, 45.739859030979567 ], [ -72.154110718424448, 45.734668859486852 ], [ -72.160661028025103, 45.732233588082451 ] ] ] } },
{ "type": "Feature", "properties": { "hex_id": 708243, "centroid_lon": -72.154374528881291, "centroid_lat": 45.72947868207212, "occurrences_today": 6, "datetimes_today": "2026-08-21 14:31:53, 2026-08-21 14:46:42, 2026-08-21 15:01:45, 2026-08-21 15:17:04, 2026-08-21 15:31:51, 2026-08-21 15:46:43", "cumulative_total": 30.0 }, "geometry": { "type": "Polygon", "coordinates": [ [ [ -72.154638267184197, 45.724288498735781 ], [ -72.160924209429524, 45.727043378940209 ], [ -72.160661028025103, 45.732233588082451 ], [ -72.154110718424448, 45.734668859486852 ], [ -72.147824291446739, 45.731913594824285 ], [ -72.148088658777738, 45.726723443279994 ], [ -72.154638267184197, 45.724288498735781 ] ] ] } },
{ "type": "Feature", "properties": { "hex_id": 708853, "centroid_lon": -72.148352953805329, "centroid_lat": 45.721533285809002, "occurrences_today": 6, "datetimes_today": "2026-08-21 14:31:53, 2026-08-21 14:46:42, 2026-08-21 15:01:45, 2026-08-21 15:17:04, 2026-08-21 15:31:51, 2026-08-21 15:46:43", "cumulative_total": 16.0 }, "geometry": { "type": "Polygon", "coordinates": [ [ [ -72.148617176553856, 45.716343122411715 ], [ -72.154901933357465, 45.719098309478198 ], [ -72.154638267184197, 45.724288498735781 ], [ -72.148088658777738, 45.726723443279994 ], [ -72.141803417690099, 45.723967871807112 ], [ -72.142068269268577, 45.718777740260933 ], [ -72.148617176553856, 45.716343122411715 ] ] ] } },
{ "type": "Feature", "properties": { "hex_id": 798054, "centroid_lon": -71.13853544289762, "centroid_lat": 46.751947250121283, "occurrences_today": 1, "datetimes_today": "2026-08-21 02:46:57", "cumulative_total": 44.0 }, "geometry": { "type": "Polygon", "coordinates": [ [ [ -71.138906197773736, 46.746763394360784 ], [ -71.145252173986449, 46.749575836584597 ], [ -71.144881991206475, 46.754759728568807 ], [ -71.138164585357345, 46.757131098903145 ], [ -71.131818139730399, 46.754318250177491 ], [ -71.132189569331317, 46.749134437685804 ], [ -71.138906197773736, 46.746763394360784 ] ] ] } },
{ "type": "Feature", "properties": { "hex_id": 724712, "centroid_lon": -71.99320499713042, "centroid_lat": 45.499284199258057, "occurrences_today": 2, "datetimes_today": "2026-08-21 11:34:22, 2026-08-21 11:47:06", "cumulative_total": 12.0 }, "geometry": { "type": "Polygon", "coordinates": [ [ [ -71.993481432835253, 45.494094553437627 ], [ -71.999733906600781, 45.496857562028339 ], [ -71.999458018690945, 45.502047235094423 ], [ -71.99292848602002, 45.504473839029757 ], [ -71.986675539877666, 45.501710447592934 ], [ -71.986952598757838, 45.49652083513088 ], [ -71.993481432835253, 45.494094553437627 ] ] ] } },
{ "type": "Feature", "properties": { "hex_id": 519568, "centroid_lon": -74.146762160528979, "centroid_lat": 45.286236815874716, "occurrences_today": 17, "datetimes_today": "2026-08-21 14:16:48, 2026-08-21 14:31:53, 2026-08-21 14:46:42, 2026-08-21 15:01:45, 2026-08-21 15:17:04, 2026-08-21 20:32:12, 2026-08-21 20:46:51, 2026-08-21 21:01:46, 2026-08-21 21:21:27, 2026-08-21 21:31:41, 2026-08-21 21:46:38, 2026-08-21 22:01:50, 2026-08-21 22:32:24, 2026-08-21 22:46:49, 2026-08-21 23:01:48, 2026-08-21 23:32:25, 2026-08-21 23:46:58", "cumulative_total": 44.0 }, "geometry": { "type": "Polygon", "coordinates": [ [ [ -74.146840057088767, 45.281040387199234 ], [ -74.153175891450203, 45.283686047604085 ], [ -74.153098566203312, 45.288882482402414 ], [ -74.146684242747696, 45.29143323969685 ], [ -74.140347858298412, 45.288787218560167 ], [ -74.1404263473855, 45.283590800924962 ], [ -74.146840057088767, 45.281040387199234 ] ] ] } },
{ "type": "Feature", "properties": { "hex_id": 948915, "centroid_lon": -69.418779055863524, "centroid_lat": 47.733254410160583, "occurrences_today": 1, "datetimes_today": "2026-08-21 07:43:49", "cumulative_total": 14.0 }, "geometry": { "type": "Polygon", "coordinates": [ [ [ -69.419333176604525, 47.728084294900015 ], [ -69.425692725447675, 47.730992923793472 ], [ -69.425139177814117, 47.736163092550761 ], [ -69.418224779960852, 47.738424515860544 ], [ -69.411864813199415, 47.735515453652653 ], [ -69.412419662154647, 47.730345401517084 ], [ -69.419333176604525, 47.728084294900015 ] ] ] } },
{ "type": "Feature", "properties": { "hex_id": 562918, "centroid_lon": -73.692567624609808, "centroid_lat": 45.352099536928925, "occurrences_today": 9, "datetimes_today": "2026-08-21 11:34:22, 2026-08-21 11:47:06, 2026-08-21 12:02:03, 2026-08-21 12:16:43, 2026-08-21 12:31:50, 2026-08-21 12:46:48, 2026-08-21 13:01:53, 2026-08-21 13:16:57, 2026-08-21 13:31:42", "cumulative_total": 139.0 }, "geometry": { "type": "Polygon", "coordinates": [ [ [ -73.692687255320763, 45.346903946378205 ], [ -73.69900866191638, 45.349574616745393 ], [ -73.698889598489259, 45.354770217929129 ], [ -73.692447961287087, 45.357295122485745 ], [ -73.686126020024858, 45.354624086256848 ], [ -73.686246250620499, 45.349428511397214 ], [ -73.692687255320763, 45.346903946378205 ] ] ] } },
{ "type": "Feature", "properties": { "hex_id": 624596, "centroid_lon": -73.038740785466032, "centroid_lat": 45.615577304127342, "occurrences_today": 8, "datetimes_today": "2026-08-21 08:46:42, 2026-08-21 09:01:45, 2026-08-21 10:25:23, 2026-08-21 10:46:39, 2026-08-21 11:00:53, 2026-08-21 11:17:01, 2026-08-21 11:34:22, 2026-08-21 11:47:06", "cumulative_total": 22.0 }, "geometry": { "type": "Polygon", "coordinates": [ [ [ -73.038921877567873, 45.610383648130316 ], [ -73.045240284254987, 45.613090361949887 ], [ -73.045059758357169, 45.618284035089054 ], [ -73.038559643857496, 45.62077095482055 ], [ -73.032240720481369, 45.618063865782538 ], [ -73.032422428277286, 45.612870232296068 ], [ -73.038921877567873, 45.610383648130316 ] ] ] } },
{ "type": "Feature", "properties": { "hex_id": 724292, "centroid_lon": -71.828797209482161, "centroid_lat": 48.464349213710769, "occurrences_today": 4, "datetimes_today": "2026-08-21 08:16:52, 2026-08-21 08:31:42, 2026-08-21 08:46:42, 2026-08-21 09:01:45", "cumulative_total": 24.0 }, "geometry": { "type": "Polygon", "coordinates": [ [ [ -71.829120573585016, 48.45916306774965 ], [ -71.83571196019048, 48.461942195083843 ], [ -71.835389236105584, 48.467128371594306 ], [ -71.828473753550512, 48.469535353355127 ], [ -71.821881818772539, 48.466755801273699 ], [ -71.822205914688837, 48.461569692250002 ], [ -71.829120573585016, 48.45916306774965 ] ] ] } },
{ "type": "Feature", "properties": { "hex_id": 561696, "centroid_lon": -73.705685962465537, "centroid_lat": 45.336658077345454, "occurrences_today": 9, "datetimes_today": "2026-08-21 11:34:22, 2026-08-21 11:47:06, 2026-08-21 12:02:03, 2026-08-21 12:16:43, 2026-08-21 12:31:50, 2026-08-21 12:46:48, 2026-08-21 13:01:53, 2026-08-21 13:16:57, 2026-08-21 13:31:42", "cumulative_total": 28.0 }, "geometry": { "type": "Polygon", "coordinates": [ [ [ -73.705804329333816, 45.331462445634429 ], [ -73.712124666498582, 45.334132384753794 ], [ -73.712006866628812, 45.339328026964893 ], [ -73.705567563335762, 45.341853704067596 ], [ -73.699246691439356, 45.339183399403574 ], [ -73.699365657556868, 45.333987783245647 ], [ -73.705804329333816, 45.331462445634429 ] ] ] } },
{ "type": "Feature", "properties": { "hex_id": 562306, "centroid_lon": -73.699484591259505, "centroid_lat": 45.328792162096462, "occurrences_today": 9, "datetimes_today": "2026-08-21 11:34:22, 2026-08-21 11:47:06, 2026-08-21 12:02:03, 2026-08-21 12:16:43, 2026-08-21 12:31:50, 2026-08-21 12:46:48, 2026-08-21 13:01:53, 2026-08-21 13:16:57, 2026-08-21 13:31:42", "cumulative_total": 28.0 }, "geometry": { "type": "Polygon", "coordinates": [ [ [ -73.699603492558097, 45.323596535956113 ], [ -73.705922663951384, 45.32626680893452 ], [ -73.705804329333816, 45.331462445634429 ], [ -73.699365657556868, 45.333987783245647 ], [ -73.693045951892032, 45.331317144763467 ], [ -73.69316545226485, 45.326121534237942 ], [ -73.699603492558097, 45.323596535956113 ] ] ] } },
{ "type": "Feature", "properties": { "hex_id": 562917, "centroid_lon": -73.692926418950989, "centroid_lat": 45.336512750295391, "occurrences_today": 9, "datetimes_today": "2026-08-21 11:34:22, 2026-08-21 11:47:06, 2026-08-21 12:02:03, 2026-08-21 12:16:43, 2026-08-21 12:31:50, 2026-08-21 12:46:48, 2026-08-21 13:01:53, 2026-08-21 13:16:57, 2026-08-21 13:31:42", "cumulative_total": 28.0 }, "geometry": { "type": "Polygon", "coordinates": [ [ [ -73.693045951892032, 45.331317144763467 ], [ -73.699365657556868, 45.333987783245647 ], [ -73.699246691439356, 45.339183399403574 ], [ -73.692806853430852, 45.34170835083367 ], [ -73.686486613527009, 45.339037346689267 ], [ -73.686606745859777, 45.333841756841117 ], [ -73.693045951892032, 45.331317144763467 ] ] ] } },
{ "type": "Feature", "properties": { "hex_id": 780958, "centroid_lon": -71.323568630604143, "centroid_lat": 46.726871774552862, "occurrences_today": 37, "datetimes_today": "2026-08-21 10:46:39, 2026-08-21 11:00:53, 2026-08-21 11:17:01, 2026-08-21 11:34:22, 2026-08-21 11:47:06, 2026-08-21 12:02:03, 2026-08-21 12:16:43, 2026-08-21 12:31:50, 2026-08-21 12:46:48, 2026-08-21 13:01:53, 2026-08-21 13:16:57, 2026-08-21 13:31:42, 2026-08-21 13:46:54, 2026-08-21 14:16:48, 2026-08-21 14:31:53, 2026-08-21 14:46:42, 2026-08-21 15:01:45, 2026-08-21 15:17:04, 2026-08-21 15:31:51, 2026-08-21 15:46:43, 2026-08-21 16:12:55, 2026-08-21 16:31:46, 2026-08-21 16:58:55, 2026-08-21 17:16:44, 2026-08-21 17:31:41, 2026-08-21 17:45:55, 2026-08-21 18:00:50, 2026-08-21 18:16:53, 2026-08-21 18:46:45, 2026-08-21 19:01:42, 2026-08-21 19:13:27, 2026-08-21 19:31:56, 2026-08-21 19:57:57, 2026-08-21 20:17:05, 2026-08-21 20:32:12, 2026-08-21 20:46:51, 2026-08-21 21:01:46", "cumulative_total": 97.0 }, "geometry": { "type": "Polygon", "coordinates": [ [ [ -71.323921335683025, 46.721686791527013 ], [ -71.330274698188731, 46.724489151165933 ], [ -71.329922567408232, 46.729674168609719 ], [ -71.32321582787111, 46.732056750810784 ], [ -71.316861988738012, 46.729253986515531 ], [ -71.317215365735677, 46.724069044742052 ], [ -71.323921335683025, 46.721686791527013 ] ] ] } },
{ "type": "Feature", "properties": { "hex_id": 559864, "centroid_lon": -73.725000373542343, "centroid_lat": 45.329079888347465, "occurrences_today": 9, "datetimes_today": "2026-08-21 11:34:22, 2026-08-21 11:47:06, 2026-08-21 12:02:03, 2026-08-21 12:16:43, 2026-08-21 12:31:50, 2026-08-21 12:46:48, 2026-08-21 13:01:53, 2026-08-21 13:16:57, 2026-08-21 13:31:42", "cumulative_total": 23.0 }, "geometry": { "type": "Polygon", "coordinates": [ [ [ -73.725116943583288, 45.32388421037615 ], [ -73.73143737653173, 45.326553084721731 ], [ -73.731321373521283, 45.331748773000754 ], [ -73.724883771732252, 45.334275561337023 ], [ -73.718562803527732, 45.331606321722973 ], [ -73.718679972357734, 45.32641065910525 ], [ -73.725116943583288, 45.32388421037615 ] ] ] } },
{ "type": "Feature", "properties": { "hex_id": 560475, "centroid_lon": -73.718445602764547, "centroid_lat": 45.336801979356537, "occurrences_today": 9, "datetimes_today": "2026-08-21 11:34:22, 2026-08-21 11:47:06, 2026-08-21 12:02:03, 2026-08-21 12:16:43, 2026-08-21 12:31:50, 2026-08-21 12:46:48, 2026-08-21 13:01:53, 2026-08-21 13:16:57, 2026-08-21 13:31:42", "cumulative_total": 23.0 }, "geometry": { "type": "Polygon", "coordinates": [ [ [ -73.718562803527732, 45.331606321722973 ], [ -73.724883771732252, 45.334275561337023 ], [ -73.724767138142397, 45.339471229344703 ], [ -73.718328370057463, 45.341997632005899 ], [ -73.712006866628812, 45.339328026964893 ], [ -73.712124666498582, 45.334132384753794 ], [ -73.718562803527732, 45.331606321722973 ] ] ] } },
{ "type": "Feature", "properties": { "hex_id": 561085, "centroid_lon": -73.712242434271019, "centroid_lat": 45.328936737556141, "occurrences_today": 9, "datetimes_today": "2026-08-21 11:34:22, 2026-08-21 11:47:06, 2026-08-21 12:02:03, 2026-08-21 12:16:43, 2026-08-21 12:31:50, 2026-08-21 12:46:48, 2026-08-21 13:01:53, 2026-08-21 13:16:57, 2026-08-21 13:31:42", "cumulative_total": 23.0 }, "geometry": { "type": "Polygon", "coordinates": [ [ [ -73.712360169956852, 45.323741085372049 ], [ -73.718679972357734, 45.32641065910525 ], [ -73.718562803527732, 45.331606321722973 ], [ -73.712124666498582, 45.334132384753794 ], [ -73.705804329333816, 45.331462445634429 ], [ -73.705922663951384, 45.32626680893452 ], [ -73.712360169956852, 45.323741085372049 ] ] ] } },
{ "type": "Feature", "properties": { "hex_id": 563528, "centroid_lon": -73.686366448450897, "centroid_lat": 45.344232931541306, "occurrences_today": 9, "datetimes_today": "2026-08-21 11:34:22, 2026-08-21 11:47:06, 2026-08-21 12:02:03, 2026-08-21 12:16:43, 2026-08-21 12:31:50, 2026-08-21 12:46:48, 2026-08-21 13:01:53, 2026-08-21 13:16:57, 2026-08-21 13:31:42", "cumulative_total": 23.0 }, "geometry": { "type": "Polygon", "coordinates": [ [ [ -73.686486613527009, 45.339037346689267 ], [ -73.692806853430852, 45.34170835083367 ], [ -73.692687255320763, 45.346903946378205 ], [ -73.686246250620499, 45.349428511397214 ], [ -73.679925476510391, 45.346757141432079 ], [ -73.680046241295869, 45.341561572332793 ], [ -73.686486613527009, 45.339037346689267 ] ] ] } },
{ "type": "Feature", "properties": { "hex_id": 564135, "centroid_lon": -73.681252081041265, "centroid_lat": 45.289605606433035, "occurrences_today": 3, "datetimes_today": "2026-08-21 11:17:01, 2026-08-21 11:34:22, 2026-08-21 11:47:06", "cumulative_total": 6.0 }, "geometry": { "type": "Polygon", "coordinates": [ [ [ -73.681372484446172, 45.28440998235402 ], [ -73.687686465206781, 45.287081223395731 ], [ -73.687566627072641, 45.292276858205376 ], [ -73.681131644838388, 45.294801225514277 ], [ -73.674817131610482, 45.29212961929084 ], [ -73.674938133073184, 45.286934011004263 ], [ -73.681372484446172, 45.28440998235402 ] ] ] } },
{ "type": "Feature", "properties": { "hex_id": 564138, "centroid_lon": -73.680166973173698, "centroid_lat": 45.336365998234989, "occurrences_today": 9, "datetimes_today": "2026-08-21 11:34:22, 2026-08-21 11:47:06, 2026-08-21 12:02:03, 2026-08-21 12:16:43, 2026-08-21 12:31:50, 2026-08-21 12:46:48, 2026-08-21 13:01:53, 2026-08-21 13:16:57, 2026-08-21 13:31:42", "cumulative_total": 23.0 }, "geometry": { "type": "Polygon", "coordinates": [ [ [ -73.680287672154833, 45.331170419138736 ], [ -73.686606745859777, 45.333841756841117 ], [ -73.686486613527009, 45.339037346689267 ], [ -73.680046241295869, 45.341561572332793 ], [ -73.673726633844694, 45.338889868850735 ], [ -73.673847932359934, 45.333694305568955 ], [ -73.680287672154833, 45.331170419138736 ] ] ] } },
{ "type": "Feature", "properties": { "hex_id": 564139, "centroid_lon": -73.679804678806249, "centroid_lat": 45.351952705532732, "occurrences_today": 9, "datetimes_today": "2026-08-21 11:34:22, 2026-08-21 11:47:06, 2026-08-21 12:02:03, 2026-08-21 12:16:43, 2026-08-21 12:31:50, 2026-08-21 12:46:48, 2026-08-21 13:01:53, 2026-08-21 13:16:57, 2026-08-21 13:31:42", "cumulative_total": 23.0 }, "geometry": { "type": "Polygon", "coordinates": [ [ [ -73.679925476510391, 45.346757141432079 ], [ -73.686246250620499, 45.349428511397214 ], [ -73.686126020024858, 45.354624086256848 ], [ -73.679683848172445, 45.357148264634702 ], [ -73.673362539888998, 45.354476528690327 ], [ -73.673483937620304, 45.349280980411514 ], [ -73.679925476510391, 45.346757141432079 ] ] ] } },
{ "type": "Feature", "properties": { "hex_id": 564749, "centroid_lon": -73.673605302268513, "centroid_lat": 45.34408542713161, "occurrences_today": 9, "datetimes_today": "2026-08-21 11:34:22, 2026-08-21 11:47:06, 2026-08-21 12:02:03, 2026-08-21 12:16:43, 2026-08-21 12:31:50, 2026-08-21 12:46:48, 2026-08-21 13:01:53, 2026-08-21 13:16:57, 2026-08-21 13:31:42", "cumulative_total": 24.0 }, "geometry": { "type": "Polygon", "coordinates": [ [ [ -73.673726633844694, 45.338889868850735 ], [ -73.680046241295869, 45.341561572332793 ], [ -73.679925476510391, 45.346757141432079 ], [ -73.673483937620304, 45.349280980411514 ], [ -73.667163796455966, 45.346608910991279 ], [ -73.667285727883851, 45.341413368593919 ], [ -73.673726633844694, 45.338889868850735 ] ] ] } },
{ "type": "Feature", "properties": { "hex_id": 942204, "centroid_lon": -69.484392491411313, "centroid_lat": 47.806597212607805, "occurrences_today": 1, "datetimes_today": "2026-08-21 07:43:49", "cumulative_total": 6.0 }, "geometry": { "type": "Polygon", "coordinates": [ [ [ -69.484941525957254, 47.801426587639412 ], [ -69.491313694175545, 47.804332044294007 ], [ -69.490765236243035, 47.809502722212926 ], [ -69.483843302947477, 47.81176782811729 ], [ -69.477470712060907, 47.808861937562703 ], [ -69.478020477083646, 47.803691375071651 ], [ -69.484941525957254, 47.801426587639412 ] ] ] } },
{ "type": "Feature", "properties": { "hex_id": 731446, "centroid_lon": -71.907086813975567, "centroid_lat": 45.785407469805868, "occurrences_today": 6, "datetimes_today": "2026-08-21 22:01:50, 2026-08-21 22:32:24, 2026-08-21 22:46:49, 2026-08-21 23:01:48, 2026-08-21 23:32:25, 2026-08-21 23:46:58", "cumulative_total": 89.0 }, "geometry": { "type": "Polygon", "coordinates": [ [ [ -71.907374009505517, 45.780218500989619 ], [ -71.913653200412028, 45.78298682584191 ], [ -71.913366559771987, 45.788175822880596 ], [ -71.906799539837735, 45.790596432485373 ], [ -71.900519872662457, 45.787827720351629 ], [ -71.900807701663666, 45.782638785959115 ], [ -71.907374009505517, 45.780218500989619 ] ] ] } },
{ "type": "Feature", "properties": { "hex_id": 807927, "centroid_lon": -70.908667898259523, "centroid_lat": 48.380721875822765, "occurrences_today": 20, "datetimes_today": "2026-08-21 09:01:45, 2026-08-21 10:25:23, 2026-08-21 10:46:39, 2026-08-21 11:00:53, 2026-08-21 11:17:01, 2026-08-21 11:34:22, 2026-08-21 11:47:06, 2026-08-21 12:02:03, 2026-08-21 12:16:43, 2026-08-21 12:31:50, 2026-08-21 12:46:48, 2026-08-21 13:01:53, 2026-08-21 13:16:57, 2026-08-21 13:31:42, 2026-08-21 13:46:54, 2026-08-21 14:16:48, 2026-08-21 14:31:53, 2026-08-21 14:46:42, 2026-08-21 15:01:45, 2026-08-21 15:17:04", "cumulative_total": 21.0 }, "geometry": { "type": "Polygon", "coordinates": [ [ [ -70.909083723758073, 48.375540943595631 ], [ -70.915610949302916, 48.378371117975327 ], [ -70.915195744912793, 48.383552089884027 ], [ -70.908251954945058, 48.38590280067443 ], [ -70.901724226128962, 48.383072194991705 ], [ -70.902140790509321, 48.377891309892149 ], [ -70.909083723758073, 48.375540943595631 ] ] ] } },
{ "type": "Feature", "properties": { "hex_id": 684006, "centroid_lon": -72.268805066300715, "centroid_lat": 48.584731728580088, "occurrences_today": 4, "datetimes_today": "2026-08-21 17:31:41, 2026-08-21 17:45:55, 2026-08-21 18:00:50, 2026-08-21 18:16:53", "cumulative_total": 35.0 }, "geometry": { "type": "Polygon", "coordinates": [ [ [ -72.269084779666869, 48.579543635449461 ], [ -72.275716690540335, 48.582298208585485 ], [ -72.275437628936203, 48.587486327872668 ], [ -72.268525273323888, 48.589919815805771 ], [ -72.261892790313553, 48.587164820089917 ], [ -72.262173235023454, 48.581976759092669 ], [ -72.269084779666869, 48.579543635449461 ] ] ] } },
{ "type": "Feature", "properties": { "hex_id": 650830, "centroid_lon": -72.773944852519747, "centroid_lat": 45.337885488085291, "occurrences_today": 1, "datetimes_today": "2026-08-21 14:46:42", "cumulative_total": 7.0 }, "geometry": { "type": "Polygon", "coordinates": [ [ [ -72.774148403431866, 45.332692457407148 ], [ -72.780423105732879, 45.33541312565886 ], [ -72.78022010909973, 45.340606175965618 ], [ -72.773741246155737, 45.343078513305336 ], [ -72.767466045036869, 45.340357471012759 ], [ -72.767670205661346, 45.335164465485235 ], [ -72.774148403431866, 45.332692457407148 ] ] ] } },
{ "type": "Feature", "properties": { "hex_id": 947085, "centroid_lon": -69.436203475821117, "centroid_lat": 47.757490247684977, "occurrences_today": 1, "datetimes_today": "2026-08-21 07:43:49", "cumulative_total": 9.0 }, "geometry": { "type": "Polygon", "coordinates": [ [ [ -69.436756340896494, 47.752320000697971 ], [ -69.443119795816315, 47.755227810345751 ], [ -69.442567504927467, 47.760398110689515 ], [ -69.435650455876825, 47.762660485137751 ], [ -69.429286581666773, 47.759752241951567 ], [ -69.429840175742783, 47.754582057923287 ], [ -69.436756340896494, 47.752320000697971 ] ] ] } },
{ "type": "Feature", "properties": { "hex_id": 947695, "centroid_lon": -69.43039361479731, "centroid_lat": 47.749411864350265, "occurrences_today": 1, "datetimes_today": "2026-08-21 07:43:49", "cumulative_total": 9.0 }, "geometry": { "type": "Polygon", "coordinates": [ [ [ -69.430946898885196, 47.744241661234206 ], [ -69.437309051157769, 47.747149744178465 ], [ -69.436756340896494, 47.752320000697971 ], [ -69.429840175742783, 47.754582057923287 ], [ -69.423477604637654, 47.751673541515267 ], [ -69.424031617463953, 47.746503401413406 ], [ -69.430946898885196, 47.744241661234206 ] ] ] } },
{ "type": "Feature", "properties": { "hex_id": 948305, "centroid_lon": -69.424585475171156, "centroid_lat": 47.741333251757972, "occurrences_today": 1, "datetimes_today": "2026-08-21 07:43:49", "cumulative_total": 9.0 }, "geometry": { "type": "Polygon", "coordinates": [ [ [ -69.425139177814117, 47.736163092550761 ], [ -69.431500028061237, 47.739071448576873 ], [ -69.430946898885196, 47.744241661234206 ], [ -69.424031617463953, 47.746503401413406 ], [ -69.417670348841597, 47.743594611998169 ], [ -69.418224779960852, 47.738424515860544 ], [ -69.425139177814117, 47.736163092550761 ] ] ] } },
{ "type": "Feature", "properties": { "hex_id": 948916, "centroid_lon": -69.417115762450848, "centroid_lat": 47.748764698571698, "occurrences_today": 1, "datetimes_today": "2026-08-21 07:43:49", "cumulative_total": 9.0 }, "geometry": { "type": "Polygon", "coordinates": [ [ [ -69.417670348841597, 47.743594611998169 ], [ -69.424031617463953, 47.746503401413406 ], [ -69.423477604637654, 47.751673541515267 ], [ -69.416561020733667, 47.753934775579381 ], [ -69.410199333900763, 47.751025552615019 ], [ -69.410754649127441, 47.745855529203375 ], [ -69.417670348841597, 47.743594611998169 ] ] ] } },
{ "type": "Feature", "properties": { "hex_id": 949526, "centroid_lon": -69.41130980887533, "centroid_lat": 47.740685496215328, "occurrences_today": 1, "datetimes_today": "2026-08-21 07:43:49", "cumulative_total": 9.0 }, "geometry": { "type": "Polygon", "coordinates": [ [ [ -69.411864813199415, 47.735515453652653 ], [ -69.418224779960852, 47.738424515860544 ], [ -69.417670348841597, 47.743594611998169 ], [ -69.410754649127441, 47.745855529203375 ], [ -69.404394264612449, 47.742946033521072 ], [ -69.404949997510187, 47.737776054175647 ], [ -69.411864813199415, 47.735515453652653 ] ] ] } },
{ "type": "Feature", "properties": { "hex_id": 755927, "centroid_lon": -71.591848476309039, "centroid_lat": 46.727392312030943, "occurrences_today": 3, "datetimes_today": "2026-08-21 14:16:48, 2026-08-21 14:31:53, 2026-08-21 14:46:42", "cumulative_total": 18.0 }, "geometry": { "type": "Polygon", "coordinates": [ [ [ -71.592175480824523, 46.722205824271406 ], [ -71.598543648372754, 46.724993628242856 ], [ -71.59821722244186, 46.730180147815652 ], [ -71.591521381228262, 46.732578793307454 ], [ -71.585152725676394, 46.729790586889791 ], [ -71.585480399310427, 46.724604137493188 ], [ -71.592175480824523, 46.722205824271406 ] ] ] } },
{ "type": "Feature", "properties": { "hex_id": 936101, "centroid_lon": -69.547609409965119, "centroid_lat": 47.840808675975062, "occurrences_today": 1, "datetimes_today": "2026-08-21 07:43:49", "cumulative_total": 3.0 }, "geometry": { "type": "Polygon", "coordinates": [ [ [ -69.548152821392151, 47.835637533444299 ], [ -69.554532874255287, 47.838539757632546 ], [ -69.553990041677309, 47.843710952548648 ], [ -69.547065846104658, 47.845979809149519 ], [ -69.540685366852927, 47.843077151023429 ], [ -69.541229509508341, 47.83790607030236 ], [ -69.548152821392151, 47.835637533444299 ] ] ] } },
{ "type": "Feature", "properties": { "hex_id": 735672, "centroid_lon": -71.90285366315031, "centroid_lat": 45.044721757726741, "occurrences_today": 6, "datetimes_today": "2026-08-21 03:31:57, 2026-08-21 03:48:01, 2026-08-21 04:16:56, 2026-08-21 04:30:50, 2026-08-21 04:46:54, 2026-08-21 05:01:44", "cumulative_total": 14.0 }, "geometry": { "type": "Polygon", "coordinates": [ [ [ -71.903133922710438, 45.039532134505563 ], [ -71.909333143278133, 45.042298845241341 ], [ -71.909053417222168, 45.047488496342375 ], [ -71.902573327556325, 45.049911374840583 ], [ -71.896373649530886, 45.047144286319785 ], [ -71.896654518603881, 45.041954697148732 ], [ -71.903133922710438, 45.039532134505563 ] ] ] } },
{ "type": "Feature", "properties": { "hex_id": 736893, "centroid_lon": -71.890174581172744, "centroid_lat": 45.044376875877902, "occurrences_today": 6, "datetimes_today": "2026-08-21 03:31:57, 2026-08-21 03:48:01, 2026-08-21 04:16:56, 2026-08-21 04:30:50, 2026-08-21 04:46:54, 2026-08-21 05:01:44", "cumulative_total": 14.0 }, "geometry": { "type": "Polygon", "coordinates": [ [ [ -71.890455983557743, 45.039187314707235 ], [ -71.896654518603881, 45.041954697148732 ], [ -71.896373649530886, 45.047144286319785 ], [ -71.889893102445058, 45.049566430930113 ], [ -71.883694110442221, 45.046798670602676 ], [ -71.883976122456644, 45.041609143613776 ], [ -71.890455983557743, 45.039187314707235 ] ] ] } },
{ "type": "Feature", "properties": { "hex_id": 737503, "centroid_lon": -71.884258057986656, "centroid_lat": 45.036419610501078, "occurrences_today": 6, "datetimes_today": "2026-08-21 03:31:57, 2026-08-21 03:48:01, 2026-08-21 04:16:56, 2026-08-21 04:30:50, 2026-08-21 04:46:54, 2026-08-21 05:01:44", "cumulative_total": 14.0 }, "geometry": { "type": "Polygon", "coordinates": [ [ [ -71.884539917057509, 45.031230071265085 ], [ -71.890737309625308, 45.033997747418582 ], [ -71.890455983557743, 45.039187314707235 ], [ -71.883976122456644, 45.041609143613776 ], [ -71.877778273357322, 45.038841089626295 ], [ -71.878060741865326, 45.033651584629133 ], [ -71.884539917057509, 45.031230071265085 ] ] ] } },
{ "type": "Feature", "properties": { "hex_id": 738114, "centroid_lon": -71.877495728223209, "centroid_lat": 45.044030588494323, "occurrences_today": 6, "datetimes_today": "2026-08-21 03:31:57, 2026-08-21 03:48:01, 2026-08-21 04:16:56, 2026-08-21 04:30:50, 2026-08-21 04:46:54, 2026-08-21 05:01:44", "cumulative_total": 14.0 }, "geometry": { "type": "Polygon", "coordinates": [ [ [ -71.877778273357322, 45.038841089626295 ], [ -71.883976122456644, 45.041609143613776 ], [ -71.883694110442221, 45.046798670602676 ], [ -71.877213106437623, 45.049220081232747 ], [ -71.871014800882776, 45.046451649258508 ], [ -71.871297955762699, 45.041262184703889 ], [ -71.877778273357322, 45.038841089626295 ] ] ] } },
{ "type": "Feature", "properties": { "hex_id": 738724, "centroid_lon": -71.871581033849466, "centroid_lat": 45.036072714014317, "occurrences_today": 6, "datetimes_today": "2026-08-21 03:31:57, 2026-08-21 03:48:01, 2026-08-21 04:16:56, 2026-08-21 04:30:50, 2026-08-21 04:46:54, 2026-08-21 05:01:44", "cumulative_total": 14.0 }, "geometry": { "type": "Polygon", "coordinates": [ [ [ -71.871864035168485, 45.03088323719026 ], [ -71.878060741865326, 45.033651584629133 ], [ -71.877778273357322, 45.038841089626295 ], [ -71.871297955762699, 45.041262184703889 ], [ -71.865100793035282, 45.03849345933029 ], [ -71.865384403907669, 45.033304016876713 ], [ -71.871864035168485, 45.03088323719026 ] ] ] } },
{ "type": "Feature", "properties": { "hex_id": 739945, "centroid_lon": -71.858904240015534, "centroid_lat": 45.035724412472398, "occurrences_today": 6, "datetimes_today": "2026-08-21 03:31:57, 2026-08-21 03:48:01, 2026-08-21 04:16:56, 2026-08-21 04:30:50, 2026-08-21 04:46:54, 2026-08-21 05:01:44", "cumulative_total": 14.0 }, "geometry": { "type": "Polygon", "coordinates": [ [ [ -71.859188383506549, 45.030534998312348 ], [ -71.865384403907669, 45.033304016876713 ], [ -71.865100793035282, 45.03849345933029 ], [ -71.858620019448168, 45.040913820486786 ], [ -71.852423543517517, 45.038144423887076 ], [ -71.852708296678003, 45.032955044229091 ], [ -71.859188383506549, 45.030534998312348 ] ] ] } },
{ "type": "Feature", "properties": { "hex_id": 740555, "centroid_lon": -71.85299297262064, "centroid_lat": 45.027765658420066, "occurrences_today": 6, "datetimes_today": "2026-08-21 03:31:57, 2026-08-21 03:48:01, 2026-08-21 04:16:56, 2026-08-21 04:30:50, 2026-08-21 04:46:54, 2026-08-21 05:01:44", "cumulative_total": 14.0 }, "geometry": { "type": "Polygon", "coordinates": [ [ [ -71.853277571370953, 45.022576266460476 ], [ -71.859472449946722, 45.025345578007091 ], [ -71.859188383506549, 45.030534998312348 ], [ -71.852708296678003, 45.032955044229091 ], [ -71.846512962997153, 45.030185354699228 ], [ -71.846798171224421, 45.02499599729871 ], [ -71.853277571370953, 45.022576266460476 ] ] ] } },
{ "type": "Feature", "properties": { "hex_id": 741776, "centroid_lon": -71.840318238947447, "centroid_lat": 45.02741534398168, "occurrences_today": 6, "datetimes_today": "2026-08-21 03:31:57, 2026-08-21 03:48:01, 2026-08-21 04:16:56, 2026-08-21 04:30:50, 2026-08-21 04:46:54, 2026-08-21 05:01:44", "cumulative_total": 14.0 }, "geometry": { "type": "Polygon", "coordinates": [ [ [ -71.840603979292354, 45.022226015047174 ], [ -71.846798171224421, 45.02499599729871 ], [ -71.846512962997153, 45.030185354699228 ], [ -71.840032421101853, 45.032604666754359 ], [ -71.833837774565637, 45.02983430641914 ], [ -71.834124124503262, 45.02464501217532 ], [ -71.840603979292354, 45.022226015047174 ] ] ] } },
{ "type": "Feature", "properties": { "hex_id": 742386, "centroid_lon": -71.834410396798859, "centroid_lat": 45.019455711764259, "occurrences_today": 6, "datetimes_today": "2026-08-21 03:31:57, 2026-08-21 03:48:01, 2026-08-21 04:16:56, 2026-08-21 04:30:50, 2026-08-21 04:46:54, 2026-08-21 05:01:44", "cumulative_total": 14.0 }, "geometry": { "type": "Polygon", "coordinates": [ [ [ -71.834696591478078, 45.01426640518649 ], [ -71.840889642162196, 45.017036679951346 ], [ -71.840603979292354, 45.022226015047174 ], [ -71.834124124503262, 45.02464501217532 ], [ -71.827930619638948, 45.021874359378991 ], [ -71.828217423718272, 45.016685087548836 ], [ -71.834696591478078, 45.01426640518649 ] ] ] } },
{ "type": "Feature", "properties": { "hex_id": 937316, "centroid_lon": -69.54408727598522, "centroid_lat": 47.747094222746711, "occurrences_today": 1, "datetimes_today": "2026-08-21 07:43:49", "cumulative_total": 7.0 }, "geometry": { "type": "Polygon", "coordinates": [ [ [ -69.544629256140027, 47.741923026005921 ], [ -69.550998037152311, 47.744825017242334 ], [ -69.550456632816577, 47.749996266307583 ], [ -69.54354514400579, 47.752265410138932 ], [ -69.537175939025914, 47.749362986287196 ], [ -69.537718646770685, 47.744191851287248 ], [ -69.544629256140027, 47.741923026005921 ] ] ] } },
{ "type": "Feature", "properties": { "hex_id": 937926, "centroid_lon": -69.538261202537569, "centroid_lat": 47.739020706928379, "occurrences_today": 1, "datetimes_today": "2026-08-21 07:43:49", "cumulative_total": 7.0 }, "geometry": { "type": "Polygon", "coordinates": [ [ [ -69.538803606380341, 47.733849553212245 ], [ -69.545171084523929, 47.736751819918233 ], [ -69.544629256140027, 47.741923026005921 ], [ -69.537718646770685, 47.744191851287248 ], [ -69.531350745119198, 47.741289152039904 ], [ -69.531893876291221, 47.736118060120397 ], [ -69.538803606380341, 47.733849553212245 ] ] ] } },
{ "type": "Feature", "properties": { "hex_id": 352944, "centroid_lon": -75.897856243510418, "centroid_lat": 45.948475767240033, "occurrences_today": 18, "datetimes_today": "2026-08-21 18:46:45, 2026-08-21 19:01:42, 2026-08-21 19:13:27, 2026-08-21 19:31:56, 2026-08-21 19:57:57, 2026-08-21 20:17:05, 2026-08-21 20:32:12, 2026-08-21 20:46:51, 2026-08-21 21:01:46, 2026-08-21 21:21:27, 2026-08-21 21:31:41, 2026-08-21 21:46:38, 2026-08-21 22:01:50, 2026-08-21 22:32:24, 2026-08-21 22:46:49, 2026-08-21 23:01:48, 2026-08-21 23:32:25, 2026-08-21 23:46:58", "cumulative_total": 29.0 }, "geometry": { "type": "Polygon", "coordinates": [ [ [ -75.897772359757795, 45.94328000544035 ], [ -75.904264462552561, 45.945827027228525 ], [ -75.904348960351697, 45.951022777427958 ], [ -75.897940150300087, 45.953671524175576 ], [ -75.89144741041784, 45.95112415112645 ], [ -75.8913641176825, 45.945928382656255 ], [ -75.897772359757795, 45.94328000544035 ] ] ] } },
{ "type": "Feature", "properties": { "hex_id": 353554, "centroid_lon": -75.891280847814954, "centroid_lat": 45.940732609323632, "occurrences_today": 18, "datetimes_today": "2026-08-21 18:46:45, 2026-08-21 19:01:42, 2026-08-21 19:13:27, 2026-08-21 19:31:56, 2026-08-21 19:57:57, 2026-08-21 20:17:05, 2026-08-21 20:32:12, 2026-08-21 20:46:51, 2026-08-21 21:01:46, 2026-08-21 21:21:27, 2026-08-21 21:31:41, 2026-08-21 21:46:38, 2026-08-21 22:01:50, 2026-08-21 22:32:24, 2026-08-21 22:46:49, 2026-08-21 23:01:48, 2026-08-21 23:32:25, 2026-08-21 23:46:58", "cumulative_total": 29.0 }, "geometry": { "type": "Polygon", "coordinates": [ [ [ -75.89119760080743, 45.935536831128594 ], [ -75.89768849903443, 45.938084238776561 ], [ -75.897772359757795, 45.94328000544035 ], [ -75.8913641176825, 45.945928382656255 ], [ -75.884872582875758, 45.943380623773798 ], [ -75.884789926731813, 45.938184838975495 ], [ -75.89119760080743, 45.935536831128594 ] ] ] } },
{ "type": "Feature", "properties": { "hex_id": 481164, "centroid_lon": -74.541133908149433, "centroid_lat": 46.184914961561915, "occurrences_today": 6, "datetimes_today": "2026-08-21 10:25:23, 2026-08-21 10:46:39, 2026-08-21 11:00:53, 2026-08-21 11:17:01, 2026-08-21 11:34:22, 2026-08-21 11:47:06", "cumulative_total": 63.0 }, "geometry": { "type": "Polygon", "coordinates": [ [ [ -74.541177134715142, 46.179718943606439 ], [ -74.547633883020737, 46.182342772290987 ], [ -74.547591260844257, 46.187538792514623 ], [ -74.541090669675754, 46.190110974741835 ], [ -74.534633328890919, 46.187486777808161 ], [ -74.534677171749763, 46.182290766962616 ], [ -74.541177134715142, 46.179718943606439 ] ] ] } },
{ "type": "Feature", "properties": { "hex_id": 858535, "centroid_lon": -70.437531442032977, "centroid_lat": 47.373073415942088, "occurrences_today": 1, "datetimes_today": "2026-08-21 19:13:27", "cumulative_total": 24.0 }, "geometry": { "type": "Polygon", "coordinates": [ [ [ -70.437978979562843, 47.367894798646063 ], [ -70.444356911752536, 47.370747219908765 ], [ -70.443909954006685, 47.37592588065435 ], [ -70.4370837796301, 47.378252025313387 ], [ -70.430705392551317, 47.375399183417493 ], [ -70.431153634694383, 47.370220617563298 ], [ -70.437978979562843, 47.367894798646063 ] ] ] } },
{ "type": "Feature", "properties": { "hex_id": 860366, "centroid_lon": -70.418400133746999, "centroid_lat": 47.364514020240719, "occurrences_today": 1, "datetimes_today": "2026-08-21 19:13:27", "cumulative_total": 24.0 }, "geometry": { "type": "Polygon", "coordinates": [ [ [ -70.418849409432397, 47.35933553364675 ], [ -70.425225228446649, 47.362188955406424 ], [ -70.424776531947032, 47.36736748562663 ], [ -70.417950732722034, 47.369692498884007 ], [ -70.411574459883582, 47.366838656463713 ], [ -70.412024440050331, 47.3616602215142 ], [ -70.418849409432397, 47.35933553364675 ] ] ] } },
{ "type": "Feature", "properties": { "hex_id": 943423, "centroid_lon": -69.474398587795378, "centroid_lat": 47.774932520475929, "occurrences_today": 1, "datetimes_today": "2026-08-21 07:43:49", "cumulative_total": 4.0 }, "geometry": { "type": "Polygon", "coordinates": [ [ [ -69.474948004639771, 47.769761954207375 ], [ -69.481315833631555, 47.772667801328488 ], [ -69.480766992218619, 47.777838420610045 ], [ -69.473849016999182, 47.780103077273232 ], [ -69.467480766554999, 47.77719679663609 ], [ -69.468030912728111, 47.77202629291962 ], [ -69.474948004639771, 47.769761954207375 ] ] ] } },
{ "type": "Feature", "properties": { "hex_id": 741999, "centroid_lon": -71.630401730693663, "centroid_lat": 48.49766938853017, "occurrences_today": 2, "datetimes_today": "2026-08-21 00:02:03, 2026-08-21 00:31:50", "cumulative_total": 5.0 }, "geometry": { "type": "Polygon", "coordinates": [ [ [ -71.63074570454198, 48.492484299972602 ], [ -71.63732987469426, 48.495274638466206 ], [ -71.636986538630808, 48.500459759593753 ], [ -71.63005765913357, 48.502854470562674 ], [ -71.623472948925908, 48.500063705116794 ], [ -71.623817658235438, 48.494878655725586 ], [ -71.63074570454198, 48.492484299972602 ] ] ] } },
{ "type": "Feature", "properties": { "hex_id": 742609, "centroid_lon": -71.624162269656907, "centroid_lat": 48.489693599802337, "occurrences_today": 2, "datetimes_today": "2026-08-21 00:02:03, 2026-08-21 00:31:50", "cumulative_total": 5.0 }, "geometry": { "type": "Polygon", "coordinates": [ [ [ -71.624506783225812, 48.484508537347644 ], [ -71.63108958071399, 48.487299204890554 ], [ -71.63074570454198, 48.492484299972602 ], [ -71.623817658235438, 48.494878655725586 ], [ -71.61723432122065, 48.492087561292443 ], [ -71.617579570003556, 48.486902538067817 ], [ -71.624506783225812, 48.484508537347644 ] ] ] } },
{ "type": "Feature", "properties": { "hex_id": 743220, "centroid_lon": -71.616888974373495, "centroid_lat": 48.497272577978045, "occurrences_today": 2, "datetimes_today": "2026-08-21 00:02:03, 2026-08-21 00:31:50", "cumulative_total": 5.0 }, "geometry": { "type": "Polygon", "coordinates": [ [ [ -71.61723432122065, 48.492087561292443 ], [ -71.623817658235438, 48.494878655725586 ], [ -71.623472948925908, 48.500063705116794 ], [ -71.616543529426494, 48.502457588124038 ], [ -71.609959652991705, 48.499666066627938 ], [ -71.610305735440761, 48.494481089258855 ], [ -71.61723432122065, 48.492087561292443 ] ] ] } },
{ "type": "Feature", "properties": { "hex_id": 746095, "centroid_lon": -71.755661024413143, "centroid_lat": 45.734432781454423, "occurrences_today": 17, "datetimes_today": "2026-08-21 09:01:45, 2026-08-21 10:25:23, 2026-08-21 10:46:39, 2026-08-21 11:00:53, 2026-08-21 11:17:01, 2026-08-21 11:34:22, 2026-08-21 11:47:06, 2026-08-21 12:02:03, 2026-08-21 12:16:43, 2026-08-21 12:31:50, 2026-08-21 12:46:48, 2026-08-21 13:01:53, 2026-08-21 13:16:57, 2026-08-21 13:31:42, 2026-08-21 13:46:54, 2026-08-21 14:16:48, 2026-08-21 14:31:53", "cumulative_total": 100.0 }, "geometry": { "type": "Polygon", "coordinates": [ [ [ -71.755961731332192, 45.72924452646739 ], [ -71.762227382743262, 45.732020849366798 ], [ -71.761927226954924, 45.737209134005646 ], [ -71.755360235251715, 45.73962103016791 ], [ -71.749094114966155, 45.73684431938608 ], [ -71.749395455230584, 45.731656100388825 ], [ -71.755961731332192, 45.72924452646739 ] ] ] } },
{ "type": "Feature", "properties": { "hex_id": 747316, "centroid_lon": -71.742828628187212, "centroid_lat": 45.734067280132649, "occurrences_today": 17, "datetimes_today": "2026-08-21 09:01:45, 2026-08-21 10:25:23, 2026-08-21 10:46:39, 2026-08-21 11:00:53, 2026-08-21 11:17:01, 2026-08-21 11:34:22, 2026-08-21 11:47:06, 2026-08-21 12:02:03, 2026-08-21 12:16:43, 2026-08-21 12:31:50, 2026-08-21 12:46:48, 2026-08-21 13:01:53, 2026-08-21 13:16:57, 2026-08-21 13:31:42, 2026-08-21 13:46:54, 2026-08-21 14:16:48, 2026-08-21 14:31:53", "cumulative_total": 100.0 }, "geometry": { "type": "Polygon", "coordinates": [ [ [ -71.74313051937952, 45.728879090910212 ], [ -71.749395455230584, 45.731656100388825 ], [ -71.749094114966155, 45.73684431938608 ], [ -71.742526654430051, 45.739255463069483 ], [ -71.736261250229873, 45.736478065606619 ], [ -71.736563774887102, 45.73128991250902 ], [ -71.74313051937952, 45.728879090910212 ] ] ] } },
{ "type": "Feature", "properties": { "hex_id": 774355, "centroid_lon": -71.272986775081037, "centroid_lat": 48.478844381516296, "occurrences_today": 3, "datetimes_today": "2026-08-21 23:01:48, 2026-08-21 23:32:25, 2026-08-21 23:46:58", "cumulative_total": 28.0 }, "geometry": { "type": "Polygon", "coordinates": [ [ [ -71.273366934294074, 48.473661283636091 ], [ -71.27992790206865, 48.476471537202031 ], [ -71.279548373767014, 48.48165467122012 ], [ -71.272606507949945, 48.484027472467766 ], [ -71.266045017201591, 48.481216789183087 ], [ -71.266425915204991, 48.476033734440549 ], [ -71.273366934294074, 48.473661283636091 ] ] ] } },
{ "type": "Feature", "properties": { "hex_id": 746706, "centroid_lon": -71.748792692284241, "centroid_lat": 45.742032532103543, "occurrences_today": 17, "datetimes_today": "2026-08-21 09:01:45, 2026-08-21 10:25:23, 2026-08-21 10:46:39, 2026-08-21 11:00:53, 2026-08-21 11:17:01, 2026-08-21 11:34:22, 2026-08-21 11:47:06, 2026-08-21 12:02:03, 2026-08-21 12:16:43, 2026-08-21 12:31:50, 2026-08-21 12:46:48, 2026-08-21 13:01:53, 2026-08-21 13:16:57, 2026-08-21 13:31:42, 2026-08-21 13:46:54, 2026-08-21 14:16:48, 2026-08-21 14:31:53", "cumulative_total": 72.0 }, "geometry": { "type": "Polygon", "coordinates": [ [ [ -71.749094114966155, 45.73684431938608 ], [ -71.755360235251715, 45.73962103016791 ], [ -71.755059363820195, 45.744809272607348 ], [ -71.748491187157029, 45.747220738540612 ], [ -71.742224598080242, 45.744443639720181 ], [ -71.742526654430051, 45.739255463069483 ], [ -71.749094114966155, 45.73684431938608 ] ] ] } },
{ "type": "Feature", "properties": { "hex_id": 747317, "centroid_lon": -71.741922459109901, "centroid_lat": 45.749631810084196, "occurrences_today": 17, "datetimes_today": "2026-08-21 09:01:45, 2026-08-21 10:25:23, 2026-08-21 10:46:39, 2026-08-21 11:00:53, 2026-08-21 11:17:01, 2026-08-21 11:34:22, 2026-08-21 11:47:06, 2026-08-21 12:02:03, 2026-08-21 12:16:43, 2026-08-21 12:31:50, 2026-08-21 12:46:48, 2026-08-21 13:01:53, 2026-08-21 13:16:57, 2026-08-21 13:31:42, 2026-08-21 13:46:54, 2026-08-21 14:16:48, 2026-08-21 14:31:53", "cumulative_total": 72.0 }, "geometry": { "type": "Polygon", "coordinates": [ [ [ -71.742224598080242, 45.744443639720181 ], [ -71.748491187157029, 45.747220738540612 ], [ -71.748189599556781, 45.752408938696782 ], [ -71.741620237491219, 45.754819974160995 ], [ -71.735353179706621, 45.752042487145737 ], [ -71.735655952667528, 45.746854352925531 ], [ -71.742224598080242, 45.744443639720181 ] ] ] } },
{ "type": "Feature", "properties": { "hex_id": 747927, "centroid_lon": -71.735958642832628, "centroid_lat": 45.741666212412305, "occurrences_today": 17, "datetimes_today": "2026-08-21 09:01:45, 2026-08-21 10:25:23, 2026-08-21 10:46:39, 2026-08-21 11:00:53, 2026-08-21 11:17:01, 2026-08-21 11:34:22, 2026-08-21 11:47:06, 2026-08-21 12:02:03, 2026-08-21 12:16:43, 2026-08-21 12:31:50, 2026-08-21 12:46:48, 2026-08-21 13:01:53, 2026-08-21 13:16:57, 2026-08-21 13:31:42, 2026-08-21 13:46:54, 2026-08-21 14:16:48, 2026-08-21 14:31:53", "cumulative_total": 72.0 }, "geometry": { "type": "Polygon", "coordinates": [ [ [ -71.736261250229873, 45.736478065606619 ], [ -71.742526654430051, 45.739255463069483 ], [ -71.742224598080242, 45.744443639720181 ], [ -71.735655952667528, 45.746854352925531 ], [ -71.729390080201753, 45.744076567322239 ], [ -71.729693321386392, 45.738888456718435 ], [ -71.736261250229873, 45.736478065606619 ] ] ] } },
{ "type": "Feature", "properties": { "hex_id": 748538, "centroid_lon": -71.729086756073968, "centroid_lat": 45.749264671627259, "occurrences_today": 17, "datetimes_today": "2026-08-21 09:01:45, 2026-08-21 10:25:23, 2026-08-21 10:46:39, 2026-08-21 11:00:53, 2026-08-21 11:17:01, 2026-08-21 11:34:22, 2026-08-21 11:47:06, 2026-08-21 12:02:03, 2026-08-21 12:16:43, 2026-08-21 12:31:50, 2026-08-21 12:46:48, 2026-08-21 13:01:53, 2026-08-21 13:16:57, 2026-08-21 13:31:42, 2026-08-21 13:46:54, 2026-08-21 14:16:48, 2026-08-21 14:31:53", "cumulative_total": 72.0 }, "geometry": { "type": "Polygon", "coordinates": [ [ [ -71.729390080201753, 45.744076567322239 ], [ -71.735655952667528, 45.746854352925531 ], [ -71.735353179706621, 45.752042487145737 ], [ -71.728783348975071, 45.754452769632934 ], [ -71.7225170083275, 45.751674595733071 ], [ -71.722820966565322, 45.746486527707027 ], [ -71.729390080201753, 45.744076567322239 ] ] ] } },
{ "type": "Feature", "properties": { "hex_id": 749148, "centroid_lon": -71.723124841684694, "centroid_lat": 45.741298453375826, "occurrences_today": 17, "datetimes_today": "2026-08-21 09:01:45, 2026-08-21 10:25:23, 2026-08-21 10:46:39, 2026-08-21 11:00:53, 2026-08-21 11:17:01, 2026-08-21 11:34:22, 2026-08-21 11:47:06, 2026-08-21 12:02:03, 2026-08-21 12:16:43, 2026-08-21 12:31:50, 2026-08-21 12:46:48, 2026-08-21 13:01:53, 2026-08-21 13:16:57, 2026-08-21 13:31:42, 2026-08-21 13:46:54, 2026-08-21 14:16:48, 2026-08-21 14:31:53", "cumulative_total": 72.0 }, "geometry": { "type": "Polygon", "coordinates": [ [ [ -71.723428633713581, 45.736110372740022 ], [ -71.729693321386392, 45.738888456718435 ], [ -71.729390080201753, 45.744076567322239 ], [ -71.722820966565322, 45.746486527707027 ], [ -71.716555811152716, 45.743708055486501 ], [ -71.716860237088355, 45.738520011187696 ], [ -71.723428633713581, 45.736110372740022 ] ] ] } },
{ "type": "Feature", "properties": { "hex_id": 749759, "centroid_lon": -71.716251301951331, "centroid_lat": 45.748896093474322, "occurrences_today": 17, "datetimes_today": "2026-08-21 09:01:45, 2026-08-21 10:25:23, 2026-08-21 10:46:39, 2026-08-21 11:00:53, 2026-08-21 11:17:01, 2026-08-21 11:34:22, 2026-08-21 11:47:06, 2026-08-21 12:02:03, 2026-08-21 12:16:43, 2026-08-21 12:31:50, 2026-08-21 12:46:48, 2026-08-21 13:01:53, 2026-08-21 13:16:57, 2026-08-21 13:31:42, 2026-08-21 13:46:54, 2026-08-21 14:16:48, 2026-08-21 14:31:53", "cumulative_total": 72.0 }, "geometry": { "type": "Polygon", "coordinates": [ [ [ -71.716555811152716, 45.743708055486501 ], [ -71.722820966565322, 45.746486527707027 ], [ -71.7225170083275, 45.751674595733071 ], [ -71.715946709456119, 45.754084125150648 ], [ -71.709681086387818, 45.751305264531894 ], [ -71.709986229818512, 45.746117262958201 ], [ -71.716555811152716, 45.743708055486501 ] ] ] } },
{ "type": "Feature", "properties": { "hex_id": 750980, "centroid_lon": -71.703416097710146, "centroid_lat": 45.748526075698663, "occurrences_today": 17, "datetimes_today": "2026-08-21 09:01:45, 2026-08-21 10:25:23, 2026-08-21 10:46:39, 2026-08-21 11:00:53, 2026-08-21 11:17:01, 2026-08-21 11:34:22, 2026-08-21 11:47:06, 2026-08-21 12:02:03, 2026-08-21 12:16:43, 2026-08-21 12:31:50, 2026-08-21 12:46:48, 2026-08-21 13:01:53, 2026-08-21 13:16:57, 2026-08-21 13:31:42, 2026-08-21 13:46:54, 2026-08-21 14:16:48, 2026-08-21 14:31:53", "cumulative_total": 72.0 }, "geometry": { "type": "Polygon", "coordinates": [ [ [ -71.703721791900946, 45.743338104286153 ], [ -71.709986229818512, 45.746117262958201 ], [ -71.709681086387818, 45.751305264531894 ], [ -71.703110319902862, 45.753714040787429 ], [ -71.696845414855787, 45.750934493615617 ], [ -71.697151743394983, 45.745746558752451 ], [ -71.703721791900946, 45.743338104286153 ] ] ] } },
{ "type": "Feature", "properties": { "hex_id": 799885, "centroid_lon": -71.119499846284185, "centroid_lat": 46.743507811273744, "occurrences_today": 1, "datetimes_today": "2026-08-21 02:46:57", "cumulative_total": 9.0 }, "geometry": { "type": "Polygon", "coordinates": [ [ [ -71.11987231631349, 46.738324064540137 ], [ -71.126216268972797, 46.74113750823291 ], [ -71.125844370472024, 46.746321291368069 ], [ -71.119127273129777, 46.748691551007205 ], [ -71.112782852084877, 46.745877700773974 ], [ -71.113155996732175, 46.740693997508529 ], [ -71.11987231631349, 46.738324064540137 ] ] ] } },
{ "type": "Feature", "properties": { "hex_id": 1162142, "centroid_lon": -66.703775542772647, "centroid_lat": 50.103842852256008, "occurrences_today": 8, "datetimes_today": "2026-08-21 15:17:04, 2026-08-21 15:31:51, 2026-08-21 15:46:43, 2026-08-21 16:12:55, 2026-08-21 16:31:46, 2026-08-21 16:58:55, 2026-08-21 17:16:44, 2026-08-21 17:31:41", "cumulative_total": 47.0 }, "geometry": { "type": "Polygon", "coordinates": [ [ [ -66.704669160546288, 50.098704619096857 ], [ -66.711140644684619, 50.101771311742105 ], [ -66.710247622224713, 50.106909626876757 ], [ -66.702881666778865, 50.108981069169296 ], [ -66.696409845595227, 50.105913889889635 ], [ -66.697304316806225, 50.10077575502288 ], [ -66.704669160546288, 50.098704619096857 ] ] ] } },
{ "type": "Feature", "properties": { "hex_id": 746094, "centroid_lon": -71.756562898553923, "centroid_lat": 45.718867997674856, "occurrences_today": 17, "datetimes_today": "2026-08-21 09:01:45, 2026-08-21 10:25:23, 2026-08-21 10:46:39, 2026-08-21 11:00:53, 2026-08-21 11:17:01, 2026-08-21 11:34:22, 2026-08-21 11:47:06, 2026-08-21 12:02:03, 2026-08-21 12:16:43, 2026-08-21 12:31:50, 2026-08-21 12:46:48, 2026-08-21 13:01:53, 2026-08-21 13:16:57, 2026-08-21 13:31:42, 2026-08-21 13:46:54, 2026-08-21 14:16:48, 2026-08-21 14:31:53", "cumulative_total": 30.0 }, "geometry": { "type": "Polygon", "coordinates": [ [ [ -71.756863358912, 45.71367972387042 ], [ -71.763127357815023, 45.716455957848815 ], [ -71.762827448145671, 45.721644261287842 ], [ -71.756262356036544, 45.724056265207359 ], [ -71.749997888617969, 45.721279643556919 ], [ -71.750298981796391, 45.716091405723347 ], [ -71.756863358912, 45.71367972387042 ] ] ] } },
{ "type": "Feature", "properties": { "hex_id": 746704, "centroid_lon": -71.750599992668285, "centroid_lat": 45.710903161612109, "occurrences_today": 17, "datetimes_today": "2026-08-21 09:01:45, 2026-08-21 10:25:23, 2026-08-21 10:46:39, 2026-08-21 11:00:53, 2026-08-21 11:17:01, 2026-08-21 11:34:22, 2026-08-21 11:47:06, 2026-08-21 12:02:03, 2026-08-21 12:16:43, 2026-08-21 12:31:50, 2026-08-21 12:46:48, 2026-08-21 13:01:53, 2026-08-21 13:16:57, 2026-08-21 13:31:42, 2026-08-21 13:46:54, 2026-08-21 14:16:48, 2026-08-21 14:31:53", "cumulative_total": 30.0 }, "geometry": { "type": "Polygon", "coordinates": [ [ [ -71.750900921261348, 45.705714911223716 ], [ -71.757163737138399, 45.708491443794571 ], [ -71.756863358912, 45.71367972387042 ], [ -71.750298981796391, 45.716091405723347 ], [ -71.744035697845362, 45.713314485534703 ], [ -71.744337259056223, 45.708126271175225 ], [ -71.750900921261348, 45.705714911223716 ] ] ] } },
{ "type": "Feature", "properties": { "hex_id": 746705, "centroid_lon": -71.749696713105266, "centroid_lat": 45.726467875112256, "occurrences_today": 17, "datetimes_today": "2026-08-21 09:01:45, 2026-08-21 10:25:23, 2026-08-21 10:46:39, 2026-08-21 11:00:53, 2026-08-21 11:17:01, 2026-08-21 11:34:22, 2026-08-21 11:47:06, 2026-08-21 12:02:03, 2026-08-21 12:16:43, 2026-08-21 12:31:50, 2026-08-21 12:46:48, 2026-08-21 13:01:53, 2026-08-21 13:16:57, 2026-08-21 13:31:42, 2026-08-21 13:46:54, 2026-08-21 14:16:48, 2026-08-21 14:31:53", "cumulative_total": 30.0 }, "geometry": { "type": "Polygon", "coordinates": [ [ [ -71.749997888617969, 45.721279643556919 ], [ -71.756262356036544, 45.724056265207359 ], [ -71.755961731332192, 45.72924452646739 ], [ -71.749395455230584, 45.731656100388825 ], [ -71.74313051937952, 45.728879090910212 ], [ -71.743432328034785, 45.723690895402719 ], [ -71.749997888617969, 45.721279643556919 ] ] ] } },
{ "type": "Feature", "properties": { "hex_id": 747315, "centroid_lon": -71.743734054180806, "centroid_lat": 45.718502693610709, "occurrences_today": 17, "datetimes_today": "2026-08-21 09:01:45, 2026-08-21 10:25:23, 2026-08-21 10:46:39, 2026-08-21 11:00:53, 2026-08-21 11:17:01, 2026-08-21 11:34:22, 2026-08-21 11:47:06, 2026-08-21 12:02:03, 2026-08-21 12:16:43, 2026-08-21 12:31:50, 2026-08-21 12:46:48, 2026-08-21 13:01:53, 2026-08-21 13:16:57, 2026-08-21 13:31:42, 2026-08-21 13:46:54, 2026-08-21 14:16:48, 2026-08-21 14:31:53", "cumulative_total": 30.0 }, "geometry": { "type": "Polygon", "coordinates": [ [ [ -71.744035697845362, 45.713314485534703 ], [ -71.750298981796391, 45.716091405723347 ], [ -71.749997888617969, 45.721279643556919 ], [ -71.743432328034785, 45.723690895402719 ], [ -71.737168576092998, 45.720913587440215 ], [ -71.737470852697356, 45.715725415470082 ], [ -71.744035697845362, 45.713314485534703 ] ] ] } },
{ "type": "Feature", "properties": { "hex_id": 747925, "centroid_lon": -71.737773046673112, "centroid_lat": 45.71053723721019, "occurrences_today": 17, "datetimes_today": "2026-08-21 09:01:45, 2026-08-21 10:25:23, 2026-08-21 10:46:39, 2026-08-21 11:00:53, 2026-08-21 11:17:01, 2026-08-21 11:34:22, 2026-08-21 11:47:06, 2026-08-21 12:02:03, 2026-08-21 12:16:43, 2026-08-21 12:31:50, 2026-08-21 12:46:48, 2026-08-21 13:01:53, 2026-08-21 13:16:57, 2026-08-21 13:31:42, 2026-08-21 13:46:54, 2026-08-21 14:16:48, 2026-08-21 14:31:53", "cumulative_total": 30.0 }, "geometry": { "type": "Polygon", "coordinates": [ [ [ -71.738075158048076, 45.705349052661077 ], [ -71.744337259056223, 45.708126271175225 ], [ -71.744035697845362, 45.713314485534703 ], [ -71.737470852697356, 45.715725415470082 ], [ -71.731208284139811, 45.712947809236411 ], [ -71.731511028251859, 45.707759660851202 ], [ -71.738075158048076, 45.705349052661077 ] ] ] } },
{ "type": "Feature", "properties": { "hex_id": 747926, "centroid_lon": -71.736866216832198, "centroid_lat": 45.726101753120048, "occurrences_today": 17, "datetimes_today": "2026-08-21 09:01:45, 2026-08-21 10:25:23, 2026-08-21 10:46:39, 2026-08-21 11:00:53, 2026-08-21 11:17:01, 2026-08-21 11:34:22, 2026-08-21 11:47:06, 2026-08-21 12:02:03, 2026-08-21 12:16:43, 2026-08-21 12:31:50, 2026-08-21 12:46:48, 2026-08-21 13:01:53, 2026-08-21 13:16:57, 2026-08-21 13:31:42, 2026-08-21 13:46:54, 2026-08-21 14:16:48, 2026-08-21 14:31:53", "cumulative_total": 30.0 }, "geometry": { "type": "Polygon", "coordinates": [ [ [ -71.737168576092998, 45.720913587440215 ], [ -71.743432328034785, 45.723690895402719 ], [ -71.74313051937952, 45.728879090910212 ], [ -71.736563774887102, 45.73128991250902 ], [ -71.730299555037973, 45.728512216616586 ], [ -71.73060254756075, 45.72332408711965 ], [ -71.737168576092998, 45.720913587440215 ] ] ] } },
{ "type": "Feature", "properties": { "hex_id": 748536, "centroid_lon": -71.730905457252064, "centroid_lat": 45.718135951326069, "occurrences_today": 17, "datetimes_today": "2026-08-21 09:01:45, 2026-08-21 10:25:23, 2026-08-21 10:46:39, 2026-08-21 11:00:53, 2026-08-21 11:17:01, 2026-08-21 11:34:22, 2026-08-21 11:47:06, 2026-08-21 12:02:03, 2026-08-21 12:16:43, 2026-08-21 12:31:50, 2026-08-21 12:46:48, 2026-08-21 13:01:53, 2026-08-21 13:16:57, 2026-08-21 13:31:42, 2026-08-21 13:46:54, 2026-08-21 14:16:48, 2026-08-21 14:31:53", "cumulative_total": 30.0 }, "geometry": { "type": "Polygon", "coordinates": [ [ [ -71.731208284139811, 45.712947809236411 ], [ -71.737470852697356, 45.715725415470082 ], [ -71.737168576092998, 45.720913587440215 ], [ -71.73060254756075, 45.72332408711965 ], [ -71.724339511537352, 45.720546093010448 ], [ -71.724642971484158, 45.715357987161674 ], [ -71.731208284139811, 45.712947809236411 ] ] ] } },
{ "type": "Feature", "properties": { "hex_id": 748537, "centroid_lon": -71.729996479655824, "centroid_lat": 45.733700339816373, "occurrences_today": 17, "datetimes_today": "2026-08-21 09:01:45, 2026-08-21 10:25:23, 2026-08-21 10:46:39, 2026-08-21 11:00:53, 2026-08-21 11:17:01, 2026-08-21 11:34:22, 2026-08-21 11:47:06, 2026-08-21 12:02:03, 2026-08-21 12:16:43, 2026-08-21 12:31:50, 2026-08-21 12:46:48, 2026-08-21 13:01:53, 2026-08-21 13:16:57, 2026-08-21 13:31:42, 2026-08-21 13:46:54, 2026-08-21 14:16:48, 2026-08-21 14:31:53", "cumulative_total": 30.0 }, "geometry": { "type": "Polygon", "coordinates": [ [ [ -71.730299555037973, 45.728512216616586 ], [ -71.736563774887102, 45.73128991250902 ], [ -71.736261250229873, 45.736478065606619 ], [ -71.729693321386392, 45.738888456718435 ], [ -71.723428633713581, 45.736110372740022 ], [ -71.723732342680009, 45.730922285800162 ], [ -71.730299555037973, 45.728512216616586 ] ] ] } },
{ "type": "Feature", "properties": { "hex_id": 749146, "centroid_lon": -71.724946348480316, "centroid_lat": 45.710169875011012, "occurrences_today": 17, "datetimes_today": "2026-08-21 09:01:45, 2026-08-21 10:25:23, 2026-08-21 10:46:39, 2026-08-21 11:00:53, 2026-08-21 11:17:01, 2026-08-21 11:34:22, 2026-08-21 11:47:06, 2026-08-21 12:02:03, 2026-08-21 12:16:43, 2026-08-21 12:31:50, 2026-08-21 12:46:48, 2026-08-21 13:01:53, 2026-08-21 13:16:57, 2026-08-21 13:31:42, 2026-08-21 13:46:54, 2026-08-21 14:16:48, 2026-08-21 14:31:53", "cumulative_total": 30.0 }, "geometry": { "type": "Polygon", "coordinates": [ [ [ -71.725249642553763, 45.704981756559029 ], [ -71.731511028251859, 45.707759660851202 ], [ -71.731208284139811, 45.712947809236411 ], [ -71.724642971484158, 45.715357987161674 ], [ -71.718381118761357, 45.712579695048376 ], [ -71.718685045690989, 45.707391612895265 ], [ -71.725249642553763, 45.704981756559029 ] ] ] } },
{ "type": "Feature", "properties": { "hex_id": 749147, "centroid_lon": -71.724035968611943, "centroid_lat": 45.725734192556786, "occurrences_today": 17, "datetimes_today": "2026-08-21 09:01:45, 2026-08-21 10:25:23, 2026-08-21 10:46:39, 2026-08-21 11:00:53, 2026-08-21 11:17:01, 2026-08-21 11:34:22, 2026-08-21 11:47:06, 2026-08-21 12:02:03, 2026-08-21 12:16:43, 2026-08-21 12:31:50, 2026-08-21 12:46:48, 2026-08-21 13:01:53, 2026-08-21 13:16:57, 2026-08-21 13:31:42, 2026-08-21 13:46:54, 2026-08-21 14:16:48, 2026-08-21 14:31:53", "cumulative_total": 30.0 }, "geometry": { "type": "Polygon", "coordinates": [ [ [ -71.724339511537352, 45.720546093010448 ], [ -71.73060254756075, 45.72332408711965 ], [ -71.730299555037973, 45.728512216616586 ], [ -71.723732342680009, 45.730922285800162 ], [ -71.717468839274503, 45.728143903659394 ], [ -71.717773015581088, 45.722955840430991 ], [ -71.724339511537352, 45.720546093010448 ] ] ] } },
{ "type": "Feature", "properties": { "hex_id": 749757, "centroid_lon": -71.71807710873405, "centroid_lat": 45.717767770893801, "occurrences_today": 17, "datetimes_today": "2026-08-21 09:01:45, 2026-08-21 10:25:23, 2026-08-21 10:46:39, 2026-08-21 11:00:53, 2026-08-21 11:17:01, 2026-08-21 11:34:22, 2026-08-21 11:47:06, 2026-08-21 12:02:03, 2026-08-21 12:16:43, 2026-08-21 12:31:50, 2026-08-21 12:46:48, 2026-08-21 13:01:53, 2026-08-21 13:16:57, 2026-08-21 13:31:42, 2026-08-21 13:46:54, 2026-08-21 14:16:48, 2026-08-21 14:31:53", "cumulative_total": 30.0 }, "geometry": { "type": "Polygon", "coordinates": [ [ [ -71.718381118761357, 45.712579695048376 ], [ -71.724642971484158, 45.715357987161674 ], [ -71.724339511537352, 45.720546093010448 ], [ -71.717773015581088, 45.722955840430991 ], [ -71.71151069591744, 45.72017716034059 ], [ -71.711815339122879, 45.714989120871074 ], [ -71.718381118761357, 45.712579695048376 ] ] ] } },
{ "type": "Feature", "properties": { "hex_id": 749758, "centroid_lon": -71.717164579786257, "centroid_lat": 45.733331960578482, "occurrences_today": 17, "datetimes_today": "2026-08-21 09:01:45, 2026-08-21 10:25:23, 2026-08-21 10:46:39, 2026-08-21 11:00:53, 2026-08-21 11:17:01, 2026-08-21 11:34:22, 2026-08-21 11:47:06, 2026-08-21 12:02:03, 2026-08-21 12:16:43, 2026-08-21 12:31:50, 2026-08-21 12:46:48, 2026-08-21 13:01:53, 2026-08-21 13:16:57, 2026-08-21 13:31:42, 2026-08-21 13:46:54, 2026-08-21 14:16:48, 2026-08-21 14:31:53", "cumulative_total": 30.0 }, "geometry": { "type": "Polygon", "coordinates": [ [ [ -71.717468839274503, 45.728143903659394 ], [ -71.723732342680009, 45.730922285800162 ], [ -71.723428633713581, 45.736110372740022 ], [ -71.716860237088355, 45.738520011187696 ], [ -71.710596266384712, 45.735741240859333 ], [ -71.710901159576409, 45.730553220335267 ], [ -71.717468839274503, 45.728143903659394 ] ] ] } },
{ "type": "Feature", "properties": { "hex_id": 750368, "centroid_lon": -71.711205969411296, "centroid_lat": 45.725365193495506, "occurrences_today": 17, "datetimes_today": "2026-08-21 09:01:45, 2026-08-21 10:25:23, 2026-08-21 10:46:39, 2026-08-21 11:00:53, 2026-08-21 11:17:01, 2026-08-21 11:34:22, 2026-08-21 11:47:06, 2026-08-21 12:02:03, 2026-08-21 12:16:43, 2026-08-21 12:31:50, 2026-08-21 12:46:48, 2026-08-21 13:01:53, 2026-08-21 13:16:57, 2026-08-21 13:31:42, 2026-08-21 13:46:54, 2026-08-21 14:16:48, 2026-08-21 14:31:53", "cumulative_total": 30.0 }, "geometry": { "type": "Polygon", "coordinates": [ [ [ -71.71151069591744, 45.72017716034059 ], [ -71.717773015581088, 45.722955840430991 ], [ -71.717468839274503, 45.728143903659394 ], [ -71.710901159576409, 45.730553220335267 ], [ -71.704638373055971, 45.72777415211177 ], [ -71.704943733062336, 45.722586155409871 ], [ -71.71151069591744, 45.72017716034059 ] ] ] } },
{ "type": "Feature", "properties": { "hex_id": 750369, "centroid_lon": -71.710291289808112, "centroid_lat": 45.740929255067158, "occurrences_today": 17, "datetimes_today": "2026-08-21 09:01:45, 2026-08-21 10:25:23, 2026-08-21 10:46:39, 2026-08-21 11:00:53, 2026-08-21 11:17:01, 2026-08-21 11:34:22, 2026-08-21 11:47:06, 2026-08-21 12:02:03, 2026-08-21 12:16:43, 2026-08-21 12:31:50, 2026-08-21 12:46:48, 2026-08-21 13:01:53, 2026-08-21 13:16:57, 2026-08-21 13:31:42, 2026-08-21 13:46:54, 2026-08-21 14:16:48, 2026-08-21 14:31:53", "cumulative_total": 30.0 }, "geometry": { "type": "Polygon", "coordinates": [ [ [ -71.710596266384712, 45.735741240859333 ], [ -71.716860237088355, 45.738520011187696 ], [ -71.716555811152716, 45.743708055486501 ], [ -71.709986229818512, 45.746117262958201 ], [ -71.703721791900946, 45.743338104286153 ], [ -71.704027402503399, 45.73815012655048 ], [ -71.710596266384712, 45.735741240859333 ] ] ] } },
{ "type": "Feature", "properties": { "hex_id": 750978, "centroid_lon": -71.705249009592947, "centroid_lat": 45.717398152386984, "occurrences_today": 17, "datetimes_today": "2026-08-21 09:01:45, 2026-08-21 10:25:23, 2026-08-21 10:46:39, 2026-08-21 11:00:53, 2026-08-21 11:17:01, 2026-08-21 11:34:22, 2026-08-21 11:47:06, 2026-08-21 12:02:03, 2026-08-21 12:16:43, 2026-08-21 12:31:50, 2026-08-21 12:46:48, 2026-08-21 13:01:53, 2026-08-21 13:16:57, 2026-08-21 13:31:42, 2026-08-21 13:46:54, 2026-08-21 14:16:48, 2026-08-21 14:31:53", "cumulative_total": 30.0 }, "geometry": { "type": "Polygon", "coordinates": [ [ [ -71.70555420267587, 45.712210143043677 ], [ -71.711815339122879, 45.714989120871074 ], [ -71.71151069591744, 45.72017716034059 ], [ -71.704943733062336, 45.722586155409871 ], [ -71.698682130199572, 45.719806789503927 ], [ -71.698987956579543, 45.714618816671553 ], [ -71.70555420267587, 45.712210143043677 ] ] ] } },
{ "type": "Feature", "properties": { "hex_id": 750979, "centroid_lon": -71.7043329295457, "centroid_lat": 45.73296214249217, "occurrences_today": 17, "datetimes_today": "2026-08-21 09:01:45, 2026-08-21 10:25:23, 2026-08-21 10:46:39, 2026-08-21 11:00:53, 2026-08-21 11:17:01, 2026-08-21 11:34:22, 2026-08-21 11:47:06, 2026-08-21 12:02:03, 2026-08-21 12:16:43, 2026-08-21 12:31:50, 2026-08-21 12:46:48, 2026-08-21 13:01:53, 2026-08-21 13:16:57, 2026-08-21 13:31:42, 2026-08-21 13:46:54, 2026-08-21 14:16:48, 2026-08-21 14:31:53", "cumulative_total": 30.0 }, "geometry": { "type": "Polygon", "coordinates": [ [ [ -71.704638373055971, 45.72777415211177 ], [ -71.710901159576409, 45.730553220335267 ], [ -71.710596266384712, 45.735741240859333 ], [ -71.704027402503399, 45.73815012655048 ], [ -71.697764149210514, 45.735370670037895 ], [ -71.698070226543237, 45.730182716187656 ], [ -71.704638373055971, 45.72777415211177 ] ] ] } },
{ "type": "Feature", "properties": { "hex_id": 751589, "centroid_lon": -71.698376220196863, "centroid_lat": 45.724994756009472, "occurrences_today": 17, "datetimes_today": "2026-08-21 09:01:45, 2026-08-21 10:25:23, 2026-08-21 10:46:39, 2026-08-21 11:00:53, 2026-08-21 11:17:01, 2026-08-21 11:34:22, 2026-08-21 11:47:06, 2026-08-21 12:02:03, 2026-08-21 12:16:43, 2026-08-21 12:31:50, 2026-08-21 12:46:48, 2026-08-21 13:01:53, 2026-08-21 13:16:57, 2026-08-21 13:31:42, 2026-08-21 13:46:54, 2026-08-21 14:16:48, 2026-08-21 14:31:53", "cumulative_total": 30.0 }, "geometry": { "type": "Polygon", "coordinates": [ [ [ -71.698682130199572, 45.719806789503927 ], [ -71.704943733062336, 45.722586155409871 ], [ -71.704638373055971, 45.72777415211177 ], [ -71.698070226543237, 45.730182716187656 ], [ -71.691808157349115, 45.727402962047194 ], [ -71.692114700970919, 45.722215032129732 ], [ -71.698682130199572, 45.719806789503927 ] ] ] } },
{ "type": "Feature", "properties": { "hex_id": 751590, "centroid_lon": -71.697457988170498, "centroid_lat": 45.740558617559685, "occurrences_today": 17, "datetimes_today": "2026-08-21 09:01:45, 2026-08-21 10:25:23, 2026-08-21 10:46:39, 2026-08-21 11:00:53, 2026-08-21 11:17:01, 2026-08-21 11:34:22, 2026-08-21 11:47:06, 2026-08-21 12:02:03, 2026-08-21 12:16:43, 2026-08-21 12:31:50, 2026-08-21 12:46:48, 2026-08-21 13:01:53, 2026-08-21 13:16:57, 2026-08-21 13:31:42, 2026-08-21 13:46:54, 2026-08-21 14:16:48, 2026-08-21 14:31:53", "cumulative_total": 30.0 }, "geometry": { "type": "Polygon", "coordinates": [ [ [ -71.697764149210514, 45.735370670037895 ], [ -71.704027402503399, 45.73815012655048 ], [ -71.703721791900946, 45.743338104286153 ], [ -71.697151743394983, 45.745746558752451 ], [ -71.690888023414146, 45.742966713794743 ], [ -71.691194818598973, 45.737778802880264 ], [ -71.697764149210514, 45.735370670037895 ] ] ] } },
{ "type": "Feature", "properties": { "hex_id": 752200, "centroid_lon": -71.691501529901217, "centroid_lat": 45.732590885630891, "occurrences_today": 17, "datetimes_today": "2026-08-21 09:01:45, 2026-08-21 10:25:23, 2026-08-21 10:46:39, 2026-08-21 11:00:53, 2026-08-21 11:17:01, 2026-08-21 11:34:22, 2026-08-21 11:47:06, 2026-08-21 12:02:03, 2026-08-21 12:16:43, 2026-08-21 12:31:50, 2026-08-21 12:46:48, 2026-08-21 13:01:53, 2026-08-21 13:16:57, 2026-08-21 13:31:42, 2026-08-21 13:46:54, 2026-08-21 14:16:48, 2026-08-21 14:31:53", "cumulative_total": 30.0 }, "geometry": { "type": "Polygon", "coordinates": [ [ [ -71.691808157349115, 45.727402962047194 ], [ -71.698070226543237, 45.730182716187656 ], [ -71.697764149210514, 45.735370670037895 ], [ -71.691194818598973, 45.737778802880264 ], [ -71.684932283158147, 45.734998660349355 ], [ -71.685239544547329, 45.729810773430913 ], [ -71.691808157349115, 45.727402962047194 ] ] ] } },
{ "type": "Feature", "properties": { "hex_id": 752201, "centroid_lon": -71.690581144318443, "centroid_lat": 45.748154618373782, "occurrences_today": 17, "datetimes_today": "2026-08-21 09:01:45, 2026-08-21 10:25:23, 2026-08-21 10:46:39, 2026-08-21 11:00:53, 2026-08-21 11:17:01, 2026-08-21 11:34:22, 2026-08-21 11:47:06, 2026-08-21 12:02:03, 2026-08-21 12:16:43, 2026-08-21 12:31:50, 2026-08-21 12:46:48, 2026-08-21 13:01:53, 2026-08-21 13:16:57, 2026-08-21 13:31:42, 2026-08-21 13:46:54, 2026-08-21 14:16:48, 2026-08-21 14:31:53", "cumulative_total": 30.0 }, "geometry": { "type": "Polygon", "coordinates": [ [ [ -71.690888023414146, 45.742966713794743 ], [ -71.697151743394983, 45.745746558752451 ], [ -71.696845414855787, 45.750934493615617 ], [ -71.690274181283627, 45.753342516616833 ], [ -71.684009994699565, 45.750562283057953 ], [ -71.684317508262595, 45.745374415163447 ], [ -71.690888023414146, 45.742966713794743 ] ] ] } },
{ "type": "Feature", "properties": { "hex_id": 752810, "centroid_lon": -71.685546721935168, "centroid_lat": 45.724622880172269, "occurrences_today": 17, "datetimes_today": "2026-08-21 09:01:45, 2026-08-21 10:25:23, 2026-08-21 10:46:39, 2026-08-21 11:00:53, 2026-08-21 11:17:01, 2026-08-21 11:34:22, 2026-08-21 11:47:06, 2026-08-21 12:02:03, 2026-08-21 12:16:43, 2026-08-21 12:31:50, 2026-08-21 12:46:48, 2026-08-21 13:01:53, 2026-08-21 13:16:57, 2026-08-21 13:31:42, 2026-08-21 13:46:54, 2026-08-21 14:16:48, 2026-08-21 14:31:53", "cumulative_total": 30.0 }, "geometry": { "type": "Polygon", "coordinates": [ [ [ -71.685853815349972, 45.719434980573986 ], [ -71.692114700970919, 45.722215032129732 ], [ -71.691808157349115, 45.727402962047194 ], [ -71.685239544547329, 45.729810773430913 ], [ -71.678978193120557, 45.727030333539375 ], [ -71.679285920273117, 45.721842470664271 ], [ -71.685853815349972, 45.719434980573986 ] ] ] } },
{ "type": "Feature", "properties": { "hex_id": 752811, "centroid_lon": -71.684624937739343, "centroid_lat": 45.740186540927048, "occurrences_today": 17, "datetimes_today": "2026-08-21 09:01:45, 2026-08-21 10:25:23, 2026-08-21 10:46:39, 2026-08-21 11:00:53, 2026-08-21 11:17:01, 2026-08-21 11:34:22, 2026-08-21 11:47:06, 2026-08-21 12:02:03, 2026-08-21 12:16:43, 2026-08-21 12:31:50, 2026-08-21 12:46:48, 2026-08-21 13:01:53, 2026-08-21 13:16:57, 2026-08-21 13:31:42, 2026-08-21 13:46:54, 2026-08-21 14:16:48, 2026-08-21 14:31:53", "cumulative_total": 30.0 }, "geometry": { "type": "Polygon", "coordinates": [ [ [ -71.684932283158147, 45.734998660349355 ], [ -71.691194818598973, 45.737778802880264 ], [ -71.690888023414146, 45.742966713794743 ], [ -71.684317508262595, 45.745374415163447 ], [ -71.67805450665989, 45.74259388408607 ], [ -71.678362486342294, 45.737406040250839 ], [ -71.684932283158147, 45.734998660349355 ] ] ] } },
{ "type": "Feature", "properties": { "hex_id": 753421, "centroid_lon": -71.678670381819742, "centroid_lat": 45.732218190068409, "occurrences_today": 17, "datetimes_today": "2026-08-21 09:01:45, 2026-08-21 10:25:23, 2026-08-21 10:46:39, 2026-08-21 11:00:53, 2026-08-21 11:17:01, 2026-08-21 11:34:22, 2026-08-21 11:47:06, 2026-08-21 12:02:03, 2026-08-21 12:16:43, 2026-08-21 12:31:50, 2026-08-21 12:46:48, 2026-08-21 13:01:53, 2026-08-21 13:16:57, 2026-08-21 13:31:42, 2026-08-21 13:46:54, 2026-08-21 14:16:48, 2026-08-21 14:31:53", "cumulative_total": 30.0 }, "geometry": { "type": "Polygon", "coordinates": [ [ [ -71.678978193120557, 45.727030333539375 ], [ -71.685239544547329, 45.729810773430913 ], [ -71.684932283158147, 45.734998660349355 ], [ -71.678362486342294, 45.737406040250839 ], [ -71.672100669194677, 45.734625211867588 ], [ -71.672409114555421, 45.729437392138927 ], [ -71.678978193120557, 45.727030333539375 ] ] ] } },
{ "type": "Feature", "properties": { "hex_id": 753422, "centroid_lon": -71.677746442744137, "centroid_lat": 45.747781721573539, "occurrences_today": 17, "datetimes_today": "2026-08-21 09:01:45, 2026-08-21 10:25:23, 2026-08-21 10:46:39, 2026-08-21 11:00:53, 2026-08-21 11:17:01, 2026-08-21 11:34:22, 2026-08-21 11:47:06, 2026-08-21 12:02:03, 2026-08-21 12:16:43, 2026-08-21 12:31:50, 2026-08-21 12:46:48, 2026-08-21 13:01:53, 2026-08-21 13:16:57, 2026-08-21 13:31:42, 2026-08-21 13:46:54, 2026-08-21 14:16:48, 2026-08-21 14:31:53", "cumulative_total": 30.0 }, "geometry": { "type": "Polygon", "coordinates": [ [ [ -71.67805450665989, 45.74259388408607 ], [ -71.684317508262595, 45.745374415163447 ], [ -71.684009994699565, 45.750562283057953 ], [ -71.677438294566656, 45.752969552712706 ], [ -71.671174826887167, 45.750188632932868 ], [ -71.671483525388979, 45.745000832265127 ], [ -71.67805450665989, 45.74259388408607 ] ] ] } },
{ "type": "Feature", "properties": { "hex_id": 754032, "centroid_lon": -71.671792139482008, "centroid_lat": 45.739813025243173, "occurrences_today": 17, "datetimes_today": "2026-08-21 09:01:45, 2026-08-21 10:25:23, 2026-08-21 10:46:39, 2026-08-21 11:00:53, 2026-08-21 11:17:01, 2026-08-21 11:34:22, 2026-08-21 11:47:06, 2026-08-21 12:02:03, 2026-08-21 12:16:43, 2026-08-21 12:31:50, 2026-08-21 12:46:48, 2026-08-21 13:01:53, 2026-08-21 13:16:57, 2026-08-21 13:31:42, 2026-08-21 13:46:54, 2026-08-21 14:16:48, 2026-08-21 14:31:53", "cumulative_total": 30.0 }, "geometry": { "type": "Polygon", "coordinates": [ [ [ -71.672100669194677, 45.734625211867588 ], [ -71.678362486342294, 45.737406040250839 ], [ -71.67805450665989, 45.74259388408607 ], [ -71.671483525388979, 45.745000832265127 ], [ -71.665221242605668, 45.742219615234198 ], [ -71.66553040670054, 45.737031838736243 ], [ -71.672100669194677, 45.734625211867588 ] ] ] } },
{ "type": "Feature", "properties": { "hex_id": 754642, "centroid_lon": -71.665839486268069, "centroid_lat": 45.731844055878774, "occurrences_today": 17, "datetimes_today": "2026-08-21 09:01:45, 2026-08-21 10:25:23, 2026-08-21 10:46:39, 2026-08-21 11:00:53, 2026-08-21 11:17:01, 2026-08-21 11:34:22, 2026-08-21 11:47:06, 2026-08-21 12:02:03, 2026-08-21 12:16:43, 2026-08-21 12:31:50, 2026-08-21 12:46:48, 2026-08-21 13:01:53, 2026-08-21 13:16:57, 2026-08-21 13:31:42, 2026-08-21 13:46:54, 2026-08-21 14:16:48, 2026-08-21 14:31:53", "cumulative_total": 30.0 }, "geometry": { "type": "Polygon", "coordinates": [ [ [ -71.666148481336791, 45.726656266662317 ], [ -71.672409114555421, 45.729437392138927 ], [ -71.672100669194677, 45.734625211867588 ], [ -71.66553040670054, 45.737031838736243 ], [ -71.659269308287008, 45.734250324666796 ], [ -71.659578937534064, 45.729062572385878 ], [ -71.666148481336791, 45.726656266662317 ] ] ] } },
{ "type": "Feature", "properties": { "hex_id": 804158, "centroid_lon": -71.074353821273647, "centroid_lat": 46.734171073122106, "occurrences_today": 1, "datetimes_today": "2026-08-21 02:46:57", "cumulative_total": 21.0 }, "geometry": { "type": "Polygon", "coordinates": [ [ [ -71.074730495139548, 46.728987596959328 ], [ -71.081070867985346, 46.731803447354281 ], [ -71.080694764630437, 46.736986960347394 ], [ -71.073977043137361, 46.739354542232554 ], [ -71.06763620406899, 46.736538285060938 ], [ -71.068013552680227, 46.731354852847225 ], [ -71.074730495139548, 46.728987596959328 ] ] ] } },
{ "type": "Feature", "properties": { "hex_id": 804769, "centroid_lon": -71.067258750998107, "centroid_lat": 46.741721710214243, "occurrences_today": 1, "datetimes_today": "2026-08-21 02:46:57", "cumulative_total": 21.0 }, "geometry": { "type": "Polygon", "coordinates": [ [ [ -71.06763620406899, 46.736538285060938 ], [ -71.073977043137361, 46.739354542232554 ], [ -71.07360016069461, 46.744538004289851 ], [ -71.066881193431485, 46.746905128306331 ], [ -71.060539888248769, 46.744088464198178 ], [ -71.060918016407442, 46.738905083076503 ], [ -71.06763620406899, 46.736538285060938 ] ] ] } },
{ "type": "Feature", "properties": { "hex_id": 613592, "centroid_lon": -73.161737257130412, "centroid_lat": 45.383765134268742, "occurrences_today": 5, "datetimes_today": "2026-08-21 02:46:57, 2026-08-21 03:01:52, 2026-08-21 03:15:11, 2026-08-21 03:31:57, 2026-08-21 03:48:01", "cumulative_total": 6.0 }, "geometry": { "type": "Polygon", "coordinates": [ [ [ -73.161905630601083, 45.378570896248341 ], [ -73.168204607088541, 45.381270597239329 ], [ -73.168036794632854, 45.38646485112087 ], [ -73.161568837754942, 45.388959367055818 ], [ -73.155269346164957, 45.38625929491338 ], [ -73.155438326540065, 45.381065078051549 ], [ -73.161905630601083, 45.378570896248341 ] ] ] } },
{ "type": "Feature", "properties": { "hex_id": 614203, "centroid_lon": -73.155100319718386, "centroid_lat": 45.391453506538454, "occurrences_today": 5, "datetimes_today": "2026-08-21 02:46:57, 2026-08-21 03:01:52, 2026-08-21 03:15:11, 2026-08-21 03:31:57, 2026-08-21 03:48:01", "cumulative_total": 6.0 }, "geometry": { "type": "Polygon", "coordinates": [ [ [ -73.155269346164957, 45.38625929491338 ], [ -73.161568837754942, 45.388959367055818 ], [ -73.16140037245934, 45.394153594609421 ], [ -73.154931247184976, 45.396647712926601 ], [ -73.148631240538577, 45.393947269475042 ], [ -73.148800874207538, 45.388753079079564 ], [ -73.155269346164957, 45.38625929491338 ] ] ] } },
{ "type": "Feature", "properties": { "hex_id": 794390, "centroid_lon": -71.178827247015619, "centroid_lat": 46.737712570001534, "occurrences_today": 1, "datetimes_today": "2026-08-21 02:46:57", "cumulative_total": 1.0 }, "geometry": { "type": "Polygon", "coordinates": [ [ [ -71.179193956771968, 46.732528456189925 ], [ -71.185540544891623, 46.735338677566595 ], [ -71.185174407443, 46.740522827203158 ], [ -71.178460435729775, 46.742896676881891 ], [ -71.172113376849424, 46.740086049523043 ], [ -71.172480760407922, 46.734901978534126 ], [ -71.179193956771968, 46.732528456189925 ] ] ] } },
{ "type": "Feature", "properties": { "hex_id": 794999, "centroid_lon": -71.173949278159881, "centroid_lat": 46.714165625202362, "occurrences_today": 1, "datetimes_today": "2026-08-21 02:46:57", "cumulative_total": 1.0 }, "geometry": { "type": "Polygon", "coordinates": [ [ [ -71.174316153652924, 46.708981519529246 ], [ -71.180659781203829, 46.711791931645934 ], [ -71.180293477214789, 46.716976073175026 ], [ -71.173582301123943, 46.719349723940162 ], [ -71.167238203629452, 46.71653890612226 ], [ -71.167605752134307, 46.711354843306822 ], [ -71.174316153652924, 46.708981519529246 ] ] ] } },
{ "type": "Feature", "properties": { "hex_id": 795000, "centroid_lon": -71.172848042283078, "centroid_lat": 46.729717900606815, "occurrences_today": 1, "datetimes_today": "2026-08-21 02:46:57", "cumulative_total": 1.0 }, "geometry": { "type": "Polygon", "coordinates": [ [ [ -71.173215222510038, 46.724533815741914 ], [ -71.179560565033896, 46.727344335447782 ], [ -71.179193956771968, 46.732528456189925 ], [ -71.172480760407922, 46.734901978534126 ], [ -71.166134947584794, 46.732091052906519 ], [ -71.166502801389854, 46.726907010922865 ], [ -71.173215222510038, 46.724533815741914 ] ] ] } },
{ "type": "Feature", "properties": { "hex_id": 796221, "centroid_lon": -71.159789808511064, "centroid_lat": 46.729279793224329, "occurrences_today": 1, "datetimes_today": "2026-08-21 02:46:57", "cumulative_total": 1.0 }, "geometry": { "type": "Polygon", "coordinates": [ [ [ -71.160158234057135, 46.724095787243677 ], [ -71.166502801389854, 46.726907010922865 ], [ -71.166134947584794, 46.732091052906519 ], [ -71.1594212809742, 46.73446379225242 ], [ -71.153076243908885, 46.731652162551811 ], [ -71.153445343151503, 46.726468199593135 ], [ -71.160158234057135, 46.724095787243677 ] ] ] } },
{ "type": "Feature", "properties": { "hex_id": 797442, "centroid_lon": -71.146731880711371, "centroid_lat": 46.728840198948475, "occurrences_today": 1, "datetimes_today": "2026-08-21 02:46:57", "cumulative_total": 1.0 }, "geometry": { "type": "Polygon", "coordinates": [ [ [ -71.14710155147084, 46.723656272118511 ], [ -71.153445343151503, 46.726468199593135 ], [ -71.153076243908885, 46.731652162551811 ], [ -71.146362107618558, 46.734024118810865 ], [ -71.140017846772068, 46.73121178521528 ], [ -71.140388191346347, 46.726027901548029 ], [ -71.14710155147084, 46.723656272118511 ] ] ] } },
{ "type": "Feature", "properties": { "hex_id": 798663, "centroid_lon": -71.133674259911615, "centroid_lat": 46.728399117868918, "occurrences_today": 1, "datetimes_today": "2026-08-21 02:46:57", "cumulative_total": 1.0 }, "geometry": { "type": "Polygon", "coordinates": [ [ [ -71.134045175778439, 46.723215270456052 ], [ -71.140388191346347, 46.726027901548029 ], [ -71.140017846772068, 46.73121178521528 ], [ -71.133303241368992, 46.73358295829911 ], [ -71.126959757202115, 46.730769920986766 ], [ -71.127331347001771, 46.725586116877359 ], [ -71.134045175778439, 46.723215270456052 ] ] ] } },
{ "type": "Feature", "properties": { "hex_id": 798664, "centroid_lon": -71.132560896114356, "centroid_lat": 46.743950618208324, "occurrences_today": 1, "datetimes_today": "2026-08-21 02:46:57", "cumulative_total": 1.0 }, "geometry": { "type": "Polygon", "coordinates": [ [ [ -71.132932120115086, 46.738766791745839 ], [ -71.139276850021218, 46.741579531622449 ], [ -71.138906197773736, 46.746763394360784 ], [ -71.132189569331317, 46.749134437685804 ], [ -71.125844370472024, 46.746321291368069 ], [ -71.126216268972797, 46.74113750823291 ], [ -71.132932120115086, 46.738766791745839 ] ] ] } },
{ "type": "Feature", "properties": { "hex_id": 799274, "centroid_lon": -71.126588064537643, "centroid_lat": 46.735953718105534, "occurrences_today": 1, "datetimes_today": "2026-08-21 02:46:57", "cumulative_total": 1.0 }, "geometry": { "type": "Polygon", "coordinates": [ [ [ -71.126959757202115, 46.730769920986766 ], [ -71.133303241368992, 46.73358295829911 ], [ -71.132932120115086, 46.738766791745839 ], [ -71.126216268972797, 46.74113750823291 ], [ -71.11987231631349, 46.738324064540137 ], [ -71.120244683253304, 46.733140310807158 ], [ -71.126959757202115, 46.730769920986766 ] ] ] } },
{ "type": "Feature", "properties": { "hex_id": 799884, "centroid_lon": -71.120616947139283, "centroid_lat": 46.727956550075589, "occurrences_today": 1, "datetimes_today": "2026-08-21 02:46:57", "cumulative_total": 1.0 }, "geometry": { "type": "Polygon", "coordinates": [ [ [ -71.120989108007009, 46.722772782346212 ], [ -71.127331347001771, 46.725586116877359 ], [ -71.126959757202115, 46.730769920986766 ], [ -71.120244683253304, 46.733140310807158 ], [ -71.113901976226543, 46.730326569956347 ], [ -71.114274811144966, 46.725142845671193 ], [ -71.120989108007009, 46.722772782346212 ] ] ] } },
{ "type": "Feature", "properties": { "hex_id": 800494, "centroid_lon": -71.114647542891802, "centroid_lat": 46.719959114381055, "occurrences_today": 1, "datetimes_today": "2026-08-21 02:46:57", "cumulative_total": 1.0 }, "geometry": { "type": "Polygon", "coordinates": [ [ [ -71.115020171502621, 46.714775376086742 ], [ -71.121361165892083, 46.717589007619821 ], [ -71.120989108007009, 46.722772782346212 ], [ -71.114274811144966, 46.725142845671193 ], [ -71.107933349183554, 46.722328807879201 ], [ -71.108306651620495, 46.717145113087497 ], [ -71.115020171502621, 46.714775376086742 ] ] ] } },
{ "type": "Feature", "properties": { "hex_id": 800495, "centroid_lon": -71.113529038100836, "centroid_lat": 46.735510287235712, "occurrences_today": 1, "datetimes_today": "2026-08-21 02:46:57", "cumulative_total": 1.0 }, "geometry": { "type": "Polygon", "coordinates": [ [ [ -71.113901976226543, 46.730326569956347 ], [ -71.120244683253304, 46.733140310807158 ], [ -71.11987231631349, 46.738324064540137 ], [ -71.113155996732175, 46.740693997508529 ], [ -71.106812821780295, 46.737879850178054 ], [ -71.107186434299166, 46.732696176425272 ], [ -71.113901976226543, 46.730326569956347 ] ] ] } },
{ "type": "Feature", "properties": { "hex_id": 801105, "centroid_lon": -71.107559943421677, "centroid_lat": 46.727512495658722, "occurrences_today": 1, "datetimes_today": "2026-08-21 02:46:57", "cumulative_total": 1.0 }, "geometry": { "type": "Polygon", "coordinates": [ [ [ -71.107933349183554, 46.722328807879201 ], [ -71.114274811144966, 46.725142845671193 ], [ -71.113901976226543, 46.730326569956347 ], [ -71.107186434299166, 46.732696176425272 ], [ -71.100844504872782, 46.729881732214444 ], [ -71.101218584803021, 46.72469808801992 ], [ -71.107933349183554, 46.722328807879201 ] ] ] } },
{ "type": "Feature", "properties": { "hex_id": 801715, "centroid_lon": -71.101592561219334, "centroid_lat": 46.719514436805191, "occurrences_today": 1, "datetimes_today": "2026-08-21 02:46:57", "cumulative_total": 1.0 }, "geometry": { "type": "Polygon", "coordinates": [ [ [ -71.10196643415749, 46.714330778571103 ], [ -71.108306651620495, 46.717145113087497 ], [ -71.107933349183554, 46.722328807879201 ], [ -71.101218584803021, 46.72469808801992 ], [ -71.094877900334851, 46.721883347145528 ], [ -71.095252447216609, 46.71669973255478 ], [ -71.10196643415749, 46.714330778571103 ] ] ] } },
{ "type": "Feature", "properties": { "hex_id": 802326, "centroid_lon": -71.09450324978593, "centroid_lat": 46.727066954708867, "occurrences_today": 1, "datetimes_today": "2026-08-21 02:46:57", "cumulative_total": 1.0 }, "geometry": { "type": "Polygon", "coordinates": [ [ [ -71.094877900334851, 46.721883347145528 ], [ -71.101218584803021, 46.72469808801992 ], [ -71.100844504872782, 46.729881732214444 ], [ -71.094128495534065, 46.732250555244015 ], [ -71.087787344168078, 46.72943540785176 ], [ -71.088162669002813, 46.724251844014191 ], [ -71.094877900334851, 46.721883347145528 ] ] ] } },
{ "type": "Feature", "properties": { "hex_id": 802327, "centroid_lon": -71.093378675778041, "centroid_lat": 46.742617735226517, "occurrences_today": 1, "datetimes_today": "2026-08-21 02:46:57", "cumulative_total": 1.0 }, "geometry": { "type": "Polygon", "coordinates": [ [ [ -71.093753637543387, 46.737434148750168 ], [ -71.10009603432745, 46.740248999539794 ], [ -71.099721643640748, 46.745432622668986 ], [ -71.09300361020216, 46.747801314672287 ], [ -71.086660746167937, 46.744986057143919 ], [ -71.087036382786579, 46.739802514417441 ], [ -71.093753637543387, 46.737434148750168 ] ] ] } },
{ "type": "Feature", "properties": { "hex_id": 802936, "centroid_lon": -71.088537889981353, "centroid_lat": 46.719068273141175, "occurrences_today": 1, "datetimes_today": "2026-08-21 02:46:57", "cumulative_total": 1.0 }, "geometry": { "type": "Polygon", "coordinates": [ [ [ -71.08891300713961, 46.713884695233546 ], [ -71.095252447216609, 46.71669973255478 ], [ -71.094877900334851, 46.721883347145528 ], [ -71.088162669002813, 46.724251844014191 ], [ -71.081822762487533, 46.721436400236016 ], [ -71.082198553706718, 46.716252866112477 ], [ -71.08891300713961, 46.713884695233546 ] ] ] } },
{ "type": "Feature", "properties": { "hex_id": 802937, "centroid_lon": -71.087411915441322, "centroid_lat": 46.734618964653116, "occurrences_today": 1, "datetimes_today": "2026-08-21 02:46:57", "cumulative_total": 1.0 }, "geometry": { "type": "Polygon", "coordinates": [ [ [ -71.087787344168078, 46.72943540785176 ], [ -71.094128495534065, 46.732250555244015 ], [ -71.093753637543387, 46.737434148750168 ], [ -71.087036382786579, 46.739802514417441 ], [ -71.080694764630437, 46.736986960347394 ], [ -71.081070867985346, 46.731803447354281 ], [ -71.087787344168078, 46.72943540785176 ] ] ] } },
{ "type": "Feature", "properties": { "hex_id": 803547, "centroid_lon": -71.081446867259075, "centroid_lat": 46.726619927316875, "occurrences_today": 1, "datetimes_today": "2026-08-21 02:46:57", "cumulative_total": 1.0 }, "geometry": { "type": "Polygon", "coordinates": [ [ [ -71.081822762487533, 46.721436400236016 ], [ -71.088162669002813, 46.724251844014191 ], [ -71.087787344168078, 46.72943540785176 ], [ -71.081070867985346, 46.731803447354281 ], [ -71.074730495139548, 46.728987596959328 ], [ -71.075107064771075, 46.723804113745004 ], [ -71.081822762487533, 46.721436400236016 ] ] ] } },
{ "type": "Feature", "properties": { "hex_id": 803548, "centroid_lon": -71.080318557158336, "centroid_lat": 46.742170466295434, "occurrences_today": 1, "datetimes_today": "2026-08-21 02:46:57", "cumulative_total": 1.0 }, "geometry": { "type": "Polygon", "coordinates": [ [ [ -71.080694764630437, 46.736986960347394 ], [ -71.087036382786579, 46.739802514417441 ], [ -71.086660746167937, 46.744986057143919 ], [ -71.079942245533061, 46.747353965197583 ], [ -71.07360016069461, 46.744538004289851 ], [ -71.073977043137361, 46.739354542232554 ], [ -71.080694764630437, 46.736986960347394 ] ] ] } },
{ "type": "Feature", "properties": { "hex_id": 804157, "centroid_lon": -71.075483530204238, "centroid_lat": 46.718620623479957, "occurrences_today": 1, "datetimes_today": "2026-08-21 02:46:57", "cumulative_total": 1.0 }, "geometry": { "type": "Polygon", "coordinates": [ [ [ -71.075859891475034, 46.713437126165005 ], [ -71.082198553706718, 46.716252866112477 ], [ -71.081822762487533, 46.721436400236016 ], [ -71.075107064771075, 46.723804113745004 ], [ -71.068767936668138, 46.720987967241761 ], [ -71.069144972116945, 46.715804513851651 ], [ -71.075859891475034, 46.713437126165005 ] ] ] } },
{ "type": "Feature", "properties": { "hex_id": 804159, "centroid_lon": -71.073223173909383, "centroid_lat": 46.749721459293191, "occurrences_today": 1, "datetimes_today": "2026-08-21 02:46:57", "cumulative_total": 1.0 }, "geometry": { "type": "Polygon", "coordinates": [ [ [ -71.07360016069461, 46.744538004289851 ], [ -71.079942245533061, 46.747353965197583 ], [ -71.079565829718618, 46.752537457053066 ], [ -71.072846082745585, 46.754904907241794 ], [ -71.066503531332984, 46.752088539336391 ], [ -71.066881193431485, 46.746905128306331 ], [ -71.07360016069461, 46.744538004289851 ] ] ] } },
{ "type": "Feature", "properties": { "hex_id": 804767, "centroid_lon": -71.069521903250362, "centroid_lat": 46.710621053404374, "occurrences_today": 1, "datetimes_today": "2026-08-21 02:46:57", "cumulative_total": 1.0 }, "geometry": { "type": "Polygon", "coordinates": [ [ [ -71.069898730104427, 46.705437585900718 ], [ -71.076236148619415, 46.708253621800935 ], [ -71.075859891475034, 46.713437126165005 ], [ -71.069144972116945, 46.715804513851651 ], [ -71.062807088189643, 46.712988071456685 ], [ -71.063184588996734, 46.70780464793615 ], [ -71.069898730104427, 46.705437585900718 ] ] ] } },
{ "type": "Feature", "properties": { "hex_id": 804768, "centroid_lon": -71.068390796867931, "centroid_lat": 46.726171413573887, "occurrences_today": 1, "datetimes_today": "2026-08-21 02:46:57", "cumulative_total": 1.0 }, "geometry": { "type": "Polygon", "coordinates": [ [ [ -71.068767936668138, 46.720987967241761 ], [ -71.075107064771075, 46.723804113745004 ], [ -71.074730495139548, 46.728987596959328 ], [ -71.068013552680227, 46.731354852847225 ], [ -71.061673958814112, 46.728538299628411 ], [ -71.062051773134428, 46.723354897303629 ], [ -71.068767936668138, 46.720987967241761 ] ] ] } },
{ "type": "Feature", "properties": { "hex_id": 805378, "centroid_lon": -71.06242948291424, "centroid_lat": 46.718171487912784, "occurrences_today": 1, "datetimes_today": "2026-08-21 02:46:57", "cumulative_total": 1.0 }, "geometry": { "type": "Polygon", "coordinates": [ [ [ -71.062807088189643, 46.712988071456685 ], [ -71.069144972116945, 46.715804513851651 ], [ -71.068767936668138, 46.720987967241761 ], [ -71.062051773134428, 46.723354897303629 ], [ -71.055713423902986, 46.720538048254198 ], [ -71.056091703473285, 46.715354675863694 ], [ -71.062807088189643, 46.712988071456685 ] ] ] } },
{ "type": "Feature", "properties": { "hex_id": 805379, "centroid_lon": -71.061296039917167, "centroid_lat": 46.733721694886306, "occurrences_today": 1, "datetimes_today": "2026-08-21 02:46:57", "cumulative_total": 1.0 }, "geometry": { "type": "Polygon", "coordinates": [ [ [ -71.061673958814112, 46.728538299628411 ], [ -71.068013552680227, 46.731354852847225 ], [ -71.06763620406899, 46.736538285060938 ], [ -71.060918016407442, 46.738905083076503 ], [ -71.054577956886462, 46.736088122982302 ], [ -71.054956550645741, 46.730904771814316 ], [ -71.061673958814112, 46.728538299628411 ] ] ] } },
{ "type": "Feature", "properties": { "hex_id": 805380, "centroid_lon": -71.060161655405011, "centroid_lat": 46.74927183825055, "occurrences_today": 1, "datetimes_today": "2026-08-21 02:46:57", "cumulative_total": 1.0 }, "geometry": { "type": "Polygon", "coordinates": [ [ [ -71.060539888248769, 46.744088464198178 ], [ -71.066881193431485, 46.746905128306331 ], [ -71.066503531332984, 46.752088539336391 ], [ -71.059783317839944, 46.754455205232787 ], [ -71.053441546651371, 46.751638134028191 ], [ -71.053820454925514, 46.746454804090057 ], [ -71.060539888248769, 46.744088464198178 ] ] ] } },
{ "type": "Feature", "properties": { "hex_id": 805988, "centroid_lon": -71.056469878386281, "centroid_lat": 46.710171296400674, "occurrences_today": 1, "datetimes_today": "2026-08-21 02:46:57", "cumulative_total": 1.0 }, "geometry": { "type": "Polygon", "coordinates": [ [ [ -71.056847948678097, 46.70498790986592 ], [ -71.063184588996734, 46.70780464793615 ], [ -71.062807088189643, 46.712988071456685 ], [ -71.056091703473285, 46.715354675863694 ], [ -71.049754598309178, 46.712537531200105 ], [ -71.050133342670762, 46.707354188789182 ], [ -71.056847948678097, 46.70498790986592 ] ] ] } },
{ "type": "Feature", "properties": { "hex_id": 805989, "centroid_lon": -71.055335039639189, "centroid_lat": 46.725721413571328, "occurrences_today": 1, "datetimes_today": "2026-08-21 02:46:57", "cumulative_total": 1.0 }, "geometry": { "type": "Polygon", "coordinates": [ [ [ -71.055713423902986, 46.720538048254198 ], [ -71.062051773134428, 46.723354897303629 ], [ -71.061673958814112, 46.728538299628411 ], [ -71.054956550645741, 46.730904771814316 ], [ -71.048617736218546, 46.728087515950634 ], [ -71.048996795119294, 46.722904194781648 ], [ -71.055713423902986, 46.720538048254198 ] ] ] } },
{ "type": "Feature", "properties": { "hex_id": 805990, "centroid_lon": -71.054199258325127, "centroid_lat": 46.741271467074476, "occurrences_today": 1, "datetimes_today": "2026-08-21 02:46:57", "cumulative_total": 1.0 }, "geometry": { "type": "Polygon", "coordinates": [ [ [ -71.054577956886462, 46.736088122982302 ], [ -71.060918016407442, 46.738905083076503 ], [ -71.060539888248769, 46.744088464198178 ], [ -71.053820454925514, 46.746454804090057 ], [ -71.047479929858255, 46.743637436960604 ], [ -71.047859303624307, 46.738454137040947 ], [ -71.054577956886462, 46.736088122982302 ] ] ] } },
{ "type": "Feature", "properties": { "hex_id": 806599, "centroid_lon": -71.049375749137425, "centroid_lat": 46.717720866531202, "occurrences_today": 1, "datetimes_today": "2026-08-21 02:46:57", "cumulative_total": 1.0 }, "geometry": { "type": "Polygon", "coordinates": [ [ [ -71.049754598309178, 46.712537531200105 ], [ -71.056091703473285, 46.715354675863694 ], [ -71.055713423902986, 46.720538048254198 ], [ -71.048996795119294, 46.722904194781648 ], [ -71.042659225218216, 46.720086643365008 ], [ -71.043038748801592, 46.714903352240292 ], [ -71.049754598309178, 46.712537531200105 ] ] ] } },
{ "type": "Feature", "properties": { "hex_id": 806600, "centroid_lon": -71.048238572398986, "centroid_lat": 46.733270830037334, "occurrences_today": 1, "datetimes_today": "2026-08-21 02:46:57", "cumulative_total": 1.0 }, "geometry": { "type": "Polygon", "coordinates": [ [ [ -71.048617736218546, 46.728087515950634 ], [ -71.054956550645741, 46.730904771814316 ], [ -71.054577956886462, 46.736088122982302 ], [ -71.047859303624307, 46.738454137040947 ], [ -71.041520024110056, 46.735636474203254 ], [ -71.041899862908764, 46.730453204347327 ], [ -71.048617736218546, 46.728087515950634 ] ] ] } },
{ "type": "Feature", "properties": { "hex_id": 807209, "centroid_lon": -71.043418167385738, "centroid_lat": 46.709720054027628, "occurrences_today": 1, "datetimes_today": "2026-08-21 02:46:57", "cumulative_total": 1.0 }, "geometry": { "type": "Polygon", "coordinates": [ [ [ -71.043797481006919, 46.70453674872784 ], [ -71.050133342670762, 46.707354188789182 ], [ -71.049754598309178, 46.712537531200105 ], [ -71.043038748801592, 46.714903352240292 ], [ -71.036702422859221, 46.712085505487082 ], [ -71.037082410666713, 46.706902244451847 ], [ -71.043797481006919, 46.70453674872784 ] ] ] } },
{ "type": "Feature", "properties": { "hex_id": 807210, "centroid_lon": -71.042279596599371, "centroid_lat": 46.725269927400959, "occurrences_today": 1, "datetimes_today": "2026-08-21 02:46:57", "cumulative_total": 1.0 }, "geometry": { "type": "Polygon", "coordinates": [ [ [ -71.042659225218216, 46.720086643365008 ], [ -71.048996795119294, 46.722904194781648 ], [ -71.048617736218546, 46.728087515950634 ], [ -71.041899862908764, 46.730453204347327 ], [ -71.035561828379514, 46.727635246017918 ], [ -71.035942131751938, 46.722452006270927 ], [ -71.042659225218216, 46.720086643365008 ] ] ] } },
{ "type": "Feature", "properties": { "hex_id": 807820, "centroid_lon": -71.036322329899718, "centroid_lat": 46.717268759427043, "occurrences_today": 1, "datetimes_today": "2026-08-21 02:46:57", "cumulative_total": 1.0 }, "geometry": { "type": "Polygon", "coordinates": [ [ [ -71.036702422859221, 46.712085505487082 ], [ -71.043038748801592, 46.714903352240292 ], [ -71.042659225218216, 46.720086643365008 ], [ -71.035942131751938, 46.722452006270927 ], [ -71.029605341639908, 46.719633752666219 ], [ -71.029986109127492, 46.714450543073411 ], [ -71.036702422859221, 46.712085505487082 ] ] ] } },
{ "type": "Feature", "properties": { "hex_id": 932432, "centroid_lon": -69.59721107658784, "centroid_lat": 47.749614870289157, "occurrences_today": 1, "datetimes_today": "2026-08-21 07:43:49", "cumulative_total": 1.0 }, "geometry": { "type": "Polygon", "coordinates": [ [ [ -69.597747842541949, 47.744443219515453 ], [ -69.604120136395935, 47.747342376683847 ], [ -69.603583947302482, 47.752514079280473 ], [ -69.596674160251027, 47.754786511803268 ], [ -69.590301439945733, 47.751886922367078 ], [ -69.590838933089955, 47.74671533274374 ], [ -69.597747842541949, 47.744443219515453 ] ] ] } },
{ "type": "Feature", "properties": { "hex_id": 933043, "centroid_lon": -69.589763796211841, "centroid_lat": 47.757058502718905, "occurrences_today": 1, "datetimes_today": "2026-08-21 07:43:49", "cumulative_total": 1.0 }, "geometry": { "type": "Polygon", "coordinates": [ [ [ -69.590301439945733, 47.751886922367078 ], [ -69.596674160251027, 47.754786511803268 ], [ -69.596137093478262, 47.759958144056121 ], [ -69.589226001834973, 47.762230073797603 ], [ -69.582852855238187, 47.759330051932885 ], [ -69.583391226522863, 47.754158532823098 ], [ -69.590301439945733, 47.751886922367078 ] ] ] } },
{ "type": "Feature", "properties": { "hex_id": 933653, "centroid_lon": -69.58392944701086, "centroid_lat": 47.7489870044299, "occurrences_today": 1, "datetimes_today": "2026-08-21 07:43:49", "cumulative_total": 1.0 }, "geometry": { "type": "Polygon", "coordinates": [ [ [ -69.584467516755552, 47.743815466754945 ], [ -69.590838933089955, 47.74671533274374 ], [ -69.590301439945733, 47.751886922367078 ], [ -69.583391226522863, 47.754158532823098 ], [ -69.577019384357982, 47.751258234479437 ], [ -69.577558181393073, 47.746086758102457 ], [ -69.584467516755552, 47.743815466754945 ] ] ] } },
{ "type": "Feature", "properties": { "hex_id": 933654, "centroid_lon": -69.582314333103454, "centroid_lat": 47.764501561757605, "occurrences_today": 1, "datetimes_today": "2026-08-21 07:43:49", "cumulative_total": 1.0 }, "geometry": { "type": "Polygon", "coordinates": [ [ [ -69.582852855238187, 47.759330051932885 ], [ -69.589226001834973, 47.762230073797603 ], [ -69.58868805676174, 47.767401635601495 ], [ -69.581775660065233, 47.769673062295617 ], [ -69.575402087337139, 47.766772607841602 ], [ -69.575941337383455, 47.761601159350654 ], [ -69.582852855238187, 47.759330051932885 ] ] ] } },
{ "type": "Feature", "properties": { "hex_id": 934263, "centroid_lon": -69.578096827531311, "centroid_lat": 47.740915272433455, "occurrences_today": 1, "datetimes_today": "2026-08-21 07:43:49", "cumulative_total": 1.0 }, "geometry": { "type": "Polygon", "coordinates": [ [ [ -69.578635322826059, 47.735743777474021 ], [ -69.585005435810274, 47.73864391979987 ], [ -69.584467516755552, 47.743815466754945 ], [ -69.577558181393073, 47.746086758102457 ], [ -69.571187643039011, 47.743186183495453 ], [ -69.571726865363914, 47.738014749889913 ], [ -69.578635322826059, 47.735743777474021 ] ] ] } },
{ "type": "Feature", "properties": { "hex_id": 934264, "centroid_lon": -69.576480436372577, "centroid_lat": 47.756429701562723, "occurrences_today": 1, "datetimes_today": "2026-08-21 07:43:49", "cumulative_total": 1.0 }, "geometry": { "type": "Polygon", "coordinates": [ [ [ -69.577019384357982, 47.751258234479437 ], [ -69.583391226522863, 47.754158532823098 ], [ -69.582852855238187, 47.759330051932885 ], [ -69.575941337383455, 47.761601159350654 ], [ -69.569569069548308, 47.75870042849143 ], [ -69.570108745184697, 47.753529022797856 ], [ -69.577019384357982, 47.751258234479437 ] ] ] } },
{ "type": "Feature", "properties": { "hex_id": 934265, "centroid_lon": -69.574862686180126, "centroid_lat": 47.771944047033905, "occurrences_today": 1, "datetimes_today": "2026-08-21 07:43:49", "cumulative_total": 1.0 }, "geometry": { "type": "Polygon", "coordinates": [ [ [ -69.575402087337139, 47.766772607841602 ], [ -69.581775660065233, 47.769673062295617 ], [ -69.581236836070062, 47.774844553545279 ], [ -69.574323133858897, 47.777115476925886 ], [ -69.567949135159935, 47.774214589721772 ], [ -69.568489264589488, 47.769043211955037 ], [ -69.575402087337139, 47.766772607841602 ] ] ] } },
{ "type": "Feature", "properties": { "hex_id": 934873, "centroid_lon": -69.572265936691878, "centroid_lat": 47.732843306983717, "occurrences_today": 1, "datetimes_today": "2026-08-21 07:43:49", "cumulative_total": 1.0 }, "geometry": { "type": "Polygon", "coordinates": [ [ [ -69.572804857076335, 47.727671854778507 ], [ -69.579173667330693, 47.730572273225896 ], [ -69.578635322826059, 47.735743777474021 ], [ -69.571726865363914, 47.738014749889913 ], [ -69.565357630199927, 47.735113899235031 ], [ -69.565897277354324, 47.729942508439571 ], [ -69.572804857076335, 47.727671854778507 ] ] ] } },
{ "type": "Feature", "properties": { "hex_id": 934874, "centroid_lon": -69.570648269663764, "centroid_lat": 47.748357607798638, "occurrences_today": 1, "datetimes_today": "2026-08-21 07:43:49", "cumulative_total": 1.0 }, "geometry": { "type": "Polygon", "coordinates": [ [ [ -69.571187643039011, 47.743186183495453 ], [ -69.577558181393073, 47.746086758102457 ], [ -69.577019384357982, 47.751258234479437 ], [ -69.570108745184697, 47.753529022797856 ], [ -69.563737781621043, 47.750628015749022 ], [ -69.56427788238679, 47.745456652891427 ], [ -69.571187643039011, 47.743186183495453 ] ] ] } },
{ "type": "Feature", "properties": { "hex_id": 934875, "centroid_lon": -69.569029242701077, "centroid_lat": 47.763871824877711, "occurrences_today": 1, "datetimes_today": "2026-08-21 07:43:49", "cumulative_total": 1.0 }, "geometry": { "type": "Polygon", "coordinates": [ [ [ -69.569569069548308, 47.75870042849143 ], [ -69.575941337383455, 47.761601159350654 ], [ -69.575402087337139, 47.766772607841602 ], [ -69.568489264589488, 47.769043211955037 ], [ -69.562116571244587, 47.766142048419539 ], [ -69.562657126103531, 47.76097071351473 ], [ -69.569569069548308, 47.75870042849143 ] ] ] } },
{ "type": "Feature", "properties": { "hex_id": 934876, "centroid_lon": -69.567408854358845, "centroid_lat": 47.779385958176221, "occurrences_today": 1, "datetimes_today": "2026-08-21 07:43:49", "cumulative_total": 1.0 }, "geometry": { "type": "Polygon", "coordinates": [ [ [ -69.567949135159935, 47.774214589721772 ], [ -69.574323133858897, 47.777115476925886 ], [ -69.573783430319907, 47.78228689751591 ], [ -69.566868422132572, 47.784557317316754 ], [ -69.56049399762351, 47.781655997201746 ], [ -69.561035007058237, 47.776484690264702 ], [ -69.567949135159935, 47.774214589721772 ] ] ] } },
{ "type": "Feature", "properties": { "hex_id": 935484, "centroid_lon": -69.56481783189524, "centroid_lat": 47.74028528071954, "occurrences_today": 1, "datetimes_today": "2026-08-21 07:43:49", "cumulative_total": 1.0 }, "geometry": { "type": "Polygon", "coordinates": [ [ [ -69.565357630199927, 47.735113899235031 ], [ -69.571726865363914, 47.738014749889913 ], [ -69.571187643039011, 47.743186183495453 ], [ -69.56427788238679, 47.745456652891427 ], [ -69.557908222473529, 47.742555369868484 ], [ -69.558448747908287, 47.737384049885442 ], [ -69.565357630199927, 47.735113899235031 ] ] ] } },
{ "type": "Feature", "properties": { "hex_id": 935485, "centroid_lon": -69.563197529544482, "centroid_lat": 47.755799369290685, "occurrences_today": 1, "datetimes_today": "2026-08-21 07:43:49", "cumulative_total": 1.0 }, "geometry": { "type": "Polygon", "coordinates": [ [ [ -69.563737781621043, 47.750628015749022 ], [ -69.570108745184697, 47.753529022797856 ], [ -69.569569069548308, 47.75870042849143 ], [ -69.562657126103531, 47.76097071351473 ], [ -69.556285737490896, 47.758069273863441 ], [ -69.556826717318444, 47.752897981859157 ], [ -69.563737781621043, 47.750628015749022 ] ] ] } },
{ "type": "Feature", "properties": { "hex_id": 935486, "centroid_lon": -69.561575864914047, "centroid_lat": 47.771313374003419, "occurrences_today": 1, "datetimes_today": "2026-08-21 07:43:49", "cumulative_total": 1.0 }, "geometry": { "type": "Polygon", "coordinates": [ [ [ -69.562116571244587, 47.766142048419539 ], [ -69.568489264589488, 47.769043211955037 ], [ -69.567949135159935, 47.774214589721772 ], [ -69.561035007058237, 47.776484690264702 ], [ -69.554661888364407, 47.773583093892185 ], [ -69.555203323067559, 47.768411829881629 ], [ -69.562116571244587, 47.766142048419539 ] ] ] } },
{ "type": "Feature", "properties": { "hex_id": 936094, "centroid_lon": -69.558989121985917, "centroid_lat": 47.732212720579462, "occurrences_today": 1, "datetimes_today": "2026-08-21 07:43:49", "cumulative_total": 1.0 }, "geometry": { "type": "Polygon", "coordinates": [ [ [ -69.55952934475998, 47.727041381952219 ], [ -69.565897277354324, 47.729942508439571 ], [ -69.565357630199927, 47.735113899235031 ], [ -69.558448747908287, 47.737384049885442 ], [ -69.552080391024603, 47.734482491103783 ], [ -69.552621340668381, 47.729311214033828 ], [ -69.55952934475998, 47.727041381952219 ] ] ] } },
{ "type": "Feature", "properties": { "hex_id": 936095, "centroid_lon": -69.557367545628125, "centroid_lat": 47.747726680526938, "occurrences_today": 1, "datetimes_today": "2026-08-21 07:43:49", "cumulative_total": 1.0 }, "geometry": { "type": "Polygon", "coordinates": [ [ [ -69.557908222473529, 47.742555369868484 ], [ -69.56427788238679, 47.745456652891427 ], [ -69.563737781621043, 47.750628015749022 ], [ -69.556826717318444, 47.752897981859157 ], [ -69.550456632816577, 47.749996266307583 ], [ -69.550998037152311, 47.744825017242334 ], [ -69.557908222473529, 47.742555369868484 ] ] ] } },
{ "type": "Feature", "properties": { "hex_id": 936096, "centroid_lon": -69.555744606091821, "centroid_lat": 47.763240556538165, "occurrences_today": 1, "datetimes_today": "2026-08-21 07:43:49", "cumulative_total": 1.0 }, "geometry": { "type": "Polygon", "coordinates": [ [ [ -69.556285737490896, 47.758069273863441 ], [ -69.562657126103531, 47.76097071351473 ], [ -69.562116571244587, 47.766142048419539 ], [ -69.555203323067559, 47.768411829881629 ], [ -69.548831509566824, 47.765509957467216 ], [ -69.549373369077529, 47.760338736421694 ], [ -69.556285737490896, 47.758069273863441 ] ] ] } },
{ "type": "Feature", "properties": { "hex_id": 936097, "centroid_lon": -69.554120301928663, "centroid_lat": 47.778754348568143, "occurrences_today": 1, "datetimes_today": "2026-08-21 07:43:49", "cumulative_total": 1.0 }, "geometry": { "type": "Polygon", "coordinates": [ [ [ -69.554661888364407, 47.773583093892185 ], [ -69.561035007058237, 47.776484690264702 ], [ -69.56049399762351, 47.781655997201746 ], [ -69.553578563706552, 47.783925593907888 ], [ -69.547205019824958, 47.781023564537605 ], [ -69.547747334994327, 47.775852371526838 ], [ -69.554661888364407, 47.773583093892185 ] ] ] } },
{ "type": "Feature", "properties": { "hex_id": 936705, "centroid_lon": -69.551539289870448, "centroid_lat": 47.739653758840525, "occurrences_today": 1, "datetimes_today": "2026-08-21 07:43:49", "cumulative_total": 1.0 }, "geometry": { "type": "Polygon", "coordinates": [ [ [ -69.552080391024603, 47.734482491103783 ], [ -69.558448747908287, 47.737384049885442 ], [ -69.557908222473529, 47.742555369868484 ], [ -69.550998037152311, 47.744825017242334 ], [ -69.544629256140027, 47.741923026005921 ], [ -69.545171084523929, 47.736751819918233 ], [ -69.552080391024603, 47.734482491103783 ] ] ] } },
{ "type": "Feature", "properties": { "hex_id": 936706, "centroid_lon": -69.54991507680954, "centroid_lat": 47.755167506034589, "occurrences_today": 1, "datetimes_today": "2026-08-21 07:43:49", "cumulative_total": 1.0 }, "geometry": { "type": "Polygon", "coordinates": [ [ [ -69.550456632816577, 47.749996266307583 ], [ -69.556826717318444, 47.752897981859157 ], [ -69.556285737490896, 47.758069273863441 ], [ -69.549373369077529, 47.760338736421694 ], [ -69.543002860148007, 47.757436588180909 ], [ -69.54354514400579, 47.752265410138932 ], [ -69.550456632816577, 47.749996266307583 ] ] ] } },
{ "type": "Feature", "properties": { "hex_id": 936707, "centroid_lon": -69.548289498223681, "centroid_lat": 47.770681169169499, "occurrences_today": 1, "datetimes_today": "2026-08-21 07:43:49", "cumulative_total": 1.0 }, "geometry": { "type": "Polygon", "coordinates": [ [ [ -69.548831509566824, 47.765509957467216 ], [ -69.555203323067559, 47.768411829881629 ], [ -69.554661888364407, 47.773583093892185 ], [ -69.547747334994327, 47.775852371526838 ], [ -69.541375096766686, 47.772950066188635 ], [ -69.541917836582257, 47.767778916207433 ], [ -69.548831509566824, 47.765509957467216 ] ] ] } },
{ "type": "Feature", "properties": { "hex_id": 936708, "centroid_lon": -69.546662552661743, "centroid_lat": 47.786194748200117, "occurrences_today": 1, "datetimes_today": "2026-08-21 07:43:49", "cumulative_total": 1.0 }, "geometry": { "type": "Polygon", "coordinates": [ [ [ -69.547205019824958, 47.781023564537605 ], [ -69.553578563706552, 47.783925593907888 ], [ -69.553036673644314, 47.78909682990971 ], [ -69.546119933450868, 47.791365922512682 ], [ -69.539745964542917, 47.788463459983873 ], [ -69.54028916080091, 47.783292338078525 ], [ -69.547205019824958, 47.781023564537605 ] ] ] } },
{ "type": "Feature", "properties": { "hex_id": 937315, "centroid_lon": -69.545712761190629, "centroid_lat": 47.731580604485295, "occurrences_today": 1, "datetimes_today": "2026-08-21 07:43:49", "cumulative_total": 1.0 }, "geometry": { "type": "Polygon", "coordinates": [ [ [ -69.546254286193772, 47.726409379708812 ], [ -69.552621340668381, 47.729311214033828 ], [ -69.552080391024603, 47.734482491103783 ], [ -69.545171084523929, 47.736751819918233 ], [ -69.538803606380341, 47.733849553212245 ], [ -69.539345858352746, 47.72867839014058 ], [ -69.546254286193772, 47.726409379708812 ] ] ] } },
{ "type": "Feature", "properties": { "hex_id": 937317, "centroid_lon": -69.542460424358097, "centroid_lat": 47.762607756870963, "occurrences_today": 1, "datetimes_today": "2026-08-21 07:43:49", "cumulative_total": 1.0 }, "geometry": { "type": "Polygon", "coordinates": [ [ [ -69.543002860148007, 47.757436588180909 ], [ -69.549373369077529, 47.760338736421694 ], [ -69.548831509566824, 47.765509957467216 ], [ -69.541917836582257, 47.767778916207433 ], [ -69.535546903386361, 47.764876335116824 ], [ -69.53609006738759, 47.759705228203678 ], [ -69.543002860148007, 47.757436588180909 ] ] ] } },
{ "type": "Feature", "properties": { "hex_id": 937318, "centroid_lon": -69.540832204857537, "centroid_lat": 47.77812120681287, "occurrences_today": 1, "datetimes_today": "2026-08-21 07:43:49", "cumulative_total": 1.0 }, "geometry": { "type": "Polygon", "coordinates": [ [ [ -69.541375096766686, 47.772950066188635 ], [ -69.547747334994327, 47.775852371526838 ], [ -69.547205019824958, 47.781023564537605 ], [ -69.54028916080091, 47.783292338078525 ], [ -69.533916498007883, 47.78038959965582 ], [ -69.534460118750431, 47.775218520844589 ], [ -69.541375096766686, 47.772950066188635 ] ] ] } },
{ "type": "Feature", "properties": { "hex_id": 937319, "centroid_lon": -69.539202616029627, "centroid_lat": 47.793634572527246, "occurrences_today": 1, "datetimes_today": "2026-08-21 07:43:49", "cumulative_total": 1.0 }, "geometry": { "type": "Polygon", "coordinates": [ [ [ -69.539745964542917, 47.788463459983873 ], [ -69.546119933450868, 47.791365922512682 ], [ -69.5455771621384, 47.796537087473638 ], [ -69.538659115207111, 47.798805675706944 ], [ -69.53228472143455, 47.795902779858842 ], [ -69.532828799403944, 47.790731729164634 ], [ -69.539745964542917, 47.788463459983873 ] ] ] } },
{ "type": "Feature", "properties": { "hex_id": 937925, "centroid_lon": -69.539887958508487, "centroid_lat": 47.723507217715003, "occurrences_today": 1, "datetimes_today": "2026-08-21 07:43:49", "cumulative_total": 1.0 }, "geometry": { "type": "Polygon", "coordinates": [ [ [ -69.540429906901252, 47.718336035937227 ], [ -69.546795659587005, 47.721238145590434 ], [ -69.546254286193772, 47.726409379708812 ], [ -69.539345858352746, 47.72867839014058 ], [ -69.532979682457281, 47.725775848180298 ], [ -69.53352235755888, 47.720604728163067 ], [ -69.540429906901252, 47.718336035937227 ] ] ] } },
{ "type": "Feature", "properties": { "hex_id": 937927, "centroid_lon": -69.536633079249512, "centroid_lat": 47.754534111926581, "occurrences_today": 1, "datetimes_today": "2026-08-21 07:43:49", "cumulative_total": 1.0 }, "geometry": { "type": "Polygon", "coordinates": [ [ [ -69.537175939025914, 47.749362986287196 ], [ -69.54354514400579, 47.752265410138932 ], [ -69.543002860148007, 47.757436588180909 ], [ -69.53609006738759, 47.759705228203678 ], [ -69.529720438601487, 47.756802371576129 ], [ -69.530264026328197, 47.751631307769443 ], [ -69.537175939025914, 47.749362986287196 ] ] ] } },
{ "type": "Feature", "properties": { "hex_id": 937928, "centroid_lon": -69.535003587191937, "centroid_lat": 47.770047432664363, "occurrences_today": 1, "datetimes_today": "2026-08-21 07:43:49", "cumulative_total": 1.0 }, "geometry": { "type": "Polygon", "coordinates": [ [ [ -69.535546903386361, 47.764876335116824 ], [ -69.541917836582257, 47.767778916207433 ], [ -69.541375096766686, 47.772950066188635 ], [ -69.534460118750431, 47.775218520844589 ], [ -69.528088761449709, 47.772315506743553 ], [ -69.528632806216166, 47.767144471064853 ], [ -69.535546903386361, 47.764876335116824 ] ] ] } },
{ "type": "Feature", "properties": { "hex_id": 937929, "centroid_lon": -69.533372724910379, "centroid_lat": 47.785560669096412, "occurrences_today": 1, "datetimes_today": "2026-08-21 07:43:49", "cumulative_total": 1.0 }, "geometry": { "type": "Polygon", "coordinates": [ [ [ -69.533916498007883, 47.78038959965582 ], [ -69.54028916080091, 47.783292338078525 ], [ -69.539745964542917, 47.788463459983873 ], [ -69.532828799403944, 47.790731729164634 ], [ -69.526455712207365, 47.787828557496745 ], [ -69.52700021449931, 47.782657549961179 ], [ -69.533916498007883, 47.78038959965582 ] ] ] } },
{ "type": "Feature", "properties": { "hex_id": 937930, "centroid_lon": -69.531740490948209, "centroid_lat": 47.801073821177333, "occurrences_today": 1, "datetimes_today": "2026-08-21 07:43:49", "cumulative_total": 1.0 }, "geometry": { "type": "Polygon", "coordinates": [ [ [ -69.53228472143455, 47.795902779858842 ], [ -69.538659115207111, 47.798805675706944 ], [ -69.538115462021352, 47.803976769521348 ], [ -69.531196107890807, 47.806244853118429 ], [ -69.524821289415726, 47.803341523790209 ], [ -69.525366249719653, 47.798170544412947 ], [ -69.53228472143455, 47.795902779858842 ] ] ] } },
{ "type": "Feature", "properties": { "hex_id": 938535, "centroid_lon": -69.534064880744538, "centroid_lat": 47.715433598783278, "occurrences_today": 1, "datetimes_today": "2026-08-21 07:43:49", "cumulative_total": 1.0 }, "geometry": { "type": "Polygon", "coordinates": [ [ [ -69.534607252067929, 47.710262460042607 ], [ -69.540971703584702, 47.71316484480888 ], [ -69.540429906901252, 47.718336035937227 ], [ -69.53352235755888, 47.720604728163067 ], [ -69.527157483291276, 47.71770191116358 ], [ -69.527700581063172, 47.712530834239175 ], [ -69.534607252067929, 47.710262460042607 ] ] ] } },
{ "type": "Feature", "properties": { "hex_id": 938536, "centroid_lon": -69.532436855385967, "centroid_lat": 47.7309469588333, "occurrences_today": 1, "datetimes_today": "2026-08-21 07:43:49", "cumulative_total": 1.0 }, "geometry": { "type": "Polygon", "coordinates": [ [ [ -69.532979682457281, 47.725775848180298 ], [ -69.539345858352746, 47.72867839014058 ], [ -69.538803606380341, 47.733849553212245 ], [ -69.531893876291221, 47.736118060120397 ], [ -69.52552727734718, 47.733215085692663 ], [ -69.526070831487061, 47.728044036892022 ], [ -69.532979682457281, 47.725775848180298 ] ] ] } },
{ "type": "Feature", "properties": { "hex_id": 938537, "centroid_lon": -69.530807461816138, "centroid_lat": 47.746460234590145, "occurrences_today": 1, "datetimes_today": "2026-08-21 07:43:49", "cumulative_total": 1.0 }, "geometry": { "type": "Polygon", "coordinates": [ [ [ -69.531350745119198, 47.741289152039904 ], [ -69.537718646770685, 47.744191851287248 ], [ -69.537175939025914, 47.749362986287196 ], [ -69.530264026328197, 47.751631307769443 ], [ -69.523895701330247, 47.748728175820268 ], [ -69.524439712322646, 47.743557155158491 ], [ -69.531350745119198, 47.741289152039904 ] ] ] } },
{ "type": "Feature", "properties": { "hex_id": 938538, "centroid_lon": -69.52917669858212, "centroid_lat": 47.761973426008474, "occurrences_today": 1, "datetimes_today": "2026-08-21 07:43:49", "cumulative_total": 1.0 }, "geometry": { "type": "Polygon", "coordinates": [ [ [ -69.529720438601487, 47.756802371576129 ], [ -69.53609006738759, 47.759705228203678 ], [ -69.535546903386361, 47.764876335116824 ], [ -69.528632806216166, 47.767144471064853 ], [ -69.522262753785469, 47.764241181500914 ], [ -69.522807222115603, 47.759070188993178 ], [ -69.529720438601487, 47.756802371576129 ] ] ] } },
{ "type": "Feature", "properties": { "hex_id": 938539, "centroid_lon": -69.527544564228762, "centroid_lat": 47.777486533042875, "occurrences_today": 1, "datetimes_today": "2026-08-21 07:43:49", "cumulative_total": 1.0 }, "geometry": { "type": "Polygon", "coordinates": [ [ [ -69.528088761449709, 47.772315506743553 ], [ -69.534460118750431, 47.775218520844589 ], [ -69.533916498007883, 47.78038959965582 ], [ -69.52700021449931, 47.782657549961179 ], [ -69.520628433255695, 47.779754102689061 ], [ -69.521173359409545, 47.77458313835055 ], [ -69.528088761449709, 47.772315506743553 ] ] ] } },
{ "type": "Feature", "properties": { "hex_id": 938540, "centroid_lon": -69.525911057298828, "centroid_lat": 47.79299955564791, "occurrences_today": 1, "datetimes_today": "2026-08-21 07:43:49", "cumulative_total": 1.0 }, "geometry": { "type": "Polygon", "coordinates": [ [ [ -69.526455712207365, 47.787828557496745 ], [ -69.532828799403944, 47.790731729164634 ], [ -69.53228472143455, 47.795902779858842 ], [ -69.525366249719653, 47.798170544412947 ], [ -69.518992738281625, 47.795266939339143 ], [ -69.519538122745843, 47.790096003185056 ], [ -69.526455712207365, 47.787828557496745 ] ] ] } },
{ "type": "Feature", "properties": { "hex_id": 938541, "centroid_lon": -69.524276176332918, "centroid_lat": 47.808512493778011, "occurrences_today": 1, "datetimes_today": "2026-08-21 07:43:49", "cumulative_total": 1.0 }, "geometry": { "type": "Polygon", "coordinates": [ [ [ -69.524821289415726, 47.803341523790209 ], [ -69.531196107890807, 47.806244853118429 ], [ -69.530651572208299, 47.811415875680453 ], [ -69.523730910417058, 47.813683454374619 ], [ -69.517355667401787, 47.810779691405493 ], [ -69.517901510663791, 47.805608783451049 ], [ -69.524821289415726, 47.803341523790209 ] ] ] } },
{ "type": "Feature", "properties": { "hex_id": 939145, "centroid_lon": -69.528243526819949, "centroid_lat": 47.707359747943563, "occurrences_today": 1, "datetimes_today": "2026-08-21 07:43:49", "cumulative_total": 1.0 }, "geometry": { "type": "Polygon", "coordinates": [ [ [ -69.528786320615367, 47.702188652278409 ], [ -69.535149471582756, 47.705091311942752 ], [ -69.534607252067929, 47.710262460042607 ], [ -69.527700581063172, 47.712530834239175 ], [ -69.521337007803439, 47.709627742415542 ], [ -69.52188052778709, 47.704456708622338 ], [ -69.528786320615367, 47.702188652278409 ] ] ] } },
{ "type": "Feature", "properties": { "hex_id": 939147, "centroid_lon": -69.524983570976985, "centroid_lat": 47.73838612511539, "occurrences_today": 1, "datetimes_today": "2026-08-21 07:43:49", "cumulative_total": 1.0 }, "geometry": { "type": "Polygon", "coordinates": [ [ [ -69.52552727734718, 47.733215085692663 ], [ -69.531893876291221, 47.736118060120397 ], [ -69.531350745119198, 47.741289152039904 ], [ -69.524439712322646, 47.743557155158491 ], [ -69.518072690491522, 47.74065374810295 ], [ -69.518617124290188, 47.735482770624401 ], [ -69.52552727734718, 47.733215085692663 ] ] ] } },
{ "type": "Feature", "properties": { "hex_id": 939148, "centroid_lon": -69.523351537945885, "centroid_lat": 47.753899187099073, "occurrences_today": 1, "datetimes_today": "2026-08-21 07:43:49", "cumulative_total": 1.0 }, "geometry": { "type": "Polygon", "coordinates": [ [ [ -69.523895701330247, 47.748728175820268 ], [ -69.530264026328197, 47.751631307769443 ], [ -69.529720438601487, 47.756802371576129 ], [ -69.522807222115603, 47.759070188993178 ], [ -69.516438473932908, 47.756166624181695 ], [ -69.516983365366855, 47.750995674883278 ], [ -69.523895701330247, 47.748728175820268 ] ] ] } },
{ "type": "Feature", "properties": { "hex_id": 939149, "centroid_lon": -69.521718132901455, "centroid_lat": 47.769412164620611, "occurrences_today": 1, "datetimes_today": "2026-08-21 07:43:49", "cumulative_total": 1.0 }, "geometry": { "type": "Polygon", "coordinates": [ [ [ -69.522262753785469, 47.764241181500914 ], [ -69.528632806216166, 47.767144471064853 ], [ -69.528088761449709, 47.772315506743553 ], [ -69.521173359409545, 47.77458313835055 ], [ -69.514802883496188, 47.771679415689661 ], [ -69.515348233051611, 47.766508494586589 ], [ -69.522262753785469, 47.764241181500914 ] ] ] } },
{ "type": "Feature", "properties": { "hex_id": 939150, "centroid_lon": -69.520083354385818, "centroid_lat": 47.784925057634467, "occurrences_today": 1, "datetimes_today": "2026-08-21 07:43:49", "cumulative_total": 1.0 }, "geometry": { "type": "Polygon", "coordinates": [ [ [ -69.520628433255695, 47.779754102689061 ], [ -69.52700021449931, 47.782657549961179 ], [ -69.526455712207365, 47.787828557496745 ], [ -69.519538122745843, 47.790096003185056 ], [ -69.51316591772148, 47.78719212258121 ], [ -69.513711725885258, 47.782021229688681 ], [ -69.520628433255695, 47.779754102689061 ] ] ] } },
{ "type": "Feature", "properties": { "hex_id": 939151, "centroid_lon": -69.518447200938994, "centroid_lat": 47.800437866095038, "occurrences_today": 1, "datetimes_today": "2026-08-21 07:43:49", "cumulative_total": 1.0 }, "geometry": { "type": "Polygon", "coordinates": [ [ [ -69.518992738281625, 47.795266939339143 ], [ -69.525366249719653, 47.798170544412947 ], [ -69.524821289415726, 47.803341523790209 ], [ -69.517901510663791, 47.805608783451049 ], [ -69.511527575146729, 47.80270474481059 ], [ -69.512073842406437, 47.797533880143853 ], [ -69.518992738281625, 47.795266939339143 ] ] ] } },
{ "type": "Feature", "properties": { "hex_id": 939152, "centroid_lon": -69.51680967109877, "centroid_lat": 47.815950589956664, "occurrences_today": 1, "datetimes_today": "2026-08-21 07:43:49", "cumulative_total": 1.0 }, "geometry": { "type": "Polygon", "coordinates": [ [ [ -69.517355667401787, 47.810779691405493 ], [ -69.523730910417058, 47.813683454374619 ], [ -69.523185491613972, 47.818854405578399 ], [ -69.516263521700466, 47.821121479102878 ], [ -69.509887854307692, 47.818217282332 ], [ -69.510434581151657, 47.813046445906352 ], [ -69.517355667401787, 47.810779691405493 ] ] ] } },
{ "type": "Feature", "properties": { "hex_id": 939755, "centroid_lon": -69.522423895656615, "centroid_lat": 47.699285665449246, "occurrences_today": 1, "datetimes_today": "2026-08-21 07:43:49", "cumulative_total": 1.0 }, "geometry": { "type": "Polygon", "coordinates": [ [ [ -69.522967111465775, 47.694114612897955 ], [ -69.529328962503087, 47.697017547245402 ], [ -69.528786320615367, 47.702188652278409 ], [ -69.52188052778709, 47.704456708622338 ], [ -69.515518254915563, 47.701553342189442 ], [ -69.516062196652811, 47.696382351565731 ], [ -69.522967111465775, 47.694114612897955 ] ] ] } },
{ "type": "Feature", "properties": { "hex_id": 939756, "centroid_lon": -69.520793335651888, "centroid_lat": 47.71479876682718, "occurrences_today": 1, "datetimes_today": "2026-08-21 07:43:49", "cumulative_total": 1.0 }, "geometry": { "type": "Polygon", "coordinates": [ [ [ -69.521337007803439, 47.709627742415542 ], [ -69.527700581063172, 47.712530834239175 ], [ -69.527157483291276, 47.71770191116358 ], [ -69.520249511278621, 47.719969781855582 ], [ -69.513885515887864, 47.717066257712389 ], [ -69.514429914586941, 47.711895295264462 ], [ -69.521337007803439, 47.709627742415542 ] ] ] } },
{ "type": "Feature", "properties": { "hex_id": 939757, "centroid_lon": -69.519161405651644, "centroid_lat": 47.730311783755873, "occurrences_today": 1, "datetimes_today": "2026-08-21 07:43:49", "cumulative_total": 1.0 }, "geometry": { "type": "Polygon", "coordinates": [ [ [ -69.519705534629836, 47.725140787499036 ], [ -69.526070831487061, 47.728044036892022 ], [ -69.52552727734718, 47.733215085692663 ], [ -69.518617124290188, 47.735482770624401 ], [ -69.512251405004889, 47.73257908867761 ], [ -69.512796261150754, 47.727408154420672 ], [ -69.519705534629836, 47.725140787499036 ] ] ] } },
{ "type": "Feature", "properties": { "hex_id": 939758, "centroid_lon": -69.51752810420173, "centroid_lat": 47.745824716189787, "occurrences_today": 1, "datetimes_today": "2026-08-21 07:43:49", "cumulative_total": 1.0 }, "geometry": { "type": "Polygon", "coordinates": [ [ [ -69.518072690491522, 47.74065374810295 ], [ -69.524439712322646, 47.743557155158491 ], [ -69.523895701330247, 47.748728175820268 ], [ -69.516983365366855, 47.750995674883278 ], [ -69.510615920810437, 47.748091835039489 ], [ -69.511161234888718, 47.742920928988731 ], [ -69.518072690491522, 47.74065374810295 ] ] ] } },
{ "type": "Feature", "properties": { "hex_id": 939759, "centroid_lon": -69.515893429845832, "centroid_lat": 47.761337564083355, "occurrences_today": 1, "datetimes_today": "2026-08-21 07:43:49", "cumulative_total": 1.0 }, "geometry": { "type": "Polygon", "coordinates": [ [ [ -69.516438473932908, 47.756166624181695 ], [ -69.522807222115603, 47.759070188993178 ], [ -69.522262753785469, 47.764241181500914 ], [ -69.515348233051611, 47.766508494586589 ], [ -69.508979061846148, 47.763604496752293 ], [ -69.509524834343239, 47.758433618922972 ], [ -69.516438473932908, 47.756166624181695 ] ] ] } },
{ "type": "Feature", "properties": { "hex_id": 939760, "centroid_lon": -69.514257381125432, "centroid_lat": 47.776850327390925, "occurrences_today": 1, "datetimes_today": "2026-08-21 07:43:49", "cumulative_total": 1.0 }, "geometry": { "type": "Polygon", "coordinates": [ [ [ -69.514802883496188, 47.771679415689661 ], [ -69.521173359409545, 47.77458313835055 ], [ -69.520628433255695, 47.779754102689061 ], [ -69.513711725885258, 47.782021229688681 ], [ -69.507340826651514, 47.779117073770273 ], [ -69.50788705805445, 47.773946224177649 ], [ -69.514802883496188, 47.771679415689661 ] ] ] } },
{ "type": "Feature", "properties": { "hex_id": 939761, "centroid_lon": -69.512619956579954, "centroid_lat": 47.79236300606685, "occurrences_today": 1, "datetimes_today": "2026-08-21 07:43:49", "cumulative_total": 1.0 }, "geometry": { "type": "Polygon", "coordinates": [ [ [ -69.51316591772148, 47.78719212258121 ], [ -69.519538122745843, 47.790096003185056 ], [ -69.518992738281625, 47.795266939339143 ], [ -69.512073842406437, 47.797533880143853 ], [ -69.505701213763842, 47.794629566047639 ], [ -69.506247904560453, 47.789458744706977 ], [ -69.51316591772148, 47.78719212258121 ] ] ] } },
{ "type": "Feature", "properties": { "hex_id": 939762, "centroid_lon": -69.510981154746574, "centroid_lat": 47.807875600065323, "occurrences_today": 1, "datetimes_today": "2026-08-21 07:43:49", "cumulative_total": 1.0 }, "geometry": { "type": "Polygon", "coordinates": [ [ [ -69.511527575146729, 47.80270474481059 ], [ -69.517901510663791, 47.805608783451049 ], [ -69.517355667401787, 47.810779691405493 ], [ -69.510434581151657, 47.813046445906352 ], [ -69.504060221718305, 47.810141973538471 ], [ -69.504607372397103, 47.804971180465074 ], [ -69.511527575146729, 47.80270474481059 ] ] ] } },
{ "type": "Feature", "properties": { "hex_id": 940365, "centroid_lon": -69.516605986177055, "centroid_lat": 47.691211351553477, "occurrences_today": 1, "datetimes_today": "2026-08-21 07:43:49", "cumulative_total": 1.0 }, "geometry": { "type": "Polygon", "coordinates": [ [ [ -69.517149623542096, 47.686040342154385 ], [ -69.523510175268314, 47.688943550970158 ], [ -69.522967111465775, 47.694114612897955 ], [ -69.516062196652811, 47.696382351565731 ], [ -69.509701223550167, 47.693478710738461 ], [ -69.510245586583181, 47.688307763322541 ], [ -69.517149623542096, 47.686040342154385 ] ] ] } },
{ "type": "Feature", "properties": { "hex_id": 940366, "centroid_lon": -69.514974160911564, "centroid_lat": 47.706724323422911, "occurrences_today": 1, "datetimes_today": "2026-08-21 07:43:49", "cumulative_total": 1.0 }, "geometry": { "type": "Polygon", "coordinates": [ [ [ -69.515518254915563, 47.701553342189442 ], [ -69.52188052778709, 47.704456708622338 ], [ -69.521337007803439, 47.709627742415542 ], [ -69.514429914586941, 47.711895295264462 ], [ -69.508067220042591, 47.708991496586009 ], [ -69.508612040333745, 47.703820577371893 ], [ -69.515518254915563, 47.701553342189442 ] ] ] } },
{ "type": "Feature", "properties": { "hex_id": 940367, "centroid_lon": -69.513340964760431, "centroid_lat": 47.72223721076503, "occurrences_today": 1, "datetimes_today": "2026-08-21 07:43:49", "cumulative_total": 1.0 }, "geometry": { "type": "Polygon", "coordinates": [ [ [ -69.513885515887864, 47.717066257712389 ], [ -69.520249511278621, 47.719969781855582 ], [ -69.519705534629836, 47.725140787499036 ], [ -69.512796261150754, 47.727408154420672 ], [ -69.506431843790565, 47.7245041977977 ], [ -69.506977121824946, 47.7193333068006 ], [ -69.513885515887864, 47.717066257712389 ] ] ] } },
{ "type": "Feature", "properties": { "hex_id": 940368, "centroid_lon": -69.511706396268877, "centroid_lat": 47.73775001353421, "occurrences_today": 1, "datetimes_today": "2026-08-21 07:43:49", "cumulative_total": 1.0 }, "geometry": { "type": "Polygon", "coordinates": [ [ [ -69.512251405004889, 47.73257908867761 ], [ -69.518617124290188, 47.735482770624401 ], [ -69.518072690491522, 47.74065374810295 ], [ -69.511161234888718, 47.742920928988731 ], [ -69.504795093337194, 47.740016814327809 ], [ -69.505340829600698, 47.734845951562995 ], [ -69.512251405004889, 47.73257908867761 ] ] ] } },
{ "type": "Feature", "properties": { "hex_id": 940369, "centroid_lon": -69.510070453979964, "centroid_lat": 47.753262731684799, "occurrences_today": 1, "datetimes_today": "2026-08-21 07:43:49", "cumulative_total": 1.0 }, "geometry": { "type": "Polygon", "coordinates": [ [ [ -69.510615920810437, 47.748091835039489 ], [ -69.516983365366855, 47.750995674883278 ], [ -69.516438473932908, 47.756166624181695 ], [ -69.509524834343239, 47.758433618922972 ], [ -69.503156967223589, 47.755529346130537 ], [ -69.50370316220274, 47.750358511613271 ], [ -69.510615920810437, 47.748091835039489 ] ] ] } },
{ "type": "Feature", "properties": { "hex_id": 940370, "centroid_lon": -69.508433136434604, "centroid_lat": 47.768775365171095, "occurrences_today": 1, "datetimes_today": "2026-08-21 07:43:49", "cumulative_total": 1.0 }, "geometry": { "type": "Polygon", "coordinates": [ [ [ -69.508979061846148, 47.763604496752293 ], [ -69.515348233051611, 47.766508494586589 ], [ -69.514802883496188, 47.771679415689661 ], [ -69.50788705805445, 47.773946224177649 ], [ -69.501517463988577, 47.771041793160052 ], [ -69.502064118170679, 47.765870986905618 ], [ -69.508979061846148, 47.763604496752293 ] ] ] } },
{ "type": "Feature", "properties": { "hex_id": 940371, "centroid_lon": -69.506794442171582, "centroid_lat": 47.784287913947303, "occurrences_today": 1, "datetimes_today": "2026-08-21 07:43:49", "cumulative_total": 1.0 }, "geometry": { "type": "Polygon", "coordinates": [ [ [ -69.507340826651514, 47.779117073770273 ], [ -69.513711725885258, 47.782021229688681 ], [ -69.51316591772148, 47.78719212258121 ], [ -69.506247904560453, 47.789458744706977 ], [ -69.499876582168881, 47.78655415537046 ], [ -69.500423696041935, 47.781383377394178 ], [ -69.507340826651514, 47.779117073770273 ] ] ] } },
{ "type": "Feature", "properties": { "hex_id": 940372, "centroid_lon": -69.505154369727492, "centroid_lat": 47.799800377967564, "occurrences_today": 1, "datetimes_today": "2026-08-21 07:43:49", "cumulative_total": 1.0 }, "geometry": { "type": "Polygon", "coordinates": [ [ [ -69.505701213763842, 47.794629566047639 ], [ -69.512073842406437, 47.797533880143853 ], [ -69.511527575146729, 47.80270474481059 ], [ -69.504607372397103, 47.804971180465074 ], [ -69.498234320299076, 47.802066432715776 ], [ -69.498781894351794, 47.796895683032957 ], [ -69.505701213763842, 47.794629566047639 ] ] ] } },
{ "type": "Feature", "properties": { "hex_id": 940976, "centroid_lon": -69.509156708151636, "centroid_lat": 47.698649648755463, "occurrences_today": 1, "datetimes_today": "2026-08-21 07:43:49", "cumulative_total": 1.0 }, "geometry": { "type": "Polygon", "coordinates": [ [ [ -69.509701223550167, 47.693478710738461 ], [ -69.516062196652811, 47.696382351565731 ], [ -69.515518254915563, 47.701553342189442 ], [ -69.508612040333745, 47.703820577371893 ], [ -69.502250646016108, 47.700916504372977 ], [ -69.502795887441437, 47.69574562843092 ], [ -69.509701223550167, 47.693478710738461 ] ] ] } },
{ "type": "Feature", "properties": { "hex_id": 940977, "centroid_lon": -69.507522247224315, "centroid_lat": 47.714162406396142, "occurrences_today": 1, "datetimes_today": "2026-08-21 07:43:49", "cumulative_total": 1.0 }, "geometry": { "type": "Polygon", "coordinates": [ [ [ -69.508067220042591, 47.708991496586009 ], [ -69.514429914586941, 47.711895295264462 ], [ -69.513885515887864, 47.717066257712389 ], [ -69.506977121824946, 47.7193333068006 ], [ -69.500614005769464, 47.716429075716398 ], [ -69.501159705234087, 47.711258228017414 ], [ -69.508067220042591, 47.708991496586009 ] ] ] } },
{ "type": "Feature", "properties": { "hex_id": 940978, "centroid_lon": -69.505886413067145, "centroid_lat": 47.729675079385721, "occurrences_today": 1, "datetimes_today": "2026-08-21 07:43:49", "cumulative_total": 1.0 }, "geometry": { "type": "Polygon", "coordinates": [ [ [ -69.506431843790565, 47.7245041977977 ], [ -69.512796261150754, 47.727408154420672 ], [ -69.512251405004889, 47.73257908867761 ], [ -69.505340829600698, 47.734845951562995 ], [ -69.49897599043301, 47.731941562299966 ], [ -69.499522148422955, 47.726770742859372 ], [ -69.506431843790565, 47.7245041977977 ] ] ] } },
{ "type": "Feature", "properties": { "hex_id": 940979, "centroid_lon": -69.504249204222589, "centroid_lat": 47.745187667678465, "occurrences_today": 1, "datetimes_today": "2026-08-21 07:43:49", "cumulative_total": 1.0 }, "geometry": { "type": "Polygon", "coordinates": [ [ [ -69.504795093337194, 47.740016814327809 ], [ -69.511161234888718, 47.742920928988731 ], [ -69.510615920810437, 47.748091835039489 ], [ -69.50370316220274, 47.750358511613271 ], [ -69.497336598547164, 47.747453964077849 ], [ -69.497883215549223, 47.742283172910916 ], [ -69.504795093337194, 47.740016814327809 ] ] ] } },
{ "type": "Feature", "properties": { "hex_id": 940980, "centroid_lon": -69.50261061923095, "centroid_lat": 47.760700171228549, "occurrences_today": 1, "datetimes_today": "2026-08-21 07:43:49", "cumulative_total": 1.0 }, "geometry": { "type": "Polygon", "coordinates": [ [ [ -69.503156967223589, 47.755529346130537 ], [ -69.509524834343239, 47.758433618922972 ], [ -69.508979061846148, 47.763604496752293 ], [ -69.502064118170679, 47.765870986905618 ], [ -69.495695828650213, 47.762966281004111 ], [ -69.49624290515186, 47.757795518126159 ], [ -69.503156967223589, 47.755529346130537 ] ] ] } },
{ "type": "Feature", "properties": { "hex_id": 940982, "centroid_lon": -69.499329314956938, "centroid_lat": 47.791724923917293, "occurrences_today": 1, "datetimes_today": "2026-08-21 07:43:49", "cumulative_total": 1.0 }, "geometry": { "type": "Polygon", "coordinates": [ [ [ -69.499876582168881, 47.78655415537046 ], [ -69.506247904560453, 47.789458744706977 ], [ -69.505701213763842, 47.794629566047639 ], [ -69.498781894351794, 47.796895683032957 ], [ -69.492410148965277, 47.793990660117721 ], [ -69.492958145931425, 47.788819953863758 ], [ -69.499876582168881, 47.78655415537046 ] ] ] } },
{ "type": "Feature", "properties": { "hex_id": 940983, "centroid_lon": -69.497686592744401, "centroid_lat": 47.80723717296403, "occurrences_today": 1, "datetimes_today": "2026-08-21 07:43:49", "cumulative_total": 1.0 }, "geometry": { "type": "Polygon", "coordinates": [ [ [ -69.498234320299076, 47.802066432715776 ], [ -69.504607372397103, 47.804971180465074 ], [ -69.504060221718305, 47.810141973538471 ], [ -69.497138711633383, 47.812407903775991 ], [ -69.490765236243035, 47.809502722212926 ], [ -69.491313694175545, 47.804332044294007 ], [ -69.498234320299076, 47.802066432715776 ] ] ] } },
{ "type": "Feature", "properties": { "hex_id": 941587, "centroid_lon": -69.501705251964964, "centroid_lat": 47.706087370902374, "occurrences_today": 1, "datetimes_today": "2026-08-21 07:43:49", "cumulative_total": 1.0 }, "geometry": { "type": "Polygon", "coordinates": [ [ [ -69.502250646016108, 47.700916504372977 ], [ -69.508612040333745, 47.703820577371893 ], [ -69.508067220042591, 47.708991496586009 ], [ -69.501159705234087, 47.711258228017414 ], [ -69.494797889863179, 47.708353722686816 ], [ -69.495344010300101, 47.703182918324188 ], [ -69.502250646016108, 47.700916504372977 ] ] ] } },
{ "type": "Feature", "properties": { "hex_id": 941588, "centroid_lon": -69.500068153517091, "centroid_lat": 47.721599913997608, "occurrences_today": 1, "datetimes_today": "2026-08-21 07:43:49", "cumulative_total": 1.0 }, "geometry": { "type": "Polygon", "coordinates": [ [ [ -69.500614005769464, 47.716429075716398 ], [ -69.506977121824946, 47.7193333068006 ], [ -69.506431843790565, 47.7245041977977 ], [ -69.499522148422955, 47.726770742859372 ], [ -69.493158611018288, 47.723866079209238 ], [ -69.493705190276344, 47.718695303131042 ], [ -69.500614005769464, 47.716429075716398 ] ] ] } },
{ "type": "Feature", "properties": { "hex_id": 941589, "centroid_lon": -69.498429679493114, "centroid_lat": 47.737112372317732, "occurrences_today": 1, "datetimes_today": "2026-08-21 07:43:49", "cumulative_total": 1.0 }, "geometry": { "type": "Polygon", "coordinates": [ [ [ -69.49897599043301, 47.731941562299966 ], [ -69.505340829600698, 47.734845951562995 ], [ -69.504795093337194, 47.740016814327809 ], [ -69.497883215549223, 47.742283172910916 ], [ -69.491517954736224, 47.739378350847595 ], [ -69.492064993302378, 47.734207603069201 ], [ -69.49897599043301, 47.731941562299966 ] ] ] } },
{ "type": "Feature", "properties": { "hex_id": 941590, "centroid_lon": -69.496789828432767, "centroid_lat": 47.752624745816838, "occurrences_today": 1, "datetimes_today": "2026-08-21 07:43:49", "cumulative_total": 1.0 }, "geometry": { "type": "Polygon", "coordinates": [ [ [ -69.497336598547164, 47.747453964077849 ], [ -69.50370316220274, 47.750358511613271 ], [ -69.503156967223589, 47.755529346130537 ], [ -69.49624290515186, 47.757795518126159 ], [ -69.489875919554663, 47.754890537555895 ], [ -69.490423417916602, 47.749719818092643 ], [ -69.497336598547164, 47.747453964077849 ] ] ] } },
{ "type": "Feature", "properties": { "hex_id": 941591, "centroid_lon": -69.495148598873584, "centroid_lat": 47.768137034449005, "occurrences_today": 1, "datetimes_today": "2026-08-21 07:43:49", "cumulative_total": 1.0 }, "geometry": { "type": "Polygon", "coordinates": [ [ [ -69.495695828650213, 47.762966281004111 ], [ -69.502064118170679, 47.765870986905618 ], [ -69.501517463988577, 47.771041793160052 ], [ -69.494601215767702, 47.773307778459106 ], [ -69.488232504009105, 47.770402639288058 ], [ -69.488780462655214, 47.765231948155311 ], [ -69.495695828650213, 47.762966281004111 ] ] ] } },
{ "type": "Feature", "properties": { "hex_id": 941592, "centroid_lon": -69.49350598935095, "centroid_lat": 47.783649238168209, "occurrences_today": 1, "datetimes_today": "2026-08-21 07:43:49", "cumulative_total": 1.0 }, "geometry": { "type": "Polygon", "coordinates": [ [ [ -69.494053679278267, 47.778478513032745 ], [ -69.500423696041935, 47.781383377394178 ], [ -69.499876582168881, 47.78655415537046 ], [ -69.492958145931425, 47.788819953863758 ], [ -69.486587706632918, 47.785914655997971 ], [ -69.487136126052334, 47.780743993211104 ], [ -69.494053679278267, 47.778478513032745 ] ] ] } },
{ "type": "Feature", "properties": { "hex_id": 941593, "centroid_lon": -69.491861998398136, "centroid_lat": 47.799161356928373, "occurrences_today": 1, "datetimes_today": "2026-08-21 07:43:49", "cumulative_total": 1.0 }, "geometry": { "type": "Polygon", "coordinates": [ [ [ -69.492410148965277, 47.793990660117721 ], [ -69.498781894351794, 47.796895683032957 ], [ -69.498234320299076, 47.802066432715776 ], [ -69.491313694175545, 47.804332044294007 ], [ -69.484941525957254, 47.801426587639412 ], [ -69.48549040663984, 47.796255953213844 ], [ -69.492410148965277, 47.793990660117721 ] ] ] } },
{ "type": "Feature", "properties": { "hex_id": 942197, "centroid_lon": -69.495889977904739, "centroid_lat": 47.698012104536794, "occurrences_today": 1, "datetimes_today": "2026-08-21 07:43:49", "cumulative_total": 1.0 }, "geometry": { "type": "Polygon", "coordinates": [ [ [ -69.496435792731077, 47.692841281326345 ], [ -69.502795887441437, 47.69574562843092 ], [ -69.502250646016108, 47.700916504372977 ], [ -69.495344010300101, 47.703182918324188 ], [ -69.488983494994017, 47.700278138961949 ], [ -69.489530035945677, 47.695107377973819 ], [ -69.496435792731077, 47.692841281326345 ] ] ] } },
{ "type": "Feature", "properties": { "hex_id": 942198, "centroid_lon": -69.494251616539955, "centroid_lat": 47.713524517623021, "occurrences_today": 1, "datetimes_today": "2026-08-21 07:43:49", "cumulative_total": 1.0 }, "geometry": { "type": "Polygon", "coordinates": [ [ [ -69.494797889863179, 47.708353722686816 ], [ -69.501159705234087, 47.711258228017414 ], [ -69.500614005769464, 47.716429075716398 ], [ -69.493705190276344, 47.718695303131042 ], [ -69.487342954014252, 47.715790365308635 ], [ -69.487889954082405, 47.710619632631065 ], [ -69.494797889863179, 47.708353722686816 ] ] ] } },
{ "type": "Feature", "properties": { "hex_id": 942199, "centroid_lon": -69.492611878711685, "centroid_lat": 47.729036845855838, "occurrences_today": 1, "datetimes_today": "2026-08-21 07:43:49", "cumulative_total": 1.0 }, "geometry": { "type": "Polygon", "coordinates": [ [ [ -69.493158611018288, 47.723866079209238 ], [ -69.499522148422955, 47.726770742859372 ], [ -69.49897599043301, 47.731941562299966 ], [ -69.492064993302378, 47.734207603069201 ], [ -69.485701034710829, 47.73130250669292 ], [ -69.486248494382636, 47.726131802341278 ], [ -69.493158611018288, 47.723866079209238 ] ] ] } },
{ "type": "Feature", "properties": { "hex_id": 942200, "centroid_lon": -69.490970762959037, "centroid_lat": 47.744549089189306, "occurrences_today": 1, "datetimes_today": "2026-08-21 07:43:49", "cumulative_total": 1.0 }, "geometry": { "type": "Polygon", "coordinates": [ [ [ -69.491517954736224, 47.739378350847595 ], [ -69.497883215549223, 47.742283172910916 ], [ -69.497336598547164, 47.747453964077849 ], [ -69.490423417916602, 47.749719818092643 ], [ -69.484057735620837, 47.746814563068696 ], [ -69.484605655384172, 47.741643887058338 ], [ -69.491517954736224, 47.739378350847595 ] ] ] } },
{ "type": "Feature", "properties": { "hex_id": 942201, "centroid_lon": -69.489328267818962, "centroid_lat": 47.760061247577362, "occurrences_today": 1, "datetimes_today": "2026-08-21 07:43:49", "cumulative_total": 1.0 }, "geometry": { "type": "Polygon", "coordinates": [ [ [ -69.489875919554663, 47.754890537555895 ], [ -69.49624290515186, 47.757795518126159 ], [ -69.495695828650213, 47.762966281004111 ], [ -69.488780462655214, 47.765231948155311 ], [ -69.482413055279181, 47.762326534389821 ], [ -69.48296143562267, 47.757155886736157 ], [ -69.489875919554663, 47.754890537555895 ] ] ] } },
{ "type": "Feature", "properties": { "hex_id": 942202, "centroid_lon": -69.487684391826264, "centroid_lat": 47.775573320973884, "occurrences_today": 1, "datetimes_today": "2026-08-21 07:43:49", "cumulative_total": 1.0 }, "geometry": { "type": "Polygon", "coordinates": [ [ [ -69.488232504009105, 47.770402639288058 ], [ -69.494601215767702, 47.773307778459106 ], [ -69.494053679278267, 47.778478513032745 ], [ -69.487136126052334, 47.780743993211104 ], [ -69.480766992218619, 47.777838420610045 ], [ -69.481315833631555, 47.772667801328488 ], [ -69.488232504009105, 47.770402639288058 ] ] ] } },
{ "type": "Feature", "properties": { "hex_id": 942203, "centroid_lon": -69.486039133513557, "centroid_lat": 47.7910853093328, "occurrences_today": 1, "datetimes_today": "2026-08-21 07:43:49", "cumulative_total": 1.0 }, "geometry": { "type": "Polygon", "coordinates": [ [ [ -69.486587706632918, 47.785914655997971 ], [ -69.492958145931425, 47.788819953863758 ], [ -69.492410148965277, 47.793990660117721 ], [ -69.48549040663984, 47.796255953213844 ], [ -69.47911954496972, 47.793350221683127 ], [ -69.479668847942179, 47.788179630789095 ], [ -69.486587706632918, 47.785914655997971 ] ] ] } },
{ "type": "Feature", "properties": { "hex_id": 942808, "centroid_lon": -69.488436801057617, "centroid_lat": 47.705448890514937, "occurrences_today": 1, "datetimes_today": "2026-08-21 07:43:49", "cumulative_total": 1.0 }, "geometry": { "type": "Polygon", "coordinates": [ [ [ -69.488983494994017, 47.700278138961949 ], [ -69.495344010300101, 47.703182918324188 ], [ -69.494797889863179, 47.708353722686816 ], [ -69.487889954082405, 47.710619632631065 ], [ -69.481529018342698, 47.707714420851161 ], [ -69.482076438763315, 47.702543731612344 ], [ -69.488983494994017, 47.700278138961949 ] ] ] } },
{ "type": "Feature", "properties": { "hex_id": 942809, "centroid_lon": -69.486795800799044, "centroid_lat": 47.720961088545941, "occurrences_today": 1, "datetimes_today": "2026-08-21 07:43:49", "cumulative_total": 1.0 }, "geometry": { "type": "Polygon", "coordinates": [ [ [ -69.487342954014252, 47.715790365308635 ], [ -69.493705190276344, 47.718695303131042 ], [ -69.493158611018288, 47.723866079209238 ], [ -69.486248494382636, 47.726131802341278 ], [ -69.479885837391691, 47.723226431866919 ], [ -69.480433717711065, 47.718055770980158 ], [ -69.487342954014252, 47.715790365308635 ] ] ] } },
{ "type": "Feature", "properties": { "hex_id": 942810, "centroid_lon": -69.485153421729422, "centroid_lat": 47.736473201599182, "occurrences_today": 1, "datetimes_today": "2026-08-21 07:43:49", "cumulative_total": 1.0 }, "geometry": { "type": "Polygon", "coordinates": [ [ [ -69.485701034710829, 47.73130250669292 ], [ -69.492064993302378, 47.734207603069201 ], [ -69.491517954736224, 47.739378350847595 ], [ -69.484605655384172, 47.741643887058338 ], [ -69.47824127576834, 47.738738357795725 ], [ -69.478789616474586, 47.733567725276416 ], [ -69.485701034710829, 47.73130250669292 ] ] ] } },
{ "type": "Feature", "properties": { "hex_id": 942812, "centroid_lon": -69.481864521300267, "centroid_lat": 47.767497172587845, "occurrences_today": 1, "datetimes_today": "2026-08-21 07:43:49", "cumulative_total": 1.0 }, "geometry": { "type": "Polygon", "coordinates": [ [ [ -69.482413055279181, 47.762326534389821 ], [ -69.488780462655214, 47.765231948155311 ], [ -69.488232504009105, 47.770402639288058 ], [ -69.481315833631555, 47.772667801328488 ], [ -69.474948004639771, 47.769761954207375 ], [ -69.47549726758686, 47.76459137846927 ], [ -69.482413055279181, 47.762326534389821 ] ] ] } },
{ "type": "Feature", "properties": { "hex_id": 942814, "centroid_lon": -69.478570088035056, "centroid_lat": 47.798520803111224, "occurrences_today": 1, "datetimes_today": "2026-08-21 07:43:49", "cumulative_total": 1.0 }, "geometry": { "type": "Polygon", "coordinates": [ [ [ -69.47911954496972, 47.793350221683127 ], [ -69.48549040663984, 47.796255953213844 ], [ -69.484941525957254, 47.801426587639412 ], [ -69.478020477083646, 47.803691375071651 ], [ -69.471649193205508, 47.80078520971545 ], [ -69.472199380354411, 47.795614690820386 ], [ -69.47911954496972, 47.793350221683127 ] ] ] } },
{ "type": "Feature", "properties": { "hex_id": 942815, "centroid_lon": -69.476920792912225, "centroid_lat": 47.814032490582655, "occurrences_today": 1, "datetimes_today": "2026-08-21 07:43:49", "cumulative_total": 1.0 }, "geometry": { "type": "Polygon", "coordinates": [ [ [ -69.477470712060907, 47.808861937562703 ], [ -69.483843302947477, 47.81176782811729 ], [ -69.483293960511162, 47.816938434166154 ], [ -69.476370719582945, 47.819203034129792 ], [ -69.46999770619189, 47.816296709514553 ], [ -69.470548356178909, 47.811126219064242 ], [ -69.477470712060907, 47.808861937562703 ] ] ] } },
{ "type": "Feature", "properties": { "hex_id": 943418, "centroid_lon": -69.482623705992665, "centroid_lat": 47.697373032926272, "occurrences_today": 1, "datetimes_today": "2026-08-21 07:43:49", "cumulative_total": 1.0 }, "geometry": { "type": "Polygon", "coordinates": [ [ [ -69.483170820084908, 47.692202324794621 ], [ -69.489530035945677, 47.695107377973819 ], [ -69.488983494994017, 47.700278138961949 ], [ -69.482076438763315, 47.702543731612344 ], [ -69.475716802926144, 47.699638246089599 ], [ -69.476264643241976, 47.694467600327634 ], [ -69.483170820084908, 47.692202324794621 ] ] ] } },
{ "type": "Feature", "properties": { "hex_id": 943419, "centroid_lon": -69.480981444676672, "centroid_lat": 47.712885100641003, "occurrences_today": 1, "datetimes_today": "2026-08-21 07:43:49", "cumulative_total": 1.0 }, "geometry": { "type": "Polygon", "coordinates": [ [ [ -69.481529018342698, 47.707714420851161 ], [ -69.487889954082405, 47.710619632631065 ], [ -69.487342954014252, 47.715790365308635 ], [ -69.480433717711065, 47.718055770980158 ], [ -69.474072361700166, 47.715150126622504 ], [ -69.47462066220946, 47.709979509238742 ], [ -69.481529018342698, 47.707714420851161 ] ] ] } },
{ "type": "Feature", "properties": { "hex_id": 943420, "centroid_lon": -69.479337803664265, "centroid_lat": 47.728397083299569, "occurrences_today": 1, "datetimes_today": "2026-08-21 07:43:49", "cumulative_total": 1.0 }, "geometry": { "type": "Polygon", "coordinates": [ [ [ -69.479885837391691, 47.723226431866919 ], [ -69.486248494382636, 47.726131802341278 ], [ -69.485701034710829, 47.73130250669292 ], [ -69.478789616474586, 47.733567725276416 ], [ -69.472426538917432, 47.730661921989963 ], [ -69.472975300108459, 47.725491332999837 ], [ -69.479885837391691, 47.723226431866919 ] ] ] } },
{ "type": "Feature", "properties": { "hex_id": 943421, "centroid_lon": -69.477692781491214, "centroid_lat": 47.743908980855771, "occurrences_today": 1, "datetimes_today": "2026-08-21 07:43:49", "cumulative_total": 1.0 }, "geometry": { "type": "Polygon", "coordinates": [ [ [ -69.47824127576834, 47.738738357795725 ], [ -69.484605655384172, 47.741643887058338 ], [ -69.484057735620837, 47.746814563068696 ], [ -69.477144133588894, 47.749079594454869 ], [ -69.470779333111665, 47.746173632145656 ], [ -69.47132855547342, 47.741003071564599 ], [ -69.47824127576834, 47.738738357795725 ] ] ] } },
{ "type": "Feature", "properties": { "hex_id": 943424, "centroid_lon": -69.472749413333261, "centroid_lat": 47.790444162447194, "occurrences_today": 1, "datetimes_today": "2026-08-21 07:43:49", "cumulative_total": 1.0 }, "geometry": { "type": "Polygon", "coordinates": [ [ [ -69.473299292196657, 47.785273624597558 ], [ -69.479668847942179, 47.788179630789095 ], [ -69.47911954496972, 47.793350221683127 ], [ -69.472199380354411, 47.795614690820386 ], [ -69.46582940286072, 47.792708250877887 ], [ -69.466380011675909, 47.787537775616954 ], [ -69.473299292196657, 47.785273624597558 ] ] ] } },
{ "type": "Feature", "properties": { "hex_id": 943425, "centroid_lon": -69.471098851831883, "centroid_lat": 47.805955719130644, "occurrences_today": 1, "datetimes_today": "2026-08-21 07:43:49", "cumulative_total": 1.0 }, "geometry": { "type": "Polygon", "coordinates": [ [ [ -69.471649193205508, 47.80078520971545 ], [ -69.478020477083646, 47.803691375071651 ], [ -69.477470712060907, 47.808861937562703 ], [ -69.470548356178909, 47.811126219064242 ], [ -69.46417665025659, 47.808219619721982 ], [ -69.464727722205751, 47.803049172932113 ], [ -69.471649193205508, 47.80078520971545 ] ] ] } },
{ "type": "Feature", "properties": { "hex_id": 944029, "centroid_lon": -69.475168809266719, "centroid_lat": 47.704808882393863, "occurrences_today": 1, "datetimes_today": "2026-08-21 07:43:49", "cumulative_total": 1.0 }, "geometry": { "type": "Polygon", "coordinates": [ [ [ -69.475716802926144, 47.699638246089599 ], [ -69.482076438763315, 47.702543731612344 ], [ -69.481529018342698, 47.707714420851161 ], [ -69.47462066220946, 47.709979509238742 ], [ -69.468260606558388, 47.707073591212456 ], [ -69.46880932680024, 47.701903017369787 ], [ -69.475716802926144, 47.699638246089599 ] ] ] } },
{ "type": "Feature", "properties": { "hex_id": 944030, "centroid_lon": -69.473523907684594, "centroid_lat": 47.720320734543435, "occurrences_today": 1, "datetimes_today": "2026-08-21 07:43:49", "cumulative_total": 1.0 }, "geometry": { "type": "Polygon", "coordinates": [ [ [ -69.474072361700166, 47.715150126622504 ], [ -69.480433717711065, 47.718055770980158 ], [ -69.479885837391691, 47.723226431866919 ], [ -69.472975300108459, 47.725491332999837 ], [ -69.466613523989096, 47.722585255904363 ], [ -69.46716270520713, 47.717414710481478 ], [ -69.474072361700166, 47.715150126622504 ] ] ] } },
{ "type": "Feature", "properties": { "hex_id": 944031, "centroid_lon": -69.4718776240572, "centroid_lat": 47.735832501512135, "occurrences_today": 1, "datetimes_today": "2026-08-21 07:43:49", "cumulative_total": 1.0 }, "geometry": { "type": "Polygon", "coordinates": [ [ [ -69.472426538917432, 47.730661921989963 ], [ -69.478789616474586, 47.733567725276416 ], [ -69.47824127576834, 47.738738357795725 ], [ -69.47132855547342, 47.741003071564599 ], [ -69.464965057513041, 47.73809683530591 ], [ -69.465514700196437, 47.732926318318306 ], [ -69.472426538917432, 47.730661921989963 ] ] ] } },
{ "type": "Feature", "properties": { "hex_id": 944032, "centroid_lon": -69.470229956917521, "centroid_lat": 47.751344183253593, "occurrences_today": 1, "datetimes_today": "2026-08-21 07:43:49", "cumulative_total": 1.0 }, "geometry": { "type": "Polygon", "coordinates": [ [ [ -69.470779333111665, 47.746173632145656 ], [ -69.477144133588894, 47.749079594454869 ], [ -69.47659533200698, 47.754250198591293 ], [ -69.46968042683659, 47.756514724886678 ], [ -69.463315205661189, 47.753608329370621 ], [ -69.46386531029988, 47.748437840833795 ], [ -69.470779333111665, 47.746173632145656 ] ] ] } },
{ "type": "Feature", "properties": { "hex_id": 944033, "centroid_lon": -69.468580904796397, "centroid_lat": 47.766855779721418, "occurrences_today": 1, "datetimes_today": "2026-08-21 07:43:49", "cumulative_total": 1.0 }, "geometry": { "type": "Polygon", "coordinates": [ [ [ -69.469130742814386, 47.76168525704319 ], [ -69.47549726758686, 47.76459137846927 ], [ -69.474948004639771, 47.769761954207375 ], [ -69.468030912728111, 47.77202629291962 ], [ -69.461663966962305, 47.769119738051977 ], [ -69.46221453404695, 47.763949277981432 ], [ -69.469130742814386, 47.76168525704319 ] ] ] } },
{ "type": "Feature", "properties": { "hex_id": 944640, "centroid_lon": -69.467711732712118, "centroid_lat": 47.712244155583605, "occurrences_today": 1, "datetimes_today": "2026-08-21 07:43:49", "cumulative_total": 1.0 }, "geometry": { "type": "Polygon", "coordinates": [ [ [ -69.468260606558388, 47.707073591212456 ], [ -69.47462066220946, 47.709979509238742 ], [ -69.474072361700166, 47.715150126622504 ], [ -69.46716270520713, 47.717414710481478 ], [ -69.460802229904942, 47.714508359791665 ], [ -69.461351830692607, 47.70933785797407 ], [ -69.468260606558388, 47.707073591212456 ] ] ] } },
{ "type": "Feature", "properties": { "hex_id": 944641, "centroid_lon": -69.46606418900366, "centroid_lat": 47.727755791850534, "occurrences_today": 1, "datetimes_today": "2026-08-21 07:43:49", "cumulative_total": 1.0 }, "geometry": { "type": "Polygon", "coordinates": [ [ [ -69.466613523989096, 47.722585255904363 ], [ -69.472975300108459, 47.725491332999837 ], [ -69.472426538917432, 47.730661921989963 ], [ -69.465514700196437, 47.732926318318306 ], [ -69.459152504131652, 47.730019808324919 ], [ -69.459702566678885, 47.724849334968816 ], [ -69.466613523989096, 47.722585255904363 ] ] ] } },
{ "type": "Feature", "properties": { "hex_id": 944642, "centroid_lon": -69.464415260899017, "centroid_lat": 47.743267342811642, "occurrences_today": 1, "datetimes_today": "2026-08-21 07:43:49", "cumulative_total": 1.0 }, "geometry": { "type": "Polygon", "coordinates": [ [ [ -69.464965057513041, 47.73809683530591 ], [ -69.47132855547342, 47.741003071564599 ], [ -69.470779333111665, 47.746173632145656 ], [ -69.46386531029988, 47.748437840833795 ], [ -69.457501392099573, 47.745531171442671 ], [ -69.45805191689648, 47.740360726563573 ], [ -69.464965057513041, 47.73809683530591 ] ] ] } },
{ "type": "Feature", "properties": { "hex_id": 944643, "centroid_lon": -69.462764946928388, "centroid_lat": 47.758778808420416, "occurrences_today": 1, "datetimes_today": "2026-08-21 07:43:49", "cumulative_total": 1.0 }, "geometry": { "type": "Polygon", "coordinates": [ [ [ -69.463315205661189, 47.753608329370621 ], [ -69.46968042683659, 47.756514724886678 ], [ -69.469130742814386, 47.76168525704319 ], [ -69.46221453404695, 47.763949277981432 ], [ -69.45584889233686, 47.761042449098291 ], [ -69.45639987987434, 47.75587203271175 ], [ -69.463315205661189, 47.753608329370621 ] ] ] } },
{ "type": "Feature", "properties": { "hex_id": 944644, "centroid_lon": -69.46111324561987, "centroid_lat": 47.774290188630275, "occurrences_today": 1, "datetimes_today": "2026-08-21 07:43:49", "cumulative_total": 1.0 }, "geometry": { "type": "Polygon", "coordinates": [ [ [ -69.461663966962305, 47.769119738051977 ], [ -69.468030912728111, 47.77202629291962 ], [ -69.467480766554999, 47.77719679663609 ], [ -69.46056236996499, 47.779460629714656 ], [ -69.454195003369591, 47.776553641245087 ], [ -69.454746454139155, 47.771383253366693 ], [ -69.461663966962305, 47.769119738051977 ] ] ] } },
{ "type": "Feature", "properties": { "hex_id": 944645, "centroid_lon": -69.459460155499329, "centroid_lat": 47.789801483394662, "occurrences_today": 1, "datetimes_today": "2026-08-21 07:43:49", "cumulative_total": 1.0 }, "geometry": { "type": "Polygon", "coordinates": [ [ [ -69.460011339943037, 47.784631061303365 ], [ -69.466380011675909, 47.787537775616954 ], [ -69.46582940286072, 47.792708250877887 ], [ -69.458908816579154, 47.794971895986826 ], [ -69.452539723721586, 47.792064747836328 ], [ -69.453091638215554, 47.786894388481642 ], [ -69.460011339943037, 47.784631061303365 ] ] ] } },
{ "type": "Feature", "properties": { "hex_id": 944646, "centroid_lon": -69.457805675090498, "centroid_lat": 47.805312692666838, "occurrences_today": 1, "datetimes_today": "2026-08-21 07:43:49", "cumulative_total": 1.0 }, "geometry": { "type": "Polygon", "coordinates": [ [ [ -69.4583573231278, 47.800142299078118 ], [ -69.464727722205751, 47.803049172932113 ], [ -69.46417665025659, 47.808219619721982 ], [ -69.457253872412451, 47.810483076751218 ], [ -69.450883051914516, 47.807575768825217 ], [ -69.451435430625892, 47.802405438009849 ], [ -69.4583573231278, 47.800142299078118 ] ] ] } },
{ "type": "Feature", "properties": { "hex_id": 945250, "centroid_lon": -69.461901277669199, "centroid_lat": 47.704167346672754, "occurrences_today": 1, "datetimes_today": "2026-08-21 07:43:49", "cumulative_total": 1.0 }, "geometry": { "type": "Polygon", "coordinates": [ [ [ -69.462450570889061, 47.698996825889459 ], [ -69.46880932680024, 47.701903017369787 ], [ -69.468260606558388, 47.707073591212456 ], [ -69.461351830692607, 47.70933785797407 ], [ -69.45499265558729, 47.706431233904503 ], [ -69.455542675487564, 47.701260775730219 ], [ -69.462450570889061, 47.698996825889459 ] ] ] } },
{ "type": "Feature", "properties": { "hex_id": 945251, "centroid_lon": -69.460252475251835, "centroid_lat": 47.71967885212382, "occurrences_today": 1, "datetimes_today": "2026-08-21 07:43:49", "cumulative_total": 1.0 }, "geometry": { "type": "Polygon", "coordinates": [ [ [ -69.460802229904942, 47.714508359791665 ], [ -69.46716270520713, 47.717414710481478 ], [ -69.466613523989096, 47.722585255904363 ], [ -69.459702566678885, 47.724849334968816 ], [ -69.453341671888694, 47.721942551455456 ], [ -69.45389215384229, 47.716772121768855 ], [ -69.460802229904942, 47.714508359791665 ] ] ] } },
{ "type": "Feature", "properties": { "hex_id": 945252, "centroid_lon": -69.458602287555678, "centroid_lat": 47.735190272190437, "occurrences_today": 1, "datetimes_today": "2026-08-21 07:43:49", "cumulative_total": 1.0 }, "geometry": { "type": "Polygon", "coordinates": [ [ [ -69.459152504131652, 47.730019808324919 ], [ -69.465514700196437, 47.732926318318306 ], [ -69.464965057513041, 47.73809683530591 ], [ -69.45805191689648, 47.740360726563573 ], [ -69.451689301049598, 47.737453783512201 ], [ -69.452240245546861, 47.732283382328852 ], [ -69.459152504131652, 47.730019808324919 ] ] ] } },
{ "type": "Feature", "properties": { "hex_id": 945253, "centroid_lon": -69.456950713110359, "centroid_lat": 47.750701606825977, "occurrences_today": 1, "datetimes_today": "2026-08-21 07:43:49", "cumulative_total": 1.0 }, "geometry": { "type": "Polygon", "coordinates": [ [ [ -69.457501392099573, 47.745531171442671 ], [ -69.46386531029988, 47.748437840833795 ], [ -69.463315205661189, 47.753608329370621 ], [ -69.45639987987434, 47.75587203271175 ], [ -69.450035541597643, 47.752964930028014 ], [ -69.450586949129587, 47.747794557363513 ], [ -69.457501392099573, 47.745531171442671 ] ] ] } },
{ "type": "Feature", "properties": { "hex_id": 945254, "centroid_lon": -69.455297750443364, "centroid_lat": 47.766212855983845, "occurrences_today": 1, "datetimes_today": "2026-08-21 07:43:49", "cumulative_total": 1.0 }, "geometry": { "type": "Polygon", "coordinates": [ [ [ -69.45584889233686, 47.761042449098291 ], [ -69.46221453404695, 47.763949277981432 ], [ -69.461663966962305, 47.769119738051977 ], [ -69.454746454139155, 47.771383253366693 ], [ -69.44838039205824, 47.768475990956162 ], [ -69.448932263116646, 47.763305646826069 ], [ -69.45584889233686, 47.761042449098291 ] ] ] } },
{ "type": "Feature", "properties": { "hex_id": 945255, "centroid_lon": -69.453643398079961, "centroid_lat": 47.781724019617336, "occurrences_today": 1, "datetimes_today": "2026-08-21 07:43:49", "cumulative_total": 1.0 }, "geometry": { "type": "Polygon", "coordinates": [ [ [ -69.454195003369591, 47.776553641245087 ], [ -69.46056236996499, 47.779460629714656 ], [ -69.460011339943037, 47.784631061303365 ], [ -69.453091638215554, 47.786894388481642 ], [ -69.446723850954641, 47.783986966249792 ], [ -69.447276186031999, 47.778816650669746 ], [ -69.454195003369591, 47.776553641245087 ] ] ] } },
{ "type": "Feature", "properties": { "hex_id": 945256, "centroid_lon": -69.451987654543302, "centroid_lat": 47.797235097679639, "occurrences_today": 1, "datetimes_today": "2026-08-21 07:43:49", "cumulative_total": 1.0 }, "geometry": { "type": "Polygon", "coordinates": [ [ [ -69.452539723721586, 47.792064747836328 ], [ -69.458908816579154, 47.794971895986826 ], [ -69.4583573231278, 47.800142299078118 ], [ -69.451435430625892, 47.802405438009849 ], [ -69.445065916807934, 47.799497855862008 ], [ -69.445618716397462, 47.794327568847656 ], [ -69.452539723721586, 47.792064747836328 ] ] ] } },
{ "type": "Feature", "properties": { "hex_id": 945861, "centroid_lon": -69.454442481723689, "centroid_lat": 47.711601682584636, "occurrences_today": 1, "datetimes_today": "2026-08-21 07:43:49", "cumulative_total": 1.0 }, "geometry": { "type": "Polygon", "coordinates": [ [ [ -69.45499265558729, 47.706431233904503 ], [ -69.461351830692607, 47.70933785797407 ], [ -69.460802229904942, 47.714508359791665 ], [ -69.45389215384229, 47.716772121768855 ], [ -69.447532559706019, 47.713865064950113 ], [ -69.448083460608913, 47.708694678970993 ], [ -69.45499265558729, 47.706431233904503 ] ] ] } },
{ "type": "Feature", "properties": { "hex_id": 945863, "centroid_lon": -69.45113820226203, "centroid_lat": 47.74262417519099, "occurrences_today": 1, "datetimes_today": "2026-08-21 07:43:49", "cumulative_total": 1.0 }, "geometry": { "type": "Polygon", "coordinates": [ [ [ -69.451689301049598, 47.737453783512201 ], [ -69.45805191689648, 47.740360726563573 ], [ -69.457501392099573, 47.745531171442671 ], [ -69.450586949129587, 47.747794557363513 ], [ -69.44422391366426, 47.744887181093986 ], [ -69.444775740732737, 47.739716852189488 ], [ -69.451689301049598, 47.737453783512201 ] ] ] } },
{ "type": "Feature", "properties": { "hex_id": 945864, "centroid_lon": -69.449483979611557, "centroid_lat": 47.758135293182782, "occurrences_today": 1, "datetimes_today": "2026-08-21 07:43:49", "cumulative_total": 1.0 }, "geometry": { "type": "Polygon", "coordinates": [ [ [ -69.450035541597643, 47.752964930028014 ], [ -69.45639987987434, 47.75587203271175 ], [ -69.45584889233686, 47.761042449098291 ], [ -69.448932263116646, 47.763305646826069 ], [ -69.442567504927467, 47.760398110689515 ], [ -69.443119795816315, 47.755227810345751 ], [ -69.450035541597643, 47.752964930028014 ] ] ] } },
{ "type": "Feature", "properties": { "hex_id": 945865, "centroid_lon": -69.447828366381614, "centroid_lat": 47.773646325571278, "occurrences_today": 1, "datetimes_today": "2026-08-21 07:43:49", "cumulative_total": 1.0 }, "geometry": { "type": "Polygon", "coordinates": [ [ [ -69.44838039205824, 47.768475990956162 ], [ -69.454746454139155, 47.771383253366693 ], [ -69.454195003369591, 47.776553641245087 ], [ -69.447276186031999, 47.778816650669746 ], [ -69.440909703744367, 47.775908954571548 ], [ -69.441462458946262, 47.770738682804158 ], [ -69.44838039205824, 47.768475990956162 ] ] ] } },
{ "type": "Feature", "properties": { "hex_id": 945867, "centroid_lon": -69.444512962271276, "centroid_lat": 47.804668133350994, "occurrences_today": 1, "datetimes_today": "2026-08-21 07:43:49", "cumulative_total": 1.0 }, "geometry": { "type": "Polygon", "coordinates": [ [ [ -69.445065916807934, 47.799497855862008 ], [ -69.451435430625892, 47.802405438009849 ], [ -69.450883051914516, 47.807575768825217 ], [ -69.443959852732618, 47.809838401312874 ], [ -69.437589918118888, 47.806930385007206 ], [ -69.438143603427889, 47.801760170439586 ], [ -69.445065916807934, 47.799497855862008 ] ] ] } },
{ "type": "Feature", "properties": { "hex_id": 946472, "centroid_lon": -69.446981504578588, "centroid_lat": 47.719035441421113, "occurrences_today": 1, "datetimes_today": "2026-08-21 07:43:49", "cumulative_total": 1.0 }, "geometry": { "type": "Polygon", "coordinates": [ [ [ -69.447532559706019, 47.713865064950113 ], [ -69.45389215384229, 47.716772121768855 ], [ -69.453341671888694, 47.721942551455456 ], [ -69.446430295172121, 47.724205808382294 ], [ -69.44007028216835, 47.721298318654419 ], [ -69.440622064694097, 47.716128004976468 ], [ -69.447532559706019, 47.713865064950113 ] ] ] } },
{ "type": "Feature", "properties": { "hex_id": 946473, "centroid_lon": -69.445327413303787, "centroid_lat": 47.73454651376823, "occurrences_today": 1, "datetimes_today": "2026-08-21 07:43:49", "cumulative_total": 1.0 }, "geometry": { "type": "Polygon", "coordinates": [ [ [ -69.445878931432048, 47.729376165831901 ], [ -69.452240245546861, 47.732283382328852 ], [ -69.451689301049598, 47.737453783512201 ], [ -69.444775740732737, 47.739716852189488 ], [ -69.438414007457041, 47.736809202548933 ], [ -69.438966253604448, 47.731638917442375 ], [ -69.445878931432048, 47.729376165831901 ] ] ] } },
{ "type": "Feature", "properties": { "hex_id": 946474, "centroid_lon": -69.443671932043685, "centroid_lat": 47.750057500479997, "occurrences_today": 1, "datetimes_today": "2026-08-21 07:43:49", "cumulative_total": 1.0 }, "geometry": { "type": "Polygon", "coordinates": [ [ [ -69.44422391366426, 47.744887181093986 ], [ -69.450586949129587, 47.747794557363513 ], [ -69.450035541597643, 47.752964930028014 ], [ -69.443119795816315, 47.755227810345751 ], [ -69.436756340896494, 47.752320000697971 ], [ -69.437309051157769, 47.747149744178465 ], [ -69.44422391366426, 47.744887181093986 ] ] ] } },
{ "type": "Feature", "properties": { "hex_id": 946476, "centroid_lon": -69.44035679366182, "centroid_lat": 47.781079216810014, "occurrences_today": 1, "datetimes_today": "2026-08-21 07:43:49", "cumulative_total": 1.0 }, "geometry": { "type": "Polygon", "coordinates": [ [ [ -69.440909703744367, 47.775908954571548 ], [ -69.447276186031999, 47.778816650669746 ], [ -69.446723850954641, 47.783986966249792 ], [ -69.439803728643781, 47.786249469517784 ], [ -69.43343682631388, 47.783341339571592 ], [ -69.433990466282225, 47.778171140273209 ], [ -69.440909703744367, 47.775908954571548 ] ] ] } },
{ "type": "Feature", "properties": { "hex_id": 946477, "centroid_lon": -69.438697133581755, "centroid_lat": 47.796589946334308, "occurrences_today": 1, "datetimes_today": "2026-08-21 07:43:49", "cumulative_total": 1.0 }, "geometry": { "type": "Polygon", "coordinates": [ [ [ -69.439250508635411, 47.791419712693127 ], [ -69.445618716397462, 47.794327568847656 ], [ -69.445065916807934, 47.799497855862008 ], [ -69.438143603427889, 47.801760170439586 ], [ -69.431774975329375, 47.798851880201987 ], [ -69.43232908089243, 47.793681709537722 ], [ -69.439250508635411, 47.791419712693127 ] ] ] } },
{ "type": "Feature", "properties": { "hex_id": 947082, "centroid_lon": -69.441173692788524, "centroid_lat": 47.710957681778204, "occurrences_today": 1, "datetimes_today": "2026-08-21 07:43:49", "cumulative_total": 1.0 }, "geometry": { "type": "Polygon", "coordinates": [ [ [ -69.441725166506203, 47.705787349061367 ], [ -69.448083460608913, 47.708694678970993 ], [ -69.447532559706019, 47.713865064950113 ], [ -69.440622064694097, 47.716128004976468 ], [ -69.434263352180622, 47.713220242232147 ], [ -69.434815553035264, 47.708049972363789 ], [ -69.441725166506203, 47.705787349061367 ] ] ] } },
{ "type": "Feature", "properties": { "hex_id": 947083, "centroid_lon": -69.439518345156685, "centroid_lat": 47.726468622810287, "occurrences_today": 1, "datetimes_today": "2026-08-21 07:43:49", "cumulative_total": 1.0 }, "geometry": { "type": "Polygon", "coordinates": [ [ [ -69.44007028216835, 47.721298318654419 ], [ -69.446430295172121, 47.724205808382294 ], [ -69.445878931432048, 47.729376165831901 ], [ -69.438966253604448, 47.731638917442375 ], [ -69.432605821896971, 47.728730994645353 ], [ -69.433158486666144, 47.723560753374684 ], [ -69.44007028216835, 47.721298318654419 ] ] ] } },
{ "type": "Feature", "properties": { "hex_id": 947084, "centroid_lon": -69.437861606659709, "centroid_lat": 47.741979478128194, "occurrences_today": 1, "datetimes_today": "2026-08-21 07:43:49", "cumulative_total": 1.0 }, "geometry": { "type": "Polygon", "coordinates": [ [ [ -69.438414007457041, 47.736809202548933 ], [ -69.444775740732737, 47.739716852189488 ], [ -69.44422391366426, 47.744887181093986 ], [ -69.437309051157769, 47.747149744178465 ], [ -69.430946898885196, 47.744241661234206 ], [ -69.431500028061237, 47.739071448576873 ], [ -69.438414007457041, 47.736809202548933 ] ] ] } },
{ "type": "Feature", "properties": { "hex_id": 947088, "centroid_lon": -69.431220714458135, "centroid_lat": 47.804022041318049, "occurrences_today": 1, "datetimes_today": "2026-08-21 07:43:49", "cumulative_total": 1.0 }, "geometry": { "type": "Polygon", "coordinates": [ [ [ -69.431774975329375, 47.798851880201987 ], [ -69.438143603427889, 47.801760170439586 ], [ -69.437589918118888, 47.806930385007206 ], [ -69.430666298223642, 47.809192192884147 ], [ -69.424297249953668, 47.806283468403073 ], [ -69.424852241695348, 47.801113370356383 ], [ -69.431774975329375, 47.798851880201987 ] ] ] } },
{ "type": "Feature", "properties": { "hex_id": 947693, "centroid_lon": -69.433710996742462, "centroid_lat": 47.718390502569683, "occurrences_today": 1, "datetimes_today": "2026-08-21 07:43:49", "cumulative_total": 1.0 }, "geometry": { "type": "Polygon", "coordinates": [ [ [ -69.434263352180622, 47.713220242232147 ], [ -69.440622064694097, 47.716128004976468 ], [ -69.44007028216835, 47.721298318654419 ], [ -69.433158486666144, 47.723560753374684 ], [ -69.426799355905757, 47.720652557635752 ], [ -69.427352438839819, 47.715482360238795 ], [ -69.434263352180622, 47.713220242232147 ] ] ] } },
{ "type": "Feature", "properties": { "hex_id": 947694, "centroid_lon": -69.432053002380243, "centroid_lat": 47.733901226380013, "occurrences_today": 1, "datetimes_today": "2026-08-21 07:43:49", "cumulative_total": 1.0 }, "geometry": { "type": "Polygon", "coordinates": [ [ [ -69.432605821896971, 47.728730994645353 ], [ -69.438966253604448, 47.731638917442375 ], [ -69.438414007457041, 47.736809202548933 ], [ -69.431500028061237, 47.739071448576873 ], [ -69.425139177814117, 47.736163092550761 ], [ -69.425692725447675, 47.730992923793472 ], [ -69.432605821896971, 47.728730994645353 ] ] ] } },
{ "type": "Feature", "properties": { "hex_id": 948304, "centroid_lon": -69.426246118126627, "centroid_lat": 47.725822745487882, "occurrences_today": 1, "datetimes_today": "2026-08-21 07:43:49", "cumulative_total": 1.0 }, "geometry": { "type": "Polygon", "coordinates": [ [ [ -69.426799355905757, 47.720652557635752 ], [ -69.433158486666144, 47.723560753374684 ], [ -69.432605821896971, 47.728730994645353 ], [ -69.425692725447675, 47.730992923793472 ], [ -69.419333176604525, 47.728084294900015 ], [ -69.419887142238679, 47.722914170080657 ], [ -69.426799355905757, 47.720652557635752 ] ] ] } },
{ "type": "Feature", "properties": { "hex_id": 948914, "centroid_lon": -69.420440952820812, "centroid_lat": 47.717744035704186, "occurrences_today": 1, "datetimes_today": "2026-08-21 07:43:49", "cumulative_total": 1.0 }, "geometry": { "type": "Polygon", "coordinates": [ [ [ -69.420994608405735, 47.712573891772387 ], [ -69.427352438839819, 47.715482360238795 ], [ -69.426799355905757, 47.720652557635752 ], [ -69.419887142238679, 47.722914170080657 ], [ -69.413528894178327, 47.720005268534315 ], [ -69.414083277356539, 47.714835187690625 ], [ -69.420994608405735, 47.712573891772387 ] ] ] } },
{ "type": "Feature", "properties": { "hex_id": 948917, "centroid_lon": -69.415451071100136, "centroid_lat": 47.7642749008902, "occurrences_today": 1, "datetimes_today": "2026-08-21 07:43:49", "cumulative_total": 1.0 }, "geometry": { "type": "Polygon", "coordinates": [ [ [ -69.4160061236351, 47.75910484301945 ], [ -69.422369113408138, 47.762013793051352 ], [ -69.421814634895071, 47.76718390448206 ], [ -69.414895863073767, 47.769444949189797 ], [ -69.408532454797765, 47.766535565373943 ], [ -69.409088236790993, 47.76136557070204 ], [ -69.4160061236351, 47.75910484301945 ] ] ] } },
{ "type": "Feature", "properties": { "hex_id": 949525, "centroid_lon": -69.412974355795996, "centroid_lat": 47.725175339810377, "occurrences_today": 1, "datetimes_today": "2026-08-21 07:43:49", "cumulative_total": 1.0 }, "geometry": { "type": "Polygon", "coordinates": [ [ [ -69.413528894178327, 47.720005268534315 ], [ -69.419887142238679, 47.722914170080657 ], [ -69.419333176604525, 47.728084294900015 ], [ -69.412419662154647, 47.730345401517084 ], [ -69.406060996632561, 47.727436066730952 ], [ -69.406616262967205, 47.722266058635221 ], [ -69.413528894178327, 47.720005268534315 ] ] ] } },
{ "type": "Feature", "properties": { "hex_id": 949527, "centroid_lon": -69.409643863140303, "centroid_lat": 47.75619556644849, "occurrences_today": 1, "datetimes_today": "2026-08-21 07:43:49", "cumulative_total": 1.0 }, "geometry": { "type": "Polygon", "coordinates": [ [ [ -69.410199333900763, 47.751025552615019 ], [ -69.416561020733667, 47.753934775579381 ], [ -69.4160061236351, 47.75910484301945 ], [ -69.409088236790993, 47.76136557070204 ], [ -69.402726131912559, 47.758455914028509 ], [ -69.403282331868709, 47.753285963449265 ], [ -69.410199333900763, 47.751025552615019 ] ] ] } },
{ "type": "Feature", "properties": { "hex_id": 949528, "centroid_lon": -69.407976517105539, "centroid_lat": 47.771705550462364, "occurrences_today": 1, "datetimes_today": "2026-08-21 07:43:49", "cumulative_total": 1.0 }, "geometry": { "type": "Polygon", "coordinates": [ [ [ -69.408532454797765, 47.766535565373943 ], [ -69.414895863073767, 47.769444949189797 ], [ -69.414340499500952, 47.774614987916529 ], [ -69.407420423659175, 47.776875525965615 ], [ -69.401056597045468, 47.773965708205658 ], [ -69.40161326455609, 47.768795786408482 ], [ -69.408532454797765, 47.766535565373943 ] ] ] } },
{ "type": "Feature", "properties": { "hex_id": 950136, "centroid_lon": -69.405505574831892, "centroid_lat": 47.732606065245044, "occurrences_today": 1, "datetimes_today": "2026-08-21 07:43:49", "cumulative_total": 1.0 }, "geometry": { "type": "Polygon", "coordinates": [ [ [ -69.406060996632561, 47.727436066730952 ], [ -69.412419662154647, 47.730345401517084 ], [ -69.411864813199415, 47.735515453652653 ], [ -69.404949997510187, 47.737776054175647 ], [ -69.398590914691184, 47.734866285989888 ], [ -69.39914706480333, 47.729696350748419 ], [ -69.406060996632561, 47.727436066730952 ] ] ] } },
{ "type": "Feature", "properties": { "hex_id": 950137, "centroid_lon": -69.403838376083655, "centroid_lat": 47.748116003279542, "occurrences_today": 1, "datetimes_today": "2026-08-21 07:43:49", "cumulative_total": 1.0 }, "geometry": { "type": "Polygon", "coordinates": [ [ [ -69.404394264612449, 47.742946033521072 ], [ -69.410754649127441, 47.745855529203375 ], [ -69.410199333900763, 47.751025552615019 ], [ -69.403282331868709, 47.753285963449265 ], [ -69.396921529765251, 47.750376034132614 ], [ -69.397478147227247, 47.745206127683744 ], [ -69.404394264612449, 47.742946033521072 ] ] ] } },
{ "type": "Feature", "properties": { "hex_id": 950138, "centroid_lon": -69.402169776160051, "centroid_lat": 47.763625855015505, "occurrences_today": 1, "datetimes_today": "2026-08-21 07:43:49", "cumulative_total": 1.0 }, "geometry": { "type": "Polygon", "coordinates": [ [ [ -69.402726131912559, 47.758455914028509 ], [ -69.409088236790993, 47.76136557070204 ], [ -69.408532454797765, 47.766535565373943 ], [ -69.40161326455609, 47.768795786408482 ], [ -69.395250741797454, 47.765885695865713 ], [ -69.395807827105543, 47.760715818225357 ], [ -69.402726131912559, 47.758455914028509 ] ] ] } },
{ "type": "Feature", "properties": { "hex_id": 950139, "centroid_lon": -69.400499773572989, "centroid_lat": 47.779135620405313, "occurrences_today": 1, "datetimes_today": "2026-08-21 07:43:49", "cumulative_total": 1.0 }, "geometry": { "type": "Polygon", "coordinates": [ [ [ -69.401056597045468, 47.773965708205658 ], [ -69.407420423659175, 47.776875525965615 ], [ -69.406864174403552, 47.782045491881902 ], [ -69.399942794083429, 47.784305523005621 ], [ -69.393578549297573, 47.781395271141442 ], [ -69.394136102948721, 47.776225422325524 ], [ -69.401056597045468, 47.773965708205658 ] ] ] } },
{ "type": "Feature", "properties": { "hex_id": 950746, "centroid_lon": -69.399703059242341, "centroid_lat": 47.72452640591294, "occurrences_today": 1, "datetimes_today": "2026-08-21 07:43:49", "cumulative_total": 1.0 }, "geometry": { "type": "Polygon", "coordinates": [ [ [ -69.400258898063242, 47.719356451485247 ], [ -69.406616262967205, 47.722266058635221 ], [ -69.406060996632561, 47.727436066730952 ], [ -69.39914706480333, 47.729696350748419 ], [ -69.392789283058718, 47.726786310273525 ], [ -69.393345849928977, 47.721616419173721 ], [ -69.400258898063242, 47.719356451485247 ] ] ] } },
{ "type": "Feature", "properties": { "hex_id": 950747, "centroid_lon": -69.39803460885085, "centroid_lat": 47.740036211635584, "occurrences_today": 1, "datetimes_today": "2026-08-21 07:43:49", "cumulative_total": 1.0 }, "geometry": { "type": "Polygon", "coordinates": [ [ [ -69.398590914691184, 47.734866285989888 ], [ -69.404949997510187, 47.737776054175647 ], [ -69.404394264612449, 47.742946033521072 ], [ -69.397478147227247, 47.745206127683744 ], [ -69.391118647276485, 47.742295925938429 ], [ -69.391675681787589, 47.737126063657655 ], [ -69.398590914691184, 47.734866285989888 ] ] ] } },
{ "type": "Feature", "properties": { "hex_id": 950748, "centroid_lon": -69.396364756409739, "centroid_lat": 47.755545930980411, "occurrences_today": 1, "datetimes_today": "2026-08-21 07:43:49", "cumulative_total": 1.0 }, "geometry": { "type": "Polygon", "coordinates": [ [ [ -69.396921529765251, 47.750376034132614 ], [ -69.403282331868709, 47.753285963449265 ], [ -69.402726131912559, 47.758455914028509 ], [ -69.395807827105543, 47.760715818225357 ], [ -69.389446607579004, 47.757805455114365 ], [ -69.390004110227395, 47.75263562166856 ], [ -69.396921529765251, 47.750376034132614 ] ] ] } },
{ "type": "Feature", "properties": { "hex_id": 950749, "centroid_lon": -69.394693500430265, "centroid_lat": 47.771055563899679, "occurrences_today": 1, "datetimes_today": "2026-08-21 07:43:49", "cumulative_total": 1.0 }, "geometry": { "type": "Polygon", "coordinates": [ [ [ -69.395250741797454, 47.765885695865713 ], [ -69.40161326455609, 47.768795786408482 ], [ -69.401056597045468, 47.773965708205658 ], [ -69.394136102948721, 47.776225422325524 ], [ -69.387773162475497, 47.773314897753458 ], [ -69.388331133758328, 47.768145093158601 ], [ -69.395250741797454, 47.765885695865713 ] ] ] } },
{ "type": "Feature", "properties": { "hex_id": 950750, "centroid_lon": -69.393020839421467, "centroid_lat": 47.786565110345663, "occurrences_today": 1, "datetimes_today": "2026-08-21 07:43:49", "cumulative_total": 1.0 }, "geometry": { "type": "Polygon", "coordinates": [ [ [ -69.393578549297573, 47.781395271141442 ], [ -69.399942794083429, 47.784305523005621 ], [ -69.399385658521567, 47.789475416004848 ], [ -69.392462973265154, 47.791734939936418 ], [ -69.386098310472988, 47.788824253807846 ], [ -69.386656750888179, 47.783654478079882 ], [ -69.393578549297573, 47.781395271141442 ] ] ] } },
{ "type": "Feature", "properties": { "hex_id": 951357, "centroid_lon": -69.392232560363283, "centroid_lat": 47.731956191768774, "occurrences_today": 1, "datetimes_today": "2026-08-21 07:43:49", "cumulative_total": 1.0 }, "geometry": { "type": "Polygon", "coordinates": [ [ [ -69.392789283058718, 47.726786310273525 ], [ -69.39914706480333, 47.729696350748419 ], [ -69.398590914691184, 47.734866285989888 ], [ -69.391675681787589, 47.737126063657655 ], [ -69.385317483367515, 47.73421558969806 ], [ -69.385874934471389, 47.729045771623028 ], [ -69.392789283058718, 47.726786310273525 ] ] ] } },
{ "type": "Feature", "properties": { "hex_id": 951359, "centroid_lon": -69.388888948774408, "centroid_lat": 47.762975278944971, "occurrences_today": 1, "datetimes_today": "2026-08-21 07:43:49", "cumulative_total": 1.0 }, "geometry": { "type": "Polygon", "coordinates": [ [ [ -69.389446607579004, 47.757805455114365 ], [ -69.395807827105543, 47.760715818225357 ], [ -69.395250741797454, 47.765885695865713 ], [ -69.388331133758328, 47.768145093158601 ], [ -69.381969496974406, 47.765234296093254 ], [ -69.382527885431713, 47.760064535757088 ], [ -69.389446607579004, 47.757805455114365 ] ] ] } },
{ "type": "Feature", "properties": { "hex_id": 951969, "centroid_lon": -69.383086117525238, "centroid_lat": 47.754894765793338, "occurrences_today": 1, "datetimes_today": "2026-08-21 07:43:49", "cumulative_total": 1.0 }, "geometry": { "type": "Polygon", "coordinates": [ [ [ -69.383644193310303, 47.749724986203788 ], [ -69.390004110227395, 47.75263562166856 ], [ -69.389446607579004, 47.757805455114365 ], [ -69.382527885431713, 47.760064535757088 ], [ -69.376167551714047, 47.757153466412944 ], [ -69.376726356888938, 47.751983750373142 ], [ -69.383644193310303, 47.749724986203788 ] ] ] } },
{ "type": "Feature", "properties": { "hex_id": 952579, "centroid_lon": -69.377285005603213, "centroid_lat": 47.746814024696917, "occurrences_today": 1, "datetimes_today": "2026-08-21 07:43:49", "cumulative_total": 1.0 }, "geometry": { "type": "Polygon", "coordinates": [ [ [ -69.377843497912195, 47.741644289386045 ], [ -69.384202112842203, 47.744555196990206 ], [ -69.383644193310303, 47.749724986203788 ], [ -69.376726356888938, 47.751983750373142 ], [ -69.370367325614808, 47.749072408964579 ], [ -69.370926547050814, 47.743902737258729 ], [ -69.377843497912195, 47.741644289386045 ] ] ] } },
{ "type": "Feature", "properties": { "hex_id": 598326, "centroid_lon": -73.322946039545911, "centroid_lat": 45.331678511475999, "occurrences_today": 7, "datetimes_today": "2026-08-21 10:25:23, 2026-08-21 10:46:39, 2026-08-21 11:00:53, 2026-08-21 11:17:01, 2026-08-21 11:34:22, 2026-08-21 11:47:06, 2026-08-21 12:02:03", "cumulative_total": 7.0 }, "geometry": { "type": "Polygon", "coordinates": [ [ [ -73.323099373108732, 45.326483776704208 ], [ -73.329400565923805, 45.329174634113755 ], [ -73.329247794044349, 45.334369383151056 ], [ -73.322792664200975, 45.336873241096256 ], [ -73.316490951491645, 45.334182014662652 ], [ -73.316644888505991, 45.328987299371967 ], [ -73.323099373108732, 45.326483776704208 ] ] ] } },
{ "type": "Feature", "properties": { "hex_id": 614245, "centroid_lon": -73.133429031285445, "centroid_lat": 46.045882217816768, "occurrences_today": 4, "datetimes_today": "2026-08-21 12:16:43, 2026-08-21 12:31:50, 2026-08-21 12:46:48, 2026-08-21 13:01:53", "cumulative_total": 4.0 }, "geometry": { "type": "Polygon", "coordinates": [ [ [ -73.133603988479479, 46.040688667286922 ], [ -73.139975393403688, 46.043390772741652 ], [ -73.139801016829352, 46.048584339624597 ], [ -73.13325402600357, 46.051075763089997 ], [ -73.126882088555661, 46.048373277726625 ], [ -73.127057674440877, 46.043179748872099 ], [ -73.133603988479479, 46.040688667286922 ] ] ] } }
]
}
