{
"type": "FeatureCollection",
"name": "daily_2026-03-21",
"crs": { "type": "name", "properties": { "name": "urn:ogc:def:crs:OGC:1.3:CRS84" } },
"features": [
{ "type": "Feature", "properties": { "hex_id": 327910, "centroid_lon": -76.161171126797626, "centroid_lat": 45.891540611418421, "occurrences_today": 11, "datetimes_today": "2026-03-21 10:16:35, 2026-03-21 10:31:46, 2026-03-21 10:46:02, 2026-03-21 11:01:32, 2026-03-21 11:16:21, 2026-03-21 11:31:46, 2026-03-21 11:42:19, 2026-03-21 11:59:33, 2026-03-21 12:16:25, 2026-03-21 12:31:49, 2026-03-21 13:01:51", "cumulative_total": 152 }, "geometry": { "type": "Polygon", "coordinates": [ [ [ -76.161062860495534, 45.88634522735039 ], [ -76.167560025019881, 45.88887726257628 ], [ -76.167668906695567, 45.894072632338577 ], [ -76.1612794228094, 45.896735990543064 ], [ -76.154781613196747, 45.894203607588793 ], [ -76.154673932568627, 45.889008214223843 ], [ -76.161062860495534, 45.88634522735039 ] ] ] } },
{ "type": "Feature", "properties": { "hex_id": 593454, "centroid_lon": -73.368592744728403, "centroid_lat": 45.519428346307649, "occurrences_today": 14, "datetimes_today": "2026-03-21 01:46:29, 2026-03-21 01:57:15, 2026-03-21 02:17:04, 2026-03-21 02:31:25, 2026-03-21 02:46:28, 2026-03-21 03:01:50, 2026-03-21 03:16:22, 2026-03-21 03:31:34, 2026-03-21 03:46:43, 2026-03-21 03:59:50, 2026-03-21 04:16:22, 2026-03-21 08:16:47, 2026-03-21 08:31:30, 2026-03-21 08:46:19", "cumulative_total": 58 }, "geometry": { "type": "Polygon", "coordinates": [ [ [ -73.368742885116234, 45.514233663276663 ], [ -73.375066996673141, 45.516922236494445 ], [ -73.374917424182968, 45.522116933395459 ], [ -73.368442563335734, 45.524623024206832 ], [ -73.362117924892885, 45.521934080004435 ], [ -73.362268674169442, 45.516739416039769 ], [ -73.368742885116234, 45.514233663276663 ] ] ] } },
{ "type": "Feature", "properties": { "hex_id": 594064, "centroid_lon": -73.36241938228757, "centroid_lat": 45.511544746940324, "occurrences_today": 11, "datetimes_today": "2026-03-21 01:46:29, 2026-03-21 01:57:15, 2026-03-21 02:17:04, 2026-03-21 02:31:25, 2026-03-21 02:46:28, 2026-03-21 03:01:50, 2026-03-21 03:16:22, 2026-03-21 03:31:34, 2026-03-21 03:46:43, 2026-03-21 03:59:50, 2026-03-21 04:16:22", "cumulative_total": 39 }, "geometry": { "type": "Polygon", "coordinates": [ [ [ -73.362570049261095, 45.506350072706269 ], [ -73.368892984512982, 45.509038975113988 ], [ -73.368742885116234, 45.514233663276663 ], [ -73.362268674169442, 45.516739416039769 ], [ -73.355945212492315, 45.514050142690827 ], [ -73.356096488173407, 45.508855487584462 ], [ -73.362570049261095, 45.506350072706269 ] ] ] } },
{ "type": "Feature", "properties": { "hex_id": 594675, "centroid_lon": -73.355793895499261, "centroid_lat": 45.519244792659485, "occurrences_today": 11, "datetimes_today": "2026-03-21 01:46:29, 2026-03-21 01:57:15, 2026-03-21 02:17:04, 2026-03-21 02:31:25, 2026-03-21 02:46:28, 2026-03-21 03:01:50, 2026-03-21 03:16:22, 2026-03-21 03:31:34, 2026-03-21 03:46:43, 2026-03-21 03:59:50, 2026-03-21 04:16:22", "cumulative_total": 213 }, "geometry": { "type": "Polygon", "coordinates": [ [ [ -73.355945212492315, 45.514050142690827 ], [ -73.362268674169442, 45.516739416039769 ], [ -73.362117924892885, 45.521934080004435 ], [ -73.355642537180387, 45.524439437490308 ], [ -73.349318549119531, 45.52174979304138 ], [ -73.349470475141018, 45.516555162271054 ], [ -73.355945212492315, 45.514050142690827 ] ] ] } },
{ "type": "Feature", "properties": { "hex_id": 595285, "centroid_lon": -73.349622359683167, "centroid_lat": 45.511360526359901, "occurrences_today": 11, "datetimes_today": "2026-03-21 01:46:29, 2026-03-21 01:57:15, 2026-03-21 02:17:04, 2026-03-21 02:31:25, 2026-03-21 02:46:28, 2026-03-21 03:01:50, 2026-03-21 03:16:22, 2026-03-21 03:31:34, 2026-03-21 03:46:43, 2026-03-21 03:59:50, 2026-03-21 04:16:22", "cumulative_total": 109 }, "geometry": { "type": "Polygon", "coordinates": [ [ [ -73.349774202759875, 45.506165885308079 ], [ -73.356096488173407, 45.508855487584462 ], [ -73.355945212492315, 45.514050142690827 ], [ -73.349470475141018, 45.516555162271054 ], [ -73.343147663804274, 45.513865188938141 ], [ -73.343300115728127, 45.508670567146012 ], [ -73.349774202759875, 45.506165885308079 ] ] ] } },
{ "type": "Feature", "properties": { "hex_id": 595286, "centroid_lon": -73.349166581604749, "centroid_lat": 45.526944418670766, "occurrences_today": 39, "datetimes_today": "2026-03-21 01:46:29, 2026-03-21 01:57:15, 2026-03-21 02:17:04, 2026-03-21 02:31:25, 2026-03-21 02:46:28, 2026-03-21 03:01:50, 2026-03-21 03:16:22, 2026-03-21 03:31:34, 2026-03-21 03:46:43, 2026-03-21 03:59:50, 2026-03-21 04:16:22, 2026-03-21 07:16:36, 2026-03-21 07:31:27, 2026-03-21 07:46:25, 2026-03-21 07:56:53, 2026-03-21 08:16:47, 2026-03-21 08:31:30, 2026-03-21 08:46:19, 2026-03-21 09:16:24, 2026-03-21 09:31:38, 2026-03-21 09:43:16, 2026-03-21 10:01:31, 2026-03-21 10:16:35, 2026-03-21 10:31:46, 2026-03-21 10:46:02, 2026-03-21 11:01:32, 2026-03-21 11:16:21, 2026-03-21 11:31:46, 2026-03-21 11:42:19, 2026-03-21 11:59:33, 2026-03-21 12:16:25, 2026-03-21 12:31:49, 2026-03-21 13:01:51, 2026-03-21 13:16:37, 2026-03-21 13:31:25, 2026-03-21 13:42:38, 2026-03-21 14:00:13, 2026-03-21 14:16:52, 2026-03-21 14:32:08", "cumulative_total": 142 }, "geometry": { "type": "Polygon", "coordinates": [ [ [ -73.349318549119531, 45.52174979304138 ], [ -73.355642537180387, 45.524439437490308 ], [ -73.355491137521824, 45.529634077183168 ], [ -73.349014572582789, 45.532139039159127 ], [ -73.342690058179898, 45.529449023451328 ], [ -73.342842635044136, 45.524254417090944 ], [ -73.349318549119531, 45.52174979304138 ] ] ] } },
{ "type": "Feature", "properties": { "hex_id": 595896, "centroid_lon": -73.342995170247605, "centroid_lat": 45.519059805586508, "occurrences_today": 39, "datetimes_today": "2026-03-21 01:46:29, 2026-03-21 01:57:15, 2026-03-21 02:17:04, 2026-03-21 02:31:25, 2026-03-21 02:46:28, 2026-03-21 03:01:50, 2026-03-21 03:16:22, 2026-03-21 03:31:34, 2026-03-21 03:46:43, 2026-03-21 03:59:50, 2026-03-21 04:16:22, 2026-03-21 07:16:36, 2026-03-21 07:31:27, 2026-03-21 07:46:25, 2026-03-21 07:56:53, 2026-03-21 08:16:47, 2026-03-21 08:31:30, 2026-03-21 08:46:19, 2026-03-21 09:16:24, 2026-03-21 09:31:38, 2026-03-21 09:43:16, 2026-03-21 10:01:31, 2026-03-21 10:16:35, 2026-03-21 10:31:46, 2026-03-21 10:46:02, 2026-03-21 11:01:32, 2026-03-21 11:16:21, 2026-03-21 11:31:46, 2026-03-21 11:42:19, 2026-03-21 11:59:33, 2026-03-21 12:16:25, 2026-03-21 12:31:49, 2026-03-21 13:01:51, 2026-03-21 13:16:37, 2026-03-21 13:31:25, 2026-03-21 13:42:38, 2026-03-21 14:00:13, 2026-03-21 14:16:52, 2026-03-21 14:32:08", "cumulative_total": 171 }, "geometry": { "type": "Polygon", "coordinates": [ [ [ -73.343147663804274, 45.513865188938141 ], [ -73.349470475141018, 45.516555162271054 ], [ -73.349318549119531, 45.52174979304138 ], [ -73.342842635044136, 45.524254417090944 ], [ -73.336519297825973, 45.521564072542766 ], [ -73.336672400550654, 45.516369475224778 ], [ -73.343147663804274, 45.513865188938141 ] ] ] } },
{ "type": "Feature", "properties": { "hex_id": 699665, "centroid_lon": -72.267692481327032, "centroid_lat": 45.248934215544615, "occurrences_today": 4, "datetimes_today": "2026-03-21 22:46:45, 2026-03-21 23:02:02, 2026-03-21 23:16:50, 2026-03-21 23:31:47", "cumulative_total": 96 }, "geometry": { "type": "Polygon", "coordinates": [ [ [ -72.267941519221893, 45.243743093106346 ], [ -72.274181085930763, 45.246490832086359 ], [ -72.273932592574553, 45.251681979011266 ], [ -72.267443375685801, 45.25412533216906 ], [ -72.261203332195919, 45.251377215880289 ], [ -72.261452982353262, 45.24618612380597 ], [ -72.267941519221893, 45.243743093106346 ] ] ] } },
{ "type": "Feature", "properties": { "hex_id": 781573, "centroid_lon": -71.312259171766499, "centroid_lat": 46.796657612746579, "occurrences_today": 22, "datetimes_today": "2026-03-21 00:01:33, 2026-03-21 00:12:00, 2026-03-21 00:31:48, 2026-03-21 00:46:48, 2026-03-21 01:01:24, 2026-03-21 01:14:09, 2026-03-21 01:31:28, 2026-03-21 01:46:29, 2026-03-21 01:57:15, 2026-03-21 02:17:04, 2026-03-21 02:31:25, 2026-03-21 02:46:28, 2026-03-21 03:01:50, 2026-03-21 03:16:22, 2026-03-21 03:31:34, 2026-03-21 03:46:43, 2026-03-21 03:59:50, 2026-03-21 04:16:22, 2026-03-21 04:31:24, 2026-03-21 04:46:34, 2026-03-21 05:01:39, 2026-03-21 05:16:23", "cumulative_total": 57 }, "geometry": { "type": "Polygon", "coordinates": [ [ [ -71.31261382336065, 46.791472759109176 ], [ -71.318974565746359, 46.794275937752047 ], [ -71.318620490431201, 46.799460825963017 ], [ -71.311904421888741, 46.801842459599342 ], [ -71.305543201524657, 46.799038875257949 ], [ -71.305898527647386, 46.793854063045437 ], [ -71.31261382336065, 46.791472759109176 ] ] ] } },
{ "type": "Feature", "properties": { "hex_id": 976415, "centroid_lon": -69.071545987011476, "centroid_lat": 48.14457459721713, "occurrences_today": 3, "datetimes_today": "2026-03-21 20:31:48, 2026-03-21 20:47:05, 2026-03-21 21:01:55", "cumulative_total": 12 }, "geometry": { "type": "Polygon", "coordinates": [ [ [ -69.072143003741118, 48.139408013387197 ], [ -69.078529868589456, 48.142337156856769 ], [ -69.077933431570571, 48.147503797901749 ], [ -69.070948802200917, 48.14974117079592 ], [ -69.064561525752779, 48.146811585604866 ], [ -69.065159290214041, 48.141645069309547 ], [ -69.072143003741118, 48.139408013387197 ] ] ] } },
{ "type": "Feature", "properties": { "hex_id": 977025, "centroid_lon": -69.065756886440511, "centroid_lat": 48.136478542751746, "occurrences_today": 3, "datetimes_today": "2026-03-21 20:31:48, 2026-03-21 20:47:05, 2026-03-21 21:01:55", "cumulative_total": 12 }, "geometry": { "type": "Polygon", "coordinates": [ [ [ -69.066354314492273, 48.131312005933474 ], [ -69.072739852449857, 48.134241419308175 ], [ -69.072143003741118, 48.139408013387197 ], [ -69.065159290214041, 48.141645069309547 ], [ -69.058773341118183, 48.138715214291658 ], [ -69.059371516627607, 48.133548745062981 ], [ -69.066354314492273, 48.131312005933474 ] ] ] } },
{ "type": "Feature", "properties": { "hex_id": 977026, "centroid_lon": -69.0639635929966, "centroid_lat": 48.151978091635684, "occurrences_today": 3, "datetimes_today": "2026-03-21 20:31:48, 2026-03-21 20:47:05, 2026-03-21 21:01:55", "cumulative_total": 12 }, "geometry": { "type": "Polygon", "coordinates": [ [ [ -69.064561525752779, 48.146811585604866 ], [ -69.070948802200917, 48.14974117079592 ], [ -69.070351449249358, 48.154907734121572 ], [ -69.063365491885378, 48.157144587399948 ], [ -69.056977804017734, 48.15421456032638 ], [ -69.057576484873422, 48.149048121925382 ], [ -69.064561525752779, 48.146811585604866 ] ] ] } },
{ "type": "Feature", "properties": { "hex_id": 977636, "centroid_lon": -69.058174997220178, "centroid_lat": 48.14388167324649, "occurrences_today": 3, "datetimes_today": "2026-03-21 20:31:48, 2026-03-21 20:47:05, 2026-03-21 21:01:55", "cumulative_total": 107 }, "geometry": { "type": "Polygon", "coordinates": [ [ [ -69.058773341118183, 48.138715214291658 ], [ -69.065159290214041, 48.141645069309547 ], [ -69.064561525752779, 48.146811585604866 ], [ -69.057576484873422, 48.149048121925382 ], [ -69.051190124819655, 48.146117825103346 ], [ -69.051789216542971, 48.140951433833344 ], [ -69.058773341118183, 48.138715214291658 ] ] ] } },
{ "type": "Feature", "properties": { "hex_id": 977637, "centroid_lon": -69.056378954592901, "centroid_lat": 48.159380988447396, "occurrences_today": 3, "datetimes_today": "2026-03-21 20:31:48, 2026-03-21 20:47:05, 2026-03-21 21:01:55", "cumulative_total": 12 }, "geometry": { "type": "Polygon", "coordinates": [ [ [ -69.056977804017734, 48.15421456032638 ], [ -69.063365491885378, 48.157144587399948 ], [ -69.062767222358957, 48.162311072895626 ], [ -69.05577993653867, 48.164547406286438 ], [ -69.049391837432154, 48.161616937169285 ], [ -69.049991435324529, 48.156450576773352 ], [ -69.056977804017734, 48.15421456032638 ] ] ] } },
{ "type": "Feature", "properties": { "hex_id": 977638, "centroid_lon": -69.054581394300868, "centroid_lat": 48.17488021111037, "occurrences_today": 3, "datetimes_today": "2026-03-21 20:31:48, 2026-03-21 20:47:05, 2026-03-21 21:01:55", "cumulative_total": 12 }, "geometry": { "type": "Polygon", "coordinates": [ [ [ -69.055180749794772, 48.169713813841433 ], [ -69.061570177819632, 48.172644013073175 ], [ -69.060971402686235, 48.17781046775098 ], [ -69.053981869996662, 48.180046598091209 ], [ -69.047592030451781, 48.177115956576294 ], [ -69.048192135056155, 48.171949627072777 ], [ -69.055180749794772, 48.169713813841433 ] ] ] } },
{ "type": "Feature", "properties": { "hex_id": 978246, "centroid_lon": -69.05238813966379, "centroid_lat": 48.135785032276061, "occurrences_today": 3, "datetimes_today": "2026-03-21 20:31:48, 2026-03-21 20:47:05, 2026-03-21 21:01:55", "cumulative_total": 107 }, "geometry": { "type": "Polygon", "coordinates": [ [ [ -69.052986894242324, 48.13061862043353 ], [ -69.059371516627607, 48.133548745062981 ], [ -69.058773341118183, 48.138715214291658 ], [ -69.051789216542971, 48.140951433833344 ], [ -69.045404183660978, 48.138020867478133 ], [ -69.046003685790708, 48.13285452337535 ], [ -69.052986894242324, 48.13061862043353 ] ] ] } },
{ "type": "Feature", "properties": { "hex_id": 978247, "centroid_lon": -69.050590864433588, "centroid_lat": 48.151284206084036, "occurrences_today": 3, "datetimes_today": "2026-03-21 20:31:48, 2026-03-21 20:47:05, 2026-03-21 21:01:55", "cumulative_total": 107 }, "geometry": { "type": "Polygon", "coordinates": [ [ [ -69.051190124819655, 48.146117825103346 ], [ -69.057576484873422, 48.149048121925382 ], [ -69.056977804017734, 48.15421456032638 ], [ -69.049991435324529, 48.156450576773352 ], [ -69.043604664493515, 48.153519837986202 ], [ -69.044204673072684, 48.148353524785591 ], [ -69.051190124819655, 48.146117825103346 ] ] ] } },
{ "type": "Feature", "properties": { "hex_id": 978248, "centroid_lon": -69.048792070696152, "centroid_lat": 48.166783287269773, "occurrences_today": 3, "datetimes_today": "2026-03-21 20:31:48, 2026-03-21 20:47:05, 2026-03-21 21:01:55", "cumulative_total": 12 }, "geometry": { "type": "Polygon", "coordinates": [ [ [ -69.049391837432154, 48.161616937169285 ], [ -69.05577993653867, 48.164547406286438 ], [ -69.055180749794772, 48.169713813841433 ], [ -69.048192135056155, 48.171949627072777 ], [ -69.041803624891713, 48.169018715750994 ], [ -69.042404140463432, 48.163852433470936 ], [ -69.049391837432154, 48.161616937169285 ] ] ] } },
{ "type": "Feature", "properties": { "hex_id": 978249, "centroid_lon": -69.046991756822635, "centroid_lat": 48.182282275778242, "occurrences_today": 3, "datetimes_today": "2026-03-21 20:31:48, 2026-03-21 20:47:05, 2026-03-21 21:01:55", "cumulative_total": 12 }, "geometry": { "type": "Polygon", "coordinates": [ [ [ -69.047592030451781, 48.177115956576294 ], [ -69.053981869996662, 48.180046598091209 ], [ -69.053382176821756, 48.185212974781926 ], [ -69.046391314108234, 48.187448584676602 ], [ -69.04000106322458, 48.184517500717334 ], [ -69.040602086332768, 48.179351249376239 ], [ -69.047592030451781, 48.177115956576294 ] ] ] } },
{ "type": "Feature", "properties": { "hex_id": 978857, "centroid_lon": -69.044804512775059, "centroid_lat": 48.143187201282231, "occurrences_today": 3, "datetimes_today": "2026-03-21 20:31:48, 2026-03-21 20:47:05, 2026-03-21 21:01:55", "cumulative_total": 107 }, "geometry": { "type": "Polygon", "coordinates": [ [ [ -69.045404183660978, 48.138020867478133 ], [ -69.051789216542971, 48.140951433833344 ], [ -69.051190124819655, 48.146117825103346 ], [ -69.044204673072684, 48.148353524785591 ], [ -69.037819229874714, 48.145422516543697 ], [ -69.03841964867938, 48.140256250574623 ], [ -69.045404183660978, 48.138020867478133 ] ] ] } },
{ "type": "Feature", "properties": { "hex_id": 978858, "centroid_lon": -69.043004486977225, "centroid_lat": 48.158686140881997, "occurrences_today": 3, "datetimes_today": "2026-03-21 20:31:48, 2026-03-21 20:47:05, 2026-03-21 21:01:55", "cumulative_total": 12 }, "geometry": { "type": "Polygon", "coordinates": [ [ [ -69.043604664493515, 48.153519837986202 ], [ -69.049991435324529, 48.156450576773352 ], [ -69.049391837432154, 48.161616937169285 ], [ -69.042404140463432, 48.163852433470936 ], [ -69.036016959036203, 48.160921252557664 ], [ -69.036617885113529, 48.155755017537274 ], [ -69.043604664493515, 48.153519837986202 ] ] ] } },
{ "type": "Feature", "properties": { "hex_id": 978859, "centroid_lon": -69.041202940201643, "centroid_lat": 48.174184987720096, "occurrences_today": 3, "datetimes_today": "2026-03-21 20:31:48, 2026-03-21 20:47:05, 2026-03-21 21:01:55", "cumulative_total": 12 }, "geometry": { "type": "Polygon", "coordinates": [ [ [ -69.041803624891713, 48.169018715750994 ], [ -69.048192135056155, 48.171949627072777 ], [ -69.047592030451781, 48.177115956576294 ], [ -69.040602086332768, 48.179351249376239 ], [ -69.034213165291689, 48.17641989568871 ], [ -69.034814599185793, 48.171253691635421 ], [ -69.041803624891713, 48.169018715750994 ] ] ] } },
{ "type": "Feature", "properties": { "hex_id": 978860, "centroid_lon": -69.039399870816538, "centroid_lat": 48.189683741741376, "occurrences_today": 3, "datetimes_today": "2026-03-21 20:31:48, 2026-03-21 20:47:05, 2026-03-21 21:01:55", "cumulative_total": 12 }, "geometry": { "type": "Polygon", "coordinates": [ [ [ -69.04000106322458, 48.184517500717334 ], [ -69.046391314108234, 48.187448584676602 ], [ -69.045790702248127, 48.192614883269307 ], [ -69.038798509048121, 48.194849972446264 ], [ -69.032407847007221, 48.191918445881512 ], [ -69.033009789263005, 48.186752272813798 ], [ -69.04000106322458, 48.184517500717334 ] ] ] } },
{ "type": "Feature", "properties": { "hex_id": 979467, "centroid_lon": -69.039019898513914, "centroid_lat": 48.135089974293415, "occurrences_today": 3, "datetimes_today": "2026-03-21 20:31:48, 2026-03-21 20:47:05, 2026-03-21 21:01:55", "cumulative_total": 110 }, "geometry": { "type": "Polygon", "coordinates": [ [ [ -69.039619979438683, 48.12992368770211 ], [ -69.046003685790708, 48.13285452337535 ], [ -69.045404183660978, 48.138020867478133 ], [ -69.03841964867938, 48.140256250574623 ], [ -69.032035532472264, 48.137324973093186 ], [ -69.03263636104154, 48.132158754391803 ], [ -69.039619979438683, 48.12992368770211 ] ] ] } },
{ "type": "Feature", "properties": { "hex_id": 979468, "centroid_lon": -69.037218642039562, "centroid_lat": 48.150588772198603, "occurrences_today": 3, "datetimes_today": "2026-03-21 20:31:48, 2026-03-21 20:47:05, 2026-03-21 21:01:55", "cumulative_total": 107 }, "geometry": { "type": "Polygon", "coordinates": [ [ [ -69.037819229874714, 48.145422516543697 ], [ -69.044204673072684, 48.148353524785591 ], [ -69.043604664493515, 48.153519837986202 ], [ -69.036617885113529, 48.155755017537274 ], [ -69.03023203178067, 48.152823567247793 ], [ -69.030833367902275, 48.147657379523224 ], [ -69.037819229874714, 48.145422516543697 ] ] ] } },
{ "type": "Feature", "properties": { "hex_id": 979469, "centroid_lon": -69.035415863747119, "centroid_lat": 48.166087477257733, "occurrences_today": 3, "datetimes_today": "2026-03-21 20:31:48, 2026-03-21 20:47:05, 2026-03-21 21:01:55", "cumulative_total": 12 }, "geometry": { "type": "Polygon", "coordinates": [ [ [ -69.036016959036203, 48.160921252557664 ], [ -69.042404140463432, 48.163852433470936 ], [ -69.041803624891713, 48.169018715750994 ], [ -69.034814599185793, 48.171253691635421 ], [ -69.02842700734368, 48.168322068435018 ], [ -69.02902885156189, 48.163155911705736 ], [ -69.036016959036203, 48.160921252557664 ] ] ] } },
{ "type": "Feature", "properties": { "hex_id": 979470, "centroid_lon": -69.033611562004282, "centroid_lat": 48.181586089415511, "occurrences_today": 3, "datetimes_today": "2026-03-21 20:31:48, 2026-03-21 20:47:05, 2026-03-21 21:01:55", "cumulative_total": 12 }, "geometry": { "type": "Polygon", "coordinates": [ [ [ -69.034213165291689, 48.17641989568871 ], [ -69.040602086332768, 48.179351249376239 ], [ -69.04000106322458, 48.184517500717334 ], [ -69.033009789263005, 48.186752272813798 ], [ -69.026620457526874, 48.183820476599436 ], [ -69.027222810386789, 48.178654350883917 ], [ -69.034213165291689, 48.17641989568871 ] ] ] } },
{ "type": "Feature", "properties": { "hex_id": 979471, "centroid_lon": -69.031805735176334, "centroid_lat": 48.197084608616585, "occurrences_today": 3, "datetimes_today": "2026-03-21 20:31:48, 2026-03-21 20:47:05, 2026-03-21 21:01:55", "cumulative_total": 12 }, "geometry": { "type": "Polygon", "coordinates": [ [ [ -69.032407847007221, 48.191918445881512 ], [ -69.038798509048121, 48.194849972446264 ], [ -69.038196977858718, 48.200016192829985 ], [ -69.031203453709651, 48.202250761016991 ], [ -69.024812380693405, 48.199318791685549 ], [ -69.025415242740891, 48.194152697002309 ], [ -69.032407847007221, 48.191918445881512 ] ] ] } },
{ "type": "Feature", "properties": { "hex_id": 980078, "centroid_lon": -69.031434534779322, "centroid_lat": 48.142491181471023, "occurrences_today": 3, "datetimes_today": "2026-03-21 20:31:48, 2026-03-21 20:47:05, 2026-03-21 21:01:55", "cumulative_total": 110 }, "geometry": { "type": "Polygon", "coordinates": [ [ [ -69.032035532472264, 48.137324973093186 ], [ -69.03841964867938, 48.140256250574623 ], [ -69.037819229874714, 48.145422516543697 ], [ -69.030833367902275, 48.147657379523224 ], [ -69.024448842021201, 48.144725660072744 ], [ -69.025050587726113, 48.139559519680148 ], [ -69.032035532472264, 48.137324973093186 ] ] ] } },
{ "type": "Feature", "properties": { "hex_id": 980079, "centroid_lon": -69.02963052635404, "centroid_lat": 48.157989744642649, "occurrences_today": 3, "datetimes_today": "2026-03-21 20:31:48, 2026-03-21 20:47:05, 2026-03-21 21:01:55", "cumulative_total": 12 }, "geometry": { "type": "Polygon", "coordinates": [ [ [ -69.03023203178067, 48.152823567247793 ], [ -69.036617885113529, 48.155755017537274 ], [ -69.036016959036203, 48.160921252557664 ], [ -69.02902885156189, 48.163155911705736 ], [ -69.022642588275517, 48.160224019207732 ], [ -69.023244842356448, 48.155057909838597 ], [ -69.03023203178067, 48.152823567247793 ] ] ] } },
{ "type": "Feature", "properties": { "hex_id": 980080, "centroid_lon": -69.027824993638845, "centroid_lat": 48.173488214828424, "occurrences_today": 3, "datetimes_today": "2026-03-21 20:31:48, 2026-03-21 20:47:05, 2026-03-21 21:01:55", "cumulative_total": 12 }, "geometry": { "type": "Polygon", "coordinates": [ [ [ -69.02842700734368, 48.168322068435018 ], [ -69.034814599185793, 48.171253691635421 ], [ -69.034213165291689, 48.17641989568871 ], [ -69.027222810386789, 48.178654350883917 ], [ -69.020834808311463, 48.175722285235345 ], [ -69.021437571313669, 48.170556206908159 ], [ -69.02842700734368, 48.168322068435018 ] ] ] } },
{ "type": "Feature", "properties": { "hex_id": 980081, "centroid_lon": -69.026017934998464, "centroid_lat": 48.188986591972935, "occurrences_today": 3, "datetimes_today": "2026-03-21 20:31:48, 2026-03-21 20:47:05, 2026-03-21 21:01:55", "cumulative_total": 12 }, "geometry": { "type": "Polygon", "coordinates": [ [ [ -69.026620457526874, 48.183820476599436 ], [ -69.033009789263005, 48.186752272813798 ], [ -69.032407847007221, 48.191918445881512 ], [ -69.025415242740891, 48.194152697002309 ], [ -69.019025500491665, 48.191220458099998 ], [ -69.019628772961184, 48.186054410833322 ], [ -69.026620457526874, 48.183820476599436 ] ] ] } },
{ "type": "Feature", "properties": { "hex_id": 980082, "centroid_lon": -69.024209348795267, "centroid_lat": 48.204484876020587, "occurrences_today": 3, "datetimes_today": "2026-03-21 20:31:48, 2026-03-21 20:47:05, 2026-03-21 21:01:55", "cumulative_total": 12 }, "geometry": { "type": "Polygon", "coordinates": [ [ [ -69.024812380693405, 48.199318791685549 ], [ -69.031203453709651, 48.202250761016991 ], [ -69.03060100254649, 48.207416903080642 ], [ -69.023606146985728, 48.209650950005347 ], [ -69.017214663176318, 48.206718537746006 ], [ -69.017818445660041, 48.201552521558412 ], [ -69.024812380693405, 48.199318791685549 ] ] ] } },
{ "type": "Feature", "properties": { "hex_id": 980688, "centroid_lon": -69.025652164093387, "centroid_lat": 48.134393368950519, "occurrences_today": 3, "datetimes_today": "2026-03-21 20:31:48, 2026-03-21 20:47:05, 2026-03-21 21:01:55", "cumulative_total": 12 }, "geometry": { "type": "Polygon", "coordinates": [ [ [ -69.026253571183446, 48.129227207885897 ], [ -69.03263636104154, 48.132158754391803 ], [ -69.032035532472264, 48.137324973093186 ], [ -69.025050587726113, 48.139559519680148 ], [ -69.018667388654606, 48.13662753128375 ], [ -69.019269543482253, 48.131461438259215 ], [ -69.026253571183446, 48.129227207885897 ] ] ] } },
{ "type": "Feature", "properties": { "hex_id": 980689, "centroid_lon": -69.023846926918154, "centroid_lat": 48.149891790126247, "occurrences_today": 3, "datetimes_today": "2026-03-21 20:31:48, 2026-03-21 20:47:05, 2026-03-21 21:01:55", "cumulative_total": 103 }, "geometry": { "type": "Polygon", "coordinates": [ [ [ -69.024448842021201, 48.144725660072744 ], [ -69.030833367902275, 48.147657379523224 ], [ -69.03023203178067, 48.152823567247793 ], [ -69.023244842356448, 48.155057909838597 ], [ -69.016859906982859, 48.152125748258207 ], [ -69.017462570465469, 48.146959686285292 ], [ -69.024448842021201, 48.144725660072744 ] ] ] } },
{ "type": "Feature", "properties": { "hex_id": 980690, "centroid_lon": -69.022040164614793, "centroid_lat": 48.165390118231613, "occurrences_today": 3, "datetimes_today": "2026-03-21 20:31:48, 2026-03-21 20:47:05, 2026-03-21 21:01:55", "cumulative_total": 12 }, "geometry": { "type": "Polygon", "coordinates": [ [ [ -69.022642588275517, 48.160224019207732 ], [ -69.02902885156189, 48.163155911705736 ], [ -69.02842700734368, 48.168322068435018 ], [ -69.021437571313669, 48.170556206908159 ], [ -69.015050898255495, 48.1676238720407 ], [ -69.015654070938524, 48.162457841137957 ], [ -69.022642588275517, 48.160224019207732 ] ] ] } },
{ "type": "Feature", "properties": { "hex_id": 980691, "centroid_lon": -69.020231875547552, "centroid_lat": 48.180888353211088, "occurrences_today": 3, "datetimes_today": "2026-03-21 20:31:48, 2026-03-21 20:47:05, 2026-03-21 21:01:55", "cumulative_total": 12 }, "geometry": { "type": "Polygon", "coordinates": [ [ [ -69.020834808311463, 48.175722285235345 ], [ -69.027222810386789, 48.178654350883917 ], [ -69.026620457526874, 48.183820476599436 ], [ -69.019628772961184, 48.186054410833322 ], [ -69.013240360834644, 48.183121902575564 ], [ -69.013844043264299, 48.17795590276156 ], [ -69.020834808311463, 48.175722285235345 ] ] ] } },
{ "type": "Feature", "properties": { "hex_id": 980692, "centroid_lon": -69.018422058078215, "centroid_lat": 48.196386495009051, "occurrences_today": 3, "datetimes_today": "2026-03-21 20:31:48, 2026-03-21 20:47:05, 2026-03-21 21:01:55", "cumulative_total": 12 }, "geometry": { "type": "Polygon", "coordinates": [ [ [ -69.019025500491665, 48.191220458099998 ], [ -69.025415242740891, 48.194152697002309 ], [ -69.024812380693405, 48.199318791685549 ], [ -69.017818445660041, 48.201552521558412 ], [ -69.011428293079987, 48.198619839807037 ], [ -69.012032485803317, 48.19345387110036 ], [ -69.019025500491665, 48.191220458099998 ] ] ] } },
{ "type": "Feature", "properties": { "hex_id": 981299, "centroid_lon": -69.018065064335872, "centroid_lat": 48.141793613959805, "occurrences_today": 3, "datetimes_today": "2026-03-21 20:31:48, 2026-03-21 20:47:05, 2026-03-21 21:01:55", "cumulative_total": 103 }, "geometry": { "type": "Polygon", "coordinates": [ [ [ -69.018667388654606, 48.13662753128375 ], [ -69.025050587726113, 48.139559519680148 ], [ -69.024448842021201, 48.144725660072744 ], [ -69.017462570465469, 48.146959686285292 ], [ -69.011078962362078, 48.144027255837592 ], [ -69.01168203478575, 48.138861241297008 ], [ -69.018667388654606, 48.13662753128375 ] ] ] } },
{ "type": "Feature", "properties": { "hex_id": 981300, "centroid_lon": -69.016257073827404, "centroid_lat": 48.15729179987644, "occurrences_today": 3, "datetimes_today": "2026-03-21 20:31:48, 2026-03-21 20:47:05, 2026-03-21 21:01:55", "cumulative_total": 103 }, "geometry": { "type": "Polygon", "coordinates": [ [ [ -69.016859906982859, 48.152125748258207 ], [ -69.023244842356448, 48.155057909838597 ], [ -69.022642588275517, 48.160224019207732 ], [ -69.015654070938524, 48.162457841137957 ], [ -69.009268726254192, 48.159525237266784 ], [ -69.009872308156957, 48.154359253824566 ], [ -69.016859906982859, 48.152125748258207 ] ] ] } },
{ "type": "Feature", "properties": { "hex_id": 981301, "centroid_lon": -69.014447555717666, "centroid_lat": 48.172789892582578, "occurrences_today": 3, "datetimes_today": "2026-03-21 20:31:48, 2026-03-21 20:47:05, 2026-03-21 21:01:55", "cumulative_total": 12 }, "geometry": { "type": "Polygon", "coordinates": [ [ [ -69.015050898255495, 48.1676238720407 ], [ -69.021437571313669, 48.170556206908159 ], [ -69.020834808311463, 48.175722285235345 ], [ -69.013844043264299, 48.17795590276156 ], [ -69.007456960616409, 48.175023125363651 ], [ -69.008061052544676, 48.169857173038395 ], [ -69.015050898255495, 48.1676238720407 ] ] ] } },
{ "type": "Feature", "properties": { "hex_id": 981302, "centroid_lon": -69.012636508367919, "centroid_lat": 48.188287892022529, "occurrences_today": 3, "datetimes_today": "2026-03-21 20:31:48, 2026-03-21 20:47:05, 2026-03-21 21:01:55", "cumulative_total": 12 }, "geometry": { "type": "Polygon", "coordinates": [ [ [ -69.013240360834644, 48.183121902575564 ], [ -69.019628772961184, 48.186054410833322 ], [ -69.019025500491665, 48.191220458099998 ], [ -69.012032485803317, 48.19345387110036 ], [ -69.005643663807874, 48.190520920072352 ], [ -69.006248266308859, 48.185354998882708 ], [ -69.013240360834644, 48.183121902575564 ] ] ] } },
{ "type": "Feature", "properties": { "hex_id": 981303, "centroid_lon": -69.01082393013705, "centroid_lat": 48.203785798140458, "occurrences_today": 3, "datetimes_today": "2026-03-21 20:31:48, 2026-03-21 20:47:05, 2026-03-21 21:01:55", "cumulative_total": 12 }, "geometry": { "type": "Polygon", "coordinates": [ [ [ -69.011428293079987, 48.198619839807037 ], [ -69.017818445660041, 48.201552521558412 ], [ -69.017214663176318, 48.206718537746006 ], [ -69.010219396913612, 48.208951746098549 ], [ -69.003828834185313, 48.206018621336952 ], [ -69.004433947807044, 48.200852731301566 ], [ -69.011428293079987, 48.198619839807037 ] ] ] } },
{ "type": "Feature", "properties": { "hex_id": 981910, "centroid_lon": -69.010475720172693, "centroid_lat": 48.149193260014158, "occurrences_today": 3, "datetimes_today": "2026-03-21 20:31:48, 2026-03-21 20:47:05, 2026-03-21 21:01:55", "cumulative_total": 103 }, "geometry": { "type": "Polygon", "coordinates": [ [ [ -69.011078962362078, 48.144027255837592 ], [ -69.017462570465469, 48.146959686285292 ], [ -69.016859906982859, 48.152125748258207 ], [ -69.009872308156957, 48.154359253824566 ], [ -69.003488291203496, 48.151426381164796 ], [ -69.004092281865312, 48.146260445219113 ], [ -69.011078962362078, 48.144027255837592 ] ] ] } },
{ "type": "Feature", "properties": { "hex_id": 981911, "centroid_lon": -69.008664974403686, "centroid_lat": 48.164691210338766, "occurrences_today": 3, "datetimes_today": "2026-03-21 20:31:48, 2026-03-21 20:47:05, 2026-03-21 21:01:55", "cumulative_total": 12 }, "geometry": { "type": "Polygon", "coordinates": [ [ [ -69.009268726254192, 48.159525237266784 ], [ -69.015654070938524, 48.162457841137957 ], [ -69.015050898255495, 48.1676238720407 ], [ -69.008061052544676, 48.169857173038395 ], [ -69.001675298731712, 48.166924126715564 ], [ -69.002279799697462, 48.161758221915093 ], [ -69.009268726254192, 48.159525237266784 ] ] ] } },
{ "type": "Feature", "properties": { "hex_id": 981912, "centroid_lon": -69.006852698558077, "centroid_lat": 48.18018906731244, "occurrences_today": 3, "datetimes_today": "2026-03-21 20:31:48, 2026-03-21 20:47:05, 2026-03-21 21:01:55", "cumulative_total": 12 }, "geometry": { "type": "Polygon", "coordinates": [ [ [ -69.007456960616409, 48.175023125363651 ], [ -69.013844043264299, 48.17795590276156 ], [ -69.013240360834644, 48.183121902575564 ], [ -69.006248266308859, 48.185354998882708 ], [ -68.999860774253591, 48.182421778793376 ], [ -69.000465786070649, 48.17725590515677 ], [ -69.007456960616409, 48.175023125363651 ] ] ] } },
{ "type": "Feature", "properties": { "hex_id": 981913, "centroid_lon": -69.005038890994243, "centroid_lat": 48.195686830879325, "occurrences_today": 3, "datetimes_today": "2026-03-21 20:31:48, 2026-03-21 20:47:05, 2026-03-21 21:01:55", "cumulative_total": 12 }, "geometry": { "type": "Polygon", "coordinates": [ [ [ -69.005643663807874, 48.190520920072352 ], [ -69.012032485803317, 48.19345387110036 ], [ -69.011428293079987, 48.198619839807037 ], [ -69.004433947807044, 48.200852731301566 ], [ -68.998044716125335, 48.197919337342242 ], [ -68.998650239341899, 48.192753494888187 ], [ -69.005643663807874, 48.190520920072352 ] ] ] } },
{ "type": "Feature", "properties": { "hex_id": 981914, "centroid_lon": -69.0032235500681, "centroid_lat": 48.211184500983457, "occurrences_today": 3, "datetimes_today": "2026-03-21 20:31:48, 2026-03-21 20:47:05, 2026-03-21 21:01:55", "cumulative_total": 12 }, "geometry": { "type": "Polygon", "coordinates": [ [ [ -69.003828834185313, 48.206018621336952 ], [ -69.010219396913612, 48.208951746098549 ], [ -69.009614693348752, 48.214117683679248 ], [ -69.00261809539434, 48.216350370238978 ], [ -68.996227122700716, 48.213416802306028 ], [ -68.996833157865794, 48.208250991053248 ], [ -69.003828834185313, 48.206018621336952 ] ] ] } },
{ "type": "Feature", "properties": { "hex_id": 982520, "centroid_lon": -69.004696102547328, "centroid_lat": 48.141094498895846, "occurrences_today": 3, "datetimes_today": "2026-03-21 20:31:48, 2026-03-21 20:47:05, 2026-03-21 21:01:55", "cumulative_total": 12 }, "geometry": { "type": "Polygon", "coordinates": [ [ [ -69.005299753310254, 48.135928542197014 ], [ -69.01168203478575, 48.138861241297008 ], [ -69.011078962362078, 48.144027255837592 ], [ -69.004092281865312, 48.146260445219113 ], [ -68.997709592000021, 48.143327303985743 ], [ -68.998313990960611, 48.138161415572597 ], [ -69.005299753310254, 48.135928542197014 ] ] ] } },
{ "type": "Feature", "properties": { "hex_id": 982521, "centroid_lon": -69.002884130501116, "centroid_lat": 48.156592306730808, "occurrences_today": 3, "datetimes_today": "2026-03-21 20:31:48, 2026-03-21 20:47:05, 2026-03-21 21:01:55", "cumulative_total": 12 }, "geometry": { "type": "Polygon", "coordinates": [ [ [ -69.003488291203496, 48.151426381164796 ], [ -69.009872308156957, 48.154359253824566 ], [ -69.009268726254192, 48.159525237266784 ], [ -69.002279799697462, 48.161758221915093 ], [ -68.995895374076085, 48.158824906882408 ], [ -68.996500283618559, 48.153659049642734 ], [ -69.003488291203496, 48.151426381164796 ] ] ] } },
{ "type": "Feature", "properties": { "hex_id": 982522, "centroid_lon": -69.001070627543058, "centroid_lat": 48.172090021130138, "occurrences_today": 3, "datetimes_today": "2026-03-21 20:31:48, 2026-03-21 20:47:05, 2026-03-21 21:01:55", "cumulative_total": 12 }, "geometry": { "type": "Polygon", "coordinates": [ [ [ -69.001675298731712, 48.166924126715564 ], [ -69.008061052544676, 48.169857173038395 ], [ -69.007456960616409, 48.175023125363651 ], [ -69.000465786070649, 48.17725590515677 ], [ -68.994079623311492, 48.174322416221358 ], [ -68.994685043983438, 48.16915659017382 ], [ -69.001675298731712, 48.166924126715564 ] ] ] } },
{ "type": "Feature", "properties": { "hex_id": 982523, "centroid_lon": -68.999255592030977, "centroid_lat": 48.187587642037883, "occurrences_today": 3, "datetimes_today": "2026-03-21 20:31:48, 2026-03-21 20:47:05, 2026-03-21 21:01:55", "cumulative_total": 12 }, "geometry": { "type": "Polygon", "coordinates": [ [ [ -68.999860774253591, 48.182421778793376 ], [ -69.006248266308859, 48.185354998882708 ], [ -69.005643663807874, 48.190520920072352 ], [ -68.998650239341899, 48.192753494888187 ], [ -68.992262338061991, 48.189819831946465 ], [ -68.992868270411748, 48.184654037109766 ], [ -68.999860774253591, 48.182421778793376 ] ] ] } },
{ "type": "Feature", "properties": { "hex_id": 982524, "centroid_lon": -68.997439022320322, "centroid_lat": 48.203085169397959, "occurrences_today": 3, "datetimes_today": "2026-03-21 20:31:48, 2026-03-21 20:47:05, 2026-03-21 21:01:55", "cumulative_total": 12 }, "geometry": { "type": "Polygon", "coordinates": [ [ [ -68.998044716125335, 48.197919337342242 ], [ -69.004433947807044, 48.200852731301566 ], [ -69.003828834185313, 48.206018621336952 ], [ -68.996833157865794, 48.208250991053248 ], [ -68.990443516680813, 48.205317154001527 ], [ -68.991049961257573, 48.200151390394439 ], [ -68.998044716125335, 48.197919337342242 ] ] ] } },
{ "type": "Feature", "properties": { "hex_id": 983131, "centroid_lon": -68.997105022906283, "centroid_lat": 48.148493182009815, "occurrences_today": 3, "datetimes_today": "2026-03-21 20:31:48, 2026-03-21 20:47:05, 2026-03-21 21:01:55", "cumulative_total": 12 }, "geometry": { "type": "Polygon", "coordinates": [ [ [ -68.997709592000021, 48.143327303985743 ], [ -69.004092281865312, 48.146260445219113 ], [ -69.003488291203496, 48.151426381164796 ], [ -68.996500283618559, 48.153659049642734 ], [ -68.990117185545699, 48.150725466115254 ], [ -68.990722503204552, 48.145559656472308 ], [ -68.997709592000021, 48.143327303985743 ] ] ] } },
{ "type": "Feature", "properties": { "hex_id": 983132, "centroid_lon": -68.995290294217995, "centroid_lat": 48.163990753726807, "occurrences_today": 3, "datetimes_today": "2026-03-21 20:31:48, 2026-03-21 20:47:05, 2026-03-21 21:01:55", "cumulative_total": 12 }, "geometry": { "type": "Polygon", "coordinates": [ [ [ -68.995895374076085, 48.158824906882408 ], [ -69.002279799697462, 48.161758221915093 ], [ -69.001675298731712, 48.166924126715564 ], [ -68.994685043983438, 48.16915659017382 ], [ -68.988300209876641, 48.166222832607424 ], [ -68.988906038942645, 48.161057054184901 ], [ -68.995895374076085, 48.158824906882408 ] ] ] } },
{ "type": "Feature", "properties": { "hex_id": 983133, "centroid_lon": -68.993474032141251, "centroid_lat": 48.179488231867367, "occurrences_today": 3, "datetimes_today": "2026-03-21 20:31:48, 2026-03-21 20:47:05, 2026-03-21 21:01:55", "cumulative_total": 12 }, "geometry": { "type": "Polygon", "coordinates": [ [ [ -68.994079623311492, 48.174322416221358 ], [ -69.000465786070649, 48.17725590515677 ], [ -68.999860774253591, 48.182421778793376 ], [ -68.992868270411748, 48.184654037109766 ], [ -68.986481698889165, 48.181720105400878 ], [ -68.987088039910887, 48.176554358217494 ], [ -68.994079623311492, 48.174322416221358 ] ] ] } },
{ "type": "Feature", "properties": { "hex_id": 983134, "centroid_lon": -68.991656235030945, "centroid_lat": 48.194985616375391, "occurrences_today": 3, "datetimes_today": "2026-03-21 20:31:48, 2026-03-21 20:47:05, 2026-03-21 21:01:55", "cumulative_total": 12 }, "geometry": { "type": "Polygon", "coordinates": [ [ [ -68.992262338061991, 48.189819831946465 ], [ -68.998650239341899, 48.192753494888187 ], [ -68.998044716125335, 48.197919337342242 ], [ -68.991049961257573, 48.200151390394439 ], [ -68.984661650936047, 48.197217284439304 ], [ -68.985268504462823, 48.192051568513861 ], [ -68.992262338061991, 48.189819831946465 ] ] ] } },
{ "type": "Feature", "properties": { "hex_id": 983135, "centroid_lon": -68.989836901239514, "centroid_lat": 48.21048290719461, "occurrences_today": 3, "datetimes_today": "2026-03-21 20:31:48, 2026-03-21 20:47:05, 2026-03-21 21:01:55", "cumulative_total": 12 }, "geometry": { "type": "Polygon", "coordinates": [ [ [ -68.990443516680813, 48.205317154001527 ], [ -68.996833157865794, 48.208250991053248 ], [ -68.996227122700716, 48.213416802306028 ], [ -68.989230114872555, 48.215648649971563 ], [ -68.982840064367593, 48.212714369666386 ], [ -68.98344743094961, 48.20754868501767 ], [ -68.990443516680813, 48.205317154001527 ] ] ] } },
{ "type": "Feature", "properties": { "hex_id": 983742, "centroid_lon": -68.98951169747869, "centroid_lat": 48.155891265353489, "occurrences_today": 3, "datetimes_today": "2026-03-21 20:31:48, 2026-03-21 20:47:05, 2026-03-21 21:01:55", "cumulative_total": 12 }, "geometry": { "type": "Polygon", "coordinates": [ [ [ -68.990117185545699, 48.150725466115254 ], [ -68.996500283618559, 48.153659049642734 ], [ -68.995895374076085, 48.158824906882408 ], [ -68.988906038942645, 48.161057054184901 ], [ -68.982522532844769, 48.158123028202546 ], [ -68.983128769844427, 48.15295729744097 ], [ -68.990117185545699, 48.150725466115254 ] ] ] } },
{ "type": "Feature", "properties": { "hex_id": 983743, "centroid_lon": -68.987694210219701, "centroid_lat": 48.171388600618982, "occurrences_today": 3, "datetimes_today": "2026-03-21 20:31:48, 2026-03-21 20:47:05, 2026-03-21 21:01:55", "cumulative_total": 12 }, "geometry": { "type": "Polygon", "coordinates": [ [ [ -68.988300209876641, 48.166222832607424 ], [ -68.994685043983438, 48.16915659017382 ], [ -68.994079623311492, 48.174322416221358 ], [ -68.987088039910887, 48.176554358217494 ], [ -68.980702797501479, 48.173620157956549 ], [ -68.981309546734309, 48.168454458462428 ], [ -68.988300209876641, 48.166222832607424 ] ] ] } },
{ "type": "Feature", "properties": { "hex_id": 983744, "centroid_lon": -68.985875187093498, "centroid_lat": 48.18688584216703, "occurrences_today": 3, "datetimes_today": "2026-03-21 20:31:48, 2026-03-21 20:47:05, 2026-03-21 21:01:55", "cumulative_total": 12 }, "geometry": { "type": "Polygon", "coordinates": [ [ [ -68.986481698889165, 48.181720105400878 ], [ -68.992868270411748, 48.184654037109766 ], [ -68.992262338061991, 48.189819831946465 ], [ -68.985268504462823, 48.192051568513861 ], [ -68.978881524359892, 48.189117193870558 ], [ -68.979488786375384, 48.183951525662707 ], [ -68.986481698889165, 48.181720105400878 ] ] ] } },
{ "type": "Feature", "properties": { "hex_id": 983745, "centroid_lon": -68.984054626452036, "centroid_lat": 48.202382989941285, "occurrences_today": 3, "datetimes_today": "2026-03-21 20:31:48, 2026-03-21 20:47:05, 2026-03-21 21:01:55", "cumulative_total": 12 }, "geometry": { "type": "Polygon", "coordinates": [ [ [ -68.984661650936047, 48.197217284439304 ], [ -68.991049961257573, 48.200151390394439 ], [ -68.990443516680813, 48.205317154001527 ], [ -68.98344743094961, 48.20754868501767 ], [ -68.977058711769828, 48.204614135888107 ], [ -68.977666487118313, 48.199448498985355 ], [ -68.984661650936047, 48.197217284439304 ] ] ] } },
{ "type": "Feature", "properties": { "hex_id": 984352, "centroid_lon": -68.9837348362217, "centroid_lat": 48.147791556261076, "occurrences_today": 3, "datetimes_today": "2026-03-21 20:31:48, 2026-03-21 20:47:05, 2026-03-21 21:01:55", "cumulative_total": 12 }, "geometry": { "type": "Polygon", "coordinates": [ [ [ -68.984340732037495, 48.142625804664931 ], [ -68.990722503204552, 48.145559656472308 ], [ -68.990117185545699, 48.150725466115254 ], [ -68.983128769844427, 48.15295729744097 ], [ -68.976746591112345, 48.150023003257601 ], [ -68.977353235585639, 48.144857320192855 ], [ -68.984340732037495, 48.142625804664931 ] ] ] } },
{ "type": "Feature", "properties": { "hex_id": 984353, "centroid_lon": -68.981916125161717, "centroid_lat": 48.163288748543749, "occurrences_today": 3, "datetimes_today": "2026-03-21 20:31:48, 2026-03-21 20:47:05, 2026-03-21 21:01:55", "cumulative_total": 12 }, "geometry": { "type": "Polygon", "coordinates": [ [ [ -68.982522532844769, 48.158123028202546 ], [ -68.988906038942645, 48.161057054184901 ], [ -68.988300209876641, 48.166222832607424 ], [ -68.981309546734309, 48.168454458462428 ], [ -68.974925632794253, 48.165519989864457 ], [ -68.975532789777688, 48.160354338095495 ], [ -68.982522532844769, 48.158123028202546 ] ] ] } },
{ "type": "Feature", "properties": { "hex_id": 984354, "centroid_lon": -68.980095877402206, "centroid_lat": 48.178785847024002, "occurrences_today": 3, "datetimes_today": "2026-03-21 20:31:48, 2026-03-21 20:47:05, 2026-03-21 21:01:55", "cumulative_total": 12 }, "geometry": { "type": "Polygon", "coordinates": [ [ [ -68.980702797501479, 48.173620157956549 ], [ -68.987088039910887, 48.176554358217494 ], [ -68.986481698889165, 48.181720105400878 ], [ -68.979488786375384, 48.183951525662707 ], [ -68.973103135846515, 48.181016882546331 ], [ -68.973710805889795, 48.175851262091975 ], [ -68.980702797501479, 48.173620157956549 ] ] ] } },
{ "type": "Feature", "properties": { "hex_id": 984355, "centroid_lon": -68.978274091294594, "centroid_lat": 48.194282851645461, "occurrences_today": 3, "datetimes_today": "2026-03-21 20:31:48, 2026-03-21 20:47:05, 2026-03-21 21:01:55", "cumulative_total": 12 }, "geometry": { "type": "Polygon", "coordinates": [ [ [ -68.978881524359892, 48.189117193870558 ], [ -68.985268504462823, 48.192051568513861 ], [ -68.984661650936047, 48.197217284439304 ], [ -68.977666487118313, 48.199448498985355 ], [ -68.971279098618453, 48.196513681246685 ], [ -68.971887282272064, 48.191348092125793 ], [ -68.978881524359892, 48.189117193870558 ] ] ] } },
{ "type": "Feature", "properties": { "hex_id": 984356, "centroid_lon": -68.976450765187892, "centroid_lat": 48.209779762351651, "occurrences_today": 3, "datetimes_today": "2026-03-21 20:31:48, 2026-03-21 20:47:05, 2026-03-21 21:01:55", "cumulative_total": 12 }, "geometry": { "type": "Polygon", "coordinates": [ [ [ -68.977058711769828, 48.204614135888107 ], [ -68.98344743094961, 48.20754868501767 ], [ -68.982840064367593, 48.212714369666386 ], [ -68.975842647311254, 48.214945378373891 ], [ -68.969453519456891, 48.212010385908897 ], [ -68.970062217272158, 48.206844828140348 ], [ -68.977058711769828, 48.204614135888107 ] ] ] } },
{ "type": "Feature", "properties": { "hex_id": 984963, "centroid_lon": -68.976139775863388, "centroid_lat": 48.155188675892511, "occurrences_today": 3, "datetimes_today": "2026-03-21 20:31:48, 2026-03-21 20:47:05, 2026-03-21 21:01:55", "cumulative_total": 12 }, "geometry": { "type": "Polygon", "coordinates": [ [ [ -68.976746591112345, 48.150023003257601 ], [ -68.983128769844427, 48.15295729744097 ], [ -68.982522532844769, 48.158123028202546 ], [ -68.975532789777688, 48.160354338095495 ], [ -68.969150203663531, 48.15741960137543 ], [ -68.969757767937494, 48.152253997367467 ], [ -68.976746591112345, 48.150023003257601 ] ] ] } },
{ "type": "Feature", "properties": { "hex_id": 984964, "centroid_lon": -68.974318304852005, "centroid_lat": 48.170685631197316, "occurrences_today": 3, "datetimes_today": "2026-03-21 20:31:48, 2026-03-21 20:47:05, 2026-03-21 21:01:55", "cumulative_total": 12 }, "geometry": { "type": "Polygon", "coordinates": [ [ [ -68.974925632794253, 48.165519989864457 ], [ -68.981309546734309, 48.168454458462428 ], [ -68.980702797501479, 48.173620157956549 ], [ -68.973710805889795, 48.175851262091975 ], [ -68.967326484290808, 48.172916350717585 ], [ -68.96793456190133, 48.167750778052579 ], [ -68.974925632794253, 48.165519989864457 ] ] ] } },
{ "type": "Feature", "properties": { "hex_id": 984965, "centroid_lon": -68.972495294661016, "centroid_lat": 48.186182492558309, "occurrences_today": 3, "datetimes_today": "2026-03-21 20:31:48, 2026-03-21 20:47:05, 2026-03-21 21:01:55", "cumulative_total": 12 }, "geometry": { "type": "Polygon", "coordinates": [ [ [ -68.973103135846515, 48.181016882546331 ], [ -68.979488786375384, 48.183951525662707 ], [ -68.978881524359892, 48.189117193870558 ], [ -68.971887282272064, 48.191348092125793 ], [ -68.965501223807223, 48.188413005993141 ], [ -68.966109815304989, 48.18324746468997 ], [ -68.973103135846515, 48.181016882546331 ] ] ] } },
{ "type": "Feature", "properties": { "hex_id": 984966, "centroid_lon": -68.970670743638919, "centroid_lat": 48.201679259918919, "occurrences_today": 3, "datetimes_today": "2026-03-21 20:31:48, 2026-03-21 20:47:05, 2026-03-21 21:01:55", "cumulative_total": 12 }, "geometry": { "type": "Polygon", "coordinates": [ [ [ -68.971279098618453, 48.196513681246685 ], [ -68.977666487118313, 48.199448498985355 ], [ -68.977058711769828, 48.204614135888107 ], [ -68.970062217272158, 48.206844828140348 ], [ -68.96367442055913, 48.203909567145359 ], [ -68.964283526495606, 48.198744057222939 ], [ -68.971279098618453, 48.196513681246685 ] ] ] } },
{ "type": "Feature", "properties": { "hex_id": 984967, "centroid_lon": -68.968844650131729, "centroid_lat": 48.217175933222471, "occurrences_today": 3, "datetimes_today": "2026-03-21 20:31:48, 2026-03-21 20:47:05, 2026-03-21 21:01:55", "cumulative_total": 12 }, "geometry": { "type": "Polygon", "coordinates": [ [ [ -68.969453519456891, 48.212010385908897 ], [ -68.975842647311254, 48.214945378373891 ], [ -68.975234358078595, 48.220110983952715 ], [ -68.968235609235322, 48.222341470078966 ], [ -68.96184607289041, 48.21940603411749 ], [ -68.962455693817944, 48.214240555594735 ], [ -68.969453519456891, 48.212010385908897 ] ] ] } },
{ "type": "Feature", "properties": { "hex_id": 985574, "centroid_lon": -68.968542468338526, "centroid_lat": 48.162585194937833, "occurrences_today": 3, "datetimes_today": "2026-03-21 20:31:48, 2026-03-21 20:47:05, 2026-03-21 21:01:55", "cumulative_total": 108 }, "geometry": { "type": "Polygon", "coordinates": [ [ [ -68.969150203663531, 48.15741960137543 ], [ -68.975532789777688, 48.160354338095495 ], [ -68.974925632794253, 48.165519989864457 ], [ -68.96793456190133, 48.167750778052579 ], [ -68.961551568588348, 48.164815598635123 ], [ -68.962160053305965, 48.159650073795291 ], [ -68.969150203663531, 48.15741960137543 ] ] ] } },
{ "type": "Feature", "properties": { "hex_id": 985575, "centroid_lon": -68.966718235445754, "centroid_lat": 48.17808191293075, "occurrences_today": 3, "datetimes_today": "2026-03-21 20:31:48, 2026-03-21 20:47:05, 2026-03-21 21:01:55", "cumulative_total": 12 }, "geometry": { "type": "Polygon", "coordinates": [ [ [ -68.967326484290808, 48.172916350717585 ], [ -68.973710805889795, 48.175851262091975 ], [ -68.973103135846515, 48.181016882546331 ], [ -68.966109815304989, 48.18324746468997 ], [ -68.959725086230577, 48.180312110378388 ], [ -68.960334085111896, 48.175146616928778 ], [ -68.967326484290808, 48.172916350717585 ] ] ] } },
{ "type": "Feature", "properties": { "hex_id": 985576, "centroid_lon": -68.964892460891207, "centroid_lat": 48.19357853683816, "occurrences_today": 3, "datetimes_today": "2026-03-21 20:31:48, 2026-03-21 20:47:05, 2026-03-21 21:01:55", "cumulative_total": 12 }, "geometry": { "type": "Polygon", "coordinates": [ [ [ -68.965501223807223, 48.188413005993141 ], [ -68.971887282272064, 48.191348092125793 ], [ -68.971279098618453, 48.196513681246685 ], [ -68.964283526495606, 48.198744057222939 ], [ -68.957897060278597, 48.19580852791313 ], [ -68.958506573875255, 48.190643065872678 ], [ -68.965501223807223, 48.188413005993141 ] ] ] } },
{ "type": "Feature", "properties": { "hex_id": 985577, "centroid_lon": -68.963065143020359, "centroid_lat": 48.209075066603326, "occurrences_today": 3, "datetimes_today": "2026-03-21 20:31:48, 2026-03-21 20:47:05, 2026-03-21 21:01:55", "cumulative_total": 12 }, "geometry": { "type": "Polygon", "coordinates": [ [ [ -68.96367442055913, 48.203909567145359 ], [ -68.970062217272158, 48.206844828140348 ], [ -68.969453519456891, 48.212010385908897 ], [ -68.962455693817944, 48.214240555594735 ], [ -68.956067489075792, 48.21130485118249 ], [ -68.956677517940292, 48.206139420570153 ], [ -68.96367442055913, 48.203909567145359 ] ] ] } },
{ "type": "Feature", "properties": { "hex_id": 986184, "centroid_lon": -68.962768366758141, "centroid_lat": 48.154484538496263, "occurrences_today": 3, "datetimes_today": "2026-03-21 20:31:48, 2026-03-21 20:47:05, 2026-03-21 21:01:55", "cumulative_total": 108 }, "geometry": { "type": "Polygon", "coordinates": [ [ [ -68.963376509006054, 48.149318992740135 ], [ -68.969757767937494, 48.152253997367467 ], [ -68.969150203663531, 48.15741960137543 ], [ -68.962160053305965, 48.159650073795291 ], [ -68.955778387635448, 48.156714626549579 ], [ -68.95638727900041, 48.151549149570727 ], [ -68.963376509006054, 48.149318992740135 ] ] ] } },
{ "type": "Feature", "properties": { "hex_id": 986185, "centroid_lon": -68.960942912544056, "centroid_lat": 48.169981113013648, "occurrences_today": 3, "datetimes_today": "2026-03-21 20:31:48, 2026-03-21 20:47:05, 2026-03-21 21:01:55", "cumulative_total": 100 }, "geometry": { "type": "Polygon", "coordinates": [ [ [ -68.961551568588348, 48.164815598635123 ], [ -68.96793456190133, 48.167750778052579 ], [ -68.967326484290808, 48.172916350717585 ], [ -68.960334085111896, 48.175146616928778 ], [ -68.953950684783663, 48.172210994653199 ], [ -68.95456009058833, 48.167045549092919 ], [ -68.961551568588348, 48.164815598635123 ] ] ] } },
{ "type": "Feature", "properties": { "hex_id": 986186, "centroid_lon": -68.959115915838808, "centroid_lat": 48.185477593360389, "occurrences_today": 3, "datetimes_today": "2026-03-21 20:31:48, 2026-03-21 20:47:05, 2026-03-21 21:01:55", "cumulative_total": 12 }, "geometry": { "type": "Polygon", "coordinates": [ [ [ -68.959725086230577, 48.180312110378388 ], [ -68.966109815304989, 48.18324746468997 ], [ -68.965501223807223, 48.188413005993141 ], [ -68.958506573875255, 48.190643065872678 ], [ -68.952121437509291, 48.187707268463072 ], [ -68.952731358305499, 48.182541854340379 ], [ -68.959725086230577, 48.180312110378388 ] ] ] } },
{ "type": "Feature", "properties": { "hex_id": 986187, "centroid_lon": -68.957287374987402, "centroid_lat": 48.200973979479663, "occurrences_today": 3, "datetimes_today": "2026-03-21 20:31:48, 2026-03-21 20:47:05, 2026-03-21 21:01:55", "cumulative_total": 12 }, "geometry": { "type": "Polygon", "coordinates": [ [ [ -68.957897060278597, 48.19580852791313 ], [ -68.964283526495606, 48.198744057222939 ], [ -68.96367442055913, 48.203909567145359 ], [ -68.956677517940292, 48.206139420570153 ], [ -68.950290644155217, 48.203203447922277 ], [ -68.950901080495598, 48.198038065256149 ], [ -68.957897060278597, 48.19580852791313 ] ] ] } },
{ "type": "Feature", "properties": { "hex_id": 986188, "centroid_lon": -68.95545728833244, "centroid_lat": 48.216470271314563, "occurrences_today": 3, "datetimes_today": "2026-03-21 20:31:48, 2026-03-21 20:47:05, 2026-03-21 21:01:55", "cumulative_total": 12 }, "geometry": { "type": "Polygon", "coordinates": [ [ [ -68.956067489075792, 48.21130485118249 ], [ -68.962455693817944, 48.214240555594735 ], [ -68.96184607289041, 48.21940603411749 ], [ -68.954846915648716, 48.221635680964276 ], [ -68.948458303061869, 48.218699532973751 ], [ -68.949069255499893, 48.213534181783196 ], [ -68.956067489075792, 48.21130485118249 ] ] ] } },
{ "type": "Feature", "properties": { "hex_id": 986795, "centroid_lon": -68.955169324851838, "centroid_lat": 48.161880093057675, "occurrences_today": 3, "datetimes_today": "2026-03-21 20:31:48, 2026-03-21 20:47:05, 2026-03-21 21:01:55", "cumulative_total": 100 }, "geometry": { "type": "Polygon", "coordinates": [ [ [ -68.955778387635448, 48.156714626549579 ], [ -68.962160053305965, 48.159650073795291 ], [ -68.961551568588348, 48.164815598635123 ], [ -68.95456009058833, 48.167045549092919 ], [ -68.948178018362341, 48.164109659068195 ], [ -68.94878783063055, 48.158944261433021 ], [ -68.955778387635448, 48.156714626549579 ] ] ] } },
{ "type": "Feature", "properties": { "hex_id": 986796, "centroid_lon": -68.953341107376502, "centroid_lat": 48.177376429736384, "occurrences_today": 3, "datetimes_today": "2026-03-21 20:31:48, 2026-03-21 20:47:05, 2026-03-21 21:01:55", "cumulative_total": 100 }, "geometry": { "type": "Polygon", "coordinates": [ [ [ -68.953950684783663, 48.172210994653199 ], [ -68.960334085111896, 48.175146616928778 ], [ -68.959725086230577, 48.180312110378388 ], [ -68.952731358305499, 48.182541854340379 ], [ -68.946347551145934, 48.179605789045958 ], [ -68.946957878681417, 48.174440422876764 ], [ -68.953950684783663, 48.172210994653199 ] ] ] } },
{ "type": "Feature", "properties": { "hex_id": 986797, "centroid_lon": -68.951511344926473, "centroid_lat": 48.192872672102375, "occurrences_today": 3, "datetimes_today": "2026-03-21 20:31:48, 2026-03-21 20:47:05, 2026-03-21 21:01:55", "cumulative_total": 12 }, "geometry": { "type": "Polygon", "coordinates": [ [ [ -68.952121437509291, 48.187707268463072 ], [ -68.958506573875255, 48.190643065872678 ], [ -68.957897060278597, 48.19580852791313 ], [ -68.950901080495598, 48.198038065256149 ], [ -68.944515537022241, 48.195101824587738 ], [ -68.945126380377815, 48.189936489903545 ], [ -68.952121437509291, 48.187707268463072 ] ] ] } },
{ "type": "Feature", "properties": { "hex_id": 986798, "centroid_lon": -68.949680035843826, "centroid_lat": 48.208368820098663, "occurrences_today": 3, "datetimes_today": "2026-03-21 20:31:48, 2026-03-21 20:47:05, 2026-03-21 21:01:55", "cumulative_total": 12 }, "geometry": { "type": "Polygon", "coordinates": [ [ [ -68.950290644155217, 48.203203447922277 ], [ -68.956677517940292, 48.206139420570153 ], [ -68.956067489075792, 48.21130485118249 ], [ -68.949069255499893, 48.213534181783196 ], [ -68.942681974331236, 48.210597765636386 ], [ -68.943293334060527, 48.205432462456272 ], [ -68.950290644155217, 48.203203447922277 ] ] ] } },
{ "type": "Feature", "properties": { "hex_id": 986799, "centroid_lon": -68.947847178468166, "centroid_lat": 48.223864873668212, "occurrences_today": 3, "datetimes_today": "2026-03-21 20:31:48, 2026-03-21 20:47:05, 2026-03-21 21:01:55", "cumulative_total": 12 }, "geometry": { "type": "Polygon", "coordinates": [ [ [ -68.948458303061869, 48.218699532973751 ], [ -68.954846915648716, 48.221635680964276 ], [ -68.954236370963088, 48.226801080129498 ], [ -68.94723588165715, 48.229030203864475 ], [ -68.940846861410336, 48.226093612134711 ], [ -68.941458738067794, 48.220928340477734 ], [ -68.948458303061869, 48.218699532973751 ] ] ] } },
{ "type": "Feature", "properties": { "hex_id": 987406, "centroid_lon": -68.947568034399765, "centroid_lat": 48.169275046216811, "occurrences_today": 3, "datetimes_today": "2026-03-21 20:31:48, 2026-03-21 20:47:05, 2026-03-21 21:01:55", "cumulative_total": 100 }, "geometry": { "type": "Polygon", "coordinates": [ [ [ -68.948178018362341, 48.164109659068195 ], [ -68.95456009058833, 48.167045549092919 ], [ -68.953950684783663, 48.172210994653199 ], [ -68.946957878681417, 48.174440422876764 ], [ -68.940575400083958, 48.171504089912354 ], [ -68.941186133898825, 48.166338771732406 ], [ -68.948178018362341, 48.164109659068195 ] ] ] } },
{ "type": "Feature", "properties": { "hex_id": 987407, "centroid_lon": -68.945737051731882, "centroid_lat": 48.184771144722255, "occurrences_today": 3, "datetimes_today": "2026-03-21 20:31:48, 2026-03-21 20:47:05, 2026-03-21 21:01:55", "cumulative_total": 100 }, "geometry": { "type": "Polygon", "coordinates": [ [ [ -68.946347551145934, 48.179605789045958 ], [ -68.952731358305499, 48.182541854340379 ], [ -68.952121437509291, 48.187707268463072 ], [ -68.945126380377815, 48.189936489903545 ], [ -68.938742166571174, 48.18699998142953 ], [ -68.939353416481609, 48.18183469476304 ], [ -68.946347551145934, 48.179605789045958 ] ] ] } },
{ "type": "Feature", "properties": { "hex_id": 987408, "centroid_lon": -68.94390452160367, "centroid_lat": 48.200267148772689, "occurrences_today": 3, "datetimes_today": "2026-03-21 20:31:48, 2026-03-21 20:47:05, 2026-03-21 21:01:55", "cumulative_total": 12 }, "geometry": { "type": "Polygon", "coordinates": [ [ [ -68.944515537022241, 48.195101824587738 ], [ -68.950901080495598, 48.198038065256149 ], [ -68.950290644155217, 48.203203447922277 ], [ -68.943293334060527, 48.205432462456272 ], [ -68.93690738366432, 48.202495778368188 ], [ -68.937519150224091, 48.197330523234235 ], [ -68.944515537022241, 48.195101824587738 ] ] ] } },
{ "type": "Feature", "properties": { "hex_id": 987409, "centroid_lon": -68.942070442354208, "centroid_lat": 48.215763058310905, "occurrences_today": 3, "datetimes_today": "2026-03-21 20:31:48, 2026-03-21 20:47:05, 2026-03-21 21:01:55", "cumulative_total": 12 }, "geometry": { "type": "Polygon", "coordinates": [ [ [ -68.942681974331236, 48.210597765636386 ], [ -68.949069255499893, 48.213534181783196 ], [ -68.948458303061869, 48.218699532973751 ], [ -68.941458738067794, 48.220928340477734 ], [ -68.935071049700355, 48.217991480671024 ], [ -68.935683333464098, 48.212826257088707 ], [ -68.942681974331236, 48.210597765636386 ] ] ] } },
{ "type": "Feature", "properties": { "hex_id": 988016, "centroid_lon": -68.941796695804783, "centroid_lat": 48.161173443052206, "occurrences_today": 3, "datetimes_today": "2026-03-21 20:31:48, 2026-03-21 20:47:05, 2026-03-21 21:01:55", "cumulative_total": 12 }, "geometry": { "type": "Polygon", "coordinates": [ [ [ -68.942407085863223, 48.15600810387388 ], [ -68.94878783063055, 48.158944261433021 ], [ -68.948178018362341, 48.164109659068195 ], [ -68.941186133898825, 48.166338771732406 ], [ -68.934804983219493, 48.163402171312768 ], [ -68.935416122854278, 48.158236901157743 ], [ -68.942407085863223, 48.15600810387388 ] ] ] } },
{ "type": "Feature", "properties": { "hex_id": 988017, "centroid_lon": -68.939964494298707, "centroid_lat": 48.176669397589947, "occurrences_today": 3, "datetimes_today": "2026-03-21 20:31:48, 2026-03-21 20:47:05, 2026-03-21 21:01:55", "cumulative_total": 100 }, "geometry": { "type": "Polygon", "coordinates": [ [ [ -68.940575400083958, 48.171504089912354 ], [ -68.946957878681417, 48.174440422876764 ], [ -68.946347551145934, 48.179605789045958 ], [ -68.939353416481609, 48.18183469476304 ], [ -68.932970531696952, 48.17889791869829 ], [ -68.933582187702328, 48.173732680085166 ], [ -68.940575400083958, 48.171504089912354 ] ] ] } },
{ "type": "Feature", "properties": { "hex_id": 988018, "centroid_lon": -68.938130744505855, "centroid_lat": 48.192165257587305, "occurrences_today": 3, "datetimes_today": "2026-03-21 20:31:48, 2026-03-21 20:47:05, 2026-03-21 21:01:55", "cumulative_total": 12 }, "geometry": { "type": "Polygon", "coordinates": [ [ [ -68.938742166571174, 48.18699998142953 ], [ -68.945126380377815, 48.189936489903545 ], [ -68.944515537022241, 48.195101824587738 ], [ -68.937519150224091, 48.197330523234235 ], [ -68.931134529954932, 48.19439357141988 ], [ -68.931746702884851, 48.189228364367771 ], [ -68.938742166571174, 48.18699998142953 ] ] ] } },
{ "type": "Feature", "properties": { "hex_id": 988019, "centroid_lon": -68.936295444764866, "centroid_lat": 48.207661022987047, "occurrences_today": 3, "datetimes_today": "2026-03-21 20:31:48, 2026-03-21 20:47:05, 2026-03-21 21:01:55", "cumulative_total": 12 }, "geometry": { "type": "Polygon", "coordinates": [ [ [ -68.93690738366432, 48.202495778368188 ], [ -68.943293334060527, 48.205432462456272 ], [ -68.942681974331236, 48.210597765636386 ], [ -68.935683333464098, 48.212826257088707 ], [ -68.92929697632988, 48.209889129420127 ], [ -68.929909666739135, 48.204723953948196 ], [ -68.93690738366432, 48.202495778368188 ] ] ] } },
{ "type": "Feature", "properties": { "hex_id": 988020, "centroid_lon": -68.934458593411875, "centroid_lat": 48.223156693731859, "occurrences_today": 3, "datetimes_today": "2026-03-21 20:31:48, 2026-03-21 20:47:05, 2026-03-21 21:01:55", "cumulative_total": 12 }, "geometry": { "type": "Polygon", "coordinates": [ [ [ -68.935071049700355, 48.217991480671024 ], [ -68.941458738067794, 48.220928340477734 ], [ -68.940846861410336, 48.226093612134711 ], [ -68.933845964536928, 48.228321896269108 ], [ -68.927457869155816, 48.225384592641589 ], [ -68.928071077599995, 48.220219448768965 ], [ -68.935071049700355, 48.217991480671024 ] ] ] } },
{ "type": "Feature", "properties": { "hex_id": 988627, "centroid_lon": -68.934193671522664, "centroid_lat": 48.168567430955953, "occurrences_today": 3, "datetimes_today": "2026-03-21 20:31:48, 2026-03-21 20:47:05, 2026-03-21 21:01:55", "cumulative_total": 12 }, "geometry": { "type": "Polygon", "coordinates": [ [ [ -68.934804983219493, 48.163402171312768 ], [ -68.941186133898825, 48.166338771732406 ], [ -68.940575400083958, 48.171504089912354 ], [ -68.933582187702328, 48.173732680085166 ], [ -68.927200631295321, 48.170795636644428 ], [ -68.927812692936087, 48.165630446120332 ], [ -68.934804983219493, 48.163402171312768 ] ] ] } },
{ "type": "Feature", "properties": { "hex_id": 988628, "centroid_lon": -68.93235870344499, "centroid_lat": 48.184063146793207, "occurrences_today": 3, "datetimes_today": "2026-03-21 20:31:48, 2026-03-21 20:47:05, 2026-03-21 21:01:55", "cumulative_total": 12 }, "geometry": { "type": "Polygon", "coordinates": [ [ [ -68.932970531696952, 48.17889791869829 ], [ -68.939353416481609, 48.18183469476304 ], [ -68.938742166571174, 48.18699998142953 ], [ -68.931746702884851, 48.189228364367771 ], [ -68.925363412097653, 48.186291145041999 ], [ -68.925975990937715, 48.181125986107396 ], [ -68.932970531696952, 48.17889791869829 ] ] ] } },
{ "type": "Feature", "properties": { "hex_id": 988629, "centroid_lon": -68.930522184593585, "centroid_lat": 48.199558767947401, "occurrences_today": 3, "datetimes_today": "2026-03-21 20:31:48, 2026-03-21 20:47:05, 2026-03-21 21:01:55", "cumulative_total": 12 }, "geometry": { "type": "Polygon", "coordinates": [ [ [ -68.931134529954932, 48.19439357141988 ], [ -68.937519150224091, 48.197330523234235 ], [ -68.93690738366432, 48.202495778368188 ], [ -68.929909666739135, 48.204723953948196 ], [ -68.923524640192355, 48.201786558632698 ], [ -68.924137736786676, 48.196621431306781 ], [ -68.931134529954932, 48.19439357141988 ] ] ] } },
{ "type": "Feature", "properties": { "hex_id": 988630, "centroid_lon": -68.928684113304087, "centroid_lat": 48.215054294361103, "occurrences_today": 3, "datetimes_today": "2026-03-21 20:31:48, 2026-03-21 20:47:05, 2026-03-21 21:01:55", "cumulative_total": 12 }, "geometry": { "type": "Polygon", "coordinates": [ [ [ -68.92929697632988, 48.209889129420127 ], [ -68.935683333464098, 48.212826257088707 ], [ -68.935071049700355, 48.217991480671024 ], [ -68.928071077599995, 48.220219448768965 ], [ -68.921684313912934, 48.217281877359035 ], [ -68.922297928817301, 48.212116781660967 ], [ -68.92929697632988, 48.209889129420127 ] ] ] } },
{ "type": "Feature", "properties": { "hex_id": 988631, "centroid_lon": -68.92684448790969, "centroid_lat": 48.23054972597685, "occurrences_today": 3, "datetimes_today": "2026-03-21 20:31:48, 2026-03-21 20:47:05, 2026-03-21 21:01:55", "cumulative_total": 12 }, "geometry": { "type": "Polygon", "coordinates": [ [ [ -68.927457869155816, 48.225384592641589 ], [ -68.933845964536928, 48.228321896269108 ], [ -68.933233163013739, 48.233487088280661 ], [ -68.926230933799772, 48.235714848772602 ], [ -68.919842431590425, 48.232777101163322 ], [ -68.920456565361405, 48.227612037112344 ], [ -68.927457869155816, 48.225384592641589 ] ] ] } },
{ "type": "Feature", "properties": { "hex_id": 989238, "centroid_lon": -68.92658839731638, "centroid_lat": 48.175960816640824, "occurrences_today": 3, "datetimes_today": "2026-03-21 20:31:48, 2026-03-21 20:47:05, 2026-03-21 21:01:55", "cumulative_total": 12 }, "geometry": { "type": "Polygon", "coordinates": [ [ [ -68.927200631295321, 48.170795636644428 ], [ -68.933582187702328, 48.173732680085166 ], [ -68.932970531696952, 48.17889791869829 ], [ -68.925975990937715, 48.181125986107396 ], [ -68.919594028987717, 48.178188499484961 ], [ -68.920207013278329, 48.173023388703477 ], [ -68.927200631295321, 48.170795636644428 ] ] ] } },
{ "type": "Feature", "properties": { "hex_id": 989239, "centroid_lon": -68.924750660734531, "centroid_lat": 48.191456293442499, "occurrences_today": 3, "datetimes_today": "2026-03-21 20:31:48, 2026-03-21 20:47:05, 2026-03-21 21:01:55", "cumulative_total": 12 }, "geometry": { "type": "Polygon", "coordinates": [ [ [ -68.925363412097653, 48.186291145041999 ], [ -68.931746702884851, 48.189228364367771 ], [ -68.931134529954932, 48.19439357141988 ], [ -68.924137736786676, 48.196621431306781 ], [ -68.917754040181862, 48.193683768559296 ], [ -68.918367542501215, 48.188518689414991 ], [ -68.925363412097653, 48.186291145041999 ] ] ] } },
{ "type": "Feature", "properties": { "hex_id": 989240, "centroid_lon": -68.922911370889821, "centroid_lat": 48.206951675418139, "occurrences_today": 3, "datetimes_today": "2026-03-21 20:31:48, 2026-03-21 20:47:05, 2026-03-21 21:01:55", "cumulative_total": 12 }, "geometry": { "type": "Polygon", "coordinates": [ [ [ -68.923524640192355, 48.201786558632698 ], [ -68.929909666739135, 48.204723953948196 ], [ -68.92929697632988, 48.209889129420127 ], [ -68.922297928817301, 48.212116781660967 ], [ -68.915912496178109, 48.209178942683607 ], [ -68.916526517082133, 48.204013895195736 ], [ -68.923524640192355, 48.201786558632698 ] ] ] } },
{ "type": "Feature", "properties": { "hex_id": 989241, "centroid_lon": -68.921070526114931, "centroid_lat": 48.222446962510197, "occurrences_today": 3, "datetimes_today": "2026-03-21 20:31:48, 2026-03-21 20:47:05, 2026-03-21 21:01:55", "cumulative_total": 12 }, "geometry": { "type": "Polygon", "coordinates": [ [ [ -68.921684313912934, 48.217281877359035 ], [ -68.928071077599995, 48.220219448768965 ], [ -68.927457869155816, 48.225384592641589 ], [ -68.920456565361405, 48.227612037112344 ], [ -68.91406939530701, 48.224674021800183 ], [ -68.914683935352457, 48.219509005987973 ], [ -68.921684313912934, 48.217281877359035 ] ] ] } },
{ "type": "Feature", "properties": { "hex_id": 989849, "centroid_lon": -68.918980872082571, "centroid_lat": 48.183353599722857, "occurrences_today": 3, "datetimes_today": "2026-03-21 20:31:48, 2026-03-21 20:47:05, 2026-03-21 21:01:55", "cumulative_total": 12 }, "geometry": { "type": "Polygon", "coordinates": [ [ [ -68.919594028987717, 48.178188499484961 ], [ -68.925975990937715, 48.181125986107396 ], [ -68.925363412097653, 48.186291145041999 ], [ -68.918367542501215, 48.188518689414991 ], [ -68.911985175193237, 48.185580759450247 ], [ -68.912599082777959, 48.180415728523187 ], [ -68.919594028987717, 48.178188499484961 ] ] ] } },
{ "type": "Feature", "properties": { "hex_id": 989850, "centroid_lon": -68.917140365062764, "centroid_lat": 48.198848837153584, "occurrences_today": 3, "datetimes_today": "2026-03-21 20:31:48, 2026-03-21 20:47:05, 2026-03-21 21:01:55", "cumulative_total": 12 }, "geometry": { "type": "Polygon", "coordinates": [ [ [ -68.917754040181862, 48.193683768559296 ], [ -68.924137736786676, 48.196621431306781 ], [ -68.923524640192355, 48.201786558632698 ], [ -68.916526517082133, 48.204013895195736 ], [ -68.910142414844998, 48.201075788865801 ], [ -68.910756841288602, 48.195910789623703 ], [ -68.917754040181862, 48.193683768559296 ] ] ] } },
{ "type": "Feature", "properties": { "hex_id": 989851, "centroid_lon": -68.915298302288861, "centroid_lat": 48.214343979615066, "occurrences_today": 3, "datetimes_today": "2026-03-21 20:31:48, 2026-03-21 20:47:05, 2026-03-21 21:01:55", "cumulative_total": 12 }, "geometry": { "type": "Polygon", "coordinates": [ [ [ -68.915912496178109, 48.209178942683607 ], [ -68.922297928817301, 48.212116781660967 ], [ -68.921684313912934, 48.217281877359035 ], [ -68.914683935352457, 48.219509005987973 ], [ -68.908298096806476, 48.216570723187914 ], [ -68.908913042665873, 48.211405755650048 ], [ -68.915912496178109, 48.209178942683607 ] ] ] } },
{ "type": "Feature", "properties": { "hex_id": 990460, "centroid_lon": -68.911371094717396, "centroid_lat": 48.190745779817796, "occurrences_today": 3, "datetimes_today": "2026-03-21 20:31:48, 2026-03-21 20:47:05, 2026-03-21 21:01:55", "cumulative_total": 12 }, "geometry": { "type": "Polygon", "coordinates": [ [ [ -68.911985175193237, 48.185580759450247 ], [ -68.918367542501215, 48.188518689414991 ], [ -68.917754040181862, 48.193683768559296 ], [ -68.910756841288602, 48.195910789623703 ], [ -68.904374068807996, 48.192972416156003 ], [ -68.904988900331446, 48.18780746519522 ], [ -68.911985175193237, 48.185580759450247 ] ] ] } },
{ "type": "Feature", "properties": { "hex_id": 990461, "centroid_lon": -68.909527815324736, "centroid_lat": 48.206240777541964, "occurrences_today": 3, "datetimes_today": "2026-03-21 20:31:48, 2026-03-21 20:47:05, 2026-03-21 21:01:55", "cumulative_total": 12 }, "geometry": { "type": "Polygon", "coordinates": [ [ [ -68.910142414844998, 48.201075788865801 ], [ -68.916526517082133, 48.204013895195736 ], [ -68.915912496178109, 48.209178942683607 ], [ -68.908913042665873, 48.211405755650048 ], [ -68.902528534982039, 48.20846720557698 ], [ -68.903143886195238, 48.203302286349029 ], [ -68.910142414844998, 48.201075788865801 ] ] ] } },
{ "type": "Feature", "properties": { "hex_id": 990462, "centroid_lon": -68.907682977684573, "centroid_lat": 48.221735680153401, "occurrences_today": 3, "datetimes_today": "2026-03-21 20:31:48, 2026-03-21 20:47:05, 2026-03-21 21:01:55", "cumulative_total": 12 }, "geometry": { "type": "Polygon", "coordinates": [ [ [ -68.908298096806476, 48.216570723187914 ], [ -68.914683935352457, 48.219509005987973 ], [ -68.91406939530701, 48.224674021800183 ], [ -68.907067685238161, 48.226900626544371 ], [ -68.90068144097124, 48.223961899760809 ], [ -68.901297312432078, 48.218797012285023 ], [ -68.908298096806476, 48.216570723187914 ] ] ] } },
{ "type": "Feature", "properties": { "hex_id": 991070, "centroid_lon": -68.905603558748837, "centroid_lat": 48.182642503661128, "occurrences_today": 3, "datetimes_today": "2026-03-21 20:31:48, 2026-03-21 20:47:05, 2026-03-21 21:01:55", "cumulative_total": 12 }, "geometry": { "type": "Polygon", "coordinates": [ [ [ -68.906218044122028, 48.177477531555859 ], [ -68.912599082777959, 48.180415728523187 ], [ -68.911985175193237, 48.185580759450247 ], [ -68.904988900331446, 48.18780746519522 ], [ -68.898607456962182, 48.184868824804418 ], [ -68.899222693106182, 48.179703922160478 ], [ -68.906218044122028, 48.177477531555859 ] ] ] } },
{ "type": "Feature", "properties": { "hex_id": 991071, "centroid_lon": -68.903759064116571, "centroid_lat": 48.198137356541316, "occurrences_today": 3, "datetimes_today": "2026-03-21 20:31:48, 2026-03-21 20:47:05, 2026-03-21 21:01:55", "cumulative_total": 12 }, "geometry": { "type": "Polygon", "coordinates": [ [ [ -68.904374068807996, 48.192972416156003 ], [ -68.910756841288602, 48.195910789623703 ], [ -68.910142414844998, 48.201075788865801 ], [ -68.903143886195238, 48.203302286349029 ], [ -68.896760708727669, 48.200363469217727 ], [ -68.897376464834892, 48.195198598335196 ], [ -68.904374068807996, 48.192972416156003 ] ] ] } },
{ "type": "Feature", "properties": { "hex_id": 991072, "centroid_lon": -68.901913010415001, "centroid_lat": 48.213632114223032, "occurrences_today": 3, "datetimes_today": "2026-03-21 20:31:48, 2026-03-21 20:47:05, 2026-03-21 21:01:55", "cumulative_total": 12 }, "geometry": { "type": "Polygon", "coordinates": [ [ [ -68.902528534982039, 48.20846720557698 ], [ -68.908913042665873, 48.211405755650048 ], [ -68.908298096806476, 48.216570723187914 ], [ -68.901297312432078, 48.218797012285023 ], [ -68.894912399487495, 48.215858018308069 ], [ -68.895528676116029, 48.210693179206309 ], [ -68.902528534982039, 48.20846720557698 ] ] ] } },
{ "type": "Feature", "properties": { "hex_id": 991681, "centroid_lon": -68.897992047559072, "centroid_lat": 48.190033716863375, "occurrences_today": 3, "datetimes_today": "2026-03-21 20:31:48, 2026-03-21 20:47:05, 2026-03-21 21:01:55", "cumulative_total": 12 }, "geometry": { "type": "Polygon", "coordinates": [ [ [ -68.898607456962182, 48.184868824804418 ], [ -68.904988900331446, 48.18780746519522 ], [ -68.904374068807996, 48.192972416156003 ], [ -68.897376464834892, 48.195198598335196 ], [ -68.890994616938016, 48.192259514360359 ], [ -68.891610777479897, 48.187094691858725 ], [ -68.898607456962182, 48.184868824804418 ] ] ] } },
{ "type": "Feature", "properties": { "hex_id": 991682, "centroid_lon": -68.896144779175401, "centroid_lat": 48.205528329508809, "occurrences_today": 3, "datetimes_today": "2026-03-21 20:31:48, 2026-03-21 20:47:05, 2026-03-21 21:01:55", "cumulative_total": 12 }, "geometry": { "type": "Polygon", "coordinates": [ [ [ -68.896760708727669, 48.200363469217727 ], [ -68.903143886195238, 48.203302286349029 ], [ -68.902528534982039, 48.20846720557698 ], [ -68.895528676116029, 48.210693179206309 ], [ -68.889145093847503, 48.207753918250759 ], [ -68.889761775183899, 48.202589127558539 ], [ -68.896760708727669, 48.200363469217727 ] ] ] } },
{ "type": "Feature", "properties": { "hex_id": 992292, "centroid_lon": -68.890378282860027, "centroid_lat": 48.197424326261014, "occurrences_today": 3, "datetimes_today": "2026-03-21 20:31:48, 2026-03-21 20:47:05, 2026-03-21 21:01:55", "cumulative_total": 12 }, "geometry": { "type": "Polygon", "coordinates": [ [ [ -68.890994616938016, 48.192259514360359 ], [ -68.897376464834892, 48.195198598335196 ], [ -68.896760708727669, 48.200363469217727 ], [ -68.889761775183899, 48.202589127558539 ], [ -68.883379522945461, 48.199649599839063 ], [ -68.883996608530282, 48.19448485759181 ], [ -68.890994616938016, 48.192259514360359 ] ] ] } },
{ "type": "Feature", "properties": { "hex_id": 534836, "centroid_lon": -73.985861953489163, "centroid_lat": 45.370671443347916, "occurrences_today": 4, "datetimes_today": "2026-03-21 14:16:52, 2026-03-21 14:32:08, 2026-03-21 14:46:58, 2026-03-21 15:01:56", "cumulative_total": 188 }, "geometry": { "type": "Polygon", "coordinates": [ [ [ -73.985954810893475, 45.365475330002766 ], [ -73.992292351493973, 45.36812989369335 ], [ -73.992200065828811, 45.373326014772253 ], [ -73.985769070763354, 45.375867551796595 ], [ -73.979430983749396, 45.373212624779299 ], [ -73.979524438205914, 45.368016524128642 ], [ -73.985954810893475, 45.365475330002766 ] ] ] } },
{ "type": "Feature", "properties": { "hex_id": 535446, "centroid_lon": -73.979617867185965, "centroid_lat": 45.362820418579702, "occurrences_today": 4, "datetimes_today": "2026-03-21 14:16:52, 2026-03-21 14:32:08, 2026-03-21 14:46:58, 2026-03-21 15:01:56", "cumulative_total": 119 }, "geometry": { "type": "Polygon", "coordinates": [ [ [ -73.979711270698033, 45.357624308132493 ], [ -73.986047642984815, 45.360279211761224 ], [ -73.985954810893475, 45.365475330002766 ], [ -73.979524438205914, 45.368016524128642 ], [ -73.973187519970608, 45.365361257212264 ], [ -73.973281520362889, 45.360165159521898 ], [ -73.979711270698033, 45.357624308132493 ] ] ] } },
{ "type": "Feature", "properties": { "hex_id": 571481, "centroid_lon": -73.597053578215608, "centroid_lat": 45.60041506286408, "occurrences_today": 5, "datetimes_today": "2026-03-21 07:31:27, 2026-03-21 07:46:25, 2026-03-21 07:56:53, 2026-03-21 08:16:47, 2026-03-21 08:31:30", "cumulative_total": 81 }, "geometry": { "type": "Polygon", "coordinates": [ [ [ -73.597183062567083, 45.595219904315037 ], [ -73.603527376245083, 45.597896024384013 ], [ -73.603398465353237, 45.603091194568492 ], [ -73.596924058462264, 45.60561021638069 ], [ -73.590579206732471, 45.602933726415692 ], [ -73.590709299933508, 45.59773858459922 ], [ -73.597183062567083, 45.595219904315037 ] ] ] } },
{ "type": "Feature", "properties": { "hex_id": 648465, "centroid_lon": -72.751462029988218, "centroid_lat": 46.537844356914448, "occurrences_today": 2, "datetimes_today": "2026-03-21 23:31:47, 2026-03-21 23:46:51", "cumulative_total": 20 }, "geometry": { "type": "Polygon", "coordinates": [ [ [ -72.751676420632279, 46.532652500510196 ], [ -72.7580846379512, 46.535376373684201 ], [ -72.757870837733165, 46.540568250407929 ], [ -72.751247580057367, 46.543036207822887 ], [ -72.744838831609428, 46.540311944807648 ], [ -72.745053871945856, 46.535120114285384 ], [ -72.751676420632279, 46.532652500510196 ] ] ] } },
{ "type": "Feature", "properties": { "hex_id": 827309, "centroid_lon": -70.882833617479449, "centroid_lat": 45.979110857207061, "occurrences_today": 2, "datetimes_today": "2026-03-21 15:16:51, 2026-03-21 15:46:47", "cumulative_total": 29 }, "geometry": { "type": "Polygon", "coordinates": [ [ [ -70.883218367926872, 45.973927914420187 ], [ -70.889463886493772, 45.976751520465648 ], [ -70.889079680921995, 45.98193450138487 ], [ -70.882448761587426, 45.984293792770721 ], [ -70.876202803607342, 45.981469788579815 ], [ -70.876588204339299, 45.976286891212986 ], [ -70.883218367926872, 45.973927914420187 ] ] ] } },
{ "type": "Feature", "properties": { "hex_id": 827310, "centroid_lon": -70.881678733326723, "centroid_lat": 45.994659642224896, "occurrences_today": 2, "datetimes_today": "2026-03-21 15:16:51, 2026-03-21 15:46:47", "cumulative_total": 29 }, "geometry": { "type": "Polygon", "coordinates": [ [ [ -70.882063800215093, 45.9894767211103 ], [ -70.888310953843259, 45.992300441574621 ], [ -70.88792643226499, 45.997483400843393 ], [ -70.881293560886576, 45.999842556113663 ], [ -70.875045967517977, 45.997018437288538 ], [ -70.875431685232456, 45.99183556161848 ], [ -70.882063800215093, 45.9894767211103 ] ] ] } },
{ "type": "Feature", "properties": { "hex_id": 827311, "centroid_lon": -70.88052289920789, "centroid_lat": 46.010208362210101, "occurrences_today": 2, "datetimes_today": "2026-03-21 15:16:51, 2026-03-21 15:46:47", "cumulative_total": 29 }, "geometry": { "type": "Polygon", "coordinates": [ [ [ -70.880908282858883, 46.00502546277567 ], [ -70.887157072852091, 46.007849297724341 ], [ -70.886772234946022, 46.013032235334791 ], [ -70.88013740989777, 46.015391254416038 ], [ -70.873888179836655, 46.012567020891076 ], [ -70.874274214855902, 46.007384166925711 ], [ -70.880908282858883, 46.00502546277567 ] ] ] } },
{ "type": "Feature", "properties": { "hex_id": 827312, "centroid_lon": -70.87936611415698, "centroid_lat": 46.025757017138908, "occurrences_today": 2, "datetimes_today": "2026-03-21 15:16:51, 2026-03-21 15:46:47", "cumulative_total": 29 }, "geometry": { "type": "Polygon", "coordinates": [ [ [ -70.879751814892757, 46.0205741393926 ], [ -70.886002242555975, 46.023398088891192 ], [ -70.885617088000416, 46.028581004835402 ], [ -70.878980307654629, 46.030939887654093 ], [ -70.872729439595702, 46.028115539363625 ], [ -70.87311579224243, 46.022932707110918 ], [ -70.879751814892757, 46.0205741393926 ] ] ] } },
{ "type": "Feature", "properties": { "hex_id": 827313, "centroid_lon": -70.878208377206661, "centroid_lat": 46.041305606987557, "occurrences_today": 2, "datetimes_today": "2026-03-21 15:16:51, 2026-03-21 15:46:47", "cumulative_total": 34 }, "geometry": { "type": "Polygon", "coordinates": [ [ [ -70.878594395349808, 46.036122750937281 ], [ -70.884846461989284, 46.038946815051425 ], [ -70.88446099046206, 46.044129709321496 ], [ -70.877822253189294, 46.046488455804059 ], [ -70.871569745826079, 46.043663992682276 ], [ -70.871956416423458, 46.038481182150186 ], [ -70.878594395349808, 46.036122750937281 ] ] ] } },
{ "type": "Feature", "properties": { "hex_id": 827314, "centroid_lon": -70.877049687388208, "centroid_lat": 46.056854131732223, "occurrences_today": 2, "datetimes_today": "2026-03-21 15:16:51, 2026-03-21 15:46:47", "cumulative_total": 34 }, "geometry": { "type": "Polygon", "coordinates": [ [ [ -70.877436023261779, 46.051671297385916 ], [ -70.883689730185012, 46.054495476181344 ], [ -70.883303941363465, 46.059678348769367 ], [ -70.876663245532612, 46.062036958842135 ], [ -70.870409097557356, 46.059212380823219 ], [ -70.87079608642901, 46.054029592019681 ], [ -70.877436023261779, 46.051671297385916 ] ] ] } },
{ "type": "Feature", "properties": { "hex_id": 827919, "centroid_lon": -70.876973499481949, "centroid_lat": 45.971103986615667, "occurrences_today": 2, "datetimes_today": "2026-03-21 15:16:51, 2026-03-21 15:46:47", "cumulative_total": 29 }, "geometry": { "type": "Polygon", "coordinates": [ [ [ -70.877358689071016, 45.96592107478876 ], [ -70.883603012965381, 45.96874496441098 ], [ -70.883218367926872, 45.973927914420187 ], [ -70.876588204339299, 45.976286891212986 ], [ -70.870343441465806, 45.973462603505617 ], [ -70.870729281123303, 45.968279737155036 ], [ -70.877358689071016, 45.96592107478876 ] ] ] } },
{ "type": "Feature", "properties": { "hex_id": 827920, "centroid_lon": -70.875817297250322, "centroid_lat": 45.986652678715274, "occurrences_today": 2, "datetimes_today": "2026-03-21 15:16:51, 2026-03-21 15:46:47", "cumulative_total": 35 }, "geometry": { "type": "Polygon", "coordinates": [ [ [ -70.876202803607342, 45.981469788579815 ], [ -70.882448761587426, 45.984293792770721 ], [ -70.882063800215093, 45.9894767211103 ], [ -70.875431685232456, 45.99183556161848 ], [ -70.869185287946408, 45.989011159127152 ], [ -70.869571444913177, 45.983828314492555 ], [ -70.876202803607342, 45.981469788579815 ] ] ] } },
{ "type": "Feature", "properties": { "hex_id": 827921, "centroid_lon": -70.874660144071072, "centroid_lat": 46.002201305724562, "occurrences_today": 2, "datetimes_today": "2026-03-21 15:16:51, 2026-03-21 15:46:47", "cumulative_total": 32 }, "geometry": { "type": "Polygon", "coordinates": [ [ [ -70.875045967517977, 45.997018437288538 ], [ -70.881293560886576, 45.999842556113663 ], [ -70.880908282858883, 46.00502546277567 ], [ -70.874274214855902, 46.007384166925711 ], [ -70.868026181854248, 46.004559649584742 ], [ -70.86841265645279, 45.99937682667413 ], [ -70.875045967517977, 45.997018437288538 ] ] ] } },
{ "type": "Feature", "properties": { "hex_id": 827922, "centroid_lon": -70.873502038977449, "centroid_lat": 46.017749867619763, "occurrences_today": 2, "datetimes_today": "2026-03-21 15:16:51, 2026-03-21 15:46:47", "cumulative_total": 29 }, "geometry": { "type": "Polygon", "coordinates": [ [ [ -70.873888179836655, 46.012567020891076 ], [ -70.88013740989777, 46.015391254416038 ], [ -70.879751814892757, 46.0205741393926 ], [ -70.87311579224243, 46.022932707110918 ], [ -70.866866122220884, 46.020108074854555 ], [ -70.867252914774198, 46.01492527367585 ], [ -70.873888179836655, 46.012567020891076 ] ] ] } },
{ "type": "Feature", "properties": { "hex_id": 827923, "centroid_lon": -70.872342981001353, "centroid_lat": 46.033298364377004, "occurrences_today": 2, "datetimes_today": "2026-03-21 15:16:51, 2026-03-21 15:46:47", "cumulative_total": 29 }, "geometry": { "type": "Polygon", "coordinates": [ [ [ -70.872729439595702, 46.028115539363625 ], [ -70.878980307654629, 46.030939887654093 ], [ -70.878594395349808, 46.036122750937281 ], [ -70.871956416423458, 46.038481182150186 ], [ -70.865705108076497, 46.03565643491261 ], [ -70.866092218908008, 46.030473655473813 ], [ -70.872729439595702, 46.028115539363625 ] ] ] } },
{ "type": "Feature", "properties": { "hex_id": 827924, "centroid_lon": -70.871182969173248, "centroid_lat": 46.048846795972409, "occurrences_today": 2, "datetimes_today": "2026-03-21 15:16:51, 2026-03-21 15:46:47", "cumulative_total": 34 }, "geometry": { "type": "Polygon", "coordinates": [ [ [ -70.871569745826079, 46.043663992682276 ], [ -70.877822253189294, 46.046488455804059 ], [ -70.877436023261779, 46.051671297385916 ], [ -70.87079608642901, 46.054029592019681 ], [ -70.864543138449889, 46.051204729734984 ], [ -70.864930567883462, 46.046021972044088 ], [ -70.871569745826079, 46.043663992682276 ] ] ] } },
{ "type": "Feature", "properties": { "hex_id": 828530, "centroid_lon": -70.869957496074377, "centroid_lat": 45.978645462618431, "occurrences_today": 2, "datetimes_today": "2026-03-21 15:16:51, 2026-03-21 15:46:47", "cumulative_total": 29 }, "geometry": { "type": "Polygon", "coordinates": [ [ [ -70.870343441465806, 45.973462603505617 ], [ -70.876588204339299, 45.976286891212986 ], [ -70.876202803607342, 45.981469788579815 ], [ -70.869571444913177, 45.983828314492555 ], [ -70.863326243167862, 45.981003628545139 ], [ -70.863712838952736, 45.975820814989511 ], [ -70.870343441465806, 45.973462603505617 ] ] ] } },
{ "type": "Feature", "properties": { "hex_id": 828531, "centroid_lon": -70.86879902513823, "centroid_lat": 45.994193996521297, "occurrences_today": 2, "datetimes_today": "2026-03-21 15:16:51, 2026-03-21 15:46:47", "cumulative_total": 29 }, "geometry": { "type": "Polygon", "coordinates": [ [ [ -70.869185287946408, 45.989011159127152 ], [ -70.875431685232456, 45.99183556161848 ], [ -70.875045967517977, 45.997018437288538 ], [ -70.86841265645279, 45.99937682667413 ], [ -70.862165819968254, 45.996552025727382 ], [ -70.86255273371151, 45.991369233914966 ], [ -70.869185287946408, 45.989011159127152 ] ] ] } },
{ "type": "Feature", "properties": { "hex_id": 828532, "centroid_lon": -70.867639601306678, "centroid_lat": 46.00974246525228, "occurrences_today": 2, "datetimes_today": "2026-03-21 15:16:51, 2026-03-21 15:46:47", "cumulative_total": 29 }, "geometry": { "type": "Polygon", "coordinates": [ [ [ -70.868026181854248, 46.004559649584742 ], [ -70.874274214855902, 46.007384166925711 ], [ -70.873888179836655, 46.012567020891076 ], [ -70.867252914774198, 46.01492527367585 ], [ -70.861004442247108, 46.01210035766394 ], [ -70.861391674271985, 46.006917587602743 ], [ -70.868026181854248, 46.004559649584742 ] ] ] } },
{ "type": "Feature", "properties": { "hex_id": 828533, "centroid_lon": -70.86647922361081, "centroid_lat": 46.025290868787494, "occurrences_today": 2, "datetimes_today": "2026-03-21 15:16:51, 2026-03-21 15:46:47", "cumulative_total": 29 }, "geometry": { "type": "Polygon", "coordinates": [ [ [ -70.866866122220884, 46.020108074854555 ], [ -70.87311579224243, 46.022932707110918 ], [ -70.872729439595702, 46.028115539363625 ], [ -70.866092218908008, 46.030473655473813 ], [ -70.859842109033821, 46.02764862433088 ], [ -70.860229659664014, 46.022465876028889 ], [ -70.866866122220884, 46.020108074854555 ] ] ] } },
{ "type": "Feature", "properties": { "hex_id": 828534, "centroid_lon": -70.865317891080338, "centroid_lat": 46.040839207102991, "occurrences_today": 2, "datetimes_today": "2026-03-21 15:16:51, 2026-03-21 15:46:47", "cumulative_total": 29 }, "geometry": { "type": "Polygon", "coordinates": [ [ [ -70.865705108076497, 46.03565643491261 ], [ -70.871956416423458, 46.038481182150186 ], [ -70.871569745826079, 46.043663992682276 ], [ -70.864930567883462, 46.046021972044088 ], [ -70.858678819356413, 46.04319682570415 ], [ -70.859066688916059, 46.038014099169395 ], [ -70.865705108076497, 46.03565643491261 ] ] ] } },
{ "type": "Feature", "properties": { "hex_id": 829141, "centroid_lon": -70.862939541432738, "centroid_lat": 45.98618643485392, "occurrences_today": 2, "datetimes_today": "2026-03-21 15:16:51, 2026-03-21 15:46:47", "cumulative_total": 29 }, "geometry": { "type": "Polygon", "coordinates": [ [ [ -70.863326243167862, 45.981003628545139 ], [ -70.869571444913177, 45.983828314492555 ], [ -70.869185287946408, 45.989011159127152 ], [ -70.86255273371151, 45.991369233914966 ], [ -70.85630709320192, 45.98854414957259 ], [ -70.85669444565562, 45.983361388901841 ], [ -70.863326243167862, 45.981003628545139 ] ] ] } },
{ "type": "Feature", "properties": { "hex_id": 829142, "centroid_lon": -70.861778800167059, "centroid_lat": 46.001734810290252, "occurrences_today": 2, "datetimes_today": "2026-03-21 15:16:51, 2026-03-21 15:46:47", "cumulative_total": 29 }, "geometry": { "type": "Polygon", "coordinates": [ [ [ -70.862165819968254, 45.996552025727382 ], [ -70.86841265645279, 45.99937682667413 ], [ -70.868026181854248, 46.004559649584742 ], [ -70.861391674271985, 46.006917587602743 ], [ -70.855144398696623, 46.004092388045549 ], [ -70.855532069758382, 45.99890964914534 ], [ -70.862165819968254, 45.996552025727382 ] ] ] } },
{ "type": "Feature", "properties": { "hex_id": 829143, "centroid_lon": -70.860617104056431, "centroid_lat": 46.017283120472946, "occurrences_today": 2, "datetimes_today": "2026-03-21 15:16:51, 2026-03-21 15:46:47", "cumulative_total": 29 }, "geometry": { "type": "Polygon", "coordinates": [ [ [ -70.861004442247108, 46.01210035766394 ], [ -70.867252914774198, 46.01492527367585 ], [ -70.866866122220884, 46.020108074854555 ], [ -70.860229659664014, 46.022465876028889 ], [ -70.853980747719319, 46.019640561190961 ], [ -70.854368737713102, 46.01445784406927 ], [ -70.861004442247108, 46.01210035766394 ] ] ] } },
{ "type": "Feature", "properties": { "hex_id": 545262, "centroid_lon": -73.862393842605343, "centroid_lat": 46.110025825014212, "occurrences_today": 5, "datetimes_today": "2026-03-21 15:46:47, 2026-03-21 16:02:09, 2026-03-21 16:16:50, 2026-03-21 16:29:08, 2026-03-21 16:46:51", "cumulative_total": 143 }, "geometry": { "type": "Polygon", "coordinates": [ [ [ -73.862500723155577, 46.104830597491166 ], [ -73.868915805382045, 46.10749241027893 ], [ -73.868809517654526, 46.112687646908164 ], [ -73.862286932644778, 46.115221047601878 ], [ -73.855871287010928, 46.11255886089824 ], [ -73.855978789784174, 46.107363647482714 ], [ -73.862500723155577, 46.104830597491166 ] ] ] } },
{ "type": "Feature", "properties": { "hex_id": 545872, "centroid_lon": -73.856086262985087, "centroid_lat": 46.102168429129634, "occurrences_today": 5, "datetimes_today": "2026-03-21 15:46:47, 2026-03-21 16:02:09, 2026-03-21 16:16:50, 2026-03-21 16:29:08, 2026-03-21 16:46:51", "cumulative_total": 26 }, "geometry": { "type": "Polygon", "coordinates": [ [ [ -73.856193706623756, 46.096973205839021 ], [ -73.862607574305528, 46.099635365032725 ], [ -73.862500723155577, 46.104830597491166 ], [ -73.855978789784174, 46.107363647482714 ], [ -73.849564359180974, 46.104701114414247 ], [ -73.849672424860515, 46.099505905294897 ], [ -73.856193706623756, 46.096973205839021 ] ] ] } },
{ "type": "Feature", "properties": { "hex_id": 545873, "centroid_lon": -73.855763754655257, "centroid_lat": 46.11775406937619, "occurrences_today": 5, "datetimes_today": "2026-03-21 15:46:47, 2026-03-21 16:02:09, 2026-03-21 16:16:50, 2026-03-21 16:29:08, 2026-03-21 16:46:51", "cumulative_total": 143 }, "geometry": { "type": "Polygon", "coordinates": [ [ [ -73.855871287010928, 46.11255886089824 ], [ -73.862286932644778, 46.115221047601878 ], [ -73.862179993263865, 46.120416265254093 ], [ -73.855656192707102, 46.122949272916514 ], [ -73.849239983696037, 46.120286712133819 ], [ -73.849348138608889, 46.115091517833733 ], [ -73.855871287010928, 46.11255886089824 ] ] ] } },
{ "type": "Feature", "properties": { "hex_id": 546483, "centroid_lon": -73.849456263767138, "centroid_lat": 46.109896318593869, "occurrences_today": 6, "datetimes_today": "2026-03-21 15:46:47, 2026-03-21 16:02:09, 2026-03-21 16:16:50, 2026-03-21 16:29:08, 2026-03-21 16:46:51, 2026-03-21 17:16:42", "cumulative_total": 40 }, "geometry": { "type": "Polygon", "coordinates": [ [ [ -73.849564359180974, 46.104701114414247 ], [ -73.855978789784174, 46.107363647482714 ], [ -73.855871287010928, 46.11255886089824 ], [ -73.849348138608889, 46.115091517833733 ], [ -73.842933145114586, 46.112428610727285 ], [ -73.843041862903306, 46.107233420789271 ], [ -73.849564359180974, 46.104701114414247 ] ] ] } },
{ "type": "Feature", "properties": { "hex_id": 490899, "centroid_lon": -74.442652585805504, "centroid_lat": 45.670031130775449, "occurrences_today": 11, "datetimes_today": "2026-03-21 00:01:33, 2026-03-21 00:12:00, 2026-03-21 00:31:48, 2026-03-21 00:46:48, 2026-03-21 01:01:24, 2026-03-21 01:14:09, 2026-03-21 01:31:28, 2026-03-21 01:46:29, 2026-03-21 01:57:15, 2026-03-21 02:17:04, 2026-03-21 02:31:25", "cumulative_total": 118 }, "geometry": { "type": "Polygon", "coordinates": [ [ [ -74.442704155237294, 45.664834721887686 ], [ -74.449096978449603, 45.667464059048008 ], [ -74.449045995887502, 45.672660471150508 ], [ -74.442601002258755, 45.675227534870388 ], [ -74.43620760629409, 45.672597835035404 ], [ -74.436259776705754, 45.667401434220203 ], [ -74.442704155237294, 45.664834721887686 ] ] ] } },
{ "type": "Feature", "properties": { "hex_id": 492120, "centroid_lon": -74.429814811471815, "centroid_lat": 45.669967779054545, "occurrences_today": 11, "datetimes_today": "2026-03-21 00:01:33, 2026-03-21 00:12:00, 2026-03-21 00:31:48, 2026-03-21 00:46:48, 2026-03-21 01:01:24, 2026-03-21 01:14:09, 2026-03-21 01:31:28, 2026-03-21 01:46:29, 2026-03-21 01:57:15, 2026-03-21 02:17:04, 2026-03-21 02:31:25", "cumulative_total": 61 }, "geometry": { "type": "Polygon", "coordinates": [ [ [ -74.429867568583475, 45.664771381582987 ], [ -74.436259776705754, 45.667401434220203 ], [ -74.43620760629409, 45.672597835035404 ], [ -74.429762039920178, 45.675164171731176 ], [ -74.423369259540308, 45.672533756294072 ], [ -74.423422617787082, 45.667337367026086 ], [ -74.429867568583475, 45.664771381582987 ] ] ] } },
{ "type": "Feature", "properties": { "hex_id": 830969, "centroid_lon": -70.847697393981832, "centroid_lat": 45.931065851875303, "occurrences_today": 2, "datetimes_today": "2026-03-21 15:16:51, 2026-03-21 15:46:47", "cumulative_total": 20 }, "geometry": { "type": "Polygon", "coordinates": [ [ [ -70.848084772778378, 45.925883095499756 ], [ -70.854323131418909, 45.928708399857378 ], [ -70.853936295550398, 45.933891194664334 ], [ -70.847309909088921, 45.936248600989188 ], [ -70.841071113634655, 45.933422898848271 ], [ -70.841459141419747, 45.928240188230127 ], [ -70.848084772778378, 45.925883095499756 ] ] ] } },
{ "type": "Feature", "properties": { "hex_id": 831578, "centroid_lon": -70.843010190514903, "centroid_lat": 45.907509273076705, "occurrences_today": 2, "datetimes_today": "2026-03-21 15:16:51, 2026-03-21 15:46:47", "cumulative_total": 20 }, "geometry": { "type": "Polygon", "coordinates": [ [ [ -70.843397687456829, 45.902326526122607 ], [ -70.849633227717959, 45.905151997398775 ], [ -70.849246272948406, 45.91033478281205 ], [ -70.842622587476114, 45.912692012765397 ], [ -70.836386611157437, 45.909866143981276 ], [ -70.83677475633273, 45.904683442816072 ], [ -70.843397687456829, 45.902326526122607 ] ] ] } },
{ "type": "Feature", "properties": { "hex_id": 831579, "centroid_lon": -70.841847062964419, "centroid_lat": 45.923057470343004, "occurrences_today": 2, "datetimes_today": "2026-03-21 15:16:51, 2026-03-21 15:46:47", "cumulative_total": 20 }, "geometry": { "type": "Polygon", "coordinates": [ [ [ -70.842234878304581, 45.917874745187795 ], [ -70.848472045514427, 45.920700331863429 ], [ -70.848084772778378, 45.925883095499756 ], [ -70.841459141419747, 45.928240188230127 ], [ -70.835221537828232, 45.925414203831664 ], [ -70.83561000194112, 45.920231524489971 ], [ -70.842234878304581, 45.917874745187795 ] ] ] } },
{ "type": "Feature", "properties": { "hex_id": 831580, "centroid_lon": -70.840682979573216, "centroid_lat": 45.938605602196525, "occurrences_today": 2, "datetimes_today": "2026-03-21 15:16:51, 2026-03-21 15:46:47", "cumulative_total": 20 }, "geometry": { "type": "Polygon", "coordinates": [ [ [ -70.841071113634655, 45.933422898848271 ], [ -70.847309909088921, 45.936248600989188 ], [ -70.846922318063761, 45.941431342840517 ], [ -70.840294739199493, 45.943788298274029 ], [ -70.83405550703921, 45.940962198195258 ], [ -70.834444290413259, 45.935779540685196 ], [ -70.841071113634655, 45.933422898848271 ] ] ] } },
{ "type": "Feature", "properties": { "hex_id": 831581, "centroid_lon": -70.839517939371305, "centroid_lat": 45.954153668613102, "occurrences_today": 2, "datetimes_today": "2026-03-21 15:16:51, 2026-03-21 15:46:47", "cumulative_total": 20 }, "geometry": { "type": "Polygon", "coordinates": [ [ [ -70.839906392477516, 45.948970987079846 ], [ -70.846146817473112, 45.951796804751929 ], [ -70.845758907835759, 45.956979524810222 ], [ -70.839129379844877, 45.959336342872895 ], [ -70.83288851781866, 45.956510127047814 ], [ -70.833277620777935, 45.951327491377462 ], [ -70.839906392477516, 45.948970987079846 ] ] ] } },
{ "type": "Feature", "properties": { "hex_id": 832189, "centroid_lon": -70.835998359705542, "centroid_lat": 45.915048837872881, "occurrences_today": 2, "datetimes_today": "2026-03-21 15:16:51, 2026-03-21 15:46:47", "cumulative_total": 20 }, "geometry": { "type": "Polygon", "coordinates": [ [ [ -70.836386611157437, 45.909866143981276 ], [ -70.842622587476114, 45.912692012765397 ], [ -70.842234878304581, 45.917874745187795 ], [ -70.83561000194112, 45.920231524489971 ], [ -70.829373589672571, 45.917405258043445 ], [ -70.829762489681428, 45.912222610021466 ], [ -70.836386611157437, 45.909866143981276 ] ] ] } },
{ "type": "Feature", "properties": { "hex_id": 832190, "centroid_lon": -70.834832967330939, "centroid_lat": 45.930596875897038, "occurrences_today": 2, "datetimes_today": "2026-03-21 15:16:51, 2026-03-21 15:46:47", "cumulative_total": 20 }, "geometry": { "type": "Polygon", "coordinates": [ [ [ -70.835221537828232, 45.925414203831664 ], [ -70.841459141419747, 45.928240188230127 ], [ -70.841071113634655, 45.933422898848271 ], [ -70.834444290413259, 45.935779540685196 ], [ -70.828206250547936, 45.932953158409333 ], [ -70.828595470141835, 45.927770532238277 ], [ -70.835221537828232, 45.925414203831664 ] ] ] } },
{ "type": "Feature", "properties": { "hex_id": 832191, "centroid_lon": -70.833666617172767, "centroid_lat": 45.946144848426314, "occurrences_today": 2, "datetimes_today": "2026-03-21 15:16:51, 2026-03-21 15:46:47", "cumulative_total": 20 }, "geometry": { "type": "Polygon", "coordinates": [ [ [ -70.83405550703921, 45.940962198195258 ], [ -70.840294739199493, 45.943788298274029 ], [ -70.839906392477516, 45.948970987079846 ], [ -70.833277620777935, 45.951327491377462 ], [ -70.827037952019623, 45.948500993206203 ], [ -70.827427491522883, 45.943318388894205 ], [ -70.83405550703921, 45.940962198195258 ] ] ] } },
{ "type": "Feature", "properties": { "hex_id": 832799, "centroid_lon": -70.830151283233917, "centroid_lat": 45.907039954717632, "occurrences_today": 2, "datetimes_today": "2026-03-21 15:16:51, 2026-03-21 15:46:47", "cumulative_total": 20 }, "geometry": { "type": "Polygon", "coordinates": [ [ [ -70.830539970366004, 45.90185729213286 ], [ -70.83677475633273, 45.904683442816072 ], [ -70.836386611157437, 45.909866143981276 ], [ -70.829762489681428, 45.912222610021466 ], [ -70.823527268196258, 45.909396061736302 ], [ -70.823916603669588, 45.904213445077218 ], [ -70.830539970366004, 45.90185729213286 ] ] ] } },
{ "type": "Feature", "properties": { "hex_id": 832800, "centroid_lon": -70.828984583171376, "centroid_lat": 45.92258789878268, "occurrences_today": 2, "datetimes_today": "2026-03-21 15:16:51, 2026-03-21 15:46:47", "cumulative_total": 20 }, "geometry": { "type": "Polygon", "coordinates": [ [ [ -70.829373589672571, 45.917405258043445 ], [ -70.83561000194112, 45.920231524489971 ], [ -70.835221537828232, 45.925414203831664 ], [ -70.828595470141835, 45.927770532238277 ], [ -70.822358622031317, 45.924943867974875 ], [ -70.822748277413169, 45.91976127318604 ], [ -70.829373589672571, 45.917405258043445 ] ] ] } },
{ "type": "Feature", "properties": { "hex_id": 568434, "centroid_lon": -73.62700784660106, "centroid_lat": 45.686524752147633, "occurrences_today": 12, "datetimes_today": "2026-03-21 10:31:46, 2026-03-21 10:46:02, 2026-03-21 11:01:32, 2026-03-21 11:16:21, 2026-03-21 11:31:46, 2026-03-21 11:42:19, 2026-03-21 11:59:33, 2026-03-21 12:16:25, 2026-03-21 12:31:49, 2026-03-21 13:01:51, 2026-03-21 13:16:37, 2026-03-21 13:31:25", "cumulative_total": 56 }, "geometry": { "type": "Polygon", "coordinates": [ [ [ -73.627134947772774, 45.681329606327409 ], [ -73.6334903594216, 45.684004151188688 ], [ -73.633363834732947, 45.68919930836838 ], [ -73.626880710642155, 45.691719892947006 ], [ -73.620524757303357, 45.689044977373634 ], [ -73.620652469733571, 45.683849847998637 ], [ -73.627134947772774, 45.681329606327409 ] ] ] } },
{ "type": "Feature", "properties": { "hex_id": 569044, "centroid_lon": -73.620780147220088, "centroid_lat": 45.678654713600267, "occurrences_today": 12, "datetimes_today": "2026-03-21 10:31:46, 2026-03-21 10:46:02, 2026-03-21 11:01:32, 2026-03-21 11:16:21, 2026-03-21 11:31:46, 2026-03-21 11:42:19, 2026-03-21 11:59:33, 2026-03-21 12:16:25, 2026-03-21 12:31:49, 2026-03-21 13:01:51, 2026-03-21 13:16:37, 2026-03-21 13:31:25", "cumulative_total": 21 }, "geometry": { "type": "Polygon", "coordinates": [ [ [ -73.620907789774648, 45.673459574178587 ], [ -73.627262014168977, 45.676134455486405 ], [ -73.627134947772774, 45.681329606327409 ], [ -73.620652469733571, 45.683849847998637 ], [ -73.614297704118712, 45.681174596020718 ], [ -73.614425957751806, 45.675979473106587 ], [ -73.620907789774648, 45.673459574178587 ] ] ] } },
{ "type": "Feature", "properties": { "hex_id": 570874, "centroid_lon": -73.602107415928231, "centroid_lat": 45.655042619755584, "occurrences_today": 19, "datetimes_today": "2026-03-21 15:01:56, 2026-03-21 15:16:51, 2026-03-21 15:46:47, 2026-03-21 16:02:09, 2026-03-21 16:16:50, 2026-03-21 16:29:08, 2026-03-21 16:46:51, 2026-03-21 17:16:42, 2026-03-21 17:27:44, 2026-03-21 17:46:53, 2026-03-21 18:01:46, 2026-03-21 18:16:41, 2026-03-21 18:46:43, 2026-03-21 19:16:47, 2026-03-21 19:27:09, 2026-03-21 19:46:50, 2026-03-21 20:01:42, 2026-03-21 20:17:04, 2026-03-21 20:31:48", "cumulative_total": 240 }, "geometry": { "type": "Polygon", "coordinates": [ [ [ -73.602236679817665, 45.649847499873701 ], [ -73.608587345474163, 45.65252338919241 ], [ -73.608458656770097, 45.657718520673015 ], [ -73.601978116673635, 45.660237734606781 ], [ -73.595626911202899, 45.657561474744057 ], [ -73.595756785630954, 45.652366371556404 ], [ -73.602236679817665, 45.649847499873701 ] ] ] } },
{ "type": "Feature", "properties": { "hex_id": 571485, "centroid_lon": -73.59549700124164, "centroid_lat": 45.662756572898374, "occurrences_today": 3, "datetimes_today": "2026-03-21 15:01:56, 2026-03-21 15:16:51, 2026-03-21 15:46:47", "cumulative_total": 219 }, "geometry": { "type": "Polygon", "coordinates": [ [ [ -73.595626911202899, 45.657561474744057 ], [ -73.601978116673635, 45.660237734606781 ], [ -73.601848782041941, 45.665432844427201 ], [ -73.59536705573521, 45.667951666019285 ], [ -73.589015310486047, 45.66527503545246 ], [ -73.589145831310077, 45.660079954062496 ], [ -73.595626911202899, 45.657561474744057 ] ] ] } },
{ "type": "Feature", "properties": { "hex_id": 572095, "centroid_lon": -73.58927631643283, "centroid_lat": 45.654884867636575, "occurrences_today": 3, "datetimes_today": "2026-03-21 15:01:56, 2026-03-21 15:16:51, 2026-03-21 15:46:47", "cumulative_total": 173 }, "geometry": { "type": "Polygon", "coordinates": [ [ [ -73.589406765866315, 45.649689776174732 ], [ -73.595756785630954, 45.652366371556404 ], [ -73.595626911202899, 45.657561474744057 ], [ -73.589145831310077, 45.660079954062496 ], [ -73.582795272235288, 45.657402988018873 ], [ -73.582926332351448, 45.65220791338357 ], [ -73.589406765866315, 45.649689776174732 ] ] ] } },
{ "type": "Feature", "properties": { "hex_id": 572096, "centroid_lon": -73.588884753948705, "centroid_lat": 45.670470111806345, "occurrences_today": 3, "datetimes_today": "2026-03-21 15:01:56, 2026-03-21 15:16:51, 2026-03-21 15:46:47", "cumulative_total": 164 }, "geometry": { "type": "Polygon", "coordinates": [ [ [ -73.589015310486047, 45.66527503545246 ], [ -73.59536705573521, 45.667951666019285 ], [ -73.59523707467163, 45.673146754106703 ], [ -73.588754161686026, 45.675665183124089 ], [ -73.58240187669449, 45.672988181693007 ], [ -73.582533044418895, 45.66779312217367 ], [ -73.589015310486047, 45.66527503545246 ] ] ] } },
{ "type": "Feature", "properties": { "hex_id": 572706, "centroid_lon": -73.582664176261801, "centroid_lat": 45.662598057615583, "occurrences_today": 3, "datetimes_today": "2026-03-21 15:01:56, 2026-03-21 15:16:51, 2026-03-21 15:46:47", "cumulative_total": 126 }, "geometry": { "type": "Polygon", "coordinates": [ [ [ -73.582795272235288, 45.657402988018873 ], [ -73.589145831310077, 45.660079954062496 ], [ -73.589015310486047, 45.66527503545246 ], [ -73.582533044418895, 45.66779312217367 ], [ -73.576181946070093, 45.665115785307989 ], [ -73.576313653050377, 45.659920732607986 ], [ -73.582795272235288, 45.657402988018873 ] ] ] } },
{ "type": "Feature", "properties": { "hex_id": 572707, "centroid_lon": -73.582270673076479, "centroid_lat": 45.678183236173538, "occurrences_today": 3, "datetimes_today": "2026-03-21 15:01:56, 2026-03-21 15:16:51, 2026-03-21 15:46:47", "cumulative_total": 101 }, "geometry": { "type": "Polygon", "coordinates": [ [ [ -73.58240187669449, 45.672988181693007 ], [ -73.588754161686026, 45.675665183124089 ], [ -73.588623533685947, 45.680860249405605 ], [ -73.582139433552783, 45.683378285615163 ], [ -73.575786608855083, 45.68070091315969 ], [ -73.575918423984589, 45.675505875583923 ], [ -73.58240187669449, 45.672988181693007 ] ] ] } },
{ "type": "Feature", "properties": { "hex_id": 573317, "centroid_lon": -73.576050203052219, "centroid_lat": 45.670310832966663, "occurrences_today": 3, "datetimes_today": "2026-03-21 15:01:56, 2026-03-21 15:16:51, 2026-03-21 15:46:47", "cumulative_total": 86 }, "geometry": { "type": "Polygon", "coordinates": [ [ [ -73.576181946070093, 45.665115785307989 ], [ -73.582533044418895, 45.66779312217367 ], [ -73.58240187669449, 45.672988181693007 ], [ -73.575918423984589, 45.675505875583923 ], [ -73.569566786398141, 45.672828167736085 ], [ -73.56969914074709, 45.667633137044369 ], [ -73.576181946070093, 45.665115785307989 ] ] ] } },
{ "type": "Feature", "properties": { "hex_id": 573927, "centroid_lon": -73.569831458890192, "centroid_lat": 45.662438101308631, "occurrences_today": 3, "datetimes_today": "2026-03-21 15:01:56, 2026-03-21 15:16:51, 2026-03-21 15:46:47", "cumulative_total": 63 }, "geometry": { "type": "Polygon", "coordinates": [ [ [ -73.569963740839668, 45.657243060528934 ], [ -73.576313653050377, 45.659920732607986 ], [ -73.576181946070093, 45.665115785307989 ], [ -73.56969914074709, 45.667633137044369 ], [ -73.563348689766926, 45.664955094025466 ], [ -73.563481582867041, 45.659760070274878 ], [ -73.569963740839668, 45.657243060528934 ] ] ] } },
{ "type": "Feature", "properties": { "hex_id": 517744, "centroid_lon": -74.164168524888666, "centroid_lat": 45.403297033686655, "occurrences_today": 2, "datetimes_today": "2026-03-21 22:46:45, 2026-03-21 23:02:02", "cumulative_total": 350 }, "geometry": { "type": "Polygon", "coordinates": [ [ [ -74.164245144369715, 45.398100688658893 ], [ -74.170594796297891, 45.400745428355506 ], [ -74.170518751883904, 45.405941779350094 ], [ -74.164091884504941, 45.408493373865227 ], [ -74.157741678415888, 45.405848272139636 ], [ -74.157818893859684, 45.400651937992251 ], [ -74.164245144369715, 45.398100688658893 ] ] ] } },
{ "type": "Feature", "properties": { "hex_id": 583091, "centroid_lon": -73.470828946758743, "centroid_lat": 45.762490402580575, "occurrences_today": 12, "datetimes_today": "2026-03-21 21:01:55, 2026-03-21 21:16:58, 2026-03-21 21:31:45, 2026-03-21 21:47:13, 2026-03-21 22:01:49, 2026-03-21 22:14:04, 2026-03-21 22:31:58, 2026-03-21 22:46:45, 2026-03-21 23:02:02, 2026-03-21 23:16:50, 2026-03-21 23:31:47, 2026-03-21 23:46:51", "cumulative_total": 156 }, "geometry": { "type": "Polygon", "coordinates": [ [ [ -73.470970877876624, 45.7572956853747 ], [ -73.477327137256381, 45.759978899584965 ], [ -73.477185782793555, 45.765173629717779 ], [ -73.470686976761186, 45.767685114699425 ], [ -73.464330179612617, 45.765001527348467 ], [ -73.464472726252083, 45.759806828221635 ], [ -73.470970877876624, 45.7572956853747 ] ] ] } },
{ "type": "Feature", "properties": { "hex_id": 806559, "centroid_lon": -71.094099326615051, "centroid_lat": 46.095670304494099, "occurrences_today": 5, "datetimes_today": "2026-03-21 22:46:45, 2026-03-21 23:02:02, 2026-03-21 23:16:50, 2026-03-21 23:31:47, 2026-03-21 23:46:51", "cumulative_total": 63 }, "geometry": { "type": "Polygon", "coordinates": [ [ [ -71.094465852125708, 46.090486125354047 ], [ -71.100735700715077, 46.093298875038997 ], [ -71.100369726811792, 46.098483090382835 ], [ -71.093732700480714, 46.100854476649914 ], [ -71.087462400924778, 46.098041328940212 ], [ -71.087829578632324, 46.092857193053078 ], [ -71.094465852125708, 46.090486125354047 ] ] ] } },
{ "type": "Feature", "properties": { "hex_id": 807169, "centroid_lon": -71.088196655569121, "centroid_lat": 46.087673050174729, "occurrences_today": 5, "datetimes_today": "2026-03-21 22:46:45, 2026-03-21 23:02:02, 2026-03-21 23:16:50, 2026-03-21 23:31:47, 2026-03-21 23:46:51", "cumulative_total": 63 }, "geometry": { "type": "Polygon", "coordinates": [ [ [ -71.088563631769404, 46.082488900305968 ], [ -71.094832277046848, 46.085301939230561 ], [ -71.094465852125708, 46.090486125354047 ], [ -71.087829578632324, 46.092857193053078 ], [ -71.081560482829346, 46.090043756163055 ], [ -71.081928111011081, 46.084859649604262 ], [ -71.088563631769404, 46.082488900305968 ] ] ] } },
{ "type": "Feature", "properties": { "hex_id": 568420, "centroid_lon": -73.632316288040656, "centroid_lat": 45.468324305668915, "occurrences_today": 1, "datetimes_today": "2026-03-21 16:02:09", "cumulative_total": 284 }, "geometry": { "type": "Polygon", "coordinates": [ [ [ -73.632441938669132, 45.463128949041 ], [ -73.63877327871711, 45.465803019058377 ], [ -73.638648198042844, 45.470998386941233 ], [ -73.63219060311269, 45.473519657279198 ], [ -73.625858727415746, 45.470845219370325 ], [ -73.625984982286454, 45.465649879079393 ], [ -73.632441938669132, 45.463128949041 ] ] ] } },
{ "type": "Feature", "properties": { "hex_id": 660087, "centroid_lon": -72.612260051761083, "centroid_lat": 46.885749694370126, "occurrences_today": 1, "datetimes_today": "2026-03-21 10:01:31", "cumulative_total": 10 }, "geometry": { "type": "Polygon", "coordinates": [ [ [ -72.612490489151028, 46.880558666189962 ], [ -72.618932038034529, 46.883290822920408 ], [ -72.618702200081884, 46.888481872950969 ], [ -72.612029550356766, 46.890940716951633 ], [ -72.605587466061436, 46.888208164469987 ], [ -72.605818566880799, 46.883017163806365 ], [ -72.612490489151028, 46.880558666189962 ] ] ] } },
{ "type": "Feature", "properties": { "hex_id": 660697, "centroid_lon": -72.606049603521996, "centroid_lat": 46.877826157539474, "occurrences_today": 1, "datetimes_today": "2026-03-21 10:01:31", "cumulative_total": 10 }, "geometry": { "type": "Polygon", "coordinates": [ [ [ -72.606280576007364, 46.872635145669555 ], [ -72.612720862548883, 46.875367632411361 ], [ -72.612490489151028, 46.880558666189962 ], [ -72.605818566880799, 46.883017163806365 ], [ -72.599377745418749, 46.880284281364524 ], [ -72.599609381125177, 46.875093297073803 ], [ -72.606280576007364, 46.872635145669555 ] ] ] } },
{ "type": "Feature", "properties": { "hex_id": 660698, "centroid_lon": -72.605356301041624, "centroid_lat": 46.893399159530027, "occurrences_today": 1, "datetimes_today": "2026-03-21 10:01:31", "cumulative_total": 10 }, "geometry": { "type": "Polygon", "coordinates": [ [ [ -72.605587466061436, 46.888208164469987 ], [ -72.612029550356766, 46.890940716951633 ], [ -72.61179898491585, 46.896131733934169 ], [ -72.605125071798994, 46.898590148986287 ], [ -72.598682452158741, 46.895857200588289 ], [ -72.598914280957928, 46.890666233122047 ], [ -72.605587466061436, 46.888208164469987 ] ] ] } },
{ "type": "Feature", "properties": { "hex_id": 661308, "centroid_lon": -72.599146045370475, "centroid_lat": 46.885475260047357, "occurrences_today": 1, "datetimes_today": "2026-03-21 10:01:31", "cumulative_total": 10 }, "geometry": { "type": "Polygon", "coordinates": [ [ [ -72.599377745418749, 46.880284281364524 ], [ -72.605818566880799, 46.883017163806365 ], [ -72.605587466061436, 46.888208164469987 ], [ -72.598914280957928, 46.890666233122047 ], [ -72.592472924642408, 46.887932954815085 ], [ -72.592705288261499, 46.882742003788664 ], [ -72.599377745418749, 46.880284281364524 ] ] ] } },
{ "type": "Feature", "properties": { "hex_id": 661309, "centroid_lon": -72.598450558950503, "centroid_lat": 46.901048162445861, "occurrences_today": 1, "datetimes_today": "2026-03-21 10:01:31", "cumulative_total": 10 }, "geometry": { "type": "Polygon", "coordinates": [ [ [ -72.598682452158741, 46.895857200588289 ], [ -72.605125071798994, 46.898590148986287 ], [ -72.604893778311208, 46.903781132838482 ], [ -72.598218601310805, 46.906239118694472 ], [ -72.591775446392774, 46.903505774214956 ], [ -72.592008003730498, 46.898314840028483 ], [ -72.598682452158741, 46.895857200588289 ] ] ] } },
{ "type": "Feature", "properties": { "hex_id": 661918, "centroid_lon": -72.592937587352623, "centroid_lat": 46.877551047149467, "occurrences_today": 1, "datetimes_today": "2026-03-21 10:01:31", "cumulative_total": 10 }, "geometry": { "type": "Polygon", "coordinates": [ [ [ -72.593169821938204, 46.872360084897764 ], [ -72.599609381125177, 46.875093297073803 ], [ -72.599377745418749, 46.880284281364524 ], [ -72.592705288261499, 46.882742003788664 ], [ -72.586265194712126, 46.880008395798754 ], [ -72.58649809265998, 46.874817461266062 ], [ -72.593169821938204, 46.872360084897764 ] ] ] } },
{ "type": "Feature", "properties": { "hex_id": 661919, "centroid_lon": -72.592240496472897, "centroid_lat": 46.893123900228417, "occurrences_today": 1, "datetimes_today": "2026-03-21 10:01:31", "cumulative_total": 10 }, "geometry": { "type": "Polygon", "coordinates": [ [ [ -72.592472924642408, 46.887932954815085 ], [ -72.598914280957928, 46.890666233122047 ], [ -72.598682452158741, 46.895857200588289 ], [ -72.592008003730498, 46.898314840028483 ], [ -72.585566112628769, 46.895581165691276 ], [ -72.585799204719009, 46.890390248011641 ], [ -72.592472924642408, 46.887932954815085 ] ] ] } },
{ "type": "Feature", "properties": { "hex_id": 662529, "centroid_lon": -72.58603223207264, "centroid_lat": 46.885199324714016, "occurrences_today": 1, "datetimes_today": "2026-03-21 10:01:31", "cumulative_total": 10 }, "geometry": { "type": "Polygon", "coordinates": [ [ [ -72.586265194712126, 46.880008395798754 ], [ -72.592705288261499, 46.882742003788664 ], [ -72.592472924642408, 46.887932954815085 ], [ -72.585799204719009, 46.890390248011641 ], [ -72.579358576874625, 46.887656244042795 ], [ -72.579592203226142, 46.882465342923815 ], [ -72.586265194712126, 46.880008395798754 ] ] ] } },
{ "type": "Feature", "properties": { "hex_id": 663140, "centroid_lon": -72.57912488562279, "centroid_lat": 46.892847139539157, "occurrences_today": 1, "datetimes_today": "2026-03-21 10:01:31", "cumulative_total": 10 }, "geometry": { "type": "Polygon", "coordinates": [ [ [ -72.579358576874625, 46.887656244042795 ], [ -72.585799204719009, 46.890390248011641 ], [ -72.585566112628769, 46.895581165691276 ], [ -72.578891129448039, 46.898038029412668 ], [ -72.572449967376258, 46.895303629299811 ], [ -72.572684322690009, 46.890112761677095 ], [ -72.579358576874625, 46.887656244042795 ] ] ] } },
{ "type": "Feature", "properties": { "hex_id": 567200, "centroid_lon": -73.644731589212739, "centroid_lat": 45.484062865911191, "occurrences_today": 23, "datetimes_today": "2026-03-21 08:46:19, 2026-03-21 09:16:24, 2026-03-21 09:31:38, 2026-03-21 09:43:16, 2026-03-21 10:01:31, 2026-03-21 10:16:35, 2026-03-21 10:31:46, 2026-03-21 10:46:02, 2026-03-21 11:01:32, 2026-03-21 11:16:21, 2026-03-21 11:31:46, 2026-03-21 11:42:19, 2026-03-21 11:59:33, 2026-03-21 12:16:25, 2026-03-21 12:31:49, 2026-03-21 13:01:51, 2026-03-21 13:16:37, 2026-03-21 13:31:25, 2026-03-21 13:42:38, 2026-03-21 14:00:13, 2026-03-21 14:16:52, 2026-03-21 14:32:08, 2026-03-21 14:46:58", "cumulative_total": 447 }, "geometry": { "type": "Polygon", "coordinates": [ [ [ -73.644856167759627, 45.478867496860872 ], [ -73.651189856732543, 45.481540898336519 ], [ -73.651065848780647, 45.48673627852272 ], [ -73.644606976652412, 45.489258229948611 ], [ -73.638272751103656, 45.486584460498399 ], [ -73.638397934247578, 45.481389107661329 ], [ -73.644856167759627, 45.478867496860872 ] ] ] } },
{ "type": "Feature", "properties": { "hex_id": 567810, "centroid_lon": -73.63852308322349, "centroid_lat": 45.476193749808907, "occurrences_today": 23, "datetimes_today": "2026-03-21 08:46:19, 2026-03-21 09:16:24, 2026-03-21 09:31:38, 2026-03-21 09:43:16, 2026-03-21 10:01:31, 2026-03-21 10:16:35, 2026-03-21 10:31:46, 2026-03-21 10:46:02, 2026-03-21 11:01:32, 2026-03-21 11:16:21, 2026-03-21 11:31:46, 2026-03-21 11:42:19, 2026-03-21 11:59:33, 2026-03-21 12:16:25, 2026-03-21 12:31:49, 2026-03-21 13:01:51, 2026-03-21 13:16:37, 2026-03-21 13:31:25, 2026-03-21 13:42:38, 2026-03-21 14:00:13, 2026-03-21 14:16:52, 2026-03-21 14:32:08, 2026-03-21 14:46:58", "cumulative_total": 464 }, "geometry": { "type": "Polygon", "coordinates": [ [ [ -73.638648198042844, 45.470998386941233 ], [ -73.644980712304474, 45.473672122797765 ], [ -73.644856167759627, 45.478867496860872 ], [ -73.638397934247578, 45.481389107661329 ], [ -73.63206488387371, 45.478715003871748 ], [ -73.63219060311269, 45.473519657279198 ], [ -73.638648198042844, 45.470998386941233 ] ] ] } },
{ "type": "Feature", "properties": { "hex_id": 567814, "centroid_lon": -73.637019037900259, "centroid_lat": 45.538537713008722, "occurrences_today": 1, "datetimes_today": "2026-03-21 09:43:16", "cumulative_total": 86 }, "geometry": { "type": "Polygon", "coordinates": [ [ [ -73.637144563355434, 45.533342410329247 ], [ -73.643483931119832, 45.536016280693502 ], [ -73.643358977796609, 45.541211594597968 ], [ -73.636893478150725, 45.543733010672007 ], [ -73.630553572554504, 45.541058771571045 ], [ -73.630679704424466, 45.535863485197332 ], [ -73.637144563355434, 45.533342410329247 ] ] ] } },
{ "type": "Feature", "properties": { "hex_id": 575145, "centroid_lon": -73.558198747931755, "centroid_lat": 45.615521416916849, "occurrences_today": 2, "datetimes_today": "2026-03-21 14:46:58, 2026-03-21 15:01:56", "cumulative_total": 96 }, "geometry": { "type": "Polygon", "coordinates": [ [ [ -73.558331887712825, 45.610326359774035 ], [ -73.564675986502962, 45.613004629434656 ], [ -73.564543420109189, 45.618199698601217 ], [ -73.558065571743327, 45.62071646901115 ], [ -73.551720935979361, 45.618037828899759 ], [ -73.55185468554285, 45.612842788893921 ], [ -73.558331887712825, 45.610326359774035 ] ] ] } },
{ "type": "Feature", "properties": { "hex_id": 574528, "centroid_lon": -73.567187876321697, "centroid_lat": 45.51429735666629, "occurrences_today": 6, "datetimes_today": "2026-03-21 14:32:08, 2026-03-21 14:46:58, 2026-03-21 15:01:56, 2026-03-21 15:16:51, 2026-03-21 15:46:47, 2026-03-21 16:02:09", "cumulative_total": 118 }, "geometry": { "type": "Polygon", "coordinates": [ [ [ -73.567319720232248, 45.509102186600096 ], [ -73.573652990145789, 45.511779871199337 ], [ -73.573521716689626, 45.516975053175138 ], [ -73.567055996402132, 45.519492521688299 ], [ -73.560722192049255, 45.516814468007944 ], [ -73.560854642411101, 45.511619314960058 ], [ -73.567319720232248, 45.509102186600096 ] ] ] } },
{ "type": "Feature", "properties": { "hex_id": 575138, "centroid_lon": -73.560987056609477, "centroid_lat": 45.5064241568654, "occurrences_today": 6, "datetimes_today": "2026-03-21 14:32:08, 2026-03-21 14:46:58, 2026-03-21 15:01:56, 2026-03-21 15:16:51, 2026-03-21 15:46:47, 2026-03-21 16:02:09", "cumulative_total": 220 }, "geometry": { "type": "Polygon", "coordinates": [ [ [ -73.561119434656476, 45.501228993724077 ], [ -73.567451528145881, 45.503907011489844 ], [ -73.567319720232248, 45.509102186600096 ], [ -73.560854642411101, 45.511619314960058 ], [ -73.554522014945761, 45.508940928155255 ], [ -73.554654999265367, 45.503745782094022 ], [ -73.561119434656476, 45.501228993724077 ] ] ] } },
{ "type": "Feature", "properties": { "hex_id": 582463, "centroid_lon": -73.484624531323817, "centroid_lat": 45.489845929042708, "occurrences_today": 6, "datetimes_today": "2026-03-21 08:46:19, 2026-03-21 09:16:24, 2026-03-21 09:31:38, 2026-03-21 09:43:16, 2026-03-21 10:01:31, 2026-03-21 10:16:35", "cumulative_total": 18 }, "geometry": { "type": "Polygon", "coordinates": [ [ [ -73.484763852023903, 45.484650929586017 ], [ -73.491090377848636, 45.48733311867084 ], [ -73.490951625745595, 45.492528130845947 ], [ -73.484485172585281, 45.49504092342039 ], [ -73.478158116208334, 45.492358364797752 ], [ -73.478298043531183, 45.487163383202933 ], [ -73.484763852023903, 45.484650929586017 ] ] ] } },
{ "type": "Feature", "properties": { "hex_id": 583073, "centroid_lon": -73.478437932661706, "centroid_lat": 45.481968396526355, "occurrences_today": 2, "datetimes_today": "2026-03-21 00:01:33, 2026-03-21 00:12:00", "cumulative_total": 123 }, "geometry": { "type": "Polygon", "coordinates": [ [ [ -73.478577783612749, 45.476773404768124 ], [ -73.484903134698314, 45.479455925050424 ], [ -73.484763852023903, 45.484650929586017 ], [ -73.478298043531183, 45.487163383202933 ], [ -73.471972162354874, 45.484480493425416 ], [ -73.47211261974924, 45.479285519590611 ], [ -73.478577783612749, 45.476773404768124 ] ] ] } },
{ "type": "Feature", "properties": { "hex_id": 583684, "centroid_lon": -73.471831666614406, "centroid_lat": 45.48967546217569, "occurrences_today": 6, "datetimes_today": "2026-03-21 08:46:19, 2026-03-21 09:16:24, 2026-03-21 09:31:38, 2026-03-21 09:43:16, 2026-03-21 10:01:31, 2026-03-21 10:16:35", "cumulative_total": 110 }, "geometry": { "type": "Polygon", "coordinates": [ [ [ -73.471972162354874, 45.484480493425416 ], [ -73.478298043531183, 45.487163383202933 ], [ -73.478158116208334, 45.492358364797752 ], [ -73.471691132514962, 45.49487042584137 ], [ -73.465364721286434, 45.492187166409764 ], [ -73.465505823790636, 45.486992215653046 ], [ -73.471972162354874, 45.484480493425416 ] ] ] } },
{ "type": "Feature", "properties": { "hex_id": 523252, "centroid_lon": -74.103339650528113, "centroid_lat": 45.613306531695841, "occurrences_today": 7, "datetimes_today": "2026-03-21 00:01:33, 2026-03-21 00:12:00, 2026-03-21 00:31:48, 2026-03-21 00:46:48, 2026-03-21 01:01:24, 2026-03-21 01:14:09, 2026-03-21 01:31:28", "cumulative_total": 46 }, "geometry": { "type": "Polygon", "coordinates": [ [ [ -74.103422449480007, 45.608110462067337 ], [ -74.109792706268721, 45.610758643492574 ], [ -74.109710487973715, 45.615954719726062 ], [ -74.103256828930881, 45.618502596460019 ], [ -74.096886014134441, 45.615854049776893 ], [ -74.096969416380944, 45.610657991682515 ], [ -74.103422449480007, 45.608110462067337 ] ] ] } },
{ "type": "Feature", "properties": { "hex_id": 523862, "centroid_lon": -74.097052795824112, "centroid_lat": 45.605461928722171, "occurrences_today": 7, "datetimes_today": "2026-03-21 00:01:33, 2026-03-21 00:12:00, 2026-03-21 00:31:48, 2026-03-21 00:46:48, 2026-03-21 01:01:24, 2026-03-21 01:14:09, 2026-03-21 01:31:28", "cumulative_total": 63 }, "geometry": { "type": "Polygon", "coordinates": [ [ [ -74.09713615247162, 45.600265860895888 ], [ -74.103505225794194, 45.602914387574536 ], [ -74.103422449480007, 45.608110462067337 ], [ -74.096969416380944, 45.610657991682515 ], [ -74.090599785524532, 45.60800909978461 ], [ -74.090683745293362, 45.602813043555585 ], [ -74.09713615247162, 45.600265860895888 ] ] ] } },
{ "type": "Feature", "properties": { "hex_id": 524473, "centroid_lon": -74.090515802794428, "centroid_lat": 45.613205151146005, "occurrences_today": 7, "datetimes_today": "2026-03-21 00:01:33, 2026-03-21 00:12:00, 2026-03-21 00:31:48, 2026-03-21 00:46:48, 2026-03-21 01:01:24, 2026-03-21 01:14:09, 2026-03-21 01:31:28", "cumulative_total": 63 }, "geometry": { "type": "Polygon", "coordinates": [ [ [ -74.090599785524532, 45.60800909978461 ], [ -74.096969416380944, 45.610657991682515 ], [ -74.096886014134441, 45.615854049776893 ], [ -74.090431797095349, 45.618401197639734 ], [ -74.084061608728192, 45.615751940361818 ], [ -74.084146194903155, 45.610555900665879 ], [ -74.090599785524532, 45.60800909978461 ] ] ] } },
{ "type": "Feature", "properties": { "hex_id": 525083, "centroid_lon": -74.08423075795119, "centroid_lat": 45.60535985610062, "occurrences_today": 7, "datetimes_today": "2026-03-21 00:01:33, 2026-03-21 00:12:00, 2026-03-21 00:31:48, 2026-03-21 00:46:48, 2026-03-21 01:01:24, 2026-03-21 01:14:09, 2026-03-21 01:31:28", "cumulative_total": 63 }, "geometry": { "type": "Polygon", "coordinates": [ [ [ -74.084315297880082, 45.600163806666018 ], [ -74.090683745293362, 45.602813043555585 ], [ -74.090599785524532, 45.60800909978461 ], [ -74.084146194903155, 45.610555900665879 ], [ -74.077777190452835, 45.607906298435033 ], [ -74.077862333653158, 45.602710260729005 ], [ -74.084315297880082, 45.600163806666018 ] ] ] } },
{ "type": "Feature", "properties": { "hex_id": 525693, "centroid_lon": -74.077947453576513, "centroid_lat": 45.59751421815195, "occurrences_today": 7, "datetimes_today": "2026-03-21 00:01:33, 2026-03-21 00:12:00, 2026-03-21 00:31:48, 2026-03-21 00:46:48, 2026-03-21 01:01:24, 2026-03-21 01:14:09, 2026-03-21 01:31:28", "cumulative_total": 63 }, "geometry": { "type": "Polygon", "coordinates": [ [ [ -74.078032550230716, 45.592318170703919 ], [ -74.084399814697605, 45.594967752362123 ], [ -74.084315297880082, 45.600163806666018 ], [ -74.077862333653158, 45.602710260729005 ], [ -74.071494512622635, 45.600060313768289 ], [ -74.07158021237484, 45.594864278111878 ], [ -74.078032550230716, 45.592318170703919 ] ] ] } },
{ "type": "Feature", "properties": { "hex_id": 526304, "centroid_lon": -74.071408789435694, "centroid_lat": 45.605256344551982, "occurrences_today": 7, "datetimes_today": "2026-03-21 00:01:33, 2026-03-21 00:12:00, 2026-03-21 00:31:48, 2026-03-21 00:46:48, 2026-03-21 01:01:24, 2026-03-21 01:14:09, 2026-03-21 01:31:28", "cumulative_total": 63 }, "geometry": { "type": "Polygon", "coordinates": [ [ [ -74.071494512622635, 45.600060313768289 ], [ -74.077862333653158, 45.602710260729005 ], [ -74.077777190452835, 45.607906298435033 ], [ -74.071323042806128, 45.610452370462937 ], [ -74.064954665235533, 45.607802058039034 ], [ -74.06504099184383, 45.602606039115216 ], [ -74.071494512622635, 45.600060313768289 ] ] ] } },
{ "type": "Feature", "properties": { "hex_id": 526914, "centroid_lon": -74.065127294851749, "centroid_lat": 45.597410015316946, "occurrences_today": 7, "datetimes_today": "2026-03-21 00:01:33, 2026-03-21 00:12:00, 2026-03-21 00:31:48, 2026-03-21 00:46:48, 2026-03-21 01:01:24, 2026-03-21 01:14:09, 2026-03-21 01:31:28", "cumulative_total": 91 }, "geometry": { "type": "Polygon", "coordinates": [ [ [ -74.065213574267233, 45.592213986644254 ], [ -74.07158021237484, 45.594864278111878 ], [ -74.071494512622635, 45.600060313768289 ], [ -74.06504099184383, 45.602606039115216 ], [ -74.058673797669357, 45.59995538222325 ], [ -74.058760680332611, 45.594759365473472 ], [ -74.065213574267233, 45.592213986644254 ] ] ] } },
{ "type": "Feature", "properties": { "hex_id": 528135, "centroid_lon": -74.052307206904302, "centroid_lat": 45.59730437397458, "occurrences_today": 7, "datetimes_today": "2026-03-21 00:01:33, 2026-03-21 00:12:00, 2026-03-21 00:31:48, 2026-03-21 00:46:48, 2026-03-21 01:01:24, 2026-03-21 01:14:09, 2026-03-21 01:31:28", "cumulative_total": 91 }, "geometry": { "type": "Polygon", "coordinates": [ [ [ -74.05239466905725, 45.592108364336354 ], [ -74.058760680332611, 45.594759365473472 ], [ -74.058673797669357, 45.59995538222325 ], [ -74.052219720835623, 45.602500378734909 ], [ -74.045853153990322, 45.599849012051742 ], [ -74.045941219540637, 45.594653014467745 ], [ -74.05239466905725, 45.592108364336354 ] ] ] } },
{ "type": "Feature", "properties": { "hex_id": 732677, "centroid_lon": -71.885552505016989, "centroid_lat": 45.940722997737339, "occurrences_today": 4, "datetimes_today": "2026-03-21 01:01:24, 2026-03-21 01:14:09, 2026-03-21 01:31:28, 2026-03-21 01:46:29", "cumulative_total": 6 }, "geometry": { "type": "Polygon", "coordinates": [ [ [ -71.885843268299439, 45.93553427635154 ], [ -71.892138452659665, 45.938304143665825 ], [ -71.891848248546111, 45.943492893564581 ], [ -71.885261661998058, 45.945911712960211 ], [ -71.878965998218945, 45.943141456151508 ], [ -71.879257400379728, 45.937952769506531 ], [ -71.885843268299439, 45.93553427635154 ] ] ] } },
{ "type": "Feature", "properties": { "hex_id": 732678, "centroid_lon": -71.884679736642681, "centroid_lat": 45.956289124915259, "occurrences_today": 4, "datetimes_today": "2026-03-21 01:01:24, 2026-03-21 01:14:09, 2026-03-21 01:31:28, 2026-03-21 01:46:29", "cumulative_total": 6 }, "geometry": { "type": "Polygon", "coordinates": [ [ [ -71.884970739215646, 45.951100422019685 ], [ -71.891267601532888, 45.953870374889661 ], [ -71.89097715857929, 45.959059106315003 ], [ -71.884388654252149, 45.961477821646461 ], [ -71.878091312146651, 45.958707479070412 ], [ -71.878382954129492, 45.95351881093395 ], [ -71.884970739215646, 45.951100422019685 ] ] ] } },
{ "type": "Feature", "properties": { "hex_id": 733287, "centroid_lon": -71.879548722653979, "centroid_lat": 45.932764076693012, "occurrences_today": 4, "datetimes_today": "2026-03-21 01:01:24, 2026-03-21 01:14:09, 2026-03-21 01:31:28, 2026-03-21 01:46:29", "cumulative_total": 6 }, "geometry": { "type": "Polygon", "coordinates": [ [ [ -71.879839965068783, 45.92757537771147 ], [ -71.886133951872395, 45.930345548803317 ], [ -71.885843268299439, 45.93553427635154 ], [ -71.879257400379728, 45.937952769506531 ], [ -71.872962934607287, 45.935182208974147 ], [ -71.873254815696313, 45.929993544792218 ], [ -71.879839965068783, 45.92757537771147 ] ] ] } },
{ "type": "Feature", "properties": { "hex_id": 733288, "centroid_lon": -71.878674516144557, "centroid_lat": 45.948330136627483, "occurrences_today": 4, "datetimes_today": "2026-03-21 01:01:24, 2026-03-21 01:14:09, 2026-03-21 01:31:28, 2026-03-21 01:46:29", "cumulative_total": 6 }, "geometry": { "type": "Polygon", "coordinates": [ [ [ -71.878965998218945, 45.943141456151508 ], [ -71.885261661998058, 45.945911712960211 ], [ -71.884970739215646, 45.951100422019685 ], [ -71.878382954129492, 45.95351881093395 ], [ -71.872086811012622, 45.950748164473112 ], [ -71.872378932292563, 45.945559518815081 ], [ -71.878965998218945, 45.943141456151508 ] ] ] } },
{ "type": "Feature", "properties": { "hex_id": 733289, "centroid_lon": -71.87779959016892, "centroid_lat": 45.963896141036415, "occurrences_today": 4, "datetimes_today": "2026-03-21 01:01:24, 2026-03-21 01:14:09, 2026-03-21 01:31:28, 2026-03-21 01:46:29", "cumulative_total": 6 }, "geometry": { "type": "Polygon", "coordinates": [ [ [ -71.878091312146651, 45.958707479070412 ], [ -71.884388654252149, 45.961477821646461 ], [ -71.884097492016963, 45.966666512212782 ], [ -71.877507788169211, 45.969084796831389 ], [ -71.871209966356744, 45.966314064391483 ], [ -71.871502328071884, 45.961125437261806 ], [ -71.878091312146651, 45.958707479070412 ] ] ] } },
{ "type": "Feature", "properties": { "hex_id": 733897, "centroid_lon": -71.87354661677594, "centroid_lat": 45.924804874436653, "occurrences_today": 4, "datetimes_today": "2026-03-21 01:01:24, 2026-03-21 01:14:09, 2026-03-21 01:31:28, 2026-03-21 01:46:29", "cumulative_total": 6 }, "geometry": { "type": "Polygon", "coordinates": [ [ [ -71.873838337873224, 45.919616197907928 ], [ -71.88013112765114, 45.922386672562382 ], [ -71.879839965068783, 45.92757537771147 ], [ -71.873254815696313, 45.929993544792218 ], [ -71.866961547399328, 45.927222680751221 ], [ -71.867253906966809, 45.922034039080891 ], [ -71.873838337873224, 45.919616197907928 ] ] ] } },
{ "type": "Feature", "properties": { "hex_id": 733898, "centroid_lon": -71.872670973481746, "centroid_lat": 45.940370866981937, "occurrences_today": 4, "datetimes_today": "2026-03-21 01:01:24, 2026-03-21 01:14:09, 2026-03-21 01:31:28, 2026-03-21 01:46:29", "cumulative_total": 6 }, "geometry": { "type": "Polygon", "coordinates": [ [ [ -71.872962934607287, 45.935182208974147 ], [ -71.879257400379728, 45.937952769506531 ], [ -71.878965998218945, 45.943141456151508 ], [ -71.872378932292563, 45.945559518815081 ], [ -71.866083987632564, 45.942788568684577 ], [ -71.866376587759362, 45.937599945553551 ], [ -71.872962934607287, 45.935182208974147 ] ] ] } },
{ "type": "Feature", "properties": { "hex_id": 733899, "centroid_lon": -71.871794609614795, "centroid_lat": 45.95593680395551, "occurrences_today": 4, "datetimes_today": "2026-03-21 01:01:24, 2026-03-21 01:14:09, 2026-03-21 01:31:28, 2026-03-21 01:46:29", "cumulative_total": 6 }, "geometry": { "type": "Polygon", "coordinates": [ [ [ -71.872086811012622, 45.950748164473112 ], [ -71.878382954129492, 45.95351881093395 ], [ -71.878091312146651, 45.958707479070412 ], [ -71.871502328071884, 45.961125437261806 ], [ -71.865205705698671, 45.958354400991141 ], [ -71.865498546629411, 45.953165796403866 ], [ -71.872086811012622, 45.950748164473112 ] ] ] } },
{ "type": "Feature", "properties": { "hex_id": 733900, "centroid_lon": -71.870917524442191, "centroid_lat": 45.971502685344056, "occurrences_today": 4, "datetimes_today": "2026-03-21 01:01:24, 2026-03-21 01:14:09, 2026-03-21 01:31:28, 2026-03-21 01:46:29", "cumulative_total": 8 }, "geometry": { "type": "Polygon", "coordinates": [ [ [ -71.871209966356744, 45.966314064391483 ], [ -71.877507788169211, 45.969084796831389 ], [ -71.877215906120341, 45.974273446454923 ], [ -71.870625002301011, 45.976691300119057 ], [ -71.864326700863089, 45.973920177657497 ], [ -71.864619782842738, 45.968731591618443 ], [ -71.871209966356744, 45.966314064391483 ] ] ] } },
{ "type": "Feature", "properties": { "hex_id": 733901, "centroid_lon": -71.870039717229986, "centroid_lat": 45.987068511134282, "occurrences_today": 4, "datetimes_today": "2026-03-21 01:01:24, 2026-03-21 01:14:09, 2026-03-21 01:31:28, 2026-03-21 01:46:29", "cumulative_total": 6 }, "geometry": { "type": "Polygon", "coordinates": [ [ [ -71.870332399906019, 45.981879908715953 ], [ -71.876631901766572, 45.984650727185603 ], [ -71.876339779407346, 45.989839358291761 ], [ -71.86974695424567, 45.992257107373533 ], [ -71.863446972390221, 45.989485898670296 ], [ -71.863740295664101, 45.98429733118391 ], [ -71.870332399906019, 45.981879908715953 ] ] ] } },
{ "type": "Feature", "properties": { "hex_id": 734508, "centroid_lon": -71.86666910767255, "centroid_lat": 45.932411316242273, "occurrences_today": 4, "datetimes_today": "2026-03-21 01:01:24, 2026-03-21 01:14:09, 2026-03-21 01:31:28, 2026-03-21 01:46:29", "cumulative_total": 6 }, "geometry": { "type": "Polygon", "coordinates": [ [ [ -71.866961547399328, 45.927222680751221 ], [ -71.873254815696313, 45.929993544792218 ], [ -71.872962934607287, 45.935182208974147 ], [ -71.866376587759362, 45.937599945553551 ], [ -71.860082841024663, 45.934828691968377 ], [ -71.860375919548417, 45.929640091412864 ], [ -71.866961547399328, 45.927222680751221 ] ] ] } },
{ "type": "Feature", "properties": { "hex_id": 734509, "centroid_lon": -71.865791307264971, "centroid_lat": 45.947977185634841, "occurrences_today": 4, "datetimes_today": "2026-03-21 01:01:24, 2026-03-21 01:14:09, 2026-03-21 01:31:28, 2026-03-21 01:46:29", "cumulative_total": 6 }, "geometry": { "type": "Polygon", "coordinates": [ [ [ -71.866083987632564, 45.942788568684577 ], [ -71.872378932292563, 45.945559518815081 ], [ -71.872086811012622, 45.950748164473112 ], [ -71.865498546629411, 45.953165796403866 ], [ -71.859203123163326, 45.950394456517557 ], [ -71.859496442859339, 45.945205874521228 ], [ -71.866083987632564, 45.942788568684577 ] ] ] } },
{ "type": "Feature", "properties": { "hex_id": 734510, "centroid_lon": -71.864912784445522, "centroid_lat": 45.963542999396161, "occurrences_today": 4, "datetimes_today": "2026-03-21 01:01:24, 2026-03-21 01:14:09, 2026-03-21 01:31:28, 2026-03-21 01:46:29", "cumulative_total": 6 }, "geometry": { "type": "Polygon", "coordinates": [ [ [ -71.865205705698671, 45.958354400991141 ], [ -71.871502328071884, 45.961125437261806 ], [ -71.871209966356744, 45.966314064391483 ], [ -71.864619782842738, 45.968731591618443 ], [ -71.858322681294766, 45.965960165380196 ], [ -71.858616242408303, 45.960771601947521 ], [ -71.865205705698671, 45.958354400991141 ] ] ] } },
{ "type": "Feature", "properties": { "hex_id": 734511, "centroid_lon": -71.864033538479291, "centroid_lat": 45.979108757512819, "occurrences_today": 4, "datetimes_today": "2026-03-21 01:01:24, 2026-03-21 01:14:09, 2026-03-21 01:31:28, 2026-03-21 01:46:29", "cumulative_total": 8 }, "geometry": { "type": "Polygon", "coordinates": [ [ [ -71.864326700863089, 45.973920177657497 ], [ -71.870625002301011, 45.976691300119057 ], [ -71.870332399906019, 45.981879908715953 ], [ -71.863740295664101, 45.98429733118391 ], [ -71.857441514682407, 45.981525818542856 ], [ -71.857735317459131, 45.976337273678354 ], [ -71.864326700863089, 45.973920177657497 ] ] ] } },
{ "type": "Feature", "properties": { "hex_id": 734512, "centroid_lon": -71.863153568630338, "centroid_lat": 45.994674459971449, "occurrences_today": 4, "datetimes_today": "2026-03-21 01:01:24, 2026-03-21 01:14:09, 2026-03-21 01:31:28, 2026-03-21 01:46:29", "cumulative_total": 6 }, "geometry": { "type": "Polygon", "coordinates": [ [ [ -71.863446972390221, 45.989485898670296 ], [ -71.86974695424567, 45.992257107373533 ], [ -71.86945411092583, 45.997445697433207 ], [ -71.862860084357166, 45.999863015086866 ], [ -71.856559622588634, 45.997091415992116 ], [ -71.856853667274521, 45.991902889700249 ], [ -71.863446972390221, 45.989485898670296 ] ] ] } },
{ "type": "Feature", "properties": { "hex_id": 734513, "centroid_lon": -71.862272874161633, "centroid_lat": 46.010240106758637, "occurrences_today": 4, "datetimes_today": "2026-03-21 01:01:24, 2026-03-21 01:14:09, 2026-03-21 01:31:28, 2026-03-21 01:46:29", "cumulative_total": 6 }, "geometry": { "type": "Polygon", "coordinates": [ [ [ -71.862566519543378, 46.005051564016107 ], [ -71.868868183170491, 46.007822859011874 ], [ -71.868575098680452, 46.013011430529886 ], [ -71.861979148184588, 46.015428643313953 ], [ -71.855677004274753, 46.012656957714505 ], [ -71.855971291116134, 46.007468449999735 ], [ -71.862566519543378, 46.005051564016107 ] ] ] } },
{ "type": "Feature", "properties": { "hex_id": 735118, "centroid_lon": -71.860668917735907, "centroid_lat": 45.924451484671948, "occurrences_today": 4, "datetimes_today": "2026-03-21 01:01:24, 2026-03-21 01:14:09, 2026-03-21 01:31:28, 2026-03-21 01:46:29", "cumulative_total": 6 }, "geometry": { "type": "Polygon", "coordinates": [ [ [ -71.860961835614276, 45.919262871746128 ], [ -71.867253906966809, 45.922034039080891 ], [ -71.866961547399328, 45.927222680751221 ], [ -71.860375919548417, 45.929640091412864 ], [ -71.854083370207704, 45.926868534587996 ], [ -71.854376926678881, 45.921679956656455 ], [ -71.860961835614276, 45.919262871746128 ] ] ] } },
{ "type": "Feature", "properties": { "hex_id": 735119, "centroid_lon": -71.859789682137361, "centroid_lat": 45.940017286337998, "occurrences_today": 4, "datetimes_today": "2026-03-21 01:01:24, 2026-03-21 01:14:09, 2026-03-21 01:31:28, 2026-03-21 01:46:29", "cumulative_total": 6 }, "geometry": { "type": "Polygon", "coordinates": [ [ [ -71.860082841024663, 45.934828691968377 ], [ -71.866376587759362, 45.937599945553551 ], [ -71.866083987632564, 45.942788568684577 ], [ -71.859496442859339, 45.945205874521228 ], [ -71.853202217768512, 45.942434231234323 ], [ -71.853496015779797, 45.93724567187742 ], [ -71.860082841024663, 45.934828691968377 ] ] ] } },
{ "type": "Feature", "properties": { "hex_id": 735120, "centroid_lon": -71.858909723022066, "centroid_lat": 45.955583032326487, "occurrences_today": 4, "datetimes_today": "2026-03-21 01:01:24, 2026-03-21 01:14:09, 2026-03-21 01:31:28, 2026-03-21 01:46:29", "cumulative_total": 6 }, "geometry": { "type": "Polygon", "coordinates": [ [ [ -71.859203123163326, 45.950394456517557 ], [ -71.865498546629411, 45.953165796403866 ], [ -71.865205705698671, 45.958354400991141 ], [ -71.858616242408303, 45.960771601947521 ], [ -71.852320340217858, 45.957999872147752 ], [ -71.85261438001487, 45.952811331369979 ], [ -71.859203123163326, 45.950394456517557 ] ] ] } },
{ "type": "Feature", "properties": { "hex_id": 735121, "centroid_lon": -71.858029039654141, "centroid_lat": 45.971148722623965, "occurrences_today": 4, "datetimes_today": "2026-03-21 01:01:24, 2026-03-21 01:14:09, 2026-03-21 01:31:28, 2026-03-21 01:46:29", "cumulative_total": 8 }, "geometry": { "type": "Polygon", "coordinates": [ [ [ -71.858322681294766, 45.965960165380196 ], [ -71.864619782842738, 45.968731591618443 ], [ -71.864326700863089, 45.973920177657497 ], [ -71.857735317459131, 45.976337273678354 ], [ -71.851437736818227, 45.973565457314756 ], [ -71.851732018646899, 45.968376935120624 ], [ -71.858322681294766, 45.965960165380196 ] ] ] } },
{ "type": "Feature", "properties": { "hex_id": 735122, "centroid_lon": -71.857147631296655, "centroid_lat": 45.986714357216989, "occurrences_today": 4, "datetimes_today": "2026-03-21 01:01:24, 2026-03-21 01:14:09, 2026-03-21 01:31:28, 2026-03-21 01:46:29", "cumulative_total": 6 }, "geometry": { "type": "Polygon", "coordinates": [ [ [ -71.857441514682407, 45.981525818542856 ], [ -71.863740295664101, 45.98429733118391 ], [ -71.863446972390221, 45.989485898670296 ], [ -71.856853667274521, 45.991902889700249 ], [ -71.850554406831023, 45.989130986721847 ], [ -71.850848930937673, 45.983942483115868 ], [ -71.857441514682407, 45.981525818542856 ] ] ] } },
{ "type": "Feature", "properties": { "hex_id": 735123, "centroid_lon": -71.856265497211638, "centroid_lat": 46.002279936092116, "occurrences_today": 4, "datetimes_today": "2026-03-21 01:01:24, 2026-03-21 01:14:09, 2026-03-21 01:31:28, 2026-03-21 01:46:29", "cumulative_total": 6 }, "geometry": { "type": "Polygon", "coordinates": [ [ [ -71.856559622588634, 45.997091415992116 ], [ -71.862860084357166, 45.999863015086866 ], [ -71.862566519543378, 46.005051564016107 ], [ -71.855971291116134, 46.007468449999735 ], [ -71.849670349516586, 46.004696460355525 ], [ -71.849965116147899, 45.999507975342176 ], [ -71.856559622588634, 45.997091415992116 ] ] ] } },
{ "type": "Feature", "properties": { "hex_id": 735728, "centroid_lon": -71.854670402691198, "centroid_lat": 45.916491372534352, "occurrences_today": 4, "datetimes_today": "2026-03-21 01:01:24, 2026-03-21 01:14:09, 2026-03-21 01:31:28, 2026-03-21 01:46:29", "cumulative_total": 6 }, "geometry": { "type": "Polygon", "coordinates": [ [ [ -71.85496379827191, 45.911302782222222 ], [ -71.861254673210738, 45.914074252635885 ], [ -71.860961835614276, 45.919262871746128 ], [ -71.854376926678881, 45.921679956656455 ], [ -71.848085574201022, 45.918908096806689 ], [ -71.848379608170362, 45.913719541547543 ], [ -71.85496379827191, 45.911302782222222 ] ] ] } },
{ "type": "Feature", "properties": { "hex_id": 735729, "centroid_lon": -71.853789733250437, "centroid_lat": 45.932057106328486, "occurrences_today": 4, "datetimes_today": "2026-03-21 01:01:24, 2026-03-21 01:14:09, 2026-03-21 01:31:28, 2026-03-21 01:46:29", "cumulative_total": 6 }, "geometry": { "type": "Polygon", "coordinates": [ [ [ -71.854083370207704, 45.926868534587996 ], [ -71.860375919548417, 45.929640091412864 ], [ -71.860082841024663, 45.934828691968377 ], [ -71.853496015779797, 45.93724567187742 ], [ -71.847202988532572, 45.934473725404878 ], [ -71.847497264409427, 45.929285188735847 ], [ -71.854083370207704, 45.926868534587996 ] ] ] } },
{ "type": "Feature", "properties": { "hex_id": 735730, "centroid_lon": -71.852908339189312, "centroid_lat": 45.947622784398668, "occurrences_today": 4, "datetimes_today": "2026-03-21 01:01:24, 2026-03-21 01:14:09, 2026-03-21 01:31:28, 2026-03-21 01:46:29", "cumulative_total": 6 }, "geometry": { "type": "Polygon", "coordinates": [ [ [ -71.853202217768512, 45.942434231234323 ], [ -71.859496442859339, 45.945205874521228 ], [ -71.859203123163326, 45.950394456517557 ], [ -71.85261438001487, 45.952811331369979 ], [ -71.846319676649728, 45.950039298223729 ], [ -71.846614194680058, 45.944850780149324 ], [ -71.853202217768512, 45.942434231234323 ] ] ] } },
{ "type": "Feature", "properties": { "hex_id": 735731, "centroid_lon": -71.852026219770991, "centroid_lat": 45.963188406731469, "occurrences_today": 4, "datetimes_today": "2026-03-21 01:01:24, 2026-03-21 01:14:09, 2026-03-21 01:31:28, 2026-03-21 01:46:29", "cumulative_total": 8 }, "geometry": { "type": "Polygon", "coordinates": [ [ [ -71.852320340217858, 45.957999872147752 ], [ -71.858616242408303, 45.960771601947521 ], [ -71.858322681294766, 45.965960165380196 ], [ -71.851732018646899, 45.968376935120624 ], [ -71.84543563781402, 45.965604815249655 ], [ -71.845730398244086, 45.960416315774395 ], [ -71.852320340217858, 45.957999872147752 ] ] ] } },
{ "type": "Feature", "properties": { "hex_id": 735732, "centroid_lon": -71.851143374257617, "centroid_lat": 45.978753973313331, "occurrences_today": 4, "datetimes_today": "2026-03-21 01:01:24, 2026-03-21 01:14:09, 2026-03-21 01:31:28, 2026-03-21 01:46:29", "cumulative_total": 6 }, "geometry": { "type": "Polygon", "coordinates": [ [ [ -71.851437736818227, 45.973565457314756 ], [ -71.857735317459131, 45.976337273678354 ], [ -71.857441514682407, 45.981525818542856 ], [ -71.850848930937673, 45.983942483115868 ], [ -71.844550871285904, 45.981170276469136 ], [ -71.844845874362349, 45.975981795597534 ], [ -71.851437736818227, 45.973565457314756 ] ] ] } },
{ "type": "Feature", "properties": { "hex_id": 735733, "centroid_lon": -71.850259801910241, "centroid_lat": 45.994319484130806, "occurrences_today": 4, "datetimes_today": "2026-03-21 01:01:24, 2026-03-21 01:14:09, 2026-03-21 01:31:28, 2026-03-21 01:46:29", "cumulative_total": 6 }, "geometry": { "type": "Polygon", "coordinates": [ [ [ -71.850554406831023, 45.989130986721847 ], [ -71.856853667274521, 45.991902889700249 ], [ -71.856559622588634, 45.997091415992116 ], [ -71.849965116147899, 45.999507975342176 ], [ -71.843665376324765, 45.996735681868586 ], [ -71.843960622294574, 45.99154721960516 ], [ -71.850554406831023, 45.989130986721847 ] ] ] } },
{ "type": "Feature", "properties": { "hex_id": 735734, "centroid_lon": -71.84937550198886, "centroid_lat": 46.009884939170327, "occurrences_today": 4, "datetimes_today": "2026-03-21 01:01:24, 2026-03-21 01:14:09, 2026-03-21 01:31:28, 2026-03-21 01:46:29", "cumulative_total": 6 }, "geometry": { "type": "Polygon", "coordinates": [ [ [ -71.849670349516586, 46.004696460355525 ], [ -71.855971291116134, 46.007468449999735 ], [ -71.855677004274753, 46.012656957714505 ], [ -71.849080573537222, 46.015073411786076 ], [ -71.842779152188953, 46.012301031434433 ], [ -71.843074641299452, 46.007112587783709 ], [ -71.849670349516586, 46.004696460355525 ] ] ] } },
{ "type": "Feature", "properties": { "hex_id": 736338, "centroid_lon": -71.848673561558428, "centroid_lat": 45.908530980092713, "occurrences_today": 4, "datetimes_today": "2026-03-21 01:01:24, 2026-03-21 01:14:09, 2026-03-21 01:31:28, 2026-03-21 01:46:29", "cumulative_total": 6 }, "geometry": { "type": "Polygon", "coordinates": [ [ [ -71.848967434392534, 45.903342412442676 ], [ -71.855257113448232, 45.906114185720533 ], [ -71.85496379827191, 45.911302782222222 ], [ -71.848379608170362, 45.913719541547543 ], [ -71.842089452024496, 45.91094737888767 ], [ -71.84238396304309, 45.905758846349308 ], [ -71.848967434392534, 45.903342412442676 ] ] ] } },
{ "type": "Feature", "properties": { "hex_id": 736339, "centroid_lon": -71.847791459623139, "centroid_lat": 45.924096645869625, "occurrences_today": 4, "datetimes_today": "2026-03-21 01:01:24, 2026-03-21 01:14:09, 2026-03-21 01:31:28, 2026-03-21 01:46:29", "cumulative_total": 6 }, "geometry": { "type": "Polygon", "coordinates": [ [ [ -71.848085574201022, 45.918908096806689 ], [ -71.854376926678881, 45.921679956656455 ], [ -71.854083370207704, 45.926868534587996 ], [ -71.847497264409427, 45.929285188735847 ], [ -71.841205434474375, 45.926512939292543 ], [ -71.84150018776748, 45.921324425359778 ], [ -71.848085574201022, 45.918908096806689 ] ] ] } },
{ "type": "Feature", "properties": { "hex_id": 736340, "centroid_lon": -71.846908631965221, "centroid_lat": 45.939662255876208, "occurrences_today": 4, "datetimes_today": "2026-03-21 01:01:24, 2026-03-21 01:14:09, 2026-03-21 01:31:28, 2026-03-21 01:46:29", "cumulative_total": 6 }, "geometry": { "type": "Polygon", "coordinates": [ [ [ -71.847202988532572, 45.934473725404878 ], [ -71.853496015779797, 45.93724567187742 ], [ -71.853202217768512, 45.942434231234323 ], [ -71.846614194680058, 45.944850780149324 ], [ -71.840320689608248, 45.942078443871559 ], [ -71.840615685422122, 45.936889948548931 ], [ -71.847202988532572, 45.934473725404878 ] ] ] } },
{ "type": "Feature", "properties": { "hex_id": 736341, "centroid_lon": -71.846025077846861, "centroid_lat": 45.955227810098918, "occurrences_today": 4, "datetimes_today": "2026-03-21 01:01:24, 2026-03-21 01:14:09, 2026-03-21 01:31:28, 2026-03-21 01:46:29", "cumulative_total": 6 }, "geometry": { "type": "Polygon", "coordinates": [ [ [ -71.846319676649728, 45.950039298223729 ], [ -71.85261438001487, 45.952811331369979 ], [ -71.852320340217858, 45.957999872147752 ], [ -71.845730398244086, 45.960416315774395 ], [ -71.839435216686695, 45.957643892611145 ], [ -71.83973045526794, 45.952455415903167 ], [ -71.846319676649728, 45.950039298223729 ] ] ] } },
{ "type": "Feature", "properties": { "hex_id": 736342, "centroid_lon": -71.84514079652925, "centroid_lat": 45.970793308524208, "occurrences_today": 4, "datetimes_today": "2026-03-21 01:01:24, 2026-03-21 01:14:09, 2026-03-21 01:31:28, 2026-03-21 01:46:29", "cumulative_total": 6 }, "geometry": { "type": "Polygon", "coordinates": [ [ [ -71.84543563781402, 45.965604815249655 ], [ -71.851732018646899, 45.968376935120624 ], [ -71.851437736818227, 45.973565457314756 ], [ -71.844845874362349, 45.975981795597534 ], [ -71.838549014969189, 45.973209285497653 ], [ -71.838844496564775, 45.968020827408878 ], [ -71.84543563781402, 45.965604815249655 ] ] ] } },
{ "type": "Feature", "properties": { "hex_id": 736343, "centroid_lon": -71.844255787272459, "centroid_lat": 45.986358751138511, "occurrences_today": 4, "datetimes_today": "2026-03-21 01:01:24, 2026-03-21 01:14:09, 2026-03-21 01:31:28, 2026-03-21 01:46:29", "cumulative_total": 6 }, "geometry": { "type": "Polygon", "coordinates": [ [ [ -71.844550871285904, 45.981170276469136 ], [ -71.850848930937673, 45.983942483115868 ], [ -71.850554406831023, 45.989130986721847 ], [ -71.843960622294574, 45.99154721960516 ], [ -71.837662083714193, 45.988774622517489 ], [ -71.837957808571403, 45.983586183052459 ], [ -71.844550871285904, 45.981170276469136 ] ] ] } },
{ "type": "Feature", "properties": { "hex_id": 736344, "centroid_lon": -71.843370049335562, "centroid_lat": 46.001924137928256, "occurrences_today": 4, "datetimes_today": "2026-03-21 01:01:24, 2026-03-21 01:14:09, 2026-03-21 01:31:28, 2026-03-21 01:46:29", "cumulative_total": 6 }, "geometry": { "type": "Polygon", "coordinates": [ [ [ -71.843665376324765, 45.996735681868586 ], [ -71.849965116147899, 45.999507975342176 ], [ -71.849670349516586, 46.004696460355525 ], [ -71.843074641299452, 46.007112587783709 ], [ -71.836774422179076, 46.004339903657005 ], [ -71.837070390545563, 45.99915148282026 ], [ -71.843665376324765, 45.996735681868586 ] ] ] } },
{ "type": "Feature", "properties": { "hex_id": 736345, "centroid_lon": -71.842483581976509, "centroid_lat": 46.017489468879894, "occurrences_today": 4, "datetimes_today": "2026-03-21 01:01:24, 2026-03-21 01:14:09, 2026-03-21 01:31:28, 2026-03-21 01:46:29", "cumulative_total": 6 }, "geometry": { "type": "Polygon", "coordinates": [ [ [ -71.842779152188953, 46.012301031434433 ], [ -71.849080573537222, 46.015073411786076 ], [ -71.848785564134246, 46.020261878202277 ], [ -71.842187930634637, 46.022677900119625 ], [ -71.835886029620141, 46.019905128902586 ], [ -71.836182241743941, 46.014716726698673 ], [ -71.842779152188953, 46.012301031434433 ] ] ] } },
{ "type": "Feature", "properties": { "hex_id": 736948, "centroid_lon": -71.84267839335817, "centroid_lat": 45.90057030761011, "occurrences_today": 4, "datetimes_today": "2026-03-21 01:01:24, 2026-03-21 01:14:09, 2026-03-21 01:31:28, 2026-03-21 01:46:29", "cumulative_total": 24 }, "geometry": { "type": "Polygon", "coordinates": [ [ [ -71.842972742997034, 45.895381762670539 ], [ -71.849261226699909, 45.898153838597928 ], [ -71.848967434392534, 45.903342412442676 ], [ -71.84238396304309, 45.905758846349308 ], [ -71.836095002698571, 45.902986381093982 ], [ -71.836389990317841, 45.897797871324755 ], [ -71.842972742997034, 45.895381762670539 ] ] ] } },
{ "type": "Feature", "properties": { "hex_id": 736949, "centroid_lon": -71.841794860275073, "centroid_lat": 45.916135905224671, "occurrences_today": 4, "datetimes_today": "2026-03-21 01:01:24, 2026-03-21 01:14:09, 2026-03-21 01:31:28, 2026-03-21 01:46:29", "cumulative_total": 6 }, "geometry": { "type": "Polygon", "coordinates": [ [ [ -71.842089452024496, 45.91094737888767 ], [ -71.848379608170362, 45.913719541547543 ], [ -71.848085574201022, 45.918908096806689 ], [ -71.84150018776748, 45.921324425359778 ], [ -71.835209554613385, 45.918551873160467 ], [ -71.83550478487372, 45.913363382012335 ], [ -71.842089452024496, 45.91094737888767 ] ] ] } },
{ "type": "Feature", "properties": { "hex_id": 736950, "centroid_lon": -71.840910600368375, "centroid_lat": 45.931701447022427, "occurrences_today": 4, "datetimes_today": "2026-03-21 01:01:24, 2026-03-21 01:14:09, 2026-03-21 01:31:28, 2026-03-21 01:46:29", "cumulative_total": 6 }, "geometry": { "type": "Polygon", "coordinates": [ [ [ -71.841205434474375, 45.926512939292543 ], [ -71.847497264409427, 45.929285188735847 ], [ -71.847202988532572, 45.934473725404878 ], [ -71.840615685422122, 45.936889948548931 ], [ -71.83432337811189, 45.934117309354555 ], [ -71.834618851259876, 45.928928836832078 ], [ -71.841205434474375, 45.926512939292543 ] ] ] } },
{ "type": "Feature", "properties": { "hex_id": 736951, "centroid_lon": -71.840025612899325, "centroid_lat": 45.947266932989805, "occurrences_today": 4, "datetimes_today": "2026-03-21 01:01:24, 2026-03-21 01:14:09, 2026-03-21 01:31:28, 2026-03-21 01:46:29", "cumulative_total": 6 }, "geometry": { "type": "Polygon", "coordinates": [ [ [ -71.840320689608248, 45.942078443871559 ], [ -71.846614194680058, 45.944850780149324 ], [ -71.846319676649728, 45.950039298223729 ], [ -71.83973045526794, 45.952455415903167 ], [ -71.833436472453712, 45.949682689662616 ], [ -71.833732188736263, 45.944494235770335 ], [ -71.840320689608248, 45.942078443871559 ] ] ] } },
{ "type": "Feature", "properties": { "hex_id": 736952, "centroid_lon": -71.839139897128121, "centroid_lat": 45.962832363113229, "occurrences_today": 4, "datetimes_today": "2026-03-21 01:01:24, 2026-03-21 01:14:09, 2026-03-21 01:31:28, 2026-03-21 01:46:29", "cumulative_total": 6 }, "geometry": { "type": "Polygon", "coordinates": [ [ [ -71.839435216686695, 45.957643892611145 ], [ -71.845730398244086, 45.960416315774395 ], [ -71.84543563781402, 45.965604815249655 ], [ -71.838844496564775, 45.968020827408878 ], [ -71.832548836897359, 45.965248014070951 ], [ -71.832844796561758, 45.960059578813436 ], [ -71.839435216686695, 45.957643892611145 ] ] ] } },
{ "type": "Feature", "properties": { "hex_id": 736953, "centroid_lon": -71.838253452313907, "centroid_lat": 45.978397737379005, "occurrences_today": 4, "datetimes_today": "2026-03-21 01:01:24, 2026-03-21 01:14:09, 2026-03-21 01:31:28, 2026-03-21 01:46:29", "cumulative_total": 6 }, "geometry": { "type": "Polygon", "coordinates": [ [ [ -71.838549014969189, 45.973209285497653 ], [ -71.844845874362349, 45.975981795597534 ], [ -71.844550871285904, 45.981170276469136 ], [ -71.837957808571403, 45.983586183052459 ], [ -71.831660470700356, 45.980813282565919 ], [ -71.831956673994199, 45.975624865947701 ], [ -71.838549014969189, 45.973209285497653 ] ] ] } },
{ "type": "Feature", "properties": { "hex_id": 736954, "centroid_lon": -71.837366277714764, "centroid_lat": 45.993963055773591, "occurrences_today": 4, "datetimes_today": "2026-03-21 01:01:24, 2026-03-21 01:14:09, 2026-03-21 01:31:28, 2026-03-21 01:46:29", "cumulative_total": 6 }, "geometry": { "type": "Polygon", "coordinates": [ [ [ -71.837662083714193, 45.988774622517489 ], [ -71.843960622294574, 45.99154721960516 ], [ -71.843665376324765, 45.996735681868586 ], [ -71.837070390545563, 45.99915148282026 ], [ -71.830771373119092, 45.996378495133804 ], [ -71.831067820290372, 45.99119009715946 ], [ -71.837662083714193, 45.988774622517489 ] ] ] } },
{ "type": "Feature", "properties": { "hex_id": 736955, "centroid_lon": -71.83647837258772, "centroid_lat": 46.009528318283309, "occurrences_today": 4, "datetimes_today": "2026-03-21 01:01:24, 2026-03-21 01:14:09, 2026-03-21 01:31:28, 2026-03-21 01:46:29", "cumulative_total": 6 }, "geometry": { "type": "Polygon", "coordinates": [ [ [ -71.836774422179076, 46.004339903657005 ], [ -71.843074641299452, 46.007112587783709 ], [ -71.842779152188953, 46.012301031434433 ], [ -71.836182241743941, 46.014716726698673 ], [ -71.829881543408916, 46.011943651760923 ], [ -71.830178234705969, 46.006755272435029 ], [ -71.836774422179076, 46.004339903657005 ] ] ] } },
{ "type": "Feature", "properties": { "hex_id": 736956, "centroid_lon": -71.835589736188723, "centroid_lat": 46.025093524894544, "occurrences_today": 4, "datetimes_today": "2026-03-21 01:01:24, 2026-03-21 01:14:09, 2026-03-21 01:31:28, 2026-03-21 01:46:29", "cumulative_total": 24 }, "geometry": { "type": "Polygon", "coordinates": [ [ [ -71.835886029620141, 46.019905128902586 ], [ -71.842187930634637, 46.022677900119625 ], [ -71.841892198135724, 46.027866325153099 ], [ -71.835293361422103, 46.030281914674056 ], [ -71.828990980824116, 46.02750875243359 ], [ -71.829287916495645, 46.022320391760715 ], [ -71.835886029620141, 46.019905128902586 ] ] ] } },
{ "type": "Feature", "properties": { "hex_id": 737559, "centroid_lon": -71.83579993422633, "centroid_lat": 45.908174884656674, "occurrences_today": 4, "datetimes_today": "2026-03-21 01:01:24, 2026-03-21 01:14:09, 2026-03-21 01:31:28, 2026-03-21 01:46:29", "cumulative_total": 6 }, "geometry": { "type": "Polygon", "coordinates": [ [ [ -71.836095002698571, 45.902986381093982 ], [ -71.84238396304309, 45.905758846349308 ], [ -71.842089452024496, 45.91094737888767 ], [ -71.83550478487372, 45.913363382012335 ], [ -71.829215347969594, 45.910590527271708 ], [ -71.82951105474848, 45.905402058956525 ], [ -71.836095002698571, 45.902986381093982 ] ] ] } },
{ "type": "Feature", "properties": { "hex_id": 737560, "centroid_lon": -71.834914243417899, "centroid_lat": 45.923740358100545, "occurrences_today": 4, "datetimes_today": "2026-03-21 01:01:24, 2026-03-21 01:14:09, 2026-03-21 01:31:28, 2026-03-21 01:46:29", "cumulative_total": 6 }, "geometry": { "type": "Polygon", "coordinates": [ [ [ -71.835209554613385, 45.918551873160467 ], [ -71.84150018776748, 45.921324425359778 ], [ -71.841205434474375, 45.926512939292543 ], [ -71.834618851259876, 45.928928836832078 ], [ -71.828327741179649, 45.926155894935903 ], [ -71.828623691212627, 45.920967445261901 ], [ -71.835209554613385, 45.918551873160467 ] ] ] } },
{ "type": "Feature", "properties": { "hex_id": 737561, "centroid_lon": -71.834027823946499, "centroid_lat": 45.939305775667478, "occurrences_today": 4, "datetimes_today": "2026-03-21 01:01:24, 2026-03-21 01:14:09, 2026-03-21 01:31:28, 2026-03-21 01:46:29", "cumulative_total": 6 }, "geometry": { "type": "Polygon", "coordinates": [ [ [ -71.83432337811189, 45.934117309354555 ], [ -71.840615685422122, 45.936889948548931 ], [ -71.840320689608248, 45.942078443871559 ], [ -71.833732188736263, 45.944494235770335 ], [ -71.827439404133088, 45.941721206667395 ], [ -71.827735597667385, 45.936532775639158 ], [ -71.83432337811189, 45.934117309354555 ] ] ] } },
{ "type": "Feature", "properties": { "hex_id": 737562, "centroid_lon": -71.833140675071363, "centroid_lat": 45.954871137343808, "occurrences_today": 4, "datetimes_today": "2026-03-21 01:01:24, 2026-03-21 01:14:09, 2026-03-21 01:31:28, 2026-03-21 01:46:29", "cumulative_total": 6 }, "geometry": { "type": "Polygon", "coordinates": [ [ [ -71.833436472453712, 45.949682689662616 ], [ -71.83973045526794, 45.952455415903167 ], [ -71.839435216686695, 45.957643892611145 ], [ -71.832844796561758, 45.960059578813436 ], [ -71.82655033608745, 45.95728646245248 ], [ -71.826846773370661, 45.952098050074561 ], [ -71.833436472453712, 45.949682689662616 ] ] ] } },
{ "type": "Feature", "properties": { "hex_id": 737563, "centroid_lon": -71.832252796050696, "centroid_lat": 45.970436443115879, "occurrences_today": 4, "datetimes_today": "2026-03-21 01:01:24, 2026-03-21 01:14:09, 2026-03-21 01:31:28, 2026-03-21 01:46:29", "cumulative_total": 6 }, "geometry": { "type": "Polygon", "coordinates": [ [ [ -71.832548836897359, 45.965248014070951 ], [ -71.838844496564775, 45.968020827408878 ], [ -71.838549014969189, 45.973209285497653 ], [ -71.831956673994199, 45.975624865947701 ], [ -71.825660536299296, 45.972851662277421 ], [ -71.825957217579344, 45.967663268554418 ], [ -71.832548836897359, 45.965248014070951 ] ] ] } },
{ "type": "Feature", "properties": { "hex_id": 737564, "centroid_lon": -71.831364186141599, "centroid_lat": 45.98600169297, "occurrences_today": 4, "datetimes_today": "2026-03-21 01:01:24, 2026-03-21 01:14:09, 2026-03-21 01:31:28, 2026-03-21 01:46:29", "cumulative_total": 6 }, "geometry": { "type": "Polygon", "coordinates": [ [ [ -71.831660470700356, 45.980813282565919 ], [ -71.837957808571403, 45.983586183052459 ], [ -71.837662083714193, 45.988774622517489 ], [ -71.831067820290372, 45.99119009715946 ], [ -71.824770004024046, 45.988416806128484 ], [ -71.825066929549251, 45.98322843106498 ], [ -71.831660470700356, 45.980813282565919 ] ] ] } },
{ "type": "Feature", "properties": { "hex_id": 737565, "centroid_lon": -71.830474844600161, "centroid_lat": 46.001566886892483, "occurrences_today": 4, "datetimes_today": "2026-03-21 01:01:24, 2026-03-21 01:14:09, 2026-03-21 01:31:28, 2026-03-21 01:46:29", "cumulative_total": 6 }, "geometry": { "type": "Polygon", "coordinates": [ [ [ -71.830771373119092, 45.996378495133804 ], [ -71.837070390545563, 45.99915148282026 ], [ -71.836774422179076, 46.004339903657005 ], [ -71.830178234705969, 46.006755272435029 ], [ -71.823878738516129, 46.00398189399192 ], [ -71.824175908535125, 45.998793537592469 ], [ -71.830771373119092, 45.996378495133804 ] ] ] } },
{ "type": "Feature", "properties": { "hex_id": 737566, "centroid_lon": -71.82958477068135, "centroid_lat": 46.017132024869653, "occurrences_today": 4, "datetimes_today": "2026-03-21 01:01:24, 2026-03-21 01:14:09, 2026-03-21 01:31:28, 2026-03-21 01:46:29", "cumulative_total": 29 }, "geometry": { "type": "Polygon", "coordinates": [ [ [ -71.829881543408916, 46.011943651760923 ], [ -71.836182241743941, 46.014716726698673 ], [ -71.835886029620141, 46.019905128902586 ], [ -71.829287916495645, 46.022320391760715 ], [ -71.822986739028835, 46.01954692585398 ], [ -71.823284153790667, 46.014358588123187 ], [ -71.829881543408916, 46.011943651760923 ] ] ] } },
{ "type": "Feature", "properties": { "hex_id": 738169, "centroid_lon": -71.829806680497541, "centroid_lat": 45.900213584428634, "occurrences_today": 4, "datetimes_today": "2026-03-21 01:01:24, 2026-03-21 01:14:09, 2026-03-21 01:31:28, 2026-03-21 01:46:29", "cumulative_total": 6 }, "geometry": { "type": "Polygon", "coordinates": [ [ [ -71.830102225244232, 45.895025103688546 ], [ -71.836389990317841, 45.897797871324755 ], [ -71.836095002698571, 45.902986381093982 ], [ -71.82951105474848, 45.905402058956525 ], [ -71.823222813563547, 45.902628901889187 ], [ -71.823518996412616, 45.897440456455222 ], [ -71.830102225244232, 45.895025103688546 ] ] ] } },
{ "type": "Feature", "properties": { "hex_id": 738170, "centroid_lon": -71.828919560133443, "centroid_lat": 45.915778989373671, "occurrences_today": 4, "datetimes_today": "2026-03-21 01:01:24, 2026-03-21 01:14:09, 2026-03-21 01:31:28, 2026-03-21 01:46:29", "cumulative_total": 6 }, "geometry": { "type": "Polygon", "coordinates": [ [ [ -71.829215347969594, 45.910590527271708 ], [ -71.83550478487372, 45.913363382012335 ], [ -71.835209554613385, 45.918551873160467 ], [ -71.828623691212627, 45.920967445261901 ], [ -71.822333777831119, 45.918194200878609 ], [ -71.822630204300282, 45.913005774101379 ], [ -71.829215347969594, 45.910590527271708 ] ] ] } },
{ "type": "Feature", "properties": { "hex_id": 738171, "centroid_lon": -71.828031710007082, "centroid_lat": 45.931344338395149, "occurrences_today": 4, "datetimes_today": "2026-03-21 01:01:24, 2026-03-21 01:14:09, 2026-03-21 01:31:28, 2026-03-21 01:46:29", "cumulative_total": 6 }, "geometry": { "type": "Polygon", "coordinates": [ [ [ -71.828327741179649, 45.926155894935903 ], [ -71.834618851259876, 45.928928836832078 ], [ -71.83432337811189, 45.934117309354555 ], [ -71.827735597667385, 45.936532775639158 ], [ -71.82144401074342, 45.933759443888626 ], [ -71.821740681080215, 45.928571035772734 ], [ -71.828327741179649, 45.926155894935903 ] ] ] } },
{ "type": "Feature", "properties": { "hex_id": 738172, "centroid_lon": -71.827143129376694, "centroid_lat": 45.946909631479365, "occurrences_today": 4, "datetimes_today": "2026-03-21 01:01:24, 2026-03-21 01:14:09, 2026-03-21 01:31:28, 2026-03-21 01:46:29", "cumulative_total": 6 }, "geometry": { "type": "Polygon", "coordinates": [ [ [ -71.827439404133088, 45.941721206667395 ], [ -71.833732188736263, 45.944494235770335 ], [ -71.833436472453712, 45.949682689662616 ], [ -71.826846773370661, 45.952098050074561 ], [ -71.820553511557037, 45.949324630905501 ], [ -71.820850426009386, 45.944136241455524 ], [ -71.827439404133088, 45.941721206667395 ] ] ] } },
{ "type": "Feature", "properties": { "hex_id": 738173, "centroid_lon": -71.826253817499534, "centroid_lat": 45.962474868612617, "occurrences_today": 4, "datetimes_today": "2026-03-21 01:01:24, 2026-03-21 01:14:09, 2026-03-21 01:31:28, 2026-03-21 01:46:29", "cumulative_total": 18 }, "geometry": { "type": "Polygon", "coordinates": [ [ [ -71.82655033608745, 45.95728646245248 ], [ -71.832844796561758, 45.960059578813436 ], [ -71.832548836897359, 45.965248014070951 ], [ -71.825957217579344, 45.967663268554418 ], [ -71.819662279527577, 45.964889761915423 ], [ -71.81995943834373, 45.959701391135965 ], [ -71.82655033608745, 45.95728646245248 ] ] ] } },
{ "type": "Feature", "properties": { "hex_id": 738174, "centroid_lon": -71.825363773631793, "centroid_lat": 45.978040049781107, "occurrences_today": 4, "datetimes_today": "2026-03-21 01:01:24, 2026-03-21 01:14:09, 2026-03-21 01:31:28, 2026-03-21 01:46:29", "cumulative_total": 6 }, "geometry": { "type": "Polygon", "coordinates": [ [ [ -71.825660536299296, 45.972851662277421 ], [ -71.831956673994199, 45.975624865947701 ], [ -71.831660470700356, 45.980813282565919 ], [ -71.825066929549251, 45.98322843106498 ], [ -71.818770313909539, 45.980454836904613 ], [ -71.819067717338115, 45.975266484800265 ], [ -71.825660536299296, 45.972851662277421 ] ] ] } },
{ "type": "Feature", "properties": { "hex_id": 738175, "centroid_lon": -71.82447299702855, "centroid_lat": 45.993605174971165, "occurrences_today": 4, "datetimes_today": "2026-03-21 01:01:24, 2026-03-21 01:14:09, 2026-03-21 01:31:28, 2026-03-21 01:46:29", "cumulative_total": 6 }, "geometry": { "type": "Polygon", "coordinates": [ [ [ -71.824770004024046, 45.988416806128484 ], [ -71.831067820290372, 45.99119009715946 ], [ -71.830771373119092, 45.996378495133804 ], [ -71.824175908535125, 45.998793537592469 ], [ -71.817877613956341, 45.996019855859259 ], [ -71.818175262246328, 45.990831522434625 ], [ -71.824770004024046, 45.988416806128484 ] ] ] } },
{ "type": "Feature", "properties": { "hex_id": 738176, "centroid_lon": -71.823581486943851, "centroid_lat": 46.009170244168999, "occurrences_today": 4, "datetimes_today": "2026-03-21 01:01:24, 2026-03-21 01:14:09, 2026-03-21 01:31:28, 2026-03-21 01:46:29", "cumulative_total": 6 }, "geometry": { "type": "Polygon", "coordinates": [ [ [ -71.823878738516129, 46.00398189399192 ], [ -71.830178234705969, 46.006755272435029 ], [ -71.829881543408916, 46.011943651760923 ], [ -71.823284153790667, 46.014358588123187 ], [ -71.816984178920379, 46.011584818765549 ], [ -71.817282072321092, 46.006396504025226 ], [ -71.823878738516129, 46.00398189399192 ] ] ] } },
{ "type": "Feature", "properties": { "hex_id": 738177, "centroid_lon": -71.822689242630688, "centroid_lat": 46.024735257360867, "occurrences_today": 4, "datetimes_today": "2026-03-21 01:01:24, 2026-03-21 01:14:09, 2026-03-21 01:31:28, 2026-03-21 01:46:29", "cumulative_total": 24 }, "geometry": { "type": "Polygon", "coordinates": [ [ [ -71.822986739028835, 46.01954692585398 ], [ -71.829287916495645, 46.022320391760715 ], [ -71.828990980824116, 46.02750875243359 ], [ -71.822391664568471, 46.029923582643349 ], [ -71.816090008052939, 46.027149725609661 ], [ -71.816388146814063, 46.021961429558274 ], [ -71.822986739028835, 46.01954692585398 ] ] ] } },
{ "type": "Feature", "properties": { "hex_id": 738780, "centroid_lon": -71.822926549535268, "centroid_lat": 45.907817341104746, "occurrences_today": 4, "datetimes_today": "2026-03-21 01:01:24, 2026-03-21 01:14:09, 2026-03-21 01:31:28, 2026-03-21 01:46:29", "cumulative_total": 6 }, "geometry": { "type": "Polygon", "coordinates": [ [ [ -71.823222813563547, 45.902628901889187 ], [ -71.82951105474848, 45.905402058956525 ], [ -71.829215347969594, 45.910590527271708 ], [ -71.822630204300282, 45.913005774101379 ], [ -71.816341487086405, 45.910232227445597 ], [ -71.8166383895433, 45.90504382361339 ], [ -71.823222813563547, 45.902628901889187 ] ] ] } },
{ "type": "Feature", "properties": { "hex_id": 738781, "centroid_lon": -71.822037270100267, "centroid_lat": 45.923382621435891, "occurrences_today": 4, "datetimes_today": "2026-03-21 01:01:24, 2026-03-21 01:14:09, 2026-03-21 01:31:28, 2026-03-21 01:46:29", "cumulative_total": 6 }, "geometry": { "type": "Polygon", "coordinates": [ [ [ -71.822333777831119, 45.918194200878609 ], [ -71.828623691212627, 45.920967445261901 ], [ -71.828327741179649, 45.926155894935903 ], [ -71.821740681080215, 45.928571035772734 ], [ -71.81545029130379, 45.925797401589385 ], [ -71.815747437994204, 45.920609016434099 ], [ -71.822333777831119, 45.918194200878609 ] ] ] } },
{ "type": "Feature", "properties": { "hex_id": 738782, "centroid_lon": -71.821147259062315, "centroid_lat": 45.938947845783062, "occurrences_today": 4, "datetimes_today": "2026-03-21 01:01:24, 2026-03-21 01:14:09, 2026-03-21 01:31:28, 2026-03-21 01:46:29", "cumulative_total": 6 }, "geometry": { "type": "Polygon", "coordinates": [ [ [ -71.82144401074342, 45.933759443888626 ], [ -71.827735597667385, 45.936532775639158 ], [ -71.827439404133088, 45.941721206667395 ], [ -71.820850426009386, 45.944136241455524 ], [ -71.814558362324235, 45.9413625196932 ], [ -71.814855753496417, 45.93617415321944 ], [ -71.82144401074342, 45.933759443888626 ] ] ] } },
{ "type": "Feature", "properties": { "hex_id": 738783, "centroid_lon": -71.820256515677684, "centroid_lat": 45.95451301413248, "occurrences_today": 4, "datetimes_today": "2026-03-21 01:01:24, 2026-03-21 01:14:09, 2026-03-21 01:31:28, 2026-03-21 01:46:29", "cumulative_total": 6 }, "geometry": { "type": "Polygon", "coordinates": [ [ [ -71.820553511557037, 45.949324630905501 ], [ -71.826846773370661, 45.952098050074561 ], [ -71.82655033608745, 45.95728646245248 ], [ -71.81995943834373, 45.959701391135965 ], [ -71.813665699402364, 45.956927581743223 ], [ -71.813963335304862, 45.9517392339556 ], [ -71.820553511557037, 45.949324630905501 ] ] ] } },
{ "type": "Feature", "properties": { "hex_id": 738784, "centroid_lon": -71.819365039201571, "centroid_lat": 45.970078126470355, "occurrences_today": 4, "datetimes_today": "2026-03-21 01:01:24, 2026-03-21 01:14:09, 2026-03-21 01:31:28, 2026-03-21 01:46:29", "cumulative_total": 6 }, "geometry": { "type": "Polygon", "coordinates": [ [ [ -71.819662279527577, 45.964889761915423 ], [ -71.825957217579344, 45.967663268554418 ], [ -71.825660536299296, 45.972851662277421 ], [ -71.819067717338115, 45.975266484800265 ], [ -71.812772301791696, 45.97249258772559 ], [ -71.813070182673471, 45.967304258628722 ], [ -71.819662279527577, 45.964889761915423 ] ] ] } },
{ "type": "Feature", "properties": { "hex_id": 738785, "centroid_lon": -71.818472828888162, "centroid_lat": 45.985643182782894, "occurrences_today": 4, "datetimes_today": "2026-03-21 01:01:24, 2026-03-21 01:14:09, 2026-03-21 01:31:28, 2026-03-21 01:46:29", "cumulative_total": 6 }, "geometry": { "type": "Polygon", "coordinates": [ [ [ -71.818770313909539, 45.980454836904613 ], [ -71.825066929549251, 45.98322843106498 ], [ -71.824770004024046, 45.988416806128484 ], [ -71.818175262246328, 45.990831522434625 ], [ -71.811878168744741, 45.98805753762646 ], [ -71.81217629485505, 45.982869227224967 ], [ -71.818770313909539, 45.980454836904613 ] ] ] } },
{ "type": "Feature", "properties": { "hex_id": 738786, "centroid_lon": -71.817579883990504, "centroid_lat": 46.001208183056285, "occurrences_today": 4, "datetimes_today": "2026-03-21 01:01:24, 2026-03-21 01:14:09, 2026-03-21 01:31:28, 2026-03-21 01:46:29", "cumulative_total": 6 }, "geometry": { "type": "Polygon", "coordinates": [ [ [ -71.817877613956341, 45.996019855859259 ], [ -71.824175908535125, 45.998793537592469 ], [ -71.823878738516129, 46.00398189399192 ], [ -71.817282072321092, 46.006396504025226 ], [ -71.810983299512898, 46.003622431431936 ], [ -71.811281671101426, 45.998434139730449 ], [ -71.817877613956341, 45.996019855859259 ] ] ] } },
{ "type": "Feature", "properties": { "hex_id": 738787, "centroid_lon": -71.816686203760625, "centroid_lat": 46.016773127276721, "occurrences_today": 4, "datetimes_today": "2026-03-21 01:01:24, 2026-03-21 01:14:09, 2026-03-21 01:31:28, 2026-03-21 01:46:29", "cumulative_total": 24 }, "geometry": { "type": "Polygon", "coordinates": [ [ [ -71.816984178920379, 46.011584818765549 ], [ -71.823284153790667, 46.014358588123187 ], [ -71.822986739028835, 46.01954692585398 ], [ -71.816388146814063, 46.021961429558274 ], [ -71.810087693346532, 46.019187269128189 ], [ -71.810386310663262, 46.01399899613132 ], [ -71.816984178920379, 46.011584818765549 ] ] ] } },
{ "type": "Feature", "properties": { "hex_id": 739390, "centroid_lon": -71.816935210644104, "centroid_lat": 45.899855413556594, "occurrences_today": 4, "datetimes_today": "2026-03-21 01:01:24, 2026-03-21 01:14:09, 2026-03-21 01:31:28, 2026-03-21 01:46:29", "cumulative_total": 6 }, "geometry": { "type": "Polygon", "coordinates": [ [ [ -71.817231950416371, 45.894666997275685 ], [ -71.823518996412616, 45.897440456455222 ], [ -71.823222813563547, 45.902628901889187 ], [ -71.8166383895433, 45.90504382361339 ], [ -71.81035086796615, 45.902269974899653 ], [ -71.810648245962639, 45.89708159406068 ], [ -71.817231950416371, 45.894666997275685 ] ] ] } },
{ "type": "Feature", "properties": { "hex_id": 739391, "centroid_lon": -71.816044503245891, "centroid_lat": 45.915420625052668, "occurrences_today": 4, "datetimes_today": "2026-03-21 01:01:24, 2026-03-21 01:14:09, 2026-03-21 01:31:28, 2026-03-21 01:46:29", "cumulative_total": 6 }, "geometry": { "type": "Polygon", "coordinates": [ [ [ -71.816341487086405, 45.910232227445597 ], [ -71.822630204300282, 45.913005774101379 ], [ -71.822333777831119, 45.918194200878609 ], [ -71.815747437994204, 45.920609016434099 ], [ -71.809458244833934, 45.917835080032525 ], [ -71.809755867429388, 45.912646717886084 ], [ -71.816341487086405, 45.910232227445597 ] ] ] } },
{ "type": "Feature", "properties": { "hex_id": 739392, "centroid_lon": -71.815153063147051, "centroid_lat": 45.930985780518014, "occurrences_today": 4, "datetimes_today": "2026-03-21 01:01:24, 2026-03-21 01:14:09, 2026-03-21 01:31:28, 2026-03-21 01:46:29", "cumulative_total": 6 }, "geometry": { "type": "Polygon", "coordinates": [ [ [ -71.81545029130379, 45.925797401589385 ], [ -71.821740681080215, 45.928571035772734 ], [ -71.82144401074342, 45.933759443888626 ], [ -71.814855753496417, 45.93617415321944 ], [ -71.808564887407783, 45.933400129078592 ], [ -71.80886275485075, 45.928211785629294 ], [ -71.81545029130379, 45.925797401589385 ] ] ] } },
{ "type": "Feature", "properties": { "hex_id": 739393, "centroid_lon": -71.814260889602934, "centroid_lat": 45.946550879938748, "occurrences_today": 4, "datetimes_today": "2026-03-21 01:01:24, 2026-03-21 01:14:09, 2026-03-21 01:31:28, 2026-03-21 01:46:29", "cumulative_total": 6 }, "geometry": { "type": "Polygon", "coordinates": [ [ [ -71.814558362324235, 45.9413625196932 ], [ -71.820850426009386, 45.944136241455524 ], [ -71.820553511557037, 45.949324630905501 ], [ -71.813963335304862, 45.9517392339556 ], [ -71.807670794941359, 45.948965122023957 ], [ -71.807968907480756, 45.943776797276428 ], [ -71.814558362324235, 45.9413625196932 ] ] ] } },
{ "type": "Feature", "properties": { "hex_id": 739394, "centroid_lon": -71.813367981867799, "centroid_lat": 45.962115923301106, "occurrences_today": 4, "datetimes_today": "2026-03-21 01:01:24, 2026-03-21 01:14:09, 2026-03-21 01:31:28, 2026-03-21 01:46:29", "cumulative_total": 6 }, "geometry": { "type": "Polygon", "coordinates": [ [ [ -71.813665699402364, 45.956927581743223 ], [ -71.81995943834373, 45.959701391135965 ], [ -71.819662279527577, 45.964889761915423 ], [ -71.813070182673471, 45.967304258628722 ], [ -71.806775966687269, 45.964530058854706 ], [ -71.807074324572326, 45.9593417528136 ], [ -71.813665699402364, 45.956927581743223 ] ] ] } },
{ "type": "Feature", "properties": { "hex_id": 739395, "centroid_lon": -71.812474339194807, "centroid_lat": 45.977680910591175, "occurrences_today": 4, "datetimes_today": "2026-03-21 01:01:24, 2026-03-21 01:14:09, 2026-03-21 01:31:28, 2026-03-21 01:46:29", "cumulative_total": 6 }, "geometry": { "type": "Polygon", "coordinates": [ [ [ -71.812772301791696, 45.97249258772559 ], [ -71.819067717338115, 45.975266484800265 ], [ -71.818770313909539, 45.980454836904613 ], [ -71.81217629485505, 45.982869227224967 ], [ -71.805880401897042, 45.980094939556928 ], [ -71.806179005377388, 45.974906652226885 ], [ -71.812772301791696, 45.97249258772559 ] ] ] } },
{ "type": "Feature", "properties": { "hex_id": 739396, "centroid_lon": -71.811579960836113, "centroid_lat": 45.99324584179513, "occurrences_today": 4, "datetimes_today": "2026-03-21 01:01:24, 2026-03-21 01:14:09, 2026-03-21 01:31:28, 2026-03-21 01:46:29", "cumulative_total": 6 }, "geometry": { "type": "Polygon", "coordinates": [ [ [ -71.811878168744741, 45.98805753762646 ], [ -71.818175262246328, 45.990831522434625 ], [ -71.817877613956341, 45.996019855859259 ], [ -71.811281671101426, 45.998434139730449 ], [ -71.804984099821155, 45.995659764116709 ], [ -71.805282949146715, 45.990471495502362 ], [ -71.811878168744741, 45.98805753762646 ] ] ] } },
{ "type": "Feature", "properties": { "hex_id": 739397, "centroid_lon": -71.810684846042776, "centroid_lat": 46.00881071689907, "occurrences_today": 4, "datetimes_today": "2026-03-21 01:01:24, 2026-03-21 01:14:09, 2026-03-21 01:31:28, 2026-03-21 01:46:29", "cumulative_total": 24 }, "geometry": { "type": "Polygon", "coordinates": [ [ [ -71.810983299512898, 46.003622431431936 ], [ -71.817282072321092, 46.006396504025226 ], [ -71.816984178920379, 46.011584818765549 ], [ -71.810386310663262, 46.01399899613132 ], [ -71.804087059708962, 46.011224532520124 ], [ -71.804386155130089, 46.006036282626106 ], [ -71.810983299512898, 46.003622431431936 ] ] ] } },
{ "type": "Feature", "properties": { "hex_id": 739398, "centroid_lon": -71.809788994064789, "centroid_lat": 46.024375535889142, "occurrences_today": 4, "datetimes_today": "2026-03-21 01:01:24, 2026-03-21 01:14:09, 2026-03-21 01:31:28, 2026-03-21 01:46:29", "cumulative_total": 24 }, "geometry": { "type": "Polygon", "coordinates": [ [ [ -71.810087693346532, 46.019187269128189 ], [ -71.816388146814063, 46.021961429558274 ], [ -71.816090008052939, 46.027149725609661 ], [ -71.80949021279018, 46.02956379641369 ], [ -71.803189280808809, 46.026789244753211 ], [ -71.803488622576182, 46.021601013584181 ], [ -71.810087693346532, 46.019187269128189 ] ] ] } },
{ "type": "Feature", "properties": { "hex_id": 740001, "centroid_lon": -71.81005340846427, "centroid_lat": 45.907458349508282, "occurrences_today": 4, "datetimes_today": "2026-03-21 01:01:24, 2026-03-21 01:14:09, 2026-03-21 01:31:28, 2026-03-21 01:46:29", "cumulative_total": 6 }, "geometry": { "type": "Polygon", "coordinates": [ [ [ -71.81035086796615, 45.902269974899653 ], [ -71.8166383895433, 45.90504382361339 ], [ -71.816341487086405, 45.910232227445597 ], [ -71.809755867429388, 45.912646717886084 ], [ -71.803467870354055, 45.909872479480867 ], [ -71.803765968406324, 45.904684140391431 ], [ -71.81035086796615, 45.902269974899653 ] ] ] } },
{ "type": "Feature", "properties": { "hex_id": 740002, "centroid_lon": -71.809160540650268, "centroid_lat": 45.923023435947101, "occurrences_today": 4, "datetimes_today": "2026-03-21 01:01:24, 2026-03-21 01:14:09, 2026-03-21 01:31:28, 2026-03-21 01:46:29", "cumulative_total": 6 }, "geometry": { "type": "Polygon", "coordinates": [ [ [ -71.809458244833934, 45.917835080032525 ], [ -71.815747437994204, 45.920609016434099 ], [ -71.81545029130379, 45.925797401589385 ], [ -71.80886275485075, 45.928211785629294 ], [ -71.802573085826864, 45.925437459324591 ], [ -71.802871429091994, 45.920249138947952 ], [ -71.809458244833934, 45.917835080032525 ] ] ] } },
{ "type": "Feature", "properties": { "hex_id": 740003, "centroid_lon": -71.80826693829367, "centroid_lat": 45.938588466294483, "occurrences_today": 4, "datetimes_today": "2026-03-21 01:01:24, 2026-03-21 01:14:09, 2026-03-21 01:31:28, 2026-03-21 01:46:29", "cumulative_total": 6 }, "geometry": { "type": "Polygon", "coordinates": [ [ [ -71.808564887407783, 45.933400129078592 ], [ -71.814855753496417, 45.93617415321944 ], [ -71.814558362324235, 45.9413625196932 ], [ -71.807968907480756, 45.943776797276428 ], [ -71.801677565162805, 45.941002383020653 ], [ -71.801976153889996, 45.93581408136145 ], [ -71.808564887407783, 45.933400129078592 ] ] ] } },
{ "type": "Feature", "properties": { "hex_id": 740004, "centroid_lon": -71.807372600647781, "centroid_lat": 45.954153440536508, "occurrences_today": 4, "datetimes_today": "2026-03-21 01:01:24, 2026-03-21 01:14:09, 2026-03-21 01:31:28, 2026-03-21 01:46:29", "cumulative_total": 6 }, "geometry": { "type": "Polygon", "coordinates": [ [ [ -71.807670794941359, 45.948965122023957 ], [ -71.813963335304862, 45.9517392339556 ], [ -71.813665699402364, 45.956927581743223 ], [ -71.807074324572326, 45.9593417528136 ], [ -71.800781307613491, 45.956567250555111 ], [ -71.801080142052314, 45.951378967618005 ], [ -71.807670794941359, 45.948965122023957 ] ] ] } },
{ "type": "Feature", "properties": { "hex_id": 740005, "centroid_lon": -71.806477526964855, "centroid_lat": 45.9697183586593, "occurrences_today": 4, "datetimes_today": "2026-03-21 01:01:24, 2026-03-21 01:14:09, 2026-03-21 01:31:28, 2026-03-21 01:46:29", "cumulative_total": 6 }, "geometry": { "type": "Polygon", "coordinates": [ [ [ -71.806775966687269, 45.964530058854706 ], [ -71.813070182673471, 45.967304258628722 ], [ -71.812772301791696, 45.97249258772559 ], [ -71.806179005377388, 45.974906652226885 ], [ -71.799884312429498, 45.972132061913968 ], [ -71.800183392829879, 45.9669437977036 ], [ -71.806775966687269, 45.964530058854706 ] ] ] } },
{ "type": "Feature", "properties": { "hex_id": 740006, "centroid_lon": -71.805581716496079, "centroid_lat": 45.985283220648931, "occurrences_today": 4, "datetimes_today": "2026-03-21 01:01:24, 2026-03-21 01:14:09, 2026-03-21 01:31:28, 2026-03-21 01:46:29", "cumulative_total": 6 }, "geometry": { "type": "Polygon", "coordinates": [ [ [ -71.805880401897042, 45.980094939556928 ], [ -71.81217629485505, 45.982869227224967 ], [ -71.811878168744741, 45.98805753762646 ], [ -71.805282949146715, 45.990471495502362 ], [ -71.798986578860365, 45.987696817083261 ], [ -71.799285905472573, 45.982508571604313 ], [ -71.805880401897042, 45.980094939556928 ] ] ] } },
{ "type": "Feature", "properties": { "hex_id": 740007, "centroid_lon": -71.804685168491545, "centroid_lat": 46.000848026491461, "occurrences_today": 4, "datetimes_today": "2026-03-21 01:01:24, 2026-03-21 01:14:09, 2026-03-21 01:31:28, 2026-03-21 01:46:29", "cumulative_total": 6 }, "geometry": { "type": "Polygon", "coordinates": [ [ [ -71.804984099821155, 45.995659764116709 ], [ -71.811281671101426, 45.998434139730449 ], [ -71.810983299512898, 46.003622431431936 ], [ -71.804386155130089, 46.006036282626106 ], [ -71.798088106154495, 46.003261516049001 ], [ -71.798387679229194, 45.99807328930612 ], [ -71.804984099821155, 45.995659764116709 ] ] ] } },
{ "type": "Feature", "properties": { "hex_id": 740008, "centroid_lon": -71.803787882200268, "centroid_lat": 46.016412776172992, "occurrences_today": 4, "datetimes_today": "2026-03-21 01:01:24, 2026-03-21 01:14:09, 2026-03-21 01:31:28, 2026-03-21 01:46:29", "cumulative_total": 24 }, "geometry": { "type": "Polygon", "coordinates": [ [ [ -71.804087059708962, 46.011224532520124 ], [ -71.810386310663262, 46.01399899613132 ], [ -71.810087693346532, 46.019187269128189 ], [ -71.803488622576182, 46.021601013584181 ], [ -71.79718889355928, 46.018826158797204 ], [ -71.797488713347448, 46.013637950795051 ], [ -71.804087059708962, 46.011224532520124 ] ] ] } },
{ "type": "Feature", "properties": { "hex_id": 740612, "centroid_lon": -71.80316969059183, "centroid_lat": 45.915060812333216, "occurrences_today": 4, "datetimes_today": "2026-03-21 01:01:24, 2026-03-21 01:14:09, 2026-03-21 01:31:28, 2026-03-21 01:46:29", "cumulative_total": 6 }, "geometry": { "type": "Polygon", "coordinates": [ [ [ -71.803467870354055, 45.909872479480867 ], [ -71.809755867429388, 45.912646717886084 ], [ -71.809458244833934, 45.917835080032525 ], [ -71.802871429091994, 45.920249138947952 ], [ -71.796582956601341, 45.917474510693964 ], [ -71.796881775240266, 45.912286213438136 ], [ -71.803467870354055, 45.909872479480867 ] ] ] } },
{ "type": "Feature", "properties": { "hex_id": 740613, "centroid_lon": -71.802274660768774, "centroid_lat": 45.930625773462609, "occurrences_today": 4, "datetimes_today": "2026-03-21 01:01:24, 2026-03-21 01:14:09, 2026-03-21 01:31:28, 2026-03-21 01:46:29", "cumulative_total": 6 }, "geometry": { "type": "Polygon", "coordinates": [ [ [ -71.802573085826864, 45.925437459324591 ], [ -71.80886275485075, 45.928211785629294 ], [ -71.808564887407783, 45.933400129078592 ], [ -71.801976153889996, 45.93581408136145 ], [ -71.795686009085529, 45.933039364996226 ], [ -71.795985073551719, 45.92785108647351 ], [ -71.802573085826864, 45.925437459324591 ] ] ] } },
{ "type": "Feature", "properties": { "hex_id": 740614, "centroid_lon": -71.801378894559491, "centroid_lat": 45.94619067843967, "occurrences_today": 4, "datetimes_today": "2026-03-21 01:01:24, 2026-03-21 01:14:09, 2026-03-21 01:31:28, 2026-03-21 01:46:29", "cumulative_total": 6 }, "geometry": { "type": "Polygon", "coordinates": [ [ [ -71.801677565162805, 45.941002383020653 ], [ -71.807968907480756, 45.943776797276428 ], [ -71.807670794941359, 45.948965122023957 ], [ -71.801080142052314, 45.951378967618005 ], [ -71.794788323588179, 45.948604163089819 ], [ -71.795087634131534, 45.943415903304889 ], [ -71.801677565162805, 45.941002383020653 ] ] ] } },
{ "type": "Feature", "properties": { "hex_id": 740615, "centroid_lon": -71.800482391215269, "centroid_lat": 45.961755527250496, "occurrences_today": 4, "datetimes_today": "2026-03-21 01:01:24, 2026-03-21 01:14:09, 2026-03-21 01:31:28, 2026-03-21 01:46:29", "cumulative_total": 6 }, "geometry": { "type": "Polygon", "coordinates": [ [ [ -71.800781307613491, 45.956567250555111 ], [ -71.807074324572326, 45.9593417528136 ], [ -71.806775966687269, 45.964530058854706 ], [ -71.800183392829879, 45.9669437977036 ], [ -71.793889899358959, 45.964168904960708 ], [ -71.794189456229716, 45.95898066391824 ], [ -71.800781307613491, 45.956567250555111 ] ] ] } },
{ "type": "Feature", "properties": { "hex_id": 740616, "centroid_lon": -71.799585149986342, "centroid_lat": 45.977320319881031, "occurrences_today": 4, "datetimes_today": "2026-03-21 01:01:24, 2026-03-21 01:14:09, 2026-03-21 01:31:28, 2026-03-21 01:46:29", "cumulative_total": 6 }, "geometry": { "type": "Polygon", "coordinates": [ [ [ -71.799884312429498, 45.972132061913968 ], [ -71.806179005377388, 45.974906652226885 ], [ -71.805880401897042, 45.980094939556928 ], [ -71.799285905472573, 45.982508571604313 ], [ -71.792990735646399, 45.979733590594869 ], [ -71.793290539095167, 45.974545368299538 ], [ -71.799884312429498, 45.972132061913968 ] ] ] } },
{ "type": "Feature", "properties": { "hex_id": 740617, "centroid_lon": -71.798687170121852, "centroid_lat": 45.992885056317377, "occurrences_today": 4, "datetimes_today": "2026-03-21 01:01:24, 2026-03-21 01:14:09, 2026-03-21 01:31:28, 2026-03-21 01:46:29", "cumulative_total": 6 }, "geometry": { "type": "Polygon", "coordinates": [ [ [ -71.798986578860365, 45.987696817083261 ], [ -71.805282949146715, 45.990471495502362 ], [ -71.804984099821155, 45.995659764116709 ], [ -71.798387679229194, 45.99807328930612 ], [ -71.79209083169799, 45.995298219978245 ], [ -71.79239088197572, 45.990110016434734 ], [ -71.798986578860365, 45.987696817083261 ] ] ] } },
{ "type": "Feature", "properties": { "hex_id": 740618, "centroid_lon": -71.797788450869888, "centroid_lat": 46.008449736545479, "occurrences_today": 4, "datetimes_today": "2026-03-21 01:01:24, 2026-03-21 01:14:09, 2026-03-21 01:31:28, 2026-03-21 01:46:29", "cumulative_total": 24 }, "geometry": { "type": "Polygon", "coordinates": [ [ [ -71.798088106154495, 46.003261516049001 ], [ -71.804386155130089, 46.006036282626106 ], [ -71.804087059708962, 46.011224532520124 ], [ -71.797488713347448, 46.013637950795051 ], [ -71.791190186760161, 46.010862793096791 ], [ -71.791490484118157, 46.005674608309775 ], [ -71.798088106154495, 46.003261516049001 ] ] ] } },
{ "type": "Feature", "properties": { "hex_id": 740619, "centroid_lon": -71.796888991477431, "centroid_lat": 46.024014360551391, "occurrences_today": 4, "datetimes_today": "2026-03-21 01:01:24, 2026-03-21 01:14:09, 2026-03-21 01:31:28, 2026-03-21 01:46:29", "cumulative_total": 24 }, "geometry": { "type": "Polygon", "coordinates": [ [ [ -71.79718889355928, 46.018826158797204 ], [ -71.803488622576182, 46.021601013584181 ], [ -71.803189280808809, 46.026789244753211 ], [ -71.79658900707399, 46.029202556057129 ], [ -71.790288800078201, 46.026427309936452 ], [ -71.790589344768165, 46.021239143910648 ], [ -71.79718889355928, 46.018826158797204 ] ] ] } },
{ "type": "Feature", "properties": { "hex_id": 741222, "centroid_lon": -71.79718051199221, "centroid_lat": 45.907097909938983, "occurrences_today": 4, "datetimes_today": "2026-03-21 01:01:24, 2026-03-21 01:14:09, 2026-03-21 01:31:28, 2026-03-21 01:46:29", "cumulative_total": 6 }, "geometry": { "type": "Polygon", "coordinates": [ [ [ -71.797479166884941, 45.901909600197015 ], [ -71.803765968406324, 45.904684140391431 ], [ -71.803467870354055, 45.909872479480867 ], [ -71.796881775240266, 45.912286213438136 ], [ -71.790594498751531, 45.909511283449334 ], [ -71.790893792316226, 45.904323009362457 ], [ -71.797479166884941, 45.901909600197015 ] ] ] } },
{ "type": "Feature", "properties": { "hex_id": 741223, "centroid_lon": -71.796284056047739, "centroid_lat": 45.922662801705918, "occurrences_today": 4, "datetimes_today": "2026-03-21 01:01:24, 2026-03-21 01:14:09, 2026-03-21 01:31:28, 2026-03-21 01:46:29", "cumulative_total": 6 }, "geometry": { "type": "Polygon", "coordinates": [ [ [ -71.796582956601341, 45.917474510693964 ], [ -71.802871429091994, 45.920249138947952 ], [ -71.802573085826864, 45.925437459324591 ], [ -71.795985073551719, 45.92785108647351 ], [ -71.789696125728867, 45.925076068213436 ], [ -71.789995665485634, 45.919887812875352 ], [ -71.796582956601341, 45.917474510693964 ] ] ] } },
{ "type": "Feature", "properties": { "hex_id": 741224, "centroid_lon": -71.795386862621385, "centroid_lat": 45.938227637273528, "occurrences_today": 4, "datetimes_today": "2026-03-21 01:01:24, 2026-03-21 01:14:09, 2026-03-21 01:31:28, 2026-03-21 01:46:29", "cumulative_total": 6 }, "geometry": { "type": "Polygon", "coordinates": [ [ [ -71.795686009085529, 45.933039364996226 ], [ -71.801976153889996, 45.93581408136145 ], [ -71.801677565162805, 45.941002383020653 ], [ -71.795087634131534, 45.943415903304889 ], [ -71.788797013629733, 45.940640796721731 ], [ -71.789096799828755, 45.935452560137136 ], [ -71.795686009085529, 45.933039364996226 ] ] ] } },
{ "type": "Feature", "properties": { "hex_id": 741225, "centroid_lon": -71.794488930963524, "centroid_lat": 45.95379241662777, "occurrences_today": 4, "datetimes_today": "2026-03-21 01:01:24, 2026-03-21 01:14:09, 2026-03-21 01:31:28, 2026-03-21 01:46:29", "cumulative_total": 51 }, "geometry": { "type": "Polygon", "coordinates": [ [ [ -71.794788323588179, 45.948604163089819 ], [ -71.801080142052314, 45.951378967618005 ], [ -71.800781307613491, 45.956567250555111 ], [ -71.794189456229716, 45.95898066391824 ], [ -71.787897161702787, 45.956205468960178 ], [ -71.78819719459463, 45.95101725113377 ], [ -71.794788323588179, 45.948604163089819 ] ] ] } },
{ "type": "Feature", "properties": { "hex_id": 741226, "centroid_lon": -71.793590260323398, "centroid_lat": 45.969357139754649, "occurrences_today": 4, "datetimes_today": "2026-03-21 01:01:24, 2026-03-21 01:14:09, 2026-03-21 01:31:28, 2026-03-21 01:46:29", "cumulative_total": 6 }, "geometry": { "type": "Polygon", "coordinates": [ [ [ -71.793889899358959, 45.964168904960708 ], [ -71.800183392829879, 45.9669437977036 ], [ -71.799884312429498, 45.972132061913968 ], [ -71.793290539095167, 45.974545368299538 ], [ -71.786996569195665, 45.971770084914667 ], [ -71.787296849031208, 45.966581885851134 ], [ -71.793889899358959, 45.964168904960708 ] ] ] } },
{ "type": "Feature", "properties": { "hex_id": 741227, "centroid_lon": -71.792690849949224, "centroid_lat": 45.984921806640095, "occurrences_today": 4, "datetimes_today": "2026-03-21 01:01:24, 2026-03-21 01:14:09, 2026-03-21 01:31:28, 2026-03-21 01:46:29", "cumulative_total": 6 }, "geometry": { "type": "Polygon", "coordinates": [ [ [ -71.792990735646399, 45.979733590594869 ], [ -71.799285905472573, 45.982508571604313 ], [ -71.798986578860365, 45.987696817083261 ], [ -71.79239088197572, 45.990110016434734 ], [ -71.78609523535485, 45.987334644571092 ], [ -71.786395762385411, 45.982146464275161 ], [ -71.792990735646399, 45.979733590594869 ] ] ] } },
{ "type": "Feature", "properties": { "hex_id": 741228, "centroid_lon": -71.791790699088125, "centroid_lat": 46.000486417270082, "occurrences_today": 4, "datetimes_today": "2026-03-21 01:01:24, 2026-03-21 01:14:09, 2026-03-21 01:31:28, 2026-03-21 01:46:29", "cumulative_total": 6 }, "geometry": { "type": "Polygon", "coordinates": [ [ [ -71.79209083169799, 45.995298219978245 ], [ -71.798387679229194, 45.99807328930612 ], [ -71.798088106154495, 46.003261516049001 ], [ -71.791490484118157, 46.005674608309775 ], [ -71.785193159425845, 46.002899147915358 ], [ -71.785493933903041, 45.997710986391709 ], [ -71.79209083169799, 45.995298219978245 ] ] ] } },
{ "type": "Feature", "properties": { "hex_id": 741229, "centroid_lon": -71.790889806986158, "centroid_lat": 46.016050971630577, "occurrences_today": 4, "datetimes_today": "2026-03-21 01:01:24, 2026-03-21 01:14:09, 2026-03-21 01:31:28, 2026-03-21 01:46:29", "cumulative_total": 24 }, "geometry": { "type": "Polygon", "coordinates": [ [ [ -71.791190186760161, 46.010862793096791 ], [ -71.797488713347448, 46.013637950795051 ], [ -71.79718889355928, 46.018826158797204 ], [ -71.790589344768165, 46.021239143910648 ], [ -71.784290340653016, 46.018463594933358 ], [ -71.784591362828849, 46.013275452186718 ], [ -71.791190186760161, 46.010862793096791 ] ] ] } },
{ "type": "Feature", "properties": { "hex_id": 741833, "centroid_lon": -71.790295123150585, "centroid_lat": 45.91469955128715, "occurrences_today": 4, "datetimes_today": "2026-03-21 01:01:24, 2026-03-21 01:14:09, 2026-03-21 01:31:28, 2026-03-21 01:46:29", "cumulative_total": 6 }, "geometry": { "type": "Polygon", "coordinates": [ [ [ -71.790594498751531, 45.909511283449334 ], [ -71.796881775240266, 45.912286213438136 ], [ -71.796582956601341, 45.917474510693964 ], [ -71.789995665485634, 45.919887812875352 ], [ -71.783707914112796, 45.917112492934891 ], [ -71.784007928711986, 45.911924260829522 ], [ -71.790594498751531, 45.909511283449334 ] ] ] } },
{ "type": "Feature", "properties": { "hex_id": 741834, "centroid_lon": -71.789396503852529, "centroid_lat": 45.930264317300875, "occurrences_today": 4, "datetimes_today": "2026-03-21 01:01:24, 2026-03-21 01:14:09, 2026-03-21 01:31:28, 2026-03-21 01:46:29", "cumulative_total": 6 }, "geometry": { "type": "Polygon", "coordinates": [ [ [ -71.789696125728867, 45.925076068213436 ], [ -71.795985073551719, 45.92785108647351 ], [ -71.795686009085529, 45.933039364996226 ], [ -71.789096799828755, 45.935452560137136 ], [ -71.782807376757077, 45.932677151713605 ], [ -71.783107638163187, 45.927488938377451 ], [ -71.789696125728867, 45.925076068213436 ] ] ] } },
{ "type": "Feature", "properties": { "hex_id": 741835, "centroid_lon": -71.788497145227652, "centroid_lat": 45.94582902705411, "occurrences_today": 4, "datetimes_today": "2026-03-21 01:01:24, 2026-03-21 01:14:09, 2026-03-21 01:31:28, 2026-03-21 01:46:29", "cumulative_total": 51 }, "geometry": { "type": "Polygon", "coordinates": [ [ [ -71.788797013629733, 45.940640796721731 ], [ -71.795087634131534, 45.943415903304889 ], [ -71.794788323588179, 45.948604163089819 ], [ -71.78819719459463, 45.95101725113377 ], [ -71.781906098478942, 45.94824175417525 ], [ -71.782206606942836, 45.94305355961302 ], [ -71.788797013629733, 45.940640796721731 ] ] ] } },
{ "type": "Feature", "properties": { "hex_id": 741836, "centroid_lon": -71.787597046524297, "centroid_lat": 45.961393680532815, "occurrences_today": 4, "datetimes_today": "2026-03-21 01:01:24, 2026-03-21 01:14:09, 2026-03-21 01:31:28, 2026-03-21 01:46:29", "cumulative_total": 6 }, "geometry": { "type": "Polygon", "coordinates": [ [ [ -71.787897161702787, 45.956205468960178 ], [ -71.794189456229716, 45.95898066391824 ], [ -71.793889899358959, 45.964168904960708 ], [ -71.787296849031208, 45.966581885851134 ], [ -71.781004078525058, 45.963806300305656 ], [ -71.781304834297984, 45.958618124522083 ], [ -71.787897161702787, 45.956205468960178 ] ] ] } },
{ "type": "Feature", "properties": { "hex_id": 741837, "centroid_lon": -71.786696206989703, "centroid_lat": 45.976958277722836, "occurrences_today": 4, "datetimes_today": "2026-03-21 01:01:24, 2026-03-21 01:14:09, 2026-03-21 01:31:28, 2026-03-21 01:46:29", "cumulative_total": 6 }, "geometry": { "type": "Polygon", "coordinates": [ [ [ -71.786996569195665, 45.971770084914667 ], [ -71.793290539095167, 45.974545368299538 ], [ -71.792990735646399, 45.979733590594869 ], [ -71.786395762385411, 45.982146464275161 ], [ -71.780101316141014, 45.979370790090684 ], [ -71.780402319474547, 45.974182633090479 ], [ -71.786996569195665, 45.971770084914667 ] ] ] } },
{ "type": "Feature", "properties": { "hex_id": 741838, "centroid_lon": -71.785794625870054, "centroid_lat": 45.992522818610119, "occurrences_today": 4, "datetimes_today": "2026-03-21 01:01:24, 2026-03-21 01:14:09, 2026-03-21 01:31:28, 2026-03-21 01:46:29", "cumulative_total": 6 }, "geometry": { "type": "Polygon", "coordinates": [ [ [ -71.78609523535485, 45.987334644571092 ], [ -71.79239088197572, 45.990110016434734 ], [ -71.79209083169799, 45.995298219978245 ], [ -71.785493933903041, 45.997710986391709 ], [ -71.779197810571304, 45.994935223516187 ], [ -71.779499061717402, 45.989747085304067 ], [ -71.78609523535485, 45.987334644571092 ] ] ] } },
{ "type": "Feature", "properties": { "hex_id": 741839, "centroid_lon": -71.784892302410455, "centroid_lat": 46.008087303180538, "occurrences_today": 4, "datetimes_today": "2026-03-21 01:01:24, 2026-03-21 01:14:09, 2026-03-21 01:31:28, 2026-03-21 01:46:29", "cumulative_total": 24 }, "geometry": { "type": "Polygon", "coordinates": [ [ [ -71.785193159425845, 46.002899147915358 ], [ -71.791490484118157, 46.005674608309775 ], [ -71.791190186760161, 46.010862793096791 ], [ -71.784591362828849, 46.013275452186718 ], [ -71.778293561059357, 46.010499600567968 ], [ -71.778595060270334, 46.005311481148652 ], [ -71.785193159425845, 46.002899147915358 ] ] ] } },
{ "type": "Feature", "properties": { "hex_id": 741840, "centroid_lon": -71.783989235854889, "centroid_lat": 46.023651731419967, "occurrences_today": 4, "datetimes_today": "2026-03-21 01:01:24, 2026-03-21 01:14:09, 2026-03-21 01:31:28, 2026-03-21 01:46:29", "cumulative_total": 24 }, "geometry": { "type": "Polygon", "coordinates": [ [ [ -71.784290340653016, 46.018463594933358 ], [ -71.790589344768165, 46.021239143910648 ], [ -71.790288800078201, 46.026427309936452 ], [ -71.783688048406475, 46.02883986164602 ], [ -71.77738856684752, 46.026063921231874 ], [ -71.777690314376045, 46.020875820610094 ], [ -71.784290340653016, 46.018463594933358 ] ] ] } },
{ "type": "Feature", "properties": { "hex_id": 742444, "centroid_lon": -71.783407817272462, "centroid_lat": 45.922300718784371, "occurrences_today": 4, "datetimes_today": "2026-03-21 01:01:24, 2026-03-21 01:14:09, 2026-03-21 01:31:28, 2026-03-21 01:46:29", "cumulative_total": 6 }, "geometry": { "type": "Polygon", "coordinates": [ [ [ -71.783707914112796, 45.917112492934891 ], [ -71.789995665485634, 45.919887812875352 ], [ -71.789696125728867, 45.925076068213436 ], [ -71.783107638163187, 45.927488938377451 ], [ -71.776819411989663, 45.924713228328081 ], [ -71.777120148154665, 45.919525038288434 ], [ -71.783707914112796, 45.917112492934891 ] ] ] } },
{ "type": "Feature", "properties": { "hex_id": 742445, "centroid_lon": -71.782507033026263, "centroid_lat": 45.937865358792294, "occurrences_today": 4, "datetimes_today": "2026-03-21 01:01:24, 2026-03-21 01:14:09, 2026-03-21 01:31:28, 2026-03-21 01:46:29", "cumulative_total": 6 }, "geometry": { "type": "Polygon", "coordinates": [ [ [ -71.782807376757077, 45.932677151713605 ], [ -71.789096799828755, 45.935452560137136 ], [ -71.788797013629733, 45.940640796721731 ], [ -71.782206606942836, 45.94305355961302 ], [ -71.775916708705893, 45.940277760868668 ], [ -71.77621769229323, 45.935089589618713 ], [ -71.782807376757077, 45.932677151713605 ] ] ] } },
{ "type": "Feature", "properties": { "hex_id": 742446, "centroid_lon": -71.781605507606628, "centroid_lat": 45.953429942478429, "occurrences_today": 4, "datetimes_today": "2026-03-21 01:01:24, 2026-03-21 01:14:09, 2026-03-21 01:31:28, 2026-03-21 01:46:29", "cumulative_total": 6 }, "geometry": { "type": "Polygon", "coordinates": [ [ [ -71.781906098478942, 45.94824175417525 ], [ -71.78819719459463, 45.95101725113377 ], [ -71.787897161702787, 45.956205468960178 ], [ -71.781304834297984, 45.958618124522083 ], [ -71.775013262652124, 45.955842237030744 ], [ -71.775314493913314, 45.950654084575213 ], [ -71.781906098478942, 45.94824175417525 ] ] ] } },
{ "type": "Feature", "properties": { "hex_id": 742447, "centroid_lon": -71.780703240259911, "centroid_lat": 45.968994469828623, "occurrences_today": 4, "datetimes_today": "2026-03-21 01:01:24, 2026-03-21 01:14:09, 2026-03-21 01:31:28, 2026-03-21 01:46:29", "cumulative_total": 6 }, "geometry": { "type": "Polygon", "coordinates": [ [ [ -71.781004078525058, 45.963806300305656 ], [ -71.787296849031208, 45.966581885851134 ], [ -71.786996569195665, 45.971770084914667 ], [ -71.780402319474547, 45.974182633090479 ], [ -71.774109073072978, 45.971406656800056 ], [ -71.774410552259965, 45.966218523143681 ], [ -71.781004078525058, 45.963806300305656 ] ] ] } },
{ "type": "Feature", "properties": { "hex_id": 742448, "centroid_lon": -71.779800230231288, "centroid_lat": 45.98455894082872, "occurrences_today": 4, "datetimes_today": "2026-03-21 01:01:24, 2026-03-21 01:14:09, 2026-03-21 01:31:28, 2026-03-21 01:46:29", "cumulative_total": 6 }, "geometry": { "type": "Polygon", "coordinates": [ [ [ -71.780101316141014, 45.979370790090684 ], [ -71.786395762385411, 45.982146464275161 ], [ -71.78609523535485, 45.987334644571092 ], [ -71.779499061717402, 45.989747085304067 ], [ -71.773204139212041, 45.986971020162386 ], [ -71.773505866577068, 45.981782905309942 ], [ -71.780101316141014, 45.979370790090684 ] ] ] } },
{ "type": "Feature", "properties": { "hex_id": 742449, "centroid_lon": -71.778896476764956, "centroid_lat": 46.000123355464545, "occurrences_today": 4, "datetimes_today": "2026-03-21 01:01:24, 2026-03-21 01:14:09, 2026-03-21 01:31:28, 2026-03-21 01:46:29", "cumulative_total": 24 }, "geometry": { "type": "Polygon", "coordinates": [ [ [ -71.779197810571304, 45.994935223516187 ], [ -71.785493933903041, 45.997710986391709 ], [ -71.785193159425845, 46.002899147915358 ], [ -71.778595060270334, 46.005311481148652 ], [ -71.77229846031176, 46.002535327103523 ], [ -71.772600436107467, 45.997347231059713 ], [ -71.779197810571304, 45.994935223516187 ] ] ] } },
{ "type": "Feature", "properties": { "hex_id": 742450, "centroid_lon": -71.777991979103945, "centroid_lat": 46.015687713721952, "occurrences_today": 4, "datetimes_today": "2026-03-21 01:01:24, 2026-03-21 01:14:09, 2026-03-21 01:31:28, 2026-03-21 01:46:29", "cumulative_total": 24 }, "geometry": { "type": "Polygon", "coordinates": [ [ [ -71.778293561059357, 46.010499600567968 ], [ -71.784591362828849, 46.013275452186718 ], [ -71.784290340653016, 46.018463594933358 ], [ -71.777690314376045, 46.020875820610094 ], [ -71.771392035613545, 46.018099577609263 ], [ -71.771694260092914, 46.01291150037882 ], [ -71.778293561059357, 46.010499600567968 ] ] ] } },
{ "type": "Feature", "properties": { "hex_id": 743054, "centroid_lon": -71.777420801901371, "centroid_lat": 45.914336841986611, "occurrences_today": 4, "datetimes_today": "2026-03-21 01:01:24, 2026-03-21 01:14:09, 2026-03-21 01:31:28, 2026-03-21 01:46:29", "cumulative_total": 6 }, "geometry": { "type": "Polygon", "coordinates": [ [ [ -71.77772137325772, 45.909148639423123 ], [ -71.784007928711986, 45.911924260829522 ], [ -71.783707914112796, 45.917112492934891 ], [ -71.777120148154665, 45.919525038288434 ], [ -71.770833118347568, 45.916749026827617 ], [ -71.77113432882355, 45.911560860132496 ], [ -71.77772137325772, 45.909148639423123 ] ] ] } },
{ "type": "Feature", "properties": { "hex_id": 743055, "centroid_lon": -71.776518593378498, "centroid_lat": 45.929901412105018, "occurrences_today": 4, "datetimes_today": "2026-03-21 01:01:24, 2026-03-21 01:14:09, 2026-03-21 01:31:28, 2026-03-21 01:46:29", "cumulative_total": 6 }, "geometry": { "type": "Polygon", "coordinates": [ [ [ -71.776819411989663, 45.924713228328081 ], [ -71.783107638163187, 45.927488938377451 ], [ -71.782807376757077, 45.932677151713605 ], [ -71.77621769229323, 45.935089589618713 ], [ -71.769928991402722, 45.932313489303084 ], [ -71.770230449665121, 45.927125341413436 ], [ -71.776819411989663, 45.924713228328081 ] ] ] } },
{ "type": "Feature", "properties": { "hex_id": 743056, "centroid_lon": -71.775615642588591, "centroid_lat": 45.945465925854336, "occurrences_today": 4, "datetimes_today": "2026-03-21 01:01:24, 2026-03-21 01:14:09, 2026-03-21 01:31:28, 2026-03-21 01:46:29", "cumulative_total": 6 }, "geometry": { "type": "Polygon", "coordinates": [ [ [ -71.775916708705893, 45.940277760868668 ], [ -71.782206606942836, 45.94305355961302 ], [ -71.781906098478942, 45.94824175417525 ], [ -71.775314493913314, 45.950654084575213 ], [ -71.769024120594906, 45.947877895352647 ], [ -71.769325826895624, 45.942689766273212 ], [ -71.775916708705893, 45.940277760868668 ] ] ] } },
{ "type": "Feature", "properties": { "hex_id": 743057, "centroid_lon": -71.774711948777011, "centroid_lat": 45.961030383220418, "occurrences_today": 4, "datetimes_today": "2026-03-21 01:01:24, 2026-03-21 01:14:09, 2026-03-21 01:31:28, 2026-03-21 01:46:29", "cumulative_total": 6 }, "geometry": { "type": "Polygon", "coordinates": [ [ [ -71.775013262652124, 45.955842237030744 ], [ -71.781304834297984, 45.958618124522083 ], [ -71.781004078525058, 45.963806300305656 ], [ -71.774410552259965, 45.966218523143681 ], [ -71.768118505167848, 45.963442244962032 ], [ -71.768420459759071, 45.95825413469759 ], [ -71.775013262652124, 45.955842237030744 ] ] ] } },
{ "type": "Feature", "properties": { "hex_id": 743058, "centroid_lon": -71.773807511188025, "centroid_lat": 45.976594784188975, "occurrences_today": 4, "datetimes_today": "2026-03-21 01:01:24, 2026-03-21 01:14:09, 2026-03-21 01:31:28, 2026-03-21 01:46:29", "cumulative_total": 6 }, "geometry": { "type": "Polygon", "coordinates": [ [ [ -71.774109073072978, 45.971406656800056 ], [ -71.780402319474547, 45.974182633090479 ], [ -71.780101316141014, 45.979370790090684 ], [ -71.773505866577068, 45.981782905309942 ], [ -71.767212144364123, 45.979006538116977 ], [ -71.767514347498448, 45.973818446672261 ], [ -71.774109073072978, 45.971406656800056 ] ] ] } },
{ "type": "Feature", "properties": { "hex_id": 743059, "centroid_lon": -71.772902329064863, "centroid_lat": 45.992159128745826, "occurrences_today": 4, "datetimes_today": "2026-03-21 01:01:24, 2026-03-21 01:14:09, 2026-03-21 01:31:28, 2026-03-21 01:46:29", "cumulative_total": 6 }, "geometry": { "type": "Polygon", "coordinates": [ [ [ -71.773204139212041, 45.986971020162386 ], [ -71.779499061717402, 45.989747085304067 ], [ -71.779197810571304, 45.994935223516187 ], [ -71.772600436107467, 45.997347231059713 ], [ -71.766305037425298, 45.994570774803186 ], [ -71.766607489355678, 45.989382702182972 ], [ -71.773204139212041, 45.986971020162386 ] ] ] } },
{ "type": "Feature", "properties": { "hex_id": 743060, "centroid_lon": -71.771996401649616, "centroid_lat": 46.00772341687675, "occurrences_today": 4, "datetimes_today": "2026-03-21 01:01:24, 2026-03-21 01:14:09, 2026-03-21 01:31:28, 2026-03-21 01:46:29", "cumulative_total": 24 }, "geometry": { "type": "Polygon", "coordinates": [ [ [ -71.77229846031176, 46.002535327103523 ], [ -71.778595060270334, 46.005311481148652 ], [ -71.778293561059357, 46.010499600567968 ], [ -71.771694260092914, 46.01291150037882 ], [ -71.765397183591801, 46.010134955006365 ], [ -71.765699884571532, 46.004946901215405 ], [ -71.77229846031176, 46.002535327103523 ] ] ] } },
{ "type": "Feature", "properties": { "hex_id": 743061, "centroid_lon": -71.771089728183313, "centroid_lat": 46.023287648567489, "occurrences_today": 4, "datetimes_today": "2026-03-21 01:01:24, 2026-03-21 01:14:09, 2026-03-21 01:31:28, 2026-03-21 01:46:29", "cumulative_total": 24 }, "geometry": { "type": "Polygon", "coordinates": [ [ [ -71.771392035613545, 46.018099577609263 ], [ -71.777690314376045, 46.020875820610094 ], [ -71.77738856684752, 46.026063921231874 ], [ -71.770787337774095, 46.028475713253016 ], [ -71.764488582102999, 46.025699078712236 ], [ -71.764791532385743, 46.02051104375532 ], [ -71.771392035613545, 46.018099577609263 ] ] ] } },
{ "type": "Feature", "properties": { "hex_id": 743665, "centroid_lon": -71.77053182530409, "centroid_lat": 45.921937187254777, "occurrences_today": 4, "datetimes_today": "2026-03-21 01:01:24, 2026-03-21 01:14:09, 2026-03-21 01:31:28, 2026-03-21 01:46:29", "cumulative_total": 6 }, "geometry": { "type": "Polygon", "coordinates": [ [ [ -71.770833118347568, 45.916749026827617 ], [ -71.777120148154665, 45.919525038288434 ], [ -71.776819411989663, 45.924713228328081 ], [ -71.770230449665121, 45.927125341413436 ], [ -71.763942945588994, 45.924348939740987 ], [ -71.764244878078486, 45.919160815259644 ], [ -71.770833118347568, 45.916749026827617 ] ] ] } },
{ "type": "Feature", "properties": { "hex_id": 743666, "centroid_lon": -71.769627450488883, "centroid_lat": 45.937501630923201, "occurrences_today": 4, "datetimes_today": "2026-03-21 01:01:24, 2026-03-21 01:14:09, 2026-03-21 01:31:28, 2026-03-21 01:46:29", "cumulative_total": 6 }, "geometry": { "type": "Polygon", "coordinates": [ [ [ -71.769928991402722, 45.932313489303084 ], [ -71.77621769229323, 45.935089589618713 ], [ -71.775916708705893, 45.940277760868668 ], [ -71.769325826895624, 45.942689766273212 ], [ -71.763036651372033, 45.93991327553401 ], [ -71.763338832263798, 45.934725169878703 ], [ -71.769928991402722, 45.932313489303084 ] ] ] } },
{ "type": "Feature", "properties": { "hex_id": 743667, "centroid_lon": -71.768722331558735, "centroid_lat": 45.953066018160939, "occurrences_today": 4, "datetimes_today": "2026-03-21 01:01:24, 2026-03-21 01:14:09, 2026-03-21 01:31:28, 2026-03-21 01:46:29", "cumulative_total": 6 }, "geometry": { "type": "Polygon", "coordinates": [ [ [ -71.769024120594906, 45.947877895352647 ], [ -71.775314493913314, 45.950654084575213 ], [ -71.775013262652124, 45.955842237030744 ], [ -71.768420459759071, 45.95825413469759 ], [ -71.7621296114432, 45.955477554839405 ], [ -71.762432040989808, 45.950289468014894 ], [ -71.769024120594906, 45.947877895352647 ] ] ] } },
{ "type": "Feature", "properties": { "hex_id": 743668, "centroid_lon": -71.767816467756987, "centroid_lat": 45.968630348953759, "occurrences_today": 4, "datetimes_today": "2026-03-21 01:01:24, 2026-03-21 01:14:09, 2026-03-21 01:31:28, 2026-03-21 01:46:29", "cumulative_total": 6 }, "geometry": { "type": "Polygon", "coordinates": [ [ [ -71.768118505167848, 45.963442244962032 ], [ -71.774410552259965, 45.966218523143681 ], [ -71.774109073072978, 45.971406656800056 ], [ -71.767514347498448, 45.973818446672261 ], [ -71.761221825044217, 45.971041777642817 ], [ -71.761524503498535, 45.965853709653885 ], [ -71.768118505167848, 45.963442244962032 ] ] ] } },
{ "type": "Feature", "properties": { "hex_id": 743669, "centroid_lon": -71.766909858325903, "centroid_lat": 45.984194623287379, "occurrences_today": 4, "datetimes_today": "2026-03-21 01:01:24, 2026-03-21 01:14:09, 2026-03-21 01:31:28, 2026-03-21 01:46:29", "cumulative_total": 6 }, "geometry": { "type": "Polygon", "coordinates": [ [ [ -71.767212144364123, 45.979006538116977 ], [ -71.773505866577068, 45.981782905309942 ], [ -71.773204139212041, 45.986971020162386 ], [ -71.766607489355678, 45.989382702182972 ], [ -71.760313291415613, 45.986605943929909 ], [ -71.760616219030922, 45.981417894781352 ], [ -71.767212144364123, 45.979006538116977 ] ] ] } },
{ "type": "Feature", "properties": { "hex_id": 743670, "centroid_lon": -71.766002502506637, "centroid_lat": 45.999758841147496, "occurrences_today": 4, "datetimes_today": "2026-03-21 01:01:24, 2026-03-21 01:14:09, 2026-03-21 01:31:28, 2026-03-21 01:46:29", "cumulative_total": 24 }, "geometry": { "type": "Polygon", "coordinates": [ [ [ -71.766305037425298, 45.994570774803186 ], [ -71.772600436107467, 45.997347231059713 ], [ -71.77229846031176, 46.002535327103523 ], [ -71.765699884571532, 46.004946901215405 ], [ -71.759404009796953, 46.002170053686335 ], [ -71.759707186826844, 45.996982023382927 ], [ -71.766305037425298, 45.994570774803186 ] ] ] } },
{ "type": "Feature", "properties": { "hex_id": 743671, "centroid_lon": -71.765094399539279, "centroid_lat": 46.015323002519835, "occurrences_today": 4, "datetimes_today": "2026-03-21 01:01:24, 2026-03-21 01:14:09, 2026-03-21 01:31:28, 2026-03-21 01:46:29", "cumulative_total": 24 }, "geometry": { "type": "Polygon", "coordinates": [ [ [ -71.765397183591801, 46.010134955006365 ], [ -71.771694260092914, 46.01291150037882 ], [ -71.771392035613545, 46.018099577609263 ], [ -71.764791532385743, 46.02051104375532 ], [ -71.758493979426589, 46.017734106897755 ], [ -71.758797406125055, 46.012546095444279 ], [ -71.765397183591801, 46.010134955006365 ] ] ] } },
{ "type": "Feature", "properties": { "hex_id": 744275, "centroid_lon": -71.764546727823287, "centroid_lat": 45.91397268450401, "occurrences_today": 4, "datetimes_today": "2026-03-21 01:01:24, 2026-03-21 01:14:09, 2026-03-21 01:31:28, 2026-03-21 01:46:29", "cumulative_total": 6 }, "geometry": { "type": "Polygon", "coordinates": [ [ [ -71.764848494851378, 45.908784547474617 ], [ -71.77113432882355, 45.911560860132496 ], [ -71.770833118347568, 45.916749026827617 ], [ -71.764244878078486, 45.919160815259644 ], [ -71.757958570284913, 45.916384112444717 ], [ -71.758260976553814, 45.911196011419634 ], [ -71.764848494851378, 45.908784547474617 ] ] ] } },
{ "type": "Feature", "properties": { "hex_id": 744276, "centroid_lon": -71.763640930326773, "centroid_lat": 45.929537057947513, "occurrences_today": 4, "datetimes_today": "2026-03-21 01:01:24, 2026-03-21 01:14:09, 2026-03-21 01:31:28, 2026-03-21 01:46:29", "cumulative_total": 6 }, "geometry": { "type": "Polygon", "coordinates": [ [ [ -71.763942945588994, 45.924348939740987 ], [ -71.770230449665121, 45.927125341413436 ], [ -71.769928991402722, 45.932313489303084 ], [ -71.763338832263798, 45.934725169878703 ], [ -71.757050854002657, 45.931948377837308 ], [ -71.757353509037401, 45.926760295654091 ], [ -71.763942945588994, 45.924348939740987 ] ] ] } },
{ "type": "Feature", "properties": { "hex_id": 744277, "centroid_lon": -71.762734387623382, "centroid_lat": 45.945101374912916, "occurrences_today": 4, "datetimes_today": "2026-03-21 01:01:24, 2026-03-21 01:14:09, 2026-03-21 01:31:28, 2026-03-21 01:46:29", "cumulative_total": 6 }, "geometry": { "type": "Polygon", "coordinates": [ [ [ -71.763036651372033, 45.93991327553401 ], [ -71.769325826895624, 45.942689766273212 ], [ -71.769024120594906, 45.947877895352647 ], [ -71.762432040989808, 45.950289468014894 ], [ -71.756142390917262, 45.947512586694764 ], [ -71.756445294970703, 45.942324523358181 ], [ -71.763036651372033, 45.93991327553401 ] ] ] } },
{ "type": "Feature", "properties": { "hex_id": 744278, "centroid_lon": -71.761827098955493, "centroid_lat": 45.960665635385922, "occurrences_today": 4, "datetimes_today": "2026-03-21 01:01:24, 2026-03-21 01:14:09, 2026-03-21 01:31:28, 2026-03-21 01:46:29", "cumulative_total": 6 }, "geometry": { "type": "Polygon", "coordinates": [ [ [ -71.7621296114432, 45.955477554839405 ], [ -71.768420459759071, 45.95825413469759 ], [ -71.768118505167848, 45.963442244962032 ], [ -71.761524503498535, 45.965853709653885 ], [ -71.755233180269471, 45.963076739002638 ], [ -71.755536333594804, 45.957888694517514 ], [ -71.7621296114432, 45.955477554839405 ] ] ] } },
{ "type": "Feature", "properties": { "hex_id": 744279, "centroid_lon": -71.760919063564387, "centroid_lat": 45.976229839352143, "occurrences_today": 4, "datetimes_today": "2026-03-21 01:01:24, 2026-03-21 01:14:09, 2026-03-21 01:31:28, 2026-03-21 01:46:29", "cumulative_total": 6 }, "geometry": { "type": "Polygon", "coordinates": [ [ [ -71.761221825044217, 45.971041777642817 ], [ -71.767514347498448, 45.973818446672261 ], [ -71.767212144364123, 45.979006538116977 ], [ -71.760616219030922, 45.981417894781352 ], [ -71.754323221298904, 45.978640834746571 ], [ -71.754626624149722, 45.973452809117703 ], [ -71.761221825044217, 45.971041777642817 ] ] ] } },
{ "type": "Feature", "properties": { "hex_id": 744280, "centroid_lon": -71.760010280690324, "centroid_lat": 45.991793986797276, "occurrences_today": 4, "datetimes_today": "2026-03-21 01:01:24, 2026-03-21 01:14:09, 2026-03-21 01:31:28, 2026-03-21 01:46:29", "cumulative_total": 24 }, "geometry": { "type": "Polygon", "coordinates": [ [ [ -71.760313291415613, 45.986605943929909 ], [ -71.766607489355678, 45.989382702182972 ], [ -71.766305037425298, 45.994570774803186 ], [ -71.759707186826844, 45.996982023382927 ], [ -71.753412513244157, 45.99420487391216 ], [ -71.753716165874366, 45.989016867144336 ], [ -71.760313291415613, 45.986605943929909 ] ] ] } },
{ "type": "Feature", "properties": { "hex_id": 744281, "centroid_lon": -71.759100749572426, "centroid_lat": 46.007358077706975, "occurrences_today": 4, "datetimes_today": "2026-03-21 01:01:24, 2026-03-21 01:14:09, 2026-03-21 01:31:28, 2026-03-21 01:46:29", "cumulative_total": 24 }, "geometry": { "type": "Polygon", "coordinates": [ [ [ -71.759404009796953, 46.002170053686335 ], [ -71.765699884571532, 46.004946901215405 ], [ -71.765397183591801, 46.010134955006365 ], [ -71.758797406125055, 46.012546095444279 ], [ -71.752501055342648, 46.009768856484975 ], [ -71.752804958006578, 46.004580868583012 ], [ -71.759404009796953, 46.002170053686335 ] ] ] } },
{ "type": "Feature", "properties": { "hex_id": 744886, "centroid_lon": -71.757656081122121, "centroid_lat": 45.921572207189705, "occurrences_today": 4, "datetimes_today": "2026-03-21 01:01:24, 2026-03-21 01:14:09, 2026-03-21 01:31:28, 2026-03-21 01:46:29", "cumulative_total": 6 }, "geometry": { "type": "Polygon", "coordinates": [ [ [ -71.757958570284913, 45.916384112444717 ], [ -71.764244878078486, 45.919160815259644 ], [ -71.763942945588994, 45.924348939740987 ], [ -71.757353509037401, 45.926760295654091 ], [ -71.751066727506498, 45.923983202524937 ], [ -71.751369856236437, 45.918795143861722 ], [ -71.757958570284913, 45.916384112444717 ] ] ] } },
{ "type": "Feature", "properties": { "hex_id": 744887, "centroid_lon": -71.75674811598978, "centroid_lat": 45.937136453738866, "occurrences_today": 4, "datetimes_today": "2026-03-21 01:01:24, 2026-03-21 01:14:09, 2026-03-21 01:31:28, 2026-03-21 01:46:29", "cumulative_total": 6 }, "geometry": { "type": "Polygon", "coordinates": [ [ [ -71.757050854002657, 45.931948377837308 ], [ -71.763338832263798, 45.934725169878703 ], [ -71.763036651372033, 45.93991327553401 ], [ -71.756445294970703, 45.942324523358181 ], [ -71.750156842608732, 45.939547340790575 ], [ -71.750460220720797, 45.93435930098989 ], [ -71.757050854002657, 45.931948377837308 ] ] ] } },
{ "type": "Feature", "properties": { "hex_id": 744888, "centroid_lon": -71.755839403801332, "centroid_lat": 45.952700643748045, "occurrences_today": 4, "datetimes_today": "2026-03-21 01:01:24, 2026-03-21 01:14:09, 2026-03-21 01:31:28, 2026-03-21 01:46:29", "cumulative_total": 6 }, "geometry": { "type": "Polygon", "coordinates": [ [ [ -71.756142390917262, 45.947512586694764 ], [ -71.762432040989808, 45.950289468014894 ], [ -71.7621296114432, 45.955477554839405 ], [ -71.755536333594804, 45.957888694517514 ], [ -71.749246209057645, 45.955111422459062 ], [ -71.749549836805343, 45.949923401525702 ], [ -71.756142390917262, 45.947512586694764 ] ] ] } },
{ "type": "Feature", "properties": { "hex_id": 744889, "centroid_lon": -71.754929943797165, "centroid_lat": 45.968264777202876, "occurrences_today": 4, "datetimes_today": "2026-03-21 01:01:24, 2026-03-21 01:14:09, 2026-03-21 01:31:28, 2026-03-21 01:46:29", "cumulative_total": 6 }, "geometry": { "type": "Polygon", "coordinates": [ [ [ -71.755233180269471, 45.963076739002638 ], [ -71.761524503498535, 45.965853709653885 ], [ -71.761221825044217, 45.971041777642817 ], [ -71.754626624149722, 45.973452809117703 ], [ -71.74833482609192, 45.970675447515923 ], [ -71.748638703729156, 45.965487445454713 ], [ -71.755233180269471, 45.963076739002638 ] ] ] } },
{ "type": "Feature", "properties": { "hex_id": 744890, "centroid_lon": -71.754019735216545, "centroid_lat": 45.983828854088962, "occurrences_today": 4, "datetimes_today": "2026-03-21 01:01:24, 2026-03-21 01:14:09, 2026-03-21 01:31:28, 2026-03-21 01:46:29", "cumulative_total": 6 }, "geometry": { "type": "Polygon", "coordinates": [ [ [ -71.754323221298904, 45.978640834746571 ], [ -71.760616219030922, 45.981417894781352 ], [ -71.760313291415613, 45.986605943929909 ], [ -71.753716165874366, 45.989016867144336 ], [ -71.747422692949186, 45.986239415946677 ], [ -71.747726820730207, 45.981051432762435 ], [ -71.754323221298904, 45.978640834746571 ] ] ] } },
{ "type": "Feature", "properties": { "hex_id": 744891, "centroid_lon": -71.753108777297641, "centroid_lat": 45.99939287439188, "occurrences_today": 4, "datetimes_today": "2026-03-21 01:01:24, 2026-03-21 01:14:09, 2026-03-21 01:31:28, 2026-03-21 01:46:29", "cumulative_total": 24 }, "geometry": { "type": "Polygon", "coordinates": [ [ [ -71.753412513244157, 45.99420487391216 ], [ -71.759707186826844, 45.996982023382927 ], [ -71.759404009796953, 46.002170053686335 ], [ -71.752804958006578, 46.004580868583012 ], [ -71.746509808865966, 46.00180332773688 ], [ -71.746814187045388, 45.996615363434437 ], [ -71.753412513244157, 45.99420487391216 ] ] ] } },
{ "type": "Feature", "properties": { "hex_id": 744892, "centroid_lon": -71.752197069277599, "centroid_lat": 46.014956838097255, "occurrences_today": 4, "datetimes_today": "2026-03-21 01:01:24, 2026-03-21 01:14:09, 2026-03-21 01:31:28, 2026-03-21 01:46:29", "cumulative_total": 24 }, "geometry": { "type": "Polygon", "coordinates": [ [ [ -71.752501055342648, 46.009768856484975 ], [ -71.758797406125055, 46.012546095444279 ], [ -71.758493979426589, 46.017734106897755 ], [ -71.751892999783081, 46.020144813419314 ], [ -71.745596173077701, 46.017367182872057 ], [ -71.745900801910494, 46.012179237456223 ], [ -71.752501055342648, 46.009768856484975 ] ] ] } },
{ "type": "Feature", "properties": { "hex_id": 745497, "centroid_lon": -71.750763515677335, "centroid_lat": 45.929171254901163, "occurrences_today": 4, "datetimes_today": "2026-03-21 01:01:24, 2026-03-21 01:14:09, 2026-03-21 01:31:28, 2026-03-21 01:46:29", "cumulative_total": 6 }, "geometry": { "type": "Polygon", "coordinates": [ [ [ -71.751066727506498, 45.923983202524937 ], [ -71.757353509037401, 45.926760295654091 ], [ -71.757050854002657, 45.931948377837308 ], [ -71.750460220720797, 45.93435930098989 ], [ -71.744172965536904, 45.931581817389223 ], [ -71.744476817259709, 45.926393801172317 ], [ -71.751066727506498, 45.923983202524937 ] ] ] } },
{ "type": "Feature", "properties": { "hex_id": 745498, "centroid_lon": -71.749853381312974, "centroid_lat": 45.944735374302695, "occurrences_today": 4, "datetimes_today": "2026-03-21 01:01:24, 2026-03-21 01:14:09, 2026-03-21 01:31:28, 2026-03-21 01:46:29", "cumulative_total": 6 }, "geometry": { "type": "Polygon", "coordinates": [ [ [ -71.750156842608732, 45.939547340790575 ], [ -71.756445294970703, 45.942324523358181 ], [ -71.756142390917262, 45.947512586694764 ], [ -71.749549836805343, 45.949923401525702 ], [ -71.743260910427026, 45.947145828274557 ], [ -71.743565012148792, 45.941957830940886 ], [ -71.750156842608732, 45.939547340790575 ] ] ] } },
{ "type": "Feature", "properties": { "hex_id": 745499, "centroid_lon": -71.748942498041657, "centroid_lat": 45.96029943710225, "occurrences_today": 4, "datetimes_today": "2026-03-21 01:01:24, 2026-03-21 01:14:09, 2026-03-21 01:31:28, 2026-03-21 01:46:29", "cumulative_total": 6 }, "geometry": { "type": "Polygon", "coordinates": [ [ [ -71.749246209057645, 45.955111422459062 ], [ -71.755536333594804, 45.957888694517514 ], [ -71.755233180269471, 45.963076739002638 ], [ -71.748638703729156, 45.965487445454713 ], [ -71.742348104811967, 45.962709782500532 ], [ -71.742652456786885, 45.95752180405492 ], [ -71.749246209057645, 45.955111422459062 ] ] ] } },
{ "type": "Feature", "properties": { "hex_id": 745500, "centroid_lon": -71.748030865101697, "centroid_lat": 45.975863443285327, "occurrences_today": 4, "datetimes_today": "2026-03-21 01:01:24, 2026-03-21 01:14:09, 2026-03-21 01:31:28, 2026-03-21 01:46:29", "cumulative_total": 6 }, "geometry": { "type": "Polygon", "coordinates": [ [ [ -71.74833482609192, 45.970675447515923 ], [ -71.754626624149722, 45.973452809117703 ], [ -71.754323221298904, 45.978640834746571 ], [ -71.747726820730207, 45.981051432762435 ], [ -71.741434547928392, 45.978273680052624 ], [ -71.741739150411021, 45.973085720499917 ], [ -71.74833482609192, 45.970675447515923 ] ] ] } },
{ "type": "Feature", "properties": { "hex_id": 745501, "centroid_lon": -71.747118481730354, "centroid_lat": 45.991427392837529, "occurrences_today": 4, "datetimes_today": "2026-03-21 01:01:24, 2026-03-21 01:14:09, 2026-03-21 01:31:28, 2026-03-21 01:46:29", "cumulative_total": 24 }, "geometry": { "type": "Polygon", "coordinates": [ [ [ -71.747422692949186, 45.986239415946677 ], [ -71.753716165874366, 45.989016867144336 ], [ -71.753412513244157, 45.99420487391216 ], [ -71.746814187045388, 45.996615363434437 ], [ -71.740520239011872, 45.99383752091633 ], [ -71.740825092257168, 45.988649580261367 ], [ -71.747422692949186, 45.986239415946677 ] ] ] } },
{ "type": "Feature", "properties": { "hex_id": 745502, "centroid_lon": -71.74620534716378, "centroid_lat": 46.006991285744327, "occurrences_today": 4, "datetimes_today": "2026-03-21 01:01:24, 2026-03-21 01:14:09, 2026-03-21 01:31:28, 2026-03-21 01:46:29", "cumulative_total": 24 }, "geometry": { "type": "Polygon", "coordinates": [ [ [ -71.746509808865966, 46.00180332773688 ], [ -71.752804958006578, 46.004580868583012 ], [ -71.752501055342648, 46.009768856484975 ], [ -71.745900801910494, 46.012179237456223 ], [ -71.739605177296923, 46.009401305077084 ], [ -71.739910281560142, 46.004213383324718 ], [ -71.746509808865966, 46.00180332773688 ] ] ] } },
{ "type": "Feature", "properties": { "hex_id": 746107, "centroid_lon": -71.744780585705968, "centroid_lat": 45.921205778662078, "occurrences_today": 4, "datetimes_today": "2026-03-21 01:01:24, 2026-03-21 01:14:09, 2026-03-21 01:31:28, 2026-03-21 01:46:29", "cumulative_total": 6 }, "geometry": { "type": "Polygon", "coordinates": [ [ [ -71.745084270903831, 45.916017749859051 ], [ -71.751369856236437, 45.918795143861722 ], [ -71.751066727506498, 45.923983202524937 ], [ -71.744476817259709, 45.926393801172317 ], [ -71.738190758721643, 45.923616016752931 ], [ -71.738495083607646, 45.918428024167675 ], [ -71.745084270903831, 45.916017749859051 ] ] ] } },
{ "type": "Feature", "properties": { "hex_id": 746108, "centroid_lon": -71.743869030509344, "centroid_lat": 45.936769827312254, "occurrences_today": 4, "datetimes_today": "2026-03-21 01:01:24, 2026-03-21 01:14:09, 2026-03-21 01:31:28, 2026-03-21 01:46:29", "cumulative_total": 40 }, "geometry": { "type": "Polygon", "coordinates": [ [ [ -71.744172965536904, 45.931581817389223 ], [ -71.750460220720797, 45.93435930098989 ], [ -71.750156842608732, 45.939547340790575 ], [ -71.743565012148792, 45.941957830940886 ], [ -71.737277283396509, 45.939179956711477 ], [ -71.737581858644333, 45.933991983025372 ], [ -71.744172965536904, 45.931581817389223 ] ] ] } },
{ "type": "Feature", "properties": { "hex_id": 746109, "centroid_lon": -71.742956725315821, "centroid_lat": 45.952333819312749, "occurrences_today": 4, "datetimes_today": "2026-03-21 01:01:24, 2026-03-21 01:14:09, 2026-03-21 01:31:28, 2026-03-21 01:46:29", "cumulative_total": 6 }, "geometry": { "type": "Polygon", "coordinates": [ [ [ -71.743260910427026, 45.947145828274557 ], [ -71.749549836805343, 45.949923401525702 ], [ -71.749246209057645, 45.955111422459062 ], [ -71.742652456786885, 45.95752180405492 ], [ -71.736363056476904, 45.954743839962902 ], [ -71.736667882341081, 45.949555885180786 ], [ -71.743260910427026, 45.947145828274557 ] ] ] } },
{ "type": "Feature", "properties": { "hex_id": 746110, "centroid_lon": -71.742043669362786, "centroid_lat": 45.967897754649037, "occurrences_today": 4, "datetimes_today": "2026-03-21 01:01:24, 2026-03-21 01:14:09, 2026-03-21 01:31:28, 2026-03-21 01:46:29", "cumulative_total": 6 }, "geometry": { "type": "Polygon", "coordinates": [ [ [ -71.742348104811967, 45.962709782500532 ], [ -71.748638703729156, 45.965487445454713 ], [ -71.74833482609192, 45.970675447515923 ], [ -71.741739150411021, 45.973085720499917 ], [ -71.735448077198612, 45.970307666492609 ], [ -71.735753153933999, 45.96511973061935 ], [ -71.742348104811967, 45.962709782500532 ] ] ] } },
{ "type": "Feature", "properties": { "hex_id": 746111, "centroid_lon": -71.741129861886563, "centroid_lat": 45.983461633306618, "occurrences_today": 4, "datetimes_today": "2026-03-21 01:01:24, 2026-03-21 01:14:09, 2026-03-21 01:31:28, 2026-03-21 01:46:29", "cumulative_total": 24 }, "geometry": { "type": "Polygon", "coordinates": [ [ [ -71.741434547928392, 45.978273680052624 ], [ -71.747726820730207, 45.981051432762435 ], [ -71.747422692949186, 45.986239415946677 ], [ -71.740825092257168, 45.988649580261367 ], [ -71.734532344796236, 45.985871436286025 ], [ -71.734837672658102, 45.98068351932649 ], [ -71.741434547928392, 45.978273680052624 ] ] ] } },
{ "type": "Feature", "properties": { "hex_id": 746112, "centroid_lon": -71.740215302122323, "centroid_lat": 45.999025455270946, "occurrences_today": 4, "datetimes_today": "2026-03-21 01:01:24, 2026-03-21 01:14:09, 2026-03-21 01:31:28, 2026-03-21 01:46:29", "cumulative_total": 24 }, "geometry": { "type": "Polygon", "coordinates": [ [ [ -71.740520239011872, 45.99383752091633 ], [ -71.746814187045388, 45.996615363434437 ], [ -71.746509808865966, 46.00180332773688 ], [ -71.739910281560142, 46.004213383324718 ], [ -71.733615858503327, 46.001435149328557 ], [ -71.73392143774727, 45.996247251287592 ], [ -71.740520239011872, 45.99383752091633 ] ] ] } },
{ "type": "Feature", "properties": { "hex_id": 746113, "centroid_lon": -71.739299989304243, "centroid_lat": 46.014589220527498, "occurrences_today": 4, "datetimes_today": "2026-03-21 01:01:24, 2026-03-21 01:14:09, 2026-03-21 01:31:28, 2026-03-21 01:46:29", "cumulative_total": 25 }, "geometry": { "type": "Polygon", "coordinates": [ [ [ -71.739605177296923, 46.009401305077084 ], [ -71.745900801910494, 46.012179237456223 ], [ -71.745596173077701, 46.017367182872057 ], [ -71.738994717553723, 46.019777129675447 ], [ -71.732698617552344, 46.016998805605603 ], [ -71.733004448434329, 46.011810926488096 ], [ -71.739605177296923, 46.009401305077084 ] ] ] } },
{ "type": "Feature", "properties": { "hex_id": 746718, "centroid_lon": -71.737886350409951, "centroid_lat": 45.928804003039005, "occurrences_today": 4, "datetimes_today": "2026-03-21 01:01:24, 2026-03-21 01:14:09, 2026-03-21 01:31:28, 2026-03-21 01:46:29", "cumulative_total": 6 }, "geometry": { "type": "Polygon", "coordinates": [ [ [ -71.738190758721643, 45.923616016752931 ], [ -71.744476817259709, 45.926393801172317 ], [ -71.744172965536904, 45.931581817389223 ], [ -71.737581858644333, 45.933991983025372 ], [ -71.73129532698546, 45.931213808032027 ], [ -71.7316003753117, 45.926025858041321 ], [ -71.738190758721643, 45.923616016752931 ] ] ] } },
{ "type": "Feature", "properties": { "hex_id": 746719, "centroid_lon": -71.736972624638184, "centroid_lat": 45.944367924096795, "occurrences_today": 4, "datetimes_today": "2026-03-21 01:01:24, 2026-03-21 01:14:09, 2026-03-21 01:31:28, 2026-03-21 01:46:29", "cumulative_total": 40 }, "geometry": { "type": "Polygon", "coordinates": [ [ [ -71.737277283396509, 45.939179956711477 ], [ -71.743565012148792, 45.941957830940886 ], [ -71.743260910427026, 45.947145828274557 ], [ -71.736667882341081, 45.949555885180786 ], [ -71.730379680105173, 45.946777620165356 ], [ -71.730684979410512, 45.941589689094592 ], [ -71.737277283396509, 45.939179956711477 ] ] ] } },
{ "type": "Feature", "properties": { "hex_id": 746720, "centroid_lon": -71.736058147017332, "centroid_lat": 45.959931788442617, "occurrences_today": 4, "datetimes_today": "2026-03-21 01:01:24, 2026-03-21 01:14:09, 2026-03-21 01:31:28, 2026-03-21 01:46:29", "cumulative_total": 6 }, "geometry": { "type": "Polygon", "coordinates": [ [ [ -71.736363056476904, 45.954743839962902 ], [ -71.742652456786885, 45.95752180405492 ], [ -71.742348104811967, 45.962709782500532 ], [ -71.735753153933999, 45.96511973061935 ], [ -71.729463279777264, 45.962341375529078 ], [ -71.729768830316914, 45.957153463383143 ], [ -71.736363056476904, 45.954743839962902 ] ] ] } },
{ "type": "Feature", "properties": { "hex_id": 746721, "centroid_lon": -71.735142916782749, "centroid_lat": 45.975495596061833, "occurrences_today": 4, "datetimes_today": "2026-03-21 01:01:24, 2026-03-21 01:14:09, 2026-03-21 01:31:28, 2026-03-21 01:46:29", "cumulative_total": 6 }, "geometry": { "type": "Polygon", "coordinates": [ [ [ -71.735448077198612, 45.970307666492609 ], [ -71.741739150411021, 45.973085720499917 ], [ -71.741434547928392, 45.978273680052624 ], [ -71.734837672658102, 45.98068351932649 ], [ -71.728546125235482, 45.977905074108577 ], [ -71.728851927264969, 45.972717180892339 ], [ -71.735448077198612, 45.970307666492609 ] ] ] } },
{ "type": "Feature", "properties": { "hex_id": 746722, "centroid_lon": -71.734226933168756, "centroid_lat": 45.991059346939913, "occurrences_today": 4, "datetimes_today": "2026-03-21 01:01:24, 2026-03-21 01:14:09, 2026-03-21 01:31:28, 2026-03-21 01:46:29", "cumulative_total": 24 }, "geometry": { "type": "Polygon", "coordinates": [ [ [ -71.734532344796236, 45.985871436286025 ], [ -71.740825092257168, 45.988649580261367 ], [ -71.740520239011872, 45.99383752091633 ], [ -71.73392143774727, 45.996247251287592 ], [ -71.727628215712386, 45.993468715889186 ], [ -71.727934269487633, 45.988280841607541 ], [ -71.734532344796236, 45.985871436286025 ] ] ] } },
{ "type": "Feature", "properties": { "hex_id": 746723, "centroid_lon": -71.733310195408507, "centroid_lat": 46.006623041062227, "occurrences_today": 4, "datetimes_today": "2026-03-21 01:01:24, 2026-03-21 01:14:09, 2026-03-21 01:31:28, 2026-03-21 01:46:29", "cumulative_total": 34 }, "geometry": { "type": "Polygon", "coordinates": [ [ [ -71.733615858503327, 46.001435149328557 ], [ -71.739910281560142, 46.004213383324718 ], [ -71.739605177296923, 46.009401305077084 ], [ -71.733004448434329, 46.011810926488096 ], [ -71.726709550439494, 46.009032300856255 ], [ -71.727015856216809, 46.003844445514069 ], [ -71.733615858503327, 46.001435149328557 ] ] ] } },
{ "type": "Feature", "properties": { "hex_id": 747329, "centroid_lon": -71.730990195027829, "centroid_lat": 45.936401751716637, "occurrences_today": 4, "datetimes_today": "2026-03-21 01:01:24, 2026-03-21 01:14:09, 2026-03-21 01:31:28, 2026-03-21 01:46:29", "cumulative_total": 40 }, "geometry": { "type": "Polygon", "coordinates": [ [ [ -71.73129532698546, 45.931213808032027 ], [ -71.737581858644333, 45.933991983025372 ], [ -71.737277283396509, 45.939179956711477 ], [ -71.730684979410512, 45.941589689094592 ], [ -71.724397974715714, 45.938811123370101 ], [ -71.724703747014487, 45.933623216058507 ], [ -71.73129532698546, 45.931213808032027 ] ] ] } },
{ "type": "Feature", "properties": { "hex_id": 747330, "centroid_lon": -71.730074297083419, "centroid_lat": 45.951965544928377, "occurrences_today": 4, "datetimes_today": "2026-03-21 01:01:24, 2026-03-21 01:14:09, 2026-03-21 01:31:28, 2026-03-21 01:46:29", "cumulative_total": 63 }, "geometry": { "type": "Polygon", "coordinates": [ [ [ -71.730379680105173, 45.946777620165356 ], [ -71.736667882341081, 45.949555885180786 ], [ -71.736363056476904, 45.954743839962902 ], [ -71.729768830316914, 45.957153463383143 ], [ -71.723480154682363, 45.954374807424387 ], [ -71.723786178578067, 45.949186919053588 ], [ -71.730379680105173, 45.946777620165356 ] ] ] } },
{ "type": "Feature", "properties": { "hex_id": 747331, "centroid_lon": -71.729157645436089, "centroid_lat": 45.96752928136565, "occurrences_today": 4, "datetimes_today": "2026-03-21 01:01:24, 2026-03-21 01:14:09, 2026-03-21 01:31:28, 2026-03-21 01:46:29", "cumulative_total": 6 }, "geometry": { "type": "Polygon", "coordinates": [ [ [ -71.729463279777264, 45.962341375529078 ], [ -71.735753153933999, 45.96511973061935 ], [ -71.735448077198612, 45.970307666492609 ], [ -71.728851927264969, 45.972717180892339 ], [ -71.722561579346603, 45.969938434646437 ], [ -71.722867855095089, 45.964750565221344 ], [ -71.729463279777264, 45.962341375529078 ] ] ] } },
{ "type": "Feature", "properties": { "hex_id": 747332, "centroid_lon": -71.728240239319177, "centroid_lat": 45.983092961013817, "occurrences_today": 4, "datetimes_today": "2026-03-21 01:01:24, 2026-03-21 01:14:09, 2026-03-21 01:31:28, 2026-03-21 01:46:29", "cumulative_total": 24 }, "geometry": { "type": "Polygon", "coordinates": [ [ [ -71.728546125235482, 45.977905074108577 ], [ -71.734837672658102, 45.98068351932649 ], [ -71.734532344796236, 45.985871436286025 ], [ -71.727934269487633, 45.988280841607541 ], [ -71.721642247940053, 45.985502005021559 ], [ -71.721948775797571, 45.980314154547081 ], [ -71.728546125235482, 45.977905074108577 ] ] ] } },
{ "type": "Feature", "properties": { "hex_id": 747333, "centroid_lon": -71.727322077964928, "centroid_lat": 45.9986565838582, "occurrences_today": 4, "datetimes_today": "2026-03-21 01:01:24, 2026-03-21 01:14:09, 2026-03-21 01:31:28, 2026-03-21 01:46:29", "cumulative_total": 25 }, "geometry": { "type": "Polygon", "coordinates": [ [ [ -71.727628215712386, 45.993468715889186 ], [ -71.73392143774727, 45.996247251287592 ], [ -71.733615858503327, 46.001435149328557 ], [ -71.727015856216809, 46.003844445514069 ], [ -71.720722159693338, 46.001065518535029 ], [ -71.721028939916479, 45.995877687016069 ], [ -71.727628215712386, 45.993468715889186 ] ] ] } },
{ "type": "Feature", "properties": { "hex_id": 747334, "centroid_lon": -71.726403160604477, "centroid_lat": 46.014220149884174, "occurrences_today": 4, "datetimes_today": "2026-03-21 01:01:24, 2026-03-21 01:14:09, 2026-03-21 01:31:28, 2026-03-21 01:46:29", "cumulative_total": 25 }, "geometry": { "type": "Polygon", "coordinates": [ [ [ -71.726709550439494, 46.009032300856255 ], [ -71.733004448434329, 46.011810926488096 ], [ -71.732698617552344, 46.016998805605603 ], [ -71.726096686683249, 46.019407992597316 ], [ -71.719801313835873, 46.016628975172161 ], [ -71.720108346681599, 46.011441162613615 ], [ -71.726709550439494, 46.009032300856255 ] ] ] } },
{ "type": "Feature", "properties": { "hex_id": 747939, "centroid_lon": -71.725009435504404, "centroid_lat": 45.928435302434401, "occurrences_today": 4, "datetimes_today": "2026-03-21 01:01:24, 2026-03-21 01:14:09, 2026-03-21 01:31:28, 2026-03-21 01:46:29", "cumulative_total": 6 }, "geometry": { "type": "Polygon", "coordinates": [ [ [ -71.725315040213857, 45.923247382498324 ], [ -71.7316003753117, 45.926025858041321 ], [ -71.73129532698546, 45.931213808032027 ], [ -71.724703747014487, 45.933623216058507 ], [ -71.718417939328091, 45.930844349839241 ], [ -71.718724184172842, 45.925656466334587 ], [ -71.725315040213857, 45.923247382498324 ] ] ] } },
{ "type": "Feature", "properties": { "hex_id": 747940, "centroid_lon": -71.724092118579705, "centroid_lat": 45.943999024368644, "occurrences_today": 4, "datetimes_today": "2026-03-21 01:01:24, 2026-03-21 01:14:09, 2026-03-21 01:31:28, 2026-03-21 01:46:29", "cumulative_total": 6 }, "geometry": { "type": "Polygon", "coordinates": [ [ [ -71.724397974715714, 45.938811123370101 ], [ -71.730684979410512, 45.941589689094592 ], [ -71.730379680105173, 45.946777620165356 ], [ -71.723786178578067, 45.949186919053588 ], [ -71.717498700932452, 45.946407962440723 ], [ -71.71780519773634, 45.941220097892852 ], [ -71.724397974715714, 45.938811123370101 ] ] ] } },
{ "type": "Feature", "properties": { "hex_id": 747941, "centroid_lon": -71.723174046864202, "centroid_lat": 45.959562689480492, "occurrences_today": 4, "datetimes_today": "2026-03-21 01:01:24, 2026-03-21 01:14:09, 2026-03-21 01:31:28, 2026-03-21 01:46:29", "cumulative_total": 6 }, "geometry": { "type": "Polygon", "coordinates": [ [ [ -71.723480154682363, 45.954374807424387 ], [ -71.729768830316914, 45.957153463383143 ], [ -71.729463279777264, 45.962341375529078 ], [ -71.722867855095089, 45.964750565221344 ], [ -71.716578706147175, 45.961971518161924 ], [ -71.716885455166363, 45.956783672575789 ], [ -71.723480154682363, 45.954374807424387 ] ] ] } },
{ "type": "Feature", "properties": { "hex_id": 747942, "centroid_lon": -71.722255219590252, "centroid_lat": 45.975126297755189, "occurrences_today": 4, "datetimes_today": "2026-03-21 01:01:24, 2026-03-21 01:14:09, 2026-03-21 01:31:28, 2026-03-21 01:46:29", "cumulative_total": 24 }, "geometry": { "type": "Polygon", "coordinates": [ [ [ -71.722561579346603, 45.969938434646437 ], [ -71.728851927264969, 45.972717180892339 ], [ -71.728546125235482, 45.977905074108577 ], [ -71.721948775797571, 45.980314154547081 ], [ -71.715657954202953, 45.977535016988114 ], [ -71.715964955693991, 45.972347190368644 ], [ -71.722561579346603, 45.969938434646437 ] ] ] } },
{ "type": "Feature", "properties": { "hex_id": 747943, "centroid_lon": -71.721335635989206, "centroid_lat": 45.990689849178075, "occurrences_today": 4, "datetimes_today": "2026-03-21 01:01:24, 2026-03-21 01:14:09, 2026-03-21 01:31:28, 2026-03-21 01:46:29", "cumulative_total": 24 }, "geometry": { "type": "Polygon", "coordinates": [ [ [ -71.721642247940053, 45.985502005021559 ], [ -71.727934269487633, 45.988280841607541 ], [ -71.727628215712386, 45.993468715889186 ], [ -71.721028939916479, 45.995877687016069 ], [ -71.714736444329432, 45.993098458904527 ], [ -71.715043698549238, 45.987910651256612 ], [ -71.721642247940053, 45.985502005021559 ] ] ] } },
{ "type": "Feature", "properties": { "hex_id": 747944, "centroid_lon": -71.720415295291218, "centroid_lat": 46.0062533437344, "occurrences_today": 4, "datetimes_today": "2026-03-21 01:01:24, 2026-03-21 01:14:09, 2026-03-21 01:31:28, 2026-03-21 01:46:29", "cumulative_total": 25 }, "geometry": { "type": "Polygon", "coordinates": [ [ [ -71.720722159693338, 46.001065518535029 ], [ -71.727015856216809, 46.003844445514069 ], [ -71.726709550439494, 46.009032300856255 ], [ -71.720108346681599, 46.011441162613615 ], [ -71.713814175755147, 46.008661843896355 ], [ -71.714121682960993, 46.003474055224935 ], [ -71.720722159693338, 46.001065518535029 ] ] ] } },
{ "type": "Feature", "properties": { "hex_id": 748550, "centroid_lon": -71.718111610525398, "centroid_lat": 45.936032227025521, "occurrences_today": 4, "datetimes_today": "2026-03-21 01:01:24, 2026-03-21 01:14:09, 2026-03-21 01:31:28, 2026-03-21 01:46:29", "cumulative_total": 6 }, "geometry": { "type": "Polygon", "coordinates": [ [ [ -71.718417939328091, 45.930844349839241 ], [ -71.724703747014487, 45.933623216058507 ], [ -71.724397974715714, 45.938811123370101 ], [ -71.71780519773634, 45.941220097892852 ], [ -71.711518917546613, 45.938440840840158 ], [ -71.711825886811155, 45.933253000162985 ], [ -71.718417939328091, 45.930844349839241 ] ] ] } },
{ "type": "Feature", "properties": { "hex_id": 748551, "centroid_lon": -71.717192120085286, "centroid_lat": 45.951595820668537, "occurrences_today": 4, "datetimes_today": "2026-03-21 01:01:24, 2026-03-21 01:14:09, 2026-03-21 01:31:28, 2026-03-21 01:46:29", "cumulative_total": 6 }, "geometry": { "type": "Polygon", "coordinates": [ [ [ -71.717498700932452, 45.946407962440723 ], [ -71.723786178578067, 45.949186919053588 ], [ -71.723480154682363, 45.954374807424387 ], [ -71.716885455166363, 45.956783672575789 ], [ -71.710597504655283, 45.954004324917271 ], [ -71.710904726497205, 45.948816503217842 ], [ -71.717498700932452, 45.946407962440723 ] ] ] } },
{ "type": "Feature", "properties": { "hex_id": 748552, "centroid_lon": -71.716271872999215, "centroid_lat": 45.967159357426382, "occurrences_today": 4, "datetimes_today": "2026-03-21 01:01:24, 2026-03-21 01:14:09, 2026-03-21 01:31:28, 2026-03-21 01:46:29", "cumulative_total": 6 }, "geometry": { "type": "Polygon", "coordinates": [ [ [ -71.716578706147175, 45.961971518161924 ], [ -71.722867855095089, 45.964750565221344 ], [ -71.722561579346603, 45.969938434646437 ], [ -71.715964955693991, 45.972347190368644 ], [ -71.709675333518149, 45.969567752051205 ], [ -71.709982808194312, 45.964379949334479 ], [ -71.716578706147175, 45.961971518161924 ] ] ] } },
{ "type": "Feature", "properties": { "hex_id": 748553, "centroid_lon": -71.715350868497552, "centroid_lat": 45.982722837284285, "occurrences_today": 4, "datetimes_today": "2026-03-21 01:01:24, 2026-03-21 01:14:09, 2026-03-21 01:31:28, 2026-03-21 01:46:29", "cumulative_total": 24 }, "geometry": { "type": "Polygon", "coordinates": [ [ [ -71.715657954202953, 45.977535016988114 ], [ -71.721948775797571, 45.980314154547081 ], [ -71.721642247940053, 45.985502005021559 ], [ -71.715043698549238, 45.987910651256612 ], [ -71.708752403363917, 45.985131122227166 ], [ -71.709060131131551, 45.979943338498089 ], [ -71.715657954202953, 45.977535016988114 ] ] ] } },
{ "type": "Feature", "properties": { "hex_id": 748554, "centroid_lon": -71.714429105809543, "centroid_lat": 45.998286260227466, "occurrences_today": 4, "datetimes_today": "2026-03-21 01:01:24, 2026-03-21 01:14:09, 2026-03-21 01:31:28, 2026-03-21 01:46:29", "cumulative_total": 24 }, "geometry": { "type": "Polygon", "coordinates": [ [ [ -71.714736444329432, 45.993098458904527 ], [ -71.721028939916479, 45.995877687016069 ], [ -71.720722159693338, 46.001065518535029 ], [ -71.714121682960993, 46.003474055224935 ], [ -71.707828713420199, 46.00069443543029 ], [ -71.70813669453689, 45.995506670693807 ], [ -71.714736444329432, 45.993098458904527 ] ] ] } },
{ "type": "Feature", "properties": { "hex_id": 749163, "centroid_lon": -71.709367774506745, "centroid_lat": 45.974755548439248, "occurrences_today": 4, "datetimes_today": "2026-03-21 01:01:24, 2026-03-21 01:14:09, 2026-03-21 01:31:28, 2026-03-21 01:46:29", "cumulative_total": 24 }, "geometry": { "type": "Polygon", "coordinates": [ [ [ -71.709675333518149, 45.969567752051205 ], [ -71.715964955693991, 45.972347190368644 ], [ -71.715657954202953, 45.977535016988114 ], [ -71.709060131131551, 45.979943338498089 ], [ -71.702770035813487, 45.977163508765265 ], [ -71.703078236680426, 45.971975749002802 ], [ -71.709675333518149, 45.969567752051205 ] ] ] } },
{ "type": "Feature", "properties": { "hex_id": 749164, "centroid_lon": -71.708444591175237, "centroid_lat": 45.990318899625926, "occurrences_today": 4, "datetimes_today": "2026-03-21 01:01:24, 2026-03-21 01:14:09, 2026-03-21 01:31:28, 2026-03-21 01:46:29", "cumulative_total": 24 }, "geometry": { "type": "Polygon", "coordinates": [ [ [ -71.708752403363917, 45.985131122227166 ], [ -71.715043698549238, 45.987910651256612 ], [ -71.714736444329432, 45.993098458904527 ], [ -71.70813669453689, 45.995506670693807 ], [ -71.7018449258467, 45.992726750036418 ], [ -71.702153380425287, 45.987539009282628 ], [ -71.708752403363917, 45.985131122227166 ] ] ] } },
{ "type": "Feature", "properties": { "hex_id": 749775, "centroid_lon": -71.7015363866402, "centroid_lat": 45.997914484452842, "occurrences_today": 4, "datetimes_today": "2026-03-21 01:01:24, 2026-03-21 01:14:09, 2026-03-21 01:31:28, 2026-03-21 01:46:29", "cumulative_total": 24 }, "geometry": { "type": "Polygon", "coordinates": [ [ [ -71.7018449258467, 45.992726750036418 ], [ -71.70813669453689, 45.995506670693807 ], [ -71.707828713420199, 46.00069443543029 ], [ -71.701227762777052, 46.003102212531402 ], [ -71.694935520668025, 46.000321900088579 ], [ -71.695244702592277, 45.995134202395029 ], [ -71.7018449258467, 45.992726750036418 ] ] ] } },
{ "type": "Feature", "properties": { "hex_id": 583701, "centroid_lon": -73.464615233855355, "centroid_lat": 45.754612124004986, "occurrences_today": 12, "datetimes_today": "2026-03-21 21:01:55, 2026-03-21 21:16:58, 2026-03-21 21:31:45, 2026-03-21 21:47:13, 2026-03-21 22:01:49, 2026-03-21 22:14:04, 2026-03-21 22:31:58, 2026-03-21 22:46:45, 2026-03-21 23:02:02, 2026-03-21 23:16:50, 2026-03-21 23:31:47, 2026-03-21 23:46:51", "cumulative_total": 202 }, "geometry": { "type": "Polygon", "coordinates": [ [ [ -73.464757702435634, 45.749417414698613 ], [ -73.471112770127945, 45.752100963081929 ], [ -73.470970877876624, 45.7572956853747 ], [ -73.464472726252083, 45.759806828221635 ], [ -73.458117121260429, 45.75712290674079 ], [ -73.458260205179471, 45.751928215575553 ], [ -73.464757702435634, 45.749417414698613 ] ] ] } },
{ "type": "Feature", "properties": { "hex_id": 791958, "centroid_lon": -71.193975090195423, "centroid_lat": 46.894107975922772, "occurrences_today": 11, "datetimes_today": "2026-03-21 00:01:33, 2026-03-21 00:12:00, 2026-03-21 00:31:48, 2026-03-21 00:46:48, 2026-03-21 01:01:24, 2026-03-21 01:14:09, 2026-03-21 01:31:28, 2026-03-21 01:46:29, 2026-03-21 01:57:15, 2026-03-21 02:17:04, 2026-03-21 02:31:25", "cumulative_total": 44 }, "geometry": { "type": "Polygon", "coordinates": [ [ [ -71.194342348414878, 46.888923912736985 ], [ -71.200707735627063, 46.891733795346369 ], [ -71.200341054806842, 46.89691789431761 ], [ -71.19360773007871, 46.899292032184405 ], [ -71.187241867382198, 46.896481741580487 ], [ -71.187609804862788, 46.891297721171163 ], [ -71.194342348414878, 46.888923912736985 ] ] ] } },
{ "type": "Feature", "properties": { "hex_id": 638029, "centroid_lon": -72.896581425922847, "centroid_lat": 45.64422781434736, "occurrences_today": 5, "datetimes_today": "2026-03-21 07:00:54, 2026-03-21 07:16:36, 2026-03-21 07:31:27, 2026-03-21 07:46:25, 2026-03-21 07:56:53", "cumulative_total": 79 }, "geometry": { "type": "Polygon", "coordinates": [ [ [ -72.896775832623987, 45.639034642453176 ], [ -72.903090284262092, 45.641749145722649 ], [ -72.902896442621952, 45.646942336162205 ], [ -72.896386966061243, 45.649420980853741 ], [ -72.890072002531539, 45.646706100720124 ], [ -72.890267027436266, 45.641512952823746 ], [ -72.896775832623987, 45.639034642453176 ] ] ] } },
{ "type": "Feature", "properties": { "hex_id": 638640, "centroid_lon": -72.889876924295919, "centroid_lat": 45.651899243224705, "occurrences_today": 5, "datetimes_today": "2026-03-21 07:00:54, 2026-03-21 07:16:36, 2026-03-21 07:31:27, 2026-03-21 07:46:25, 2026-03-21 07:56:53", "cumulative_total": 27 }, "geometry": { "type": "Polygon", "coordinates": [ [ [ -72.890072002531539, 45.646706100720124 ], [ -72.896386966061243, 45.649420980853741 ], [ -72.896192453021257, 45.654614141972132 ], [ -72.889681792711443, 45.657092380337289 ], [ -72.883366317343913, 45.654377123181 ], [ -72.88356201410609, 45.649184004746871 ], [ -72.890072002531539, 45.646706100720124 ] ] ] } },
{ "type": "Feature", "properties": { "hex_id": 782793, "centroid_lon": -71.300250066648616, "centroid_lat": 46.780680601545789, "occurrences_today": 1, "datetimes_today": "2026-03-21 14:46:58", "cumulative_total": 125 }, "geometry": { "type": "Polygon", "coordinates": [ [ [ -71.300605673147274, 46.775495803640197 ], [ -71.30696391551875, 46.7782995856616 ], [ -71.30660888461037, 46.783484418246552 ], [ -71.299894361624169, 46.785865392654408 ], [ -71.293535642205242, 46.783061205053897 ], [ -71.293891922785846, 46.777876448691273 ], [ -71.300605673147274, 46.775495803640197 ] ] ] } },
{ "type": "Feature", "properties": { "hex_id": 514683, "centroid_lon": -74.197982828806715, "centroid_lat": 45.271016951097323, "occurrences_today": 15, "datetimes_today": "2026-03-21 07:31:27, 2026-03-21 07:46:25, 2026-03-21 07:56:53, 2026-03-21 08:16:47, 2026-03-21 08:31:30, 2026-03-21 08:46:19, 2026-03-21 09:16:24, 2026-03-21 09:31:38, 2026-03-21 09:43:16, 2026-03-21 10:01:31, 2026-03-21 10:16:35, 2026-03-21 10:31:46, 2026-03-21 10:46:02, 2026-03-21 11:01:32, 2026-03-21 11:16:21", "cumulative_total": 67 }, "geometry": { "type": "Polygon", "coordinates": [ [ [ -74.198056010651754, 45.265820441302679 ], [ -74.20439258029856, 45.268463272015829 ], [ -74.204319969976055, 45.27365978742224 ], [ -74.197909627027911, 45.276213456050733 ], [ -74.191572505795648, 45.27357026528788 ], [ -74.191646279090335, 45.268373766010299 ], [ -74.198056010651754, 45.265820441302679 ] ] ] } },
{ "type": "Feature", "properties": { "hex_id": 815245, "centroid_lon": -70.837991785685944, "centroid_lat": 48.25348262905333, "occurrences_today": 5, "datetimes_today": "2026-03-21 08:46:19, 2026-03-21 09:16:24, 2026-03-21 09:31:38, 2026-03-21 09:43:16, 2026-03-21 10:01:31", "cumulative_total": 27 }, "geometry": { "type": "Polygon", "coordinates": [ [ [ -70.838412897998936, 48.24830204345875 ], [ -70.84492015682973, 48.251135705842124 ], [ -70.844499660044264, 48.256316331713307 ], [ -70.837570554298125, 48.258663207189606 ], [ -70.831062799036076, 48.255829114777654 ], [ -70.831484645908574, 48.250648576988112 ], [ -70.838412897998936, 48.24830204345875 ] ] ] } },
{ "type": "Feature", "properties": { "hex_id": 815855, "centroid_lon": -70.831906373538274, "centroid_lat": 48.245468031731924, "occurrences_today": 5, "datetimes_today": "2026-03-21 08:46:19, 2026-03-21 09:16:24, 2026-03-21 09:31:38, 2026-03-21 09:43:16, 2026-03-21 10:01:31", "cumulative_total": 25 }, "geometry": { "type": "Polygon", "coordinates": [ [ [ -70.832327981968106, 48.240287479010014 ], [ -70.83883389127989, 48.243121450406811 ], [ -70.838412897998936, 48.24830204345875 ], [ -70.831484645908574, 48.250648576988112 ], [ -70.824978240669239, 48.247814175629692 ], [ -70.825400583404928, 48.242633670773664 ], [ -70.832327981968106, 48.240287479010014 ] ] ] } },
{ "type": "Feature", "properties": { "hex_id": 816466, "centroid_lon": -70.824555778522921, "centroid_lat": 48.252994673010711, "occurrences_today": 5, "datetimes_today": "2026-03-21 08:46:19, 2026-03-21 09:16:24, 2026-03-21 09:31:38, 2026-03-21 09:43:16, 2026-03-21 10:01:31", "cumulative_total": 25 }, "geometry": { "type": "Polygon", "coordinates": [ [ [ -70.824978240669239, 48.247814175629692 ], [ -70.831484645908574, 48.250648576988112 ], [ -70.831062799036076, 48.255829114777654 ], [ -70.824133196923015, 48.258175162915755 ], [ -70.817626295884949, 48.255340331427234 ], [ -70.818049492715716, 48.250159882000844 ], [ -70.824978240669239, 48.247814175629692 ] ] ] } },
{ "type": "Feature", "properties": { "hex_id": 585533, "centroid_lon": -73.445119167156378, "centroid_lat": 45.762143337268888, "occurrences_today": 23, "datetimes_today": "2026-03-21 07:56:53, 2026-03-21 08:16:47, 2026-03-21 08:31:30, 2026-03-21 08:46:19, 2026-03-21 09:16:24, 2026-03-21 09:31:38, 2026-03-21 09:43:16, 2026-03-21 10:01:31, 2026-03-21 10:16:35, 2026-03-21 10:31:46, 2026-03-21 10:46:02, 2026-03-21 11:01:32, 2026-03-21 11:16:21, 2026-03-21 11:31:46, 2026-03-21 11:42:19, 2026-03-21 11:59:33, 2026-03-21 12:16:25, 2026-03-21 12:31:49, 2026-03-21 13:01:51, 2026-03-21 13:16:37, 2026-03-21 13:31:25, 2026-03-21 13:42:38, 2026-03-21 14:00:13", "cumulative_total": 138 }, "geometry": { "type": "Polygon", "coordinates": [ [ [ -73.445263482222146, 45.756948682589844 ], [ -73.451618432356341, 45.759633311193902 ], [ -73.451474693579812, 45.764827979054438 ], [ -73.444974812558556, 45.767337986849412 ], [ -73.438619325673869, 45.764652984870288 ], [ -73.438764256547572, 45.759458348536327 ], [ -73.445263482222146, 45.756948682589844 ] ] ] } },
{ "type": "Feature", "properties": { "hex_id": 586143, "centroid_lon": -73.438909147732815, "centroid_lat": 45.754263707100989, "occurrences_today": 23, "datetimes_today": "2026-03-21 07:56:53, 2026-03-21 08:16:47, 2026-03-21 08:31:30, 2026-03-21 08:46:19, 2026-03-21 09:16:24, 2026-03-21 09:31:38, 2026-03-21 09:43:16, 2026-03-21 10:01:31, 2026-03-21 10:16:35, 2026-03-21 10:31:46, 2026-03-21 10:46:02, 2026-03-21 11:01:32, 2026-03-21 11:16:21, 2026-03-21 11:31:46, 2026-03-21 11:42:19, 2026-03-21 11:59:33, 2026-03-21 12:16:25, 2026-03-21 12:31:49, 2026-03-21 13:01:51, 2026-03-21 13:16:37, 2026-03-21 13:31:25, 2026-03-21 13:42:38, 2026-03-21 14:00:13", "cumulative_total": 90 }, "geometry": { "type": "Polygon", "coordinates": [ [ [ -73.439053999243029, 45.749069060564381 ], [ -73.445407757769175, 45.751754022812385 ], [ -73.445263482222146, 45.756948682589844 ], [ -73.438764256547572, 45.759458348536327 ], [ -73.432409961740007, 45.756773012956593 ], [ -73.43255542887502, 45.75157838482712 ], [ -73.439053999243029, 45.749069060564381 ] ] ] } },
{ "type": "Feature", "properties": { "hex_id": 735292, "centroid_lon": -71.69611598825945, "centroid_lat": 48.632051060337119, "occurrences_today": 5, "datetimes_today": "2026-03-21 17:16:42, 2026-03-21 17:27:44, 2026-03-21 17:46:53, 2026-03-21 18:01:46, 2026-03-21 18:16:41", "cumulative_total": 6 }, "geometry": { "type": "Polygon", "coordinates": [ [ [ -71.696454856802561, 48.62686574614375 ], [ -71.703059953261175, 48.62965273728927 ], [ -71.702721728389392, 48.634838083480531 ], [ -71.69577702324996, 48.637236368070013 ], [ -71.689171379603962, 48.63444894858452 ], [ -71.689510988249666, 48.62926367292124 ], [ -71.696454856802561, 48.62686574614375 ] ] ] } },
{ "type": "Feature", "properties": { "hex_id": 575749, "centroid_lon": -73.554388994308226, "centroid_lat": 45.514136069167137, "occurrences_today": 6, "datetimes_today": "2026-03-21 14:32:08, 2026-03-21 14:46:58, 2026-03-21 15:01:56, 2026-03-21 15:16:51, 2026-03-21 15:46:47, 2026-03-21 16:02:09", "cumulative_total": 138 }, "geometry": { "type": "Polygon", "coordinates": [ [ [ -73.554522014945761, 45.508940928155255 ], [ -73.560854642411101, 45.511619314960058 ], [ -73.560722192049255, 45.516814468007944 ], [ -73.554255937340585, 45.519331205129539 ], [ -73.547922775935774, 45.516652449126525 ], [ -73.548056403166896, 45.511457325264651 ], [ -73.554522014945761, 45.508940928155255 ] ] ] } },
{ "type": "Feature", "properties": { "hex_id": 566595, "centroid_lon": -73.649077109012069, "centroid_lat": 45.569861680032936, "occurrences_today": 3, "datetimes_today": "2026-03-21 09:16:24, 2026-03-21 09:31:38, 2026-03-21 09:43:16", "cumulative_total": 66 }, "geometry": { "type": "Polygon", "coordinates": [ [ [ -73.649201660071341, 45.564666380022558 ], [ -73.655545104256518, 45.567339613298671 ], [ -73.655421126439052, 45.572534924422079 ], [ -73.648952523911603, 45.5750569750317 ], [ -73.642608540531555, 45.572383372734343 ], [ -73.642733698862386, 45.567188088913241 ], [ -73.649201660071341, 45.564666380022558 ] ] ] } },
{ "type": "Feature", "properties": { "hex_id": 567205, "centroid_lon": -73.642858822996573, "centroid_lat": 45.561992800078059, "occurrences_today": 3, "datetimes_today": "2026-03-21 09:16:24, 2026-03-21 09:31:38, 2026-03-21 09:43:16", "cumulative_total": 26 }, "geometry": { "type": "Polygon", "coordinates": [ [ [ -73.642983912945596, 45.556797506228868 ], [ -73.649326177100832, 45.559471075000623 ], [ -73.649201660071341, 45.564666380022558 ], [ -73.642733698862386, 45.567188088913241 ], [ -73.636390895978494, 45.564514151161866 ], [ -73.63651659302073, 45.55931887356406 ], [ -73.642983912945596, 45.556797506228868 ] ] ] } },
{ "type": "Feature", "properties": { "hex_id": 822424, "centroid_lon": -70.935480853202932, "centroid_lat": 45.965408117003697, "occurrences_today": 2, "datetimes_today": "2026-03-21 15:16:51, 2026-03-21 15:46:47", "cumulative_total": 11 }, "geometry": { "type": "Polygon", "coordinates": [ [ [ -70.935860510587787, 45.960224820628312 ], [ -70.942107411237714, 45.963045585377472 ], [ -70.941728299156736, 45.968228919376578 ], [ -70.935101091780311, 45.970591406219775 ], [ -70.928853749881881, 45.967770243919816 ], [ -70.929234056573165, 45.962586992391898 ], [ -70.935860510587787, 45.960224820628312 ] ] ] } },
{ "type": "Feature", "properties": { "hex_id": 823035, "centroid_lon": -70.928473338972665, "centroid_lat": 45.972953488280361, "occurrences_today": 2, "datetimes_today": "2026-03-21 15:16:51, 2026-03-21 15:46:47", "cumulative_total": 23 }, "geometry": { "type": "Polygon", "coordinates": [ [ [ -70.928853749881881, 45.967770243919816 ], [ -70.935101091780311, 45.970591406219775 ], [ -70.934721226284694, 45.97577468827572 ], [ -70.928092823810232, 45.978136725472723 ], [ -70.921845040769057, 45.975315165466853 ], [ -70.922226101309789, 45.970131966034366 ], [ -70.928853749881881, 45.967770243919816 ] ] ] } },
{ "type": "Feature", "properties": { "hex_id": 823646, "centroid_lon": -70.921463875794856, "centroid_lat": 45.980498357723057, "occurrences_today": 2, "datetimes_today": "2026-03-21 15:16:51, 2026-03-21 15:46:47", "cumulative_total": 23 }, "geometry": { "type": "Polygon", "coordinates": [ [ [ -70.921845040769057, 45.975315165466853 ], [ -70.928092823810232, 45.978136725472723 ], [ -70.927712204359295, 45.983319955496015 ], [ -70.921082606351789, 45.985681542802133 ], [ -70.914834382273895, 45.982859584935312 ], [ -70.915216197204842, 45.977676437687826 ], [ -70.921845040769057, 45.975315165466853 ] ] ] } },
{ "type": "Feature", "properties": { "hex_id": 823647, "centroid_lon": -70.920319753917624, "centroid_lat": 45.996047891425455, "occurrences_today": 2, "datetimes_today": "2026-03-21 15:16:51, 2026-03-21 15:46:47", "cumulative_total": 7 }, "geometry": { "type": "Polygon", "coordinates": [ [ [ -70.920701232404525, 45.990864720703222 ], [ -70.926950652450572, 45.993686394031982 ], [ -70.926569719922099, 45.998869602542925 ], [ -70.919938170855687, 46.001231054967974 ], [ -70.913688309443941, 45.998408983563017 ], [ -70.914070438428894, 45.993225857873767 ], [ -70.920701232404525, 45.990864720703222 ] ] ] } },
{ "type": "Feature", "properties": { "hex_id": 824258, "centroid_lon": -70.913306075703389, "centroid_lat": 46.003592102064438, "occurrences_today": 2, "datetimes_today": "2026-03-21 15:16:51, 2026-03-21 15:46:47", "cumulative_total": 7 }, "geometry": { "type": "Polygon", "coordinates": [ [ [ -70.913688309443941, 45.998408983563017 ], [ -70.919938170855687, 46.001231054967974 ], [ -70.919556483183271, 46.00641421132989 ], [ -70.912923737171752, 46.008775213377213 ], [ -70.906673434500718, 46.005952743740863 ], [ -70.907056319065006, 46.000769670353172 ], [ -70.913688309443941, 45.998408983563017 ] ] ] } },
{ "type": "Feature", "properties": { "hex_id": 824869, "centroid_lon": -70.906290444964668, "centroid_lat": 46.011135809931801, "occurrences_today": 2, "datetimes_today": "2026-03-21 15:16:51, 2026-03-21 15:46:47", "cumulative_total": 7 }, "geometry": { "type": "Polygon", "coordinates": [ [ [ -70.906673434500718, 46.005952743740863 ], [ -70.912923737171752, 46.008775213377213 ], [ -70.91254129381349, 46.013958317500432 ], [ -70.905907350421259, 46.016318868925076 ], [ -70.899656606597588, 46.013496000902137 ], [ -70.900040247283187, 46.008312979905732 ], [ -70.906673434500718, 46.005952743740863 ] ] ] } },
{ "type": "Feature", "properties": { "hex_id": 825480, "centroid_lon": -70.89927286072384, "centroid_lat": 46.018679014692758, "occurrences_today": 2, "datetimes_today": "2026-03-21 15:16:51, 2026-03-21 15:46:47", "cumulative_total": 7 }, "geometry": { "type": "Polygon", "coordinates": [ [ [ -70.899656606597588, 46.013496000902137 ], [ -70.905907350421259, 46.016318868925076 ], [ -70.905524150834935, 46.021501920719828 ], [ -70.898889009626316, 46.023862021276734 ], [ -70.892637824756846, 46.021038754711974 ], [ -70.893022222106111, 46.01585578619671 ], [ -70.899656606597588, 46.013496000902137 ] ] ] } },
{ "type": "Feature", "properties": { "hex_id": 826091, "centroid_lon": -70.892253322002915, "centroid_lat": 46.026221716012429, "occurrences_today": 2, "datetimes_today": "2026-03-21 15:16:51, 2026-03-21 15:46:47", "cumulative_total": 7 }, "geometry": { "type": "Polygon", "coordinates": [ [ [ -70.892637824756846, 46.021038754711974 ], [ -70.898889009626316, 46.023862021276734 ], [ -70.898505053269332, 46.029045020653186 ], [ -70.891868713808577, 46.031404670097224 ], [ -70.885617088000416, 46.028581004835402 ], [ -70.886002242555975, 46.023398088891192 ], [ -70.892637824756846, 46.021038754711974 ] ] ] } },
{ "type": "Feature", "properties": { "hex_id": 826092, "centroid_lon": -70.891099180955663, "centroid_lat": 46.041770556616285, "occurrences_today": 2, "datetimes_today": "2026-03-21 15:16:51, 2026-03-21 15:46:47", "cumulative_total": 7 }, "geometry": { "type": "Polygon", "coordinates": [ [ [ -70.891484000138078, 46.036587616965477 ], [ -70.897736824634265, 46.03941099778001 ], [ -70.89735255228473, 46.044593975528649 ], [ -70.890714256225507, 46.046953489048818 ], [ -70.88446099046206, 46.044129709321496 ], [ -70.884846461989284, 46.038946815051425 ], [ -70.891484000138078, 46.036587616965477 ] ] ] } },
{ "type": "Feature", "properties": { "hex_id": 826702, "centroid_lon": -70.885231827823461, "centroid_lat": 46.033763913555767, "occurrences_today": 2, "datetimes_today": "2026-03-21 15:16:51, 2026-03-21 15:46:47", "cumulative_total": 7 }, "geometry": { "type": "Polygon", "coordinates": [ [ [ -70.885617088000416, 46.028581004835402 ], [ -70.891868713808577, 46.031404670097224 ], [ -70.891484000138078, 46.036587616965477 ], [ -70.884846461989284, 46.038946815051425 ], [ -70.878594395349808, 46.036122750937281 ], [ -70.878980307654629, 46.030939887654093 ], [ -70.885617088000416, 46.028581004835402 ] ] ] } },
{ "type": "Feature", "properties": { "hex_id": 826703, "centroid_lon": -70.88407541320592, "centroid_lat": 46.049312596365098, "occurrences_today": 2, "datetimes_today": "2026-03-21 15:16:51, 2026-03-21 15:46:47", "cumulative_total": 23 }, "geometry": { "type": "Polygon", "coordinates": [ [ [ -70.88446099046206, 46.044129709321496 ], [ -70.890714256225507, 46.046953489048818 ], [ -70.89032922591187, 46.052136414262158 ], [ -70.883689730185012, 46.054495476181344 ], [ -70.877436023261779, 46.051671297385916 ], [ -70.877822253189294, 46.046488455804059 ], [ -70.88446099046206, 46.044129709321496 ] ] ] } },
{ "type": "Feature", "properties": { "hex_id": 828535, "centroid_lon": -70.864155602743566, "centroid_lat": 46.056387480174813, "occurrences_today": 2, "datetimes_today": "2026-03-21 15:16:51, 2026-03-21 15:46:47", "cumulative_total": 7 }, "geometry": { "type": "Polygon", "coordinates": [ [ [ -70.864543138449889, 46.051204729734984 ], [ -70.87079608642901, 46.054029592019681 ], [ -70.870409097557356, 46.059212380823219 ], [ -70.863767960728453, 46.0615702233627 ], [ -70.857514572241499, 46.058744961759743 ], [ -70.857902761055229, 46.053562257000216 ], [ -70.864543138449889, 46.051204729734984 ] ] ] } },
{ "type": "Feature", "properties": { "hex_id": 565984, "centroid_lon": -73.65566904819967, "centroid_lat": 45.562144297166171, "occurrences_today": 3, "datetimes_today": "2026-03-21 09:16:24, 2026-03-21 09:31:38, 2026-03-21 09:43:16", "cumulative_total": 64 }, "geometry": { "type": "Polygon", "coordinates": [ [ [ -73.655792958279861, 45.556948976024657 ], [ -73.662135863235946, 45.559621840439206 ], [ -73.662012526253491, 45.564817172626661 ], [ -73.655545104256518, 45.567339613298671 ], [ -73.649201660071341, 45.564666380022558 ], [ -73.649326177100832, 45.559471075000623 ], [ -73.655792958279861, 45.556948976024657 ] ] ] } },
{ "type": "Feature", "properties": { "hex_id": 785236, "centroid_lon": -71.273030512738345, "centroid_lat": 46.795385164832773, "occurrences_today": 6, "datetimes_today": "2026-03-21 22:31:58, 2026-03-21 22:46:45, 2026-03-21 23:02:02, 2026-03-21 23:16:50, 2026-03-21 23:31:47, 2026-03-21 23:46:51", "cumulative_total": 158 }, "geometry": { "type": "Polygon", "coordinates": [ [ [ -71.273388915777488, 46.790200540372183 ], [ -71.2797473384325, 46.793005840796013 ], [ -71.27938951100181, 46.798190500209444 ], [ -71.272672010382067, 46.800569782465104 ], [ -71.266313111452916, 46.797764076039407 ], [ -71.266672189383257, 46.792579493426565 ], [ -71.273388915777488, 46.790200540372183 ] ] ] } },
{ "type": "Feature", "properties": { "hex_id": 785846, "centroid_lon": -71.267031167841481, "centroid_lat": 46.787394903978516, "occurrences_today": 6, "datetimes_today": "2026-03-21 22:31:58, 2026-03-21 22:46:45, 2026-03-21 23:02:02, 2026-03-21 23:16:50, 2026-03-21 23:31:47, 2026-03-21 23:46:51", "cumulative_total": 198 }, "geometry": { "type": "Polygon", "coordinates": [ [ [ -71.267390046862019, 46.782210307695962 ], [ -71.273747219533874, 46.785015909084052 ], [ -71.273388915777488, 46.790200540372183 ], [ -71.266672189383257, 46.792579493426565 ], [ -71.260314540902158, 46.789773486096557 ], [ -71.260674094590101, 46.784588931720712 ], [ -71.267390046862019, 46.782210307695962 ] ] ] } },
{ "type": "Feature", "properties": { "hex_id": 786457, "centroid_lon": -71.25995488758717, "centroid_lat": 46.794958033630238, "occurrences_today": 6, "datetimes_today": "2026-03-21 22:31:58, 2026-03-21 22:46:45, 2026-03-21 23:02:02, 2026-03-21 23:16:50, 2026-03-21 23:31:47, 2026-03-21 23:46:51", "cumulative_total": 91 }, "geometry": { "type": "Polygon", "coordinates": [ [ [ -71.260314540902158, 46.789773486096557 ], [ -71.266672189383257, 46.792579493426565 ], [ -71.266313111452916, 46.797764076039407 ], [ -71.259595134610649, 46.800142574321008 ], [ -71.253237010423703, 46.797336160888307 ], [ -71.253597338750367, 46.792151655343346 ], [ -71.260314540902158, 46.789773486096557 ] ] ] } },
{ "type": "Feature", "properties": { "hex_id": 562321, "centroid_lon": -73.694100329475418, "centroid_lat": 45.562590171458268, "occurrences_today": 24, "datetimes_today": "2026-03-21 14:46:58, 2026-03-21 15:01:56, 2026-03-21 15:16:51, 2026-03-21 15:46:47, 2026-03-21 16:02:09, 2026-03-21 16:16:50, 2026-03-21 16:29:08, 2026-03-21 16:46:51, 2026-03-21 17:16:42, 2026-03-21 17:27:44, 2026-03-21 17:46:53, 2026-03-21 18:01:46, 2026-03-21 18:16:41, 2026-03-21 18:46:43, 2026-03-21 19:16:47, 2026-03-21 19:27:09, 2026-03-21 19:46:50, 2026-03-21 20:01:42, 2026-03-21 20:17:04, 2026-03-21 20:31:48, 2026-03-21 20:47:05, 2026-03-21 21:01:55, 2026-03-21 21:16:58, 2026-03-21 21:31:45", "cumulative_total": 226 }, "geometry": { "type": "Polygon", "coordinates": [ [ [ -73.694220699745586, 45.557394769991276 ], [ -73.700565524306455, 45.5600655204696 ], [ -73.700445727667685, 45.565260932601959 ], [ -73.693979926308984, 45.567785567930933 ], [ -73.687634561018513, 45.565114448945842 ], [ -73.687755537805288, 45.559919063203161 ], [ -73.694220699745586, 45.557394769991276 ] ] ] } },
{ "type": "Feature", "properties": { "hex_id": 850572, "centroid_lon": -70.557901301026291, "centroid_lat": 46.964691680337765, "occurrences_today": 19, "datetimes_today": "2026-03-21 10:46:02, 2026-03-21 11:01:32, 2026-03-21 11:16:21, 2026-03-21 11:31:46, 2026-03-21 11:42:19, 2026-03-21 11:59:33, 2026-03-21 12:16:25, 2026-03-21 12:31:49, 2026-03-21 13:01:51, 2026-03-21 13:16:37, 2026-03-21 13:31:25, 2026-03-21 13:42:38, 2026-03-21 14:00:13, 2026-03-21 14:16:52, 2026-03-21 14:32:08, 2026-03-21 14:46:58, 2026-03-21 15:01:56, 2026-03-21 15:16:51, 2026-03-21 15:46:47", "cumulative_total": 51 }, "geometry": { "type": "Polygon", "coordinates": [ [ [ -70.558330880524068, 46.959511834887451 ], [ -70.564668470084001, 46.962356270199948 ], [ -70.564239459685695, 46.967536157612585 ], [ -70.557471602321371, 46.969871518066988 ], [ -70.551133562889817, 46.967026668739749 ], [ -70.551563830652782, 46.961846873039448 ], [ -70.558330880524068, 46.959511834887451 ] ] ] } },
{ "type": "Feature", "properties": { "hex_id": 1326998, "centroid_lon": -64.774251038213734, "centroid_lat": 50.276597112586231, "occurrences_today": 6, "datetimes_today": "2026-03-21 00:46:48, 2026-03-21 01:01:24, 2026-03-21 01:14:09, 2026-03-21 01:31:28, 2026-03-21 01:46:29, 2026-03-21 01:57:15", "cumulative_total": 9 }, "geometry": { "type": "Polygon", "coordinates": [ [ [ -64.775357249195295, 50.271487200130025 ], [ -64.781709407647043, 50.274655920052872 ], [ -64.780603752436079, 50.279765932009411 ], [ -64.773144508395021, 50.281707002745982 ], [ -64.766792113069187, 50.278537784013771 ], [ -64.767899198539766, 50.273427993422757 ], [ -64.775357249195295, 50.271487200130025 ] ] ] } },
{ "type": "Feature", "properties": { "hex_id": 582486, "centroid_lon": -73.474918836134478, "centroid_lat": 45.848288620326947, "occurrences_today": 11, "datetimes_today": "2026-03-21 21:16:58, 2026-03-21 21:31:45, 2026-03-21 21:47:13, 2026-03-21 22:01:49, 2026-03-21 22:14:04, 2026-03-21 22:31:58, 2026-03-21 22:46:45, 2026-03-21 23:02:02, 2026-03-21 23:16:50, 2026-03-21 23:31:47, 2026-03-21 23:46:51", "cumulative_total": 61 }, "geometry": { "type": "Polygon", "coordinates": [ [ [ -73.475060811740505, 45.843093971552733 ], [ -73.481426934511688, 45.845777044674335 ], [ -73.481285538242645, 45.850971706358017 ], [ -73.474776821595228, 45.853483264015438 ], [ -73.468410158426835, 45.850799816690483 ], [ -73.468552752289909, 45.845605185976716 ], [ -73.475060811740505, 45.843093971552733 ] ] ] } },
{ "type": "Feature", "properties": { "hex_id": 779135, "centroid_lon": -71.334179663616936, "centroid_lat": 46.859717989612804, "occurrences_today": 17, "datetimes_today": "2026-03-21 11:01:32, 2026-03-21 11:16:21, 2026-03-21 11:31:46, 2026-03-21 11:42:19, 2026-03-21 11:59:33, 2026-03-21 12:16:25, 2026-03-21 12:31:49, 2026-03-21 13:01:51, 2026-03-21 13:16:37, 2026-03-21 13:31:25, 2026-03-21 13:42:38, 2026-03-21 14:00:13, 2026-03-21 14:16:52, 2026-03-21 14:32:08, 2026-03-21 14:46:58, 2026-03-21 15:01:56, 2026-03-21 15:16:51", "cumulative_total": 66 }, "geometry": { "type": "Polygon", "coordinates": [ [ [ -71.334532987103927, 46.854533065643508 ], [ -71.340902204623987, 46.857335241179427 ], [ -71.340549459731292, 46.86252019955139 ], [ -71.333826242128794, 46.864902906817946 ], [ -71.327456544032557, 46.862100324902933 ], [ -71.327810544081004, 46.856915442167306 ], [ -71.334532987103927, 46.854533065643508 ] ] ] } },
{ "type": "Feature", "properties": { "hex_id": 832192, "centroid_lon": -70.832499308258875, "centroid_lat": 45.961692755436459, "occurrences_today": 6, "datetimes_today": "2026-03-21 15:16:51, 2026-03-21 15:46:47, 2026-03-21 16:02:09, 2026-03-21 16:16:50, 2026-03-21 16:29:08, 2026-03-21 16:46:51", "cumulative_total": 14 }, "geometry": { "type": "Polygon", "coordinates": [ [ [ -70.83288851781866, 45.956510127047814 ], [ -70.839129379844877, 45.959336342872895 ], [ -70.838740713862222, 45.964519009858321 ], [ -70.832109992062499, 45.966875376542468 ], [ -70.825868693113776, 45.964048762409689 ], [ -70.826258552851172, 45.958866179964843 ], [ -70.83288851781866, 45.956510127047814 ] ] ] } },
{ "type": "Feature", "properties": { "hex_id": 832803, "centroid_lon": -70.825478726559396, "centroid_lat": 45.969231337563642, "occurrences_today": 2, "datetimes_today": "2026-03-21 15:16:51, 2026-03-21 15:46:47", "cumulative_total": 10 }, "geometry": { "type": "Polygon", "coordinates": [ [ [ -70.825868693113776, 45.964048762409689 ], [ -70.832109992062499, 45.966875376542468 ], [ -70.831720569193479, 45.972057990364995 ], [ -70.825088653151923, 45.974413905425841 ], [ -70.818846917389038, 45.971586892830615 ], [ -70.819237534445705, 45.966404363701393 ], [ -70.825868693113776, 45.964048762409689 ] ] ] } },
{ "type": "Feature", "properties": { "hex_id": 482966, "centroid_lon": -74.52563796576942, "centroid_lat": 45.724970472766216, "occurrences_today": 8, "datetimes_today": "2026-03-21 21:31:45, 2026-03-21 21:47:13, 2026-03-21 22:01:49, 2026-03-21 22:14:04, 2026-03-21 22:31:58, 2026-03-21 22:46:45, 2026-03-21 23:02:02, 2026-03-21 23:16:50", "cumulative_total": 126 }, "geometry": { "type": "Polygon", "coordinates": [ [ [ -74.525681941172721, 45.719774046202069 ], [ -74.532084932440085, 45.722398754443468 ], [ -74.532041546693875, 45.727595183393014 ], [ -74.525593978321467, 45.730166894550152 ], [ -74.519190409443709, 45.727541823758408 ], [ -74.519234986544674, 45.722345404424985 ], [ -74.525681941172721, 45.719774046202069 ] ] ] } },
{ "type": "Feature", "properties": { "hex_id": 483577, "centroid_lon": -74.519145820132891, "centroid_lat": 45.732738238310745, "occurrences_today": 8, "datetimes_today": "2026-03-21 21:31:45, 2026-03-21 21:47:13, 2026-03-21 22:01:49, 2026-03-21 22:14:04, 2026-03-21 22:31:58, 2026-03-21 22:46:45, 2026-03-21 23:02:02, 2026-03-21 23:16:50", "cumulative_total": 138 }, "geometry": { "type": "Polygon", "coordinates": [ [ [ -74.519190409443709, 45.727541823758408 ], [ -74.525593978321467, 45.730166894550152 ], [ -74.525549978824785, 45.735363311553876 ], [ -74.519101218608128, 45.737934648081968 ], [ -74.512697072132255, 45.73530921457774 ], [ -74.512742263467018, 45.730112807323053 ], [ -74.519190409443709, 45.727541823758408 ] ] ] } },
{ "type": "Feature", "properties": { "hex_id": 484187, "centroid_lon": -74.512787442426728, "centroid_lat": 45.72491639528635, "occurrences_today": 8, "datetimes_today": "2026-03-21 21:31:45, 2026-03-21 21:47:13, 2026-03-21 22:01:49, 2026-03-21 22:14:04, 2026-03-21 22:31:58, 2026-03-21 22:46:45, 2026-03-21 23:02:02, 2026-03-21 23:16:50", "cumulative_total": 133 }, "geometry": { "type": "Polygon", "coordinates": [ [ [ -74.512832609015561, 45.719719978467651 ], [ -74.519234986544674, 45.722345404424985 ], [ -74.519190409443709, 45.727541823758408 ], [ -74.512742263467018, 45.730112807323053 ], [ -74.506339308823044, 45.727487018689175 ], [ -74.506385077266415, 45.722290609232324 ], [ -74.512832609015561, 45.719719978467651 ] ] ] } },
{ "type": "Feature", "properties": { "hex_id": 484798, "centroid_lon": -74.506293527843539, "centroid_lat": 45.732683423363106, "occurrences_today": 8, "datetimes_today": "2026-03-21 21:31:45, 2026-03-21 21:47:13, 2026-03-21 22:01:49, 2026-03-21 22:14:04, 2026-03-21 22:31:58, 2026-03-21 22:46:45, 2026-03-21 23:02:02, 2026-03-21 23:16:50", "cumulative_total": 121 }, "geometry": { "type": "Polygon", "coordinates": [ [ [ -74.506339308823044, 45.727487018689175 ], [ -74.512742263467018, 45.730112807323053 ], [ -74.512697072132255, 45.73530921457774 ], [ -74.506247734323694, 45.737879823254119 ], [ -74.499844202577464, 45.735253671781585 ], [ -74.499890585737788, 45.73005727453647 ], [ -74.506339308823044, 45.727487018689175 ] ] ] } },
{ "type": "Feature", "properties": { "hex_id": 485411, "centroid_lon": -74.499519164455393, "centroid_lat": 45.771628318551123, "occurrences_today": 3, "datetimes_today": "2026-03-21 18:16:41, 2026-03-21 18:46:43, 2026-03-21 19:16:47", "cumulative_total": 53 }, "geometry": { "type": "Polygon", "coordinates": [ [ [ -74.499565636645741, 45.766431954792473 ], [ -74.50597270961994, 45.769058122160054 ], [ -74.505926828198938, 45.774254488571145 ], [ -74.499472679529262, 45.776824677526044 ], [ -74.49306502852366, 45.774198146760796 ], [ -74.493112104214816, 45.769001790503559 ], [ -74.499565636645741, 45.766431954792473 ] ] ] } },
{ "type": "Feature", "properties": { "hex_id": 510440, "centroid_lon": -74.236193063858408, "centroid_lat": 45.746786757952982, "occurrences_today": 29, "datetimes_today": "2026-03-21 16:02:09, 2026-03-21 16:16:50, 2026-03-21 16:29:08, 2026-03-21 16:46:51, 2026-03-21 17:16:42, 2026-03-21 17:27:44, 2026-03-21 17:46:53, 2026-03-21 18:01:46, 2026-03-21 18:16:41, 2026-03-21 18:46:43, 2026-03-21 19:16:47, 2026-03-21 19:27:09, 2026-03-21 19:46:50, 2026-03-21 20:01:42, 2026-03-21 20:17:04, 2026-03-21 20:31:48, 2026-03-21 20:47:05, 2026-03-21 21:01:55, 2026-03-21 21:16:58, 2026-03-21 21:31:45, 2026-03-21 21:47:13, 2026-03-21 22:01:49, 2026-03-21 22:14:04, 2026-03-21 22:31:58, 2026-03-21 22:46:45, 2026-03-21 23:02:02, 2026-03-21 23:16:50, 2026-03-21 23:31:47, 2026-03-21 23:46:51", "cumulative_total": 290 }, "geometry": { "type": "Polygon", "coordinates": [ [ [ -74.236263924635807, 45.741590635393848 ], [ -74.242655627661662, 45.744231483014374 ], [ -74.242585353413787, 45.749427610869084 ], [ -74.236122183668442, 45.751982875679957 ], [ -74.229729913528914, 45.749341662396859 ], [ -74.229801380241838, 45.744145550030602 ], [ -74.236263924635807, 45.741590635393848 ] ] ] } },
{ "type": "Feature", "properties": { "hex_id": 823034, "centroid_lon": -70.929614259081788, "centroid_lat": 45.957403733697504, "occurrences_today": 2, "datetimes_today": "2026-03-21 15:16:51, 2026-03-21 15:46:47", "cumulative_total": 33 }, "geometry": { "type": "Polygon", "coordinates": [ [ [ -70.929994357443022, 45.952220467837478 ], [ -70.936240063970075, 45.955041517094479 ], [ -70.935860510587787, 45.960224820628312 ], [ -70.929234056573165, 45.962586992391898 ], [ -70.922987909232205, 45.959765545644061 ], [ -70.923368656684517, 45.954582324687941 ], [ -70.929994357443022, 45.952220467837478 ] ] ] } },
{ "type": "Feature", "properties": { "hex_id": 824255, "centroid_lon": -70.916742411144767, "centroid_lat": 45.956943776863035, "occurrences_today": 2, "datetimes_today": "2026-03-21 15:16:51, 2026-03-21 15:46:47", "cumulative_total": 11 }, "geometry": { "type": "Polygon", "coordinates": [ [ [ -70.917123703360701, 45.951760593702446 ], [ -70.923368656684517, 45.954582324687941 ], [ -70.922987909232205, 45.959765545644061 ], [ -70.916361014456569, 45.962126952842738 ], [ -70.91011562085906, 45.959304824271442 ], [ -70.910497562275509, 45.954121686151723 ], [ -70.917123703360701, 45.951760593702446 ] ] ] } },
{ "type": "Feature", "properties": { "hex_id": 792569, "centroid_lon": -71.186873827813443, "centroid_lat": 46.901665755057785, "occurrences_today": 11, "datetimes_today": "2026-03-21 00:01:33, 2026-03-21 00:12:00, 2026-03-21 00:31:48, 2026-03-21 00:46:48, 2026-03-21 01:01:24, 2026-03-21 01:14:09, 2026-03-21 01:31:28, 2026-03-21 01:46:29, 2026-03-21 01:57:15, 2026-03-21 02:17:04, 2026-03-21 02:31:25", "cumulative_total": 28 }, "geometry": { "type": "Polygon", "coordinates": [ [ [ -71.187241867382198, 46.896481741580487 ], [ -71.19360773007871, 46.899292032184405 ], [ -71.193240268029371, 46.904476081521118 ], [ -71.186505686121052, 46.906849761602281 ], [ -71.180139348046467, 46.904039062842664 ], [ -71.180508067222846, 46.898855092224494 ], [ -71.187241867382198, 46.896481741580487 ] ] ] } },
{ "type": "Feature", "properties": { "hex_id": 668537, "centroid_lon": -72.587382264052067, "centroid_lat": 45.373072506856687, "occurrences_today": 41, "datetimes_today": "2026-03-21 00:01:33, 2026-03-21 00:12:00, 2026-03-21 00:31:48, 2026-03-21 00:46:48, 2026-03-21 01:01:24, 2026-03-21 01:14:09, 2026-03-21 01:31:28, 2026-03-21 01:46:29, 2026-03-21 01:57:15, 2026-03-21 02:17:04, 2026-03-21 02:31:25, 2026-03-21 02:46:28, 2026-03-21 03:01:50, 2026-03-21 03:16:22, 2026-03-21 03:31:34, 2026-03-21 03:46:43, 2026-03-21 03:59:50, 2026-03-21 04:16:22, 2026-03-21 04:31:24, 2026-03-21 04:46:34, 2026-03-21 05:01:39, 2026-03-21 05:16:23, 2026-03-21 05:31:19, 2026-03-21 05:46:26, 2026-03-21 05:59:51, 2026-03-21 06:16:56, 2026-03-21 06:31:26, 2026-03-21 07:00:54, 2026-03-21 07:16:36, 2026-03-21 07:31:27, 2026-03-21 07:46:25, 2026-03-21 07:56:53, 2026-03-21 08:16:47, 2026-03-21 08:31:30, 2026-03-21 08:46:19, 2026-03-21 09:16:24, 2026-03-21 09:31:38, 2026-03-21 09:43:16, 2026-03-21 10:16:35, 2026-03-21 10:31:46, 2026-03-21 10:46:02", "cumulative_total": 89 }, "geometry": { "type": "Polygon", "coordinates": [ [ [ -72.587603135314779, 45.367880194164812 ], [ -72.593872289743942, 45.370610998253284 ], [ -72.593651971160568, 45.375803332398434 ], [ -72.587161332601852, 45.378264813965835 ], [ -72.580891685690929, 45.375533633748262 ], [ -72.581113169800375, 45.370341348156323 ], [ -72.587603135314779, 45.367880194164812 ] ] ] } },
{ "type": "Feature", "properties": { "hex_id": 831588, "centroid_lon": -70.831335785486061, "centroid_lat": 46.062988299256808, "occurrences_today": 2, "datetimes_today": "2026-03-21 15:16:51, 2026-03-21 15:46:47", "cumulative_total": 9 }, "geometry": { "type": "Polygon", "coordinates": [ [ [ -70.831726481002235, 46.057805770655165 ], [ -70.837978349204519, 46.060632398896395 ], [ -70.837588200196805, 46.065814966177612 ], [ -70.830944982789802, 46.068170820566081 ], [ -70.824692675277333, 46.06534379266219 ], [ -70.825084024445673, 46.060161310097136 ], [ -70.831726481002235, 46.057805770655165 ] ] ] } },
{ "type": "Feature", "properties": { "hex_id": 832801, "centroid_lon": -70.827816924353627, "centroid_lat": 45.938135777294931, "occurrences_today": 2, "datetimes_today": "2026-03-21 15:16:51, 2026-03-21 15:46:47", "cumulative_total": 12 }, "geometry": { "type": "Polygon", "coordinates": [ [ [ -70.828206250547936, 45.932953158409333 ], [ -70.834444290413259, 45.935779540685196 ], [ -70.83405550703921, 45.940962198195258 ], [ -70.827427491522883, 45.943318388894205 ], [ -70.821189015491782, 45.940491608586406 ], [ -70.821578991106719, 45.935309035675957 ], [ -70.828206250547936, 45.932953158409333 ] ] ] } },
{ "type": "Feature", "properties": { "hex_id": 832802, "centroid_lon": -70.826648305807751, "centroid_lat": 45.95368359023005, "occurrences_today": 6, "datetimes_today": "2026-03-21 15:16:51, 2026-03-21 15:46:47, 2026-03-21 16:02:09, 2026-03-21 16:16:50, 2026-03-21 16:29:08, 2026-03-21 16:46:51", "cumulative_total": 16 }, "geometry": { "type": "Polygon", "coordinates": [ [ [ -70.827037952019623, 45.948500993206203 ], [ -70.833277620777935, 45.951327491377462 ], [ -70.83288851781866, 45.956510127047814 ], [ -70.826258552851172, 45.958866179964843 ], [ -70.820018447603033, 45.956039283546481 ], [ -70.820408743776085, 45.95085673252256 ], [ -70.827037952019623, 45.948500993206203 ] ] ] } },
{ "type": "Feature", "properties": { "hex_id": 667315, "centroid_lon": -72.600800994944194, "centroid_lat": 45.35776436908472, "occurrences_today": 41, "datetimes_today": "2026-03-21 00:01:33, 2026-03-21 00:12:00, 2026-03-21 00:31:48, 2026-03-21 00:46:48, 2026-03-21 01:01:24, 2026-03-21 01:14:09, 2026-03-21 01:31:28, 2026-03-21 01:46:29, 2026-03-21 01:57:15, 2026-03-21 02:17:04, 2026-03-21 02:31:25, 2026-03-21 02:46:28, 2026-03-21 03:01:50, 2026-03-21 03:16:22, 2026-03-21 03:31:34, 2026-03-21 03:46:43, 2026-03-21 03:59:50, 2026-03-21 04:16:22, 2026-03-21 04:31:24, 2026-03-21 04:46:34, 2026-03-21 05:01:39, 2026-03-21 05:16:23, 2026-03-21 05:31:19, 2026-03-21 05:46:26, 2026-03-21 05:59:51, 2026-03-21 06:16:56, 2026-03-21 06:31:26, 2026-03-21 07:00:54, 2026-03-21 07:16:36, 2026-03-21 07:31:27, 2026-03-21 07:46:25, 2026-03-21 07:56:53, 2026-03-21 08:16:47, 2026-03-21 08:31:30, 2026-03-21 08:46:19, 2026-03-21 09:16:24, 2026-03-21 09:31:38, 2026-03-21 09:43:16, 2026-03-21 10:16:35, 2026-03-21 10:31:46, 2026-03-21 10:46:02", "cumulative_total": 91 }, "geometry": { "type": "Polygon", "coordinates": [ [ [ -72.601020521316968, 45.352571991251928 ], [ -72.607288690602161, 45.355302043551042 ], [ -72.607069716652106, 45.360494442700833 ], [ -72.600581408760689, 45.362956741344412 ], [ -72.594312746873499, 45.360226313228758 ], [ -72.594532885459756, 45.35503396234995 ], [ -72.601020521316968, 45.352571991251928 ] ] ] } },
{ "type": "Feature", "properties": { "hex_id": 667925, "centroid_lon": -72.594752964087021, "centroid_lat": 45.349841605893836, "occurrences_today": 31, "datetimes_today": "2026-03-21 00:01:33, 2026-03-21 00:12:00, 2026-03-21 00:31:48, 2026-03-21 00:46:48, 2026-03-21 01:01:24, 2026-03-21 01:14:09, 2026-03-21 01:31:28, 2026-03-21 01:46:29, 2026-03-21 01:57:15, 2026-03-21 02:17:04, 2026-03-21 02:31:25, 2026-03-21 02:46:28, 2026-03-21 03:01:50, 2026-03-21 03:16:22, 2026-03-21 03:31:34, 2026-03-21 03:46:43, 2026-03-21 03:59:50, 2026-03-21 04:16:22, 2026-03-21 04:31:24, 2026-03-21 04:46:34, 2026-03-21 05:01:39, 2026-03-21 05:16:23, 2026-03-21 05:31:19, 2026-03-21 05:46:26, 2026-03-21 05:59:51, 2026-03-21 06:16:56, 2026-03-21 06:31:26, 2026-03-21 07:00:54, 2026-03-21 10:16:35, 2026-03-21 10:31:46, 2026-03-21 10:46:02", "cumulative_total": 78 }, "geometry": { "type": "Polygon", "coordinates": [ [ [ -72.594972982775317, 45.34464924386068 ], [ -72.601239987898964, 45.347379607846364 ], [ -72.601020521316968, 45.352571991251928 ], [ -72.594532885459756, 45.35503396234995 ], [ -72.588265388178783, 45.35230322259585 ], [ -72.58848601889234, 45.347110887576008 ], [ -72.594972982775317, 45.34464924386068 ] ] ] } },
{ "type": "Feature", "properties": { "hex_id": 667926, "centroid_lon": -72.59409254830824, "centroid_lat": 45.365418658529968, "occurrences_today": 41, "datetimes_today": "2026-03-21 00:01:33, 2026-03-21 00:12:00, 2026-03-21 00:31:48, 2026-03-21 00:46:48, 2026-03-21 01:01:24, 2026-03-21 01:14:09, 2026-03-21 01:31:28, 2026-03-21 01:46:29, 2026-03-21 01:57:15, 2026-03-21 02:17:04, 2026-03-21 02:31:25, 2026-03-21 02:46:28, 2026-03-21 03:01:50, 2026-03-21 03:16:22, 2026-03-21 03:31:34, 2026-03-21 03:46:43, 2026-03-21 03:59:50, 2026-03-21 04:16:22, 2026-03-21 04:31:24, 2026-03-21 04:46:34, 2026-03-21 05:01:39, 2026-03-21 05:16:23, 2026-03-21 05:31:19, 2026-03-21 05:46:26, 2026-03-21 05:59:51, 2026-03-21 06:16:56, 2026-03-21 06:31:26, 2026-03-21 07:00:54, 2026-03-21 07:16:36, 2026-03-21 07:31:27, 2026-03-21 07:46:25, 2026-03-21 07:56:53, 2026-03-21 08:16:47, 2026-03-21 08:31:30, 2026-03-21 08:46:19, 2026-03-21 09:16:24, 2026-03-21 09:31:38, 2026-03-21 09:43:16, 2026-03-21 10:16:35, 2026-03-21 10:31:46, 2026-03-21 10:46:02", "cumulative_total": 91 }, "geometry": { "type": "Polygon", "coordinates": [ [ [ -72.594312746873499, 45.360226313228758 ], [ -72.600581408760689, 45.362956741344412 ], [ -72.600361762746473, 45.36814910803075 ], [ -72.593872289743942, 45.370610998253284 ], [ -72.587603135314779, 45.367880194164812 ], [ -72.587823946410083, 45.362687875890543 ], [ -72.594312746873499, 45.360226313228758 ] ] ] } },
{ "type": "Feature", "properties": { "hex_id": 668536, "centroid_lon": -72.588044697358043, "centroid_lat": 45.357495552034123, "occurrences_today": 42, "datetimes_today": "2026-03-21 00:01:33, 2026-03-21 00:12:00, 2026-03-21 00:31:48, 2026-03-21 00:46:48, 2026-03-21 01:01:24, 2026-03-21 01:14:09, 2026-03-21 01:31:28, 2026-03-21 01:46:29, 2026-03-21 01:57:15, 2026-03-21 02:17:04, 2026-03-21 02:31:25, 2026-03-21 02:46:28, 2026-03-21 03:01:50, 2026-03-21 03:16:22, 2026-03-21 03:31:34, 2026-03-21 03:46:43, 2026-03-21 03:59:50, 2026-03-21 04:16:22, 2026-03-21 04:31:24, 2026-03-21 04:46:34, 2026-03-21 05:01:39, 2026-03-21 05:16:23, 2026-03-21 05:31:19, 2026-03-21 05:46:26, 2026-03-21 05:59:51, 2026-03-21 06:16:56, 2026-03-21 06:31:26, 2026-03-21 07:00:54, 2026-03-21 07:16:36, 2026-03-21 07:31:27, 2026-03-21 07:46:25, 2026-03-21 07:56:53, 2026-03-21 08:16:47, 2026-03-21 08:31:30, 2026-03-21 08:46:19, 2026-03-21 09:16:24, 2026-03-21 09:31:38, 2026-03-21 09:43:16, 2026-03-21 10:01:31, 2026-03-21 10:16:35, 2026-03-21 10:31:46, 2026-03-21 10:46:02", "cumulative_total": 92 }, "geometry": { "type": "Polygon", "coordinates": [ [ [ -72.588265388178783, 45.35230322259585 ], [ -72.594532885459756, 45.35503396234995 ], [ -72.594312746873499, 45.360226313228758 ], [ -72.587823946410083, 45.362687875890543 ], [ -72.581555957031895, 45.359956760211801 ], [ -72.581777260194272, 45.354764457859794 ], [ -72.588265388178783, 45.35230322259585 ] ] ] } },
{ "type": "Feature", "properties": { "hex_id": 669146, "centroid_lon": -72.581998503081238, "centroid_lat": 45.349572149921691, "occurrences_today": 31, "datetimes_today": "2026-03-21 00:01:33, 2026-03-21 00:12:00, 2026-03-21 00:31:48, 2026-03-21 00:46:48, 2026-03-21 01:01:24, 2026-03-21 01:14:09, 2026-03-21 01:31:28, 2026-03-21 01:46:29, 2026-03-21 01:57:15, 2026-03-21 02:17:04, 2026-03-21 02:31:25, 2026-03-21 02:46:28, 2026-03-21 03:01:50, 2026-03-21 03:16:22, 2026-03-21 03:31:34, 2026-03-21 03:46:43, 2026-03-21 03:59:50, 2026-03-21 04:16:22, 2026-03-21 04:31:24, 2026-03-21 04:46:34, 2026-03-21 05:01:39, 2026-03-21 05:16:23, 2026-03-21 05:31:19, 2026-03-21 05:46:26, 2026-03-21 05:59:51, 2026-03-21 06:16:56, 2026-03-21 06:31:26, 2026-03-21 07:00:54, 2026-03-21 10:16:35, 2026-03-21 10:31:46, 2026-03-21 10:46:02", "cumulative_total": 70 }, "geometry": { "type": "Polygon", "coordinates": [ [ [ -72.582219685712886, 45.344379836397742 ], [ -72.58848601889234, 45.347110887576008 ], [ -72.588265388178783, 45.35230322259585 ], [ -72.581777260194272, 45.354764457859794 ], [ -72.575510435362091, 45.352033030805089 ], [ -72.575732230147025, 45.346840744426729 ], [ -72.582219685712886, 45.344379836397742 ] ] ] } },
{ "type": "Feature", "properties": { "hex_id": 669147, "centroid_lon": -72.581334593573985, "centroid_lat": 45.365149056977401, "occurrences_today": 41, "datetimes_today": "2026-03-21 00:01:33, 2026-03-21 00:12:00, 2026-03-21 00:31:48, 2026-03-21 00:46:48, 2026-03-21 01:01:24, 2026-03-21 01:14:09, 2026-03-21 01:31:28, 2026-03-21 01:46:29, 2026-03-21 01:57:15, 2026-03-21 02:17:04, 2026-03-21 02:31:25, 2026-03-21 02:46:28, 2026-03-21 03:01:50, 2026-03-21 03:16:22, 2026-03-21 03:31:34, 2026-03-21 03:46:43, 2026-03-21 03:59:50, 2026-03-21 04:16:22, 2026-03-21 04:31:24, 2026-03-21 04:46:34, 2026-03-21 05:01:39, 2026-03-21 05:16:23, 2026-03-21 05:31:19, 2026-03-21 05:46:26, 2026-03-21 05:59:51, 2026-03-21 06:16:56, 2026-03-21 06:31:26, 2026-03-21 07:00:54, 2026-03-21 07:16:36, 2026-03-21 07:31:27, 2026-03-21 07:46:25, 2026-03-21 07:56:53, 2026-03-21 08:16:47, 2026-03-21 08:31:30, 2026-03-21 08:46:19, 2026-03-21 09:16:24, 2026-03-21 09:31:38, 2026-03-21 09:43:16, 2026-03-21 10:16:35, 2026-03-21 10:31:46, 2026-03-21 10:46:02", "cumulative_total": 83 }, "geometry": { "type": "Polygon", "coordinates": [ [ [ -72.581555957031895, 45.359956760211801 ], [ -72.587823946410083, 45.362687875890543 ], [ -72.587603135314779, 45.367880194164812 ], [ -72.581113169800375, 45.370341348156323 ], [ -72.574844688385326, 45.367609856396712 ], [ -72.575066664501435, 45.362417586790365 ], [ -72.581555957031895, 45.359956760211801 ] ] ] } },
{ "type": "Feature", "properties": { "hex_id": 669757, "centroid_lon": -72.575288580153611, "centroid_lat": 45.357225311593069, "occurrences_today": 31, "datetimes_today": "2026-03-21 00:01:33, 2026-03-21 00:12:00, 2026-03-21 00:31:48, 2026-03-21 00:46:48, 2026-03-21 01:01:24, 2026-03-21 01:14:09, 2026-03-21 01:31:28, 2026-03-21 01:46:29, 2026-03-21 01:57:15, 2026-03-21 02:17:04, 2026-03-21 02:31:25, 2026-03-21 02:46:28, 2026-03-21 03:01:50, 2026-03-21 03:16:22, 2026-03-21 03:31:34, 2026-03-21 03:46:43, 2026-03-21 03:59:50, 2026-03-21 04:16:22, 2026-03-21 04:31:24, 2026-03-21 04:46:34, 2026-03-21 05:01:39, 2026-03-21 05:16:23, 2026-03-21 05:31:19, 2026-03-21 05:46:26, 2026-03-21 05:59:51, 2026-03-21 06:16:56, 2026-03-21 06:31:26, 2026-03-21 07:00:54, 2026-03-21 10:16:35, 2026-03-21 10:31:46, 2026-03-21 10:46:02", "cumulative_total": 73 }, "geometry": { "type": "Polygon", "coordinates": [ [ [ -72.575510435362091, 45.352033030805089 ], [ -72.581777260194272, 45.354764457859794 ], [ -72.581555957031895, 45.359956760211801 ], [ -72.575066664501435, 45.362417586790365 ], [ -72.568799348076936, 45.35968578370305 ], [ -72.56902181575505, 45.354493530133645 ], [ -72.575510435362091, 45.352033030805089 ] ] ] } },
{ "type": "Feature", "properties": { "hex_id": 601394, "centroid_lon": -73.283743092791156, "centroid_lat": 45.57275118074358, "occurrences_today": 10, "datetimes_today": "2026-03-21 21:31:45, 2026-03-21 21:47:13, 2026-03-21 22:01:49, 2026-03-21 22:14:04, 2026-03-21 22:31:58, 2026-03-21 22:46:45, 2026-03-21 23:02:02, 2026-03-21 23:16:50, 2026-03-21 23:31:47, 2026-03-21 23:46:51", "cumulative_total": 116 }, "geometry": { "type": "Polygon", "coordinates": [ [ [ -73.283901333537457, 45.567556771539984 ], [ -73.290227170829993, 45.570250047358165 ], [ -73.290069498412521, 45.575444471282651 ], [ -73.283584808801749, 45.577945584773929 ], [ -73.277258446430722, 45.575251936513176 ], [ -73.277417298734449, 45.570057547268306 ], [ -73.283901333537457, 45.567556771539984 ] ] ] } },
{ "type": "Feature", "properties": { "hex_id": 969697, "centroid_lon": -69.149514226784419, "centroid_lat": 48.109603262852417, "occurrences_today": 3, "datetimes_today": "2026-03-21 20:31:48, 2026-03-21 20:47:05, 2026-03-21 21:01:55", "cumulative_total": 106 }, "geometry": { "type": "Polygon", "coordinates": [ [ [ -69.150102697345488, 48.104435921332211 ], [ -69.156490236378446, 48.107360723947053 ], [ -69.155902345875049, 48.112528121907296 ], [ -69.148925590611256, 48.114770594271583 ], [ -69.14253763716232, 48.111845350990038 ], [ -69.143126853334039, 48.106678076079305 ], [ -69.150102697345488, 48.104435921332211 ] ] ] } },
{ "type": "Feature", "properties": { "hex_id": 812076, "centroid_lon": -71.010678297024711, "centroid_lat": 46.443559273273728, "occurrences_today": 5, "datetimes_today": "2026-03-21 08:16:47, 2026-03-21 08:31:30, 2026-03-21 08:46:19, 2026-03-21 09:16:24, 2026-03-21 09:31:38", "cumulative_total": 37 }, "geometry": { "type": "Polygon", "coordinates": [ [ [ -71.011057208348063, 46.438375932075239 ], [ -71.017361165562718, 46.44119426982558 ], [ -71.016982814887371, 46.44637764826301 ], [ -71.010299281221364, 46.448742607365659 ], [ -71.003994867856591, 46.445923866268153 ], [ -71.004374444272131, 46.440740569480816 ], [ -71.011057208348063, 46.438375932075239 ] ] ] } },
{ "type": "Feature", "properties": { "hex_id": 824866, "centroid_lon": -70.909733574790238, "centroid_lat": 45.964487955202173, "occurrences_today": 2, "datetimes_today": "2026-03-21 15:16:51, 2026-03-21 15:46:47", "cumulative_total": 29 }, "geometry": { "type": "Polygon", "coordinates": [ [ [ -70.91011562085906, 45.959304824271442 ], [ -70.916361014456569, 45.962126952842738 ], [ -70.915979513260766, 45.967310121640686 ], [ -70.909351424033659, 45.969671078943058 ], [ -70.903105590268609, 45.966848552631006 ], [ -70.903488285862778, 45.961665466821785 ], [ -70.91011562085906, 45.959304824271442 ] ] ] } },
{ "type": "Feature", "properties": { "hex_id": 585523, "centroid_lon": -73.449431482488691, "centroid_lat": 45.606301479499606, "occurrences_today": 6, "datetimes_today": "2026-03-21 14:32:08, 2026-03-21 14:46:58, 2026-03-21 15:01:56, 2026-03-21 15:16:51, 2026-03-21 15:46:47, 2026-03-21 16:02:09", "cumulative_total": 63 }, "geometry": { "type": "Polygon", "coordinates": [ [ [ -73.449574617771731, 45.601106671912383 ], [ -73.455912351718368, 45.603790906388959 ], [ -73.455769788055306, 45.60898572707282 ], [ -73.449288308071345, 45.611496281991371 ], [ -73.442950041645631, 45.608811676170824 ], [ -73.443093787669795, 45.603616886840399 ], [ -73.449574617771731, 45.601106671912383 ] ] ] } },
{ "type": "Feature", "properties": { "hex_id": 658864, "centroid_lon": -72.62674834399192, "centroid_lat": 46.854876079352415, "occurrences_today": 1, "datetimes_today": "2026-03-21 10:01:31", "cumulative_total": 8 }, "geometry": { "type": "Polygon", "coordinates": [ [ [ -72.626977137134745, 46.849684968414984 ], [ -72.633415818514777, 46.852416269046877 ], [ -72.633187624034989, 46.857607401676908 ], [ -72.626519487317324, 46.860067184702118 ], [ -72.620080270817056, 46.857335488865267 ], [ -72.620309726132618, 46.852144405275588 ], [ -72.626977137134745, 46.849684968414984 ] ] ] } },
{ "type": "Feature", "properties": { "hex_id": 659474, "centroid_lon": -72.620539117752884, "centroid_lat": 46.846953316093625, "occurrences_today": 1, "datetimes_today": "2026-03-21 10:01:31", "cumulative_total": 8 }, "geometry": { "type": "Polygon", "coordinates": [ [ [ -72.620768445699966, 46.841762221319648 ], [ -72.627205866767895, 46.8444938518901 ], [ -72.626977137134745, 46.849684968414984 ], [ -72.620309726132618, 46.852144405275588 ], [ -72.613871770434983, 46.849412379551183 ], [ -72.614101760347054, 46.844221312187535 ], [ -72.620768445699966, 46.841762221319648 ] ] ] } },
{ "type": "Feature", "properties": { "hex_id": 659475, "centroid_lon": -72.619850751784057, "centroid_lat": 46.862526566862414, "occurrences_today": 1, "datetimes_today": "2026-03-21 10:01:31", "cumulative_total": 8 }, "geometry": { "type": "Polygon", "coordinates": [ [ [ -72.620080270817056, 46.857335488865267 ], [ -72.626519487317324, 46.860067184702118 ], [ -72.626290567088887, 46.865258284463863 ], [ -72.619621169011452, 46.86771763926675 ], [ -72.61318141745727, 46.864985548059934 ], [ -72.613411599012281, 46.859794497487627 ], [ -72.620080270817056, 46.857335488865267 ] ] ] } },
{ "type": "Feature", "properties": { "hex_id": 659476, "centroid_lon": -72.619161812158865, "centroid_lat": 46.878099767296007, "occurrences_today": 1, "datetimes_today": "2026-03-21 10:01:31", "cumulative_total": 8 }, "geometry": { "type": "Polygon", "coordinates": [ [ [ -72.619391522477116, 46.872908706078029 ], [ -72.625832535882111, 46.875640467222411 ], [ -72.625603424859548, 46.880831550218687 ], [ -72.618932038034529, 46.883290822920408 ], [ -72.612490489151028, 46.880558666189962 ], [ -72.612720862548883, 46.875367632411361 ], [ -72.619391522477116, 46.872908706078029 ] ] ] } },
{ "type": "Feature", "properties": { "hex_id": 659477, "centroid_lon": -72.61847229827876, "centroid_lat": 46.893672917387413, "occurrences_today": 1, "datetimes_today": "2026-03-21 10:01:31", "cumulative_total": 8 }, "geometry": { "type": "Polygon", "coordinates": [ [ [ -72.618702200081884, 46.888481872950969 ], [ -72.625145011865456, 46.891213699443988 ], [ -72.624915709849631, 46.896404765672493 ], [ -72.618242332602932, 46.898863956229526 ], [ -72.61179898491585, 46.896131733934169 ], [ -72.612029550356766, 46.890940716951633 ], [ -72.618702200081884, 46.888481872950969 ] ] ] } },
{ "type": "Feature", "properties": { "hex_id": 660085, "centroid_lon": -72.613641716664119, "centroid_lat": 46.854603441317977, "occurrences_today": 1, "datetimes_today": "2026-03-21 10:01:31", "cumulative_total": 8 }, "geometry": { "type": "Polygon", "coordinates": [ [ [ -72.613871770434983, 46.849412379551183 ], [ -72.620309726132618, 46.852144405275588 ], [ -72.620080270817056, 46.857335488865267 ], [ -72.613411599012281, 46.859794497487627 ], [ -72.606973108751419, 46.857062076444336 ], [ -72.607203824836361, 46.851871042164973 ], [ -72.613871770434983, 46.849412379551183 ] ] ] } },
{ "type": "Feature", "properties": { "hex_id": 660086, "centroid_lon": -72.612951171976874, "centroid_lat": 46.870176593034593, "occurrences_today": 1, "datetimes_today": "2026-03-21 10:01:31", "cumulative_total": 8 }, "geometry": { "type": "Polygon", "coordinates": [ [ [ -72.61318141745727, 46.864985548059934 ], [ -72.619621169011452, 46.86771763926675 ], [ -72.619391522477116, 46.872908706078029 ], [ -72.612720862548883, 46.875367632411361 ], [ -72.606280576007364, 46.872635145669555 ], [ -72.606511484359203, 46.867444128196887 ], [ -72.61318141745727, 46.864985548059934 ] ] ] } },
{ "type": "Feature", "properties": { "hex_id": 660695, "centroid_lon": -72.607434476876861, "centroid_lat": 46.846680002283904, "occurrences_today": 1, "datetimes_today": "2026-03-21 10:01:31", "cumulative_total": 8 }, "geometry": { "type": "Polygon", "coordinates": [ [ [ -72.607665064895158, 46.841488956801406 ], [ -72.614101760347054, 46.844221312187535 ], [ -72.613871770434983, 46.849412379551183 ], [ -72.607203824836361, 46.851871042164973 ], [ -72.600766595311526, 46.849138291511025 ], [ -72.600997845436012, 46.8439472735785 ], [ -72.607665064895158, 46.841488956801406 ] ] ] } },
{ "type": "Feature", "properties": { "hex_id": 660696, "centroid_lon": -72.606742328599793, "centroid_lat": 46.862253105121738, "occurrences_today": 1, "datetimes_today": "2026-03-21 10:01:31", "cumulative_total": 8 }, "geometry": { "type": "Polygon", "coordinates": [ [ [ -72.606973108751419, 46.857062076444336 ], [ -72.613411599012281, 46.859794497487627 ], [ -72.61318141745727, 46.864985548059934 ], [ -72.606511484359203, 46.867444128196887 ], [ -72.600072459601805, 46.864711311669716 ], [ -72.600303902416741, 46.859520310556888 ], [ -72.606973108751419, 46.857062076444336 ] ] ] } },
{ "type": "Feature", "properties": { "hex_id": 661305, "centroid_lon": -72.60122903137497, "centroid_lat": 46.838756250039921, "occurrences_today": 1, "datetimes_today": "2026-03-21 10:01:31", "cumulative_total": 8 }, "geometry": { "type": "Polygon", "coordinates": [ [ [ -72.601460153150683, 46.833565220895579 ], [ -72.607895588913522, 46.836297905717707 ], [ -72.607665064895158, 46.841488956801406 ], [ -72.600997845436012, 46.8439472735785 ], [ -72.594561876090211, 46.841214193539649 ], [ -72.594793659764207, 46.836023192007801 ], [ -72.601460153150683, 46.833565220895579 ] ] ] } },
{ "type": "Feature", "properties": { "hex_id": 661306, "centroid_lon": -72.600535280979216, "centroid_lat": 46.854329303837247, "occurrences_today": 1, "datetimes_today": "2026-03-21 10:01:31", "cumulative_total": 8 }, "geometry": { "type": "Polygon", "coordinates": [ [ [ -72.600766595311526, 46.849138291511025 ], [ -72.607203824836361, 46.851871042164973 ], [ -72.606973108751419, 46.857062076444336 ], [ -72.600303902416741, 46.859520310556888 ], [ -72.593866138885858, 46.856787164470234 ], [ -72.59409811567339, 46.851596179771128 ], [ -72.600766595311526, 46.849138291511025 ] ] ] } },
{ "type": "Feature", "properties": { "hex_id": 661307, "centroid_lon": -72.599840952512068, "centroid_lat": 46.86990230717543, "occurrences_today": 1, "datetimes_today": "2026-03-21 10:01:31", "cumulative_total": 8 }, "geometry": { "type": "Polygon", "coordinates": [ [ [ -72.600072459601805, 46.864711311669716 ], [ -72.606511484359203, 46.867444128196887 ], [ -72.606280576007364, 46.872635145669555 ], [ -72.599609381125177, 46.875093297073803 ], [ -72.593169821938204, 46.872360084897764 ], [ -72.593401992040668, 46.867169117033811 ], [ -72.600072459601805, 46.864711311669716 ] ] ] } },
{ "type": "Feature", "properties": { "hex_id": 661916, "centroid_lon": -72.594330028067375, "centroid_lat": 46.846405189460839, "occurrences_today": 1, "datetimes_today": "2026-03-21 10:01:31", "cumulative_total": 8 }, "geometry": { "type": "Polygon", "coordinates": [ [ [ -72.594561876090211, 46.841214193539649 ], [ -72.600997845436012, 46.8439472735785 ], [ -72.600766595311526, 46.849138291511025 ], [ -72.59409811567339, 46.851596179771128 ], [ -72.587661612811587, 46.848862704350736 ], [ -72.58789412308154, 46.843671736119191 ], [ -72.594561876090211, 46.841214193539649 ] ] ] } },
{ "type": "Feature", "properties": { "hex_id": 661917, "centroid_lon": -72.593634097682411, "centroid_lat": 46.861978143557877, "occurrences_today": 1, "datetimes_today": "2026-03-21 10:01:31", "cumulative_total": 8 }, "geometry": { "type": "Polygon", "coordinates": [ [ [ -72.593866138885858, 46.856787164470234 ], [ -72.600303902416741, 46.859520310556888 ], [ -72.600072459601805, 46.864711311669716 ], [ -72.593401992040668, 46.867169117033811 ], [ -72.58696369457077, 46.864435575349496 ], [ -72.587196398578627, 46.859244623966156 ], [ -72.593866138885858, 46.856787164470234 ] ] ] } },
{ "type": "Feature", "properties": { "hex_id": 662526, "centroid_lon": -72.588126568817088, "centroid_lat": 46.838480762272077, "occurrences_today": 1, "datetimes_today": "2026-03-21 10:01:31", "cumulative_total": 8 }, "geometry": { "type": "Polygon", "coordinates": [ [ [ -72.5883589500406, 46.833289782809722 ], [ -72.594793659764207, 46.836023192007801 ], [ -72.594561876090211, 46.841214193539649 ], [ -72.58789412308154, 46.843671736119191 ], [ -72.581458880331667, 46.840937931590766 ], [ -72.581691923594292, 46.835746979880525 ], [ -72.5883589500406, 46.833289782809722 ] ] ] } },
{ "type": "Feature", "properties": { "hex_id": 662527, "centroid_lon": -72.587429037984748, "centroid_lat": 46.854053666966493, "occurrences_today": 1, "datetimes_today": "2026-03-21 10:01:31", "cumulative_total": 8 }, "geometry": { "type": "Polygon", "coordinates": [ [ [ -72.587661612811587, 46.848862704350736 ], [ -72.59409811567339, 46.851596179771128 ], [ -72.593866138885858, 46.856787164470234 ], [ -72.587196398578627, 46.859244623966156 ], [ -72.580759362268026, 46.856510752999355 ], [ -72.580992599691015, 46.851319818150451 ], [ -72.587661612811587, 46.848862704350736 ] ] ] } },
{ "type": "Feature", "properties": { "hex_id": 662528, "centroid_lon": -72.58673092593871, "centroid_lat": 46.86962652111621, "occurrences_today": 1, "datetimes_today": "2026-03-21 10:01:31", "cumulative_total": 8 }, "geometry": { "type": "Polygon", "coordinates": [ [ [ -72.58696369457077, 46.864435575349496 ], [ -72.593401992040668, 46.867169117033811 ], [ -72.593169821938204, 46.872360084897764 ], [ -72.58649809265998, 46.874817461266062 ], [ -72.580059261318382, 46.872083523819136 ], [ -72.580292693104241, 46.866892605833975 ], [ -72.58696369457077, 46.864435575349496 ] ] ] } },
{ "type": "Feature", "properties": { "hex_id": 663137, "centroid_lon": -72.581225772371397, "centroid_lat": 46.846128877680826, "occurrences_today": 1, "datetimes_today": "2026-03-21 10:01:31", "cumulative_total": 8 }, "geometry": { "type": "Polygon", "coordinates": [ [ [ -72.581458880331667, 46.840937931590766 ], [ -72.58789412308154, 46.843671736119191 ], [ -72.587661612811587, 46.848862704350736 ], [ -72.580992599691015, 46.851319818150451 ], [ -72.574556823982192, 46.848585618126876 ], [ -72.574790594330381, 46.843394699866131 ], [ -72.581458880331667, 46.840937931590766 ] ] ] } },
{ "type": "Feature", "properties": { "hex_id": 663138, "centroid_lon": -72.580526060079933, "centroid_lat": 46.861701682227299, "occurrences_today": 1, "datetimes_today": "2026-03-21 10:01:31", "cumulative_total": 8 }, "geometry": { "type": "Polygon", "coordinates": [ [ [ -72.580759362268026, 46.856510752999355 ], [ -72.587196398578627, 46.859244623966156 ], [ -72.58696369457077, 46.864435575349496 ], [ -72.580292693104241, 46.866892605833975 ], [ -72.573855123412287, 46.864158339155871 ], [ -72.574089088545705, 46.858967437772009 ], [ -72.580759362268026, 46.856510752999355 ] ] ] } },
{ "type": "Feature", "properties": { "hex_id": 663139, "centroid_lon": -72.579825764699862, "centroid_lat": 46.877274436182503, "occurrences_today": 1, "datetimes_today": "2026-03-21 10:01:31", "cumulative_total": 8 }, "geometry": { "type": "Polygon", "coordinates": [ [ [ -72.580059261318382, 46.872083523819136 ], [ -72.58649809265998, 46.874817461266062 ], [ -72.586265194712126, 46.880008395798754 ], [ -72.579592203226142, 46.882465342923815 ], [ -72.573152838080361, 46.879731009549303 ], [ -72.57338699820221, 46.874540125044781 ], [ -72.580059261318382, 46.872083523819136 ] ] ] } },
{ "type": "Feature", "properties": { "hex_id": 663747, "centroid_lon": -72.57502429979526, "centroid_lat": 46.838203775980297, "occurrences_today": 1, "datetimes_today": "2026-03-21 10:01:31", "cumulative_total": 8 }, "geometry": { "type": "Polygon", "coordinates": [ [ [ -72.575257940399368, 46.83301284646965 ], [ -72.581691923594292, 46.835746979880525 ], [ -72.581458880331667, 46.840937931590766 ], [ -72.574790594330381, 46.843394699866131 ], [ -72.568356078666028, 46.8406601710114 ], [ -72.568590381449866, 46.835469269392533 ], [ -72.575257940399368, 46.83301284646965 ] ] ] } },
{ "type": "Feature", "properties": { "hex_id": 663748, "centroid_lon": -72.574322988728156, "centroid_lat": 46.853776530762261, "occurrences_today": 1, "datetimes_today": "2026-03-21 10:01:31", "cumulative_total": 13 }, "geometry": { "type": "Polygon", "coordinates": [ [ [ -72.574556823982192, 46.848585618126876 ], [ -72.580992599691015, 46.851319818150451 ], [ -72.580759362268026, 46.856510752999355 ], [ -72.574089088545705, 46.858967437772009 ], [ -72.567652779945504, 46.85623284208846 ], [ -72.56788727793645, 46.851041957359634 ], [ -72.574556823982192, 46.848585618126876 ] ] ] } },
{ "type": "Feature", "properties": { "hex_id": 663749, "centroid_lon": -72.57362109330532, "centroid_lat": 46.869349234913528, "occurrences_today": 1, "datetimes_today": "2026-03-21 10:01:31", "cumulative_total": 13 }, "geometry": { "type": "Polygon", "coordinates": [ [ [ -72.573855123412287, 46.864158339155871 ], [ -72.580292693104241, 46.866892605833975 ], [ -72.580059261318382, 46.872083523819136 ], [ -72.57338699820221, 46.874540125044781 ], [ -72.566948895196575, 46.871805462490443 ], [ -72.567183588598212, 46.866614594654131 ], [ -72.573855123412287, 46.864158339155871 ] ] ] } },
{ "type": "Feature", "properties": { "hex_id": 663750, "centroid_lon": -72.572918612917178, "centroid_lat": 46.884921888426817, "occurrences_today": 1, "datetimes_today": "2026-03-21 10:01:31", "cumulative_total": 13 }, "geometry": { "type": "Polygon", "coordinates": [ [ [ -72.573152838080361, 46.879731009549303 ], [ -72.579592203226142, 46.882465342923815 ], [ -72.579358576874625, 46.887656244042795 ], [ -72.572684322690009, 46.890112761677095 ], [ -72.566244423807845, 46.887378032209959 ], [ -72.566479312824072, 46.88218718126862 ], [ -72.573152838080361, 46.879731009549303 ] ] ] } },
{ "type": "Feature", "properties": { "hex_id": 664358, "centroid_lon": -72.568121710835754, "centroid_lat": 46.845851067000524, "occurrences_today": 1, "datetimes_today": "2026-03-21 10:01:31", "cumulative_total": 6 }, "geometry": { "type": "Polygon", "coordinates": [ [ [ -72.568356078666028, 46.8406601710114 ], [ -72.574790594330381, 46.843394699866131 ], [ -72.574556823982192, 46.848585618126876 ], [ -72.56788727793645, 46.851041957359634 ], [ -72.561452229870355, 46.84830703289628 ], [ -72.561687260229121, 46.843116164876172 ], [ -72.568356078666028, 46.8406601710114 ] ] ] } },
{ "type": "Feature", "properties": { "hex_id": 664359, "centroid_lon": -72.567418216840323, "centroid_lat": 46.861423721186725, "occurrences_today": 1, "datetimes_today": "2026-03-21 10:01:31", "cumulative_total": 6 }, "geometry": { "type": "Polygon", "coordinates": [ [ [ -72.567652779945504, 46.85623284208846 ], [ -72.574089088545705, 46.858967437772009 ], [ -72.573855123412287, 46.864158339155871 ], [ -72.567183588598212, 46.866614594654131 ], [ -72.560746747174449, 46.863879603145747 ], [ -72.560981973365699, 46.858688752031327 ], [ -72.567652779945504, 46.85623284208846 ] ] ] } },
{ "type": "Feature", "properties": { "hex_id": 664360, "centroid_lon": -72.566714136612745, "centroid_lat": 46.876996324695362, "occurrences_today": 1, "datetimes_today": "2026-03-21 10:01:31", "cumulative_total": 6 }, "geometry": { "type": "Polygon", "coordinates": [ [ [ -72.566948895196575, 46.871805462490443 ], [ -72.57338699820221, 46.874540125044781 ], [ -72.573152838080361, 46.879731009549303 ], [ -72.566479312824072, 46.88218718126862 ], [ -72.56004067657264, 46.879452122673101 ], [ -72.560276098800642, 46.874261288466897 ], [ -72.566948895196575, 46.871805462490443 ] ] ] } },
{ "type": "Feature", "properties": { "hex_id": 664968, "centroid_lon": -72.561922225355758, "centroid_lat": 46.837925291221374, "occurrences_today": 1, "datetimes_today": "2026-03-21 10:01:31", "cumulative_total": 6 }, "geometry": { "type": "Polygon", "coordinates": [ [ [ -72.56215712527289, 46.832734411932165 ], [ -72.568590381449866, 46.835469269392533 ], [ -72.568356078666028, 46.8406601710114 ], [ -72.561687260229121, 46.843116164876172 ], [ -72.555253472139682, 46.840380911858546 ], [ -72.555489034376961, 46.835190060600773 ], [ -72.56215712527289, 46.832734411932165 ] ] ] } },
{ "type": "Feature", "properties": { "hex_id": 664969, "centroid_lon": -72.561217134256765, "centroid_lat": 46.853497895281443, "occurrences_today": 1, "datetimes_today": "2026-03-21 10:01:31", "cumulative_total": 6 }, "geometry": { "type": "Polygon", "coordinates": [ [ [ -72.561452229870355, 46.84830703289628 ], [ -72.56788727793645, 46.851041957359634 ], [ -72.567652779945504, 46.85623284208846 ], [ -72.560981973365699, 46.858688752031327 ], [ -72.554546392965776, 46.855953431794553 ], [ -72.554782151456806, 46.850762597455713 ], [ -72.561452229870355, 46.84830703289628 ] ] ] } },
{ "type": "Feature", "properties": { "hex_id": 664970, "centroid_lon": -72.560511455660333, "centroid_lat": 46.869070448624342, "occurrences_today": 1, "datetimes_today": "2026-03-21 10:01:31", "cumulative_total": 6 }, "geometry": { "type": "Polygon", "coordinates": [ [ [ -72.560746747174449, 46.863879603145747 ], [ -72.567183588598212, 46.866614594654131 ], [ -72.566948895196575, 46.871805462490443 ], [ -72.560276098800642, 46.874261288466897 ], [ -72.553838724621315, 46.87152590096877 ], [ -72.554074679570789, 46.86633508355137 ], [ -72.560746747174449, 46.863879603145747 ] ] ] } },
{ "type": "Feature", "properties": { "hex_id": 665575, "centroid_lon": -72.557841065004453, "centroid_lat": 46.783281237918906, "occurrences_today": 15, "datetimes_today": "2026-03-21 10:01:31, 2026-03-21 10:16:35, 2026-03-21 10:31:46, 2026-03-21 10:46:02, 2026-03-21 11:01:32, 2026-03-21 11:16:21, 2026-03-21 11:31:46, 2026-03-21 11:42:19, 2026-03-21 11:59:33, 2026-03-21 12:16:25, 2026-03-21 12:31:49, 2026-03-21 13:01:51, 2026-03-21 13:16:37, 2026-03-21 13:31:25, 2026-03-21 13:42:38", "cumulative_total": 20 }, "geometry": { "type": "Polygon", "coordinates": [ [ [ -72.558075909390936, 46.778090324646413 ], [ -72.564502542898097, 46.780825309208154 ], [ -72.564268293832356, 46.786016244826293 ], [ -72.557606155471973, 46.788472145555083 ], [ -72.551178991801393, 46.785736766135123 ], [ -72.551414496632006, 46.780545880911838 ], [ -72.558075909390936, 46.778090324646413 ] ] ] } },
{ "type": "Feature", "properties": { "hex_id": 665579, "centroid_lon": -72.555017844507191, "centroid_lat": 46.845571757476954, "occurrences_today": 1, "datetimes_today": "2026-03-21 10:01:31", "cumulative_total": 6 }, "geometry": { "type": "Polygon", "coordinates": [ [ [ -72.555253472139682, 46.840380911858546 ], [ -72.561687260229121, 46.843116164876172 ], [ -72.561452229870355, 46.84830703289628 ], [ -72.554782151456806, 46.850762597455713 ], [ -72.548347831522932, 46.848026948716118 ], [ -72.548584121824305, 46.842836131206433 ], [ -72.555253472139682, 46.840380911858546 ] ] ] } },
{ "type": "Feature", "properties": { "hex_id": 665580, "centroid_lon": -72.554310569011363, "centroid_lat": 46.861144260493205, "occurrences_today": 1, "datetimes_today": "2026-03-21 10:01:31", "cumulative_total": 6 }, "geometry": { "type": "Polygon", "coordinates": [ [ [ -72.554546392965776, 46.855953431794553 ], [ -72.560981973365699, 46.858688752031327 ], [ -72.560746747174449, 46.863879603145747 ], [ -72.554074679570789, 46.86633508355137 ], [ -72.547638566905206, 46.863599367376324 ], [ -72.547875054086191, 46.85840856680133 ], [ -72.554546392965776, 46.855953431794553 ] ] ] } },
{ "type": "Feature", "properties": { "hex_id": 666189, "centroid_lon": -72.548820346544716, "centroid_lat": 46.837645308052423, "occurrences_today": 1, "datetimes_today": "2026-03-21 10:01:31", "cumulative_total": 34 }, "geometry": { "type": "Polygon", "coordinates": [ [ [ -72.549056505706957, 46.832454479254338 ], [ -72.555489034376961, 46.835190060600773 ], [ -72.555253472139682, 46.840380911858546 ], [ -72.548584121824305, 46.842836131206433 ], [ -72.542151061798904, 46.840100154189486 ], [ -72.542387883421512, 46.834909353562523 ], [ -72.549056505706957, 46.832454479254338 ] ] ] } },
{ "type": "Feature", "properties": { "hex_id": 666190, "centroid_lon": -72.54811147561783, "centroid_lat": 46.853217760581174, "occurrences_today": 1, "datetimes_today": "2026-03-21 10:01:31", "cumulative_total": 6 }, "geometry": { "type": "Polygon", "coordinates": [ [ [ -72.548347831522932, 46.848026948716118 ], [ -72.554782151456806, 46.850762597455713 ], [ -72.554546392965776, 46.855953431794553 ], [ -72.547875054086191, 46.85840856680133 ], [ -72.54144020237618, 46.855672522174991 ], [ -72.541677221299082, 46.850481738496001 ], [ -72.548347831522932, 46.848026948716118 ] ] ] } },
{ "type": "Feature", "properties": { "hex_id": 666796, "centroid_lon": -72.544752488748642, "centroid_lat": 46.783001036657438, "occurrences_today": 15, "datetimes_today": "2026-03-21 10:01:31, 2026-03-21 10:16:35, 2026-03-21 10:31:46, 2026-03-21 10:46:02, 2026-03-21 11:01:32, 2026-03-21 11:16:21, 2026-03-21 11:31:46, 2026-03-21 11:42:19, 2026-03-21 11:59:33, 2026-03-21 12:16:25, 2026-03-21 12:31:49, 2026-03-21 13:01:51, 2026-03-21 13:16:37, 2026-03-21 13:31:25, 2026-03-21 13:42:38", "cumulative_total": 20 }, "geometry": { "type": "Polygon", "coordinates": [ [ [ -72.544988588692377, 46.777810173909572 ], [ -72.551414496632006, 46.780545880911838 ], [ -72.551178991801393, 46.785736766135123 ], [ -72.544516323311512, 46.788191893759368 ], [ -72.538089885763526, 46.785455791785864 ], [ -72.538326646291068, 46.780264957226599 ], [ -72.544988588692377, 46.777810173909572 ] ] ] } },
{ "type": "Feature", "properties": { "hex_id": 666798, "centroid_lon": -72.543334512929107, "centroid_lat": 46.814146094569885, "occurrences_today": 2, "datetimes_today": "2026-03-21 10:01:31, 2026-03-21 10:16:35", "cumulative_total": 7 }, "geometry": { "type": "Polygon", "coordinates": [ [ [ -72.543571006174304, 46.80895526570194 ], [ -72.550000487229227, 46.811691107627055 ], [ -72.549764590072172, 46.816881958998572 ], [ -72.543097954054019, 46.819336917790203 ], [ -72.536667942552214, 46.81660068046213 ], [ -72.536905097492664, 46.811409879812658 ], [ -72.543571006174304, 46.80895526570194 ] ] ] } },
{ "type": "Feature", "properties": { "hex_id": 666800, "centroid_lon": -72.541914174432378, "centroid_lat": 46.845290949167392, "occurrences_today": 1, "datetimes_today": "2026-03-21 10:01:31", "cumulative_total": 6 }, "geometry": { "type": "Polygon", "coordinates": [ [ [ -72.542151061798904, 46.840100154189486 ], [ -72.548584121824305, 46.842836131206433 ], [ -72.548347831522932, 46.848026948716118 ], [ -72.541677221299082, 46.850481738496001 ], [ -72.535243629986709, 46.847745365643839 ], [ -72.535481180162321, 46.842554598914369 ], [ -72.542151061798904, 46.840100154189486 ] ] ] } },
{ "type": "Feature", "properties": { "hex_id": 666801, "centroid_lon": -72.541203117640791, "centroid_lat": 46.860863300204109, "occurrences_today": 1, "datetimes_today": "2026-03-21 10:01:31", "cumulative_total": 14 }, "geometry": { "type": "Polygon", "coordinates": [ [ [ -72.54144020237618, 46.855672522174991 ], [ -72.547875054086191, 46.85840856680133 ], [ -72.547638566905206, 46.863599367376324 ], [ -72.540965967070065, 46.86605407258304 ], [ -72.534530583652455, 46.863317631905147 ], [ -72.534768331754705, 46.858126882139501 ], [ -72.54144020237618, 46.855672522174991 ] ] ] } },
{ "type": "Feature", "properties": { "hex_id": 667409, "centroid_lon": -72.536430721796393, "centroid_lat": 46.821791475458951, "occurrences_today": 2, "datetimes_today": "2026-03-21 10:01:31, 2026-03-21 10:16:35", "cumulative_total": 7 }, "geometry": { "type": "Polygon", "coordinates": [ [ [ -72.536667942552214, 46.81660068046213 ], [ -72.543097954054019, 46.819336917790203 ], [ -72.542861329526247, 46.824527735362601 ], [ -72.536193435202364, 46.826982264802872 ], [ -72.529762893322129, 46.82424563190726 ], [ -72.530000776121369, 46.819054865206212 ], [ -72.536667942552214, 46.81660068046213 ] ] ] } },
{ "type": "Feature", "properties": { "hex_id": 667410, "centroid_lon": -72.535718664408193, "centroid_lat": 46.837363826530861, "occurrences_today": 1, "datetimes_today": "2026-03-21 10:01:31", "cumulative_total": 6 }, "geometry": { "type": "Polygon", "coordinates": [ [ [ -72.535956082747248, 46.832173048493601 ], [ -72.542387883421512, 46.834909353562523 ], [ -72.542151061798904, 46.840100154189486 ], [ -72.535481180162321, 46.842554598914369 ], [ -72.529048848689897, 46.839817898061789 ], [ -72.529286929629336, 46.834627148335336 ], [ -72.535956082747248, 46.832173048493601 ] ] ] } },
{ "type": "Feature", "properties": { "hex_id": 667411, "centroid_lon": -72.535006013858478, "centroid_lat": 46.852936126718987, "occurrences_today": 1, "datetimes_today": "2026-03-21 10:01:31", "cumulative_total": 14 }, "geometry": { "type": "Polygon", "coordinates": [ [ [ -72.535243629986709, 46.847745365643839 ], [ -72.541677221299082, 46.850481738496001 ], [ -72.54144020237618, 46.855672522174991 ], [ -72.534768331754705, 46.858126882139501 ], [ -72.528334209224013, 46.855390113287406 ], [ -72.528572488510207, 46.850199380538108 ], [ -72.535243629986709, 46.847745365643839 ] ] ] } },
{ "type": "Feature", "properties": { "hex_id": 668017, "centroid_lon": -72.531664108973061, "centroid_lat": 46.782719339901199, "occurrences_today": 2, "datetimes_today": "2026-03-21 10:01:31, 2026-03-21 10:16:35", "cumulative_total": 7 }, "geometry": { "type": "Polygon", "coordinates": [ [ [ -72.531901464405905, 46.777528527947091 ], [ -72.538326646291068, 46.780264957226599 ], [ -72.538089885763526, 46.785455791785864 ], [ -72.531426687699422, 46.787910146199671 ], [ -72.525000976761149, 46.785173321836034 ], [ -72.525238992917267, 46.77998253820995 ], [ -72.531901464405905, 46.777528527947091 ] ] ] } },
{ "type": "Feature", "properties": { "hex_id": 668018, "centroid_lon": -72.53095164753843, "centroid_lat": 46.798291741828585, "occurrences_today": 2, "datetimes_today": "2026-03-21 10:01:31, 2026-03-21 10:16:35", "cumulative_total": 7 }, "geometry": { "type": "Polygon", "coordinates": [ [ [ -72.531189200562167, 46.793100946842237 ], [ -72.537616167650228, 46.795837443951349 ], [ -72.537379210018855, 46.801028261556993 ], [ -72.53071402860536, 46.803482531158444 ], [ -72.524286532045693, 46.800745638749341 ], [ -72.524524746348263, 46.795554872106031 ], [ -72.531189200562167, 46.793100946842237 ] ] ] } },
{ "type": "Feature", "properties": { "hex_id": 668629, "centroid_lon": -72.524048251648466, "centroid_lat": 46.805936399731159, "occurrences_today": 2, "datetimes_today": "2026-03-21 10:01:31, 2026-03-21 10:16:35", "cumulative_total": 7 }, "geometry": { "type": "Polygon", "coordinates": [ [ [ -72.524286532045693, 46.800745638749341 ], [ -72.53071402860536, 46.803482531158444 ], [ -72.530476343740077, 46.80867331483153 ], [ -72.52380990513366, 46.811127155051182 ], [ -72.517381879171111, 46.808389867177688 ], [ -72.517620821194924, 46.803199134616193 ], [ -72.524286532045693, 46.800745638749341 ] ] ] } },
{ "type": "Feature", "properties": { "hex_id": 669239, "centroid_lon": -72.517859696938729, "centroid_lat": 46.798008396388177, "occurrences_today": 2, "datetimes_today": "2026-03-21 10:01:31, 2026-03-21 10:16:35", "cumulative_total": 7 }, "geometry": { "type": "Polygon", "coordinates": [ [ [ -72.518098506425488, 46.79281765249393 ], [ -72.524524746348263, 46.795554872106031 ], [ -72.524286532045693, 46.800745638749341 ], [ -72.517620821194924, 46.803199134616193 ], [ -72.511194052356487, 46.800461519591295 ], [ -72.511433523261488, 46.79527080417958 ], [ -72.518098506425488, 46.79281765249393 ] ] ] } },
{ "type": "Feature", "properties": { "hex_id": 669240, "centroid_lon": -72.517142870844268, "centroid_lat": 46.813580594072356, "occurrences_today": 2, "datetimes_today": "2026-03-21 10:01:31, 2026-03-21 10:16:35", "cumulative_total": 15 }, "geometry": { "type": "Polygon", "coordinates": [ [ [ -72.517381879171111, 46.808389867177688 ], [ -72.52380990513366, 46.811127155051182 ], [ -72.523571492478311, 46.816317904709145 ], [ -72.516903796191386, 46.818771315299912 ], [ -72.510475240894877, 46.816033631797588 ], [ -72.510714911196246, 46.810842933400579 ], [ -72.517381879171111, 46.808389867177688 ] ] ] } },
{ "type": "Feature", "properties": { "hex_id": 670461, "centroid_lon": -72.504047347746933, "centroid_lat": 46.813295598302396, "occurrences_today": 2, "datetimes_today": "2026-03-21 10:01:31, 2026-03-21 10:16:35", "cumulative_total": 36 }, "geometry": { "type": "Polygon", "coordinates": [ [ [ -72.504287613511224, 46.808104922798485 ], [ -72.510714911196246, 46.810842933400579 ], [ -72.510475240894877, 46.816033631797588 ], [ -72.503807015308581, 46.818486268129391 ], [ -72.497379188846267, 46.815747861785717 ], [ -72.497620116724391, 46.810557214919093 ], [ -72.504287613511224, 46.808104922798485 ] ] ] } },
{ "type": "Feature", "properties": { "hex_id": 586134, "centroid_lon": -73.442806256319116, "centroid_lat": 45.614006460402869, "occurrences_today": 6, "datetimes_today": "2026-03-21 14:32:08, 2026-03-21 14:46:58, 2026-03-21 15:01:56, 2026-03-21 15:16:51, 2026-03-21 15:46:47, 2026-03-21 16:02:09", "cumulative_total": 95 }, "geometry": { "type": "Polygon", "coordinates": [ [ [ -73.442950041645631, 45.608811676170824 ], [ -73.449288308071345, 45.611496281991371 ], [ -73.449145094506505, 45.616691079387564 ], [ -73.442662431676993, 45.619201239536423 ], [ -73.436323632811806, 45.616516262212393 ], [ -73.436468029202388, 45.611321496307703 ], [ -73.442950041645631, 45.608811676170824 ] ] ] } },
{ "type": "Feature", "properties": { "hex_id": 975809, "centroid_lon": -69.070164447095877, "centroid_lat": 48.214669198932853, "occurrences_today": 3, "datetimes_today": "2026-03-21 20:31:48, 2026-03-21 20:47:05, 2026-03-21 21:01:55", "cumulative_total": 12 }, "geometry": { "type": "Polygon", "coordinates": [ [ [ -69.070763071854913, 48.209502691162406 ], [ -69.077158235360073, 48.212432251293997 ], [ -69.076560192531915, 48.217598816370305 ], [ -69.069565653627379, 48.219835696437244 ], [ -69.063170076930987, 48.216905693547048 ], [ -69.06376945226998, 48.211739253417157 ], [ -69.070763071854913, 48.209502691162406 ] ] ] } },
{ "type": "Feature", "properties": { "hex_id": 784628, "centroid_lon": -71.27688194052422, "centroid_lat": 46.834482925066034, "occurrences_today": 4, "datetimes_today": "2026-03-21 07:16:36, 2026-03-21 07:31:27, 2026-03-21 07:46:25, 2026-03-21 07:56:53", "cumulative_total": 25 }, "geometry": { "type": "Polygon", "coordinates": [ [ [ -71.277240462811335, 46.829298313417006 ], [ -71.283603594064019, 46.832103522162683 ], [ -71.283245648661691, 46.837288168753403 ], [ -71.276523318834251, 46.839667529888708 ], [ -71.270159710116872, 46.836861914639286 ], [ -71.270518908657166, 46.831677344825053 ], [ -71.277240462811335, 46.829298313417006 ] ] ] } },
{ "type": "Feature", "properties": { "hex_id": 880499, "centroid_lon": -70.21957671039479, "centroid_lat": 47.145912699423967, "occurrences_today": 52, "datetimes_today": "2026-03-21 00:01:33, 2026-03-21 00:12:00, 2026-03-21 00:31:48, 2026-03-21 00:46:48, 2026-03-21 01:01:24, 2026-03-21 01:14:09, 2026-03-21 01:31:28, 2026-03-21 01:46:29, 2026-03-21 01:57:15, 2026-03-21 02:17:04, 2026-03-21 02:31:25, 2026-03-21 02:46:28, 2026-03-21 03:01:50, 2026-03-21 03:16:22, 2026-03-21 03:31:34, 2026-03-21 03:46:43, 2026-03-21 03:59:50, 2026-03-21 04:16:22, 2026-03-21 04:31:24, 2026-03-21 04:46:34, 2026-03-21 05:01:39, 2026-03-21 05:16:23, 2026-03-21 05:31:19, 2026-03-21 05:46:26, 2026-03-21 05:59:51, 2026-03-21 06:16:56, 2026-03-21 06:31:26, 2026-03-21 07:00:54, 2026-03-21 07:16:36, 2026-03-21 07:31:27, 2026-03-21 07:46:25, 2026-03-21 07:56:53, 2026-03-21 08:16:47, 2026-03-21 08:31:30, 2026-03-21 08:46:19, 2026-03-21 09:16:24, 2026-03-21 09:31:38, 2026-03-21 09:43:16, 2026-03-21 10:01:31, 2026-03-21 10:16:35, 2026-03-21 10:31:46, 2026-03-21 10:46:02, 2026-03-21 11:01:32, 2026-03-21 11:16:21, 2026-03-21 11:31:46, 2026-03-21 11:42:19, 2026-03-21 11:59:33, 2026-03-21 12:16:25, 2026-03-21 12:31:49, 2026-03-21 13:01:51, 2026-03-21 13:16:37, 2026-03-21 13:31:25", "cumulative_total": 148 }, "geometry": { "type": "Polygon", "coordinates": [ [ [ -70.220041870833711, 47.140735487963482 ], [ -70.226380774284408, 47.143598760022705 ], [ -70.225916182804355, 47.148776016826361 ], [ -70.219111420615818, 47.151089902672744 ], [ -70.212772077568829, 47.148226211493764 ], [ -70.213237936261564, 47.143049053654977 ], [ -70.220041870833711, 47.140735487963482 ] ] ] } },
{ "type": "Feature", "properties": { "hex_id": 881109, "centroid_lon": -70.213703665462461, "centroid_lat": 47.137871887595594, "occurrences_today": 52, "datetimes_today": "2026-03-21 00:01:33, 2026-03-21 00:12:00, 2026-03-21 00:31:48, 2026-03-21 00:46:48, 2026-03-21 01:01:24, 2026-03-21 01:14:09, 2026-03-21 01:31:28, 2026-03-21 01:46:29, 2026-03-21 01:57:15, 2026-03-21 02:17:04, 2026-03-21 02:31:25, 2026-03-21 02:46:28, 2026-03-21 03:01:50, 2026-03-21 03:16:22, 2026-03-21 03:31:34, 2026-03-21 03:46:43, 2026-03-21 03:59:50, 2026-03-21 04:16:22, 2026-03-21 04:31:24, 2026-03-21 04:46:34, 2026-03-21 05:01:39, 2026-03-21 05:16:23, 2026-03-21 05:31:19, 2026-03-21 05:46:26, 2026-03-21 05:59:51, 2026-03-21 06:16:56, 2026-03-21 06:31:26, 2026-03-21 07:00:54, 2026-03-21 07:16:36, 2026-03-21 07:31:27, 2026-03-21 07:46:25, 2026-03-21 07:56:53, 2026-03-21 08:16:47, 2026-03-21 08:31:30, 2026-03-21 08:46:19, 2026-03-21 09:16:24, 2026-03-21 09:31:38, 2026-03-21 09:43:16, 2026-03-21 10:01:31, 2026-03-21 10:16:35, 2026-03-21 10:31:46, 2026-03-21 10:46:02, 2026-03-21 11:01:32, 2026-03-21 11:16:21, 2026-03-21 11:31:46, 2026-03-21 11:42:19, 2026-03-21 11:59:33, 2026-03-21 12:16:25, 2026-03-21 12:31:49, 2026-03-21 13:01:51, 2026-03-21 13:16:37, 2026-03-21 13:31:25", "cumulative_total": 229 }, "geometry": { "type": "Polygon", "coordinates": [ [ [ -70.214169265216626, 47.132694713316845 ], [ -70.220506901977714, 47.135558268292527 ], [ -70.220041870833711, 47.140735487963482 ], [ -70.213237936261564, 47.143049053654977 ], [ -70.206899860359599, 47.140185079627251 ], [ -70.20736615812551, 47.135007959026886 ], [ -70.214169265216626, 47.132694713316845 ] ] ] } },
{ "type": "Feature", "properties": { "hex_id": 518955, "centroid_lon": -74.153716578904749, "centroid_lat": 45.247310868167041, "occurrences_today": 6, "datetimes_today": "2026-03-21 07:16:36, 2026-03-21 07:31:27, 2026-03-21 07:46:25, 2026-03-21 07:56:53, 2026-03-21 08:16:47, 2026-03-21 08:31:30", "cumulative_total": 13 }, "geometry": { "type": "Polygon", "coordinates": [ [ [ -74.153793735871901, 45.242114394555053 ], [ -74.160125596384489, 45.244759658075715 ], [ -74.160049009654003, 45.249956137735794 ], [ -74.153639400927176, 45.252507336927387 ], [ -74.147306991191869, 45.249861713227318 ], [ -74.147384739399087, 45.244665250579068 ], [ -74.153793735871901, 45.242114394555053 ] ] ] } },
{ "type": "Feature", "properties": { "hex_id": 967866, "centroid_lon": -69.1686808212133, "centroid_lat": 48.118376856412532, "occurrences_today": 3, "datetimes_today": "2026-03-21 20:31:48, 2026-03-21 20:47:05, 2026-03-21 21:01:55", "cumulative_total": 93 }, "geometry": { "type": "Polygon", "coordinates": [ [ [ -69.169267550961607, 48.113209345743861 ], [ -69.175657326629789, 48.116133164700955 ], [ -69.175071177578957, 48.121300731637994 ], [ -69.168093926315606, 48.123544357013763 ], [ -69.161703735128796, 48.120620097395914 ], [ -69.162291210664989, 48.115452653131477 ], [ -69.169267550961607, 48.113209345743861 ] ] ] } },
{ "type": "Feature", "properties": { "hex_id": 969087, "centroid_lon": -69.155314289913704, "centroid_lat": 48.11769550977769, "occurrences_today": 3, "datetimes_today": "2026-03-21 20:31:48, 2026-03-21 20:47:05, 2026-03-21 21:01:55", "cumulative_total": 117 }, "geometry": { "type": "Polygon", "coordinates": [ [ [ -69.155902345875049, 48.112528121907296 ], [ -69.162291210664989, 48.115452653131477 ], [ -69.161703735128796, 48.120620097395914 ], [ -69.154726068435323, 48.122862887556295 ], [ -69.148336788766827, 48.119937915587712 ], [ -69.148925590611256, 48.114770594271583 ], [ -69.155902345875049, 48.112528121907296 ] ] ] } },
{ "type": "Feature", "properties": { "hex_id": 972750, "centroid_lon": -69.115217679732112, "centroid_lat": 48.115642186312066, "occurrences_today": 3, "datetimes_today": "2026-03-21 20:31:48, 2026-03-21 20:47:05, 2026-03-21 21:01:55", "cumulative_total": 34 }, "geometry": { "type": "Polygon", "coordinates": [ [ [ -69.115809713267467, 48.110475168490083 ], [ -69.122195842647429, 48.11340183525656 ], [ -69.121604388719376, 48.118568909849287 ], [ -69.114625479577242, 48.120809193968881 ], [ -69.10823893723925, 48.117882086207992 ], [ -69.108831716941921, 48.112715135390303 ], [ -69.115809713267467, 48.110475168490083 ] ] ] } },
{ "type": "Feature", "properties": { "hex_id": 974582, "centroid_lon": -69.094279713759022, "centroid_lat": 48.122360532142629, "occurrences_today": 3, "datetimes_today": "2026-03-21 20:31:48, 2026-03-21 20:47:05, 2026-03-21 21:01:55", "cumulative_total": 36 }, "geometry": { "type": "Polygon", "coordinates": [ [ [ -69.094873986257937, 48.117193715578473 ], [ -69.101259615228329, 48.120121534849737 ], [ -69.100665922158015, 48.125288408389764 ], [ -69.093685274000094, 48.127527338501736 ], [ -69.087299232890942, 48.124599077992059 ], [ -69.087894252018756, 48.119432328677206 ], [ -69.094873986257937, 48.117193715578473 ] ] ] } },
{ "type": "Feature", "properties": { "hex_id": 975803, "centroid_lon": -69.080913938594378, "centroid_lat": 48.121670490319545, "occurrences_today": 3, "datetimes_today": "2026-03-21 20:31:48, 2026-03-21 20:47:05, 2026-03-21 21:01:55", "cumulative_total": 36 }, "geometry": { "type": "Polygon", "coordinates": [ [ [ -69.081509536877491, 48.116503798105995 ], [ -69.087894252018756, 48.119432328677206 ], [ -69.087299232890942, 48.124599077992059 ], [ -69.080318172683889, 48.126837172303404 ], [ -69.073933046044615, 48.123908200410931 ], [ -69.074529391050561, 48.118741575596729 ], [ -69.081509536877491, 48.116503798105995 ] ] ] } },
{ "type": "Feature", "properties": { "hex_id": 976414, "centroid_lon": -69.07333653319769, "centroid_lat": 48.129074814982069, "occurrences_today": 3, "datetimes_today": "2026-03-21 20:31:48, 2026-03-21 20:47:05, 2026-03-21 21:01:55", "cumulative_total": 34 }, "geometry": { "type": "Polygon", "coordinates": [ [ [ -69.073933046044615, 48.123908200410931 ], [ -69.080318172683889, 48.126837172303404 ], [ -69.07972223908618, 48.132003844055582 ], [ -69.072739852449857, 48.134241419308175 ], [ -69.066354314492273, 48.131312005933474 ], [ -69.066951574429368, 48.126145458856747 ], [ -69.073933046044615, 48.123908200410931 ] ] ] } },
{ "type": "Feature", "properties": { "hex_id": 977635, "centroid_lon": -69.05996952380859, "centroid_lat": 48.128382265562458, "occurrences_today": 3, "datetimes_today": "2026-03-21 20:31:48, 2026-03-21 20:47:05, 2026-03-21 21:01:55", "cumulative_total": 34 }, "geometry": { "type": "Polygon", "coordinates": [ [ [ -69.060567362721201, 48.123215775792161 ], [ -69.066951574429368, 48.126145458856747 ], [ -69.066354314492273, 48.131312005933474 ], [ -69.059371516627607, 48.133548745062981 ], [ -69.052986894242324, 48.13061862043353 ], [ -69.053585480338739, 48.125452198307762 ], [ -69.060567362721201, 48.123215775792161 ] ] ] } },
{ "type": "Feature", "properties": { "hex_id": 978856, "centroid_lon": -69.046603019224506, "centroid_lat": 48.127688168975915, "occurrences_today": 3, "datetimes_today": "2026-03-21 20:31:48, 2026-03-21 20:47:05, 2026-03-21 21:01:55", "cumulative_total": 34 }, "geometry": { "type": "Polygon", "coordinates": [ [ [ -69.047202184022623, 48.122521804281895 ], [ -69.053585480338739, 48.125452198307762 ], [ -69.052986894242324, 48.13061862043353 ], [ -69.046003685790708, 48.13285452337535 ], [ -69.039619979438683, 48.12992368770211 ], [ -69.040219891513971, 48.124757390802749 ], [ -69.047202184022623, 48.122521804281895 ] ] ] } },
{ "type": "Feature", "properties": { "hex_id": 453094, "centroid_lon": -74.838565502606983, "centroid_lat": 46.38836941514176, "occurrences_today": 1, "datetimes_today": "2026-03-21 00:01:33", "cumulative_total": 140 }, "geometry": { "type": "Polygon", "coordinates": [ [ [ -74.838580818674217, 46.383173436698954 ], [ -74.845075727914988, 46.385780420554077 ], [ -74.84506102677085, 46.390976398245954 ], [ -74.838550182309334, 46.393565388837921 ], [ -74.832054662376635, 46.39095803711291 ], [ -74.832070597595916, 46.385762062732525 ], [ -74.838580818674217, 46.383173436698954 ] ] ] } },
{ "type": "Feature", "properties": { "hex_id": 453704, "centroid_lon": -74.832086528415104, "centroid_lat": 46.380566083605139, "occurrences_today": 1, "datetimes_today": "2026-03-21 00:01:33", "cumulative_total": 140 }, "geometry": { "type": "Polygon", "coordinates": [ [ [ -74.832102454835734, 46.375370099730723 ], [ -74.838596130512457, 46.37797745350943 ], [ -74.838580818674217, 46.383173436698954 ], [ -74.832070597595916, 46.385762062732525 ], [ -74.825576311736128, 46.383154341118519 ], [ -74.825592857136201, 46.377958361372919 ], [ -74.832102454835734, 46.375370099730723 ] ] ] } },
{ "type": "Feature", "properties": { "hex_id": 454315, "centroid_lon": -74.825559761766399, "centroid_lat": 46.388350316116764, "occurrences_today": 1, "datetimes_today": "2026-03-21 00:01:33", "cumulative_total": 140 }, "geometry": { "type": "Polygon", "coordinates": [ [ [ -74.825576311736128, 46.383154341118519 ], [ -74.832070597595916, 46.385762062732525 ], [ -74.832054662376635, 46.39095803711291 ], [ -74.825543207225422, 46.393546286367723 ], [ -74.819048311187203, 46.39093819675189 ], [ -74.819065480477065, 46.385742225949791 ], [ -74.825576311736128, 46.383154341118519 ] ] ] } },
{ "type": "Feature", "properties": { "hex_id": 454925, "centroid_lon": -74.8190826450261, "centroid_lat": 46.380546250400009, "occurrences_today": 1, "datetimes_today": "2026-03-21 00:01:33", "cumulative_total": 140 }, "geometry": { "type": "Polygon", "coordinates": [ [ [ -74.819099804835929, 46.375350270102523 ], [ -74.825592857136201, 46.377958361372919 ], [ -74.825576311736128, 46.383154341118519 ], [ -74.819065480477065, 46.385742225949791 ], [ -74.812571818507053, 46.383133766712255 ], [ -74.812589597464225, 46.377937790677279 ], [ -74.819099804835929, 46.375350270102523 ] ] ] } },
{ "type": "Feature", "properties": { "hex_id": 526903, "centroid_lon": -74.067962106067284, "centroid_lat": 45.425938495560821, "occurrences_today": 4, "datetimes_today": "2026-03-21 17:16:42, 2026-03-21 17:27:44, 2026-03-21 17:46:53, 2026-03-21 18:01:46", "cumulative_total": 31 }, "geometry": { "type": "Polygon", "coordinates": [ [ [ -74.068047611361635, 45.420742306045454 ], [ -74.074395208713511, 45.423392368007526 ], [ -74.074310277907344, 45.428588564450422 ], [ -74.067876577440359, 45.431134680202575 ], [ -74.061528428936754, 45.428484255003823 ], [ -74.061614532044032, 45.423288077354016 ], [ -74.068047611361635, 45.420742306045454 ] ] ] } },
{ "type": "Feature", "properties": { "hex_id": 593445, "centroid_lon": -73.372632187438683, "centroid_lat": 45.379170103599996, "occurrences_today": 18, "datetimes_today": "2026-03-21 08:16:47, 2026-03-21 08:31:30, 2026-03-21 08:46:19, 2026-03-21 09:16:24, 2026-03-21 09:31:38, 2026-03-21 09:43:16, 2026-03-21 10:01:31, 2026-03-21 10:16:35, 2026-03-21 10:31:46, 2026-03-21 10:46:02, 2026-03-21 11:01:32, 2026-03-21 11:16:21, 2026-03-21 11:31:46, 2026-03-21 11:42:19, 2026-03-21 11:59:33, 2026-03-21 12:16:25, 2026-03-21 12:31:49, 2026-03-21 13:01:51", "cumulative_total": 49 }, "geometry": { "type": "Polygon", "coordinates": [ [ [ -73.372781225875002, 45.373975282055625 ], [ -73.379090062089659, 45.3766634818898 ], [ -73.378941587421536, 45.38185831722523 ], [ -73.372483108366694, 45.384364920015784 ], [ -73.366173749026274, 45.381676351012608 ], [ -73.366323391852873, 45.376481548452055 ], [ -73.372781225875002, 45.373975282055625 ] ] ] } },
{ "type": "Feature", "properties": { "hex_id": 594055, "centroid_lon": -73.366472993891591, "centroid_lat": 45.371286740760006, "occurrences_today": 18, "datetimes_today": "2026-03-21 08:16:47, 2026-03-21 08:31:30, 2026-03-21 08:46:19, 2026-03-21 09:16:24, 2026-03-21 09:31:38, 2026-03-21 09:43:16, 2026-03-21 10:01:31, 2026-03-21 10:16:35, 2026-03-21 10:31:46, 2026-03-21 10:46:02, 2026-03-21 11:01:32, 2026-03-21 11:16:21, 2026-03-21 11:31:46, 2026-03-21 11:42:19, 2026-03-21 11:59:33, 2026-03-21 12:16:25, 2026-03-21 12:31:49, 2026-03-21 13:01:51", "cumulative_total": 49 }, "geometry": { "type": "Polygon", "coordinates": [ [ [ -73.366622555156056, 45.366091927936601 ], [ -73.372930223689252, 45.368780455382847 ], [ -73.372781225875002, 45.373975282055625 ], [ -73.366323391852873, 45.376481548452055 ], [ -73.360015200650551, 45.373792651879967 ], [ -73.360165366125841, 45.36859785810146 ], [ -73.366622555156056, 45.366091927936601 ] ] ] } },
{ "type": "Feature", "properties": { "hex_id": 594666, "centroid_lon": -73.359864994235181, "centroid_lat": 45.378987440524092, "occurrences_today": 18, "datetimes_today": "2026-03-21 08:16:47, 2026-03-21 08:31:30, 2026-03-21 08:46:19, 2026-03-21 09:16:24, 2026-03-21 09:31:38, 2026-03-21 09:43:16, 2026-03-21 10:01:31, 2026-03-21 10:16:35, 2026-03-21 10:31:46, 2026-03-21 10:46:02, 2026-03-21 11:01:32, 2026-03-21 11:16:21, 2026-03-21 11:31:46, 2026-03-21 11:42:19, 2026-03-21 11:59:33, 2026-03-21 12:16:25, 2026-03-21 12:31:49, 2026-03-21 13:01:51", "cumulative_total": 47 }, "geometry": { "type": "Polygon", "coordinates": [ [ [ -73.360015200650551, 45.373792651879967 ], [ -73.366323391852873, 45.376481548452055 ], [ -73.366173749026274, 45.381676351012608 ], [ -73.359714746866061, 45.384182224033651 ], [ -73.353406033035583, 45.381492958177688 ], [ -73.353556843979774, 45.376298188648732 ], [ -73.360015200650551, 45.373792651879967 ] ] ] } },
{ "type": "Feature", "properties": { "hex_id": 781579, "centroid_lon": -71.305858603520889, "centroid_lat": 46.88998381736026, "occurrences_today": 5, "datetimes_today": "2026-03-21 08:46:19, 2026-03-21 09:16:24, 2026-03-21 09:31:38, 2026-03-21 09:43:16, 2026-03-21 10:01:31", "cumulative_total": 26 }, "geometry": { "type": "Polygon", "coordinates": [ [ [ -71.306215029442328, 46.884799085954732 ], [ -71.312586168653411, 46.887602887975746 ], [ -71.312230321814283, 46.892787654078965 ], [ -71.305502078700499, 46.895168541968346 ], [ -71.299130459323209, 46.892364332922355 ], [ -71.299487563191576, 46.887179643078873 ], [ -71.306215029442328, 46.884799085954732 ] ] ] } },
{ "type": "Feature", "properties": { "hex_id": 362089, "centroid_lon": -75.798304531696132, "centroid_lat": 45.754345803749473, "occurrences_today": 9, "datetimes_today": "2026-03-21 16:46:51, 2026-03-21 17:16:42, 2026-03-21 17:27:44, 2026-03-21 17:46:53, 2026-03-21 18:01:46, 2026-03-21 18:16:41, 2026-03-21 18:46:43, 2026-03-21 19:16:47, 2026-03-21 19:27:09", "cumulative_total": 182 }, "geometry": { "type": "Polygon", "coordinates": [ [ [ -75.798230451152321, 45.749149730810281 ], [ -75.804695419725348, 45.751702674409295 ], [ -75.80477010686451, 45.756898736800956 ], [ -75.798378632536313, 45.759541871848718 ], [ -75.791913037068142, 45.756988578346188 ], [ -75.791839542830147, 45.751792499764569 ], [ -75.798230451152321, 45.749149730810281 ] ] ] } },
{ "type": "Feature", "properties": { "hex_id": 510448, "centroid_lon": -74.234486566302081, "centroid_lat": 45.871492249718862, "occurrences_today": 23, "datetimes_today": "2026-03-21 16:46:51, 2026-03-21 17:16:42, 2026-03-21 17:27:44, 2026-03-21 17:46:53, 2026-03-21 18:01:46, 2026-03-21 18:16:41, 2026-03-21 18:46:43, 2026-03-21 19:16:47, 2026-03-21 19:27:09, 2026-03-21 19:46:50, 2026-03-21 20:01:42, 2026-03-21 20:17:04, 2026-03-21 20:31:48, 2026-03-21 20:47:05, 2026-03-21 21:01:55, 2026-03-21 21:16:58, 2026-03-21 21:31:45, 2026-03-21 21:47:13, 2026-03-21 22:01:49, 2026-03-21 22:14:04, 2026-03-21 22:31:58, 2026-03-21 22:46:45, 2026-03-21 23:02:02", "cumulative_total": 188 }, "geometry": { "type": "Polygon", "coordinates": [ [ [ -74.234557894797973, 45.866296243132119 ], [ -74.240963718808857, 45.868937218239047 ], [ -74.240892980697993, 45.874133230155564 ], [ -74.234415218235327, 45.876688251473425 ], [ -74.228008823413575, 45.874046909102624 ], [ -74.228080761858735, 45.868850912743277 ], [ -74.234557894797973, 45.866296243132119 ] ] ] } },
{ "type": "Feature", "properties": { "hex_id": 496421, "centroid_lon": -74.380133403089758, "centroid_lat": 46.098417473325512, "occurrences_today": 49, "datetimes_today": "2026-03-21 00:01:33, 2026-03-21 00:12:00, 2026-03-21 00:31:48, 2026-03-21 00:46:48, 2026-03-21 01:01:24, 2026-03-21 01:14:09, 2026-03-21 01:31:28, 2026-03-21 01:46:29, 2026-03-21 01:57:15, 2026-03-21 02:17:04, 2026-03-21 02:31:25, 2026-03-21 02:46:28, 2026-03-21 03:01:50, 2026-03-21 03:16:22, 2026-03-21 03:31:34, 2026-03-21 03:46:43, 2026-03-21 03:59:50, 2026-03-21 04:16:22, 2026-03-21 04:31:24, 2026-03-21 04:46:34, 2026-03-21 05:01:39, 2026-03-21 05:16:23, 2026-03-21 05:31:19, 2026-03-21 05:46:26, 2026-03-21 05:59:51, 2026-03-21 06:16:56, 2026-03-21 06:31:26, 2026-03-21 07:00:54, 2026-03-21 07:16:36, 2026-03-21 07:31:27, 2026-03-21 07:46:25, 2026-03-21 07:56:53, 2026-03-21 08:16:47, 2026-03-21 08:31:30, 2026-03-21 08:46:19, 2026-03-21 09:16:24, 2026-03-21 09:31:38, 2026-03-21 09:43:16, 2026-03-21 10:01:31, 2026-03-21 10:16:35, 2026-03-21 10:31:46, 2026-03-21 10:46:02, 2026-03-21 11:01:32, 2026-03-21 11:16:21, 2026-03-21 11:31:46, 2026-03-21 11:42:19, 2026-03-21 11:59:33, 2026-03-21 12:16:25, 2026-03-21 12:31:49", "cumulative_total": 81 }, "geometry": { "type": "Polygon", "coordinates": [ [ [ -74.380191619997689, 46.093221514043016 ], [ -74.386630567631087, 46.095854386715473 ], [ -74.386572950202478, 46.101050349888418 ], [ -74.380075170162399, 46.103613427806337 ], [ -74.373635639071821, 46.100980186398019 ], [ -74.373694471473044, 46.095784235873644 ], [ -74.380191619997689, 46.093221514043016 ] ] ] } },
{ "type": "Feature", "properties": { "hex_id": 462855, "centroid_lon": -74.735047489707597, "centroid_lat": 46.279059398593589, "occurrences_today": 8, "datetimes_today": "2026-03-21 20:31:48, 2026-03-21 20:47:05, 2026-03-21 21:01:55, 2026-03-21 21:16:58, 2026-03-21 21:31:45, 2026-03-21 21:47:13, 2026-03-21 22:01:49, 2026-03-21 22:14:04", "cumulative_total": 30 }, "geometry": { "type": "Polygon", "coordinates": [ [ [ -74.735072531300062, 46.273863355348276 ], [ -74.741549593964038, 46.276476231027573 ], [ -74.741525162368404, 46.281672274574724 ], [ -74.735022441208258, 46.284255437084781 ], [ -74.728544775455518, 46.28164219389248 ], [ -74.728570433949329, 46.276446155769584 ], [ -74.735072531300062, 46.273863355348276 ] ] ] } },
{ "type": "Feature", "properties": { "hex_id": 729631, "centroid_lon": -71.912130089133953, "centroid_lat": 46.042778888816102, "occurrences_today": 1, "datetimes_today": "2026-03-21 17:16:42", "cumulative_total": 35 }, "geometry": { "type": "Polygon", "coordinates": [ [ [ -71.912419401202101, 46.037590129819726 ], [ -71.918727320954233, 46.040358814311617 ], [ -71.918438571504169, 46.045547601618665 ], [ -71.911840697623518, 46.04796764166931 ], [ -71.905532294709076, 46.045198566565531 ], [ -71.905822248810622, 46.040009842088168 ], [ -71.912419401202101, 46.037590129819726 ] ] ] } },
{ "type": "Feature", "properties": { "hex_id": 835855, "centroid_lon": -70.793886480621595, "centroid_lat": 45.960275633329992, "occurrences_today": 2, "datetimes_today": "2026-03-21 15:16:51, 2026-03-21 15:46:47", "cumulative_total": 7 }, "geometry": { "type": "Polygon", "coordinates": [ [ [ -70.794279270470241, 45.955093259702998 ], [ -70.800517860864758, 45.957921516779081 ], [ -70.80012561394345, 45.963103929367129 ], [ -70.793493583162658, 45.965457999627333 ], [ -70.787254557469296, 45.962629343961723 ], [ -70.78764799781915, 45.957447016689798 ], [ -70.794279270470241, 45.955093259702998 ] ] ] } },
{ "type": "Feature", "properties": { "hex_id": 835856, "centroid_lon": -70.792707465268265, "centroid_lat": 45.975822710229544, "occurrences_today": 2, "datetimes_today": "2026-03-21 15:16:51, 2026-03-21 15:46:47", "cumulative_total": 6 }, "geometry": { "type": "Polygon", "coordinates": [ [ [ -70.793100578057022, 45.970640358594167 ], [ -70.799340797665792, 45.973468732575661 ], [ -70.798948228236711, 45.978651123194325 ], [ -70.792314244759908, 45.981005054532524 ], [ -70.786073589529281, 45.978176281746023 ], [ -70.786467353360848, 45.972993976490748 ], [ -70.793100578057022, 45.970640358594167 ] ] ] } },
{ "type": "Feature", "properties": { "hex_id": 836465, "centroid_lon": -70.788041330414714, "centroid_lat": 45.952264682080845, "occurrences_today": 2, "datetimes_today": "2026-03-21 15:16:51, 2026-03-21 15:46:47", "cumulative_total": 7 }, "geometry": { "type": "Polygon", "coordinates": [ [ [ -70.788434555292426, 45.947082340135772 ], [ -70.794671952745006, 45.949910878747318 ], [ -70.794279270470241, 45.955093259702998 ], [ -70.78764799781915, 45.957447016689798 ], [ -70.781410165499679, 45.954618079549547 ], [ -70.78180404066174, 45.949435784015577 ], [ -70.788434555292426, 45.947082340135772 ] ] ] } },
{ "type": "Feature", "properties": { "hex_id": 836466, "centroid_lon": -70.786861009328689, "centroid_lat": 45.967811663895667, "occurrences_today": 2, "datetimes_today": "2026-03-21 15:16:51, 2026-03-21 15:46:47", "cumulative_total": 7 }, "geometry": { "type": "Polygon", "coordinates": [ [ [ -70.787254557469296, 45.962629343961723 ], [ -70.793493583162658, 45.965457999627333 ], [ -70.793100578057022, 45.970640358594167 ], [ -70.786467353360848, 45.972993976490748 ], [ -70.780227892477996, 45.970164922080976 ], [ -70.780622091444329, 45.964982648583167 ], [ -70.787254557469296, 45.962629343961723 ] ] ] } },
{ "type": "Feature", "properties": { "hex_id": 836467, "centroid_lon": -70.785679717797436, "centroid_lat": 45.983358579660568, "occurrences_today": 2, "datetimes_today": "2026-03-21 15:16:51, 2026-03-21 15:46:47", "cumulative_total": 6 }, "geometry": { "type": "Polygon", "coordinates": [ [ [ -70.786073589529281, 45.978176281746023 ], [ -70.792314244759908, 45.981005054532524 ], [ -70.791920916495485, 45.986187391502227 ], [ -70.785285738128835, 45.988540870233486 ], [ -70.779044647385845, 45.985711698487293 ], [ -70.779439170485318, 45.98052944703398 ], [ -70.786073589529281, 45.978176281746023 ] ] ] } },
{ "type": "Feature", "properties": { "hex_id": 836468, "centroid_lon": -70.784497454835076, "centroid_lat": 45.998905429350657, "occurrences_today": 2, "datetimes_today": "2026-03-21 15:16:51, 2026-03-21 15:46:47", "cumulative_total": 6 }, "geometry": { "type": "Polygon", "coordinates": [ [ [ -70.784891650486898, 45.993723153463819 ], [ -70.791133936552541, 45.996552043438058 ], [ -70.790740284800975, 46.001734358402317 ], [ -70.784103151136762, 46.004087697893098 ], [ -70.777860429235631, 46.001258408743524 ], [ -70.778255276797623, 45.996076179343014 ], [ -70.784891650486898, 45.993723153463819 ] ] ] } },
{ "type": "Feature", "properties": { "hex_id": 45315, "centroid_lon": -79.218932283748003, "centroid_lat": 46.856227742020138, "occurrences_today": 15, "datetimes_today": "2026-03-21 14:16:52, 2026-03-21 14:32:08, 2026-03-21 14:46:58, 2026-03-21 15:01:56, 2026-03-21 15:16:51, 2026-03-21 15:46:47, 2026-03-21 16:02:09, 2026-03-21 16:16:50, 2026-03-21 16:29:08, 2026-03-21 16:46:51, 2026-03-21 17:16:42, 2026-03-21 17:27:44, 2026-03-21 17:46:53, 2026-03-21 18:01:46, 2026-03-21 18:16:41", "cumulative_total": 111 }, "geometry": { "type": "Polygon", "coordinates": [ [ [ -79.218525788723753, 46.851046267994754 ], [ -79.225270027109573, 46.85339531651961 ], [ -79.225677204233932, 46.858576743318643 ], [ -79.219338891441126, 46.861409208625204 ], [ -79.2125938582668, 46.859059836287805 ], [ -79.212187932712823, 46.853878322522881 ], [ -79.218525788723753, 46.851046267994754 ] ] ] } },
{ "type": "Feature", "properties": { "hex_id": 1001439, "centroid_lon": -68.809683112445569, "centroid_lat": 48.029361100362628, "occurrences_today": 7, "datetimes_today": "2026-03-21 16:29:08, 2026-03-21 16:46:51, 2026-03-21 17:16:42, 2026-03-21 17:27:44, 2026-03-21 17:46:53, 2026-03-21 18:01:46, 2026-03-21 18:16:41", "cumulative_total": 63 }, "geometry": { "type": "Polygon", "coordinates": [ [ [ -68.81030388780556, 48.024196921934347 ], [ -68.816660723913756, 48.027139446519186 ], [ -68.816040519669414, 48.032303684494771 ], [ -68.809062162698524, 48.034525268064435 ], [ -68.802704929892784, 48.03158230164717 ], [ -68.803326450693433, 48.026418193560545 ], [ -68.81030388780556, 48.024196921934347 ] ] ] } },
{ "type": "Feature", "properties": { "hex_id": 322393, "centroid_lon": -76.211557073283473, "centroid_lat": 45.540244350702011, "occurrences_today": 8, "datetimes_today": "2026-03-21 10:01:31, 2026-03-21 10:16:35, 2026-03-21 10:31:46, 2026-03-21 10:46:02, 2026-03-21 11:01:32, 2026-03-21 11:16:21, 2026-03-21 11:31:46, 2026-03-21 11:42:19", "cumulative_total": 50 }, "geometry": { "type": "Polygon", "coordinates": [ [ [ -76.211445484568841, 45.535048740566211 ], [ -76.217903951487756, 45.537578453416259 ], [ -76.218016144908205, 45.542774048802329 ], [ -76.211668692487308, 45.545439955877804 ], [ -76.20520959036827, 45.54290990016716 ], [ -76.205098575880484, 45.537714280306261 ], [ -76.211445484568841, 45.535048740566211 ] ] ] } },
{ "type": "Feature", "properties": { "hex_id": 323003, "centroid_lon": -76.204987591715849, "centroid_lat": 45.532518655487578, "occurrences_today": 8, "datetimes_today": "2026-03-21 10:01:31, 2026-03-21 10:16:35, 2026-03-21 10:31:46, 2026-03-21 10:46:02, 2026-03-21 11:01:32, 2026-03-21 11:16:21, 2026-03-21 11:31:46, 2026-03-21 11:42:19", "cumulative_total": 50 }, "geometry": { "type": "Polygon", "coordinates": [ [ [ -76.204876637864203, 45.527323025711226 ], [ -76.211333926333154, 45.529853125470453 ], [ -76.211445484568841, 45.535048740566211 ], [ -76.205098575880484, 45.537714280306261 ], [ -76.198640652709429, 45.535183837710271 ], [ -76.198530272939024, 45.529988198275603 ], [ -76.204876637864203, 45.527323025711226 ] ] ] } },
{ "type": "Feature", "properties": { "hex_id": 323614, "centroid_lon": -76.198751062637015, "centroid_lat": 45.540379472189436, "occurrences_today": 8, "datetimes_today": "2026-03-21 10:01:31, 2026-03-21 10:16:35, 2026-03-21 10:31:46, 2026-03-21 10:46:02, 2026-03-21 11:01:32, 2026-03-21 11:16:21, 2026-03-21 11:31:46, 2026-03-21 11:42:19", "cumulative_total": 50 }, "geometry": { "type": "Polygon", "coordinates": [ [ [ -76.198640652709429, 45.535183837710271 ], [ -76.205098575880484, 45.537714280306261 ], [ -76.20520959036827, 45.54290990016716 ], [ -76.198861502731916, 45.545575101713041 ], [ -76.192402944828288, 45.543044316117168 ], [ -76.192293109303719, 45.537848672039935 ], [ -76.198640652709429, 45.535183837710271 ] ] ] } },
{ "type": "Feature", "properties": { "hex_id": 725307, "centroid_lon": -71.99961604357091, "centroid_lat": 45.257792124849033, "occurrences_today": 5, "datetimes_today": "2026-03-21 14:46:58, 2026-03-21 15:01:56, 2026-03-21 15:16:51, 2026-03-21 15:46:47, 2026-03-21 16:02:09", "cumulative_total": 37 }, "geometry": { "type": "Polygon", "coordinates": [ [ [ -71.99988957865844, 45.252602228339818 ], [ -72.006116396221785, 45.255364314850155 ], [ -72.005843402072045, 45.260554238422394 ], [ -71.999342434082706, 45.262982015325157 ], [ -71.993115149994637, 45.260219549123249 ], [ -71.993389300395876, 45.255029685773593 ], [ -71.99988957865844, 45.252602228339818 ] ] ] } },
{ "type": "Feature", "properties": { "hex_id": 883562, "centroid_lon": -70.171900037403759, "centroid_lat": 47.307603720123247, "occurrences_today": 40, "datetimes_today": "2026-03-21 00:01:33, 2026-03-21 00:12:00, 2026-03-21 00:31:48, 2026-03-21 00:46:48, 2026-03-21 01:01:24, 2026-03-21 01:14:09, 2026-03-21 01:31:28, 2026-03-21 01:46:29, 2026-03-21 01:57:15, 2026-03-21 02:17:04, 2026-03-21 02:31:25, 2026-03-21 02:46:28, 2026-03-21 03:01:50, 2026-03-21 03:16:22, 2026-03-21 03:31:34, 2026-03-21 03:46:43, 2026-03-21 03:59:50, 2026-03-21 04:16:22, 2026-03-21 04:31:24, 2026-03-21 04:46:34, 2026-03-21 05:01:39, 2026-03-21 05:16:23, 2026-03-21 05:31:19, 2026-03-21 05:46:26, 2026-03-21 05:59:51, 2026-03-21 06:16:56, 2026-03-21 06:31:26, 2026-03-21 07:00:54, 2026-03-21 07:16:36, 2026-03-21 07:31:27, 2026-03-21 07:46:25, 2026-03-21 07:56:53, 2026-03-21 08:16:47, 2026-03-21 08:31:30, 2026-03-21 08:46:19, 2026-03-21 09:16:24, 2026-03-21 09:31:38, 2026-03-21 09:43:16, 2026-03-21 10:01:31, 2026-03-21 10:16:35", "cumulative_total": 107 }, "geometry": { "type": "Polygon", "coordinates": [ [ [ -70.172372488614911, 47.30242701766835 ], [ -70.178727298559267, 47.305293486732261 ], [ -70.178255420502509, 47.310470235125329 ], [ -70.171427454539213, 47.312780414278869 ], [ -70.165072203116935, 47.309913523472403 ], [ -70.165545359089762, 47.304736875322128 ], [ -70.172372488614911, 47.30242701766835 ] ] ] } },
{ "type": "Feature", "properties": { "hex_id": 341362, "centroid_lon": -76.025453746250591, "centroid_lat": 46.220207978299747, "occurrences_today": 7, "datetimes_today": "2026-03-21 19:16:47, 2026-03-21 19:27:09, 2026-03-21 19:46:50, 2026-03-21 20:01:42, 2026-03-21 20:17:04, 2026-03-21 20:31:48, 2026-03-21 20:47:05", "cumulative_total": 82 }, "geometry": { "type": "Polygon", "coordinates": [ [ [ -76.025357030552073, 46.215012659092721 ], [ -76.031887048419804, 46.21755199448782 ], [ -76.031984388610681, 46.222747300728315 ], [ -76.025550488600757, 46.225403292607297 ], [ -76.019019819584472, 46.222863603917524 ], [ -76.018923701735744, 46.217668276709674 ], [ -76.025357030552073, 46.215012659092721 ] ] ] } },
{ "type": "Feature", "properties": { "hex_id": 509838, "centroid_lon": -74.240822223177602, "centroid_lat": 45.879329237241322, "occurrences_today": 23, "datetimes_today": "2026-03-21 16:46:51, 2026-03-21 17:16:42, 2026-03-21 17:27:44, 2026-03-21 17:46:53, 2026-03-21 18:01:46, 2026-03-21 18:16:41, 2026-03-21 18:46:43, 2026-03-21 19:16:47, 2026-03-21 19:27:09, 2026-03-21 19:46:50, 2026-03-21 20:01:42, 2026-03-21 20:17:04, 2026-03-21 20:31:48, 2026-03-21 20:47:05, 2026-03-21 21:01:55, 2026-03-21 21:16:58, 2026-03-21 21:31:45, 2026-03-21 21:47:13, 2026-03-21 22:01:49, 2026-03-21 22:14:04, 2026-03-21 22:31:58, 2026-03-21 22:46:45, 2026-03-21 23:02:02", "cumulative_total": 157 }, "geometry": { "type": "Polygon", "coordinates": [ [ [ -74.240892980697993, 45.874133230155564 ], [ -74.247300005053106, 45.876773853954127 ], [ -74.247229838247037, 45.881969866307074 ], [ -74.240751446241106, 45.88452523949632 ], [ -74.234343850591074, 45.881884248395771 ], [ -74.234415218235327, 45.876688251473425 ], [ -74.240892980697993, 45.874133230155564 ] ] ] } },
{ "type": "Feature", "properties": { "hex_id": 540344, "centroid_lon": -73.924408216568722, "centroid_lat": 45.580581417525757, "occurrences_today": 10, "datetimes_today": "2026-03-21 21:16:58, 2026-03-21 21:31:45, 2026-03-21 21:47:13, 2026-03-21 22:01:49, 2026-03-21 22:14:04, 2026-03-21 22:31:58, 2026-03-21 22:46:45, 2026-03-21 23:02:02, 2026-03-21 23:16:50, 2026-03-21 23:31:47", "cumulative_total": 58 }, "geometry": { "type": "Polygon", "coordinates": [ [ [ -73.924507423326048, 45.575385597736371 ], [ -73.930865408011442, 45.578043662688287 ], [ -73.930766778528579, 45.583239490860109 ], [ -73.924308982690789, 45.585777232399892 ], [ -73.917950447856114, 45.583118800890965 ], [ -73.918050258999372, 45.577922994464011 ], [ -73.924507423326048, 45.575385597736371 ] ] ] } },
{ "type": "Feature", "properties": { "hex_id": 879277, "centroid_lon": -70.234111669065086, "centroid_lat": 47.130929748247432, "occurrences_today": 52, "datetimes_today": "2026-03-21 00:01:33, 2026-03-21 00:12:00, 2026-03-21 00:31:48, 2026-03-21 00:46:48, 2026-03-21 01:01:24, 2026-03-21 01:14:09, 2026-03-21 01:31:28, 2026-03-21 01:46:29, 2026-03-21 01:57:15, 2026-03-21 02:17:04, 2026-03-21 02:31:25, 2026-03-21 02:46:28, 2026-03-21 03:01:50, 2026-03-21 03:16:22, 2026-03-21 03:31:34, 2026-03-21 03:46:43, 2026-03-21 03:59:50, 2026-03-21 04:16:22, 2026-03-21 04:31:24, 2026-03-21 04:46:34, 2026-03-21 05:01:39, 2026-03-21 05:16:23, 2026-03-21 05:31:19, 2026-03-21 05:46:26, 2026-03-21 05:59:51, 2026-03-21 06:16:56, 2026-03-21 06:31:26, 2026-03-21 07:00:54, 2026-03-21 07:16:36, 2026-03-21 07:31:27, 2026-03-21 07:46:25, 2026-03-21 07:56:53, 2026-03-21 08:16:47, 2026-03-21 08:31:30, 2026-03-21 08:46:19, 2026-03-21 09:16:24, 2026-03-21 09:31:38, 2026-03-21 09:43:16, 2026-03-21 10:01:31, 2026-03-21 10:16:35, 2026-03-21 10:31:46, 2026-03-21 10:46:02, 2026-03-21 11:01:32, 2026-03-21 11:16:21, 2026-03-21 11:31:46, 2026-03-21 11:42:19, 2026-03-21 11:59:33, 2026-03-21 12:16:25, 2026-03-21 12:31:49, 2026-03-21 13:01:51, 2026-03-21 13:16:37, 2026-03-21 13:31:25", "cumulative_total": 166 }, "geometry": { "type": "Polygon", "coordinates": [ [ [ -70.234575175694417, 47.125752413395084 ], [ -70.240913199547208, 47.128614847693044 ], [ -70.240450261663014, 47.133792227737189 ], [ -70.233648033579456, 47.136107074910754 ], [ -70.227309569860267, 47.133244221811871 ], [ -70.227773774046128, 47.128066940407145 ], [ -70.234575175694417, 47.125752413395084 ] ] ] } },
{ "type": "Feature", "properties": { "hex_id": 476874, "centroid_lon": -74.588400194868868, "centroid_lat": 45.927877842372304, "occurrences_today": 5, "datetimes_today": "2026-03-21 15:16:51, 2026-03-21 15:46:47, 2026-03-21 16:02:09, 2026-03-21 16:16:50, 2026-03-21 16:29:08", "cumulative_total": 124 }, "geometry": { "type": "Polygon", "coordinates": [ [ [ -74.588438622913301, 45.922681557079507 ], [ -74.59486782524931, 45.925302743078269 ], [ -74.594829994040765, 45.930499030139607 ], [ -74.588361756272619, 45.933074122893991 ], [ -74.581931967654342, 45.930452572397947 ], [ -74.581971003082884, 45.925256293710419 ], [ -74.588438622913301, 45.922681557079507 ] ] ] } },
{ "type": "Feature", "properties": { "hex_id": 477485, "centroid_lon": -74.581892921506849, "centroid_lat": 45.93564884631359, "occurrences_today": 5, "datetimes_today": "2026-03-21 15:16:51, 2026-03-21 15:46:47, 2026-03-21 16:02:09, 2026-03-21 16:16:50, 2026-03-21 16:29:08", "cumulative_total": 31 }, "geometry": { "type": "Polygon", "coordinates": [ [ [ -74.581931967654342, 45.930452572397947 ], [ -74.588361756272619, 45.933074122893991 ], [ -74.588323307120945, 45.938270398644541 ], [ -74.581853864636756, 45.940845115457343 ], [ -74.575423489747067, 45.938223200300598 ], [ -74.57546314360934, 45.933026933057398 ], [ -74.581931967654342, 45.930452572397947 ] ] ] } },
{ "type": "Feature", "properties": { "hex_id": 478095, "centroid_lon": -74.575502786585488, "centroid_lat": 45.927830661041497, "occurrences_today": 5, "datetimes_today": "2026-03-21 15:16:51, 2026-03-21 15:46:47, 2026-03-21 16:02:09, 2026-03-21 16:16:50, 2026-03-21 16:29:08", "cumulative_total": 124 }, "geometry": { "type": "Polygon", "coordinates": [ [ [ -74.57554241867922, 45.922634384252881 ], [ -74.581971003082884, 45.925256293710419 ], [ -74.581931967654342, 45.930452572397947 ], [ -74.57546314360934, 45.933026933057398 ], [ -74.569033973424752, 45.93040465897495 ], [ -74.569074213062393, 45.925208388923586 ], [ -74.57554241867922, 45.922634384252881 ] ] ] } },
{ "type": "Feature", "properties": { "hex_id": 506137, "centroid_lon": -74.287017187131909, "centroid_lat": 45.287198518515069, "occurrences_today": 7, "datetimes_today": "2026-03-21 12:16:25, 2026-03-21 12:31:49, 2026-03-21 13:01:51, 2026-03-21 13:16:37, 2026-03-21 13:31:25, 2026-03-21 13:42:38, 2026-03-21 14:00:13", "cumulative_total": 42 }, "geometry": { "type": "Polygon", "coordinates": [ [ [ -74.287082281977888, 45.282001916572568 ], [ -74.29342483678991, 45.284639836366551 ], [ -74.293360315106867, 45.289836443037373 ], [ -74.286952074551238, 45.292395115635586 ], [ -74.280608964313956, 45.289756836449101 ], [ -74.280674650051651, 45.284560244121003 ], [ -74.287082281977888, 45.282001916572568 ] ] ] } },
{ "type": "Feature", "properties": { "hex_id": 506747, "centroid_lon": -74.280740317899117, "centroid_lat": 45.279363646969657, "occurrences_today": 7, "datetimes_today": "2026-03-21 12:16:25, 2026-03-21 12:31:49, 2026-03-21 13:01:51, 2026-03-21 13:16:37, 2026-03-21 13:31:25, 2026-03-21 13:42:38, 2026-03-21 14:00:13", "cumulative_total": 42 }, "geometry": { "type": "Polygon", "coordinates": [ [ [ -74.280805967862307, 45.274167044995032 ], [ -74.287147359095059, 45.276805309808118 ], [ -74.287082281977888, 45.282001916572568 ], [ -74.280674650051651, 45.284560244121003 ], [ -74.274332703860154, 45.281921619952378 ], [ -74.27439894454767, 45.276725027654933 ], [ -74.280805967862307, 45.274167044995032 ] ] ] } },
{ "type": "Feature", "properties": { "hex_id": 507357, "centroid_lon": -74.274465167195473, "centroid_lat": 45.271528430532932, "occurrences_today": 7, "datetimes_today": "2026-03-21 12:16:25, 2026-03-21 12:31:49, 2026-03-21 13:01:51, 2026-03-21 13:16:37, 2026-03-21 13:31:25, 2026-03-21 13:42:38, 2026-03-21 14:00:13", "cumulative_total": 42 }, "geometry": { "type": "Polygon", "coordinates": [ [ [ -74.274531371809601, 45.266331828586374 ], [ -74.28087159994719, 45.268970438197179 ], [ -74.280805967862307, 45.274167044995032 ], [ -74.27439894454767, 45.276725027654933 ], [ -74.268058161917509, 45.274086058725558 ], [ -74.268124957088574, 45.268889466518928 ], [ -74.274531371809601, 45.266331828586374 ] ] ] } },
{ "type": "Feature", "properties": { "hex_id": 507358, "centroid_lon": -74.274266445126912, "centroid_lat": 45.287118207425252, "occurrences_today": 7, "datetimes_today": "2026-03-21 12:16:25, 2026-03-21 12:31:49, 2026-03-21 13:01:51, 2026-03-21 13:16:37, 2026-03-21 13:31:25, 2026-03-21 13:42:38, 2026-03-21 14:00:13", "cumulative_total": 42 }, "geometry": { "type": "Polygon", "coordinates": [ [ [ -74.274332703860154, 45.281921619952378 ], [ -74.280674650051651, 45.284560244121003 ], [ -74.280608964313956, 45.289756836449101 ], [ -74.274200168341949, 45.292314790073519 ], [ -74.267857667209668, 45.289675806390115 ], [ -74.267924516984152, 45.284479228661162 ], [ -74.274332703860154, 45.281921619952378 ] ] ] } },
{ "type": "Feature", "properties": { "hex_id": 507968, "centroid_lon": -74.267991348551391, "centroid_lat": 45.27928264610631, "occurrences_today": 7, "datetimes_today": "2026-03-21 12:16:25, 2026-03-21 12:31:49, 2026-03-21 13:01:51, 2026-03-21 13:16:37, 2026-03-21 13:31:25, 2026-03-21 13:42:38, 2026-03-21 14:00:13", "cumulative_total": 42 }, "geometry": { "type": "Polygon", "coordinates": [ [ [ -74.268058161917509, 45.274086058725558 ], [ -74.27439894454767, 45.276725027654933 ], [ -74.274332703860154, 45.281921619952378 ], [ -74.267924516984152, 45.284479228661162 ], [ -74.261583179879565, 45.281839900254035 ], [ -74.261650584119351, 45.276643322679945 ], [ -74.268058161917509, 45.274086058725558 ] ] ] } },
{ "type": "Feature", "properties": { "hex_id": 508578, "centroid_lon": -74.261717970002636, "centroid_lat": 45.271446740278641, "occurrences_today": 7, "datetimes_today": "2026-03-21 12:16:25, 2026-03-21 12:31:49, 2026-03-21 13:01:51, 2026-03-21 13:16:37, 2026-03-21 13:31:25, 2026-03-21 13:42:38, 2026-03-21 14:00:13", "cumulative_total": 42 }, "geometry": { "type": "Polygon", "coordinates": [ [ [ -74.261785337535528, 45.266250153050116 ], [ -74.268124957088574, 45.268889466518928 ], [ -74.268058161917509, 45.274086058725558 ], [ -74.261650584119351, 45.276643322679945 ], [ -74.255310410557911, 45.274003649770435 ], [ -74.255378368796926, 45.268807072411306 ], [ -74.261785337535528, 45.266250153050116 ] ] ] } },
{ "type": "Feature", "properties": { "hex_id": 539123, "centroid_lon": -73.937223996930484, "centroid_lat": 45.580701377876991, "occurrences_today": 33, "datetimes_today": "2026-03-21 00:46:48, 2026-03-21 01:01:24, 2026-03-21 01:14:09, 2026-03-21 01:31:28, 2026-03-21 01:46:29, 2026-03-21 01:57:15, 2026-03-21 02:17:04, 2026-03-21 02:31:25, 2026-03-21 02:46:28, 2026-03-21 03:01:50, 2026-03-21 03:16:22, 2026-03-21 03:31:34, 2026-03-21 03:46:43, 2026-03-21 03:59:50, 2026-03-21 04:16:22, 2026-03-21 04:31:24, 2026-03-21 04:46:34, 2026-03-21 05:01:39, 2026-03-21 05:16:23, 2026-03-21 05:31:19, 2026-03-21 05:46:26, 2026-03-21 05:59:51, 2026-03-21 06:16:56, 2026-03-21 06:31:26, 2026-03-21 07:00:54, 2026-03-21 07:16:36, 2026-03-21 07:31:27, 2026-03-21 07:46:25, 2026-03-21 07:56:53, 2026-03-21 08:16:47, 2026-03-21 08:31:30, 2026-03-21 08:46:19, 2026-03-21 09:16:24", "cumulative_total": 71 }, "geometry": { "type": "Polygon", "coordinates": [ [ [ -73.937322022175181, 45.575505536474182 ], [ -73.943680637887496, 45.578162893546128 ], [ -73.943583190092198, 45.583358743203867 ], [ -73.93712594488801, 45.585897214368494 ], [ -73.930766778528579, 45.583239490860109 ], [ -73.930865408011442, 45.578043662688287 ], [ -73.937322022175181, 45.575505536474182 ] ] ] } },
{ "type": "Feature", "properties": { "hex_id": 476264, "centroid_lon": -74.594792152443929, "centroid_lat": 45.935695312430603, "occurrences_today": 5, "datetimes_today": "2026-03-21 15:16:51, 2026-03-21 15:46:47, 2026-03-21 16:02:09, 2026-03-21 16:16:50, 2026-03-21 16:29:08", "cumulative_total": 9 }, "geometry": { "type": "Polygon", "coordinates": [ [ [ -74.594829994040765, 45.930499030139607 ], [ -74.601260400602143, 45.933119856913351 ], [ -74.601223156171827, 45.938316140908817 ], [ -74.59475430045525, 45.940891589951256 ], [ -74.588323307120945, 45.938270398644541 ], [ -74.588361756272619, 45.933074122893991 ], [ -74.594829994040765, 45.930499030139607 ] ] ] } },
{ "type": "Feature", "properties": { "hex_id": 476875, "centroid_lon": -74.588284847410279, "centroid_lat": 45.94346666962403, "occurrences_today": 5, "datetimes_today": "2026-03-21 15:16:51, 2026-03-21 15:46:47, 2026-03-21 16:02:09, 2026-03-21 16:16:50, 2026-03-21 16:29:08", "cumulative_total": 92 }, "geometry": { "type": "Polygon", "coordinates": [ [ [ -74.588323307120945, 45.938270398644541 ], [ -74.59475430045525, 45.940891589951256 ], [ -74.594716438071245, 45.946087862701624 ], [ -74.58824637713704, 45.948662935832438 ], [ -74.581814797040451, 45.946041379829246 ], [ -74.581853864636756, 45.940845115457343 ], [ -74.588323307120945, 45.938270398644541 ] ] ] } },
{ "type": "Feature", "properties": { "hex_id": 879888, "centroid_lon": -70.226845236621358, "centroid_lat": 47.138421495017468, "occurrences_today": 52, "datetimes_today": "2026-03-21 00:01:33, 2026-03-21 00:12:00, 2026-03-21 00:31:48, 2026-03-21 00:46:48, 2026-03-21 01:01:24, 2026-03-21 01:14:09, 2026-03-21 01:31:28, 2026-03-21 01:46:29, 2026-03-21 01:57:15, 2026-03-21 02:17:04, 2026-03-21 02:31:25, 2026-03-21 02:46:28, 2026-03-21 03:01:50, 2026-03-21 03:16:22, 2026-03-21 03:31:34, 2026-03-21 03:46:43, 2026-03-21 03:59:50, 2026-03-21 04:16:22, 2026-03-21 04:31:24, 2026-03-21 04:46:34, 2026-03-21 05:01:39, 2026-03-21 05:16:23, 2026-03-21 05:31:19, 2026-03-21 05:46:26, 2026-03-21 05:59:51, 2026-03-21 06:16:56, 2026-03-21 06:31:26, 2026-03-21 07:00:54, 2026-03-21 07:16:36, 2026-03-21 07:31:27, 2026-03-21 07:46:25, 2026-03-21 07:56:53, 2026-03-21 08:16:47, 2026-03-21 08:31:30, 2026-03-21 08:46:19, 2026-03-21 09:16:24, 2026-03-21 09:31:38, 2026-03-21 09:43:16, 2026-03-21 10:01:31, 2026-03-21 10:16:35, 2026-03-21 10:31:46, 2026-03-21 10:46:02, 2026-03-21 11:01:32, 2026-03-21 11:16:21, 2026-03-21 11:31:46, 2026-03-21 11:42:19, 2026-03-21 11:59:33, 2026-03-21 12:16:25, 2026-03-21 12:31:49, 2026-03-21 13:01:51, 2026-03-21 13:16:37, 2026-03-21 13:31:25", "cumulative_total": 217 }, "geometry": { "type": "Polygon", "coordinates": [ [ [ -70.227309569860267, 47.133244221811871 ], [ -70.233648033579456, 47.136107074910754 ], [ -70.233184269192606, 47.141284393383806 ], [ -70.226380774284408, 47.143598760022705 ], [ -70.220041870833711, 47.140735487963482 ], [ -70.220506901977714, 47.135558268292527 ], [ -70.227309569860267, 47.133244221811871 ] ] ] } },
{ "type": "Feature", "properties": { "hex_id": 880498, "centroid_lon": -70.220971803871862, "centroid_lat": 47.130381040412345, "occurrences_today": 52, "datetimes_today": "2026-03-21 00:01:33, 2026-03-21 00:12:00, 2026-03-21 00:31:48, 2026-03-21 00:46:48, 2026-03-21 01:01:24, 2026-03-21 01:14:09, 2026-03-21 01:31:28, 2026-03-21 01:46:29, 2026-03-21 01:57:15, 2026-03-21 02:17:04, 2026-03-21 02:31:25, 2026-03-21 02:46:28, 2026-03-21 03:01:50, 2026-03-21 03:16:22, 2026-03-21 03:31:34, 2026-03-21 03:46:43, 2026-03-21 03:59:50, 2026-03-21 04:16:22, 2026-03-21 04:31:24, 2026-03-21 04:46:34, 2026-03-21 05:01:39, 2026-03-21 05:16:23, 2026-03-21 05:31:19, 2026-03-21 05:46:26, 2026-03-21 05:59:51, 2026-03-21 06:16:56, 2026-03-21 06:31:26, 2026-03-21 07:00:54, 2026-03-21 07:16:36, 2026-03-21 07:31:27, 2026-03-21 07:46:25, 2026-03-21 07:56:53, 2026-03-21 08:16:47, 2026-03-21 08:31:30, 2026-03-21 08:46:19, 2026-03-21 09:16:24, 2026-03-21 09:31:38, 2026-03-21 09:43:16, 2026-03-21 10:01:31, 2026-03-21 10:16:35, 2026-03-21 10:31:46, 2026-03-21 10:46:02, 2026-03-21 11:01:32, 2026-03-21 11:16:21, 2026-03-21 11:31:46, 2026-03-21 11:42:19, 2026-03-21 11:59:33, 2026-03-21 12:16:25, 2026-03-21 12:31:49, 2026-03-21 13:01:51, 2026-03-21 13:16:37, 2026-03-21 13:31:25", "cumulative_total": 221 }, "geometry": { "type": "Polygon", "coordinates": [ [ [ -70.221436576561189, 47.125203804324158 ], [ -70.227773774046128, 47.128066940407145 ], [ -70.227309569860267, 47.133244221811871 ], [ -70.220506901977714, 47.135558268292527 ], [ -70.214169265216626, 47.132694713316845 ], [ -70.214634735569206, 47.127517530819986 ], [ -70.221436576561189, 47.125203804324158 ] ] ] } },
{ "type": "Feature", "properties": { "hex_id": 977031, "centroid_lon": -69.054974365299586, "centroid_lat": 48.229474448975282, "occurrences_today": 3, "datetimes_today": "2026-03-21 20:31:48, 2026-03-21 20:47:05, 2026-03-21 21:01:55", "cumulative_total": 84 }, "geometry": { "type": "Polygon", "coordinates": [ [ [ -69.055574829712782, 48.224308097155976 ], [ -69.061970819419074, 48.227238542966269 ], [ -69.061370937125162, 48.232404952251521 ], [ -69.05437373162566, 48.234640790497536 ], [ -69.047977329091111, 48.231709901605662 ], [ -69.048578544823712, 48.226543617617985 ], [ -69.055574829712782, 48.224308097155976 ] ] ] } },
{ "type": "Feature", "properties": { "hex_id": 977641, "centroid_lon": -69.049179591140955, "centroid_lat": 48.221377323321803, "occurrences_today": 3, "datetimes_today": "2026-03-21 20:31:48, 2026-03-21 20:47:05, 2026-03-21 21:01:55", "cumulative_total": 83 }, "geometry": { "type": "Polygon", "coordinates": [ [ [ -69.049780468103506, 48.216211018719143 ], [ -69.056175124925844, 48.219141735041646 ], [ -69.055574829712782, 48.224308097155976 ], [ -69.048578544823712, 48.226543617617985 ], [ -69.042183475636918, 48.223612458292607 ], [ -69.042785103643013, 48.218446221576684 ], [ -69.049780468103506, 48.216211018719143 ] ] ] } },
{ "type": "Feature", "properties": { "hex_id": 978252, "centroid_lon": -69.041581678060908, "centroid_lat": 48.228778684688542, "occurrences_today": 3, "datetimes_today": "2026-03-21 20:31:48, 2026-03-21 20:47:05, 2026-03-21 21:01:55", "cumulative_total": 83 }, "geometry": { "type": "Polygon", "coordinates": [ [ [ -69.042183475636918, 48.223612458292607 ], [ -69.048578544823712, 48.226543617617985 ], [ -69.047977329091111, 48.231709901605662 ], [ -69.040979710854302, 48.233944900762495 ], [ -69.034584229485077, 48.231013298272813 ], [ -69.035186778474355, 48.225847139859219 ], [ -69.042183475636918, 48.223612458292607 ] ] ] } },
{ "type": "Feature", "properties": { "hex_id": 879887, "centroid_lon": -70.228237849223916, "centroid_lat": 47.122889650804552, "occurrences_today": 52, "datetimes_today": "2026-03-21 00:01:33, 2026-03-21 00:12:00, 2026-03-21 00:31:48, 2026-03-21 00:46:48, 2026-03-21 01:01:24, 2026-03-21 01:14:09, 2026-03-21 01:31:28, 2026-03-21 01:46:29, 2026-03-21 01:57:15, 2026-03-21 02:17:04, 2026-03-21 02:31:25, 2026-03-21 02:46:28, 2026-03-21 03:01:50, 2026-03-21 03:16:22, 2026-03-21 03:31:34, 2026-03-21 03:46:43, 2026-03-21 03:59:50, 2026-03-21 04:16:22, 2026-03-21 04:31:24, 2026-03-21 04:46:34, 2026-03-21 05:01:39, 2026-03-21 05:16:23, 2026-03-21 05:31:19, 2026-03-21 05:46:26, 2026-03-21 05:59:51, 2026-03-21 06:16:56, 2026-03-21 06:31:26, 2026-03-21 07:00:54, 2026-03-21 07:16:36, 2026-03-21 07:31:27, 2026-03-21 07:46:25, 2026-03-21 07:56:53, 2026-03-21 08:16:47, 2026-03-21 08:31:30, 2026-03-21 08:46:19, 2026-03-21 09:16:24, 2026-03-21 09:31:38, 2026-03-21 09:43:16, 2026-03-21 10:01:31, 2026-03-21 10:16:35, 2026-03-21 10:31:46, 2026-03-21 10:46:02, 2026-03-21 11:01:32, 2026-03-21 11:16:21, 2026-03-21 11:31:46, 2026-03-21 11:42:19, 2026-03-21 11:59:33, 2026-03-21 12:16:25, 2026-03-21 12:31:49, 2026-03-21 13:01:51, 2026-03-21 13:16:37, 2026-03-21 13:31:25", "cumulative_total": 140 }, "geometry": { "type": "Polygon", "coordinates": [ [ [ -70.228701795438639, 47.117712353005295 ], [ -70.235038553512396, 47.12057507035496 ], [ -70.234575175694417, 47.125752413395084 ], [ -70.227773774046128, 47.128066940407145 ], [ -70.221436576561189, 47.125203804324158 ], [ -70.221901220090771, 47.120026560029217 ], [ -70.228701795438639, 47.117712353005295 ] ] ] } },
{ "type": "Feature", "properties": { "hex_id": 881108, "centroid_lon": -70.215100076565307, "centroid_lat": 47.122340340106255, "occurrences_today": 52, "datetimes_today": "2026-03-21 00:01:33, 2026-03-21 00:12:00, 2026-03-21 00:31:48, 2026-03-21 00:46:48, 2026-03-21 01:01:24, 2026-03-21 01:14:09, 2026-03-21 01:31:28, 2026-03-21 01:46:29, 2026-03-21 01:57:15, 2026-03-21 02:17:04, 2026-03-21 02:31:25, 2026-03-21 02:46:28, 2026-03-21 03:01:50, 2026-03-21 03:16:22, 2026-03-21 03:31:34, 2026-03-21 03:46:43, 2026-03-21 03:59:50, 2026-03-21 04:16:22, 2026-03-21 04:31:24, 2026-03-21 04:46:34, 2026-03-21 05:01:39, 2026-03-21 05:16:23, 2026-03-21 05:31:19, 2026-03-21 05:46:26, 2026-03-21 05:59:51, 2026-03-21 06:16:56, 2026-03-21 06:31:26, 2026-03-21 07:00:54, 2026-03-21 07:16:36, 2026-03-21 07:31:27, 2026-03-21 07:46:25, 2026-03-21 07:56:53, 2026-03-21 08:16:47, 2026-03-21 08:31:30, 2026-03-21 08:46:19, 2026-03-21 09:16:24, 2026-03-21 09:31:38, 2026-03-21 09:43:16, 2026-03-21 10:01:31, 2026-03-21 10:16:35, 2026-03-21 10:31:46, 2026-03-21 10:46:02, 2026-03-21 11:01:32, 2026-03-21 11:16:21, 2026-03-21 11:31:46, 2026-03-21 11:42:19, 2026-03-21 11:59:33, 2026-03-21 12:16:25, 2026-03-21 12:31:49, 2026-03-21 13:01:51, 2026-03-21 13:16:37, 2026-03-21 13:31:25", "cumulative_total": 140 }, "geometry": { "type": "Polygon", "coordinates": [ [ [ -70.215565288250005, 47.11716314117686 ], [ -70.221901220090771, 47.120026560029217 ], [ -70.221436576561189, 47.125203804324158 ], [ -70.214634735569206, 47.127517530819986 ], [ -70.208298364907236, 47.124653693142626 ], [ -70.20876427401339, 47.119476547861204 ], [ -70.215565288250005, 47.11716314117686 ] ] ] } },
{ "type": "Feature", "properties": { "hex_id": 881110, "centroid_lon": -70.212306089339052, "centroid_lat": 47.153403361110705, "occurrences_today": 52, "datetimes_today": "2026-03-21 00:01:33, 2026-03-21 00:12:00, 2026-03-21 00:31:48, 2026-03-21 00:46:48, 2026-03-21 01:01:24, 2026-03-21 01:14:09, 2026-03-21 01:31:28, 2026-03-21 01:46:29, 2026-03-21 01:57:15, 2026-03-21 02:17:04, 2026-03-21 02:31:25, 2026-03-21 02:46:28, 2026-03-21 03:01:50, 2026-03-21 03:16:22, 2026-03-21 03:31:34, 2026-03-21 03:46:43, 2026-03-21 03:59:50, 2026-03-21 04:16:22, 2026-03-21 04:31:24, 2026-03-21 04:46:34, 2026-03-21 05:01:39, 2026-03-21 05:16:23, 2026-03-21 05:31:19, 2026-03-21 05:46:26, 2026-03-21 05:59:51, 2026-03-21 06:16:56, 2026-03-21 06:31:26, 2026-03-21 07:00:54, 2026-03-21 07:16:36, 2026-03-21 07:31:27, 2026-03-21 07:46:25, 2026-03-21 07:56:53, 2026-03-21 08:16:47, 2026-03-21 08:31:30, 2026-03-21 08:46:19, 2026-03-21 09:16:24, 2026-03-21 09:31:38, 2026-03-21 09:43:16, 2026-03-21 10:01:31, 2026-03-21 10:16:35, 2026-03-21 10:31:46, 2026-03-21 10:46:02, 2026-03-21 11:01:32, 2026-03-21 11:16:21, 2026-03-21 11:31:46, 2026-03-21 11:42:19, 2026-03-21 11:59:33, 2026-03-21 12:16:25, 2026-03-21 12:31:49, 2026-03-21 13:01:51, 2026-03-21 13:16:37, 2026-03-21 13:31:25", "cumulative_total": 134 }, "geometry": { "type": "Polygon", "coordinates": [ [ [ -70.212772077568829, 47.148226211493764 ], [ -70.219111420615818, 47.151089902672744 ], [ -70.218646001451688, 47.156267097708579 ], [ -70.211839971527041, 47.158580502504542 ], [ -70.205500189019233, 47.155716392046322 ], [ -70.205966875851701, 47.15053929613822 ], [ -70.212772077568829, 47.148226211493764 ] ] ] } },
{ "type": "Feature", "properties": { "hex_id": 881719, "centroid_lon": -70.207832326293001, "centroid_lat": 47.129830830198273, "occurrences_today": 52, "datetimes_today": "2026-03-21 00:01:33, 2026-03-21 00:12:00, 2026-03-21 00:31:48, 2026-03-21 00:46:48, 2026-03-21 01:01:24, 2026-03-21 01:14:09, 2026-03-21 01:31:28, 2026-03-21 01:46:29, 2026-03-21 01:57:15, 2026-03-21 02:17:04, 2026-03-21 02:31:25, 2026-03-21 02:46:28, 2026-03-21 03:01:50, 2026-03-21 03:16:22, 2026-03-21 03:31:34, 2026-03-21 03:46:43, 2026-03-21 03:59:50, 2026-03-21 04:16:22, 2026-03-21 04:31:24, 2026-03-21 04:46:34, 2026-03-21 05:01:39, 2026-03-21 05:16:23, 2026-03-21 05:31:19, 2026-03-21 05:46:26, 2026-03-21 05:59:51, 2026-03-21 06:16:56, 2026-03-21 06:31:26, 2026-03-21 07:00:54, 2026-03-21 07:16:36, 2026-03-21 07:31:27, 2026-03-21 07:46:25, 2026-03-21 07:56:53, 2026-03-21 08:16:47, 2026-03-21 08:31:30, 2026-03-21 08:46:19, 2026-03-21 09:16:24, 2026-03-21 09:31:38, 2026-03-21 09:43:16, 2026-03-21 10:01:31, 2026-03-21 10:16:35, 2026-03-21 10:31:46, 2026-03-21 10:46:02, 2026-03-21 11:01:32, 2026-03-21 11:16:21, 2026-03-21 11:31:46, 2026-03-21 11:42:19, 2026-03-21 11:59:33, 2026-03-21 12:16:25, 2026-03-21 12:31:49, 2026-03-21 13:01:51, 2026-03-21 13:16:37, 2026-03-21 13:31:25", "cumulative_total": 134 }, "geometry": { "type": "Polygon", "coordinates": [ [ [ -70.208298364907236, 47.124653693142626 ], [ -70.214634735569206, 47.127517530819986 ], [ -70.214169265216626, 47.132694713316845 ], [ -70.20736615812551, 47.135007959026886 ], [ -70.201029348777709, 47.132143702365212 ], [ -70.201496085161708, 47.12696661904458 ], [ -70.208298364907236, 47.124653693142626 ] ] ] } },
{ "type": "Feature", "properties": { "hex_id": 881720, "centroid_lon": -70.206433432950064, "centroid_lat": 47.145362191998103, "occurrences_today": 52, "datetimes_today": "2026-03-21 00:01:33, 2026-03-21 00:12:00, 2026-03-21 00:31:48, 2026-03-21 00:46:48, 2026-03-21 01:01:24, 2026-03-21 01:14:09, 2026-03-21 01:31:28, 2026-03-21 01:46:29, 2026-03-21 01:57:15, 2026-03-21 02:17:04, 2026-03-21 02:31:25, 2026-03-21 02:46:28, 2026-03-21 03:01:50, 2026-03-21 03:16:22, 2026-03-21 03:31:34, 2026-03-21 03:46:43, 2026-03-21 03:59:50, 2026-03-21 04:16:22, 2026-03-21 04:31:24, 2026-03-21 04:46:34, 2026-03-21 05:01:39, 2026-03-21 05:16:23, 2026-03-21 05:31:19, 2026-03-21 05:46:26, 2026-03-21 05:59:51, 2026-03-21 06:16:56, 2026-03-21 06:31:26, 2026-03-21 07:00:54, 2026-03-21 07:16:36, 2026-03-21 07:31:27, 2026-03-21 07:46:25, 2026-03-21 07:56:53, 2026-03-21 08:16:47, 2026-03-21 08:31:30, 2026-03-21 08:46:19, 2026-03-21 09:16:24, 2026-03-21 09:31:38, 2026-03-21 09:43:16, 2026-03-21 10:01:31, 2026-03-21 10:16:35, 2026-03-21 10:31:46, 2026-03-21 10:46:02, 2026-03-21 11:01:32, 2026-03-21 11:16:21, 2026-03-21 11:31:46, 2026-03-21 11:42:19, 2026-03-21 11:59:33, 2026-03-21 12:16:25, 2026-03-21 12:31:49, 2026-03-21 13:01:51, 2026-03-21 13:16:37, 2026-03-21 13:31:25", "cumulative_total": 134 }, "geometry": { "type": "Polygon", "coordinates": [ [ [ -70.206899860359599, 47.140185079627251 ], [ -70.213237936261564, 47.143049053654977 ], [ -70.212772077568829, 47.148226211493764 ], [ -70.205966875851701, 47.15053929613822 ], [ -70.199628360944388, 47.147674902899055 ], [ -70.200095486714318, 47.142497844293693 ], [ -70.206899860359599, 47.140185079627251 ] ] ] } },
{ "type": "Feature", "properties": { "hex_id": 1382557, "centroid_lon": -64.134547608593095, "centroid_lat": 50.272593281424179, "occurrences_today": 2, "datetimes_today": "2026-03-21 00:46:48, 2026-03-21 01:01:24", "cumulative_total": 18 }, "geometry": { "type": "Polygon", "coordinates": [ [ [ -64.135722051743087, 50.267493986147905 ], [ -64.142025174607383, 50.270695323879522 ], [ -64.140851271468776, 50.27579472412372 ], [ -64.133372827666719, 50.277692552158811 ], [ -64.127069502630079, 50.274490713158478 ], [ -64.1282448234425, 50.26939154745903 ], [ -64.135722051743087, 50.267493986147905 ] ] ] } },
{ "type": "Feature", "properties": { "hex_id": 1366684, "centroid_lon": -64.313786591869757, "centroid_lat": 50.289407782677273, "occurrences_today": 2, "datetimes_today": "2026-03-21 00:46:48, 2026-03-21 01:01:24", "cumulative_total": 4 }, "geometry": { "type": "Polygon", "coordinates": [ [ [ -64.31494257613231, 50.284305462055016 ], [ -64.321261462518507, 50.287497838278931 ], [ -64.320106023201745, 50.29260026238196 ], [ -64.31263027484539, 50.294510079389745 ], [ -64.306311176337033, 50.291317202299666 ], [ -64.307468038183529, 50.286215009135603 ], [ -64.31494257613231, 50.284305462055016 ] ] ] } },
{ "type": "Feature", "properties": { "hex_id": 1367294, "centroid_lon": -64.308624567136633, "centroid_lat": 50.281112792041334, "occurrences_today": 2, "datetimes_today": "2026-03-21 00:46:48, 2026-03-21 01:01:24", "cumulative_total": 4 }, "geometry": { "type": "Polygon", "coordinates": [ [ [ -64.309780763320006, 50.276010551024335 ], [ -64.316098227756726, 50.279203117530436 ], [ -64.31494257613231, 50.284305462055016 ], [ -64.307468038183529, 50.286215009135603 ], [ -64.301150362019399, 50.283021941879355 ], [ -64.302307435407826, 50.277919828360282 ], [ -64.309780763320006, 50.276010551024335 ] ] ] } },
{ "type": "Feature", "properties": { "hex_id": 1367905, "centroid_lon": -64.299992955606072, "centroid_lat": 50.288124031447815, "occurrences_today": 2, "datetimes_today": "2026-03-21 00:46:48, 2026-03-21 01:01:24", "cumulative_total": 4 }, "geometry": { "type": "Polygon", "coordinates": [ [ [ -64.301150362019399, 50.283021941879355 ], [ -64.307468038183529, 50.286215009135603 ], [ -64.306311176337033, 50.291317202299666 ], [ -64.298835216044054, 50.293226097058195 ], [ -64.292517328523658, 50.290032528903815 ], [ -64.293675612528702, 50.284930566956646 ], [ -64.301150362019399, 50.283021941879355 ] ] ] } },
{ "type": "Feature", "properties": { "hex_id": 1368515, "centroid_lon": -64.294833563253633, "centroid_lat": 50.279828581030969, "occurrences_today": 2, "datetimes_today": "2026-03-21 00:46:48, 2026-03-21 01:01:24", "cumulative_total": 4 }, "geometry": { "type": "Polygon", "coordinates": [ [ [ -64.29599118082227, 50.274726571134281 ], [ -64.302307435407826, 50.277919828360282 ], [ -64.301150362019399, 50.283021941879355 ], [ -64.293675612528702, 50.284930566956646 ], [ -64.287359146981132, 50.281736808948587 ], [ -64.288517641762482, 50.276634926712859 ], [ -64.29599118082227, 50.274726571134281 ] ] ] } },
{ "type": "Feature", "properties": { "hex_id": 1369126, "centroid_lon": -64.286200318788303, "centroid_lat": 50.286838667185371, "occurrences_today": 2, "datetimes_today": "2026-03-21 00:46:48, 2026-03-21 01:01:24", "cumulative_total": 4 }, "geometry": { "type": "Polygon", "coordinates": [ [ [ -64.287359146981132, 50.281736808948587 ], [ -64.293675612528702, 50.284930566956646 ], [ -64.292517328523658, 50.290032528903815 ], [ -64.285041157060149, 50.291940501415738 ], [ -64.278724480922122, 50.28874624247775 ], [ -64.279884186714128, 50.28364451202534 ], [ -64.287359146981132, 50.281736808948587 ] ] ] } },
{ "type": "Feature", "properties": { "hex_id": 1369736, "centroid_lon": -64.281043558839499, "centroid_lat": 50.278542757546063, "occurrences_today": 2, "datetimes_today": "2026-03-21 00:46:48, 2026-03-21 01:01:24", "cumulative_total": 4 }, "geometry": { "type": "Polygon", "coordinates": [ [ [ -64.282202597422156, 50.273440979047415 ], [ -64.288517641762482, 50.276634926712859 ], [ -64.287359146981132, 50.281736808948587 ], [ -64.279884186714128, 50.28364451202534 ], [ -64.273568932177156, 50.280450063546105 ], [ -64.274728847979944, 50.275348412871452 ], [ -64.282202597422156, 50.273440979047415 ] ] ] } },
{ "type": "Feature", "properties": { "hex_id": 1370347, "centroid_lon": -64.27240868257654, "centroid_lat": 50.285551690173449, "occurrences_today": 2, "datetimes_today": "2026-03-21 00:46:48, 2026-03-21 01:01:24", "cumulative_total": 4 }, "geometry": { "type": "Polygon", "coordinates": [ [ [ -64.273568932177156, 50.280450063546105 ], [ -64.279884186714128, 50.28364451202534 ], [ -64.278724480922122, 50.28874624247775 ], [ -64.271248099054091, 50.290653292745958 ], [ -64.264932634692386, 50.287458343305161 ], [ -64.26609376189937, 50.282356844625269 ], [ -64.273568932177156, 50.280450063546105 ] ] ] } },
{ "type": "Feature", "properties": { "hex_id": 1370957, "centroid_lon": -64.267254555053398, "centroid_lat": 50.277255321870093, "occurrences_today": 2, "datetimes_today": "2026-03-21 00:46:48, 2026-03-21 01:01:24", "cumulative_total": 4 }, "geometry": { "type": "Polygon", "coordinates": [ [ [ -64.268415014278517, 50.272153775047151 ], [ -64.274728847979944, 50.275348412871452 ], [ -64.273568932177156, 50.280450063546105 ], [ -64.26609376189937, 50.282356844625269 ], [ -64.259779718766552, 50.279161705955609 ], [ -64.260941055218879, 50.274060287119667 ], [ -64.268415014278517, 50.272153775047151 ] ] ] } },
{ "type": "Feature", "properties": { "hex_id": 1371568, "centroid_lon": -64.258618048130245, "centroid_lat": 50.284263100695817, "occurrences_today": 2, "datetimes_today": "2026-03-21 00:46:48, 2026-03-21 01:01:24", "cumulative_total": 4 }, "geometry": { "type": "Polygon", "coordinates": [ [ [ -64.259779718766552, 50.279161705955609 ], [ -64.26609376189937, 50.282356844625269 ], [ -64.264932634692386, 50.287458343305161 ], [ -64.257456043185783, 50.289364471332746 ], [ -64.25114179099387, 50.286168831670061 ], [ -64.252304339243466, 50.281067565040345 ], [ -64.259779718766552, 50.279161705955609 ] ] ] } },
{ "type": "Feature", "properties": { "hex_id": 1372178, "centroid_lon": -64.253466553053968, "centroid_lat": 50.275966274286866, "occurrences_today": 2, "datetimes_today": "2026-03-21 00:46:48, 2026-03-21 01:01:24", "cumulative_total": 4 }, "geometry": { "type": "Polygon", "coordinates": [ [ [ -64.254628432549538, 50.270864959417189 ], [ -64.260941055218879, 50.274060287119667 ], [ -64.259779718766552, 50.279161705955609 ], [ -64.252304339243466, 50.281067565040345 ], [ -64.245991507907874, 50.277871736461115 ], [ -64.247154264637459, 50.272770549741402 ], [ -64.254628432549538, 50.270864959417189 ] ] ] } },
{ "type": "Feature", "properties": { "hex_id": 1372179, "centroid_lon": -64.249978908180907, "centroid_lat": 50.29127007416848, "occurrences_today": 2, "datetimes_today": "2026-03-21 00:46:48, 2026-03-21 01:01:24", "cumulative_total": 4 }, "geometry": { "type": "Polygon", "coordinates": [ [ [ -64.25114179099387, 50.286168831670061 ], [ -64.257456043185783, 50.289364471332746 ], [ -64.256293703808936, 50.294465817858843 ], [ -64.24881569068026, 50.296371292528036 ], [ -64.242501229802045, 50.293175151724661 ], [ -64.243664990614491, 50.288074037460298 ], [ -64.25114179099387, 50.286168831670061 ] ] ] } },
{ "type": "Feature", "properties": { "hex_id": 1372789, "centroid_lon": -64.244828416608314, "centroid_lat": 50.282972899036594, "occurrences_today": 2, "datetimes_today": "2026-03-21 00:46:48, 2026-03-21 01:01:24", "cumulative_total": 4 }, "geometry": { "type": "Polygon", "coordinates": [ [ [ -64.245991507907874, 50.277871736461115 ], [ -64.252304339243466, 50.281067565040345 ], [ -64.25114179099387, 50.286168831670061 ], [ -64.243664990614491, 50.288074037460298 ], [ -64.237351950985357, 50.284877707856758 ], [ -64.238515919904827, 50.279776673554771 ], [ -64.245991507907874, 50.277871736461115 ] ] ] } },
{ "type": "Feature", "properties": { "hex_id": 1373399, "centroid_lon": -64.239679553999224, "centroid_lat": 50.274675615080525, "occurrences_today": 2, "datetimes_today": "2026-03-21 00:46:48, 2026-03-21 01:01:24", "cumulative_total": 4 }, "geometry": { "type": "Polygon", "coordinates": [ [ [ -64.240842853392877, 50.269574532441567 ], [ -64.247154264637459, 50.272770549741402 ], [ -64.245991507907874, 50.277871736461115 ], [ -64.238515919904827, 50.279776673554771 ], [ -64.232204300759065, 50.276580155346949 ], [ -64.233368477393242, 50.271479201020917 ], [ -64.240842853392877, 50.269574532441567 ] ] ] } },
{ "type": "Feature", "properties": { "hex_id": 1373400, "centroid_lon": -64.236187647116452, "centroid_lat": 50.289978717978897, "occurrences_today": 2, "datetimes_today": "2026-03-21 00:46:48, 2026-03-21 01:01:24", "cumulative_total": 4 }, "geometry": { "type": "Polygon", "coordinates": [ [ [ -64.237351950985357, 50.284877707856758 ], [ -64.243664990614491, 50.288074037460298 ], [ -64.242501229802045, 50.293175151724661 ], [ -64.235023008173641, 50.295079703913636 ], [ -64.22870976062417, 50.291882873138192 ], [ -64.229874942498981, 50.286781991413164 ], [ -64.237351950985357, 50.284877707856758 ] ] ] } },
{ "type": "Feature", "properties": { "hex_id": 1374009, "centroid_lon": -64.234532319195992, "centroid_lat": 50.266378222509701, "occurrences_today": 2, "datetimes_today": "2026-03-21 00:46:48, 2026-03-21 01:01:24", "cumulative_total": 4 }, "geometry": { "type": "Polygon", "coordinates": [ [ [ -64.235695826291618, 50.261277219820848 ], [ -64.242005818210032, 50.264473425645456 ], [ -64.240842853392877, 50.269574532441567 ], [ -64.233368477393242, 50.271479201020917 ], [ -64.227058277965625, 50.26828249440463 ], [ -64.228222661922587, 50.263181620068082 ], [ -64.235695826291618, 50.261277219820848 ] ] ] } },
{ "type": "Feature", "properties": { "hex_id": 1374010, "centroid_lon": -64.231039789169117, "centroid_lat": 50.28168108548023, "occurrences_today": 2, "datetimes_today": "2026-03-21 00:46:48, 2026-03-21 01:01:24", "cumulative_total": 4 }, "geometry": { "type": "Polygon", "coordinates": [ [ [ -64.232204300759065, 50.276580155346949 ], [ -64.238515919904827, 50.279776673554771 ], [ -64.237351950985357, 50.284877707856758 ], [ -64.229874942498981, 50.286781991413164 ], [ -64.223563115825144, 50.283584972149896 ], [ -64.224728505041327, 50.278484170453112 ], [ -64.232204300759065, 50.276580155346949 ] ] ] } },
{ "type": "Feature", "properties": { "hex_id": 1374620, "centroid_lon": -64.225893559046668, "centroid_lat": 50.27338334453551, "occurrences_today": 2, "datetimes_today": "2026-03-21 00:46:48, 2026-03-21 01:01:24", "cumulative_total": 4 }, "geometry": { "type": "Polygon", "coordinates": [ [ [ -64.227058277965625, 50.26828249440463 ], [ -64.233368477393242, 50.271479201020917 ], [ -64.232204300759065, 50.276580155346949 ], [ -64.224728505041327, 50.278484170453112 ], [ -64.218418098477528, 50.275286962897773 ], [ -64.219583694643219, 50.270186241242754 ], [ -64.227058277965625, 50.26828249440463 ] ] ] } },
{ "type": "Feature", "properties": { "hex_id": 1374621, "centroid_lon": -64.222397391273617, "centroid_lat": 50.288685749618239, "occurrences_today": 2, "datetimes_today": "2026-03-21 00:46:48, 2026-03-21 01:01:24", "cumulative_total": 4 }, "geometry": { "type": "Polygon", "coordinates": [ [ [ -64.223563115825144, 50.283584972149896 ], [ -64.229874942498981, 50.286781991413164 ], [ -64.22870976062417, 50.291882873138192 ], [ -64.221231331262189, 50.293786502850587 ], [ -64.214919297433852, 50.290588982384378 ], [ -64.21608589999741, 50.285488333476181 ], [ -64.223563115825144, 50.283584972149896 ] ] ] } },
{ "type": "Feature", "properties": { "hex_id": 1375230, "centroid_lon": -64.220748955592043, "centroid_lat": 50.265085495353993, "occurrences_today": 2, "datetimes_today": "2026-03-21 00:46:48, 2026-03-21 01:01:24", "cumulative_total": 4 }, "geometry": { "type": "Polygon", "coordinates": [ [ [ -64.221913881448359, 50.25998472523905 ], [ -64.228222661922587, 50.263181620068082 ], [ -64.227058277965625, 50.26828249440463 ], [ -64.219583694643219, 50.270186241242754 ], [ -64.213274707424304, 50.266988845591051 ], [ -64.214440510148094, 50.261888203991269 ], [ -64.221913881448359, 50.25998472523905 ] ] ] } },
{ "type": "Feature", "properties": { "hex_id": 1375231, "centroid_lon": -64.217252166970425, "centroid_lat": 50.280387660311447, "occurrences_today": 2, "datetimes_today": "2026-03-21 00:46:48, 2026-03-21 01:01:24", "cumulative_total": 4 }, "geometry": { "type": "Polygon", "coordinates": [ [ [ -64.218418098477528, 50.275286962897773 ], [ -64.224728505041327, 50.278484170453112 ], [ -64.223563115825144, 50.283584972149896 ], [ -64.21608589999741, 50.285488333476181 ], [ -64.209775286670904, 50.282290624834424 ], [ -64.210942095810267, 50.277190056020224 ], [ -64.218418098477528, 50.275286962897773 ] ] ] } },
{ "type": "Feature", "properties": { "hex_id": 1375841, "centroid_lon": -64.212108569353191, "centroid_lat": 50.27208946293657, "occurrences_today": 2, "datetimes_today": "2026-03-21 00:46:48, 2026-03-21 01:01:24", "cumulative_total": 4 }, "geometry": { "type": "Polygon", "coordinates": [ [ [ -64.213274707424304, 50.266988845591051 ], [ -64.219583694643219, 50.270186241242754 ], [ -64.218418098477528, 50.275286962897773 ], [ -64.210942095810267, 50.277190056020224 ], [ -64.204632902220055, 50.273992159398546 ], [ -64.205799917543843, 50.268891670691801 ], [ -64.213274707424304, 50.266988845591051 ] ] ] } },
{ "type": "Feature", "properties": { "hex_id": 1375842, "centroid_lon": -64.208608141810487, "centroid_lat": 50.287391169371567, "occurrences_today": 2, "datetimes_today": "2026-03-21 00:46:48, 2026-03-21 01:01:24", "cumulative_total": 4 }, "geometry": { "type": "Polygon", "coordinates": [ [ [ -64.209775286670904, 50.282290624834424 ], [ -64.21608589999741, 50.285488333476181 ], [ -64.214919297433852, 50.290588982384378 ], [ -64.207440661104329, 50.292491689624036 ], [ -64.201129841389104, 50.289293479748494 ], [ -64.202297864267393, 50.284193063934524 ], [ -64.209775286670904, 50.282290624834424 ] ] ] } },
{ "type": "Feature", "properties": { "hex_id": 1376451, "centroid_lon": -64.206966597265449, "centroid_lat": 50.263791157702691, "occurrences_today": 2, "datetimes_today": "2026-03-21 00:46:48, 2026-03-21 01:01:24", "cumulative_total": 4 }, "geometry": { "type": "Polygon", "coordinates": [ [ [ -64.208132941509419, 50.258690620438777 ], [ -64.214440510148094, 50.261888203991269 ], [ -64.213274707424304, 50.266988845591051 ], [ -64.205799917543843, 50.268891670691801 ], [ -64.199492142924896, 50.265693586285799 ], [ -64.200659364042153, 50.26059317769991 ], [ -64.208132941509419, 50.258690620438777 ] ] ] } },
{ "type": "Feature", "properties": { "hex_id": 1376452, "centroid_lon": -64.203465551169458, "centroid_lat": 50.279092623815323, "occurrences_today": 2, "datetimes_today": "2026-03-21 00:46:48, 2026-03-21 01:01:24", "cumulative_total": 4 }, "geometry": { "type": "Polygon", "coordinates": [ [ [ -64.204632902220055, 50.273992159398546 ], [ -64.210942095810267, 50.277190056020224 ], [ -64.209775286670904, 50.282290624834424 ], [ -64.202297864267393, 50.284193063934524 ], [ -64.195988464679772, 50.280994666195625 ], [ -64.197156693368385, 50.27589433054127 ], [ -64.204632902220055, 50.273992159398546 ] ] ] } },
{ "type": "Feature", "properties": { "hex_id": 1377062, "centroid_lon": -64.198324586075174, "centroid_lat": 50.270793970568796, "occurrences_today": 2, "datetimes_today": "2026-03-21 00:46:48, 2026-03-21 01:01:24", "cumulative_total": 4 }, "geometry": { "type": "Polygon", "coordinates": [ [ [ -64.199492142924896, 50.265693586285799 ], [ -64.205799917543843, 50.268891670691801 ], [ -64.204632902220055, 50.273992159398546 ], [ -64.197156693368385, 50.27589433054127 ], [ -64.190848713142941, 50.272695745134563 ], [ -64.192017147250979, 50.267595489653232 ], [ -64.199492142924896, 50.265693586285799 ] ] ] } },
{ "type": "Feature", "properties": { "hex_id": 1377063, "centroid_lon": -64.194819899884592, "centroid_lat": 50.286094977524229, "occurrences_today": 2, "datetimes_today": "2026-03-21 00:46:48, 2026-03-21 01:01:24", "cumulative_total": 4 }, "geometry": { "type": "Polygon", "coordinates": [ [ [ -64.195988464679772, 50.280994666195625 ], [ -64.202297864267393, 50.284193063934524 ], [ -64.201129841389104, 50.289293479748494 ], [ -64.193650998858004, 50.291195264519459 ], [ -64.18734139364733, 50.287996365516094 ], [ -64.188510836465952, 50.282896183073639 ], [ -64.195988464679772, 50.280994666195625 ] ] ] } },
{ "type": "Feature", "properties": { "hex_id": 1377672, "centroid_lon": -64.193185245371723, "centroid_lat": 50.262495209840864, "occurrences_today": 2, "datetimes_today": "2026-03-21 00:46:48, 2026-03-21 01:01:24", "cumulative_total": 4 }, "geometry": { "type": "Polygon", "coordinates": [ [ [ -64.194353007629871, 50.257394905705063 ], [ -64.200659364042153, 50.26059317769991 ], [ -64.199492142924896, 50.265693586285799 ], [ -64.192017147250979, 50.267595489653232 ], [ -64.185710585622758, 50.264396716774179 ], [ -64.18687922475975, 50.259296541479216 ], [ -64.194353007629871, 50.257394905705063 ] ] ] } },
{ "type": "Feature", "properties": { "hex_id": 1377673, "centroid_lon": -64.189679942922851, "centroid_lat": 50.277795976277261, "occurrences_today": 2, "datetimes_today": "2026-03-21 00:46:48, 2026-03-21 01:01:24", "cumulative_total": 4 }, "geometry": { "type": "Polygon", "coordinates": [ [ [ -64.190848713142941, 50.272695745134563 ], [ -64.197156693368385, 50.27589433054127 ], [ -64.195988464679772, 50.280994666195625 ], [ -64.188510836465952, 50.282896183073639 ], [ -64.182202651008282, 50.279697096519094 ], [ -64.183372298871831, 50.274596994301753 ], [ -64.190848713142941, 50.272695745134563 ] ] ] } },
{ "type": "Feature", "properties": { "hex_id": 1378283, "centroid_lon": -64.18454161036837, "centroid_lat": 50.269496867717578, "occurrences_today": 2, "datetimes_today": "2026-03-21 00:46:48, 2026-03-21 01:01:24", "cumulative_total": 4 }, "geometry": { "type": "Polygon", "coordinates": [ [ [ -64.185710585622758, 50.264396716774179 ], [ -64.192017147250979, 50.267595489653232 ], [ -64.190848713142941, 50.272695745134563 ], [ -64.183372298871831, 50.274596994301753 ], [ -64.177065532401841, 50.271397720391441 ], [ -64.178235384919915, 50.266297698412565 ], [ -64.185710585622758, 50.264396716774179 ] ] ] } },
{ "type": "Feature", "properties": { "hex_id": 1378284, "centroid_lon": -64.18103266665284, "centroid_lat": 50.284797174361927, "occurrences_today": 2, "datetimes_today": "2026-03-21 00:46:48, 2026-03-21 01:01:24", "cumulative_total": 4 }, "geometry": { "type": "Polygon", "coordinates": [ [ [ -64.182202651008282, 50.279697096519094 ], [ -64.188510836465952, 50.282896183073639 ], [ -64.18734139364733, 50.287996365516094 ], [ -64.179862345680505, 50.289897227822635 ], [ -64.173553955365392, 50.286697639973085 ], [ -64.174724817749549, 50.281597691179357 ], [ -64.182202651008282, 50.279697096519094 ] ] ] } },
{ "type": "Feature", "properties": { "hex_id": 1378893, "centroid_lon": -64.17940490106578, "centroid_lat": 50.261197652053937, "occurrences_today": 2, "datetimes_today": "2026-03-21 00:46:48, 2026-03-21 01:01:24", "cumulative_total": 4 }, "geometry": { "type": "Polygon", "coordinates": [ [ [ -64.180574080964277, 50.256097581323168 ], [ -64.18687922475975, 50.259296541479216 ], [ -64.185710585622758, 50.264396716774179 ], [ -64.178235384919915, 50.266297698412565 ], [ -64.17193003667272, 50.263098237341822 ], [ -64.173100093455318, 50.257998295614698 ], [ -64.180574080964277, 50.256097581323168 ] ] ] } },
{ "type": "Feature", "properties": { "hex_id": 1378894, "centroid_lon": -64.175895343386699, "centroid_lat": 50.27649771798292, "occurrences_today": 2, "datetimes_today": "2026-03-21 00:46:48, 2026-03-21 01:01:24", "cumulative_total": 4 }, "geometry": { "type": "Polygon", "coordinates": [ [ [ -64.177065532401841, 50.271397720391441 ], [ -64.183372298871831, 50.274596994301753 ], [ -64.182202651008282, 50.279697096519094 ], [ -64.174724817749549, 50.281597691179357 ], [ -64.168417846812432, 50.278397916090725 ], [ -64.169588913476218, 50.273298047587495 ], [ -64.177065532401841, 50.271397720391441 ] ] ] } },
{ "type": "Feature", "properties": { "hex_id": 1379504, "centroid_lon": -64.170759643387996, "centroid_lat": 50.268198154668632, "occurrences_today": 2, "datetimes_today": "2026-03-21 00:46:48, 2026-03-21 01:01:24", "cumulative_total": 4 }, "geometry": { "type": "Polygon", "coordinates": [ [ [ -64.17193003667272, 50.263098237341822 ], [ -64.178235384919915, 50.266297698412565 ], [ -64.177065532401841, 50.271397720391441 ], [ -64.169588913476218, 50.273298047587495 ], [ -64.163283361151898, 50.270098085455075 ], [ -64.164454631705397, 50.264998297255602 ], [ -64.17193003667272, 50.263098237341822 ] ] ] } },
{ "type": "Feature", "properties": { "hex_id": 1379505, "centroid_lon": -64.167246443271608, "centroid_lat": 50.283497760170683, "occurrences_today": 2, "datetimes_today": "2026-03-21 00:46:48, 2026-03-21 01:01:24", "cumulative_total": 4 }, "geometry": { "type": "Polygon", "coordinates": [ [ [ -64.168417846812432, 50.278397916090725 ], [ -64.174724817749549, 50.281597691179357 ], [ -64.173553955365392, 50.286697639973085 ], [ -64.16607470272865, 50.288597579819687 ], [ -64.159767527699572, 50.285397303405681 ], [ -64.160939809274069, 50.280297588537785 ], [ -64.168417846812432, 50.278397916090725 ] ] ] } },
{ "type": "Feature", "properties": { "hex_id": 1380114, "centroid_lon": -64.165625565501955, "centroid_lat": 50.25989848462762, "occurrences_today": 2, "datetimes_today": "2026-03-21 00:46:48, 2026-03-21 01:01:24", "cumulative_total": 4 }, "geometry": { "type": "Polygon", "coordinates": [ [ [ -64.166796162666543, 50.254798647578745 ], [ -64.173100093455318, 50.257998295614698 ], [ -64.17193003667272, 50.263098237341822 ], [ -64.164454631705397, 50.264998297255602 ], [ -64.158150497229059, 50.261798148274636 ], [ -64.159321971282722, 50.256698440392171 ], [ -64.166796162666543, 50.254798647578745 ] ] ] } },
{ "type": "Feature", "properties": { "hex_id": 1380115, "centroid_lon": -64.162111753716474, "centroid_lat": 50.275197849218351, "occurrences_today": 2, "datetimes_today": "2026-03-21 00:46:48, 2026-03-21 01:01:24", "cumulative_total": 4 }, "geometry": { "type": "Polygon", "coordinates": [ [ [ -64.163283361151898, 50.270098085455075 ], [ -64.169588913476218, 50.273298047587495 ], [ -64.168417846812432, 50.278397916090725 ], [ -64.160939809274069, 50.280297588537785 ], [ -64.154634053247648, 50.277097125196754 ], [ -64.155806538336591, 50.271997490684591 ], [ -64.163283361151898, 50.270098085455075 ] ] ] } },
{ "type": "Feature", "properties": { "hex_id": 1380725, "centroid_lon": -64.156978686288696, "centroid_lat": 50.266897831708008, "occurrences_today": 2, "datetimes_today": "2026-03-21 00:46:48, 2026-03-21 01:01:24", "cumulative_total": 4 }, "geometry": { "type": "Polygon", "coordinates": [ [ [ -64.158150497229059, 50.261798148274636 ], [ -64.164454631705397, 50.264998297255602 ], [ -64.163283361151898, 50.270098085455075 ], [ -64.155806538336591, 50.271997490684591 ], [ -64.149502200547659, 50.268796840611707 ], [ -64.150674888761571, 50.263697286468521 ], [ -64.158150497229059, 50.261798148274636 ] ] ] } },
{ "type": "Feature", "properties": { "hex_id": 1380726, "centroid_lon": -64.153461230896724, "centroid_lat": 50.282196735236781, "occurrences_today": 2, "datetimes_today": "2026-03-21 00:46:48, 2026-03-21 01:01:24", "cumulative_total": 4 }, "geometry": { "type": "Polygon", "coordinates": [ [ [ -64.154634053247648, 50.277097125196754 ], [ -64.160939809274069, 50.280297588537785 ], [ -64.159767527699572, 50.285397303405681 ], [ -64.152288071158594, 50.287296320797019 ], [ -64.145982111805594, 50.284095356100401 ], [ -64.147155812194896, 50.278995875435356 ], [ -64.154634053247648, 50.277097125196754 ] ] ] } },
{ "type": "Feature", "properties": { "hex_id": 1381335, "centroid_lon": -64.151847239834026, "centroid_lat": 50.258597707847976, "occurrences_today": 2, "datetimes_today": "2026-03-21 00:46:48, 2026-03-21 01:01:24", "cumulative_total": 4 }, "geometry": { "type": "Polygon", "coordinates": [ [ [ -64.153019253890108, 50.253498104757746 ], [ -64.159321971282722, 50.256698440392171 ], [ -64.158150497229059, 50.261798148274636 ], [ -64.150674888761571, 50.263697286468521 ], [ -64.144371968445441, 50.260496449858884 ], [ -64.145544859395272, 50.255396976097821 ], [ -64.153019253890108, 50.253498104757746 ] ] ] } },
{ "type": "Feature", "properties": { "hex_id": 1381336, "centroid_lon": -64.148329175067161, "centroid_lat": 50.273896370269888, "occurrences_today": 2, "datetimes_today": "2026-03-21 00:46:48, 2026-03-21 01:01:24", "cumulative_total": 4 }, "geometry": { "type": "Polygon", "coordinates": [ [ [ -64.149502200547659, 50.268796840611707 ], [ -64.155806538336591, 50.271997490684591 ], [ -64.154634053247648, 50.277097125196754 ], [ -64.147155812194896, 50.278995875435356 ], [ -64.140851271468776, 50.27579472412372 ], [ -64.142025174607383, 50.270695323879522 ], [ -64.149502200547659, 50.268796840611707 ] ] ] } },
{ "type": "Feature", "properties": { "hex_id": 1381337, "centroid_lon": -64.144808073773945, "centroid_lat": 50.289194812257364, "occurrences_today": 2, "datetimes_today": "2026-03-21 00:46:48, 2026-03-21 01:01:24", "cumulative_total": 4 }, "geometry": { "type": "Polygon", "coordinates": [ [ [ -64.145982111805594, 50.284095356100401 ], [ -64.152288071158594, 50.287296320797019 ], [ -64.151114573907961, 50.292395881869751 ], [ -64.143633697974579, 50.294294243898513 ], [ -64.137327535670991, 50.291092777699411 ], [ -64.138502452125962, 50.285993451041364 ], [ -64.145982111805594, 50.284095356100401 ] ] ] } },
{ "type": "Feature", "properties": { "hex_id": 1381946, "centroid_lon": -64.143198740224534, "centroid_lat": 50.265595899122019, "occurrences_today": 2, "datetimes_today": "2026-03-21 00:46:48, 2026-03-21 01:01:24", "cumulative_total": 10 }, "geometry": { "type": "Polygon", "coordinates": [ [ [ -64.144371968445441, 50.260496449858884 ], [ -64.150674888761571, 50.263697286468521 ], [ -64.149502200547659, 50.268796840611707 ], [ -64.142025174607383, 50.270695323879522 ], [ -64.135722051743087, 50.267493986147905 ], [ -64.136896157242035, 50.262394666337727 ], [ -64.144371968445441, 50.260496449858884 ] ] ] } },
{ "type": "Feature", "properties": { "hex_id": 1381947, "centroid_lon": -64.139677030683416, "centroid_lat": 50.280894099846897, "occurrences_today": 2, "datetimes_today": "2026-03-21 00:46:48, 2026-03-21 01:01:24", "cumulative_total": 4 }, "geometry": { "type": "Polygon", "coordinates": [ [ [ -64.140851271468776, 50.27579472412372 ], [ -64.147155812194896, 50.278995875435356 ], [ -64.145982111805594, 50.284095356100401 ], [ -64.138502452125962, 50.285993451041364 ], [ -64.132197708838589, 50.282791798344121 ], [ -64.133372827666719, 50.277692552158811 ], [ -64.140851271468776, 50.27579472412372 ] ] ] } },
{ "type": "Feature", "properties": { "hex_id": 1383168, "centroid_lon": -64.125893843786343, "centroid_lat": 50.27958985428797, "occurrences_today": 2, "datetimes_today": "2026-03-21 00:46:48, 2026-03-21 01:01:24", "cumulative_total": 4 }, "geometry": { "type": "Polygon", "coordinates": [ [ [ -64.127069502630079, 50.274490713158478 ], [ -64.133372827666719, 50.277692552158811 ], [ -64.132197708838589, 50.282791798344121 ], [ -64.124717846785828, 50.284688970839781 ], [ -64.118414319953132, 50.281486630423977 ], [ -64.119590856843757, 50.276387618995237 ], [ -64.127069502630079, 50.274490713158478 ] ] ] } },
{ "type": "Feature", "properties": { "hex_id": 645938, "centroid_lon": -72.829718670983112, "centroid_lat": 45.214230351375285, "occurrences_today": 11, "datetimes_today": "2026-03-21 00:01:33, 2026-03-21 00:12:00, 2026-03-21 00:31:48, 2026-03-21 00:46:48, 2026-03-21 01:01:24, 2026-03-21 01:14:09, 2026-03-21 01:31:28, 2026-03-21 01:46:29, 2026-03-21 01:57:15, 2026-03-21 02:17:04, 2026-03-21 02:31:25", "cumulative_total": 45 }, "geometry": { "type": "Polygon", "coordinates": [ [ [ -72.829916271063198, 45.209037013488853 ], [ -72.836180353607972, 45.211754466301151 ], [ -72.835983304982051, 45.216947823228729 ], [ -72.829521017148693, 45.219423683841292 ], [ -72.823256436913013, 45.216705859050016 ], [ -72.823454642183734, 45.211512545688784 ], [ -72.829916271063198, 45.209037013488853 ] ] ] } },
{ "type": "Feature", "properties": { "hex_id": 1325778, "centroid_lon": -64.784746187144151, "centroid_lat": 50.293154607608443, "occurrences_today": 2, "datetimes_today": "2026-03-21 00:46:48, 2026-03-21 01:01:24", "cumulative_total": 2 }, "geometry": { "type": "Polygon", "coordinates": [ [ [ -64.785851923576232, 50.288044540720932 ], [ -64.7922069436691, 50.291212859718378 ], [ -64.791101763791403, 50.29632302604837 ], [ -64.783640131910531, 50.298264652225392 ], [ -64.77728487412422, 50.295095834191542 ], [ -64.778391485793421, 50.289985889085571 ], [ -64.785851923576232, 50.288044540720932 ] ] ] } },
{ "type": "Feature", "properties": { "hex_id": 1326388, "centroid_lon": -64.779497778524444, "centroid_lat": 50.284875921689249, "occurrences_today": 6, "datetimes_today": "2026-03-21 00:46:48, 2026-03-21 01:01:24, 2026-03-21 01:14:09, 2026-03-21 01:31:28, 2026-03-21 01:46:29, 2026-03-21 01:57:15", "cumulative_total": 6 }, "geometry": { "type": "Polygon", "coordinates": [ [ [ -64.780603752436079, 50.279765932009411 ], [ -64.786957341325518, 50.282934451569695 ], [ -64.785851923576232, 50.288044540720932 ], [ -64.778391485793421, 50.289985889085571 ], [ -64.772037659620409, 50.286816870602429 ], [ -64.773144508395021, 50.281707002745982 ], [ -64.780603752436079, 50.279765932009411 ] ] ] } },
{ "type": "Feature", "properties": { "hex_id": 1326999, "centroid_lon": -64.770930491771082, "centroid_lat": 50.291926716148758, "occurrences_today": 2, "datetimes_today": "2026-03-21 00:46:48, 2026-03-21 01:01:24", "cumulative_total": 2 }, "geometry": { "type": "Polygon", "coordinates": [ [ [ -64.772037659620409, 50.286816870602429 ], [ -64.778391485793421, 50.289985889085571 ], [ -64.77728487412422, 50.295095834191542 ], [ -64.769823004728138, 50.297036539378105 ], [ -64.763468941628062, 50.29386702182093 ], [ -64.764576984732216, 50.2887572982197 ], [ -64.772037659620409, 50.286816870602429 ] ] ] } },
{ "type": "Feature", "properties": { "hex_id": 1327609, "centroid_lon": -64.765684708506285, "centroid_lat": 50.283647552281707, "occurrences_today": 6, "datetimes_today": "2026-03-21 00:46:48, 2026-03-21 01:01:24, 2026-03-21 01:14:09, 2026-03-21 01:31:28, 2026-03-21 01:46:29, 2026-03-21 01:57:15", "cumulative_total": 6 }, "geometry": { "type": "Polygon", "coordinates": [ [ [ -64.766792113069187, 50.278537784013771 ], [ -64.773144508395021, 50.281707002745982 ], [ -64.772037659620409, 50.286816870602429 ], [ -64.764576984732216, 50.2887572982197 ], [ -64.758224352888718, 50.285587580527064 ], [ -64.759332632332175, 50.280477934246029 ], [ -64.766792113069187, 50.278537784013771 ] ] ] } },
{ "type": "Feature", "properties": { "hex_id": 1328219, "centroid_lon": -64.760440592428125, "centroid_lat": 50.275368265615242, "occurrences_today": 6, "datetimes_today": "2026-03-21 00:46:48, 2026-03-21 01:01:24, 2026-03-21 01:14:09, 2026-03-21 01:31:28, 2026-03-21 01:46:29, 2026-03-21 01:57:15", "cumulative_total": 6 }, "geometry": { "type": "Polygon", "coordinates": [ [ [ -64.761548233295429, 50.270258574641581 ], [ -64.767899198539766, 50.273427993422757 ], [ -64.766792113069187, 50.278537784013771 ], [ -64.759332632332175, 50.280477934246029 ], [ -64.752981430979176, 50.277308016618001 ], [ -64.754089946352991, 50.27219844767297 ], [ -64.761548233295429, 50.270258574641581 ] ] ] } },
{ "type": "Feature", "properties": { "hex_id": 1328220, "centroid_lon": -64.757115753978766, "centroid_lat": 50.290697204451533, "occurrences_today": 2, "datetimes_today": "2026-03-21 00:46:48, 2026-03-21 01:01:24", "cumulative_total": 2 }, "geometry": { "type": "Polygon", "coordinates": [ [ [ -64.758224352888718, 50.285587580527064 ], [ -64.764576984732216, 50.2887572982197 ], [ -64.763468941628062, 50.29386702182093 ], [ -64.756006835483319, 50.295806806012564 ], [ -64.749653967479048, 50.292636589208421 ], [ -64.750763441661221, 50.28752708739259 ], [ -64.758224352888718, 50.285587580527064 ] ] ] } },
{ "type": "Feature", "properties": { "hex_id": 1328830, "centroid_lon": -64.751872596121586, "centroid_lat": 50.282417563193498, "occurrences_today": 6, "datetimes_today": "2026-03-21 00:46:48, 2026-03-21 01:01:24, 2026-03-21 01:14:09, 2026-03-21 01:31:28, 2026-03-21 01:46:29, 2026-03-21 01:57:15", "cumulative_total": 6 }, "geometry": { "type": "Polygon", "coordinates": [ [ [ -64.752981430979176, 50.277308016618001 ], [ -64.759332632332175, 50.280477934246029 ], [ -64.758224352888718, 50.285587580527064 ], [ -64.750763441661221, 50.28752708739259 ], [ -64.744412004556366, 50.284356670766755 ], [ -64.745521714311835, 50.279247246341619 ], [ -64.752981430979176, 50.277308016618001 ] ] ] } },
{ "type": "Feature", "properties": { "hex_id": 1328831, "centroid_lon": -64.748544173455926, "centroid_lat": 50.297746068634098, "occurrences_today": 2, "datetimes_today": "2026-03-21 00:46:48, 2026-03-21 01:01:24", "cumulative_total": 2 }, "geometry": { "type": "Polygon", "coordinates": [ [ [ -64.749653967479048, 50.292636589208421 ], [ -64.756006835483319, 50.295806806012564 ], [ -64.754897597283318, 50.300916385203273 ], [ -64.74743405947271, 50.302855525662785 ], [ -64.741080955665026, 50.299684809596087 ], [ -64.742191625352149, 50.294575452400871 ], [ -64.749653967479048, 50.292636589208421 ] ] ] } },
{ "type": "Feature", "properties": { "hex_id": 1329440, "centroid_lon": -64.746631104328344, "centroid_lat": 50.274137799520268, "occurrences_today": 6, "datetimes_today": "2026-03-21 00:46:48, 2026-03-21 01:01:24, 2026-03-21 01:14:09, 2026-03-21 01:31:28, 2026-03-21 01:46:29, 2026-03-21 01:57:15", "cumulative_total": 6 }, "geometry": { "type": "Polygon", "coordinates": [ [ [ -64.74774017472491, 50.269028330309581 ], [ -64.754089946352991, 50.27219844767297 ], [ -64.752981430979176, 50.277308016618001 ], [ -64.745521714311835, 50.279247246341619 ], [ -64.739171707340446, 50.276076630094039 ], [ -64.740281652260691, 50.270967283075393 ], [ -64.74774017472491, 50.269028330309581 ] ] ] } },
{ "type": "Feature", "properties": { "hex_id": 1329441, "centroid_lon": -64.743301974942867, "centroid_lat": 50.289466072788791, "occurrences_today": 6, "datetimes_today": "2026-03-21 00:46:48, 2026-03-21 01:01:24, 2026-03-21 01:14:09, 2026-03-21 01:31:28, 2026-03-21 01:46:29, 2026-03-21 01:57:15", "cumulative_total": 6 }, "geometry": { "type": "Polygon", "coordinates": [ [ [ -64.744412004556366, 50.284356670766755 ], [ -64.750763441661221, 50.28752708739259 ], [ -64.749653967479048, 50.292636589208421 ], [ -64.742191625352149, 50.294575452400871 ], [ -64.735839952852743, 50.291404536626224 ], [ -64.73695085775563, 50.286295256876343 ], [ -64.744412004556366, 50.284356670766755 ] ] ] } },
{ "type": "Feature", "properties": { "hex_id": 1330051, "centroid_lon": -64.738061442545131, "centroid_lat": 50.28118595469666, "occurrences_today": 6, "datetimes_today": "2026-03-21 00:46:48, 2026-03-21 01:01:24, 2026-03-21 01:14:09, 2026-03-21 01:31:28, 2026-03-21 01:46:29, 2026-03-21 01:57:15", "cumulative_total": 6 }, "geometry": { "type": "Polygon", "coordinates": [ [ [ -64.739171707340446, 50.276076630094039 ], [ -64.745521714311835, 50.279247246341619 ], [ -64.744412004556366, 50.284356670766755 ], [ -64.73695085775563, 50.286295256876343 ], [ -64.730600615798139, 50.283124141593703 ], [ -64.731711755508343, 50.278014939304917 ], [ -64.739171707340446, 50.276076630094039 ] ] ] } },
{ "type": "Feature", "properties": { "hex_id": 1330052, "centroid_lon": -64.734728727717268, "centroid_lat": 50.296513793939404, "occurrences_today": 2, "datetimes_today": "2026-03-21 00:46:48, 2026-03-21 01:01:24", "cumulative_total": 2 }, "geometry": { "type": "Polygon", "coordinates": [ [ [ -64.735839952852743, 50.291404536626224 ], [ -64.742191625352149, 50.294575452400871 ], [ -64.741080955665026, 50.299684809596087 ], [ -64.733617182229878, 50.301623028809004 ], [ -64.727265274693707, 50.298451613734606 ], [ -64.728377375510135, 50.293342478815454 ], [ -64.735839952852743, 50.291404536626224 ] ] ] } },
{ "type": "Feature", "properties": { "hex_id": 1330661, "centroid_lon": -64.732822575088306, "centroid_lat": 50.272905714573362, "occurrences_today": 6, "datetimes_today": "2026-03-21 00:46:48, 2026-03-21 01:01:24, 2026-03-21 01:14:09, 2026-03-21 01:31:28, 2026-03-21 01:46:29, 2026-03-21 01:57:15", "cumulative_total": 6 }, "geometry": { "type": "Polygon", "coordinates": [ [ [ -64.733933074657216, 50.267796467405958 ], [ -64.740281652260691, 50.270967283075393 ], [ -64.739171707340446, 50.276076630094039 ], [ -64.731711755508343, 50.278014939304917 ], [ -64.725362943326829, 50.274843624714137 ], [ -64.726474317436342, 50.269734499902164 ], [ -64.733933074657216, 50.267796467405958 ] ] ] } },
{ "type": "Feature", "properties": { "hex_id": 1330662, "centroid_lon": -64.729489155838493, "centroid_lat": 50.288233321432848, "occurrences_today": 6, "datetimes_today": "2026-03-21 00:46:48, 2026-03-21 01:01:24, 2026-03-21 01:14:09, 2026-03-21 01:31:28, 2026-03-21 01:46:29, 2026-03-21 01:57:15", "cumulative_total": 6 }, "geometry": { "type": "Polygon", "coordinates": [ [ [ -64.730600615798139, 50.283124141593703 ], [ -64.73695085775563, 50.286295256876343 ], [ -64.735839952852743, 50.291404536626224 ], [ -64.728377375510135, 50.293342478815454 ], [ -64.722026898924256, 50.290170864346877 ], [ -64.723139234190086, 50.285061806943389 ], [ -64.730600615798139, 50.283124141593703 ] ] ] } },
{ "type": "Feature", "properties": { "hex_id": 1331272, "centroid_lon": -64.724251248951163, "centroid_lat": 50.279952727063517, "occurrences_today": 6, "datetimes_today": "2026-03-21 00:46:48, 2026-03-21 01:01:24, 2026-03-21 01:14:09, 2026-03-21 01:31:28, 2026-03-21 01:46:29, 2026-03-21 01:57:15", "cumulative_total": 6 }, "geometry": { "type": "Polygon", "coordinates": [ [ [ -64.725362943326829, 50.274843624714137 ], [ -64.731711755508343, 50.278014939304917 ], [ -64.730600615798139, 50.283124141593703 ], [ -64.723139234190086, 50.285061806943389 ], [ -64.716790187788149, 50.281889993280487 ], [ -64.71790275709543, 50.276781013408375 ], [ -64.725362943326829, 50.274843624714137 ] ] ] } },
{ "type": "Feature", "properties": { "hex_id": 1331273, "centroid_lon": -64.720914243034315, "centroid_lat": 50.295279899267044, "occurrences_today": 2, "datetimes_today": "2026-03-21 00:46:48, 2026-03-21 01:01:24", "cumulative_total": 2 }, "geometry": { "type": "Polygon", "coordinates": [ [ [ -64.722026898924256, 50.290170864346877 ], [ -64.728377375510135, 50.293342478815454 ], [ -64.727265274693707, 50.298451613734606 ], [ -64.719801266400822, 50.300388911697013 ], [ -64.713450555544739, 50.297216797891643 ], [ -64.714564087132246, 50.292107885529049 ], [ -64.722026898924256, 50.290170864346877 ] ] ] } },
{ "type": "Feature", "properties": { "hex_id": 1331882, "centroid_lon": -64.719015005881403, "centroid_lat": 50.271672011046896, "occurrences_today": 6, "datetimes_today": "2026-03-21 00:46:48, 2026-03-21 01:01:24, 2026-03-21 01:14:09, 2026-03-21 01:31:28, 2026-03-21 01:46:29, 2026-03-21 01:57:15", "cumulative_total": 6 }, "geometry": { "type": "Polygon", "coordinates": [ [ [ -64.720126934265366, 50.266562986202999 ], [ -64.726474317436342, 50.269734499902164 ], [ -64.725362943326829, 50.274843624714137 ], [ -64.71790275709543, 50.276781013408375 ], [ -64.711555140111642, 50.273609000750866 ], [ -64.712667943052807, 50.268500098425775 ], [ -64.720126934265366, 50.266562986202999 ] ] ] } },
{ "type": "Feature", "properties": { "hex_id": 1331883, "centroid_lon": -64.715677297840244, "centroid_lat": 50.286998950656347, "occurrences_today": 6, "datetimes_today": "2026-03-21 00:46:48, 2026-03-21 01:01:24, 2026-03-21 01:14:09, 2026-03-21 01:31:28, 2026-03-21 01:46:29, 2026-03-21 01:57:15", "cumulative_total": 6 }, "geometry": { "type": "Polygon", "coordinates": [ [ [ -64.716790187788149, 50.281889993280487 ], [ -64.723139234190086, 50.285061806943389 ], [ -64.722026898924256, 50.290170864346877 ], [ -64.714564087132246, 50.292107885529049 ], [ -64.708214806868028, 50.28893557264324 ], [ -64.709328572138674, 50.283826737866512 ], [ -64.716790187788149, 50.281889993280487 ] ] ] } },
{ "type": "Feature", "properties": { "hex_id": 1332493, "centroid_lon": -64.710442016513383, "centroid_lat": 50.278717880566752, "occurrences_today": 6, "datetimes_today": "2026-03-21 00:46:48, 2026-03-21 01:01:24, 2026-03-21 01:14:09, 2026-03-21 01:31:28, 2026-03-21 01:46:29, 2026-03-21 01:57:15", "cumulative_total": 6 }, "geometry": { "type": "Polygon", "coordinates": [ [ [ -64.711555140111642, 50.273609000750866 ], [ -64.71790275709543, 50.276781013408375 ], [ -64.716790187788149, 50.281889993280487 ], [ -64.709328572138674, 50.283826737866512 ], [ -64.702980721700087, 50.280654226099976 ], [ -64.70409472024636, 50.275545468924776 ], [ -64.711555140111642, 50.273609000750866 ] ] ] } },
{ "type": "Feature", "properties": { "hex_id": 1332494, "centroid_lon": -64.707100720581963, "centroid_lat": 50.294044384889979, "occurrences_today": 6, "datetimes_today": "2026-03-21 00:46:48, 2026-03-21 01:01:24, 2026-03-21 01:14:09, 2026-03-21 01:31:28, 2026-03-21 01:46:29, 2026-03-21 01:57:15", "cumulative_total": 6 }, "geometry": { "type": "Polygon", "coordinates": [ [ [ -64.708214806868028, 50.28893557264324 ], [ -64.714564087132246, 50.292107885529049 ], [ -64.713450555544739, 50.297216797891643 ], [ -64.705986313160892, 50.299153174599844 ], [ -64.699636799392934, 50.295980362340366 ], [ -64.700751761392951, 50.290871672814717 ], [ -64.708214806868028, 50.28893557264324 ] ] ] } },
{ "type": "Feature", "properties": { "hex_id": 1333103, "centroid_lon": -64.70520839788044, "centroid_lat": 50.270436689213568, "occurrences_today": 6, "datetimes_today": "2026-03-21 00:46:48, 2026-03-21 01:01:24, 2026-03-21 01:14:09, 2026-03-21 01:31:28, 2026-03-21 01:46:29, 2026-03-21 01:57:15", "cumulative_total": 6 }, "geometry": { "type": "Polygon", "coordinates": [ [ [ -64.706321754721742, 50.265327886973317 ], [ -64.712667943052807, 50.268500098425775 ], [ -64.711555140111642, 50.273609000750866 ], [ -64.70409472024636, 50.275545468924776 ], [ -64.697748298867609, 50.272372758477118 ], [ -64.69886253028244, 50.267264078919041 ], [ -64.706321754721742, 50.265327886973317 ] ] ] } },
{ "type": "Feature", "properties": { "hex_id": 1333104, "centroid_lon": -64.701866402122121, "centroid_lat": 50.285762960732264, "occurrences_today": 6, "datetimes_today": "2026-03-21 00:46:48, 2026-03-21 01:01:24, 2026-03-21 01:14:09, 2026-03-21 01:31:28, 2026-03-21 01:46:29, 2026-03-21 01:57:15", "cumulative_total": 6 }, "geometry": { "type": "Polygon", "coordinates": [ [ [ -64.702980721700087, 50.280654226099976 ], [ -64.709328572138674, 50.283826737866512 ], [ -64.708214806868028, 50.28893557264324 ], [ -64.700751761392951, 50.290871672814717 ], [ -64.694403677858048, 50.287698661788475 ], [ -64.695518872774969, 50.282590049918788 ], [ -64.702980721700087, 50.280654226099976 ] ] ] } },
{ "type": "Feature", "properties": { "hex_id": 1333105, "centroid_lon": -64.698521516002415, "centroid_lat": 50.30108902930229, "occurrences_today": 2, "datetimes_today": "2026-03-21 00:46:48, 2026-03-21 01:01:24", "cumulative_total": 2 }, "geometry": { "type": "Polygon", "coordinates": [ [ [ -64.699636799392934, 50.295980362340366 ], [ -64.705986313160892, 50.299153174599844 ], [ -64.70487158448519, 50.304261941765873 ], [ -64.697405911101654, 50.306197673693539 ], [ -64.691056164189007, 50.303024361909671 ], [ -64.692172323684801, 50.297915817790859 ], [ -64.699636799392934, 50.295980362340366 ] ] ] } },
{ "type": "Feature", "properties": { "hex_id": 1333714, "centroid_lon": -64.696633746404956, "centroid_lat": 50.27748141547935, "occurrences_today": 6, "datetimes_today": "2026-03-21 00:46:48, 2026-03-21 01:01:24, 2026-03-21 01:14:09, 2026-03-21 01:31:28, 2026-03-21 01:46:29, 2026-03-21 01:57:15", "cumulative_total": 6 }, "geometry": { "type": "Polygon", "coordinates": [ [ [ -64.697748298867609, 50.272372758477118 ], [ -64.70409472024636, 50.275545468924776 ], [ -64.702980721700087, 50.280654226099976 ], [ -64.695518872774969, 50.282590049918788 ], [ -64.689172218706972, 50.279416840325382 ], [ -64.690287646133783, 50.274308306127232 ], [ -64.697748298867609, 50.272372758477118 ] ] ] } },
{ "type": "Feature", "properties": { "hex_id": 1333715, "centroid_lon": -64.693288161534568, "centroid_lat": 50.29280725108147, "occurrences_today": 6, "datetimes_today": "2026-03-21 00:46:48, 2026-03-21 01:01:24, 2026-03-21 01:14:09, 2026-03-21 01:31:28, 2026-03-21 01:46:29, 2026-03-21 01:57:15", "cumulative_total": 6 }, "geometry": { "type": "Polygon", "coordinates": [ [ [ -64.694403677858048, 50.287698661788475 ], [ -64.700751761392951, 50.290871672814717 ], [ -64.699636799392934, 50.295980362340366 ], [ -64.692172323684801, 50.297915817790859 ], [ -64.685824007412592, 50.294742307354255 ], [ -64.686940399466067, 50.289633840945854 ], [ -64.694403677858048, 50.287698661788475 ] ] ] } },
{ "type": "Feature", "properties": { "hex_id": 1334324, "centroid_lon": -64.691402752257702, "centroid_lat": 50.269199749346377, "occurrences_today": 2, "datetimes_today": "2026-03-21 00:46:48, 2026-03-21 01:01:24", "cumulative_total": 2 }, "geometry": { "type": "Polygon", "coordinates": [ [ [ -64.69251753719827, 50.264091169989818 ], [ -64.69886253028244, 50.267264078919041 ], [ -64.697748298867609, 50.272372758477118 ], [ -64.690287646133783, 50.274308306127232 ], [ -64.683942420766982, 50.27113489816616 ], [ -64.685058080297097, 50.266026441655086 ], [ -64.69251753719827, 50.264091169989818 ] ] ] } },
{ "type": "Feature", "properties": { "hex_id": 1334325, "centroid_lon": -64.688056469857628, "centroid_lat": 50.284525351933901, "occurrences_today": 6, "datetimes_today": "2026-03-21 00:46:48, 2026-03-21 01:01:24, 2026-03-21 01:14:09, 2026-03-21 01:31:28, 2026-03-21 01:46:29, 2026-03-21 01:57:15", "cumulative_total": 6 }, "geometry": { "type": "Polygon", "coordinates": [ [ [ -64.689172218706972, 50.279416840325382 ], [ -64.695518872774969, 50.282590049918788 ], [ -64.694403677858048, 50.287698661788475 ], [ -64.686940399466067, 50.289633840945854 ], [ -64.680593513067706, 50.286460132056114 ], [ -64.681710137271963, 50.281351743373627 ], [ -64.689172218706972, 50.279416840325382 ] ] ] } },
{ "type": "Feature", "properties": { "hex_id": 1334326, "centroid_lon": -64.684707293577347, "centroid_lat": 50.299850751152164, "occurrences_today": 2, "datetimes_today": "2026-03-21 00:46:48, 2026-03-21 01:01:24", "cumulative_total": 2 }, "geometry": { "type": "Polygon", "coordinates": [ [ [ -64.685824007412592, 50.294742307354255 ], [ -64.692172323684801, 50.297915817790859 ], [ -64.691056164189007, 50.303024361909671 ], [ -64.683590257840493, 50.30495917233263 ], [ -64.677241709190398, 50.301785162335008 ], [ -64.678359299146791, 50.296676841543757 ], [ -64.685824007412592, 50.294742307354255 ] ] ] } },
{ "type": "Feature", "properties": { "hex_id": 1334935, "centroid_lon": -64.682826439798475, "centroid_lat": 50.276243332074664, "occurrences_today": 6, "datetimes_today": "2026-03-21 00:46:48, 2026-03-21 01:01:24, 2026-03-21 01:14:09, 2026-03-21 01:31:28, 2026-03-21 01:46:29, 2026-03-21 01:57:15", "cumulative_total": 6 }, "geometry": { "type": "Polygon", "coordinates": [ [ [ -64.683942420766982, 50.27113489816616 ], [ -64.690287646133783, 50.274308306127232 ], [ -64.689172218706972, 50.279416840325382 ], [ -64.681710137271963, 50.281351743373627 ], [ -64.675364679981357, 50.278177836230228 ], [ -64.676481535929867, 50.273069525289188 ], [ -64.683942420766982, 50.27113489816616 ] ] ] } },
{ "type": "Feature", "properties": { "hex_id": 1334936, "centroid_lon": -64.679476567065933, "centroid_lat": 50.291568498115133, "occurrences_today": 6, "datetimes_today": "2026-03-21 00:46:48, 2026-03-21 01:01:24, 2026-03-21 01:14:09, 2026-03-21 01:31:28, 2026-03-21 01:46:29, 2026-03-21 01:57:15", "cumulative_total": 6 }, "geometry": { "type": "Polygon", "coordinates": [ [ [ -64.680593513067706, 50.286460132056114 ], [ -64.686940399466067, 50.289633840945854 ], [ -64.685824007412592, 50.294742307354255 ], [ -64.678359299146791, 50.296676841543757 ], [ -64.672012180777429, 50.293502633207119 ], [ -64.673130002524985, 50.288394390196174 ], [ -64.680593513067706, 50.286460132056114 ] ] ] } },
{ "type": "Feature", "properties": { "hex_id": 1335545, "centroid_lon": -64.677598070184928, "centroid_lat": 50.267961191718697, "occurrences_today": 2, "datetimes_today": "2026-03-21 00:46:48, 2026-03-21 01:01:24", "cumulative_total": 2 }, "geometry": { "type": "Polygon", "coordinates": [ [ [ -64.678714282866252, 50.262852835525749 ], [ -64.685058080297097, 50.266026441655086 ], [ -64.683942420766982, 50.27113489816616 ], [ -64.676481535929867, 50.273069525289188 ], [ -64.670137506981391, 50.269895420091501 ], [ -64.671254594267992, 50.264787186907363 ], [ -64.678714282866252, 50.262852835525749 ] ] ] } },
{ "type": "Feature", "properties": { "hex_id": 1335546, "centroid_lon": -64.674247502219671, "centroid_lat": 50.283286124534875, "occurrences_today": 6, "datetimes_today": "2026-03-21 00:46:48, 2026-03-21 01:01:24, 2026-03-21 01:14:09, 2026-03-21 01:31:28, 2026-03-21 01:46:29, 2026-03-21 01:57:15", "cumulative_total": 6 }, "geometry": { "type": "Polygon", "coordinates": [ [ [ -64.675364679981357, 50.278177836230228 ], [ -64.681710137271963, 50.281351743373627 ], [ -64.680593513067706, 50.286460132056114 ], [ -64.673130002524985, 50.288394390196174 ], [ -64.666784313669865, 50.285219983719969 ], [ -64.667902366802153, 50.280111818504771 ], [ -64.675364679981357, 50.278177836230228 ] ] ] } },
{ "type": "Feature", "properties": { "hex_id": 1335547, "centroid_lon": -64.67089403685705, "centroid_lat": 50.29861085356076, "occurrences_today": 2, "datetimes_today": "2026-03-21 00:46:48, 2026-03-21 01:01:24", "cumulative_total": 2 }, "geometry": { "type": "Polygon", "coordinates": [ [ [ -64.672012180777429, 50.293502633207119 ], [ -64.678359299146791, 50.296676841543757 ], [ -64.677241709190398, 50.301785162335008 ], [ -64.669775570643878, 50.303719051250106 ], [ -64.663428220663363, 50.300544343316005 ], [ -64.664547240720495, 50.295436246132553 ], [ -64.672012180777429, 50.293502633207119 ] ] ] } },
{ "type": "Feature", "properties": { "hex_id": 1336156, "centroid_lon": -64.669020097866024, "centroid_lat": 50.275003630626294, "occurrences_today": 6, "datetimes_today": "2026-03-21 00:46:48, 2026-03-21 01:01:24, 2026-03-21 01:14:09, 2026-03-21 01:31:28, 2026-03-21 01:46:29, 2026-03-21 01:57:15", "cumulative_total": 6 }, "geometry": { "type": "Polygon", "coordinates": [ [ [ -64.670137506981391, 50.269895420091501 ], [ -64.676481535929867, 50.273069525289188 ], [ -64.675364679981357, 50.278177836230228 ], [ -64.667902366802153, 50.280111818504771 ], [ -64.661558106695253, 50.27693721408837 ], [ -64.662676390806169, 50.271829126684374 ], [ -64.670137506981391, 50.269895420091501 ] ] ] } },
{ "type": "Feature", "properties": { "hex_id": 1336157, "centroid_lon": -64.665665938349306, "centroid_lat": 50.290328126264889, "occurrences_today": 6, "datetimes_today": "2026-03-21 00:46:48, 2026-03-21 01:01:24, 2026-03-21 01:14:09, 2026-03-21 01:31:28, 2026-03-21 01:46:29, 2026-03-21 01:57:15", "cumulative_total": 6 }, "geometry": { "type": "Polygon", "coordinates": [ [ [ -64.666784313669865, 50.285219983719969 ], [ -64.673130002524985, 50.288394390196174 ], [ -64.672012180777429, 50.293502633207119 ], [ -64.664547240720495, 50.295436246132553 ], [ -64.658201320660638, 50.292261340173091 ], [ -64.659320571742455, 50.287153320839707 ], [ -64.666784313669865, 50.285219983719969 ] ] ] } },
{ "type": "Feature", "properties": { "hex_id": 1336158, "centroid_lon": -64.662308878057857, "centroid_lat": 50.305652417808233, "occurrences_today": 2, "datetimes_today": "2026-03-21 00:46:48, 2026-03-21 01:01:24", "cumulative_total": 2 }, "geometry": { "type": "Polygon", "coordinates": [ [ [ -64.663428220663363, 50.300544343316005 ], [ -64.669775570643878, 50.303719051250106 ], [ -64.668656782017834, 50.308827226268178 ], [ -64.661189212783796, 50.310760469602222 ], [ -64.654841631552458, 50.307585261920146 ], [ -64.655961850685799, 50.302477310720292 ], [ -64.663428220663363, 50.300544343316005 ] ] ] } },
{ "type": "Feature", "properties": { "hex_id": 1336766, "centroid_lon": -64.663794352833321, "centroid_lat": 50.266721016604151, "occurrences_today": 2, "datetimes_today": "2026-03-21 00:46:48, 2026-03-21 01:01:24", "cumulative_total": 2 }, "geometry": { "type": "Polygon", "coordinates": [ [ [ -64.664911992896506, 50.261612883854696 ], [ -64.671254594267992, 50.264787186907363 ], [ -64.670137506981391, 50.269895420091501 ], [ -64.662676390806169, 50.271829126684374 ], [ -64.656333558681965, 50.26865432452702 ], [ -64.657452073365874, 50.263546314949664 ], [ -64.664911992896506, 50.261612883854696 ] ] ] } },
{ "type": "Feature", "properties": { "hex_id": 1336767, "centroid_lon": -64.660439500380662, "centroid_lat": 50.282045278809143, "occurrences_today": 6, "datetimes_today": "2026-03-21 00:46:48, 2026-03-21 01:01:24, 2026-03-21 01:14:09, 2026-03-21 01:31:28, 2026-03-21 01:46:29, 2026-03-21 01:57:15", "cumulative_total": 6 }, "geometry": { "type": "Polygon", "coordinates": [ [ [ -64.661558106695253, 50.27693721408837 ], [ -64.667902366802153, 50.280111818504771 ], [ -64.666784313669865, 50.285219983719969 ], [ -64.659320571742455, 50.287153320839707 ], [ -64.652976080836851, 50.283978217054198 ], [ -64.654095562537393, 50.278870275586286 ], [ -64.661558106695253, 50.27693721408837 ] ] ] } },
{ "type": "Feature", "properties": { "hex_id": 1336768, "centroid_lon": -64.657081747015127, "centroid_lat": 50.297369336802291, "occurrences_today": 6, "datetimes_today": "2026-03-21 00:46:48, 2026-03-21 01:01:24, 2026-03-21 01:14:09, 2026-03-21 01:31:28, 2026-03-21 01:46:29, 2026-03-21 01:57:15", "cumulative_total": 6 }, "geometry": { "type": "Polygon", "coordinates": [ [ [ -64.658201320660638, 50.292261340173091 ], [ -64.664547240720495, 50.295436246132553 ], [ -64.663428220663363, 50.300544343316005 ], [ -64.655961850685799, 50.302477310720292 ], [ -64.649615699781464, 50.299301905127102 ], [ -64.650736149579032, 50.294194031831609 ], [ -64.658201320660638, 50.292261340173091 ] ] ] } },
{ "type": "Feature", "properties": { "hex_id": 1337377, "centroid_lon": -64.655214721779103, "centroid_lat": 50.273762311408227, "occurrences_today": 6, "datetimes_today": "2026-03-21 00:46:48, 2026-03-21 01:01:24, 2026-03-21 01:14:09, 2026-03-21 01:31:28, 2026-03-21 01:46:29, 2026-03-21 01:57:15", "cumulative_total": 6 }, "geometry": { "type": "Polygon", "coordinates": [ [ [ -64.656333558681965, 50.26865432452702 ], [ -64.662676390806169, 50.271829126684374 ], [ -64.661558106695253, 50.27693721408837 ], [ -64.654095562537393, 50.278870275586286 ], [ -64.647752500020076, 50.275694974173966 ], [ -64.648872211933778, 50.270587110586902 ], [ -64.656333558681965, 50.26865432452702 ] ] ] } },
{ "type": "Feature", "properties": { "hex_id": 1337378, "centroid_lon": -64.651856276557439, "centroid_lat": 50.289086135804965, "occurrences_today": 6, "datetimes_today": "2026-03-21 00:46:48, 2026-03-21 01:01:24, 2026-03-21 01:14:09, 2026-03-21 01:31:28, 2026-03-21 01:46:29, 2026-03-21 01:57:15", "cumulative_total": 6 }, "geometry": { "type": "Polygon", "coordinates": [ [ [ -64.652976080836851, 50.283978217054198 ], [ -64.659320571742455, 50.287153320839707 ], [ -64.658201320660638, 50.292261340173091 ], [ -64.650736149579032, 50.294194031831609 ], [ -64.644391428234869, 50.291018428526627 ], [ -64.645512108290731, 50.285910633150841 ], [ -64.652976080836851, 50.283978217054198 ] ] ] } },
{ "type": "Feature", "properties": { "hex_id": 1337379, "centroid_lon": -64.648494927044524, "centroid_lat": 50.304409755684446, "occurrences_today": 2, "datetimes_today": "2026-03-21 00:46:48, 2026-03-21 01:01:24", "cumulative_total": 2 }, "geometry": { "type": "Polygon", "coordinates": [ [ [ -64.649615699781464, 50.299301905127102 ], [ -64.655961850685799, 50.302477310720292 ], [ -64.654841631552458, 50.307585261920146 ], [ -64.647373831247918, 50.309517583496635 ], [ -64.64102744985982, 50.306341678119281 ], [ -64.642149099139701, 50.301233951017856 ], [ -64.649615699781464, 50.299301905127102 ] ] ] } },
{ "type": "Feature", "properties": { "hex_id": 1337987, "centroid_lon": -64.6499916013735, "centroid_lat": 50.26547922427676, "occurrences_today": 2, "datetimes_today": "2026-03-21 00:46:48, 2026-03-21 01:01:24", "cumulative_total": 2 }, "geometry": { "type": "Polygon", "coordinates": [ [ [ -64.651110668459268, 50.260371315250524 ], [ -64.657452073365874, 50.263546314949664 ], [ -64.656333558681965, 50.26865432452702 ], [ -64.648872211933778, 50.270587110586902 ], [ -64.642530577039267, 50.267411611746915 ], [ -64.643650518760921, 50.262303826056076 ], [ -64.651110668459268, 50.260371315250524 ] ] ] } },
{ "type": "Feature", "properties": { "hex_id": 1337988, "centroid_lon": -64.646632465512425, "centroid_lat": 50.280802815030945, "occurrences_today": 6, "datetimes_today": "2026-03-21 00:46:48, 2026-03-21 01:01:24, 2026-03-21 01:14:09, 2026-03-21 01:31:28, 2026-03-21 01:46:29, 2026-03-21 01:57:15", "cumulative_total": 6 }, "geometry": { "type": "Polygon", "coordinates": [ [ [ -64.647752500020076, 50.275694974173966 ], [ -64.654095562537393, 50.278870275586286 ], [ -64.652976080836851, 50.283978217054198 ], [ -64.645512108290731, 50.285910633150841 ], [ -64.639168815740419, 50.282734832333283 ], [ -64.640289725649097, 50.277627114892525 ], [ -64.647752500020076, 50.275694974173966 ] ] ] } },
{ "type": "Feature", "properties": { "hex_id": 1337989, "centroid_lon": -64.6432704252246, "centroid_lat": 50.296126201151303, "occurrences_today": 6, "datetimes_today": "2026-03-21 00:46:48, 2026-03-21 01:01:24, 2026-03-21 01:14:09, 2026-03-21 01:31:28, 2026-03-21 01:46:29, 2026-03-21 01:57:15", "cumulative_total": 6 }, "geometry": { "type": "Polygon", "coordinates": [ [ [ -64.644391428234869, 50.291018428526627 ], [ -64.650736149579032, 50.294194031831609 ], [ -64.649615699781464, 50.299301905127102 ], [ -64.642149099139701, 50.301233951017856 ], [ -64.635804147717636, 50.298057848043051 ], [ -64.63692602689494, 50.292950198915555 ], [ -64.644391428234869, 50.291018428526627 ] ] ] } },
{ "type": "Feature", "properties": { "hex_id": 1338598, "centroid_lon": -64.641410312708672, "centroid_lat": 50.272519374694745, "occurrences_today": 2, "datetimes_today": "2026-03-21 00:46:48, 2026-03-21 01:01:24", "cumulative_total": 2 }, "geometry": { "type": "Polygon", "coordinates": [ [ [ -64.642530577039267, 50.267411611746915 ], [ -64.648872211933778, 50.270587110586902 ], [ -64.647752500020076, 50.275694974173966 ], [ -64.640289725649097, 50.277627114892525 ], [ -64.633947861126742, 50.274451116761519 ], [ -64.635069000483128, 50.269343477271157 ], [ -64.642530577039267, 50.267411611746915 ] ] ] } },
{ "type": "Feature", "properties": { "hex_id": 1338599, "centroid_lon": -64.638047582862441, "centroid_lat": 50.28784252700995, "occurrences_today": 6, "datetimes_today": "2026-03-21 00:46:48, 2026-03-21 01:01:24, 2026-03-21 01:14:09, 2026-03-21 01:31:28, 2026-03-21 01:46:29, 2026-03-21 01:57:15", "cumulative_total": 6 }, "geometry": { "type": "Polygon", "coordinates": [ [ [ -64.639168815740419, 50.282734832333283 ], [ -64.645512108290731, 50.285910633150841 ], [ -64.644391428234869, 50.291018428526627 ], [ -64.63692602689494, 50.292950198915555 ], [ -64.630582504672191, 50.289773898542499 ], [ -64.631704613341512, 50.284666327404224 ], [ -64.639168815740419, 50.282734832333283 ] ] ] } },
{ "type": "Feature", "properties": { "hex_id": 1338600, "centroid_lon": -64.634681945210133, "centroid_lat": 50.30316547438543, "occurrences_today": 2, "datetimes_today": "2026-03-21 00:46:48, 2026-03-21 01:01:24", "cumulative_total": 2 }, "geometry": { "type": "Polygon", "coordinates": [ [ [ -64.635804147717636, 50.298057848043051 ], [ -64.642149099139701, 50.301233951017856 ], [ -64.64102744985982, 50.306341678119281 ], [ -64.633559419252038, 50.308273077935638 ], [ -64.627214238113183, 50.305096475140672 ], [ -64.628337317178435, 50.299988972417744 ], [ -64.635804147717636, 50.298057848043051 ] ] ] } },
{ "type": "Feature", "properties": { "hex_id": 1339209, "centroid_lon": -64.632826398786264, "centroid_lat": 50.279558733474886, "occurrences_today": 6, "datetimes_today": "2026-03-21 00:46:48, 2026-03-21 01:01:24, 2026-03-21 01:14:09, 2026-03-21 01:31:28, 2026-03-21 01:46:29, 2026-03-21 01:57:15", "cumulative_total": 6 }, "geometry": { "type": "Polygon", "coordinates": [ [ [ -64.633947861126742, 50.274451116761519 ], [ -64.640289725649097, 50.277627114892525 ], [ -64.639168815740419, 50.282734832333283 ], [ -64.631704613341512, 50.284666327404224 ], [ -64.625362519551757, 50.281489829832005 ], [ -64.626484857308071, 50.276382336698234 ], [ -64.633947861126742, 50.274451116761519 ] ] ] } },
{ "type": "Feature", "properties": { "hex_id": 1339210, "centroid_lon": -64.629460072657949, "centroid_lat": 50.294881446882677, "occurrences_today": 6, "datetimes_today": "2026-03-21 00:46:48, 2026-03-21 01:01:24, 2026-03-21 01:14:09, 2026-03-21 01:31:28, 2026-03-21 01:46:29, 2026-03-21 01:57:15", "cumulative_total": 6 }, "geometry": { "type": "Polygon", "coordinates": [ [ [ -64.630582504672191, 50.289773898542499 ], [ -64.63692602689494, 50.292950198915555 ], [ -64.635804147717636, 50.298057848043051 ], [ -64.628337317178435, 50.299988972417744 ], [ -64.621993565644274, 50.296812172338925 ], [ -64.623116873840274, 50.291704747659381 ], [ -64.630582504672191, 50.289773898542499 ] ] ] } },
{ "type": "Feature", "properties": { "hex_id": 1339819, "centroid_lon": -64.627606871825179, "centroid_lat": 50.271274820760468, "occurrences_today": 2, "datetimes_today": "2026-03-21 00:46:48, 2026-03-21 01:01:24", "cumulative_total": 2 }, "geometry": { "type": "Polygon", "coordinates": [ [ [ -64.628728563223333, 50.266167282025705 ], [ -64.635069000483128, 50.269343477271157 ], [ -64.633947861126742, 50.274451116761519 ], [ -64.626484857308071, 50.276382336698234 ], [ -64.62014419118556, 50.273205642125866 ], [ -64.621266757624213, 50.268098227011862 ], [ -64.628728563223333, 50.266167282025705 ] ] ] } },
{ "type": "Feature", "properties": { "hex_id": 1339820, "centroid_lon": -64.624239858435971, "centroid_lat": 50.286597300154718, "occurrences_today": 6, "datetimes_today": "2026-03-21 00:46:48, 2026-03-21 01:01:24, 2026-03-21 01:14:09, 2026-03-21 01:31:28, 2026-03-21 01:46:29, 2026-03-21 01:57:15", "cumulative_total": 6 }, "geometry": { "type": "Polygon", "coordinates": [ [ [ -64.625362519551757, 50.281489829832005 ], [ -64.631704613341512, 50.284666327404224 ], [ -64.630582504672191, 50.289773898542499 ], [ -64.623116873840274, 50.291704747659381 ], [ -64.616774551144132, 50.288527750495795 ], [ -64.617898088065886, 50.283420403874878 ], [ -64.625362519551757, 50.281489829832005 ] ] ] } },
{ "type": "Feature", "properties": { "hex_id": 1339821, "centroid_lon": -64.620869933727491, "centroid_lat": 50.301919574186321, "occurrences_today": 6, "datetimes_today": "2026-03-21 00:46:48, 2026-03-21 01:01:24, 2026-03-21 01:14:09, 2026-03-21 01:31:28, 2026-03-21 01:46:29, 2026-03-21 01:57:15", "cumulative_total": 6 }, "geometry": { "type": "Polygon", "coordinates": [ [ [ -64.621993565644274, 50.296812172338925 ], [ -64.628337317178435, 50.299988972417744 ], [ -64.627214238113183, 50.305096475140672 ], [ -64.61974597796933, 50.307026953194494 ], [ -64.613401997485298, 50.303849653259675 ], [ -64.614526505974382, 50.298742375195246 ], [ -64.621993565644274, 50.296812172338925 ] ] ] } },
{ "type": "Feature", "properties": { "hex_id": 1340430, "centroid_lon": -64.619021301372911, "centroid_lat": 50.278313034415881, "occurrences_today": 6, "datetimes_today": "2026-03-21 00:46:48, 2026-03-21 01:01:24, 2026-03-21 01:14:09, 2026-03-21 01:31:28, 2026-03-21 01:46:29, 2026-03-21 01:57:15", "cumulative_total": 6 }, "geometry": { "type": "Polygon", "coordinates": [ [ [ -64.62014419118556, 50.273205642125866 ], [ -64.626484857308071, 50.276382336698234 ], [ -64.625362519551757, 50.281489829832005 ], [ -64.617898088065886, 50.283420403874878 ], [ -64.611557193441584, 50.280243209825485 ], [ -64.612680958684564, 50.2751359412784 ], [ -64.62014419118556, 50.273205642125866 ] ] ] } },
{ "type": "Feature", "properties": { "hex_id": 1340431, "centroid_lon": -64.615650690487129, "centroid_lat": 50.293635074271613, "occurrences_today": 6, "datetimes_today": "2026-03-21 00:46:48, 2026-03-21 01:01:24, 2026-03-21 01:14:09, 2026-03-21 01:31:28, 2026-03-21 01:46:29, 2026-03-21 01:57:15", "cumulative_total": 6 }, "geometry": { "type": "Polygon", "coordinates": [ [ [ -64.616774551144132, 50.288527750495795 ], [ -64.623116873840274, 50.291704747659381 ], [ -64.621993565644274, 50.296812172338925 ], [ -64.614526505974382, 50.298742375195246 ], [ -64.608183954733278, 50.295564878290143 ], [ -64.609308691586463, 50.290457678338413 ], [ -64.616774551144132, 50.288527750495795 ] ] ] } },
{ "type": "Feature", "properties": { "hex_id": 1340432, "centroid_lon": -64.612277164899197, "centroid_lat": 50.30895690845783, "occurrences_today": 2, "datetimes_today": "2026-03-21 00:46:48, 2026-03-21 01:01:24", "cumulative_total": 2 }, "geometry": { "type": "Polygon", "coordinates": [ [ [ -64.613401997485298, 50.303849653259675 ], [ -64.61974597796933, 50.307026953194494 ], [ -64.618621698249214, 50.312134309356416 ], [ -64.611152008095402, 50.314064140782648 ], [ -64.604807799023462, 50.310886340841613 ], [ -64.605933508572491, 50.305779209548795 ], [ -64.613401997485298, 50.303849653259675 ] ] ] } },
{ "type": "Feature", "properties": { "hex_id": 1341040, "centroid_lon": -64.613804400298449, "centroid_lat": 50.270028649880295, "occurrences_today": 2, "datetimes_today": "2026-03-21 00:46:48, 2026-03-21 01:01:24", "cumulative_total": 2 }, "geometry": { "type": "Polygon", "coordinates": [ [ [ -64.614927518403618, 50.264921335638221 ], [ -64.621266757624213, 50.268098227011862 ], [ -64.62014419118556, 50.273205642125866 ], [ -64.612680958684564, 50.2751359412784 ], [ -64.606341491366351, 50.271958550542102 ], [ -64.607465484526401, 50.266851360084047 ], [ -64.614927518403618, 50.264921335638221 ] ] ] } },
{ "type": "Feature", "properties": { "hex_id": 1341041, "centroid_lon": -64.610433104449044, "centroid_lat": 50.285350455514504, "occurrences_today": 6, "datetimes_today": "2026-03-21 00:46:48, 2026-03-21 01:01:24, 2026-03-21 01:14:09, 2026-03-21 01:31:28, 2026-03-21 01:46:29, 2026-03-21 01:57:15", "cumulative_total": 6 }, "geometry": { "type": "Polygon", "coordinates": [ [ [ -64.611557193441584, 50.280243209825485 ], [ -64.617898088065886, 50.283420403874878 ], [ -64.616774551144132, 50.288527750495795 ], [ -64.609308691586463, 50.290457678338413 ], [ -64.602967568821683, 50.287279984661964 ], [ -64.6040925336345, 50.282172862838131 ], [ -64.611557193441584, 50.280243209825485 ] ] ] } },
{ "type": "Feature", "properties": { "hex_id": 1341042, "centroid_lon": -64.607058893768837, "centroid_lat": 50.300672055362625, "occurrences_today": 6, "datetimes_today": "2026-03-21 00:46:48, 2026-03-21 01:01:24, 2026-03-21 01:14:09, 2026-03-21 01:31:28, 2026-03-21 01:46:29, 2026-03-21 01:57:15", "cumulative_total": 6 }, "geometry": { "type": "Polygon", "coordinates": [ [ [ -64.608183954733278, 50.295564878290143 ], [ -64.614526505974382, 50.298742375195246 ], [ -64.613401997485298, 50.303849653259675 ], [ -64.605933508572491, 50.305779209548795 ], [ -64.599590729148332, 50.302601212752023 ], [ -64.600716666699299, 50.297494159625977 ], [ -64.608183954733278, 50.295564878290143 ] ] ] } },
{ "type": "Feature", "properties": { "hex_id": 1341651, "centroid_lon": -64.605217174442544, "centroid_lat": 50.277065718129144, "occurrences_today": 2, "datetimes_today": "2026-03-21 00:46:48, 2026-03-21 01:01:24", "cumulative_total": 2 }, "geometry": { "type": "Polygon", "coordinates": [ [ [ -64.606341491366351, 50.271958550542102 ], [ -64.612680958684564, 50.2751359412784 ], [ -64.611557193441584, 50.280243209825485 ], [ -64.6040925336345, 50.282172862838131 ], [ -64.59775283857995, 50.278994972589182 ], [ -64.598878030948299, 50.27388792890838 ], [ -64.606341491366351, 50.271958550542102 ] ] ] } },
{ "type": "Feature", "properties": { "hex_id": 1341652, "centroid_lon": -64.601842279883513, "centroid_lat": 50.29238708359361, "occurrences_today": 6, "datetimes_today": "2026-03-21 00:46:48, 2026-03-21 01:01:24, 2026-03-21 01:14:09, 2026-03-21 01:31:28, 2026-03-21 01:46:29, 2026-03-21 01:57:15", "cumulative_total": 6 }, "geometry": { "type": "Polygon", "coordinates": [ [ [ -64.602967568821683, 50.287279984661964 ], [ -64.609308691586463, 50.290457678338413 ], [ -64.608183954733278, 50.295564878290143 ], [ -64.600716666699299, 50.297494159625977 ], [ -64.594375316155919, 50.294315966172412 ], [ -64.595501481304424, 50.289208991228264 ], [ -64.602967568821683, 50.287279984661964 ] ] ] } },
{ "type": "Feature", "properties": { "hex_id": 1341653, "centroid_lon": -64.598464467109821, "centroid_lat": 50.307708242964658, "occurrences_today": 2, "datetimes_today": "2026-03-21 00:46:48, 2026-03-21 01:01:24", "cumulative_total": 2 }, "geometry": { "type": "Polygon", "coordinates": [ [ [ -64.599590729148332, 50.302601212752023 ], [ -64.605933508572491, 50.305779209548795 ], [ -64.604807799023462, 50.310886340841613 ], [ -64.597337880462916, 50.312815250256783 ], [ -64.590994873218094, 50.309636753418218 ], [ -64.592122012233588, 50.304529847274473 ], [ -64.599590729148332, 50.302601212752023 ] ] ] } },
{ "type": "Feature", "properties": { "hex_id": 1342261, "centroid_lon": -64.60000289929782, "centroid_lat": 50.268780862329514, "occurrences_today": 2, "datetimes_today": "2026-03-21 00:46:48, 2026-03-21 01:01:24", "cumulative_total": 2 }, "geometry": { "type": "Polygon", "coordinates": [ [ [ -64.601127443749036, 50.263673772859633 ], [ -64.607465484526401, 50.266851360084047 ], [ -64.606341491366351, 50.271958550542102 ], [ -64.598878030948299, 50.27388792890838 ], [ -64.592539762838328, 50.270709842285733 ], [ -64.593665182358549, 50.265602876763118 ], [ -64.601127443749036, 50.263673772859633 ] ] ] } },
{ "type": "Feature", "properties": { "hex_id": 1342262, "centroid_lon": -64.596627322072209, "centroid_lat": 50.284101993364835, "occurrences_today": 6, "datetimes_today": "2026-03-21 00:46:48, 2026-03-21 01:01:24, 2026-03-21 01:14:09, 2026-03-21 01:31:28, 2026-03-21 01:46:29, 2026-03-21 01:57:15", "cumulative_total": 6 }, "geometry": { "type": "Polygon", "coordinates": [ [ [ -64.59775283857995, 50.278994972589182 ], [ -64.6040925336345, 50.282172862838131 ], [ -64.602967568821683, 50.287279984661964 ], [ -64.595501481304424, 50.289208991228264 ], [ -64.589161558875304, 50.286030601316732 ], [ -64.590287951217363, 50.280923704569631 ], [ -64.59775283857995, 50.278994972589182 ] ] ] } },
{ "type": "Feature", "properties": { "hex_id": 1342263, "centroid_lon": -64.593248826505913, "centroid_lat": 50.299422918190174, "occurrences_today": 6, "datetimes_today": "2026-03-21 00:46:48, 2026-03-21 01:01:24, 2026-03-21 01:14:09, 2026-03-21 01:31:28, 2026-03-21 01:46:29, 2026-03-21 01:57:15", "cumulative_total": 6 }, "geometry": { "type": "Polygon", "coordinates": [ [ [ -64.594375316155919, 50.294315966172412 ], [ -64.600716666699299, 50.297494159625977 ], [ -64.599590729148332, 50.302601212752023 ], [ -64.592122012233588, 50.304529847274473 ], [ -64.585780434273914, 50.301351153893727 ], [ -64.586907800524401, 50.29624432598586 ], [ -64.594375316155919, 50.294315966172412 ] ] ] } },
{ "type": "Feature", "properties": { "hex_id": 1342872, "centroid_lon": -64.591414019164816, "centroid_lat": 50.275816784890253, "occurrences_today": 2, "datetimes_today": "2026-03-21 00:46:48, 2026-03-21 01:01:24", "cumulative_total": 2 }, "geometry": { "type": "Polygon", "coordinates": [ [ [ -64.592539762838328, 50.270709842285733 ], [ -64.598878030948299, 50.27388792890838 ], [ -64.59775283857995, 50.278994972589182 ], [ -64.590287951217363, 50.280923704569631 ], [ -64.583949456136466, 50.277745118398862 ], [ -64.585076075268461, 50.272638299863864 ], [ -64.592539762838328, 50.270709842285733 ] ] ] } },
{ "type": "Feature", "properties": { "hex_id": 1342873, "centroid_lon": -64.588034842017919, "centroid_lat": 50.291137475124508, "occurrences_today": 6, "datetimes_today": "2026-03-21 00:46:48, 2026-03-21 01:01:24, 2026-03-21 01:14:09, 2026-03-21 01:31:28, 2026-03-21 01:46:29, 2026-03-21 01:57:15", "cumulative_total": 6 }, "geometry": { "type": "Polygon", "coordinates": [ [ [ -64.589161558875304, 50.286030601316732 ], [ -64.595501481304424, 50.289208991228264 ], [ -64.594375316155919, 50.294315966172412 ], [ -64.586907800524401, 50.29624432598586 ], [ -64.580567651082958, 50.29306543626177 ], [ -64.581695244164521, 50.287958686604902 ], [ -64.589161558875304, 50.286030601316732 ] ] ] } },
{ "type": "Feature", "properties": { "hex_id": 1342874, "centroid_lon": -64.584652743145526, "centroid_lat": 50.306457958840987, "occurrences_today": 6, "datetimes_today": "2026-03-21 00:46:48, 2026-03-21 01:01:24, 2026-03-21 01:14:09, 2026-03-21 01:31:28, 2026-03-21 01:46:29, 2026-03-21 01:57:15", "cumulative_total": 6 }, "geometry": { "type": "Polygon", "coordinates": [ [ [ -64.585780434273914, 50.301351153893727 ], [ -64.592122012233588, 50.304529847274473 ], [ -64.590994873218094, 50.309636753418218 ], [ -64.583524727018258, 50.311564740820543 ], [ -64.577182922005065, 50.308385547362612 ], [ -64.578311490124207, 50.303278866647737 ], [ -64.585780434273914, 50.301351153893727 ] ] ] } },
{ "type": "Feature", "properties": { "hex_id": 1343482, "centroid_lon": -64.58620236999208, "centroid_lat": 50.267531458383694, "occurrences_today": 2, "datetimes_today": "2026-03-21 00:46:48, 2026-03-21 01:01:24", "cumulative_total": 2 }, "geometry": { "type": "Polygon", "coordinates": [ [ [ -64.587328340428002, 50.262424593965406 ], [ -64.593665182358549, 50.265602876763118 ], [ -64.592539762838328, 50.270709842285733 ], [ -64.585076075268461, 50.272638299863864 ], [ -64.578739006770235, 50.269459517632519 ], [ -64.579865852288947, 50.264352777324753 ], [ -64.587328340428002, 50.262424593965406 ] ] ] } },
{ "type": "Feature", "properties": { "hex_id": 1343483, "centroid_lon": -64.582822512475417, "centroid_lat": 50.282851913981553, "occurrences_today": 2, "datetimes_today": "2026-03-21 00:46:48, 2026-03-21 01:01:24", "cumulative_total": 2 }, "geometry": { "type": "Polygon", "coordinates": [ [ [ -64.583949456136466, 50.277745118398862 ], [ -64.590287951217363, 50.280923704569631 ], [ -64.589161558875304, 50.286030601316732 ], [ -64.581695244164521, 50.287958686604902 ], [ -64.575356522474863, 50.284779600736165 ], [ -64.576484341983956, 50.279672929345345 ], [ -64.583949456136466, 50.277745118398862 ] ] ] } },
{ "type": "Feature", "properties": { "hex_id": 1343484, "centroid_lon": -64.579439733109837, "centroid_lat": 50.298172162945086, "occurrences_today": 6, "datetimes_today": "2026-03-21 00:46:48, 2026-03-21 01:01:24, 2026-03-21 01:14:09, 2026-03-21 01:31:28, 2026-03-21 01:46:29, 2026-03-21 01:57:15", "cumulative_total": 6 }, "geometry": { "type": "Polygon", "coordinates": [ [ [ -64.580567651082958, 50.29306543626177 ], [ -64.586907800524401, 50.29624432598586 ], [ -64.585780434273914, 50.301351153893727 ], [ -64.578311490124207, 50.303278866647737 ], [ -64.571971114033119, 50.300099476961144 ], [ -64.573099908620406, 50.294992874551177 ], [ -64.580567651082958, 50.29306543626177 ] ] ] } },
{ "type": "Feature", "properties": { "hex_id": 1343485, "centroid_lon": -64.576054028631319, "centroid_lat": 50.313492205082625, "occurrences_today": 2, "datetimes_today": "2026-03-21 00:46:48, 2026-03-21 01:01:24", "cumulative_total": 2 }, "geometry": { "type": "Polygon", "coordinates": [ [ [ -64.577182922005065, 50.308385547362612 ], [ -64.583524727018258, 50.311564740820543 ], [ -64.582396385771077, 50.316671499825304 ], [ -64.574924809881836, 50.318598839800643 ], [ -64.568582778178396, 50.315419146115531 ], [ -64.569712548933268, 50.310312612750437 ], [ -64.577182922005065, 50.308385547362612 ] ] ] } },
{ "type": "Feature", "properties": { "hex_id": 1344093, "centroid_lon": -64.577611836708826, "centroid_lat": 50.27456623497509, "occurrences_today": 2, "datetimes_today": "2026-03-21 00:46:48, 2026-03-21 01:01:24", "cumulative_total": 2 }, "geometry": { "type": "Polygon", "coordinates": [ [ [ -64.578739006770235, 50.269459517632519 ], [ -64.585076075268461, 50.272638299863864 ], [ -64.583949456136466, 50.277745118398862 ], [ -64.576484341983956, 50.279672929345345 ], [ -64.570147047280145, 50.276493647530579 ], [ -64.57127509281365, 50.271387054420828 ], [ -64.578739006770235, 50.269459517632519 ] ] ] } },
{ "type": "Feature", "properties": { "hex_id": 1344094, "centroid_lon": -64.574228378060639, "centroid_lat": 50.289886249140487, "occurrences_today": 6, "datetimes_today": "2026-03-21 00:46:48, 2026-03-21 01:01:24, 2026-03-21 01:14:09, 2026-03-21 01:31:28, 2026-03-21 01:46:29, 2026-03-21 01:57:15", "cumulative_total": 6 }, "geometry": { "type": "Polygon", "coordinates": [ [ [ -64.575356522474863, 50.284779600736165 ], [ -64.581695244164521, 50.287958686604902 ], [ -64.580567651082958, 50.29306543626177 ], [ -64.573099908620406, 50.294992874551177 ], [ -64.566760960684618, 50.291813288834625 ], [ -64.567889981336549, 50.286706764744579 ], [ -64.575356522474863, 50.284779600736165 ] ] ] } },
{ "type": "Feature", "properties": { "hex_id": 1344095, "centroid_lon": -64.570841994177798, "centroid_lat": 50.305206056363275, "occurrences_today": 6, "datetimes_today": "2026-03-21 00:46:48, 2026-03-21 01:01:24, 2026-03-21 01:14:09, 2026-03-21 01:31:28, 2026-03-21 01:46:29, 2026-03-21 01:57:15", "cumulative_total": 6 }, "geometry": { "type": "Polygon", "coordinates": [ [ [ -64.571971114033119, 50.300099476961144 ], [ -64.578311490124207, 50.303278866647737 ], [ -64.577182922005065, 50.308385547362612 ], [ -64.569712548933268, 50.310312612750437 ], [ -64.563371946555762, 50.307132722951415 ], [ -64.564501943415337, 50.302026267945159 ], [ -64.571971114033119, 50.300099476961144 ] ] ] } },
{ "type": "Feature", "properties": { "hex_id": 1344703, "centroid_lon": -64.572402813549431, "centroid_lat": 50.266280438318731, "occurrences_today": 2, "datetimes_today": "2026-03-21 00:46:48, 2026-03-21 01:01:24", "cumulative_total": 2 }, "geometry": { "type": "Polygon", "coordinates": [ [ [ -64.573530209608293, 50.261173799231358 ], [ -64.579865852288947, 50.264352777324753 ], [ -64.578739006770235, 50.269459517632519 ], [ -64.57127509281365, 50.271387054420828 ], [ -64.564939224330161, 50.268207576858579 ], [ -64.566067495485342, 50.263101062044932 ], [ -64.573530209608293, 50.261173799231358 ] ] ] } },
{ "type": "Feature", "properties": { "hex_id": 1344704, "centroid_lon": -64.569018676828065, "centroid_lat": 50.281600217640865, "occurrences_today": 2, "datetimes_today": "2026-03-21 00:46:48, 2026-03-21 01:01:24", "cumulative_total": 2 }, "geometry": { "type": "Polygon", "coordinates": [ [ [ -64.570147047280145, 50.276493647530579 ], [ -64.576484341983956, 50.279672929345345 ], [ -64.575356522474863, 50.284779600736165 ], [ -64.567889981336549, 50.286706764744579 ], [ -64.561552460789684, 50.283526983196666 ], [ -64.562681707103238, 50.278420537441569 ], [ -64.570147047280145, 50.276493647530579 ] ] ] } },
{ "type": "Feature", "properties": { "hex_id": 1344705, "centroid_lon": -64.565631614751226, "centroid_lat": 50.29691978990386, "occurrences_today": 6, "datetimes_today": "2026-03-21 00:46:48, 2026-03-21 01:01:24, 2026-03-21 01:14:09, 2026-03-21 01:31:28, 2026-03-21 01:46:29, 2026-03-21 01:57:15", "cumulative_total": 6 }, "geometry": { "type": "Polygon", "coordinates": [ [ [ -64.566760960684618, 50.291813288834625 ], [ -64.573099908620406, 50.294992874551177 ], [ -64.571971114033119, 50.300099476961144 ], [ -64.564501943415337, 50.302026267945159 ], [ -64.558162769596521, 50.298846182230932 ], [ -64.55929299215741, 50.293739805598477 ], [ -64.566760960684618, 50.291813288834625 ] ] ] } },
{ "type": "Feature", "properties": { "hex_id": 1344706, "centroid_lon": -64.562241624051296, "centroid_lat": 50.312239154915517, "occurrences_today": 2, "datetimes_today": "2026-03-21 00:46:48, 2026-03-21 01:01:24", "cumulative_total": 2 }, "geometry": { "type": "Polygon", "coordinates": [ [ [ -64.563371946555762, 50.307132722951415 ], [ -64.569712548933268, 50.310312612750437 ], [ -64.568582778178396, 50.315419146115531 ], [ -64.561110975780707, 50.317345563830315 ], [ -64.554770147480411, 50.314165173768984 ], [ -64.55590134737929, 50.309058866323326 ], [ -64.563371946555762, 50.307132722951415 ] ] ] } },
{ "type": "Feature", "properties": { "hex_id": 1345314, "centroid_lon": -64.56381062824309, "centroid_lat": 50.273314068659829, "occurrences_today": 2, "datetimes_today": "2026-03-21 00:46:48, 2026-03-21 01:01:24", "cumulative_total": 2 }, "geometry": { "type": "Polygon", "coordinates": [ [ [ -64.564939224330161, 50.268207576858579 ], [ -64.57127509281365, 50.271387054420828 ], [ -64.570147047280145, 50.276493647530579 ], [ -64.562681707103238, 50.278420537441569 ], [ -64.556345613179403, 50.275240560260769 ], [ -64.557475084751914, 50.270134192855586 ], [ -64.564939224330161, 50.268207576858579 ] ] ] } },
{ "type": "Feature", "properties": { "hex_id": 1345315, "centroid_lon": -64.560422889181424, "centroid_lat": 50.288633405917999, "occurrences_today": 6, "datetimes_today": "2026-03-21 00:46:48, 2026-03-21 01:01:24, 2026-03-21 01:14:09, 2026-03-21 01:31:28, 2026-03-21 01:46:29, 2026-03-21 01:57:15", "cumulative_total": 6 }, "geometry": { "type": "Polygon", "coordinates": [ [ [ -64.561552460789684, 50.283526983196666 ], [ -64.567889981336549, 50.286706764744579 ], [ -64.566760960684618, 50.291813288834625 ], [ -64.55929299215741, 50.293739805598477 ], [ -64.552955246130523, 50.290559524167627 ], [ -64.554085693989776, 50.285453225923924 ], [ -64.561552460789684, 50.283526983196666 ] ] ] } },
{ "type": "Feature", "properties": { "hex_id": 1345316, "centroid_lon": -64.55703222137754, "centroid_lat": 50.303952535808271, "occurrences_today": 6, "datetimes_today": "2026-03-21 00:46:48, 2026-03-21 01:01:24, 2026-03-21 01:14:09, 2026-03-21 01:31:28, 2026-03-21 01:46:29, 2026-03-21 01:57:15", "cumulative_total": 6 }, "geometry": { "type": "Polygon", "coordinates": [ [ [ -64.558162769596521, 50.298846182230932 ], [ -64.564501943415337, 50.302026267945159 ], [ -64.563371946555762, 50.307132722951415 ], [ -64.55590134737929, 50.309058866323326 ], [ -64.549561948041031, 50.30587828046162 ], [ -64.550693373277397, 50.300772051443616 ], [ -64.558162769596521, 50.298846182230932 ] ] ] } },
{ "type": "Feature", "properties": { "hex_id": 1345924, "centroid_lon": -64.558604231137537, "centroid_lat": 50.265027802410835, "occurrences_today": 2, "datetimes_today": "2026-03-21 00:46:48, 2026-03-21 01:01:24", "cumulative_total": 2 }, "geometry": { "type": "Polygon", "coordinates": [ [ [ -64.55973305245719, 50.25992138893362 ], [ -64.566067495485342, 50.263101062044932 ], [ -64.564939224330161, 50.268207576858579 ], [ -64.557475084751914, 50.270134192855586 ], [ -64.551140416685726, 50.266954020240341 ], [ -64.552270113114929, 50.261847731200021 ], [ -64.55973305245719, 50.25992138893362 ] ] ] } },
{ "type": "Feature", "properties": { "hex_id": 1345925, "centroid_lon": -64.555215816299039, "centroid_lat": 50.280346904619265, "occurrences_today": 2, "datetimes_today": "2026-03-21 00:46:48, 2026-03-21 01:01:24", "cumulative_total": 2 }, "geometry": { "type": "Polygon", "coordinates": [ [ [ -64.556345613179403, 50.275240560260769 ], [ -64.562681707103238, 50.278420537441569 ], [ -64.561552460789684, 50.283526983196666 ], [ -64.554085693989776, 50.285453225923924 ], [ -64.547749374988555, 50.282272748974925 ], [ -64.548880047743566, 50.277166529134938 ], [ -64.556345613179403, 50.275240560260769 ] ] ] } },
{ "type": "Feature", "properties": { "hex_id": 1345926, "centroid_lon": -64.551824472600131, "centroid_lat": 50.29566579934324, "occurrences_today": 6, "datetimes_today": "2026-03-21 00:46:48, 2026-03-21 01:01:24, 2026-03-21 01:14:09, 2026-03-21 01:31:28, 2026-03-21 01:46:29, 2026-03-21 01:57:15", "cumulative_total": 6 }, "geometry": { "type": "Polygon", "coordinates": [ [ [ -64.552955246130523, 50.290559524167627 ], [ -64.55929299215741, 50.293739805598477 ], [ -64.558162769596521, 50.298846182230932 ], [ -64.550693373277397, 50.300772051443616 ], [ -64.544355402134002, 50.29759126998011 ], [ -64.545487052304992, 50.29248511940466 ], [ -64.552955246130523, 50.290559524167627 ] ] ] } },
{ "type": "Feature", "properties": { "hex_id": 1345927, "centroid_lon": -64.548430196769658, "centroid_lat": 50.310984486390112, "occurrences_today": 6, "datetimes_today": "2026-03-21 00:46:48, 2026-03-21 01:01:24, 2026-03-21 01:14:09, 2026-03-21 01:31:28, 2026-03-21 01:46:29, 2026-03-21 01:57:15", "cumulative_total": 6 }, "geometry": { "type": "Polygon", "coordinates": [ [ [ -64.549561948041031, 50.30587828046162 ], [ -64.55590134737929, 50.309058866323326 ], [ -64.554770147480411, 50.314165173768984 ], [ -64.547298119341932, 50.316090669221943 ], [ -64.540958494848283, 50.312909583062961 ], [ -64.542091123527058, 50.307803501816416 ], [ -64.549561948041031, 50.30587828046162 ] ] ] } },
{ "type": "Feature", "properties": { "hex_id": 1346535, "centroid_lon": -64.550010394935597, "centroid_lat": 50.272060286221013, "occurrences_today": 2, "datetimes_today": "2026-03-21 00:46:48, 2026-03-21 01:01:24", "cumulative_total": 2 }, "geometry": { "type": "Polygon", "coordinates": [ [ [ -64.551140416685726, 50.266954020240341 ], [ -64.557475084751914, 50.270134192855586 ], [ -64.556345613179403, 50.275240560260769 ], [ -64.548880047743566, 50.277166529134938 ], [ -64.542545155002202, 50.273985856866162 ], [ -64.543676052250802, 50.268879715444776 ], [ -64.551140416685726, 50.266954020240341 ] ] ] } },
{ "type": "Feature", "properties": { "hex_id": 1346536, "centroid_lon": -64.546618376549418, "centroid_lat": 50.287378945733892, "occurrences_today": 2, "datetimes_today": "2026-03-21 00:46:48, 2026-03-21 01:01:24", "cumulative_total": 2 }, "geometry": { "type": "Polygon", "coordinates": [ [ [ -64.547749374988555, 50.282272748974925 ], [ -64.554085693989776, 50.285453225923924 ], [ -64.552955246130523, 50.290559524167627 ], [ -64.545487052304992, 50.29248511940466 ], [ -64.539150508589799, 50.289304142537816 ], [ -64.54028238329289, 50.284198070419819 ], [ -64.547749374988555, 50.282272748974925 ] ] ] } },
{ "type": "Feature", "properties": { "hex_id": 1346537, "centroid_lon": -64.543223425915158, "centroid_lat": 50.302697397453073, "occurrences_today": 6, "datetimes_today": "2026-03-21 00:46:48, 2026-03-21 01:01:24, 2026-03-21 01:14:09, 2026-03-21 01:31:28, 2026-03-21 01:46:29, 2026-03-21 01:57:15", "cumulative_total": 6 }, "geometry": { "type": "Polygon", "coordinates": [ [ [ -64.544355402134002, 50.29759126998011 ], [ -64.550693373277397, 50.300772051443616 ], [ -64.549561948041031, 50.30587828046162 ], [ -64.542091123527058, 50.307803501816416 ], [ -64.535752927631137, 50.304622220170508 ], [ -64.536885780880297, 50.299516217420312 ], [ -64.544355402134002, 50.29759126998011 ] ] ] } },
{ "type": "Feature", "properties": { "hex_id": 1347145, "centroid_lon": -64.544806623923535, "centroid_lat": 50.263773550936548, "occurrences_today": 2, "datetimes_today": "2026-03-21 00:46:48, 2026-03-21 01:01:24", "cumulative_total": 2 }, "geometry": { "type": "Polygon", "coordinates": [ [ [ -64.545936870141432, 50.2586673633486 ], [ -64.552270113114929, 50.261847731200021 ], [ -64.551140416685726, 50.266954020240341 ], [ -64.543676052250802, 50.268879715444776 ], [ -64.537342585003955, 50.265698848054527 ], [ -64.538473706344348, 50.260592785066663 ], [ -64.545936870141432, 50.2586673633486 ] ] ] } },
{ "type": "Feature", "properties": { "hex_id": 1347146, "centroid_lon": -64.541413932056628, "centroid_lat": 50.279091975193559, "occurrences_today": 2, "datetimes_today": "2026-03-21 00:46:48, 2026-03-21 01:01:24", "cumulative_total": 2 }, "geometry": { "type": "Polygon", "coordinates": [ [ [ -64.542545155002202, 50.273985856866162 ], [ -64.548880047743566, 50.277166529134938 ], [ -64.547749374988555, 50.282272748974925 ], [ -64.54028238329289, 50.284198070419819 ], [ -64.533947266239693, 50.281016898348 ], [ -64.535079365072775, 50.275910904702357 ], [ -64.542545155002202, 50.273985856866162 ] ] ] } },
{ "type": "Feature", "properties": { "hex_id": 1347147, "centroid_lon": -64.53801830782605, "centroid_lat": 50.294410191540365, "occurrences_today": 6, "datetimes_today": "2026-03-21 00:46:48, 2026-03-21 01:01:24, 2026-03-21 01:14:09, 2026-03-21 01:31:28, 2026-03-21 01:46:29, 2026-03-21 01:57:15", "cumulative_total": 6 }, "geometry": { "type": "Polygon", "coordinates": [ [ [ -64.539150508589799, 50.289304142537816 ], [ -64.545487052304992, 50.29248511940466 ], [ -64.544355402134002, 50.29759126998011 ], [ -64.536885780880297, 50.299516217420312 ], [ -64.530549012815044, 50.29633474048596 ], [ -64.531682090232181, 50.291228816246957 ], [ -64.539150508589799, 50.289304142537816 ] ] ] } },
{ "type": "Feature", "properties": { "hex_id": 1347148, "centroid_lon": -64.534619747957095, "centroid_lat": 50.309728199783812, "occurrences_today": 6, "datetimes_today": "2026-03-21 00:46:48, 2026-03-21 01:01:24, 2026-03-21 01:14:09, 2026-03-21 01:31:28, 2026-03-21 01:46:29, 2026-03-21 01:57:15", "cumulative_total": 6 }, "geometry": { "type": "Polygon", "coordinates": [ [ [ -64.535752927631137, 50.304622220170508 ], [ -64.542091123527058, 50.307803501816416 ], [ -64.540958494848283, 50.312909583062961 ], [ -64.533486241736639, 50.314834156253013 ], [ -64.527147821452644, 50.311652374275056 ], [ -64.528281878546807, 50.306546519507187 ], [ -64.535752927631137, 50.304622220170508 ] ] ] } },
{ "type": "Feature", "properties": { "hex_id": 1347756, "centroid_lon": -64.536211137953813, "centroid_lat": 50.270804887935469, "occurrences_today": 2, "datetimes_today": "2026-03-21 00:46:48, 2026-03-21 01:01:24", "cumulative_total": 2 }, "geometry": { "type": "Polygon", "coordinates": [ [ [ -64.537342585003955, 50.265698848054527 ], [ -64.543676052250802, 50.268879715444776 ], [ -64.542545155002202, 50.273985856866162 ], [ -64.535079365072775, 50.275910904702357 ], [ -64.52874567391585, 50.272729537623796 ], [ -64.529877996477254, 50.267623622465351 ], [ -64.537342585003955, 50.265698848054527 ] ] ] } },
{ "type": "Feature", "properties": { "hex_id": 1347757, "centroid_lon": -64.532814841333263, "centroid_lat": 50.286122868865256, "occurrences_today": 2, "datetimes_today": "2026-03-21 00:46:48, 2026-03-21 01:01:24", "cumulative_total": 2 }, "geometry": { "type": "Polygon", "coordinates": [ [ [ -64.533947266239693, 50.281016898348 ], [ -64.54028238329289, 50.284198070419819 ], [ -64.539150508589799, 50.289304142537816 ], [ -64.531682090232181, 50.291228816246957 ], [ -64.525346749230977, 50.28804714422251 ], [ -64.526480050414051, 50.282941298509535 ], [ -64.533947266239693, 50.281016898348 ] ] ] } },
{ "type": "Feature", "properties": { "hex_id": 1347758, "centroid_lon": -64.52941560896042, "centroid_lat": 50.301440641575098, "occurrences_today": 6, "datetimes_today": "2026-03-21 00:46:48, 2026-03-21 01:01:24, 2026-03-21 01:14:09, 2026-03-21 01:31:28, 2026-03-21 01:46:29, 2026-03-21 01:57:15", "cumulative_total": 6 }, "geometry": { "type": "Polygon", "coordinates": [ [ [ -64.530549012815044, 50.29633474048596 ], [ -64.536885780880297, 50.299516217420312 ], [ -64.535752927631137, 50.304622220170508 ], [ -64.528281878546807, 50.306546519507187 ], [ -64.521944886495859, 50.303364542355723 ], [ -64.523079167393391, 50.298258766152777 ], [ -64.530549012815044, 50.29633474048596 ] ] ] } },
{ "type": "Feature", "properties": { "hex_id": 1347759, "centroid_lon": -64.526013437556259, "centroid_lat": 50.316758205871515, "occurrences_today": 2, "datetimes_today": "2026-03-21 00:46:48, 2026-03-21 01:01:24", "cumulative_total": 2 }, "geometry": { "type": "Polygon", "coordinates": [ [ [ -64.527147821452644, 50.311652374275056 ], [ -64.533486241736639, 50.314834156253013 ], [ -64.532352408848155, 50.319940089570984 ], [ -64.52487872673602, 50.321864014289396 ], [ -64.518540082428885, 50.318681731829642 ], [ -64.519675344135294, 50.31357602520135 ], [ -64.527147821452644, 50.311652374275056 ] ] ] } },
{ "type": "Feature", "properties": { "hex_id": 1348367, "centroid_lon": -64.527613025268565, "centroid_lat": 50.277835429640916, "occurrences_today": 2, "datetimes_today": "2026-03-21 00:46:48, 2026-03-21 01:01:24", "cumulative_total": 2 }, "geometry": { "type": "Polygon", "coordinates": [ [ [ -64.52874567391585, 50.272729537623796 ], [ -64.535079365072775, 50.275910904702357 ], [ -64.533947266239693, 50.281016898348 ], [ -64.526480050414051, 50.282941298509535 ], [ -64.520146135710775, 50.27975943159322 ], [ -64.521279660258159, 50.274653664421116 ], [ -64.52874567391585, 50.272729537623796 ] ] ] } },
{ "type": "Feature", "properties": { "hex_id": 1348368, "centroid_lon": -64.52421312159791, "centroid_lat": 50.293152966772645, "occurrences_today": 2, "datetimes_today": "2026-03-21 00:46:48, 2026-03-21 01:01:24", "cumulative_total": 2 }, "geometry": { "type": "Polygon", "coordinates": [ [ [ -64.525346749230977, 50.28804714422251 ], [ -64.531682090232181, 50.291228816246957 ], [ -64.530549012815044, 50.29633474048596 ], [ -64.523079167393391, 50.298258766152777 ], [ -64.516743602808489, 50.295076594026149 ], [ -64.517878107107421, 50.28997089640292 ], [ -64.525346749230977, 50.28804714422251 ] ] ] } },
{ "type": "Feature", "properties": { "hex_id": 1348369, "centroid_lon": -64.520810278783713, "centroid_lat": 50.308470295374306, "occurrences_today": 6, "datetimes_today": "2026-03-21 00:46:48, 2026-03-21 01:01:24, 2026-03-21 01:14:09, 2026-03-21 01:31:28, 2026-03-21 01:46:29, 2026-03-21 01:57:15", "cumulative_total": 6 }, "geometry": { "type": "Polygon", "coordinates": [ [ [ -64.521944886495859, 50.303364542355723 ], [ -64.528281878546807, 50.306546519507187 ], [ -64.527147821452644, 50.311652374275056 ], [ -64.519675344135294, 50.31357602520135 ], [ -64.513338128463502, 50.310393547683169 ], [ -64.514473613608189, 50.305287919673475 ], [ -64.521944886495859, 50.303364542355723 ] ] ] } },
{ "type": "Feature", "properties": { "hex_id": 1348977, "centroid_lon": -64.522412858464591, "centroid_lat": 50.269547874080388, "occurrences_today": 2, "datetimes_today": "2026-03-21 00:46:48, 2026-03-21 01:01:24", "cumulative_total": 2 }, "geometry": { "type": "Polygon", "coordinates": [ [ [ -64.523545730451332, 50.26444206057824 ], [ -64.529877996477254, 50.267623622465351 ], [ -64.52874567391585, 50.272729537623796 ], [ -64.521279660258159, 50.274653664421116 ], [ -64.514947171087186, 50.271471602811054 ], [ -64.516080918597666, 50.266365914194587 ], [ -64.523545730451332, 50.26444206057824 ] ] ] } },
{ "type": "Feature", "properties": { "hex_id": 1348978, "centroid_lon": -64.519012284701006, "centroid_lat": 50.284865175589545, "occurrences_today": 2, "datetimes_today": "2026-03-21 00:46:48, 2026-03-21 01:01:24", "cumulative_total": 2 }, "geometry": { "type": "Polygon", "coordinates": [ [ [ -64.520146135710775, 50.27975943159322 ], [ -64.526480050414051, 50.282941298509535 ], [ -64.525346749230977, 50.28804714422251 ], [ -64.517878107107421, 50.28997089640292 ], [ -64.511543969222032, 50.286788529499368 ], [ -64.512678696520837, 50.281682910470629 ], [ -64.520146135710775, 50.27975943159322 ] ] ] } },
{ "type": "Feature", "properties": { "hex_id": 1348979, "centroid_lon": -64.515608771682622, "centroid_lat": 50.300182268452083, "occurrences_today": 6, "datetimes_today": "2026-03-21 00:46:48, 2026-03-21 01:01:24, 2026-03-21 01:14:09, 2026-03-21 01:31:28, 2026-03-21 01:46:29, 2026-03-21 01:57:15", "cumulative_total": 6 }, "geometry": { "type": "Polygon", "coordinates": [ [ [ -64.516743602808489, 50.295076594026149 ], [ -64.523079167393391, 50.298258766152777 ], [ -64.521944886495859, 50.303364542355723 ], [ -64.514473613608189, 50.305287919673475 ], [ -64.508137825804354, 50.302105247295181 ], [ -64.509273533985436, 50.296999697918835 ], [ -64.516743602808489, 50.295076594026149 ] ] ] } },
{ "type": "Feature", "properties": { "hex_id": 1348980, "centroid_lon": -64.512202316126789, "centroid_lat": 50.315499152473954, "occurrences_today": 6, "datetimes_today": "2026-03-21 00:46:48, 2026-03-21 01:01:24, 2026-03-21 01:14:09, 2026-03-21 01:31:28, 2026-03-21 01:46:29, 2026-03-21 01:57:15", "cumulative_total": 6 }, "geometry": { "type": "Polygon", "coordinates": [ [ [ -64.513338128463502, 50.310393547683169 ], [ -64.519675344135294, 50.31357602520135 ], [ -64.518540082428885, 50.318681731829642 ], [ -64.511066176476234, 50.320604734038653 ], [ -64.50472873754893, 50.317421756004165 ], [ -64.505865427707917, 50.312316276345044 ], [ -64.513338128463502, 50.310393547683169 ] ] ] } },
{ "type": "Feature", "properties": { "hex_id": 1349588, "centroid_lon": -64.513813097102059, "centroid_lat": 50.276577268238782, "occurrences_today": 2, "datetimes_today": "2026-03-21 00:46:48, 2026-03-21 01:01:24", "cumulative_total": 2 }, "geometry": { "type": "Polygon", "coordinates": [ [ [ -64.514947171087186, 50.271471602811054 ], [ -64.521279660258159, 50.274653664421116 ], [ -64.520146135710775, 50.27975943159322 ], [ -64.512678696520837, 50.281682910470629 ], [ -64.506345984568924, 50.278500348988274 ], [ -64.507480934466443, 50.273394808568767 ], [ -64.514947171087186, 50.271471602811054 ] ] ] } },
{ "type": "Feature", "properties": { "hex_id": 1349589, "centroid_lon": -64.510408915084099, "centroid_lat": 50.291894125317853, "occurrences_today": 2, "datetimes_today": "2026-03-21 00:46:48, 2026-03-21 01:01:24", "cumulative_total": 2 }, "geometry": { "type": "Polygon", "coordinates": [ [ [ -64.511543969222032, 50.286788529499368 ], [ -64.517878107107421, 50.28997089640292 ], [ -64.516743602808489, 50.295076594026149 ], [ -64.509273533985436, 50.296999697918835 ], [ -64.502939173282627, 50.293816830878633 ], [ -64.504075104098646, 50.288711360150401 ], [ -64.511543969222032, 50.286788529499368 ] ] ] } },
{ "type": "Feature", "properties": { "hex_id": 1349590, "centroid_lon": -64.50700179041911, "centroid_lat": 50.30721077343965, "occurrences_today": 6, "datetimes_today": "2026-03-21 00:46:48, 2026-03-21 01:01:24, 2026-03-21 01:14:09, 2026-03-21 01:31:28, 2026-03-21 01:46:29, 2026-03-21 01:57:15", "cumulative_total": 6 }, "geometry": { "type": "Polygon", "coordinates": [ [ [ -64.508137825804354, 50.302105247295181 ], [ -64.514473613608189, 50.305287919673475 ], [ -64.513338128463502, 50.310393547683169 ], [ -64.505865427707917, 50.312316276345044 ], [ -64.499529417050383, 50.309133103565578 ], [ -64.500666329880303, 50.304027702593437 ], [ -64.508137825804354, 50.302105247295181 ] ] ] } },
{ "type": "Feature", "properties": { "hex_id": 1350198, "centroid_lon": -64.508615557634243, "centroid_lat": 50.268289244933221, "occurrences_today": 2, "datetimes_today": "2026-03-21 00:46:48, 2026-03-21 01:01:24", "cumulative_total": 2 }, "geometry": { "type": "Polygon", "coordinates": [ [ [ -64.509749854193799, 50.263183658088856 ], [ -64.516080918597666, 50.266365914194587 ], [ -64.514947171087186, 50.271471602811054 ], [ -64.507480934466443, 50.273394808568767 ], [ -64.501149647682453, 50.270212052705617 ], [ -64.502284819777913, 50.265106590910094 ], [ -64.509749854193799, 50.263183658088856 ] ] ] } },
{ "type": "Feature", "properties": { "hex_id": 1350199, "centroid_lon": -64.505210707820197, "centroid_lat": 50.283605866184551, "occurrences_today": 2, "datetimes_today": "2026-03-21 00:46:48, 2026-03-21 01:01:24", "cumulative_total": 2 }, "geometry": { "type": "Polygon", "coordinates": [ [ [ -64.506345984568924, 50.278500348988274 ], [ -64.512678696520837, 50.281682910470629 ], [ -64.511543969222032, 50.286788529499368 ], [ -64.504075104098646, 50.288711360150401 ], [ -64.497742169730429, 50.285528298646391 ], [ -64.4988783227803, 50.280422906580959 ], [ -64.506345984568924, 50.278500348988274 ] ] ] } },
{ "type": "Feature", "properties": { "hex_id": 1350200, "centroid_lon": -64.501802915250437, "centroid_lat": 50.298922278362049, "occurrences_today": 2, "datetimes_today": "2026-03-21 00:46:48, 2026-03-21 01:01:24", "cumulative_total": 2 }, "geometry": { "type": "Polygon", "coordinates": [ [ [ -64.502939173282627, 50.293816830878633 ], [ -64.509273533985436, 50.296999697918835 ], [ -64.508137825804354, 50.302105247295181 ], [ -64.500666329880303, 50.304027702593437 ], [ -64.494331746725237, 50.300844335267143 ], [ -64.495468881824664, 50.295739012996691 ], [ -64.502939173282627, 50.293816830878633 ] ] ] } },
{ "type": "Feature", "properties": { "hex_id": 1350201, "centroid_lon": -64.498392176638802, "centroid_lat": 50.314238481271254, "occurrences_today": 6, "datetimes_today": "2026-03-21 00:46:48, 2026-03-21 01:01:24, 2026-03-21 01:14:09, 2026-03-21 01:31:28, 2026-03-21 01:46:29, 2026-03-21 01:57:15", "cumulative_total": 12 }, "geometry": { "type": "Polygon", "coordinates": [ [ [ -64.499529417050383, 50.309133103565578 ], [ -64.505865427707917, 50.312316276345044 ], [ -64.50472873754893, 50.317421756004165 ], [ -64.49725460852359, 50.319343835703251 ], [ -64.490918375378115, 50.316160162373109 ], [ -64.49205649362392, 50.311054909962593 ], [ -64.499529417050383, 50.309133103565578 ] ] ] } },
{ "type": "Feature", "properties": { "hex_id": 1350809, "centroid_lon": -64.500014148723764, "centroid_lat": 50.275317491264964, "occurrences_today": 2, "datetimes_today": "2026-03-21 00:46:48, 2026-03-21 01:01:24", "cumulative_total": 2 }, "geometry": { "type": "Polygon", "coordinates": [ [ [ -64.501149647682453, 50.270212052705617 ], [ -64.507480934466443, 50.273394808568767 ], [ -64.506345984568924, 50.278500348988274 ], [ -64.4988783227803, 50.280422906580959 ], [ -64.492546813980709, 50.277239650811147 ], [ -64.49368318886377, 50.272134337423239 ], [ -64.501149647682453, 50.270212052705617 ] ] ] } },
{ "type": "Feature", "properties": { "hex_id": 1350810, "centroid_lon": -64.496605689452451, "centroid_lat": 50.290633667454038, "occurrences_today": 2, "datetimes_today": "2026-03-21 00:46:48, 2026-03-21 01:01:24", "cumulative_total": 2 }, "geometry": { "type": "Polygon", "coordinates": [ [ [ -64.497742169730429, 50.285528298646391 ], [ -64.504075104098646, 50.288711360150401 ], [ -64.502939173282627, 50.293816830878633 ], [ -64.495468881824664, 50.295739012996691 ], [ -64.48913572540522, 50.292555451321682 ], [ -64.490273082373193, 50.287450207767584 ], [ -64.497742169730429, 50.285528298646391 ] ] ] } },
{ "type": "Feature", "properties": { "hex_id": 1350811, "centroid_lon": -64.493194284032285, "centroid_lat": 50.305949634258191, "occurrences_today": 6, "datetimes_today": "2026-03-21 00:46:48, 2026-03-21 01:01:24, 2026-03-21 01:14:09, 2026-03-21 01:31:28, 2026-03-21 01:46:29, 2026-03-21 01:57:15", "cumulative_total": 12 }, "geometry": { "type": "Polygon", "coordinates": [ [ [ -64.494331746725237, 50.300844335267143 ], [ -64.500666329880303, 50.304027702593437 ], [ -64.499529417050383, 50.309133103565578 ], [ -64.49205649362392, 50.311054909962593 ], [ -64.485721688382228, 50.307871042200823 ], [ -64.486860028531666, 50.302765868545535 ], [ -64.494331746725237, 50.300844335267143 ] ] ] } },
{ "type": "Feature", "properties": { "hex_id": 1350812, "centroid_lon": -64.489779929172812, "centroid_lat": 50.321265391482534, "occurrences_today": 2, "datetimes_today": "2026-03-21 00:46:48, 2026-03-21 01:01:24", "cumulative_total": 8 }, "geometry": { "type": "Polygon", "coordinates": [ [ [ -64.490918375378115, 50.316160162373109 ], [ -64.49725460852359, 50.319343835703251 ], [ -64.496116712582747, 50.32444916685435 ], [ -64.488641154885926, 50.326370597283628 ], [ -64.482304699618666, 50.32318642325334 ], [ -64.483444024047841, 50.318081319561969 ], [ -64.490918375378115, 50.316160162373109 ] ] ] } },
{ "type": "Feature", "properties": { "hex_id": 1351419, "centroid_lon": -64.494819236628572, "centroid_lat": 50.267029000771799, "occurrences_today": 2, "datetimes_today": "2026-03-21 00:46:48, 2026-03-21 01:01:24", "cumulative_total": 2 }, "geometry": { "type": "Polygon", "coordinates": [ [ [ -64.495954957396748, 50.261923640864076 ], [ -64.502284819777913, 50.265106590910094 ], [ -64.501149647682453, 50.270212052705617 ], [ -64.49368318886377, 50.272134337423239 ], [ -64.48735310486731, 50.268950887585511 ], [ -64.488489701183269, 50.263845652889771 ], [ -64.495954957396748, 50.261923640864076 ] ] ] } },
{ "type": "Feature", "properties": { "hex_id": 1351420, "centroid_lon": -64.491410111857761, "centroid_lat": 50.28234494092834, "occurrences_today": 2, "datetimes_today": "2026-03-21 00:46:48, 2026-03-21 01:01:24", "cumulative_total": 2 }, "geometry": { "type": "Polygon", "coordinates": [ [ [ -64.492546813980709, 50.277239650811147 ], [ -64.4988783227803, 50.280422906580959 ], [ -64.497742169730429, 50.285528298646391 ], [ -64.490273082373193, 50.287450207767584 ], [ -64.483941351923008, 50.284266451941853 ], [ -64.485078930358924, 50.279161287118754 ], [ -64.492546813980709, 50.277239650811147 ] ] ] } },
{ "type": "Feature", "properties": { "hex_id": 1351421, "centroid_lon": -64.487998040832025, "centroid_lat": 50.297660671583415, "occurrences_today": 2, "datetimes_today": "2026-03-21 00:46:48, 2026-03-21 01:01:24", "cumulative_total": 2 }, "geometry": { "type": "Polygon", "coordinates": [ [ [ -64.48913572540522, 50.292555451321682 ], [ -64.495468881824664, 50.295739012996691 ], [ -64.494331746725237, 50.300844335267143 ], [ -64.486860028531666, 50.302765868545535 ], [ -64.480526650426569, 50.299581806550222 ], [ -64.481665212078752, 50.294476711664807 ], [ -64.48913572540522, 50.292555451321682 ] ] ] } },
{ "type": "Feature", "properties": { "hex_id": 1351422, "centroid_lon": -64.484583020261653, "centroid_lat": 50.312976192542045, "occurrences_today": 2, "datetimes_today": "2026-03-21 00:46:48, 2026-03-21 01:01:24", "cumulative_total": 8 }, "geometry": { "type": "Polygon", "coordinates": [ [ [ -64.485721688382228, 50.307871042200823 ], [ -64.49205649362392, 50.311054909962593 ], [ -64.490918375378115, 50.316160162373109 ], [ -64.483444024047841, 50.318081319561969 ], [ -64.477108997085679, 50.314896951215331 ], [ -64.478248543052118, 50.309791926332728 ], [ -64.485721688382228, 50.307871042200823 ] ] ] } },
{ "type": "Feature", "properties": { "hex_id": 1352030, "centroid_lon": -64.486216181299767, "centroid_lat": 50.274056098997562, "occurrences_today": 2, "datetimes_today": "2026-03-21 00:46:48, 2026-03-21 01:01:24", "cumulative_total": 2 }, "geometry": { "type": "Polygon", "coordinates": [ [ [ -64.48735310486731, 50.268950887585511 ], [ -64.49368318886377, 50.272134337423239 ], [ -64.492546813980709, 50.277239650811147 ], [ -64.485078930358924, 50.279161287118754 ], [ -64.478748625112132, 50.275977337340166 ], [ -64.479886424615756, 50.27087225126273 ], [ -64.48735310486731, 50.268950887585511 ] ] ] } },
{ "type": "Feature", "properties": { "hex_id": 1352031, "centroid_lon": -64.48280344587026, "centroid_lat": 50.289371593459613, "occurrences_today": 2, "datetimes_today": "2026-03-21 00:46:48, 2026-03-21 01:01:24", "cumulative_total": 2 }, "geometry": { "type": "Polygon", "coordinates": [ [ [ -64.483941351923008, 50.284266451941853 ], [ -64.490273082373193, 50.287450207767584 ], [ -64.48913572540522, 50.292555451321682 ], [ -64.481665212078752, 50.294476711664807 ], [ -64.475333260343461, 50.291292455633915 ], [ -64.476472043097871, 50.286187439532995 ], [ -64.483941351923008, 50.284266451941853 ] ] ] } },
{ "type": "Feature", "properties": { "hex_id": 1352032, "centroid_lon": -64.47938776079171, "centroid_lat": 50.304686878108605, "occurrences_today": 2, "datetimes_today": "2026-03-21 00:46:48, 2026-03-21 01:01:24", "cumulative_total": 8 }, "geometry": { "type": "Polygon", "coordinates": [ [ [ -64.480526650426569, 50.299581806550222 ], [ -64.486860028531666, 50.302765868545535 ], [ -64.485721688382228, 50.307871042200823 ], [ -64.478248543052118, 50.309791926332728 ], [ -64.471914943627397, 50.306607363867812 ], [ -64.47305471073031, 50.301502417808564 ], [ -64.480526650426569, 50.299581806550222 ] ] ] } },
{ "type": "Feature", "properties": { "hex_id": 1352033, "centroid_lon": -64.475969122770167, "centroid_lat": 50.32000195274918, "occurrences_today": 2, "datetimes_today": "2026-03-21 00:46:48, 2026-03-21 01:01:24", "cumulative_total": 8 }, "geometry": { "type": "Polygon", "coordinates": [ [ [ -64.477108997085679, 50.314896951215331 ], [ -64.483444024047841, 50.318081319561969 ], [ -64.482304699618666, 50.32318642325334 ], [ -64.474828919983366, 50.325106930927014 ], [ -64.468493671667304, 50.321922061846152 ], [ -64.469634424218142, 50.316817185893854 ], [ -64.477108997085679, 50.314896951215331 ] ] ] } },
{ "type": "Feature", "properties": { "hex_id": 1352640, "centroid_lon": -64.481023896612797, "centroid_lat": 50.265767141874242, "occurrences_today": 2, "datetimes_today": "2026-03-21 00:46:48, 2026-03-21 01:01:24", "cumulative_total": 2 }, "geometry": { "type": "Polygon", "coordinates": [ [ [ -64.48216104122497, 50.260662009181942 ], [ -64.488489701183269, 50.263845652889771 ], [ -64.48735310486731, 50.268950887585511 ], [ -64.479886424615756, 50.27087225126273 ], [ -64.473557543806962, 50.26768810772905 ], [ -64.474695563978514, 50.262583100411881 ], [ -64.48216104122497, 50.260662009181942 ] ] ] } },
{ "type": "Feature", "properties": { "hex_id": 1352641, "centroid_lon": -64.477610497980109, "centroid_lat": 50.281082400099329, "occurrences_today": 2, "datetimes_today": "2026-03-21 00:46:48, 2026-03-21 01:01:24", "cumulative_total": 2 }, "geometry": { "type": "Polygon", "coordinates": [ [ [ -64.478748625112132, 50.275977337340166 ], [ -64.485078930358924, 50.279161287118754 ], [ -64.483941351923008, 50.284266451941853 ], [ -64.476472043097871, 50.286187439532995 ], [ -64.470141516966137, 50.283002989664368 ], [ -64.471280520422624, 50.277898052362531 ], [ -64.478748625112132, 50.275977337340166 ] ] ] } },
{ "type": "Feature", "properties": { "hex_id": 1352642, "centroid_lon": -64.474194149594965, "centroid_lat": 50.296397448394849, "occurrences_today": 2, "datetimes_today": "2026-03-21 00:46:48, 2026-03-21 01:01:24", "cumulative_total": 2 }, "geometry": { "type": "Polygon", "coordinates": [ [ [ -64.475333260343461, 50.291292455633915 ], [ -64.481665212078752, 50.294476711664807 ], [ -64.480526650426569, 50.299581806550222 ], [ -64.47305471073031, 50.301502417808564 ], [ -64.466722538075885, 50.298317661423283 ], [ -64.467862525914811, 50.293212794201999 ], [ -64.475333260343461, 50.291292455633915 ] ] ] } },
{ "type": "Feature", "properties": { "hex_id": 1352643, "centroid_lon": -64.470774848164083, "centroid_lat": 50.311712286565324, "occurrences_today": 2, "datetimes_today": "2026-03-21 00:46:48, 2026-03-21 01:01:24", "cumulative_total": 8 }, "geometry": { "type": "Polygon", "coordinates": [ [ [ -64.471914943627397, 50.306607363867812 ], [ -64.478248543052118, 50.309791926332728 ], [ -64.477108997085679, 50.314896951215331 ], [ -64.469634424218142, 50.316817185893854 ], [ -64.463300603840324, 50.313632122810034 ], [ -64.464441577160855, 50.308527325734573 ], [ -64.471914943627397, 50.306607363867812 ] ] ] } },
{ "type": "Feature", "properties": { "hex_id": 1353251, "centroid_lon": -64.472419195995599, "centroid_lat": 50.272793091715016, "occurrences_today": 2, "datetimes_today": "2026-03-21 00:46:48, 2026-03-21 01:01:24", "cumulative_total": 2 }, "geometry": { "type": "Polygon", "coordinates": [ [ [ -64.473557543806962, 50.26768810772905 ], [ -64.479886424615756, 50.27087225126273 ], [ -64.478748625112132, 50.275977337340166 ], [ -64.471280520422624, 50.277898052362531 ], [ -64.464951419128624, 50.274713408853962 ], [ -64.466090642887465, 50.269608550365795 ], [ -64.473557543806962, 50.26768810772905 ] ] ] } },
{ "type": "Feature", "properties": { "hex_id": 1353252, "centroid_lon": -64.469002185504209, "centroid_lat": 50.288107903613273, "occurrences_today": 2, "datetimes_today": "2026-03-21 00:46:48, 2026-03-21 01:01:24", "cumulative_total": 2 }, "geometry": { "type": "Polygon", "coordinates": [ [ [ -64.470141516966137, 50.283002989664368 ], [ -64.476472043097871, 50.286187439532995 ], [ -64.475333260343461, 50.291292455633915 ], [ -64.467862525914811, 50.293212794201999 ], [ -64.461531779264007, 50.290027844094219 ], [ -64.46267198743891, 50.284923055725429 ], [ -64.470141516966137, 50.283002989664368 ] ] ] } },
{ "type": "Feature", "properties": { "hex_id": 1353253, "centroid_lon": -64.465582221865304, "centroid_lat": 50.3034225052699, "occurrences_today": 2, "datetimes_today": "2026-03-21 00:46:48, 2026-03-21 01:01:24", "cumulative_total": 8 }, "geometry": { "type": "Polygon", "coordinates": [ [ [ -64.466722538075885, 50.298317661423283 ], [ -64.47305471073031, 50.301502417808564 ], [ -64.471914943627397, 50.306607363867812 ], [ -64.464441577160855, 50.308527325734573 ], [ -64.458109183953724, 50.305342068845739 ], [ -64.459250377643613, 50.300237350661646 ], [ -64.466722538075885, 50.298317661423283 ] ] ] } },
{ "type": "Feature", "properties": { "hex_id": 1353254, "centroid_lon": -64.462159301781341, "centroid_lat": 50.318736896489028, "occurrences_today": 2, "datetimes_today": "2026-03-21 00:46:48, 2026-03-21 01:01:24", "cumulative_total": 8 }, "geometry": { "type": "Polygon", "coordinates": [ [ [ -64.463300603840324, 50.313632122810034 ], [ -64.469634424218142, 50.316817185893854 ], [ -64.468493671667304, 50.321922061846152 ], [ -64.46101767086158, 50.323841646764265 ], [ -64.45468362989763, 50.320656082912279 ], [ -64.455825810203123, 50.315551434978332 ], [ -64.463300603840324, 50.313632122810034 ] ] ] } },
{ "type": "Feature", "properties": { "hex_id": 1353861, "centroid_lon": -64.467229538751567, "centroid_lat": 50.264503668518991, "occurrences_today": 2, "datetimes_today": "2026-03-21 00:46:48, 2026-03-21 01:01:24", "cumulative_total": 2 }, "geometry": { "type": "Polygon", "coordinates": [ [ [ -64.468368106842746, 50.259398763320817 ], [ -64.474695563978514, 50.262583100411881 ], [ -64.473557543806962, 50.26768810772905 ], [ -64.466090642887465, 50.269608550365795 ], [ -64.459762965665917, 50.266423713414916 ], [ -64.460902409327801, 50.261318933754957 ], [ -64.468368106842746, 50.259398763320817 ] ] ] } },
{ "type": "Feature", "properties": { "hex_id": 1353862, "centroid_lon": -64.463811867353101, "centroid_lat": 50.279818243976251, "occurrences_today": 2, "datetimes_today": "2026-03-21 00:46:48, 2026-03-21 01:01:24", "cumulative_total": 2 }, "geometry": { "type": "Polygon", "coordinates": [ [ [ -64.464951419128624, 50.274713408853962 ], [ -64.471280520422624, 50.277898052362531 ], [ -64.470141516966137, 50.283002989664368 ], [ -64.46267198743891, 50.284923055725429 ], [ -64.456342666025535, 50.281737912092893 ], [ -64.457483094136762, 50.276633202591128 ], [ -64.464951419128624, 50.274713408853962 ] ] ] } },
{ "type": "Feature", "properties": { "hex_id": 1353863, "centroid_lon": -64.460391242706294, "centroid_lat": 50.295132609075381, "occurrences_today": 2, "datetimes_today": "2026-03-21 00:46:48, 2026-03-21 01:01:24", "cumulative_total": 2 }, "geometry": { "type": "Polygon", "coordinates": [ [ [ -64.461531779264007, 50.290027844094219 ], [ -64.467862525914811, 50.293212794201999 ], [ -64.466722538075885, 50.298317661423283 ], [ -64.459250377643613, 50.300237350661646 ], [ -64.45291941084011, 50.297051900165592 ], [ -64.454060824499379, 50.29194726088739 ], [ -64.461531779264007, 50.290027844094219 ] ] ] } },
{ "type": "Feature", "properties": { "hex_id": 1353864, "centroid_lon": -64.456967661514341, "centroid_lat": 50.310446763620391, "occurrences_today": 2, "datetimes_today": "2026-03-21 00:46:48, 2026-03-21 01:01:24", "cumulative_total": 8 }, "geometry": { "type": "Polygon", "coordinates": [ [ [ -64.458109183953724, 50.305342068845739 ], [ -64.464441577160855, 50.308527325734573 ], [ -64.463300603840324, 50.313632122810034 ], [ -64.455825810203123, 50.315551434978332 ], [ -64.449493196810181, 50.31236567743673 ], [ -64.450635597117866, 50.307261108447548 ], [ -64.458109183953724, 50.305342068845739 ] ] ] } },
{ "type": "Feature", "properties": { "hex_id": 1354472, "centroid_lon": -64.458623193976223, "centroid_lat": 50.271528469696044, "occurrences_today": 2, "datetimes_today": "2026-03-21 00:46:48, 2026-03-21 01:01:24", "cumulative_total": 2 }, "geometry": { "type": "Polygon", "coordinates": [ [ [ -64.459762965665917, 50.266423713414916 ], [ -64.466090642887465, 50.269608550365795 ], [ -64.464951419128624, 50.274713408853962 ], [ -64.457483094136762, 50.276633202591128 ], [ -64.451155197195121, 50.273447865631489 ], [ -64.452295844843434, 50.268343235011287 ], [ -64.459762965665917, 50.266423713414916 ] ] ] } },
{ "type": "Feature", "properties": { "hex_id": 1354473, "centroid_lon": -64.455201909520454, "centroid_lat": 50.286842598194077, "occurrences_today": 2, "datetimes_today": "2026-03-21 00:46:48, 2026-03-21 01:01:24", "cumulative_total": 2 }, "geometry": { "type": "Polygon", "coordinates": [ [ [ -64.456342666025535, 50.281737912092893 ], [ -64.46267198743891, 50.284923055725429 ], [ -64.461531779264007, 50.290027844094219 ], [ -64.454060824499379, 50.29194726088739 ], [ -64.447731283332899, 50.288761616981873 ], [ -64.448872916561996, 50.283657056624051 ], [ -64.456342666025535, 50.281737912092893 ] ] ] } },
{ "type": "Feature", "properties": { "hex_id": 1354474, "centroid_lon": -64.451777668420377, "centroid_lat": 50.302156516021398, "occurrences_today": 2, "datetimes_today": "2026-03-21 00:46:48, 2026-03-21 01:01:24", "cumulative_total": 8 }, "geometry": { "type": "Polygon", "coordinates": [ [ [ -64.45291941084011, 50.297051900165592 ], [ -64.459250377643613, 50.300237350661646 ], [ -64.458109183953724, 50.305342068845739 ], [ -64.450635597117866, 50.307261108447548 ], [ -64.444304410528474, 50.304075157414132 ], [ -64.445447030438473, 50.298970667384197 ], [ -64.45291941084011, 50.297051900165592 ] ] ] } },
{ "type": "Feature", "properties": { "hex_id": 1354475, "centroid_lon": -64.44835046737488, "centroid_lat": 50.317470222981683, "occurrences_today": 2, "datetimes_today": "2026-03-21 00:46:48, 2026-03-21 01:01:24", "cumulative_total": 8 }, "geometry": { "type": "Polygon", "coordinates": [ [ [ -64.449493196810181, 50.31236567743673 ], [ -64.455825810203123, 50.315551434978332 ], [ -64.45468362989763, 50.320656082912279 ], [ -64.447207408689451, 50.322574745075094 ], [ -64.440874575478105, 50.319388486731562 ], [ -64.442018183170802, 50.314284067095109 ], [ -64.449493196810181, 50.31236567743673 ] ] ] } },
{ "type": "Feature", "properties": { "hex_id": 1355082, "centroid_lon": -64.453436164208995, "centroid_lat": 50.263238580984805, "occurrences_today": 2, "datetimes_today": "2026-03-21 00:46:48, 2026-03-21 01:01:24", "cumulative_total": 2 }, "geometry": { "type": "Polygon", "coordinates": [ [ [ -64.454576155413804, 50.258133903559361 ], [ -64.460902409327801, 50.261318933754957 ], [ -64.459762965665917, 50.266423713414916 ], [ -64.452295844843434, 50.268343235011287 ], [ -64.445969371608243, 50.265157704922068 ], [ -64.447110238394771, 50.260053153197902 ], [ -64.454576155413804, 50.258133903559361 ] ] ] } },
{ "type": "Feature", "properties": { "hex_id": 1355083, "centroid_lon": -64.450014221142013, "centroid_lat": 50.278552472838172, "occurrences_today": 2, "datetimes_today": "2026-03-21 00:46:48, 2026-03-21 01:01:24", "cumulative_total": 2 }, "geometry": { "type": "Polygon", "coordinates": [ [ [ -64.451155197195121, 50.273447865631489 ], [ -64.457483094136762, 50.276633202591128 ], [ -64.456342666025535, 50.281737912092893 ], [ -64.448872916561996, 50.283657056624051 ], [ -64.442544800266447, 50.280471219506687 ], [ -64.443686652666187, 50.275366738083733 ], [ -64.451155197195121, 50.273447865631489 ] ] ] } },
{ "type": "Feature", "properties": { "hex_id": 1355084, "centroid_lon": -64.446589321332496, "centroid_lat": 50.293866153904347, "occurrences_today": 2, "datetimes_today": "2026-03-21 00:46:48, 2026-03-21 01:01:24", "cumulative_total": 2 }, "geometry": { "type": "Polygon", "coordinates": [ [ [ -64.447731283332899, 50.288761616981873 ], [ -64.454060824499379, 50.29194726088739 ], [ -64.45291941084011, 50.297051900165592 ], [ -64.445447030438473, 50.298970667384197 ], [ -64.439117269885642, 50.295784523056675 ], [ -64.440260108998473, 50.290680112000445 ], [ -64.447731283332899, 50.288761616981873 ] ] ] } },
{ "type": "Feature", "properties": { "hex_id": 1355085, "centroid_lon": -64.443161461480074, "centroid_lat": 50.309179623986871, "occurrences_today": 2, "datetimes_today": "2026-03-21 00:46:48, 2026-03-21 01:01:24", "cumulative_total": 8 }, "geometry": { "type": "Polygon", "coordinates": [ [ [ -64.444304410528474, 50.304075157414132 ], [ -64.450635597117866, 50.307261108447548 ], [ -64.449493196810181, 50.31236567743673 ], [ -64.442018183170802, 50.314284067095109 ], [ -64.435686777162843, 50.311097615375246 ], [ -64.436830604090318, 50.305993274751373 ], [ -64.444304410528474, 50.304075157414132 ] ] ] } },
{ "type": "Feature", "properties": { "hex_id": 1355693, "centroid_lon": -64.444828176406077, "centroid_lat": 50.270262233219746, "occurrences_today": 2, "datetimes_today": "2026-03-21 00:46:48, 2026-03-21 01:01:24", "cumulative_total": 2 }, "geometry": { "type": "Polygon", "coordinates": [ [ [ -64.445969371608243, 50.265157704922068 ], [ -64.452295844843434, 50.268343235011287 ], [ -64.451155197195121, 50.273447865631489 ], [ -64.443686652666187, 50.275366738083733 ], [ -64.437359960475931, 50.272180707952039 ], [ -64.438502031647559, 50.267076305478398 ], [ -64.445969371608243, 50.265157704922068 ] ] ] } },
{ "type": "Feature", "properties": { "hex_id": 1355694, "centroid_lon": -64.441402619084627, "centroid_lat": 50.285575677481354, "occurrences_today": 2, "datetimes_today": "2026-03-21 00:46:48, 2026-03-21 01:01:24", "cumulative_total": 2 }, "geometry": { "type": "Polygon", "coordinates": [ [ [ -64.442544800266447, 50.280471219506687 ], [ -64.448872916561996, 50.283657056624051 ], [ -64.447731283332899, 50.288761616981873 ], [ -64.440260108998473, 50.290680112000445 ], [ -64.433931773715699, 50.287493774576419 ], [ -64.435074831632278, 50.282389442508332 ], [ -64.442544800266447, 50.280471219506687 ] ] ] } },
{ "type": "Feature", "properties": { "hex_id": 1355695, "centroid_lon": -64.437974101623738, "centroid_lat": 50.300888910642747, "occurrences_today": 2, "datetimes_today": "2026-03-21 00:46:48, 2026-03-21 01:01:24", "cumulative_total": 8 }, "geometry": { "type": "Polygon", "coordinates": [ [ [ -64.439117269885642, 50.295784523056675 ], [ -64.445447030438473, 50.298970667384197 ], [ -64.444304410528474, 50.304075157414132 ], [ -64.436830604090318, 50.305993274751373 ], [ -64.430500624518359, 50.302806629852853 ], [ -64.431644670281202, 50.297702368255983 ], [ -64.439117269885642, 50.295784523056675 ] ] ] } },
{ "type": "Feature", "properties": { "hex_id": 1355696, "centroid_lon": -64.434542620718759, "centroid_lat": 50.316201932507056, "occurrences_today": 2, "datetimes_today": "2026-03-21 00:46:48, 2026-03-21 01:01:24", "cumulative_total": 8 }, "geometry": { "type": "Polygon", "coordinates": [ [ [ -64.435686777162843, 50.311097615375246 ], [ -64.442018183170802, 50.314284067095109 ], [ -64.440874575478105, 50.319388486731562 ], [ -64.433398134635382, 50.321306226139505 ], [ -64.427066509576633, 50.318119273584109 ], [ -64.428211544288715, 50.313015082524231 ], [ -64.435686777162843, 50.311097615375246 ] ] ] } },
{ "type": "Feature", "properties": { "hex_id": 1356303, "centroid_lon": -64.439643774148635, "centroid_lat": 50.261971879550799, "occurrences_today": 2, "datetimes_today": "2026-03-21 00:46:48, 2026-03-21 01:01:24", "cumulative_total": 2 }, "geometry": { "type": "Polygon", "coordinates": [ [ [ -64.440785188101287, 50.256867430176555 ], [ -64.447110238394771, 50.260053153197902 ], [ -64.445969371608243, 50.265157704922068 ], [ -64.438502031647559, 50.267076305478398 ], [ -64.432176762797411, 50.263890082529791 ], [ -64.433319052342526, 50.258785759019908 ], [ -64.440785188101287, 50.256867430176555 ] ] ] } },
{ "type": "Feature", "properties": { "hex_id": 1356304, "centroid_lon": -64.436217560511579, "centroid_lat": 50.277285086964447, "occurrences_today": 2, "datetimes_today": "2026-03-21 00:46:48, 2026-03-21 01:01:24", "cumulative_total": 2 }, "geometry": { "type": "Polygon", "coordinates": [ [ [ -64.437359960475931, 50.272180707952039 ], [ -64.443686652666187, 50.275366738083733 ], [ -64.442544800266447, 50.280471219506687 ], [ -64.435074831632278, 50.282389442508332 ], [ -64.42874792085351, 50.279202912185333 ], [ -64.429891197175152, 50.274098659119794 ], [ -64.437359960475931, 50.272180707952039 ] ] ] } },
{ "type": "Feature", "properties": { "hex_id": 1356305, "centroid_lon": -64.432788386639473, "centroid_lat": 50.292598083161401, "occurrences_today": 2, "datetimes_today": "2026-03-21 00:46:48, 2026-03-21 01:01:24", "cumulative_total": 2 }, "geometry": { "type": "Polygon", "coordinates": [ [ [ -64.433931773715699, 50.287493774576419 ], [ -64.440260108998473, 50.290680112000445 ], [ -64.439117269885642, 50.295784523056675 ], [ -64.431644670281202, 50.297702368255983 ], [ -64.425316116378326, 50.294515530376387 ], [ -64.426460380577538, 50.289411347820923 ], [ -64.433931773715699, 50.287493774576419 ] ] ] } },
{ "type": "Feature", "properties": { "hex_id": 1356306, "centroid_lon": -64.429356249228405, "centroid_lat": 50.307910867944706, "occurrences_today": 2, "datetimes_today": "2026-03-21 00:46:48, 2026-03-21 01:01:24", "cumulative_total": 8 }, "geometry": { "type": "Polygon", "coordinates": [ [ [ -64.430500624518359, 50.302806629852853 ], [ -64.436830604090318, 50.305993274751373 ], [ -64.435686777162843, 50.311097615375246 ], [ -64.428211544288715, 50.313015082524231 ], [ -64.421881346065319, 50.30982793690572 ], [ -64.423026599244835, 50.304723824926121 ], [ -64.430500624518359, 50.302806629852853 ] ] ] } },
{ "type": "Feature", "properties": { "hex_id": 1356307, "centroid_lon": -64.425921144969394, "centroid_lat": 50.323223441117044, "occurrences_today": 2, "datetimes_today": "2026-03-21 00:46:48, 2026-03-21 01:01:24", "cumulative_total": 8 }, "geometry": { "type": "Polygon", "coordinates": [ [ [ -64.427066509576633, 50.318119273584109 ], [ -64.433398134635382, 50.321306226139505 ], [ -64.432253318790032, 50.326410496265304 ], [ -64.424775450344214, 50.328327585115709 ], [ -64.418443606602935, 50.325140131575736 ], [ -64.41958984986718, 50.320036090237856 ], [ -64.427066509576633, 50.318119273584109 ] ] ] } },
{ "type": "Feature", "properties": { "hex_id": 1356914, "centroid_lon": -64.431034144449015, "centroid_lat": 50.268994382565523, "occurrences_today": 2, "datetimes_today": "2026-03-21 00:46:48, 2026-03-21 01:01:24", "cumulative_total": 2 }, "geometry": { "type": "Polygon", "coordinates": [ [ [ -64.432176762797411, 50.263890082529791 ], [ -64.438502031647559, 50.267076305478398 ], [ -64.437359960475931, 50.272180707952039 ], [ -64.429891197175152, 50.274098659119794 ], [ -64.423565710134852, 50.270911936095196 ], [ -64.424709204463241, 50.26580776204662 ], [ -64.432176762797411, 50.263890082529791 ] ] ] } },
{ "type": "Feature", "properties": { "hex_id": 1356915, "centroid_lon": -64.427604315361776, "centroid_lat": 50.284307141754809, "occurrences_today": 2, "datetimes_today": "2026-03-21 00:46:48, 2026-03-21 01:01:24", "cumulative_total": 2 }, "geometry": { "type": "Polygon", "coordinates": [ [ [ -64.42874792085351, 50.279202912185333 ], [ -64.435074831632278, 50.282389442508332 ], [ -64.433931773715699, 50.287493774576419 ], [ -64.426460380577538, 50.289411347820923 ], [ -64.42013325157734, 50.28622431715776 ], [ -64.421277733814307, 50.281120213658063 ], [ -64.42874792085351, 50.279202912185333 ] ] ] } },
{ "type": "Feature", "properties": { "hex_id": 1356916, "centroid_lon": -64.424171522641629, "centroid_lat": 50.299619689413895, "occurrences_today": 2, "datetimes_today": "2026-03-21 00:46:48, 2026-03-21 01:01:24", "cumulative_total": 8 }, "geometry": { "type": "Polygon", "coordinates": [ [ [ -64.425316116378326, 50.294515530376387 ], [ -64.431644670281202, 50.297702368255983 ], [ -64.430500624518359, 50.302806629852853 ], [ -64.423026599244835, 50.304723824926121 ], [ -64.416697827089493, 50.301536486442068 ], [ -64.41784329833753, 50.296432453557081 ], [ -64.425316116378326, 50.294515530376387 ] ] ] } },
{ "type": "Feature", "properties": { "hex_id": 1356917, "centroid_lon": -64.420735762980357, "centroid_lat": 50.314932025345421, "occurrences_today": 2, "datetimes_today": "2026-03-21 00:46:48, 2026-03-21 01:01:24", "cumulative_total": 8 }, "geometry": { "type": "Polygon", "coordinates": [ [ [ -64.421881346065319, 50.30982793690572 ], [ -64.428211544288715, 50.313015082524231 ], [ -64.427066509576633, 50.318119273584109 ], [ -64.41958984986718, 50.320036090237856 ], [ -64.413259433360523, 50.316848443750409 ], [ -64.414405894723771, 50.311744481546064 ], [ -64.421881346065319, 50.30982793690572 ] ] ] } },
{ "type": "Feature", "properties": { "hex_id": 1357524, "centroid_lon": -64.425852369733477, "centroid_lat": 50.26070356449636, "occurrences_today": 2, "datetimes_today": "2026-03-21 00:46:48, 2026-03-21 01:01:24", "cumulative_total": 2 }, "geometry": { "type": "Polygon", "coordinates": [ [ [ -64.426995206067801, 50.255599343451735 ], [ -64.433319052342526, 50.258785759019908 ], [ -64.432176762797411, 50.263890082529791 ], [ -64.424709204463241, 50.26580776204662 ], [ -64.41838514039631, 50.26262084651772 ], [ -64.419528852333556, 50.257516751500482 ], [ -64.426995206067801, 50.255599343451735 ] ] ] } },
{ "type": "Feature", "properties": { "hex_id": 1357525, "centroid_lon": -64.422421886625997, "centroid_lat": 50.276016086634776, "occurrences_today": 2, "datetimes_today": "2026-03-21 00:46:48, 2026-03-21 01:01:24", "cumulative_total": 2 }, "geometry": { "type": "Polygon", "coordinates": [ [ [ -64.423565710134852, 50.270911936095196 ], [ -64.429891197175152, 50.274098659119794 ], [ -64.42874792085351, 50.279202912185333 ], [ -64.421277733814307, 50.281120213658063 ], [ -64.414952028950822, 50.277932990408708 ], [ -64.416096728827327, 50.272828965979151 ], [ -64.423565710134852, 50.270911936095196 ] ] ] } },
{ "type": "Feature", "properties": { "hex_id": 1357526, "centroid_lon": -64.418988439792599, "centroid_lat": 50.291328397126534, "occurrences_today": 2, "datetimes_today": "2026-03-21 00:46:48, 2026-03-21 01:01:24", "cumulative_total": 2 }, "geometry": { "type": "Polygon", "coordinates": [ [ [ -64.42013325157734, 50.28622431715776 ], [ -64.426460380577538, 50.289411347820923 ], [ -64.425316116378326, 50.294515530376387 ], [ -64.41784329833753, 50.296432453557081 ], [ -64.411515951483423, 50.293244922404952 ], [ -64.412661640401424, 50.28814096862893 ], [ -64.42013325157734, 50.28622431715776 ] ] ] } },
{ "type": "Feature", "properties": { "hex_id": 1357527, "centroid_lon": -64.415552025925848, "centroid_lat": 50.306640495774168, "occurrences_today": 2, "datetimes_today": "2026-03-21 00:46:48, 2026-03-21 01:01:24", "cumulative_total": 8 }, "geometry": { "type": "Polygon", "coordinates": [ [ [ -64.416697827089493, 50.301536486442068 ], [ -64.423026599244835, 50.304723824926121 ], [ -64.421881346065319, 50.30982793690572 ], [ -64.414405894723771, 50.311744481546064 ], [ -64.40807690468408, 50.308556642308666 ], [ -64.409223583747504, 50.303452759252146 ], [ -64.416697827089493, 50.301536486442068 ] ] ] } },
{ "type": "Feature", "properties": { "hex_id": 1357528, "centroid_lon": -64.412112641713207, "centroid_lat": 50.321952382379877, "occurrences_today": 2, "datetimes_today": "2026-03-21 00:46:48, 2026-03-21 01:01:24", "cumulative_total": 2 }, "geometry": { "type": "Polygon", "coordinates": [ [ [ -64.413259433360523, 50.316848443750409 ], [ -64.41958984986718, 50.320036090237856 ], [ -64.418443606602935, 50.325140131575736 ], [ -64.410965519658888, 50.327056297427141 ], [ -64.404634885237641, 50.323868149921779 ], [ -64.405782555552079, 50.318764337650819 ], [ -64.413259433360523, 50.316848443750409 ] ] ] } },
{ "type": "Feature", "properties": { "hex_id": 1358135, "centroid_lon": -64.417241099268367, "centroid_lat": 50.267724918013037, "occurrences_today": 2, "datetimes_today": "2026-03-21 00:46:48, 2026-03-21 01:01:24", "cumulative_total": 2 }, "geometry": { "type": "Polygon", "coordinates": [ [ [ -64.41838514039631, 50.26262084651772 ], [ -64.424709204463241, 50.26580776204662 ], [ -64.423565710134852, 50.270911936095196 ], [ -64.416096728827327, 50.272828965979151 ], [ -64.409772447335101, 50.269641550340879 ], [ -64.410917364453312, 50.264537604995787 ], [ -64.41838514039631, 50.26262084651772 ] ] ] } },
{ "type": "Feature", "properties": { "hex_id": 1358136, "centroid_lon": -64.413806999516368, "centroid_lat": 50.283036991294416, "occurrences_today": 2, "datetimes_today": "2026-03-21 00:46:48, 2026-03-21 01:01:24", "cumulative_total": 2 }, "geometry": { "type": "Polygon", "coordinates": [ [ [ -64.414952028950822, 50.277932990408708 ], [ -64.421277733814307, 50.281120213658063 ], [ -64.42013325157734, 50.28622431715776 ], [ -64.412661640401424, 50.28814096862893 ], [ -64.406335718082232, 50.284953245006079 ], [ -64.407481624272094, 50.279849370353354 ], [ -64.414952028950822, 50.277932990408708 ] ] ] } },
{ "type": "Feature", "properties": { "hex_id": 1358137, "centroid_lon": -64.410369932639696, "centroid_lat": 50.298348852615128, "occurrences_today": 2, "datetimes_today": "2026-03-21 00:46:48, 2026-03-21 01:01:24", "cumulative_total": 8 }, "geometry": { "type": "Polygon", "coordinates": [ [ [ -64.411515951483423, 50.293244922404952 ], [ -64.41784329833753, 50.296432453557081 ], [ -64.416697827089493, 50.301536486442068 ], [ -64.409223583747504, 50.303452759252146 ], [ -64.402896019407507, 50.300264727462263 ], [ -64.404042915772663, 50.295160923567877 ], [ -64.411515951483423, 50.293244922404952 ] ] ] } },
{ "type": "Feature", "properties": { "hex_id": 1358138, "centroid_lon": -64.40692989532657, "centroid_lat": 50.313660501777335, "occurrences_today": 2, "datetimes_today": "2026-03-21 00:46:48, 2026-03-21 01:01:24", "cumulative_total": 8 }, "geometry": { "type": "Polygon", "coordinates": [ [ [ -64.40807690468408, 50.308556642308666 ], [ -64.414405894723771, 50.311744481546064 ], [ -64.413259433360523, 50.316848443750409 ], [ -64.405782555552079, 50.318764337650819 ], [ -64.39945334799657, 50.31557599751121 ], [ -64.40060123564237, 50.31047226444128 ], [ -64.40807690468408, 50.308556642308666 ] ] ] } },
{ "type": "Feature", "properties": { "hex_id": 1358746, "centroid_lon": -64.408627200648866, "centroid_lat": 50.274745472129183, "occurrences_today": 2, "datetimes_today": "2026-03-21 00:46:48, 2026-03-21 01:01:24", "cumulative_total": 2 }, "geometry": { "type": "Polygon", "coordinates": [ [ [ -64.409772447335101, 50.269641550340879 ], [ -64.416096728827327, 50.272828965979151 ], [ -64.414952028950822, 50.277932990408708 ], [ -64.407481624272094, 50.279849370353354 ], [ -64.401157125721923, 50.276661454457063 ], [ -64.40230324878587, 50.271557658941894 ], [ -64.409772447335101, 50.269641550340879 ] ] ] } },
{ "type": "Feature", "properties": { "hex_id": 1358747, "centroid_lon": -64.405189481956654, "centroid_lat": 50.290057096080048, "occurrences_today": 2, "datetimes_today": "2026-03-21 00:46:48, 2026-03-21 01:01:24", "cumulative_total": 2 }, "geometry": { "type": "Polygon", "coordinates": [ [ [ -64.406335718082232, 50.284953245006079 ], [ -64.412661640401424, 50.28814096862893 ], [ -64.411515951483423, 50.293244922404952 ], [ -64.404042915772663, 50.295160923567877 ], [ -64.397716776365669, 50.291972699422843 ], [ -64.398863889634498, 50.286868974704859 ], [ -64.406335718082232, 50.284953245006079 ] ] ] } },
{ "type": "Feature", "properties": { "hex_id": 1358748, "centroid_lon": -64.401748792738374, "centroid_lat": 50.305368507755844, "occurrences_today": 2, "datetimes_today": "2026-03-21 00:46:48, 2026-03-21 01:01:24", "cumulative_total": 8 }, "geometry": { "type": "Polygon", "coordinates": [ [ [ -64.402896019407507, 50.300264727462263 ], [ -64.409223583747504, 50.303452759252146 ], [ -64.40807690468408, 50.308556642308666 ], [ -64.40060123564237, 50.31047226444128 ], [ -64.394273454184997, 50.307283731864857 ], [ -64.395421558763786, 50.302180078010188 ], [ -64.402896019407507, 50.300264727462263 ] ] ] } },
{ "type": "Feature", "properties": { "hex_id": 1358749, "centroid_lon": -64.398305129677965, "centroid_lat": 50.320679706958295, "occurrences_today": 2, "datetimes_today": "2026-03-21 00:46:48, 2026-03-21 01:01:24", "cumulative_total": 2 }, "geometry": { "type": "Polygon", "coordinates": [ [ [ -64.39945334799657, 50.31557599751121 ], [ -64.405782555552079, 50.318764337650819 ], [ -64.404634885237641, 50.323868149921779 ], [ -64.39715658056349, 50.325783392775172 ], [ -64.390827155861231, 50.322594551584508 ], [ -64.391976252856779, 50.317490968659364 ], [ -64.39945334799657, 50.31557599751121 ] ] ] } },
{ "type": "Feature", "properties": { "hex_id": 1359356, "centroid_lon": -64.403449042026836, "centroid_lat": 50.266453839842356, "occurrences_today": 2, "datetimes_today": "2026-03-21 00:46:48, 2026-03-21 01:01:24", "cumulative_total": 2 }, "geometry": { "type": "Polygon", "coordinates": [ [ [ -64.404594505567331, 50.261349997165773 ], [ -64.410917364453312, 50.264537604995787 ], [ -64.409772447335101, 50.269641550340879 ], [ -64.40230324878587, 50.271557658941894 ], [ -64.395980173239337, 50.268369550969332 ], [ -64.397126512780048, 50.263265834606038 ], [ -64.404594505567331, 50.261349997165773 ] ] ] } },
{ "type": "Feature", "properties": { "hex_id": 1359357, "centroid_lon": -64.400010672712341, "centroid_lat": 50.2817652263805, "occurrences_today": 2, "datetimes_today": "2026-03-21 00:46:48, 2026-03-21 01:01:24", "cumulative_total": 2 }, "geometry": { "type": "Polygon", "coordinates": [ [ [ -64.401157125721923, 50.276661454457063 ], [ -64.407481624272094, 50.279849370353354 ], [ -64.406335718082232, 50.284953245006079 ], [ -64.398863889634498, 50.286868974704859 ], [ -64.39253917439423, 50.283680558401926 ], [ -64.393686504169082, 50.27857691287462 ], [ -64.401157125721923, 50.276661454457063 ] ] ] } },
{ "type": "Feature", "properties": { "hex_id": 1359358, "centroid_lon": -64.396569332783045, "centroid_lat": 50.297076400527054, "occurrences_today": 2, "datetimes_today": "2026-03-21 00:46:48, 2026-03-21 01:01:24", "cumulative_total": 8 }, "geometry": { "type": "Polygon", "coordinates": [ [ [ -64.397716776365669, 50.291972699422843 ], [ -64.404042915772663, 50.295160923567877 ], [ -64.402896019407507, 50.300264727462263 ], [ -64.395421558763786, 50.302180078010188 ], [ -64.389095202637407, 50.298991353194253 ], [ -64.390243523751238, 50.293887778569093 ], [ -64.397716776365669, 50.291972699422843 ] ] ] } },
{ "type": "Feature", "properties": { "hex_id": 1359359, "centroid_lon": -64.393125018923655, "centroid_lat": 50.312387362083697, "occurrences_today": 2, "datetimes_today": "2026-03-21 00:46:48, 2026-03-21 01:01:24", "cumulative_total": 8 }, "geometry": { "type": "Polygon", "coordinates": [ [ [ -64.394273454184997, 50.307283731864857 ], [ -64.40060123564237, 50.31047226444128 ], [ -64.39945334799657, 50.31557599751121 ], [ -64.391976252856779, 50.317490968659364 ], [ -64.38564825465096, 50.314301935147633 ], [ -64.386797568210298, 50.309198431490884 ], [ -64.394273454184997, 50.307283731864857 ] ] ] } },
{ "type": "Feature", "properties": { "hex_id": 1359967, "centroid_lon": -64.394833503743229, "centroid_lat": 50.273473243727977, "occurrences_today": 2, "datetimes_today": "2026-03-21 00:46:48, 2026-03-21 01:01:24", "cumulative_total": 2 }, "geometry": { "type": "Polygon", "coordinates": [ [ [ -64.395980173239337, 50.268369550969332 ], [ -64.40230324878587, 50.271557658941894 ], [ -64.401157125721923, 50.276661454457063 ], [ -64.393686504169082, 50.27857691287462 ], [ -64.38736321232976, 50.275388304610914 ], [ -64.388510758213371, 50.27028473828851 ], [ -64.395980173239337, 50.268369550969332 ] ] ] } },
{ "type": "Feature", "properties": { "hex_id": 1359968, "centroid_lon": -64.39139151429589, "centroid_lat": 50.288784180302528, "occurrences_today": 2, "datetimes_today": "2026-03-21 00:46:48, 2026-03-21 01:01:24", "cumulative_total": 2 }, "geometry": { "type": "Polygon", "coordinates": [ [ [ -64.39253917439423, 50.283680558401926 ], [ -64.398863889634498, 50.286868974704859 ], [ -64.397716776365669, 50.291972699422843 ], [ -64.390243523751238, 50.293887778569093 ], [ -64.38391859218919, 50.290698861710894 ], [ -64.3850671294405, 50.285595366329467 ], [ -64.39253917439423, 50.283680558401926 ] ] ] } },
{ "type": "Feature", "properties": { "hex_id": 1359969, "centroid_lon": -64.38794655083143, "centroid_lat": 50.30409490417064, "occurrences_today": 2, "datetimes_today": "2026-03-21 00:46:48, 2026-03-21 01:01:24", "cumulative_total": 8 }, "geometry": { "type": "Polygon", "coordinates": [ [ [ -64.389095202637407, 50.298991353194253 ], [ -64.395421558763786, 50.302180078010188 ], [ -64.394273454184997, 50.307283731864857 ], [ -64.386797568210298, 50.309198431490884 ], [ -64.380470995733418, 50.306009205855389 ], [ -64.381620525458658, 50.300905781481234 ], [ -64.389095202637407, 50.298991353194253 ] ] ] } },
{ "type": "Feature", "properties": { "hex_id": 1359970, "centroid_lon": -64.384498610030278, "centroid_lat": 50.319405415133488, "occurrences_today": 2, "datetimes_today": "2026-03-21 00:46:48, 2026-03-21 01:01:24", "cumulative_total": 2 }, "geometry": { "type": "Polygon", "coordinates": [ [ [ -64.38564825465096, 50.314301935147633 ], [ -64.391976252856779, 50.317490968659364 ], [ -64.390827155861231, 50.322594551584508 ], [ -64.38334863422503, 50.324508871441111 ], [ -64.377020419640232, 50.321319336845313 ], [ -64.378170942947392, 50.316215983544815 ], [ -64.38564825465096, 50.314301935147633 ] ] ] } },
{ "type": "Feature", "properties": { "hex_id": 1360577, "centroid_lon": -64.389657973886656, "centroid_lat": 50.265181148333824, "occurrences_today": 2, "datetimes_today": "2026-03-21 00:46:48, 2026-03-21 01:01:24", "cumulative_total": 2 }, "geometry": { "type": "Polygon", "coordinates": [ [ [ -64.39080485947224, 50.260077534754231 ], [ -64.397126512780048, 50.263265834606038 ], [ -64.395980173239337, 50.268369550969332 ], [ -64.388510758213371, 50.27028473828851 ], [ -64.382188889009683, 50.267095938261107 ], [ -64.383336650605187, 50.261992451157816 ], [ -64.39080485947224, 50.260077534754231 ] ] ] } },
{ "type": "Feature", "properties": { "hex_id": 1360578, "centroid_lon": -64.386215336113068, "centroid_lat": 50.280491847293696, "occurrences_today": 2, "datetimes_today": "2026-03-21 00:46:48, 2026-03-21 01:01:24", "cumulative_total": 2 }, "geometry": { "type": "Polygon", "coordinates": [ [ [ -64.38736321232976, 50.275388304610914 ], [ -64.393686504169082, 50.27857691287462 ], [ -64.39253917439423, 50.283680558401926 ], [ -64.3850671294405, 50.285595366329467 ], [ -64.378743621676605, 50.282406257626121 ], [ -64.379892374668188, 50.277302841502603 ], [ -64.38736321232976, 50.275388304610914 ] ] ] } },
{ "type": "Feature", "properties": { "hex_id": 1360579, "centroid_lon": -64.38276972423624, "centroid_lat": 50.295802333430608, "occurrences_today": 2, "datetimes_today": "2026-03-21 00:46:48, 2026-03-21 01:01:24", "cumulative_total": 8 }, "geometry": { "type": "Polygon", "coordinates": [ [ [ -64.38391859218919, 50.290698861710894 ], [ -64.390243523751238, 50.293887778569093 ], [ -64.389095202637407, 50.298991353194253 ], [ -64.381620525458658, 50.300905781481234 ], [ -64.375295377943644, 50.297716363919179 ], [ -64.376445123437321, 50.29261301884177 ], [ -64.38391859218919, 50.290698861710894 ] ] ] } },
{ "type": "Feature", "properties": { "hex_id": 1360580, "centroid_lon": -64.379321134937385, "centroid_lat": 50.311112606545713, "occurrences_today": 2, "datetimes_today": "2026-03-21 00:46:48, 2026-03-21 01:01:24", "cumulative_total": 2 }, "geometry": { "type": "Polygon", "coordinates": [ [ [ -64.380470995733418, 50.306009205855389 ], [ -64.386797568210298, 50.309198431490884 ], [ -64.38564825465096, 50.314301935147633 ], [ -64.378170942947392, 50.316215983544815 ], [ -64.371844154489366, 50.313026256941079 ], [ -64.372994893592846, 50.307922982976216 ], [ -64.380470995733418, 50.306009205855389 ] ] ] } },
{ "type": "Feature", "properties": { "hex_id": 1361188, "centroid_lon": -64.381040797071606, "centroid_lat": 50.272199401711823, "occurrences_today": 2, "datetimes_today": "2026-03-21 00:46:48, 2026-03-21 01:01:24", "cumulative_total": 2 }, "geometry": { "type": "Polygon", "coordinates": [ [ [ -64.382188889009683, 50.267095938261107 ], [ -64.388510758213371, 50.27028473828851 ], [ -64.38736321232976, 50.275388304610914 ], [ -64.379892374668188, 50.277302841502603 ], [ -64.373570289936779, 50.274113541151145 ], [ -64.374719258271853, 50.26901020429974 ], [ -64.382188889009683, 50.267095938261107 ] ] ] } },
{ "type": "Feature", "properties": { "hex_id": 1361189, "centroid_lon": -64.377594537973977, "centroid_lat": 50.287509650074973, "occurrences_today": 2, "datetimes_today": "2026-03-21 00:46:48, 2026-03-21 01:01:24", "cumulative_total": 8 }, "geometry": { "type": "Polygon", "coordinates": [ [ [ -64.378743621676605, 50.282406257626121 ], [ -64.3850671294405, 50.285595366329467 ], [ -64.38391859218919, 50.290698861710894 ], [ -64.376445123437321, 50.29261301884177 ], [ -64.370121400117611, 50.28942340955026 ], [ -64.371271360982604, 50.284320143783788 ], [ -64.378743621676605, 50.282406257626121 ] ] ] } },
{ "type": "Feature", "properties": { "hex_id": 1361190, "centroid_lon": -64.374145301369865, "centroid_lat": 50.302819685299788, "occurrences_today": 2, "datetimes_today": "2026-03-21 00:46:48, 2026-03-21 01:01:24", "cumulative_total": 8 }, "geometry": { "type": "Polygon", "coordinates": [ [ [ -64.375295377943644, 50.297716363919179 ], [ -64.381620525458658, 50.300905781481234 ], [ -64.380470995733418, 50.306009205855389 ], [ -64.372994893592846, 50.307922982976216 ], [ -64.366669530494121, 50.304733064561717 ], [ -64.367820484996514, 50.299629869946621 ], [ -64.375295377943644, 50.297716363919179 ] ] ] } },
{ "type": "Feature", "properties": { "hex_id": 1361191, "centroid_lon": -64.370693083936175, "centroid_lat": 50.318129507186995, "occurrences_today": 2, "datetimes_today": "2026-03-21 00:46:48, 2026-03-21 01:01:24", "cumulative_total": 2 }, "geometry": { "type": "Polygon", "coordinates": [ [ [ -64.371844154489366, 50.313026256941079 ], [ -64.378170942947392, 50.316215983544815 ], [ -64.377020419640232, 50.321319336845313 ], [ -64.369541681809949, 50.323232733706554 ], [ -64.363214677740601, 50.320042505985938 ], [ -64.364366626989508, 50.314939382588776 ], [ -64.371844154489366, 50.313026256941079 ] ] ] } },
{ "type": "Feature", "properties": { "hex_id": 1361798, "centroid_lon": -64.375867896009424, "centroid_lat": 50.263906843768105, "occurrences_today": 2, "datetimes_today": "2026-03-21 00:46:48, 2026-03-21 01:01:24", "cumulative_total": 2 }, "geometry": { "type": "Polygon", "coordinates": [ [ [ -64.377016203272305, 50.25880345956363 ], [ -64.383336650605187, 50.261992451157816 ], [ -64.382188889009683, 50.267095938261107 ], [ -64.374719258271853, 50.26901020429974 ], [ -64.368398595807676, 50.265820712497082 ], [ -64.369547779089856, 50.260717454931928 ], [ -64.377016203272305, 50.25880345956363 ] ] ] } },
{ "type": "Feature", "properties": { "hex_id": 1361799, "centroid_lon": -64.372420990881338, "centroid_lat": 50.279216854314953, "occurrences_today": 2, "datetimes_today": "2026-03-21 00:46:48, 2026-03-21 01:01:24", "cumulative_total": 2 }, "geometry": { "type": "Polygon", "coordinates": [ [ [ -64.373570289936779, 50.274113541151145 ], [ -64.379892374668188, 50.277302841502603 ], [ -64.378743621676605, 50.282406257626121 ], [ -64.371271360982604, 50.284320143783788 ], [ -64.364949061092105, 50.281130342959834 ], [ -64.366099236931731, 50.276027156518403 ], [ -64.373570289936779, 50.274113541151145 ] ] ] } },
{ "type": "Feature", "properties": { "hex_id": 1361800, "centroid_lon": -64.368971108163279, "centroid_lat": 50.294526651607008, "occurrences_today": 2, "datetimes_today": "2026-03-21 00:46:48, 2026-03-21 01:01:24", "cumulative_total": 8 }, "geometry": { "type": "Polygon", "coordinates": [ [ [ -64.370121400117611, 50.28942340955026 ], [ -64.376445123437321, 50.29261301884177 ], [ -64.375295377943644, 50.297716363919179 ], [ -64.367820484996514, 50.299629869946621 ], [ -64.36149654649013, 50.296439759918478 ], [ -64.362647715994427, 50.291336644667254 ], [ -64.370121400117611, 50.28942340955026 ] ] ] } },
{ "type": "Feature", "properties": { "hex_id": 1361801, "centroid_lon": -64.365518244532879, "centroid_lat": 50.309836235444912, "occurrences_today": 2, "datetimes_today": "2026-03-21 00:46:48, 2026-03-21 01:01:24", "cumulative_total": 2 }, "geometry": { "type": "Polygon", "coordinates": [ [ [ -64.366669530494121, 50.304733064561717 ], [ -64.372994893592846, 50.307922982976216 ], [ -64.371844154489366, 50.313026256941079 ], [ -64.364366626989508, 50.314939382588776 ], [ -64.358041048676839, 50.311748963173301 ], [ -64.359193212954651, 50.306645919178898 ], [ -64.366669530494121, 50.304733064561717 ] ] ] } },
{ "type": "Feature", "properties": { "hex_id": 1362409, "centroid_lon": -64.367249081795933, "centroid_lat": 50.270923946361684, "occurrences_today": 2, "datetimes_today": "2026-03-21 00:46:48, 2026-03-21 01:01:24", "cumulative_total": 2 }, "geometry": { "type": "Polygon", "coordinates": [ [ [ -64.368398595807676, 50.265820712497082 ], [ -64.374719258271853, 50.26901020429974 ], [ -64.373570289936779, 50.274113541151145 ], [ -64.366099236931731, 50.276027156518403 ], [ -64.359778359704805, 50.272837164358918 ], [ -64.360928750122767, 50.267734057256661 ], [ -64.368398595807676, 50.265820712497082 ] ] ] } },
{ "type": "Feature", "properties": { "hex_id": 1362410, "centroid_lon": -64.36379855415403, "centroid_lat": 50.286233505678595, "occurrences_today": 2, "datetimes_today": "2026-03-21 00:46:48, 2026-03-21 01:01:24", "cumulative_total": 8 }, "geometry": { "type": "Polygon", "coordinates": [ [ [ -64.364949061092105, 50.281130342959834 ], [ -64.371271360982604, 50.284320143783788 ], [ -64.370121400117611, 50.28942340955026 ], [ -64.362647715994427, 50.291336644667254 ], [ -64.356325201313936, 50.288146343222415 ], [ -64.357476585423484, 50.283043307349189 ], [ -64.364949061092105, 50.281130342959834 ] ] ] } },
{ "type": "Feature", "properties": { "hex_id": 1362411, "centroid_lon": -64.360345045517974, "centroid_lat": 50.30154285142482, "occurrences_today": 2, "datetimes_today": "2026-03-21 00:46:48, 2026-03-21 01:01:24", "cumulative_total": 2 }, "geometry": { "type": "Polygon", "coordinates": [ [ [ -64.36149654649013, 50.296439759918478 ], [ -64.367820484996514, 50.299629869946621 ], [ -64.366669530494121, 50.304733064561717 ], [ -64.359193212954651, 50.306645919178898 ], [ -64.352869059631317, 50.303455308265619 ], [ -64.35402143854111, 50.298352343688045 ], [ -64.36149654649013, 50.296439759918478 ] ] ] } },
{ "type": "Feature", "properties": { "hex_id": 1362412, "centroid_lon": -64.356888552561145, "centroid_lat": 50.316851983400632, "occurrences_today": 2, "datetimes_today": "2026-03-21 00:46:48, 2026-03-21 01:01:24", "cumulative_total": 2 }, "geometry": { "type": "Polygon", "coordinates": [ [ [ -64.358041048676839, 50.311748963173301 ], [ -64.364366626989508, 50.314939382588776 ], [ -64.363214677740601, 50.320042505985938 ], [ -64.355735724484077, 50.321954979853459 ], [ -64.349409931327713, 50.318764059288434 ], [ -64.350563306148089, 50.313661166073231 ], [ -64.358041048676839, 50.311748963173301 ] ] ] } },
{ "type": "Feature", "properties": { "hex_id": 1363019, "centroid_lon": -64.362078809556238, "centroid_lat": 50.262630926426183, "occurrences_today": 2, "datetimes_today": "2026-03-21 00:46:48, 2026-03-21 01:01:24", "cumulative_total": 2 }, "geometry": { "type": "Polygon", "coordinates": [ [ [ -64.363228538128183, 50.257527771874884 ], [ -64.369547779089856, 50.260717454931928 ], [ -64.368398595807676, 50.265820712497082 ], [ -64.360928750122767, 50.267734057256661 ], [ -64.354609294794315, 50.264543873958445 ], [ -64.355759899394641, 50.259440846209458 ], [ -64.363228538128183, 50.257527771874884 ] ] ] } },
{ "type": "Feature", "properties": { "hex_id": 1363020, "centroid_lon": -64.358627638179414, "centroid_lat": 50.27794024772556, "occurrences_today": 2, "datetimes_today": "2026-03-21 00:46:48, 2026-03-21 01:01:24", "cumulative_total": 2 }, "geometry": { "type": "Polygon", "coordinates": [ [ [ -64.359778359704805, 50.272837164358918 ], [ -64.366099236931731, 50.276027156518403 ], [ -64.364949061092105, 50.281130342959834 ], [ -64.357476585423484, 50.283043307349189 ], [ -64.351155493802864, 50.279852814684553 ], [ -64.352307092121478, 50.274749858203386 ], [ -64.359778359704805, 50.272837164358918 ] ] ] } },
{ "type": "Feature", "properties": { "hex_id": 1363021, "centroid_lon": -64.355173485727562, "centroid_lat": 50.293249355337842, "occurrences_today": 2, "datetimes_today": "2026-03-21 00:46:48, 2026-03-21 01:01:24", "cumulative_total": 8 }, "geometry": { "type": "Polygon", "coordinates": [ [ [ -64.356325201313936, 50.288146343222415 ], [ -64.362647715994427, 50.291336644667254 ], [ -64.36149654649013, 50.296439759918478 ], [ -64.35402143854111, 50.298352343688045 ], [ -64.347698709440223, 50.295161541473924 ], [ -64.348851302585487, 50.290058656327233 ], [ -64.356325201313936, 50.288146343222415 ] ] ] } },
{ "type": "Feature", "properties": { "hex_id": 1363022, "centroid_lon": -64.351716348874788, "centroid_lat": 50.308558249063147, "occurrences_today": 2, "datetimes_today": "2026-03-21 00:46:48, 2026-03-21 01:01:24", "cumulative_total": 2 }, "geometry": { "type": "Polygon", "coordinates": [ [ [ -64.352869059631317, 50.303455308265619 ], [ -64.359193212954651, 50.306645919178898 ], [ -64.358041048676839, 50.311748963173301 ], [ -64.350563306148089, 50.313661166073231 ], [ -64.344238938377927, 50.310470054126355 ], [ -64.345392527459879, 50.30536724038091 ], [ -64.352869059631317, 50.303455308265619 ] ] ] } },
{ "type": "Feature", "properties": { "hex_id": 1363630, "centroid_lon": -64.353458359077592, "centroid_lat": 50.269646877958884, "occurrences_today": 2, "datetimes_today": "2026-03-21 00:46:48, 2026-03-21 01:01:24", "cumulative_total": 2 }, "geometry": { "type": "Polygon", "coordinates": [ [ [ -64.354609294794315, 50.264543873958445 ], [ -64.360928750122767, 50.267734057256661 ], [ -64.359778359704805, 50.272837164358918 ], [ -64.352307092121478, 50.274749858203386 ], [ -64.345987422795176, 50.271559174515744 ], [ -64.347139234927013, 50.266456297440683 ], [ -64.354609294794315, 50.264543873958445 ] ] ] } },
{ "type": "Feature", "properties": { "hex_id": 1363631, "centroid_lon": -64.350003563998612, "centroid_lat": 50.284955747394982, "occurrences_today": 2, "datetimes_today": "2026-03-21 00:46:48, 2026-03-21 01:01:24", "cumulative_total": 8 }, "geometry": { "type": "Polygon", "coordinates": [ [ [ -64.351155493802864, 50.279852814684553 ], [ -64.357476585423484, 50.283043307349189 ], [ -64.356325201313936, 50.288146343222415 ], [ -64.348851302585487, 50.290058656327233 ], [ -64.342529996940641, 50.286867663009133 ], [ -64.343682803925219, 50.281764857307365 ], [ -64.351155493802864, 50.279852814684553 ] ] ] } },
{ "type": "Feature", "properties": { "hex_id": 1363632, "centroid_lon": -64.346545784439499, "centroid_lat": 50.300264402827622, "occurrences_today": 2, "datetimes_today": "2026-03-21 00:46:48, 2026-03-21 01:01:24", "cumulative_total": 2 }, "geometry": { "type": "Polygon", "coordinates": [ [ [ -64.347698709440223, 50.295161541473924 ], [ -64.35402143854111, 50.298352343688045 ], [ -64.352869059631317, 50.303455308265619 ], [ -64.345392527459879, 50.30536724038091 ], [ -64.33906958430866, 50.302175937249146 ], [ -64.340223387255776, 50.297073202987441 ], [ -64.347698709440223, 50.295161541473924 ] ] ] } },
{ "type": "Feature", "properties": { "hex_id": 1363633, "centroid_lon": -64.343085017070095, "centroid_lat": 50.315572844056547, "occurrences_today": 2, "datetimes_today": "2026-03-21 00:46:48, 2026-03-21 01:01:24", "cumulative_total": 2 }, "geometry": { "type": "Polygon", "coordinates": [ [ [ -64.344238938377927, 50.310470054126355 ], [ -64.350563306148089, 50.313661166073231 ], [ -64.349409931327713, 50.318764059288434 ], [ -64.341930763412776, 50.320675610164045 ], [ -64.335606181566433, 50.317483997035147 ], [ -64.336760981587574, 50.31238133428041 ], [ -64.344238938377927, 50.310470054126355 ] ] ] } },
{ "type": "Feature", "properties": { "hex_id": 1364240, "centroid_lon": -64.348290715687597, "centroid_lat": 50.261353396589364, "occurrences_today": 2, "datetimes_today": "2026-03-21 00:46:48, 2026-03-21 01:01:24", "cumulative_total": 2 }, "geometry": { "type": "Polygon", "coordinates": [ [ [ -64.349441865200006, 50.256250471969196 ], [ -64.355759899394641, 50.259440846209458 ], [ -64.354609294794315, 50.264543873958445 ], [ -64.347139234927013, 50.266456297440683 ], [ -64.340820987130002, 50.263265422926715 ], [ -64.341973012679603, 50.258162625271822 ], [ -64.349441865200006, 50.256250471969196 ] ] ] } },
{ "type": "Feature", "properties": { "hex_id": 1364241, "centroid_lon": -64.344835279168976, "centroid_lat": 50.276662027807113, "occurrences_today": 2, "datetimes_today": "2026-03-21 00:46:48, 2026-03-21 01:01:24", "cumulative_total": 2 }, "geometry": { "type": "Polygon", "coordinates": [ [ [ -64.345987422795176, 50.271559174515744 ], [ -64.352307092121478, 50.274749858203386 ], [ -64.351155493802864, 50.279852814684553 ], [ -64.343682803925219, 50.281764857307365 ], [ -64.337362920970506, 50.278573673082079 ], [ -64.33851594139864, 50.273470946839247 ], [ -64.345987422795176, 50.271559174515744 ] ] ] } },
{ "type": "Feature", "properties": { "hex_id": 1364242, "centroid_lon": -64.341376858091962, "centroid_lat": 50.291970444904969, "occurrences_today": 2, "datetimes_today": "2026-03-21 00:46:48, 2026-03-21 01:01:24", "cumulative_total": 8 }, "geometry": { "type": "Polygon", "coordinates": [ [ [ -64.342529996940641, 50.286867663009133 ], [ -64.348851302585487, 50.290058656327233 ], [ -64.347698709440223, 50.295161541473924 ], [ -64.340223387255776, 50.297073202987441 ], [ -64.333901867956698, 50.293881708867609 ], [ -64.335055884372906, 50.288779054103692 ], [ -64.342529996940641, 50.286867663009133 ] ] ] } },
{ "type": "Feature", "properties": { "hex_id": 1364243, "centroid_lon": -64.337915449127109, "centroid_lat": 50.307278647682608, "occurrences_today": 2, "datetimes_today": "2026-03-21 00:46:48, 2026-03-21 01:01:24", "cumulative_total": 2 }, "geometry": { "type": "Polygon", "coordinates": [ [ [ -64.33906958430866, 50.302175937249146 ], [ -64.345392527459879, 50.30536724038091 ], [ -64.344238938377927, 50.310470054126355 ], [ -64.336760981587574, 50.31238133428041 ], [ -64.330437824756558, 50.309189530082627 ], [ -64.331592838272087, 50.304086946864523 ], [ -64.33906958430866, 50.302175937249146 ] ] ] } },
{ "type": "Feature", "properties": { "hex_id": 1364851, "centroid_lon": -64.339668630077398, "centroid_lat": 50.268368196784998, "occurrences_today": 2, "datetimes_today": "2026-03-21 00:46:48, 2026-03-21 01:01:24", "cumulative_total": 2 }, "geometry": { "type": "Polygon", "coordinates": [ [ [ -64.340820987130002, 50.263265422926715 ], [ -64.347139234927013, 50.266456297440683 ], [ -64.345987422795176, 50.271559174515744 ], [ -64.33851594139864, 50.273470946839247 ], [ -64.332197480368606, 50.270279571903409 ], [ -64.333350713844951, 50.265176925133531 ], [ -64.340820987130002, 50.263265422926715 ] ] ] } },
{ "type": "Feature", "properties": { "hex_id": 1364852, "centroid_lon": -64.336209568669702, "centroid_lat": 50.283676375506033, "occurrences_today": 2, "datetimes_today": "2026-03-21 00:46:48, 2026-03-21 01:01:24", "cumulative_total": 2 }, "geometry": { "type": "Polygon", "coordinates": [ [ [ -64.337362920970506, 50.278573673082079 ], [ -64.343682803925219, 50.281764857307365 ], [ -64.342529996940641, 50.286867663009133 ], [ -64.335055884372906, 50.288779054103692 ], [ -64.328735788159662, 50.28558736919252 ], [ -64.329890017649305, 50.280484793940339 ], [ -64.337362920970506, 50.278573673082079 ] ] ] } },
{ "type": "Feature", "properties": { "hex_id": 1364853, "centroid_lon": -64.332747519297598, "centroid_lat": 50.298984339790373, "occurrences_today": 2, "datetimes_today": "2026-03-21 00:46:48, 2026-03-21 01:01:24", "cumulative_total": 2 }, "geometry": { "type": "Polygon", "coordinates": [ [ [ -64.333901867956698, 50.293881708867609 ], [ -64.340223387255776, 50.297073202987441 ], [ -64.33906958430866, 50.302175937249146 ], [ -64.331592838272087, 50.304086946864523 ], [ -64.325271105689211, 50.300894951794682 ], [ -64.326426332303157, 50.295792448127152 ], [ -64.333901867956698, 50.293881708867609 ] ] ] } },
{ "type": "Feature", "properties": { "hex_id": 1364854, "centroid_lon": -64.329282478627363, "centroid_lat": 50.314292089437238, "occurrences_today": 2, "datetimes_today": "2026-03-21 00:46:48, 2026-03-21 01:01:24", "cumulative_total": 2 }, "geometry": { "type": "Polygon", "coordinates": [ [ [ -64.330437824756558, 50.309189530082627 ], [ -64.336760981587574, 50.31238133428041 ], [ -64.335606181566433, 50.317483997035147 ], [ -64.328126799760767, 50.319394624920903 ], [ -64.321803429620985, 50.316202319508761 ], [ -64.322959654471859, 50.311099887492936 ], [ -64.330437824756558, 50.309189530082627 ] ] ] } },
{ "type": "Feature", "properties": { "hex_id": 1365461, "centroid_lon": -64.334503615563463, "centroid_lat": 50.260074254539276, "occurrences_today": 2, "datetimes_today": "2026-03-21 00:46:48, 2026-03-21 01:01:24", "cumulative_total": 2 }, "geometry": { "type": "Polygon", "coordinates": [ [ [ -64.335656185647309, 50.254971560128098 ], [ -64.341973012679603, 50.258162625271822 ], [ -64.340820987130002, 50.263265422926715 ], [ -64.333350713844951, 50.265176925133531 ], [ -64.327033673974626, 50.26198535968372 ], [ -64.328187120104218, 50.256882792400766 ], [ -64.335656185647309, 50.254971560128098 ] ] ] } },
{ "type": "Feature", "properties": { "hex_id": 1365462, "centroid_lon": -64.331043915011165, "centroid_lat": 50.275382194841498, "occurrences_today": 2, "datetimes_today": "2026-03-21 00:46:48, 2026-03-21 01:01:24", "cumulative_total": 2 }, "geometry": { "type": "Polygon", "coordinates": [ [ [ -64.332197480368606, 50.270279571903409 ], [ -64.33851594139864, 50.273470946839247 ], [ -64.337362920970506, 50.278573673082079 ], [ -64.329890017649305, 50.280484793940339 ], [ -64.323571343756058, 50.277292918434519 ], [ -64.32472578592386, 50.272190422708029 ], [ -64.332197480368606, 50.270279571903409 ] ] ] } },
{ "type": "Feature", "properties": { "hex_id": 1365463, "centroid_lon": -64.327581226418772, "centroid_lat": 50.290689920590609, "occurrences_today": 2, "datetimes_today": "2026-03-21 00:46:48, 2026-03-21 01:01:24", "cumulative_total": 2 }, "geometry": { "type": "Polygon", "coordinates": [ [ [ -64.328735788159662, 50.28558736919252 ], [ -64.335055884372906, 50.288779054103692 ], [ -64.333901867956698, 50.293881708867609 ], [ -64.326426332303157, 50.295792448127152 ], [ -64.320106023201745, 50.29260026238196 ], [ -64.321261462518507, 50.287497838278931 ], [ -64.328735788159662, 50.28558736919252 ] ] ] } },
{ "type": "Feature", "properties": { "hex_id": 1365464, "centroid_lon": -64.324115546453356, "centroid_lat": 50.305997431585759, "occurrences_today": 2, "datetimes_today": "2026-03-21 00:46:48, 2026-03-21 01:01:24", "cumulative_total": 2 }, "geometry": { "type": "Polygon", "coordinates": [ [ [ -64.325271105689211, 50.300894951794682 ], [ -64.331592838272087, 50.304086946864523 ], [ -64.330437824756558, 50.309189530082627 ], [ -64.322959654471859, 50.311099887492936 ], [ -64.316637708976145, 50.307907391324804 ], [ -64.317794146554263, 50.302805038912346 ], [ -64.325271105689211, 50.300894951794682 ] ] ] } },
{ "type": "Feature", "properties": { "hex_id": 1366072, "centroid_lon": -64.325879895955609, "centroid_lat": 50.267087903121961, "occurrences_today": 2, "datetimes_today": "2026-03-21 00:46:48, 2026-03-21 01:01:24", "cumulative_total": 2 }, "geometry": { "type": "Polygon", "coordinates": [ [ [ -64.327033673974626, 50.26198535968372 ], [ -64.333350713844951, 50.265176925133531 ], [ -64.332197480368606, 50.270279571903409 ], [ -64.32472578592386, 50.272190422708029 ], [ -64.318408533585256, 50.26899835680409 ], [ -64.319563188036355, 50.263895940617246 ], [ -64.327033673974626, 50.26198535968372 ] ] ] } },
{ "type": "Feature", "properties": { "hex_id": 1366073, "centroid_lon": -64.322416569328752, "centroid_lat": 50.282395390293978, "occurrences_today": 2, "datetimes_today": "2026-03-21 00:46:48, 2026-03-21 01:01:24", "cumulative_total": 2 }, "geometry": { "type": "Polygon", "coordinates": [ [ [ -64.323571343756058, 50.277292918434519 ], [ -64.329890017649305, 50.280484793940339 ], [ -64.328735788159662, 50.28558736919252 ], [ -64.321261462518507, 50.287497838278931 ], [ -64.31494257613231, 50.284305462055016 ], [ -64.316098227756726, 50.279203117530436 ], [ -64.323571343756058, 50.277292918434519 ] ] ] } },
{ "type": "Feature", "properties": { "hex_id": 1366074, "centroid_lon": -64.31895025125489, "centroid_lat": 50.297702662595576, "occurrences_today": 2, "datetimes_today": "2026-03-21 00:46:48, 2026-03-21 01:01:24", "cumulative_total": 2 }, "geometry": { "type": "Polygon", "coordinates": [ [ [ -64.320106023201745, 50.29260026238196 ], [ -64.326426332303157, 50.295792448127152 ], [ -64.325271105689211, 50.300894951794682 ], [ -64.317794146554263, 50.302805038912346 ], [ -64.311473624935545, 50.299612352184944 ], [ -64.31263027484539, 50.294510079389745 ], [ -64.320106023201745, 50.29260026238196 ] ] ] } },
{ "type": "Feature", "properties": { "hex_id": 1366075, "centroid_lon": -64.315480938396746, "centroid_lat": 50.313009719825494, "occurrences_today": 2, "datetimes_today": "2026-03-21 00:46:48, 2026-03-21 01:01:24", "cumulative_total": 2 }, "geometry": { "type": "Polygon", "coordinates": [ [ [ -64.316637708976145, 50.307907391324804 ], [ -64.322959654471859, 50.311099887492936 ], [ -64.321803429620985, 50.316202319508761 ], [ -64.314323834692217, 50.318112024406929 ], [ -64.308001676655067, 50.314919026992285 ], [ -64.309159325964231, 50.309816825993686 ], [ -64.316637708976145, 50.307907391324804 ] ] ] } },
{ "type": "Feature", "properties": { "hex_id": 1366682, "centroid_lon": -64.320717510343201, "centroid_lat": 50.258793500557871, "occurrences_today": 2, "datetimes_today": "2026-03-21 00:46:48, 2026-03-21 01:01:24", "cumulative_total": 2 }, "geometry": { "type": "Polygon", "coordinates": [ [ [ -64.321871500629129, 50.253691036633434 ], [ -64.328187120104218, 50.256882792400766 ], [ -64.327033673974626, 50.26198535968372 ], [ -64.319563188036355, 50.263895940617246 ], [ -64.313247356487494, 50.260703684511626 ], [ -64.314402222827383, 50.25560134787834 ], [ -64.321871500629129, 50.253691036633434 ] ] ] } },
{ "type": "Feature", "properties": { "hex_id": 1366683, "centroid_lon": -64.317253546866525, "centroid_lat": 50.274100749110978, "occurrences_today": 2, "datetimes_today": "2026-03-21 00:46:48, 2026-03-21 01:01:24", "cumulative_total": 2 }, "geometry": { "type": "Polygon", "coordinates": [ [ [ -64.318408533585256, 50.26899835680409 ], [ -64.32472578592386, 50.272190422708029 ], [ -64.323571343756058, 50.277292918434519 ], [ -64.316098227756726, 50.279203117530436 ], [ -64.309780763320006, 50.276010551024335 ], [ -64.310936626857256, 50.27090828609208 ], [ -64.318408533585256, 50.26899835680409 ] ] ] } },
{ "type": "Feature", "properties": { "hex_id": 1366685, "centroid_lon": -64.310316642016417, "centroid_lat": 50.304714601055423, "occurrences_today": 2, "datetimes_today": "2026-03-21 00:46:48, 2026-03-21 01:01:24", "cumulative_total": 2 }, "geometry": { "type": "Polygon", "coordinates": [ [ [ -64.311473624935545, 50.299612352184944 ], [ -64.317794146554263, 50.302805038912346 ], [ -64.316637708976145, 50.307907391324804 ], [ -64.309159325964231, 50.309816825993686 ], [ -64.302838592199521, 50.306623638135918 ], [ -64.303996453468855, 50.301521516807313 ], [ -64.311473624935545, 50.299612352184944 ] ] ] } },
{ "type": "Feature", "properties": { "hex_id": 1367293, "centroid_lon": -64.312092157871916, "centroid_lat": 50.265805997252031, "occurrences_today": 2, "datetimes_today": "2026-03-21 00:46:48, 2026-03-21 01:01:24", "cumulative_total": 2 }, "geometry": { "type": "Polygon", "coordinates": [ [ [ -64.313247356487494, 50.260703684511626 ], [ -64.319563188036355, 50.263895940617246 ], [ -64.318408533585256, 50.26899835680409 ], [ -64.310936626857256, 50.27090828609208 ], [ -64.304620583604745, 50.267715529500222 ], [ -64.305776658660449, 50.26261334417417 ], [ -64.313247356487494, 50.260703684511626 ] ] ] } },
{ "type": "Feature", "properties": { "hex_id": 1367295, "centroid_lon": -64.305153981473396, "centroid_lat": 50.296419371526063, "occurrences_today": 2, "datetimes_today": "2026-03-21 00:46:48, 2026-03-21 01:01:24", "cumulative_total": 2 }, "geometry": { "type": "Polygon", "coordinates": [ [ [ -64.306311176337033, 50.291317202299666 ], [ -64.31263027484539, 50.294510079389745 ], [ -64.311473624935545, 50.299612352184944 ], [ -64.303996453468855, 50.301521516807313 ], [ -64.297677143209555, 50.298328138702992 ], [ -64.298835216044054, 50.293226097058195 ], [ -64.306311176337033, 50.291317202299666 ] ] ] } },
{ "type": "Feature", "properties": { "hex_id": 1367296, "centroid_lon": -64.301680397541489, "centroid_lat": 50.311725735504417, "occurrences_today": 2, "datetimes_today": "2026-03-21 00:46:48, 2026-03-21 01:01:24", "cumulative_total": 2 }, "geometry": { "type": "Polygon", "coordinates": [ [ [ -64.302838592199521, 50.306623638135918 ], [ -64.309159325964231, 50.309816825993686 ], [ -64.308001676655067, 50.314919026992285 ], [ -64.300521869370769, 50.316827808905323 ], [ -64.294200923831852, 50.313634119769048 ], [ -64.295359997227436, 50.308532150065908 ], [ -64.302838592199521, 50.306623638135918 ] ] ] } },
{ "type": "Feature", "properties": { "hex_id": 1367904, "centroid_lon": -64.303464175895058, "centroid_lat": 50.272817690898094, "occurrences_today": 2, "datetimes_today": "2026-03-21 00:46:48, 2026-03-21 01:01:24", "cumulative_total": 2 }, "geometry": { "type": "Polygon", "coordinates": [ [ [ -64.304620583604745, 50.267715529500222 ], [ -64.310936626857256, 50.27090828609208 ], [ -64.309780763320006, 50.276010551024335 ], [ -64.302307435407826, 50.277919828360282 ], [ -64.29599118082227, 50.274726571134281 ], [ -64.297148465358319, 50.269624537274041 ], [ -64.304620583604745, 50.267715529500222 ] ] ] } },
{ "type": "Feature", "properties": { "hex_id": 1367906, "centroid_lon": -64.296518736978669, "centroid_lat": 50.303430156374723, "occurrences_today": 2, "datetimes_today": "2026-03-21 00:46:48, 2026-03-21 01:01:24", "cumulative_total": 2 }, "geometry": { "type": "Polygon", "coordinates": [ [ [ -64.297677143209555, 50.298328138702992 ], [ -64.303996453468855, 50.301521516807313 ], [ -64.302838592199521, 50.306623638135918 ], [ -64.295359997227436, 50.308532150065908 ], [ -64.289040475588934, 50.305338270799297 ], [ -64.290199760177728, 50.300236380832629 ], [ -64.297677143209555, 50.298328138702992 ] ] ] } },
{ "type": "Feature", "properties": { "hex_id": 1368514, "centroid_lon": -64.298305416985457, "centroid_lat": 50.26452247945776, "occurrences_today": 2, "datetimes_today": "2026-03-21 00:46:48, 2026-03-21 01:01:24", "cumulative_total": 2 }, "geometry": { "type": "Polygon", "coordinates": [ [ [ -64.299462035827332, 50.259420397692878 ], [ -64.305776658660449, 50.26261334417417 ], [ -64.304620583604745, 50.267715529500222 ], [ -64.297148465358319, 50.269624537274041 ], [ -64.290833631586111, 50.26643109027458 ], [ -64.291991126875857, 50.261329136086992 ], [ -64.299462035827332, 50.259420397692878 ] ] ] } },
{ "type": "Feature", "properties": { "hex_id": 1368516, "centroid_lon": -64.29135871111464, "centroid_lat": 50.29513446686498, "occurrences_today": 2, "datetimes_today": "2026-03-21 00:46:48, 2026-03-21 01:01:24", "cumulative_total": 2 }, "geometry": { "type": "Polygon", "coordinates": [ [ [ -64.292517328523658, 50.290032528903815 ], [ -64.298835216044054, 50.293226097058195 ], [ -64.297677143209555, 50.298328138702992 ], [ -64.290199760177728, 50.300236380832629 ], [ -64.283881661672666, 50.297042311632147 ], [ -64.285041157060149, 50.291940501415738 ], [ -64.292517328523658, 50.290032528903815 ] ] ] } },
{ "type": "Feature", "properties": { "hex_id": 1368517, "centroid_lon": -64.287880857224195, "centroid_lat": 50.310440136757457, "occurrences_today": 2, "datetimes_today": "2026-03-21 00:46:48, 2026-03-21 01:01:24", "cumulative_total": 2 }, "geometry": { "type": "Polygon", "coordinates": [ [ [ -64.289040475588934, 50.305338270799297 ], [ -64.295359997227436, 50.308532150065908 ], [ -64.294200923831852, 50.313634119769048 ], [ -64.286720904959424, 50.315541978699613 ], [ -64.280401172313887, 50.312347598122678 ], [ -64.281561669423652, 50.307245859993131 ], [ -64.289040475588934, 50.305338270799297 ] ] ] } },
{ "type": "Feature", "properties": { "hex_id": 1369125, "centroid_lon": -64.289675803256216, "centroid_lat": 50.271533020485698, "occurrences_today": 2, "datetimes_today": "2026-03-21 00:46:48, 2026-03-21 01:01:24", "cumulative_total": 2 }, "geometry": { "type": "Polygon", "coordinates": [ [ [ -64.290833631586111, 50.26643109027458 ], [ -64.297148465358319, 50.269624537274041 ], [ -64.29599118082227, 50.274726571134281 ], [ -64.288517641762482, 50.276634926712859 ], [ -64.282202597422156, 50.273440979047415 ], [ -64.283361302586002, 50.268339176536898 ], [ -64.290833631586111, 50.26643109027458 ] ] ] } },
{ "type": "Feature", "properties": { "hex_id": 1369127, "centroid_lon": -64.282721832501878, "centroid_lat": 50.302144097827124, "occurrences_today": 2, "datetimes_today": "2026-03-21 00:46:48, 2026-03-21 01:01:24", "cumulative_total": 2 }, "geometry": { "type": "Polygon", "coordinates": [ [ [ -64.283881661672666, 50.297042311632147 ], [ -64.290199760177728, 50.300236380832629 ], [ -64.289040475588934, 50.305338270799297 ], [ -64.281561669423652, 50.307245859993131 ], [ -64.275243360306078, 50.304051289598597 ], [ -64.276404067842179, 50.298949631271896 ], [ -64.283881661672666, 50.297042311632147 ] ] ] } },
{ "type": "Feature", "properties": { "hex_id": 1369735, "centroid_lon": -64.284519674454799, "centroid_lat": 50.263237350022038, "occurrences_today": 2, "datetimes_today": "2026-03-21 00:46:48, 2026-03-21 01:01:24", "cumulative_total": 2 }, "geometry": { "type": "Polygon", "coordinates": [ [ [ -64.285677713152324, 50.258135499510296 ], [ -64.291991126875857, 50.261329136086992 ], [ -64.290833631586111, 50.26643109027458 ], [ -64.283361302586002, 50.268339176536898 ], [ -64.27704767868785, 50.265145039410257 ], [ -64.278206593840707, 50.260043316638715 ], [ -64.285677713152324, 50.258135499510296 ] ] ] } },
{ "type": "Feature", "properties": { "hex_id": 1369737, "centroid_lon": -64.277564441339493, "centroid_lat": 50.293847948895774, "occurrences_today": 2, "datetimes_today": "2026-03-21 00:46:48, 2026-03-21 01:01:24", "cumulative_total": 2 }, "geometry": { "type": "Polygon", "coordinates": [ [ [ -64.278724480922122, 50.28874624247775 ], [ -64.285041157060149, 50.291940501415738 ], [ -64.283881661672666, 50.297042311632147 ], [ -64.276404067842179, 50.298949631271896 ], [ -64.270087181485721, 50.295754871256108 ], [ -64.271248099054091, 50.290653292745958 ], [ -64.278724480922122, 50.28874624247775 ] ] ] } },
{ "type": "Feature", "properties": { "hex_id": 1369738, "centroid_lon": -64.274082318607, "centroid_lat": 50.309152923868361, "occurrences_today": 2, "datetimes_today": "2026-03-21 00:46:48, 2026-03-21 01:01:24", "cumulative_total": 2 }, "geometry": { "type": "Polygon", "coordinates": [ [ [ -64.275243360306078, 50.304051289598597 ], [ -64.281561669423652, 50.307245859993131 ], [ -64.280401172313887, 50.312347598122678 ], [ -64.272920942620701, 50.314254534073669 ], [ -64.26660242326318, 50.311059462337148 ], [ -64.267764343714504, 50.305957956059231 ], [ -64.275243360306078, 50.304051289598597 ] ] ] } },
{ "type": "Feature", "properties": { "hex_id": 1370346, "centroid_lon": -64.275888430108864, "centroid_lat": 50.270246738157006, "occurrences_today": 2, "datetimes_today": "2026-03-21 00:46:48, 2026-03-21 01:01:24", "cumulative_total": 2 }, "geometry": { "type": "Polygon", "coordinates": [ [ [ -64.27704767868785, 50.265145039410257 ], [ -64.283361302586002, 50.268339176536898 ], [ -64.282202597422156, 50.273440979047415 ], [ -64.274728847979944, 50.275348412871452 ], [ -64.268415014278517, 50.272153775047151 ], [ -64.269575139698716, 50.26705220416396 ], [ -64.27704767868785, 50.265145039410257 ] ] ] } },
{ "type": "Feature", "properties": { "hex_id": 1370348, "centroid_lon": -64.268925929747255, "centroid_lat": 50.300856425696374, "occurrences_today": 2, "datetimes_today": "2026-03-21 00:46:48, 2026-03-21 01:01:24", "cumulative_total": 2 }, "geometry": { "type": "Polygon", "coordinates": [ [ [ -64.270087181485721, 50.295754871256108 ], [ -64.276404067842179, 50.298949631271896 ], [ -64.275243360306078, 50.304051289598597 ], [ -64.267764343714504, 50.305957956059231 ], [ -64.261447247512109, 50.302762694817794 ], [ -64.262609377622965, 50.297661268408959 ], [ -64.270087181485721, 50.295754871256108 ] ] ] } },
{ "type": "Feature", "properties": { "hex_id": 1370956, "centroid_lon": -64.270734931437957, "centroid_lat": 50.261950609228073, "occurrences_today": 2, "datetimes_today": "2026-03-21 00:46:48, 2026-03-21 01:01:24", "cumulative_total": 2 }, "geometry": { "type": "Polygon", "coordinates": [ [ [ -64.271894389620073, 50.256848990246958 ], [ -64.278206593840707, 50.260043316638715 ], [ -64.27704767868785, 50.265145039410257 ], [ -64.269575139698716, 50.26705220416396 ], [ -64.26326272606785, 50.263857377190654 ], [ -64.264423060712517, 50.258755886112631 ], [ -64.271894389620073, 50.256848990246958 ] ] ] } },
{ "type": "Feature", "properties": { "hex_id": 1370958, "centroid_lon": -64.263771173308314, "centroid_lat": 50.292559817902244, "occurrences_today": 2, "datetimes_today": "2026-03-21 00:46:48, 2026-03-21 01:01:24", "cumulative_total": 2 }, "geometry": { "type": "Polygon", "coordinates": [ [ [ -64.264932634692386, 50.287458343305161 ], [ -64.271248099054091, 50.290653292745958 ], [ -64.270087181485721, 50.295754871256108 ], [ -64.262609377622965, 50.297661268408959 ], [ -64.256293703808936, 50.294465817858843 ], [ -64.257456043185783, 50.289364471332746 ], [ -64.264932634692386, 50.287458343305161 ] ] ] } },
{ "type": "Feature", "properties": { "hex_id": 1370959, "centroid_lon": -64.2602847828514, "centroid_lat": 50.307864097121197, "occurrences_today": 2, "datetimes_today": "2026-03-21 00:46:48, 2026-03-21 01:01:24", "cumulative_total": 2 }, "geometry": { "type": "Polygon", "coordinates": [ [ [ -64.261447247512109, 50.302762694817794 ], [ -64.267764343714504, 50.305957956059231 ], [ -64.26660242326318, 50.311059462337148 ], [ -64.259121983516494, 50.31296547531165 ], [ -64.252804677841127, 50.309769712696735 ], [ -64.253968021261002, 50.304668438548376 ], [ -64.261447247512109, 50.302762694817794 ] ] ] } },
{ "type": "Feature", "properties": { "hex_id": 1371567, "centroid_lon": -64.262102057611315, "centroid_lat": 50.268958844195502, "occurrences_today": 2, "datetimes_today": "2026-03-21 00:46:48, 2026-03-21 01:01:24", "cumulative_total": 2 }, "geometry": { "type": "Polygon", "coordinates": [ [ [ -64.26326272606785, 50.263857377190654 ], [ -64.269575139698716, 50.26705220416396 ], [ -64.268415014278517, 50.272153775047151 ], [ -64.260941055218879, 50.274060287119667 ], [ -64.254628432549538, 50.270864959417189 ], [ -64.255789977854306, 50.26576362043884 ], [ -64.26326272606785, 50.263857377190654 ] ] ] } },
{ "type": "Feature", "properties": { "hex_id": 1371569, "centroid_lon": -64.255131029875471, "centroid_lat": 50.299567140266568, "occurrences_today": 2, "datetimes_today": "2026-03-21 00:46:48, 2026-03-21 01:01:24", "cumulative_total": 2 }, "geometry": { "type": "Polygon", "coordinates": [ [ [ -64.256293703808936, 50.294465817858843 ], [ -64.262609377622965, 50.297661268408959 ], [ -64.261447247512109, 50.302762694817794 ], [ -64.253968021261002, 50.304668438548376 ], [ -64.247652138367556, 50.301472486741183 ], [ -64.24881569068026, 50.296371292528036 ], [ -64.256293703808936, 50.294465817858843 ] ] ] } },
{ "type": "Feature", "properties": { "hex_id": 1372177, "centroid_lon": -64.256951189092348, "centroid_lat": 50.260662257359364, "occurrences_today": 2, "datetimes_today": "2026-03-21 00:46:48, 2026-03-21 01:01:24", "cumulative_total": 2 }, "geometry": { "type": "Polygon", "coordinates": [ [ [ -64.258112066387682, 50.255560870186294 ], [ -64.264423060712517, 50.258755886112631 ], [ -64.26326272606785, 50.263857377190654 ], [ -64.255789977854306, 50.26576362043884 ], [ -64.249478774883514, 50.262568103899504 ], [ -64.250640528648262, 50.257466844792397 ], [ -64.258112066387682, 50.255560870186294 ] ] ] } },
{ "type": "Feature", "properties": { "hex_id": 1372180, "centroid_lon": -64.24648825111835, "centroid_lat": 50.306573656800374, "occurrences_today": 2, "datetimes_today": "2026-03-21 00:46:48, 2026-03-21 01:01:24", "cumulative_total": 2 }, "geometry": { "type": "Polygon", "coordinates": [ [ [ -64.247652138367556, 50.301472486741183 ], [ -64.253968021261002, 50.304668438548376 ], [ -64.252804677841127, 50.309769712696735 ], [ -64.245324028808142, 50.311674802698043 ], [ -64.23900793720864, 50.30847834948603 ], [ -64.240172703223635, 50.303377307745087 ], [ -64.247652138367556, 50.301472486741183 ] ] ] } },
{ "type": "Feature", "properties": { "hex_id": 1372788, "centroid_lon": -64.248316686921299, "centroid_lat": 50.267669338885028, "occurrences_today": 2, "datetimes_today": "2026-03-21 00:46:48, 2026-03-21 01:01:24", "cumulative_total": 2 }, "geometry": { "type": "Polygon", "coordinates": [ [ [ -64.249478774883514, 50.262568103899504 ], [ -64.255789977854306, 50.26576362043884 ], [ -64.254628432549538, 50.270864959417189 ], [ -64.247154264637459, 50.272770549741402 ], [ -64.240842853392877, 50.269574532441567 ], [ -64.242005818210032, 50.264473425645456 ], [ -64.249478774883514, 50.262568103899504 ] ] ] } },
{ "type": "Feature", "properties": { "hex_id": 1372790, "centroid_lon": -64.241337134046589, "centroid_lat": 50.298276241822109, "occurrences_today": 2, "datetimes_today": "2026-03-21 00:46:48, 2026-03-21 01:01:24", "cumulative_total": 2 }, "geometry": { "type": "Polygon", "coordinates": [ [ [ -64.242501229802045, 50.293175151724661 ], [ -64.24881569068026, 50.296371292528036 ], [ -64.247652138367556, 50.301472486741183 ], [ -64.240172703223635, 50.303377307745087 ], [ -64.233858034032437, 50.300180665653372 ], [ -64.235023008173641, 50.295079703913636 ], [ -64.242501229802045, 50.293175151724661 ] ] ] } },
{ "type": "Feature", "properties": { "hex_id": 1373398, "centroid_lon": -64.243168448574878, "centroid_lat": 50.259372294699773, "occurrences_today": 2, "datetimes_today": "2026-03-21 00:46:48, 2026-03-21 01:01:24", "cumulative_total": 2 }, "geometry": { "type": "Polygon", "coordinates": [ [ [ -64.244330744611588, 50.254271139612037 ], [ -64.250640528648262, 50.257466844792397 ], [ -64.249478774883514, 50.262568103899504 ], [ -64.242005818210032, 50.264473425645456 ], [ -64.235695826291618, 50.261277219820848 ], [ -64.236858998804323, 50.256176192961931 ], [ -64.244330744611588, 50.254271139612037 ] ] ] } },
{ "type": "Feature", "properties": { "hex_id": 1374011, "centroid_lon": -64.227544243420141, "centroid_lat": 50.296983730647725, "occurrences_today": 2, "datetimes_today": "2026-03-21 00:46:48, 2026-03-21 01:01:24", "cumulative_total": 2 }, "geometry": { "type": "Polygon", "coordinates": [ [ [ -64.22870976062417, 50.291882873138192 ], [ -64.235023008173641, 50.295079703913636 ], [ -64.233858034032437, 50.300180665653372 ], [ -64.226378390762335, 50.302084563934173 ], [ -64.220064935666173, 50.298887231839302 ], [ -64.221231331262189, 50.293786502850587 ], [ -64.22870976062417, 50.291882873138192 ] ] ] } },
{ "type": "Feature", "properties": { "hex_id": 1374619, "centroid_lon": -64.229386711041855, "centroid_lat": 50.258080721533439, "occurrences_today": 2, "datetimes_today": "2026-03-21 00:46:48, 2026-03-21 01:01:24", "cumulative_total": 2 }, "geometry": { "type": "Polygon", "coordinates": [ [ [ -64.230550425447717, 50.252979798808255 ], [ -64.236858998804323, 50.256176192961931 ], [ -64.235695826291618, 50.261277219820848 ], [ -64.228222661922587, 50.263181620068082 ], [ -64.221913881448359, 50.25998472523905 ], [ -64.223078472336567, 50.254883930905514 ], [ -64.230550425447717, 50.252979798808255 ] ] ] } },
{ "type": "Feature", "properties": { "hex_id": 1375232, "centroid_lon": -64.213752359155094, "centroid_lat": 50.29568960702845, "occurrences_today": 2, "datetimes_today": "2026-03-21 00:46:48, 2026-03-21 01:01:24", "cumulative_total": 2 }, "geometry": { "type": "Polygon", "coordinates": [ [ [ -64.214919297433852, 50.290588982384378 ], [ -64.221231331262189, 50.293786502850587 ], [ -64.220064935666173, 50.298887231839302 ], [ -64.212585085036395, 50.300790207400766 ], [ -64.206272844427644, 50.297592185584215 ], [ -64.207440661104329, 50.292491689624036 ], [ -64.214919297433852, 50.290588982384378 ] ] ] } },
{ "type": "Feature", "properties": { "hex_id": 1375840, "centroid_lon": -64.21560597764902, "centroid_lat": 50.256787538144835, "occurrences_today": 2, "datetimes_today": "2026-03-21 00:46:48, 2026-03-21 01:01:24", "cumulative_total": 2 }, "geometry": { "type": "Polygon", "coordinates": [ [ [ -64.216771110051454, 50.251686848059329 ], [ -64.223078472336567, 50.254883930905514 ], [ -64.221913881448359, 50.25998472523905 ], [ -64.214440510148094, 50.261888203991269 ], [ -64.208132941509419, 50.258690620438777 ], [ -64.209298950400225, 50.253590058907719 ], [ -64.216771110051454, 50.251686848059329 ] ] ] } },
{ "type": "Feature", "properties": { "hex_id": 1376453, "centroid_lon": -64.199961482409805, "centroid_lat": 50.294393871249639, "occurrences_today": 2, "datetimes_today": "2026-03-21 00:46:48, 2026-03-21 01:01:24", "cumulative_total": 2 }, "geometry": { "type": "Polygon", "coordinates": [ [ [ -64.201129841389104, 50.289293479748494 ], [ -64.207440661104329, 50.292491689624036 ], [ -64.206272844427644, 50.297592185584215 ], [ -64.198792787204624, 50.299494238430327 ], [ -64.192481761475108, 50.296295527173676 ], [ -64.193650998858004, 50.291195264519459 ], [ -64.201129841389104, 50.289293479748494 ] ] ] } },
{ "type": "Feature", "properties": { "hex_id": 1377674, "centroid_lon": -64.186171614342072, "centroid_lat": 50.293096523596965, "occurrences_today": 2, "datetimes_today": "2026-03-21 00:46:48, 2026-03-21 01:01:24", "cumulative_total": 2 }, "geometry": { "type": "Polygon", "coordinates": [ [ [ -64.18734139364733, 50.287996365516094 ], [ -64.193650998858004, 50.291195264519459 ], [ -64.192481761475108, 50.296295527173676 ], [ -64.185001498425194, 50.298196657308644 ], [ -64.178691687966307, 50.294997256893559 ], [ -64.179862345680505, 50.289897227822635 ], [ -64.18734139364733, 50.287996365516094 ] ] ] } },
{ "type": "Feature", "properties": { "hex_id": 1378895, "centroid_lon": -64.172382756109172, "centroid_lat": 50.291797564356443, "occurrences_today": 2, "datetimes_today": "2026-03-21 00:46:48, 2026-03-21 01:01:24", "cumulative_total": 2 }, "geometry": { "type": "Polygon", "coordinates": [ [ [ -64.173553955365392, 50.286697639973085 ], [ -64.179862345680505, 50.289897227822635 ], [ -64.178691687966307, 50.294997256893559 ], [ -64.171211219855778, 50.296897464321773 ], [ -64.164902625058403, 50.293697375030085 ], [ -64.16607470272865, 50.288597579819687 ], [ -64.173553955365392, 50.286697639973085 ] ] ] } },
{ "type": "Feature", "properties": { "hex_id": 1380116, "centroid_lon": -64.158594908867769, "centroid_lat": 50.290496993814365, "occurrences_today": 2, "datetimes_today": "2026-03-21 00:46:48, 2026-03-21 01:01:24", "cumulative_total": 2 }, "geometry": { "type": "Polygon", "coordinates": [ [ [ -64.159767527699572, 50.285397303405681 ], [ -64.16607470272865, 50.288597579819687 ], [ -64.164902625058403, 50.293697375030085 ], [ -64.157421952653394, 50.295596659756171 ], [ -64.151114573907961, 50.292395881869751 ], [ -64.152288071158594, 50.287296320797019 ], [ -64.159767527699572, 50.285397303405681 ] ] ] } },
{ "type": "Feature", "properties": { "hex_id": 672822, "centroid_lon": -72.534925976616421, "centroid_lat": 45.551245355678162, "occurrences_today": 44, "datetimes_today": "2026-03-21 03:46:43, 2026-03-21 03:59:50, 2026-03-21 04:16:22, 2026-03-21 04:31:24, 2026-03-21 04:46:34, 2026-03-21 05:01:39, 2026-03-21 05:16:23, 2026-03-21 05:31:19, 2026-03-21 05:46:26, 2026-03-21 05:59:51, 2026-03-21 06:16:56, 2026-03-21 06:31:26, 2026-03-21 07:00:54, 2026-03-21 07:16:36, 2026-03-21 07:31:27, 2026-03-21 07:46:25, 2026-03-21 07:56:53, 2026-03-21 08:16:47, 2026-03-21 08:31:30, 2026-03-21 08:46:19, 2026-03-21 09:16:24, 2026-03-21 09:31:38, 2026-03-21 09:43:16, 2026-03-21 10:01:31, 2026-03-21 10:16:35, 2026-03-21 10:31:46, 2026-03-21 10:46:02, 2026-03-21 11:01:32, 2026-03-21 11:16:21, 2026-03-21 11:31:46, 2026-03-21 11:42:19, 2026-03-21 11:59:33, 2026-03-21 12:16:25, 2026-03-21 12:31:49, 2026-03-21 13:01:51, 2026-03-21 13:16:37, 2026-03-21 13:31:25, 2026-03-21 13:42:38, 2026-03-21 14:00:13, 2026-03-21 14:16:52, 2026-03-21 14:32:08, 2026-03-21 14:46:58, 2026-03-21 15:01:56, 2026-03-21 15:16:51", "cumulative_total": 51 }, "geometry": { "type": "Polygon", "coordinates": [ [ [ -72.53515305290658, 45.546053408323964 ], [ -72.54143898039429, 45.548787376150095 ], [ -72.541212461261566, 45.55397934554022 ], [ -72.534698838317965, 45.556437297408252 ], [ -72.528412415691506, 45.553702950713536 ], [ -72.528640111126577, 45.548511031083649 ], [ -72.53515305290658, 45.546053408323964 ] ] ] } },
{ "type": "Feature", "properties": { "hex_id": 715523, "centroid_lon": -72.114049471241088, "centroid_lat": 45.011279600890255, "occurrences_today": 10, "datetimes_today": "2026-03-21 03:46:43, 2026-03-21 03:59:50, 2026-03-21 04:16:22, 2026-03-21 04:31:24, 2026-03-21 04:46:34, 2026-03-21 05:01:39, 2026-03-21 05:16:23, 2026-03-21 05:31:19, 2026-03-21 05:46:26, 2026-03-21 05:59:51", "cumulative_total": 10 }, "geometry": { "type": "Polygon", "coordinates": [ [ [ -72.114310332272851, 45.006088945790722 ], [ -72.120516782002198, 45.008844356441621 ], [ -72.120256456554941, 45.014035037390407 ], [ -72.113788539451861, 45.016470250062461 ], [ -72.107581624907183, 45.013714463817529 ], [ -72.107843092257539, 45.008523840557501 ], [ -72.114310332272851, 45.006088945790722 ] ] ] } },
{ "type": "Feature", "properties": { "hex_id": 780969, "centroid_lon": -71.311874376232424, "centroid_lat": 46.897972413391706, "occurrences_today": 5, "datetimes_today": "2026-03-21 08:46:19, 2026-03-21 09:16:24, 2026-03-21 09:31:38, 2026-03-21 09:43:16, 2026-03-21 10:01:31", "cumulative_total": 12 }, "geometry": { "type": "Polygon", "coordinates": [ [ [ -71.312230321814283, 46.892787654078965 ], [ -71.31860271810605, 46.895591153128905 ], [ -71.318247351953303, 46.90077594708626 ], [ -71.311518331873572, 46.903157165913264 ], [ -71.305145454946839, 46.900353259778356 ], [ -71.305502078700499, 46.895168541968346 ], [ -71.312230321814283, 46.892787654078965 ] ] ] } },
{ "type": "Feature", "properties": { "hex_id": 491782, "centroid_lon": -74.38832822122427, "centroid_lat": 49.916458968124815, "occurrences_today": 3, "datetimes_today": "2026-03-21 09:31:38, 2026-03-21 09:43:16, 2026-03-21 10:01:31", "cumulative_total": 5 }, "geometry": { "type": "Polygon", "coordinates": [ [ [ -74.388393898401759, 49.911266467570591 ], [ -74.395324941482485, 49.913899237727549 ], [ -74.395260002518654, 49.919091742587568 ], [ -74.388262524929345, 49.92165146394133 ], [ -74.381330762755994, 49.919018272447865 ], [ -74.381397197257357, 49.9138257810136 ], [ -74.388393898401759, 49.911266467570591 ] ] ] } },
{ "type": "Feature", "properties": { "hex_id": 1367778, "centroid_lon": -64.71793667299842, "centroid_lat": 48.34255945167633, "occurrences_today": 2, "datetimes_today": "2026-03-21 09:31:38, 2026-03-21 09:43:16", "cumulative_total": 10 }, "geometry": { "type": "Polygon", "coordinates": [ [ [ -64.718975610352828, 48.337448746312674 ], [ -64.72509507297039, 48.340603762997922 ], [ -64.724056632439897, 48.345714564691555 ], [ -64.716897445442015, 48.347670135684638 ], [ -64.710777776253778, 48.344514650295061 ], [ -64.711817500531623, 48.33940406268006 ], [ -64.718975610352828, 48.337448746312674 ] ] ] } },
{ "type": "Feature", "properties": { "hex_id": 363361, "centroid_lon": -75.796839225275647, "centroid_lat": 46.54937954620415, "occurrences_today": 16, "datetimes_today": "2026-03-21 12:16:25, 2026-03-21 12:31:49, 2026-03-21 13:01:51, 2026-03-21 13:16:37, 2026-03-21 13:31:25, 2026-03-21 13:42:38, 2026-03-21 14:00:13, 2026-03-21 14:16:52, 2026-03-21 14:32:08, 2026-03-21 14:46:58, 2026-03-21 15:01:56, 2026-03-21 15:16:51, 2026-03-21 15:46:47, 2026-03-21 16:02:09, 2026-03-21 16:16:50, 2026-03-21 16:29:08", "cumulative_total": 25 }, "geometry": { "type": "Polygon", "coordinates": [ [ [ -75.796763201728439, 46.544184197239282 ], [ -75.803322362807862, 46.546736261017251 ], [ -75.803399018987292, 46.551931599335013 ], [ -75.79691526986349, 46.554574890332937 ], [ -75.790355455107559, 46.552022466631811 ], [ -75.7902800431592, 46.546827111922987 ], [ -75.796763201728439, 46.544184197239282 ] ] ] } },
{ "type": "Feature", "properties": { "hex_id": 549503, "centroid_lon": -73.827805855992494, "centroid_lat": 45.603016258034081, "occurrences_today": 31, "datetimes_today": "2026-03-21 15:01:56, 2026-03-21 15:16:51, 2026-03-21 15:46:47, 2026-03-21 16:02:09, 2026-03-21 16:16:50, 2026-03-21 16:29:08, 2026-03-21 16:46:51, 2026-03-21 17:16:42, 2026-03-21 17:27:44, 2026-03-21 17:46:53, 2026-03-21 18:16:41, 2026-03-21 18:46:43, 2026-03-21 19:16:47, 2026-03-21 19:27:09, 2026-03-21 19:46:50, 2026-03-21 20:01:42, 2026-03-21 20:17:04, 2026-03-21 20:31:48, 2026-03-21 20:47:05, 2026-03-21 21:01:55, 2026-03-21 21:16:58, 2026-03-21 21:31:45, 2026-03-21 21:47:13, 2026-03-21 22:01:49, 2026-03-21 22:14:04, 2026-03-21 22:31:58, 2026-03-21 22:46:45, 2026-03-21 23:02:02, 2026-03-21 23:16:50, 2026-03-21 23:31:47, 2026-03-21 23:46:51", "cumulative_total": 37 }, "geometry": { "type": "Polygon", "coordinates": [ [ [ -73.827914056215263, 45.597820630856539 ], [ -73.834269886253907, 45.60048404242881 ], [ -73.834162262692715, 45.605679678953699 ], [ -73.827697626183493, 45.608211880264975 ], [ -73.821341249074521, 45.605548100934207 ], [ -73.821450055535152, 45.600352488115405 ], [ -73.827914056215263, 45.597820630856539 ] ] ] } },
{ "type": "Feature", "properties": { "hex_id": 823644, "centroid_lon": -70.923749299844658, "centroid_lat": 45.949399096558992, "occurrences_today": 2, "datetimes_today": "2026-03-21 15:16:51, 2026-03-21 15:46:47", "cumulative_total": 2 }, "geometry": { "type": "Polygon", "coordinates": [ [ [ -70.924129838747902, 45.94421586125808 ], [ -70.93037435169208, 45.947037194812687 ], [ -70.929994357443022, 45.952220467837478 ], [ -70.923368656684517, 45.954582324687941 ], [ -70.917123703360701, 45.951760593702446 ], [ -70.917504891139757, 45.946577403361829 ], [ -70.924129838747902, 45.94421586125808 ] ] ] } },
{ "type": "Feature", "properties": { "hex_id": 823645, "centroid_lon": -70.922607057452396, "centroid_lat": 45.964948759426491, "occurrences_today": 2, "datetimes_today": "2026-03-21 15:16:51, 2026-03-21 15:46:47", "cumulative_total": 18 }, "geometry": { "type": "Polygon", "coordinates": [ [ [ -70.922987909232205, 45.959765545644061 ], [ -70.929234056573165, 45.962586992391898 ], [ -70.928853749881881, 45.967770243919816 ], [ -70.922226101309789, 45.970131966034366 ], [ -70.915979513260766, 45.967310121640686 ], [ -70.916361014456569, 45.962126952842738 ], [ -70.922987909232205, 45.959765545644061 ] ] ] } },
{ "type": "Feature", "properties": { "hex_id": 824256, "centroid_lon": -70.915597907521985, "centroid_lat": 45.972493283255979, "occurrences_today": 2, "datetimes_today": "2026-03-21 15:16:51, 2026-03-21 15:46:47", "cumulative_total": 18 }, "geometry": { "type": "Polygon", "coordinates": [ [ [ -70.915979513260766, 45.967310121640686 ], [ -70.922226101309789, 45.970131966034366 ], [ -70.921845040769057, 45.975315165466853 ], [ -70.915216197204842, 45.977676437687826 ], [ -70.908969168553853, 45.974854195493251 ], [ -70.909351424033659, 45.969671078943058 ], [ -70.915979513260766, 45.967310121640686 ] ] ] } },
{ "type": "Feature", "properties": { "hex_id": 824257, "centroid_lon": -70.914452462693717, "centroid_lat": 45.988042724997577, "occurrences_today": 2, "datetimes_today": "2026-03-21 15:16:51, 2026-03-21 15:46:47", "cumulative_total": 18 }, "geometry": { "type": "Polygon", "coordinates": [ [ [ -70.914834382273895, 45.982859584935312 ], [ -70.921082606351789, 45.985681542802133 ], [ -70.920701232404525, 45.990864720703222 ], [ -70.914070438428894, 45.993225857873767 ], [ -70.90782177342048, 45.990403501990876 ], [ -70.908204343282748, 45.985220407018012 ], [ -70.914834382273895, 45.982859584935312 ] ] ] } },
{ "type": "Feature", "properties": { "hex_id": 824865, "centroid_lon": -70.910879399075029, "centroid_lat": 45.948938540843905, "occurrences_today": 2, "datetimes_today": "2026-03-21 15:16:51, 2026-03-21 15:46:47", "cumulative_total": 2 }, "geometry": { "type": "Polygon", "coordinates": [ [ [ -70.911261131292989, 45.943755388348833 ], [ -70.917504891139757, 45.946577403361829 ], [ -70.917123703360701, 45.951760593702446 ], [ -70.910497562275509, 45.954121686151723 ], [ -70.904253362589074, 45.951299273612982 ], [ -70.904635743792127, 45.946116166215141 ], [ -70.911261131292989, 45.943755388348833 ] ] ] } },
{ "type": "Feature", "properties": { "hex_id": 824867, "centroid_lon": -70.908586808315377, "centroid_lat": 45.980037304851855, "occurrences_today": 2, "datetimes_today": "2026-03-21 15:16:51, 2026-03-21 15:46:47", "cumulative_total": 18 }, "geometry": { "type": "Polygon", "coordinates": [ [ [ -70.908969168553853, 45.974854195493251 ], [ -70.915216197204842, 45.977676437687826 ], [ -70.914834382273895, 45.982859584935312 ], [ -70.908204343282748, 45.985220407018012 ], [ -70.901956874136118, 45.982397766867521 ], [ -70.902339884440792, 45.977214702654742 ], [ -70.908969168553853, 45.974854195493251 ] ] ] } },
{ "type": "Feature", "properties": { "hex_id": 824868, "centroid_lon": -70.907439098693075, "centroid_lat": 45.995586589769545, "occurrences_today": 2, "datetimes_today": "2026-03-21 15:16:51, 2026-03-21 15:46:47", "cumulative_total": 2 }, "geometry": { "type": "Polygon", "coordinates": [ [ [ -70.90782177342048, 45.990403501990876 ], [ -70.914070438428894, 45.993225857873767 ], [ -70.913688309443941, 45.998408983563017 ], [ -70.907056319065006, 46.000769670353172 ], [ -70.900807213232582, 45.997946916299071 ], [ -70.901190538567576, 45.992763873690564 ], [ -70.90782177342048, 45.990403501990876 ] ] ] } },
{ "type": "Feature", "properties": { "hex_id": 825475, "centroid_lon": -70.905018020269026, "centroid_lat": 45.940933051622828, "occurrences_today": 2, "datetimes_today": "2026-03-21 15:16:51, 2026-03-21 15:46:47", "cumulative_total": 2 }, "geometry": { "type": "Polygon", "coordinates": [ [ [ -70.905400192055197, 45.935749929836923 ], [ -70.91164275896476, 45.938572228667383 ], [ -70.911261131292989, 45.943755388348833 ], [ -70.904635743792127, 45.946116166215141 ], [ -70.898392737476613, 45.943293469919006 ], [ -70.898775558032497, 45.938110393286649 ], [ -70.905400192055197, 45.935749929836923 ] ] ] } },
{ "type": "Feature", "properties": { "hex_id": 825476, "centroid_lon": -70.903870876624453, "centroid_lat": 45.956482373815483, "occurrences_today": 2, "datetimes_today": "2026-03-21 15:16:51, 2026-03-21 15:46:47", "cumulative_total": 2 }, "geometry": { "type": "Polygon", "coordinates": [ [ [ -70.904253362589074, 45.951299273612982 ], [ -70.910497562275509, 45.954121686151723 ], [ -70.91011562085906, 45.959304824271442 ], [ -70.903488285862778, 45.961665466821785 ], [ -70.897243646442945, 45.958842656602386 ], [ -70.897626781717321, 45.953659601577748 ], [ -70.904253362589074, 45.951299273612982 ] ] ] } },
{ "type": "Feature", "properties": { "hex_id": 825477, "centroid_lon": -70.902722789806447, "centroid_lat": 45.972031631242267, "occurrences_today": 2, "datetimes_today": "2026-03-21 15:16:51, 2026-03-21 15:46:47", "cumulative_total": 2 }, "geometry": { "type": "Polygon", "coordinates": [ [ [ -70.903105590268609, 45.966848552631006 ], [ -70.909351424033659, 45.969671078943058 ], [ -70.908969168553853, 45.974854195493251 ], [ -70.902339884440792, 45.977214702654742 ], [ -70.896093610614642, 45.974391778446929 ], [ -70.89647706092714, 45.969208745037839 ], [ -70.903105590268609, 45.966848552631006 ] ] ] } },
{ "type": "Feature", "properties": { "hex_id": 825478, "centroid_lon": -70.901573758856898, "centroid_lat": 45.987580823879753, "occurrences_today": 2, "datetimes_today": "2026-03-21 15:16:51, 2026-03-21 15:46:47", "cumulative_total": 2 }, "geometry": { "type": "Polygon", "coordinates": [ [ [ -70.901956874136118, 45.982397766867521 ], [ -70.908204343282748, 45.985220407018012 ], [ -70.90782177342048, 45.990403501990876 ], [ -70.901190538567576, 45.992763873690564 ], [ -70.894942629031874, 45.989940835429103 ], [ -70.895326394702593, 45.984757823643427 ], [ -70.901956874136118, 45.982397766867521 ] ] ] } },
{ "type": "Feature", "properties": { "hex_id": 825479, "centroid_lon": -70.900423782816318, "centroid_lat": 46.003129951704409, "occurrences_today": 2, "datetimes_today": "2026-03-21 15:16:51, 2026-03-21 15:46:47", "cumulative_total": 2 }, "geometry": { "type": "Polygon", "coordinates": [ [ [ -70.900807213232582, 45.997946916299071 ], [ -70.907056319065006, 46.000769670353172 ], [ -70.906673434500718, 46.005952743740863 ], [ -70.900040247283187, 46.008312979905732 ], [ -70.893790700733462, 46.005489827525302 ], [ -70.894174782082942, 46.000306837370921 ], [ -70.900807213232582, 45.997946916299071 ] ] ] } },
{ "type": "Feature", "properties": { "hex_id": 826085, "centroid_lon": -70.899158273753159, "centroid_lat": 45.932927309453483, "occurrences_today": 2, "datetimes_today": "2026-03-21 15:16:51, 2026-03-21 15:46:47", "cumulative_total": 2 }, "geometry": { "type": "Polygon", "coordinates": [ [ [ -70.899540884674082, 45.927744218420344 ], [ -70.90578225918604, 45.930566800858301 ], [ -70.905400192055197, 45.935749929836923 ], [ -70.898775558032497, 45.938110393286649 ], [ -70.892533744547947, 45.935287413443099 ], [ -70.892917004023246, 45.930104367619798 ], [ -70.899540884674082, 45.927744218420344 ] ] ] } },
{ "type": "Feature", "properties": { "hex_id": 826086, "centroid_lon": -70.898009812050049, "centroid_lat": 45.948476539349663, "occurrences_today": 2, "datetimes_today": "2026-03-21 15:16:51, 2026-03-21 15:46:47", "cumulative_total": 2 }, "geometry": { "type": "Polygon", "coordinates": [ [ [ -70.898392737476613, 45.943293469919006 ], [ -70.904635743792127, 45.946116166215141 ], [ -70.904253362589074, 45.951299273612982 ], [ -70.897626781717321, 45.953659601577748 ], [ -70.891383336102194, 45.950836507661101 ], [ -70.891766910622934, 45.945653483464618 ], [ -70.898392737476613, 45.943293469919006 ] ] ] } },
{ "type": "Feature", "properties": { "hex_id": 826087, "centroid_lon": -70.896860406191394, "centroid_lat": 45.964025704422717, "occurrences_today": 2, "datetimes_today": "2026-03-21 15:16:51, 2026-03-21 15:46:47", "cumulative_total": 2 }, "geometry": { "type": "Polygon", "coordinates": [ [ [ -70.897243646442945, 45.958842656602386 ], [ -70.903488285862778, 45.961665466821785 ], [ -70.903105590268609, 45.966848552631006 ], [ -70.89647706092714, 45.969208745037839 ], [ -70.890231981880405, 45.966385536982891 ], [ -70.890615871766499, 45.961202534421105 ], [ -70.897243646442945, 45.958842656602386 ] ] ] } },
{ "type": "Feature", "properties": { "hex_id": 826088, "centroid_lon": -70.895710055218316, "centroid_lat": 45.979574804649083, "occurrences_today": 2, "datetimes_today": "2026-03-21 15:16:51, 2026-03-21 15:46:47", "cumulative_total": 2 }, "geometry": { "type": "Polygon", "coordinates": [ [ [ -70.896093610614642, 45.974391778446929 ], [ -70.902339884440792, 45.977214702654742 ], [ -70.901956874136118, 45.982397766867521 ], [ -70.895326394702593, 45.984757823643427 ], [ -70.889079680921995, 45.98193450138487 ], [ -70.889463886493772, 45.976751520465648 ], [ -70.896093610614642, 45.974391778446929 ] ] ] } },
{ "type": "Feature", "properties": { "hex_id": 826089, "centroid_lon": -70.894558758170533, "centroid_lat": 45.995123840005213, "occurrences_today": 2, "datetimes_today": "2026-03-21 15:16:51, 2026-03-21 15:46:47", "cumulative_total": 2 }, "geometry": { "type": "Polygon", "coordinates": [ [ [ -70.894942629031874, 45.989940835429103 ], [ -70.901190538567576, 45.992763873690564 ], [ -70.900807213232582, 45.997946916299071 ], [ -70.894174782082942, 46.000306837370921 ], [ -70.88792643226499, 45.997483400843393 ], [ -70.888310953843259, 45.992300441574621 ], [ -70.894942629031874, 45.989940835429103 ] ] ] } },
{ "type": "Feature", "properties": { "hex_id": 826090, "centroid_lon": -70.893406514086408, "centroid_lat": 46.010672810467533, "occurrences_today": 2, "datetimes_today": "2026-03-21 15:16:51, 2026-03-21 15:46:47", "cumulative_total": 2 }, "geometry": { "type": "Polygon", "coordinates": [ [ [ -70.893790700733462, 46.005489827525302 ], [ -70.900040247283187, 46.008312979905732 ], [ -70.899656606597588, 46.013496000902137 ], [ -70.893022222106111, 46.01585578619671 ], [ -70.886772234946022, 46.013032235334791 ], [ -70.887157072852091, 46.007849297724341 ], [ -70.893790700733462, 46.005489827525302 ] ] ] } },
{ "type": "Feature", "properties": { "hex_id": 826696, "centroid_lon": -70.892150380093014, "centroid_lat": 45.940470452058321, "occurrences_today": 2, "datetimes_today": "2026-03-21 15:16:51, 2026-03-21 15:46:47", "cumulative_total": 2 }, "geometry": { "type": "Polygon", "coordinates": [ [ [ -70.892533744547947, 45.935287413443099 ], [ -70.898775558032497, 45.938110393286649 ], [ -70.898392737476613, 45.943293469919006 ], [ -70.891766910622934, 45.945653483464618 ], [ -70.885524658272246, 45.942830106060711 ], [ -70.885908671605861, 45.937647112735931 ], [ -70.892533744547947, 45.935287413443099 ] ] ] } },
{ "type": "Feature", "properties": { "hex_id": 826697, "centroid_lon": -70.890999656495225, "centroid_lat": 45.956019524646877, "occurrences_today": 2, "datetimes_today": "2026-03-21 15:16:51, 2026-03-21 15:46:47", "cumulative_total": 2 }, "geometry": { "type": "Polygon", "coordinates": [ [ [ -70.891383336102194, 45.950836507661101 ], [ -70.897626781717321, 45.953659601577748 ], [ -70.897243646442945, 45.958842656602386 ], [ -70.890615871766499, 45.961202534421105 ], [ -70.884371986958328, 45.958379042729092 ], [ -70.884756315984077, 45.953196071058166 ], [ -70.891383336102194, 45.950836507661101 ] ] ] } },
{ "type": "Feature", "properties": { "hex_id": 826698, "centroid_lon": -70.889847986801357, "centroid_lat": 45.971568532331354, "occurrences_today": 2, "datetimes_today": "2026-03-21 15:16:51, 2026-03-21 15:46:47", "cumulative_total": 2 }, "geometry": { "type": "Polygon", "coordinates": [ [ [ -70.890231981880405, 45.966385536982891 ], [ -70.89647706092714, 45.969208745037839 ], [ -70.896093610614642, 45.974391778446929 ], [ -70.889463886493772, 45.976751520465648 ], [ -70.883218367926872, 45.973927914420187 ], [ -70.883603012965381, 45.96874496441098 ], [ -70.890231981880405, 45.966385536982891 ] ] ] } },
{ "type": "Feature", "properties": { "hex_id": 826699, "centroid_lon": -70.888695370050371, "centroid_lat": 45.987117475088148, "occurrences_today": 2, "datetimes_today": "2026-03-21 15:16:51, 2026-03-21 15:46:47", "cumulative_total": 2 }, "geometry": { "type": "Polygon", "coordinates": [ [ [ -70.889079680921995, 45.98193450138487 ], [ -70.895326394702593, 45.984757823643427 ], [ -70.894942629031874, 45.989940835429103 ], [ -70.888310953843259, 45.992300441574621 ], [ -70.882063800215093, 45.9894767211103 ], [ -70.882448761587426, 45.984293792770721 ], [ -70.889079680921995, 45.98193450138487 ] ] ] } },
{ "type": "Feature", "properties": { "hex_id": 826700, "centroid_lon": -70.887541805279824, "centroid_lat": 46.002666352893584, "occurrences_today": 2, "datetimes_today": "2026-03-21 15:16:51, 2026-03-21 15:46:47", "cumulative_total": 2 }, "geometry": { "type": "Polygon", "coordinates": [ [ [ -70.88792643226499, 45.997483400843393 ], [ -70.894174782082942, 46.000306837370921 ], [ -70.893790700733462, 46.005489827525302 ], [ -70.887157072852091, 46.007849297724341 ], [ -70.880908282858883, 46.00502546277567 ], [ -70.881293560886576, 45.999842556113663 ], [ -70.88792643226499, 45.997483400843393 ] ] ] } },
{ "type": "Feature", "properties": { "hex_id": 826701, "centroid_lon": -70.886387291525907, "centroid_lat": 46.018215165724023, "occurrences_today": 2, "datetimes_today": "2026-03-21 15:16:51, 2026-03-21 15:46:47", "cumulative_total": 2 }, "geometry": { "type": "Polygon", "coordinates": [ [ [ -70.886772234946022, 46.013032235334791 ], [ -70.893022222106111, 46.01585578619671 ], [ -70.892637824756846, 46.021038754711974 ], [ -70.886002242555975, 46.023398088891192 ], [ -70.879751814892757, 46.0205741393926 ], [ -70.88013740989777, 46.015391254416038 ], [ -70.886772234946022, 46.013032235334791 ] ] ] } },
{ "type": "Feature", "properties": { "hex_id": 827306, "centroid_lon": -70.886292579779919, "centroid_lat": 45.932464112195007, "occurrences_today": 2, "datetimes_today": "2026-03-21 15:16:51, 2026-03-21 15:46:47", "cumulative_total": 2 }, "geometry": { "type": "Polygon", "coordinates": [ [ [ -70.88667638282999, 45.927281104438727 ], [ -70.892917004023246, 45.930104367619798 ], [ -70.892533744547947, 45.935287413443099 ], [ -70.885908671605861, 45.937647112735931 ], [ -70.879667611979585, 45.934823452054673 ], [ -70.880052063692872, 45.929640489645116 ], [ -70.88667638282999, 45.927281104438727 ] ] ] } },
{ "type": "Feature", "properties": { "hex_id": 827307, "centroid_lon": -70.885140539743531, "centroid_lat": 45.948013092168409, "occurrences_today": 2, "datetimes_today": "2026-03-21 15:16:51, 2026-03-21 15:46:47", "cumulative_total": 2 }, "geometry": { "type": "Polygon", "coordinates": [ [ [ -70.885524658272246, 45.942830106060711 ], [ -70.891766910622934, 45.945653483464618 ], [ -70.891383336102194, 45.950836507661101 ], [ -70.884756315984077, 45.953196071058166 ], [ -70.878513624873932, 45.950372295939104 ], [ -70.878898392605734, 45.945189355202537 ], [ -70.885524658272246, 45.942830106060711 ] ] ] } },
{ "type": "Feature", "properties": { "hex_id": 827308, "centroid_lon": -70.883987552630643, "centroid_lat": 45.963562007180336, "occurrences_today": 2, "datetimes_today": "2026-03-21 15:16:51, 2026-03-21 15:46:47", "cumulative_total": 2 }, "geometry": { "type": "Polygon", "coordinates": [ [ [ -70.884371986958328, 45.958379042729092 ], [ -70.890615871766499, 45.961202534421105 ], [ -70.890231981880405, 45.966385536982891 ], [ -70.883603012965381, 45.96874496441098 ], [ -70.877358689071016, 45.96592107478876 ], [ -70.877743773142242, 45.960738155733083 ], [ -70.884371986958328, 45.958379042729092 ] ] ] } },
{ "type": "Feature", "properties": { "hex_id": 827916, "centroid_lon": -70.880436410137861, "centroid_lat": 45.924457520013, "occurrences_today": 2, "datetimes_today": "2026-03-21 15:16:51, 2026-03-21 15:46:47", "cumulative_total": 2 }, "geometry": { "type": "Polygon", "coordinates": [ [ [ -70.880820651350149, 45.919274543159197 ], [ -70.887060080791599, 45.922098089468008 ], [ -70.88667638282999, 45.927281104438727 ], [ -70.880052063692872, 45.929640489645116 ], [ -70.873812196251222, 45.926816545896308 ], [ -70.87419708591132, 45.92163361444544 ], [ -70.880820651350149, 45.919274543159197 ] ] ] } },
{ "type": "Feature", "properties": { "hex_id": 827917, "centroid_lon": -70.879283054962414, "centroid_lat": 45.940006407240766, "occurrences_today": 2, "datetimes_today": "2026-03-21 15:16:51, 2026-03-21 15:46:47", "cumulative_total": 2 }, "geometry": { "type": "Polygon", "coordinates": [ [ [ -70.879667611979585, 45.934823452054673 ], [ -70.885908671605861, 45.937647112735931 ], [ -70.885524658272246, 45.942830106060711 ], [ -70.878898392605734, 45.945189355202537 ], [ -70.872656894653232, 45.942365296866356 ], [ -70.873042100657841, 45.93718238710764 ], [ -70.879667611979585, 45.934823452054673 ] ] ] } },
{ "type": "Feature", "properties": { "hex_id": 827918, "centroid_lon": -70.878128751731325, "centroid_lat": 45.95555522944958, "occurrences_today": 2, "datetimes_today": "2026-03-21 15:16:51, 2026-03-21 15:46:47", "cumulative_total": 2 }, "geometry": { "type": "Polygon", "coordinates": [ [ [ -70.878513624873932, 45.950372295939104 ], [ -70.884756315984077, 45.953196071058166 ], [ -70.884371986958328, 45.958379042729092 ], [ -70.877743773142242, 45.960738155733083 ], [ -70.871500643379534, 45.957913982744081 ], [ -70.871886166049791, 45.952731094685461 ], [ -70.878513624873932, 45.950372295939104 ] ] ] } },
{ "type": "Feature", "properties": { "hex_id": 828527, "centroid_lon": -70.873427201178615, "centroid_lat": 45.931999470117347, "occurrences_today": 2, "datetimes_today": "2026-03-21 15:16:51, 2026-03-21 15:46:47", "cumulative_total": 2 }, "geometry": { "type": "Polygon", "coordinates": [ [ [ -70.873812196251222, 45.926816545896308 ], [ -70.880052063692872, 45.929640489645116 ], [ -70.879667611979585, 45.934823452054673 ], [ -70.873042100657841, 45.93718238710764 ], [ -70.866801795322871, 45.934358045764149 ], [ -70.86718743916731, 45.929175167026735 ], [ -70.873812196251222, 45.926816545896308 ] ] ] } },
{ "type": "Feature", "properties": { "hex_id": 828528, "centroid_lon": -70.872271583129105, "centroid_lat": 45.947548199392585, "occurrences_today": 2, "datetimes_today": "2026-03-21 15:16:51, 2026-03-21 15:46:47", "cumulative_total": 2 }, "geometry": { "type": "Polygon", "coordinates": [ [ [ -70.872656894653232, 45.942365296866356 ], [ -70.878898392605734, 45.945189355202537 ], [ -70.878513624873932, 45.950372295939104 ], [ -70.871886166049791, 45.952731094685461 ], [ -70.865644229878015, 45.949906638539602 ], [ -70.866030190713957, 45.944723781521482 ], [ -70.872656894653232, 45.942365296866356 ] ] ] } },
{ "type": "Feature", "properties": { "hex_id": 828529, "centroid_lon": -70.871115015082609, "centroid_lat": 45.963096863567571, "occurrences_today": 2, "datetimes_today": "2026-03-21 15:16:51, 2026-03-21 15:46:47", "cumulative_total": 2 }, "geometry": { "type": "Polygon", "coordinates": [ [ [ -70.871500643379534, 45.957913982744081 ], [ -70.877743773142242, 45.960738155733083 ], [ -70.877358689071016, 45.96592107478876 ], [ -70.870729281123303, 45.968279737155036 ], [ -70.864485712815181, 45.965455166141247 ], [ -70.864871990964417, 45.96027233085038 ], [ -70.871500643379534, 45.957913982744081 ] ] ] } },
{ "type": "Feature", "properties": { "hex_id": 829137, "centroid_lon": -70.867572977419385, "centroid_lat": 45.923992281051319, "occurrences_today": 2, "datetimes_today": "2026-03-21 15:16:51, 2026-03-21 15:46:47", "cumulative_total": 2 }, "geometry": { "type": "Polygon", "coordinates": [ [ [ -70.867958410114781, 45.918809387838799 ], [ -70.87419708591132, 45.92163361444544 ], [ -70.873812196251222, 45.926816545896308 ], [ -70.86718743916731, 45.929175167026735 ], [ -70.860948325910016, 45.9263505428857 ], [ -70.861334407161692, 45.921167695212965 ], [ -70.867958410114781, 45.918809387838799 ] ] ] } },
{ "type": "Feature", "properties": { "hex_id": 829138, "centroid_lon": -70.866416045850315, "centroid_lat": 45.939540917262697, "occurrences_today": 2, "datetimes_today": "2026-03-21 15:16:51, 2026-03-21 15:46:47", "cumulative_total": 2 }, "geometry": { "type": "Polygon", "coordinates": [ [ [ -70.866801795322871, 45.934358045764149 ], [ -70.873042100657841, 45.93718238710764 ], [ -70.872656894653232, 45.942365296866356 ], [ -70.866030190713957, 45.944723781521482 ], [ -70.859789447592732, 45.941899042428631 ], [ -70.860175846161297, 45.936716216494403 ], [ -70.866801795322871, 45.934358045764149 ] ] ] } },
{ "type": "Feature", "properties": { "hex_id": 829139, "centroid_lon": -70.865258163306777, "centroid_lat": 45.955089488316197, "occurrences_today": 2, "datetimes_today": "2026-03-21 15:16:51, 2026-03-21 15:46:47", "cumulative_total": 2 }, "geometry": { "type": "Polygon", "coordinates": [ [ [ -70.865644229878015, 45.949906638539602 ], [ -70.871886166049791, 45.952731094685461 ], [ -70.871500643379534, 45.957913982744081 ], [ -70.864871990964417, 45.96027233085038 ], [ -70.858629616680673, 45.957447476740093 ], [ -70.859016332888217, 45.952264672552367 ], [ -70.865644229878015, 45.949906638539602 ] ] ] } },
{ "type": "Feature", "properties": { "hex_id": 829140, "centroid_lon": -70.864099328823229, "centroid_lat": 45.970637994187911, "occurrences_today": 2, "datetimes_today": "2026-03-21 15:16:51, 2026-03-21 15:46:47", "cumulative_total": 2 }, "geometry": { "type": "Polygon", "coordinates": [ [ [ -70.864485712815181, 45.965455166141247 ], [ -70.870729281123303, 45.968279737155036 ], [ -70.870343441465806, 45.973462603505617 ], [ -70.863712838952736, 45.975820814989511 ], [ -70.857468832206607, 45.972995845796078 ], [ -70.857855866375729, 45.967813063362847 ], [ -70.864485712815181, 45.965455166141247 ] ] ] } },
{ "type": "Feature", "properties": { "hex_id": 829144, "centroid_lon": -70.859454452129853, "centroid_lat": 46.032831365378001, "occurrences_today": 2, "datetimes_today": "2026-03-21 15:16:51, 2026-03-21 15:46:47", "cumulative_total": 2 }, "geometry": { "type": "Polygon", "coordinates": [ [ [ -70.859842109033821, 46.02764862433088 ], [ -70.866092218908008, 46.030473655473813 ], [ -70.865705108076497, 46.03565643491261 ], [ -70.859066688916059, 46.038014099169395 ], [ -70.852816139297232, 46.035188668984709 ], [ -70.853204448547444, 46.030005973649573 ], [ -70.859842109033821, 46.02764862433088 ] ] ] } },
{ "type": "Feature", "properties": { "hex_id": 829145, "centroid_lon": -70.858290843414835, "centroid_lat": 46.04837954498138, "occurrences_today": 2, "datetimes_today": "2026-03-21 15:16:51, 2026-03-21 15:46:47", "cumulative_total": 2 }, "geometry": { "type": "Polygon", "coordinates": [ [ [ -70.858678819356413, 46.04319682570415 ], [ -70.864930567883462, 46.046021972044088 ], [ -70.864543138449889, 46.051204729734984 ], [ -70.857902761055229, 46.053562257000216 ], [ -70.851650572456236, 46.050736711402685 ], [ -70.852039201287752, 46.045554037862154 ], [ -70.858678819356413, 46.04319682570415 ] ] ] } },
{ "type": "Feature", "properties": { "hex_id": 829747, "centroid_lon": -70.861720382712576, "centroid_lat": 45.915984840295849, "occurrences_today": 2, "datetimes_today": "2026-03-21 15:16:51, 2026-03-21 15:46:47", "cumulative_total": 2 }, "geometry": { "type": "Polygon", "coordinates": [ [ [ -70.86210625259838, 45.910801978135225 ], [ -70.868343737289152, 45.913626487390047 ], [ -70.867958410114781, 45.918809387838799 ], [ -70.861334407161692, 45.921167695212965 ], [ -70.855096485442417, 45.918342788484011 ], [ -70.855483003669036, 45.913159971919335 ], [ -70.86210625259838, 45.910801978135225 ] ] ] } },
{ "type": "Feature", "properties": { "hex_id": 829748, "centroid_lon": -70.860562138921793, "centroid_lat": 45.931533383313145, "occurrences_today": 2, "datetimes_today": "2026-03-21 15:16:51, 2026-03-21 15:46:47", "cumulative_total": 2 }, "geometry": { "type": "Polygon", "coordinates": [ [ [ -70.860948325910016, 45.9263505428857 ], [ -70.86718743916731, 45.929175167026735 ], [ -70.866801795322871, 45.934358045764149 ], [ -70.860175846161297, 45.936716216494403 ], [ -70.853936295550398, 45.933891194664334 ], [ -70.854323131418909, 45.928708399857378 ], [ -70.860948325910016, 45.9263505428857 ] ] ] } },
{ "type": "Feature", "properties": { "hex_id": 829749, "centroid_lon": -70.859402943180314, "centroid_lat": 45.947081861114917, "occurrences_today": 2, "datetimes_today": "2026-03-21 15:16:51, 2026-03-21 15:46:47", "cumulative_total": 2 }, "geometry": { "type": "Polygon", "coordinates": [ [ [ -70.859789447592732, 45.941899042428631 ], [ -70.866030190713957, 45.944723781521482 ], [ -70.865644229878015, 45.949906638539602 ], [ -70.859016332888217, 45.952264672552367 ], [ -70.852775152088071, 45.94943953555547 ], [ -70.853162305920833, 45.944256762514257 ], [ -70.859789447592732, 45.941899042428631 ] ] ] } },
{ "type": "Feature", "properties": { "hex_id": 829750, "centroid_lon": -70.858242794521786, "centroid_lat": 45.96263027367722, "occurrences_today": 2, "datetimes_today": "2026-03-21 15:16:51, 2026-03-21 15:46:47", "cumulative_total": 2 }, "geometry": { "type": "Polygon", "coordinates": [ [ [ -70.858629616680673, 45.957447476740093 ], [ -70.864871990964417, 45.96027233085038 ], [ -70.864485712815181, 45.965455166141247 ], [ -70.857855866375729, 45.967813063362847 ], [ -70.851613054087437, 45.964987811133355 ], [ -70.852000526207277, 45.959805059865907 ], [ -70.858629616680673, 45.957447476740093 ] ] ] } },
{ "type": "Feature", "properties": { "hex_id": 829751, "centroid_lon": -70.857081691978536, "centroid_lat": 45.978178620976053, "occurrences_today": 2, "datetimes_today": "2026-03-21 15:16:51, 2026-03-21 15:46:47", "cumulative_total": 2 }, "geometry": { "type": "Polygon", "coordinates": [ [ [ -70.857468832206607, 45.972995845796078 ], [ -70.863712838952736, 45.975820814989511 ], [ -70.863326243167862, 45.981003628545139 ], [ -70.85669444565562, 45.983361388901841 ], [ -70.850450000579102, 45.980536021373901 ], [ -70.850837791309303, 45.975353291888247 ], [ -70.857468832206607, 45.972995845796078 ] ] ] } },
{ "type": "Feature", "properties": { "hex_id": 829752, "centroid_lon": -70.855919634581497, "centroid_lat": 45.993726902987376, "occurrences_today": 2, "datetimes_today": "2026-03-21 15:16:51, 2026-03-21 15:46:47", "cumulative_total": 2 }, "geometry": { "type": "Polygon", "coordinates": [ [ [ -70.85630709320192, 45.98854414957259 ], [ -70.86255273371151, 45.991369233914966 ], [ -70.862165819968254, 45.996552025727382 ], [ -70.855532069758382, 45.99890964914534 ], [ -70.849285990592293, 45.996084166253041 ], [ -70.849674100256607, 45.990901458557204 ], [ -70.85630709320192, 45.98854414957259 ] ] ] } },
{ "type": "Feature", "properties": { "hex_id": 829753, "centroid_lon": -70.854756621360195, "centroid_lat": 46.009275119687167, "occurrences_today": 2, "datetimes_today": "2026-03-21 15:16:51, 2026-03-21 15:46:47", "cumulative_total": 2 }, "geometry": { "type": "Polygon", "coordinates": [ [ [ -70.855144398696623, 46.004092388045549 ], [ -70.861391674271985, 46.006917587602743 ], [ -70.861004442247108, 46.01210035766394 ], [ -70.854368737713102, 46.01445784406927 ], [ -70.84812102315486, 46.011632245746604 ], [ -70.848509452077479, 46.006449559848633 ], [ -70.855144398696623, 46.004092388045549 ] ] ] } },
{ "type": "Feature", "properties": { "hex_id": 829754, "centroid_lon": -70.853592651342794, "centroid_lat": 46.024823271051361, "occurrences_today": 2, "datetimes_today": "2026-03-21 15:16:51, 2026-03-21 15:46:47", "cumulative_total": 2 }, "geometry": { "type": "Polygon", "coordinates": [ [ [ -70.853980747719319, 46.019640561190961 ], [ -70.860229659664014, 46.022465876028889 ], [ -70.859842109033821, 46.02764862433088 ], [ -70.853204448547444, 46.030005973649573 ], [ -70.846955097293261, 46.027180259830494 ], [ -70.847343845798861, 46.021997595738434 ], [ -70.853980747719319, 46.019640561190961 ] ] ] } },
{ "type": "Feature", "properties": { "hex_id": 829755, "centroid_lon": -70.852427723556033, "centroid_lat": 46.040371357055861, "occurrences_today": 2, "datetimes_today": "2026-03-21 15:16:51, 2026-03-21 15:46:47", "cumulative_total": 2 }, "geometry": { "type": "Polygon", "coordinates": [ [ [ -70.852816139297232, 46.035188668984709 ], [ -70.859066688916059, 46.038014099169395 ], [ -70.858678819356413, 46.04319682570415 ], [ -70.852039201287752, 46.045554037862154 ], [ -70.845788212032531, 46.042728208480497 ], [ -70.846177280446256, 46.037545566202418 ], [ -70.852816139297232, 46.035188668984709 ] ] ] } },
{ "type": "Feature", "properties": { "hex_id": 829756, "centroid_lon": -70.851261837025334, "centroid_lat": 46.055919377676553, "occurrences_today": 2, "datetimes_today": "2026-03-21 15:16:51, 2026-03-21 15:46:47", "cumulative_total": 2 }, "geometry": { "type": "Polygon", "coordinates": [ [ [ -70.851650572456236, 46.050736711402685 ], [ -70.857902761055229, 46.053562257000216 ], [ -70.857514572241499, 46.058744961759743 ], [ -70.850872994958905, 46.06110203668289 ], [ -70.84462036639637, 46.058276091672468 ], [ -70.845009755043804, 46.053093471216414 ], [ -70.851650572456236, 46.050736711402685 ] ] ] } },
{ "type": "Feature", "properties": { "hex_id": 830358, "centroid_lon": -70.854709861370978, "centroid_lat": 45.923525597796974, "occurrences_today": 2, "datetimes_today": "2026-03-21 15:16:51, 2026-03-21 15:46:47", "cumulative_total": 2 }, "geometry": { "type": "Polygon", "coordinates": [ [ [ -70.855096485442417, 45.918342788484011 ], [ -70.861334407161692, 45.921167695212965 ], [ -70.860948325910016, 45.9263505428857 ], [ -70.854323131418909, 45.928708399857378 ], [ -70.848084772778378, 45.925883095499756 ], [ -70.848472045514427, 45.920700331863429 ], [ -70.855096485442417, 45.918342788484011 ] ] ] } },
{ "type": "Feature", "properties": { "hex_id": 830359, "centroid_lon": -70.853549353729662, "centroid_lat": 45.939073982216918, "occurrences_today": 2, "datetimes_today": "2026-03-21 15:16:51, 2026-03-21 15:46:47", "cumulative_total": 2 }, "geometry": { "type": "Polygon", "coordinates": [ [ [ -70.853936295550398, 45.933891194664334 ], [ -70.860175846161297, 45.936716216494403 ], [ -70.859789447592732, 45.941899042428631 ], [ -70.853162305920833, 45.944256762514257 ], [ -70.846922318063761, 45.941431342840517 ], [ -70.847309909088921, 45.936248600989188 ], [ -70.853936295550398, 45.933891194664334 ] ] ] } },
{ "type": "Feature", "properties": { "hex_id": 830360, "centroid_lon": -70.852387892195523, "centroid_lat": 45.954622301339633, "occurrences_today": 2, "datetimes_today": "2026-03-21 15:16:51, 2026-03-21 15:46:47", "cumulative_total": 2 }, "geometry": { "type": "Polygon", "coordinates": [ [ [ -70.852775152088071, 45.94943953555547 ], [ -70.859016332888217, 45.952264672552367 ], [ -70.858629616680673, 45.957447476740093 ], [ -70.852000526207277, 45.959805059865907 ], [ -70.845758907835759, 45.956979524810222 ], [ -70.846146817473112, 45.951796804751929 ], [ -70.852775152088071, 45.94943953555547 ] ] ] } },
{ "type": "Feature", "properties": { "hex_id": 830361, "centroid_lon": -70.851225475800092, "centroid_lat": 45.970170555141095, "occurrences_today": 2, "datetimes_today": "2026-03-21 15:16:51, 2026-03-21 15:46:47", "cumulative_total": 2 }, "geometry": { "type": "Polygon", "coordinates": [ [ [ -70.851613054087437, 45.964987811133355 ], [ -70.857855866375729, 45.967813063362847 ], [ -70.857468832206607, 45.972995845796078 ], [ -70.850837791309303, 45.975353291888247 ], [ -70.844594541124223, 45.97252764138473 ], [ -70.844982769697282, 45.967344943127507 ], [ -70.851613054087437, 45.964987811133355 ] ] ] } },
{ "type": "Feature", "properties": { "hex_id": 830362, "centroid_lon": -70.850062103573535, "centroid_lat": 45.985718743597189, "occurrences_today": 2, "datetimes_today": "2026-03-21 15:16:51, 2026-03-21 15:46:47", "cumulative_total": 2 }, "geometry": { "type": "Polygon", "coordinates": [ [ [ -70.850450000579102, 45.980536021373901 ], [ -70.85669444565562, 45.983361388901841 ], [ -70.85630709320192, 45.98854414957259 ], [ -70.849674100256607, 45.990901458557204 ], [ -70.843429216957588, 45.988075692539873 ], [ -70.843817764790387, 45.982893016091808 ], [ -70.850450000579102, 45.980536021373901 ] ] ] } },
{ "type": "Feature", "properties": { "hex_id": 830363, "centroid_lon": -70.848897774544611, "centroid_lat": 46.0012668666838, "occurrences_today": 2, "datetimes_today": "2026-03-21 15:16:51, 2026-03-21 15:46:47", "cumulative_total": 2 }, "geometry": { "type": "Polygon", "coordinates": [ [ [ -70.849285990592293, 45.996084166253041 ], [ -70.855532069758382, 45.99890964914534 ], [ -70.855144398696623, 46.004092388045549 ], [ -70.848509452077479, 46.006449559848633 ], [ -70.842262934362935, 46.003623678251444 ], [ -70.842651801779937, 45.9984410236206 ], [ -70.849285990592293, 45.996084166253041 ] ] ] } },
{ "type": "Feature", "properties": { "hex_id": 830364, "centroid_lon": -70.847732487740686, "centroid_lat": 46.016814924376845, "occurrences_today": 2, "datetimes_today": "2026-03-21 15:16:51, 2026-03-21 15:46:47", "cumulative_total": 2 }, "geometry": { "type": "Polygon", "coordinates": [ [ [ -70.84812102315486, 46.011632245746604 ], [ -70.854368737713102, 46.01445784406927 ], [ -70.853980747719319, 46.019640561190961 ], [ -70.847343845798861, 46.021997595738434 ], [ -70.84109569236594, 46.019171598495255 ], [ -70.841484879692061, 46.013988965689684 ], [ -70.84812102315486, 46.011632245746604 ] ] ] } },
{ "type": "Feature", "properties": { "hex_id": 830365, "centroid_lon": -70.846566242187762, "centroid_lat": 46.032362916652126, "occurrences_today": 2, "datetimes_today": "2026-03-21 15:16:51, 2026-03-21 15:46:47", "cumulative_total": 2 }, "geometry": { "type": "Polygon", "coordinates": [ [ [ -70.846955097293261, 46.027180259830494 ], [ -70.853204448547444, 46.030005973649573 ], [ -70.852816139297232, 46.035188668984709 ], [ -70.846177280446256, 46.037545566202418 ], [ -70.839927489990899, 46.034719453247078 ], [ -70.84031699755154, 46.029536842274844 ], [ -70.846955097293261, 46.027180259830494 ] ] ] } },
{ "type": "Feature", "properties": { "hex_id": 830366, "centroid_lon": -70.84539903691045, "centroid_lat": 46.047910843485468, "occurrences_today": 2, "datetimes_today": "2026-03-21 15:16:51, 2026-03-21 15:46:47", "cumulative_total": 2 }, "geometry": { "type": "Polygon", "coordinates": [ [ [ -70.845788212032531, 46.042728208480497 ], [ -70.852039201287752, 46.045554037862154 ], [ -70.851650572456236, 46.050736711402685 ], [ -70.845009755043804, 46.053093471216414 ], [ -70.838758326260688, 46.050267242482597 ], [ -70.839148154381689, 46.045084653351836 ], [ -70.845788212032531, 46.042728208480497 ] ] ] } },
{ "type": "Feature", "properties": { "hex_id": 830968, "centroid_lon": -70.848859212225832, "centroid_lat": 45.915517560967224, "occurrences_today": 2, "datetimes_today": "2026-03-21 15:16:51, 2026-03-21 15:46:47", "cumulative_total": 2 }, "geometry": { "type": "Polygon", "coordinates": [ [ [ -70.849246272948406, 45.91033478281205 ], [ -70.855483003669036, 45.913159971919335 ], [ -70.855096485442417, 45.918342788484011 ], [ -70.848472045514427, 45.920700331863429 ], [ -70.842234878304581, 45.917874745187795 ], [ -70.842622587476114, 45.912692012765397 ], [ -70.849246272948406, 45.91033478281205 ] ] ] } },
{ "type": "Feature", "properties": { "hex_id": 830970, "centroid_lon": -70.846534620870457, "centroid_lat": 45.946614077428386, "occurrences_today": 2, "datetimes_today": "2026-03-21 15:16:51, 2026-03-21 15:46:47", "cumulative_total": 2 }, "geometry": { "type": "Polygon", "coordinates": [ [ [ -70.846922318063761, 45.941431342840517 ], [ -70.853162305920833, 45.944256762514257 ], [ -70.852775152088071, 45.94943953555547 ], [ -70.846146817473112, 45.951796804751929 ], [ -70.839906392477516, 45.948970987079846 ], [ -70.840294739199493, 45.943788298274029 ], [ -70.846922318063761, 45.941431342840517 ] ] ] } },
{ "type": "Feature", "properties": { "hex_id": 830971, "centroid_lon": -70.845370891922471, "centroid_lat": 45.962162237602399, "occurrences_today": 2, "datetimes_today": "2026-03-21 15:16:51, 2026-03-21 15:46:47", "cumulative_total": 2 }, "geometry": { "type": "Polygon", "coordinates": [ [ [ -70.845758907835759, 45.956979524810222 ], [ -70.852000526207277, 45.959805059865907 ], [ -70.851613054087437, 45.964987811133355 ], [ -70.844982769697282, 45.967344943127507 ], [ -70.838740713862222, 45.964519009858321 ], [ -70.839129379844877, 45.959336342872895 ], [ -70.845758907835759, 45.956979524810222 ] ] ] } },
{ "type": "Feature", "properties": { "hex_id": 830972, "centroid_lon": -70.844206206167257, "centroid_lat": 45.977710332373121, "occurrences_today": 2, "datetimes_today": "2026-03-21 15:16:51, 2026-03-21 15:46:47", "cumulative_total": 2 }, "geometry": { "type": "Polygon", "coordinates": [ [ [ -70.844594541124223, 45.97252764138473 ], [ -70.850837791309303, 45.975353291888247 ], [ -70.850450000579102, 45.980536021373901 ], [ -70.843817764790387, 45.982893016091808 ], [ -70.837574076816466, 45.980066967159445 ], [ -70.837963062384063, 45.974884322002481 ], [ -70.844594541124223, 45.97252764138473 ] ] ] } },
{ "type": "Feature", "properties": { "hex_id": 830973, "centroid_lon": -70.843040562632794, "centroid_lat": 45.993258361716435, "occurrences_today": 2, "datetimes_today": "2026-03-21 15:16:51, 2026-03-21 15:46:47", "cumulative_total": 2 }, "geometry": { "type": "Polygon", "coordinates": [ [ [ -70.843429216957588, 45.988075692539873 ], [ -70.849674100256607, 45.990901458557204 ], [ -70.849285990592293, 45.996084166253041 ], [ -70.842651801779937, 45.9984410236206 ], [ -70.83640648036652, 45.995614858958959 ], [ -70.83679578584379, 45.990432235638579 ], [ -70.843429216957588, 45.988075692539873 ] ] ] } },
{ "type": "Feature", "properties": { "hex_id": 830974, "centroid_lon": -70.84187396034568, "centroid_lat": 46.008806325608106, "occurrences_today": 2, "datetimes_today": "2026-03-21 15:16:51, 2026-03-21 15:46:47", "cumulative_total": 2 }, "geometry": { "type": "Polygon", "coordinates": [ [ [ -70.842262934362935, 46.003623678251444 ], [ -70.848509452077479, 46.006449559848633 ], [ -70.84812102315486, 46.011632245746604 ], [ -70.841484879692061, 46.013988965689684 ], [ -70.835237923537306, 46.011162685232605 ], [ -70.835627549249438, 46.005980083756874 ], [ -70.842262934362935, 46.003623678251444 ] ] ] } },
{ "type": "Feature", "properties": { "hex_id": 830975, "centroid_lon": -70.84070639833115, "centroid_lat": 46.024354224023952, "occurrences_today": 2, "datetimes_today": "2026-03-21 15:16:51, 2026-03-21 15:46:47", "cumulative_total": 2 }, "geometry": { "type": "Polygon", "coordinates": [ [ [ -70.84109569236594, 46.019171598495255 ], [ -70.847343845798861, 46.021997595738434 ], [ -70.846955097293261, 46.027180259830494 ], [ -70.84031699755154, 46.029536842274844 ], [ -70.834068405352355, 46.02671044595607 ], [ -70.834458351624974, 46.021527866333102 ], [ -70.84109569236594, 46.019171598495255 ] ] ] } },
{ "type": "Feature", "properties": { "hex_id": 830976, "centroid_lon": -70.839537875613019, "centroid_lat": 46.039902056939695, "occurrences_today": 2, "datetimes_today": "2026-03-21 15:16:51, 2026-03-21 15:46:47", "cumulative_total": 2 }, "geometry": { "type": "Polygon", "coordinates": [ [ [ -70.839927489990899, 46.034719453247078 ], [ -70.846177280446256, 46.037545566202418 ], [ -70.845788212032531, 46.042728208480497 ], [ -70.839148154381689, 46.045084653351836 ], [ -70.832897924833759, 46.042258141105037 ], [ -70.833288191992992, 46.037075583342947 ], [ -70.839927489990899, 46.034719453247078 ] ] ] } },
{ "type": "Feature", "properties": { "hex_id": 830977, "centroid_lon": -70.83836839121372, "centroid_lat": 46.055449824331092, "occurrences_today": 2, "datetimes_today": "2026-03-21 15:16:51, 2026-03-21 15:46:47", "cumulative_total": 2 }, "geometry": { "type": "Polygon", "coordinates": [ [ [ -70.838758326260688, 46.050267242482597 ], [ -70.845009755043804, 46.053093471216414 ], [ -70.84462036639637, 46.058276091672468 ], [ -70.837978349204519, 46.060632398896395 ], [ -70.831726481002235, 46.057805770655165 ], [ -70.832117069374689, 46.052623234762052 ], [ -70.838758326260688, 46.050267242482597 ] ] ] } },
{ "type": "Feature", "properties": { "hex_id": 831582, "centroid_lon": -70.838351941387288, "centroid_lat": 45.969701669568487, "occurrences_today": 2, "datetimes_today": "2026-03-21 15:16:51, 2026-03-21 15:46:47", "cumulative_total": 2 }, "geometry": { "type": "Polygon", "coordinates": [ [ [ -70.838740713862222, 45.964519009858321 ], [ -70.844982769697282, 45.967344943127507 ], [ -70.844594541124223, 45.97252764138473 ], [ -70.837963062384063, 45.974884322002481 ], [ -70.831720569193479, 45.972057990364995 ], [ -70.832109992062499, 45.966875376542468 ], [ -70.838740713862222, 45.964519009858321 ] ] ] } },
{ "type": "Feature", "properties": { "hex_id": 831583, "centroid_lon": -70.837184984648403, "centroid_lat": 45.985249605038433, "occurrences_today": 2, "datetimes_today": "2026-03-21 15:16:51, 2026-03-21 15:46:47", "cumulative_total": 2 }, "geometry": { "type": "Polygon", "coordinates": [ [ [ -70.837574076816466, 45.980066967159445 ], [ -70.843817764790387, 45.982893016091808 ], [ -70.843429216957588, 45.988075692539873 ], [ -70.83679578584379, 45.990432235638579 ], [ -70.830551660189215, 45.987605788122515 ], [ -70.830941403292968, 45.982423196155928 ], [ -70.837574076816466, 45.980066967159445 ] ] ] } },
{ "type": "Feature", "properties": { "hex_id": 831584, "centroid_lon": -70.836017068180453, "centroid_lat": 46.000797474998684, "occurrences_today": 2, "datetimes_today": "2026-03-21 15:16:51, 2026-03-21 15:46:47", "cumulative_total": 2 }, "geometry": { "type": "Polygon", "coordinates": [ [ [ -70.83640648036652, 45.995614858958959 ], [ -70.842651801779937, 45.9984410236206 ], [ -70.842262934362935, 46.003623678251444 ], [ -70.835627549249438, 46.005980083756874 ], [ -70.829381789829981, 46.003153520296003 ], [ -70.829771853493909, 45.997970950193483 ], [ -70.83640648036652, 45.995614858958959 ] ] ] } },
{ "type": "Feature", "properties": { "hex_id": 831585, "centroid_lon": -70.834848191007893, "centroid_lat": 46.016345279424989, "occurrences_today": 2, "datetimes_today": "2026-03-21 15:16:51, 2026-03-21 15:46:47", "cumulative_total": 2 }, "geometry": { "type": "Polygon", "coordinates": [ [ [ -70.835237923537306, 46.011162685232605 ], [ -70.841484879692061, 46.013988965689684 ], [ -70.84109569236594, 46.019171598495255 ], [ -70.834458351624974, 46.021527866333102 ], [ -70.828210957138538, 46.018701186861144 ], [ -70.828601341688525, 46.013518638630764 ], [ -70.835237923537306, 46.011162685232605 ] ] ] } },
{ "type": "Feature", "properties": { "hex_id": 831586, "centroid_lon": -70.833678352153768, "centroid_lat": 46.031893018292998, "occurrences_today": 2, "datetimes_today": "2026-03-21 15:16:51, 2026-03-21 15:46:47", "cumulative_total": 2 }, "geometry": { "type": "Polygon", "coordinates": [ [ [ -70.834068405352355, 46.02671044595607 ], [ -70.84031699755154, 46.029536842274844 ], [ -70.839927489990899, 46.034719453247078 ], [ -70.833288191992992, 46.037075583342947 ], [ -70.827039161136213, 46.034248787793487 ], [ -70.827429866898655, 46.029066261443411 ], [ -70.834068405352355, 46.02671044595607 ] ] ] } },
{ "type": "Feature", "properties": { "hex_id": 831587, "centroid_lon": -70.832507550639747, "centroid_lat": 46.04744069157838, "occurrences_today": 2, "datetimes_today": "2026-03-21 15:16:51, 2026-03-21 15:46:47", "cumulative_total": 2 }, "geometry": { "type": "Polygon", "coordinates": [ [ [ -70.832897924833759, 46.042258141105037 ], [ -70.839148154381689, 46.045084653351836 ], [ -70.838758326260688, 46.050267242482597 ], [ -70.832117069374689, 46.052623234762052 ], [ -70.825866400842969, 46.049796323068641 ], [ -70.8262574281447, 46.044613818607004 ], [ -70.832897924833759, 46.042258141105037 ] ] ] } },
{ "type": "Feature", "properties": { "hex_id": 832193, "centroid_lon": -70.831331039615677, "centroid_lat": 45.977240596903123, "occurrences_today": 2, "datetimes_today": "2026-03-21 15:16:51, 2026-03-21 15:46:47", "cumulative_total": 2 }, "geometry": { "type": "Polygon", "coordinates": [ [ [ -70.831720569193479, 45.972057990364995 ], [ -70.837963062384063, 45.974884322002481 ], [ -70.837574076816466, 45.980066967159445 ], [ -70.830941403292968, 45.982423196155928 ], [ -70.824698472855147, 45.979596465995364 ], [ -70.825088653151923, 45.974413905425841 ], [ -70.831720569193479, 45.972057990364995 ] ] ] } },
{ "type": "Feature", "properties": { "hex_id": 832194, "centroid_lon": -70.830161810268251, "centroid_lat": 45.992788372802018, "occurrences_today": 2, "datetimes_today": "2026-03-21 15:16:51, 2026-03-21 15:46:47", "cumulative_total": 2 }, "geometry": { "type": "Polygon", "coordinates": [ [ [ -70.830551660189215, 45.987605788122515 ], [ -70.83679578584379, 45.990432235638579 ], [ -70.83640648036652, 45.995614858958959 ], [ -70.829771853493909, 45.997970950193483 ], [ -70.823527290267108, 45.995144103938863 ], [ -70.823917791448949, 45.989961565252784 ], [ -70.830551660189215, 45.987605788122515 ] ] ] } },
{ "type": "Feature", "properties": { "hex_id": 832195, "centroid_lon": -70.82899161924027, "centroid_lat": 46.008336083108752, "occurrences_today": 2, "datetimes_today": "2026-03-21 15:16:51, 2026-03-21 15:46:47", "cumulative_total": 2 }, "geometry": { "type": "Polygon", "coordinates": [ [ [ -70.829381789829981, 46.003153520296003 ], [ -70.835627549249438, 46.005980083756874 ], [ -70.835237923537306, 46.011162685232605 ], [ -70.828601341688525, 46.013518638630764 ], [ -70.822355144371627, 46.010691676215728 ], [ -70.822745966764714, 46.005509159421237 ], [ -70.829381789829981, 46.003153520296003 ] ] ] } },
{ "type": "Feature", "properties": { "hex_id": 832196, "centroid_lon": -70.827820465554012, "centroid_lat": 46.023883727798989, "occurrences_today": 2, "datetimes_today": "2026-03-21 15:16:51, 2026-03-21 15:46:47", "cumulative_total": 2 }, "geometry": { "type": "Polygon", "coordinates": [ [ [ -70.828210957138538, 46.018701186861144 ], [ -70.834458351624974, 46.021527866333102 ], [ -70.834068405352355, 46.02671044595607 ], [ -70.827429866898655, 46.029066261443411 ], [ -70.821182034189277, 46.026239182801525 ], [ -70.821573178120232, 46.021056687906771 ], [ -70.828210957138538, 46.018701186861144 ] ] ] } },
{ "type": "Feature", "properties": { "hex_id": 832197, "centroid_lon": -70.826648348230336, "centroid_lat": 46.039431306848329, "occurrences_today": 2, "datetimes_today": "2026-03-21 15:16:51, 2026-03-21 15:46:47", "cumulative_total": 2 }, "geometry": { "type": "Polygon", "coordinates": [ [ [ -70.827039161136213, 46.034248787793487 ], [ -70.833288191992992, 46.037075583342947 ], [ -70.832897924833759, 46.042258141105037 ], [ -70.8262574281447, 46.044613818607004 ], [ -70.820007958739225, 46.04178662367174 ], [ -70.82039942453514, 46.036604150684916 ], [ -70.827039161136213, 46.034248787793487 ] ] ] } },
{ "type": "Feature", "properties": { "hex_id": 832198, "centroid_lon": -70.825475266288748, "centroid_lat": 46.054978820232314, "occurrences_today": 2, "datetimes_today": "2026-03-21 15:16:51, 2026-03-21 15:46:47", "cumulative_total": 2 }, "geometry": { "type": "Polygon", "coordinates": [ [ [ -70.825866400842969, 46.049796323068641 ], [ -70.832117069374689, 46.052623234762052 ], [ -70.831726481002235, 46.057805770655165 ], [ -70.825084024445673, 46.060161310097136 ], [ -70.818832917039245, 46.057333998801923 ], [ -70.819224705027693, 46.052151547731157 ], [ -70.825866400842969, 46.049796323068641 ] ] ] } },
{ "type": "Feature", "properties": { "hex_id": 832804, "centroid_lon": -70.824308185632887, "centroid_lat": 45.984779019271315, "occurrences_today": 2, "datetimes_today": "2026-03-21 15:16:51, 2026-03-21 15:46:47", "cumulative_total": 2 }, "geometry": { "type": "Polygon", "coordinates": [ [ [ -70.824698472855147, 45.979596465995364 ], [ -70.830941403292968, 45.982423196155928 ], [ -70.830551660189215, 45.987605788122515 ], [ -70.823917791448949, 45.989961565252784 ], [ -70.817674423872432, 45.987134436414358 ], [ -70.818065362138654, 45.981951929187986 ], [ -70.824698472855147, 45.979596465995364 ] ] ] } },
{ "type": "Feature", "properties": { "hex_id": 832805, "centroid_lon": -70.823136682051114, "centroid_lat": 46.000326635328648, "occurrences_today": 2, "datetimes_today": "2026-03-21 15:16:51, 2026-03-21 15:46:47", "cumulative_total": 2 }, "geometry": { "type": "Polygon", "coordinates": [ [ [ -70.823527290267108, 45.995144103938863 ], [ -70.829771853493909, 45.997970950193483 ], [ -70.829381789829981, 46.003153520296003 ], [ -70.822745966764714, 46.005509159421237 ], [ -70.816500966074386, 46.00268191427319 ], [ -70.816892225876586, 45.997499428957866 ], [ -70.823527290267108, 45.995144103938863 ] ] ] } },
{ "type": "Feature", "properties": { "hex_id": 832806, "centroid_lon": -70.821964214835575, "centroid_lat": 46.015874185711212, "occurrences_today": 2, "datetimes_today": "2026-03-21 15:16:51, 2026-03-21 15:46:47", "cumulative_total": 2 }, "geometry": { "type": "Polygon", "coordinates": [ [ [ -70.822355144371627, 46.010691676215728 ], [ -70.828601341688525, 46.013518638630764 ], [ -70.828210957138538, 46.018701186861144 ], [ -70.821573178120232, 46.021056687906771 ], [ -70.815326543014706, 46.01822932638261 ], [ -70.81571812467979, 46.013046862986471 ], [ -70.822355144371627, 46.010691676215728 ] ] ] } },
{ "type": "Feature", "properties": { "hex_id": 832807, "centroid_lon": -70.820790783006373, "centroid_lat": 46.031421670394536, "occurrences_today": 2, "datetimes_today": "2026-03-21 15:16:51, 2026-03-21 15:46:47", "cumulative_total": 2 }, "geometry": { "type": "Polygon", "coordinates": [ [ [ -70.821182034189277, 46.026239182801525 ], [ -70.827429866898655, 46.029066261443411 ], [ -70.827039161136213, 46.034248787793487 ], [ -70.82039942453514, 46.036604150684916 ], [ -70.814151153711791, 46.033776672718062 ], [ -70.814543057567107, 46.028594231249315 ], [ -70.821182034189277, 46.026239182801525 ] ] ] } },
{ "type": "Feature", "properties": { "hex_id": 832808, "centroid_lon": -70.819616385582208, "centroid_lat": 46.046969089354135, "occurrences_today": 2, "datetimes_today": "2026-03-21 15:16:51, 2026-03-21 15:46:47", "cumulative_total": 2 }, "geometry": { "type": "Polygon", "coordinates": [ [ [ -70.820007958739225, 46.04178662367174 ], [ -70.8262574281447, 46.044613818607004 ], [ -70.825866400842969, 46.049796323068641 ], [ -70.819224705027693, 46.052151547731157 ], [ -70.812974797182662, 46.049323953254962 ], [ -70.813367023556012, 46.044141533721792 ], [ -70.820007958739225, 46.04178662367174 ] ] ] } },
{ "type": "Feature", "properties": { "hex_id": 832809, "centroid_lon": -70.818441021580412, "centroid_lat": 46.062516442565489, "occurrences_today": 2, "datetimes_today": "2026-03-21 15:16:51, 2026-03-21 15:46:47", "cumulative_total": 2 }, "geometry": { "type": "Polygon", "coordinates": [ [ [ -70.818832917039245, 46.057333998801923 ], [ -70.825084024445673, 46.060161310097136 ], [ -70.824692675277333, 46.06534379266219 ], [ -70.81804901861473, 46.067698879020995 ], [ -70.81179747244289, 46.064871167968754 ], [ -70.812190021662602, 46.05968877037936 ], [ -70.818832917039245, 46.057333998801923 ] ] ] } },
{ "type": "Feature", "properties": { "hex_id": 833410, "centroid_lon": -70.823137826122803, "centroid_lat": 45.914578671106213, "occurrences_today": 2, "datetimes_today": "2026-03-21 15:16:51, 2026-03-21 15:46:47", "cumulative_total": 2 }, "geometry": { "type": "Polygon", "coordinates": [ [ [ -70.823527268196258, 45.909396061736302 ], [ -70.829762489681428, 45.912222610021466 ], [ -70.829373589672571, 45.917405258043445 ], [ -70.822748277413169, 45.91976127318604 ], [ -70.816512620517585, 45.916934327144496 ], [ -70.816902711255793, 45.911751763781041 ], [ -70.823527268196258, 45.909396061736302 ] ] ] } },
{ "type": "Feature", "properties": { "hex_id": 833411, "centroid_lon": -70.821968859941194, "centroid_lat": 45.930126455471822, "occurrences_today": 2, "datetimes_today": "2026-03-21 15:16:51, 2026-03-21 15:46:47", "cumulative_total": 2 }, "geometry": { "type": "Polygon", "coordinates": [ [ [ -70.822358622031317, 45.924943867974875 ], [ -70.828595470141835, 45.927770532238277 ], [ -70.828206250547936, 45.932953158409333 ], [ -70.821578991106719, 45.935309035675957 ], [ -70.815341707262391, 45.932481973441156 ], [ -70.815732118556994, 45.927299431975456 ], [ -70.822358622031317, 45.924943867974875 ] ] ] } },
{ "type": "Feature", "properties": { "hex_id": 833412, "centroid_lon": -70.820798933060274, "centroid_lat": 45.945674174202239, "occurrences_today": 2, "datetimes_today": "2026-03-21 15:16:51, 2026-03-21 15:46:47", "cumulative_total": 2 }, "geometry": { "type": "Polygon", "coordinates": [ [ [ -70.821189015491782, 45.940491608586406 ], [ -70.827427491522883, 45.943318388894205 ], [ -70.827037952019623, 45.948500993206203 ], [ -70.820408743776085, 45.95085673252256 ], [ -70.814169831687508, 45.948029554028246 ], [ -70.814560563863807, 45.942847034468478 ], [ -70.821189015491782, 45.940491608586406 ] ] ] } },
{ "type": "Feature", "properties": { "hex_id": 833413, "centroid_lon": -70.819628044504967, "centroid_lat": 45.961221827273064, "occurrences_today": 6, "datetimes_today": "2026-03-21 15:16:51, 2026-03-21 15:46:47, 2026-03-21 16:02:09, 2026-03-21 16:16:50, 2026-03-21 16:29:08, 2026-03-21 16:46:51", "cumulative_total": 6 }, "geometry": { "type": "Polygon", "coordinates": [ [ [ -70.820018447603033, 45.956039283546481 ], [ -70.826258552851172, 45.958866179964843 ], [ -70.825868693113776, 45.964048762409689 ], [ -70.819237534445705, 45.966404363701393 ], [ -70.812996992816196, 45.963577068881257 ], [ -70.813388046199918, 45.958394571235559 ], [ -70.820018447603033, 45.956039283546481 ] ] ] } },
{ "type": "Feature", "properties": { "hex_id": 833414, "centroid_lon": -70.818456193298772, "centroid_lat": 45.976769414659785, "occurrences_today": 2, "datetimes_today": "2026-03-21 15:16:51, 2026-03-21 15:46:47", "cumulative_total": 2 }, "geometry": { "type": "Polygon", "coordinates": [ [ [ -70.818846917389038, 45.971586892830615 ], [ -70.825088653151923, 45.974413905425841 ], [ -70.824698472855147, 45.979596465995364 ], [ -70.818065362138654, 45.981951929187986 ], [ -70.81182318967025, 45.979124517975606 ], [ -70.81221456458762, 45.973942042252176 ], [ -70.818846917389038, 45.971586892830615 ] ] ] } },
{ "type": "Feature", "properties": { "hex_id": 833415, "centroid_lon": -70.817283378463841, "centroid_lat": 45.992316936337957, "occurrences_today": 2, "datetimes_today": "2026-03-21 15:16:51, 2026-03-21 15:46:47", "cumulative_total": 2 }, "geometry": { "type": "Polygon", "coordinates": [ [ [ -70.817674423872432, 45.987134436414358 ], [ -70.823917791448949, 45.989961565252784 ], [ -70.823527290267108, 45.995144103938863 ], [ -70.816892225876586, 45.997499428957866 ], [ -70.81064842127013, 45.994671901286743 ], [ -70.811040118047828, 45.989489447493789 ], [ -70.817674423872432, 45.987134436414358 ] ] ] } },
{ "type": "Feature", "properties": { "hex_id": 833416, "centroid_lon": -70.816109599020891, "centroid_lat": 46.007864392283032, "occurrences_today": 2, "datetimes_today": "2026-03-21 15:16:51, 2026-03-21 15:46:47", "cumulative_total": 2 }, "geometry": { "type": "Polygon", "coordinates": [ [ [ -70.816500966074386, 46.00268191427319 ], [ -70.822745966764714, 46.005509159421237 ], [ -70.822355144371627, 46.010691676215728 ], [ -70.81571812467979, 46.013046862986471 ], [ -70.809472686634848, 46.010219218790084 ], [ -70.809864705600006, 46.005036786935783 ], [ -70.816500966074386, 46.00268191427319 ] ] ] } },
{ "type": "Feature", "properties": { "hex_id": 833417, "centroid_lon": -70.814934853989271, "centroid_lat": 46.023411782470525, "occurrences_today": 2, "datetimes_today": "2026-03-21 15:16:51, 2026-03-21 15:46:47", "cumulative_total": 2 }, "geometry": { "type": "Polygon", "coordinates": [ [ [ -70.815326543014706, 46.01822932638261 ], [ -70.821573178120232, 46.021056687906771 ], [ -70.821182034189277, 46.026239182801525 ], [ -70.814543057567107, 46.028594231249315 ], [ -70.808295984782035, 46.025766470461015 ], [ -70.808688326262299, 46.020584060553603 ], [ -70.815326543014706, 46.01822932638261 ] ] ] } },
{ "type": "Feature", "properties": { "hex_id": 833418, "centroid_lon": -70.813759142386914, "centroid_lat": 46.038959106875858, "occurrences_today": 2, "datetimes_today": "2026-03-21 15:16:51, 2026-03-21 15:46:47", "cumulative_total": 2 }, "geometry": { "type": "Polygon", "coordinates": [ [ [ -70.814151153711791, 46.033776672718062 ], [ -70.82039942453514, 46.036604150684916 ], [ -70.820007958739225, 46.04178662367174 ], [ -70.813367023556012, 46.044141533721792 ], [ -70.807118314727944, 46.041313656274887 ], [ -70.807510979051358, 46.036131268322571 ], [ -70.814151153711791, 46.033776672718062 ] ] ] } },
{ "type": "Feature", "properties": { "hex_id": 833419, "centroid_lon": -70.812582463230356, "centroid_lat": 46.054506365474452, "occurrences_today": 2, "datetimes_today": "2026-03-21 15:16:51, 2026-03-21 15:46:47", "cumulative_total": 2 }, "geometry": { "type": "Polygon", "coordinates": [ [ [ -70.812974797182662, 46.049323953254962 ], [ -70.819224705027693, 46.052151547731157 ], [ -70.818832917039245, 46.057333998801923 ], [ -70.812190021662602, 46.05968877037936 ], [ -70.805939675487394, 46.056860776207074 ], [ -70.806332662982499, 46.051678410218059 ], [ -70.812974797182662, 46.049323953254962 ] ] ] } },
{ "type": "Feature", "properties": { "hex_id": 834020, "centroid_lon": -70.817292695214078, "centroid_lat": 45.906569193120163, "occurrences_today": 2, "datetimes_today": "2026-03-21 15:16:51, 2026-03-21 15:46:47", "cumulative_total": 2 }, "geometry": { "type": "Polygon", "coordinates": [ [ [ -70.817682572428495, 45.901386615162735 ], [ -70.823916603669588, 45.904213445077218 ], [ -70.823527268196258, 45.909396061736302 ], [ -70.816902711255793, 45.911751763781041 ], [ -70.810668245035501, 45.908924536170737 ], [ -70.811058770698807, 45.903742004275799 ], [ -70.817682572428495, 45.901386615162735 ] ] ] } },
{ "type": "Feature", "properties": { "hex_id": 834021, "centroid_lon": -70.81612242296336, "centroid_lat": 45.922116883209597, "occurrences_today": 2, "datetimes_today": "2026-03-21 15:16:51, 2026-03-21 15:46:47", "cumulative_total": 2 }, "geometry": { "type": "Polygon", "coordinates": [ [ [ -70.816512620517585, 45.916934327144496 ], [ -70.822748277413169, 45.91976127318604 ], [ -70.822358622031317, 45.924943867974875 ], [ -70.815732118556994, 45.927299431975456 ], [ -70.809496026359213, 45.92447208802313 ], [ -70.809886872901842, 45.919289578045309 ], [ -70.816512620517585, 45.916934327144496 ] ] ] } },
{ "type": "Feature", "properties": { "hex_id": 834022, "centroid_lon": -70.81495118904337, "centroid_lat": 45.937664507605795, "occurrences_today": 2, "datetimes_today": "2026-03-21 15:16:51, 2026-03-21 15:46:47", "cumulative_total": 2 }, "geometry": { "type": "Polygon", "coordinates": [ [ [ -70.815341707262391, 45.932481973441156 ], [ -70.821578991106719, 45.935309035675957 ], [ -70.821189015491782, 45.940491608586406 ], [ -70.814560563863807, 45.942847034468478 ], [ -70.808322844394041, 45.940019574107779 ], [ -70.808714012141508, 45.934837086055261 ], [ -70.815341707262391, 45.932481973441156 ] ] ] } },
{ "type": "Feature", "properties": { "hex_id": 834023, "centroid_lon": -70.813778992478291, "centroid_lat": 45.953212066284244, "occurrences_today": 2, "datetimes_today": "2026-03-21 15:16:51, 2026-03-21 15:46:47", "cumulative_total": 2 }, "geometry": { "type": "Polygon", "coordinates": [ [ [ -70.814169831687508, 45.948029554028246 ], [ -70.820408743776085, 45.95085673252256 ], [ -70.820018447603033, 45.956039283546481 ], [ -70.813388046199918, 45.958394571235559 ], [ -70.807148698162436, 45.955566994400137 ], [ -70.80754018744075, 45.950384528281134 ], [ -70.814169831687508, 45.948029554028246 ] ] ] } },
{ "type": "Feature", "properties": { "hex_id": 834024, "centroid_lon": -70.812605832290856, "centroid_lat": 45.968759559220416, "occurrences_today": 2, "datetimes_today": "2026-03-21 15:16:51, 2026-03-21 15:46:47", "cumulative_total": 2 }, "geometry": { "type": "Polygon", "coordinates": [ [ [ -70.812996992816196, 45.963577068881257 ], [ -70.819237534445705, 45.966404363701393 ], [ -70.818846917389038, 45.971586892830615 ], [ -70.81221456458762, 45.973942042252176 ], [ -70.805973586685454, 45.971114348875567 ], [ -70.806365397821082, 45.965931904698259 ], [ -70.812996992816196, 45.963577068881257 ] ] ] } },
{ "type": "Feature", "properties": { "hex_id": 834025, "centroid_lon": -70.811431707502422, "centroid_lat": 45.984306986389768, "occurrences_today": 2, "datetimes_today": "2026-03-21 15:16:51, 2026-03-21 15:46:47", "cumulative_total": 2 }, "geometry": { "type": "Polygon", "coordinates": [ [ [ -70.81182318967025, 45.979124517975606 ], [ -70.818065362138654, 45.981951929187986 ], [ -70.817674423872432, 45.987134436414358 ], [ -70.811040118047828, 45.989489447493789 ], [ -70.804797508982745, 45.986661637509471 ], [ -70.805189642302636, 45.981479215282079 ], [ -70.81182318967025, 45.979124517975606 ] ] ] } },
{ "type": "Feature", "properties": { "hex_id": 834026, "centroid_lon": -70.810256617132978, "centroid_lat": 45.999854347767702, "occurrences_today": 2, "datetimes_today": "2026-03-21 15:16:51, 2026-03-21 15:46:47", "cumulative_total": 2 }, "geometry": { "type": "Polygon", "coordinates": [ [ [ -70.81064842127013, 45.994671901286743 ], [ -70.816892225876586, 45.997499428957866 ], [ -70.816500966074386, 46.00268191427319 ], [ -70.809864705600006, 46.005036786935783 ], [ -70.803620464072608, 46.002208860277129 ], [ -70.804012919904139, 45.997026460007916 ], [ -70.81064842127013, 45.994671901286743 ] ] ] } },
{ "type": "Feature", "properties": { "hex_id": 834027, "centroid_lon": -70.809080560201082, "centroid_lat": 46.015401643329646, "occurrences_today": 2, "datetimes_today": "2026-03-21 15:16:51, 2026-03-21 15:46:47", "cumulative_total": 2 }, "geometry": { "type": "Polygon", "coordinates": [ [ [ -70.809472686634848, 46.010219218790084 ], [ -70.81571812467979, 46.013046862986471 ], [ -70.815326543014706, 46.01822932638261 ], [ -70.808688326262299, 46.020584060553603 ], [ -70.802442450971895, 46.017756017153935 ], [ -70.802835229642938, 46.012573638851073 ], [ -70.809472686634848, 46.010219218790084 ] ] ] } },
{ "type": "Feature", "properties": { "hex_id": 834028, "centroid_lon": -70.807903535723895, "centroid_lat": 46.030948873050974, "occurrences_today": 2, "datetimes_today": "2026-03-21 15:16:51, 2026-03-21 15:46:47", "cumulative_total": 2 }, "geometry": { "type": "Polygon", "coordinates": [ [ [ -70.808295984782035, 46.025766470461015 ], [ -70.814543057567107, 46.028594231249315 ], [ -70.814151153711791, 46.033776672718062 ], [ -70.807510979051358, 46.036131268322571 ], [ -70.801263468696064, 46.033303108115142 ], [ -70.801656570534959, 46.028120751786886 ], [ -70.808295984782035, 46.025766470461015 ] ] ] } },
{ "type": "Feature", "properties": { "hex_id": 834029, "centroid_lon": -70.806725542717174, "centroid_lat": 46.046496036907037, "occurrences_today": 2, "datetimes_today": "2026-03-21 15:16:51, 2026-03-21 15:46:47", "cumulative_total": 2 }, "geometry": { "type": "Polygon", "coordinates": [ [ [ -70.807118314727944, 46.041313656274887 ], [ -70.813367023556012, 46.044141533721792 ], [ -70.812974797182662, 46.049323953254962 ], [ -70.806332662982499, 46.051678410218059 ], [ -70.800083516259178, 46.048850133136028 ], [ -70.800476941594738, 46.043667798790622 ], [ -70.807118314727944, 46.041313656274887 ] ] ] } },
{ "type": "Feature", "properties": { "hex_id": 834030, "centroid_lon": -70.805546580195283, "centroid_lat": 46.062043134873157, "occurrences_today": 2, "datetimes_today": "2026-03-21 15:16:51, 2026-03-21 15:46:47", "cumulative_total": 2 }, "geometry": { "type": "Polygon", "coordinates": [ [ [ -70.805939675487394, 46.056860776207074 ], [ -70.812190021662602, 46.05968877037936 ], [ -70.81179747244289, 46.064871167968754 ], [ -70.805153377069615, 46.067225486215399 ], [ -70.798902592673883, 46.064397092191861 ], [ -70.799296341835358, 46.059214779837568 ], [ -70.805939675487394, 46.056860776207074 ] ] ] } },
{ "type": "Feature", "properties": { "hex_id": 834631, "centroid_lon": -70.810277612448544, "centroid_lat": 45.914107060760863, "occurrences_today": 2, "datetimes_today": "2026-03-21 15:16:51, 2026-03-21 15:46:47", "cumulative_total": 2 }, "geometry": { "type": "Polygon", "coordinates": [ [ [ -70.810668245035501, 45.908924536170737 ], [ -70.816902711255793, 45.911751763781041 ], [ -70.816512620517585, 45.916934327144496 ], [ -70.809886872901842, 45.919289578045309 ], [ -70.803651971810638, 45.916461952584775 ], [ -70.804043253169937, 45.911279474137942 ], [ -70.810668245035501, 45.908924536170737 ] ] ] } },
{ "type": "Feature", "properties": { "hex_id": 834632, "centroid_lon": -70.80910507278449, "centroid_lat": 45.929654590693431, "occurrences_today": 2, "datetimes_today": "2026-03-21 15:16:51, 2026-03-21 15:46:47", "cumulative_total": 2 }, "geometry": { "type": "Polygon", "coordinates": [ [ [ -70.809496026359213, 45.92447208802313 ], [ -70.815732118556994, 45.927299431975456 ], [ -70.815341707262391, 45.932481973441156 ], [ -70.808714012141508, 45.934837086055261 ], [ -70.802477484750014, 45.932009344037667 ], [ -70.802869087636893, 45.926826887535547 ], [ -70.809496026359213, 45.92447208802313 ] ] ] } },
{ "type": "Feature", "properties": { "hex_id": 834633, "centroid_lon": -70.807931569505868, "centroid_lat": 45.945202054850043, "occurrences_today": 2, "datetimes_today": "2026-03-21 15:16:51, 2026-03-21 15:46:47", "cumulative_total": 2 }, "geometry": { "type": "Polygon", "coordinates": [ [ [ -70.808322844394041, 45.940019574107779 ], [ -70.814560563863807, 45.942847034468478 ], [ -70.814169831687508, 45.948029554028246 ], [ -70.80754018744075, 45.950384528281134 ], [ -70.801302032454174, 45.947556669640008 ], [ -70.801693957194914, 45.942374235090817 ], [ -70.808322844394041, 45.940019574107779 ] ] ] } },
{ "type": "Feature", "properties": { "hex_id": 834634, "centroid_lon": -70.806757101634631, "centroid_lat": 45.960749453206162, "occurrences_today": 2, "datetimes_today": "2026-03-21 15:16:51, 2026-03-21 15:46:47", "cumulative_total": 2 }, "geometry": { "type": "Polygon", "coordinates": [ [ [ -70.807148698162436, 45.955566994400137 ], [ -70.813388046199918, 45.958394571235559 ], [ -70.812996992816196, 45.963577068881257 ], [ -70.806365397821082, 45.965931904698259 ], [ -70.80012561394345, 45.963103929367129 ], [ -70.800517860864758, 45.957921516779081 ], [ -70.807148698162436, 45.955566994400137 ] ] ] } },
{ "type": "Feature", "properties": { "hex_id": 834635, "centroid_lon": -70.805581668191408, "centroid_lat": 45.976296785737155, "occurrences_today": 2, "datetimes_today": "2026-03-21 15:16:51, 2026-03-21 15:46:47", "cumulative_total": 2 }, "geometry": { "type": "Polygon", "coordinates": [ [ [ -70.805973586685454, 45.971114348875567 ], [ -70.81221456458762, 45.973942042252176 ], [ -70.81182318967025, 45.979124517975606 ], [ -70.805189642302636, 45.981479215282079 ], [ -70.798948228236711, 45.978651123194325 ], [ -70.799340797665792, 45.973468732575661 ], [ -70.805973586685454, 45.971114348875567 ] ] ] } },
{ "type": "Feature", "properties": { "hex_id": 834636, "centroid_lon": -70.804405268195381, "centroid_lat": 45.991844052418372, "occurrences_today": 2, "datetimes_today": "2026-03-21 15:16:51, 2026-03-21 15:46:47", "cumulative_total": 2 }, "geometry": { "type": "Polygon", "coordinates": [ [ [ -70.804797508982745, 45.986661637509471 ], [ -70.811040118047828, 45.989489447493789 ], [ -70.81064842127013, 45.994671901286743 ], [ -70.804012919904139, 45.997026460007916 ], [ -70.797769874351474, 45.994198251096861 ], [ -70.798162766615988, 45.989015882455845 ], [ -70.804797508982745, 45.986661637509471 ] ] ] } },
{ "type": "Feature", "properties": { "hex_id": 834637, "centroid_lon": -70.803227900664353, "centroid_lat": 46.007391253225165, "occurrences_today": 2, "datetimes_today": "2026-03-21 15:16:51, 2026-03-21 15:46:47", "cumulative_total": 2 }, "geometry": { "type": "Polygon", "coordinates": [ [ [ -70.803620464072608, 46.002208860277129 ], [ -70.809864705600006, 46.005036786935783 ], [ -70.809472686634848, 46.010219218790084 ], [ -70.802835229642938, 46.012573638851073 ], [ -70.796590551303851, 46.009745313050011 ], [ -70.796983766731898, 46.004562966394872 ], [ -70.803620464072608, 46.002208860277129 ] ] ] } },
{ "type": "Feature", "properties": { "hex_id": 834638, "centroid_lon": -70.802049564614734, "centroid_lat": 46.022938388132843, "occurrences_today": 2, "datetimes_today": "2026-03-21 15:16:51, 2026-03-21 15:46:47", "cumulative_total": 2 }, "geometry": { "type": "Polygon", "coordinates": [ [ [ -70.802442450971895, 46.017756017153935 ], [ -70.808688326262299, 46.020584060553603 ], [ -70.808295984782035, 46.025766470461015 ], [ -70.801656570534959, 46.028120751786886 ], [ -70.795410258108518, 46.025292309029005 ], [ -70.795803797028697, 46.020109984368005 ], [ -70.802442450971895, 46.017756017153935 ] ] ] } },
{ "type": "Feature", "properties": { "hex_id": 834639, "centroid_lon": -70.800870259061512, "centroid_lat": 46.038485457116693, "occurrences_today": 2, "datetimes_today": "2026-03-21 15:16:51, 2026-03-21 15:46:47", "cumulative_total": 2 }, "geometry": { "type": "Polygon", "coordinates": [ [ [ -70.801263468696064, 46.033303108115142 ], [ -70.807510979051358, 46.036131268322571 ], [ -70.807118314727944, 46.041313656274887 ], [ -70.800476941594738, 46.043667798790622 ], [ -70.794228993778773, 46.040839239009031 ], [ -70.794622856520149, 46.035656936350442 ], [ -70.801263468696064, 46.033303108115142 ] ] ] } },
{ "type": "Feature", "properties": { "hex_id": 834640, "centroid_lon": -70.799689983018254, "centroid_lat": 46.05403246015198, "occurrences_today": 2, "datetimes_today": "2026-03-21 15:16:51, 2026-03-21 15:46:47", "cumulative_total": 2 }, "geometry": { "type": "Polygon", "coordinates": [ [ [ -70.800083516259178, 46.048850133136028 ], [ -70.806332662982499, 46.051678410218059 ], [ -70.805939675487394, 46.056860776207074 ], [ -70.799296341835358, 46.059214779837568 ], [ -70.793046757326508, 46.056386102965291 ], [ -70.793440944218602, 46.051203822317369 ], [ -70.800083516259178, 46.048850133136028 ] ] ] } },
{ "type": "Feature", "properties": { "hex_id": 835242, "centroid_lon": -70.803260583311712, "centroid_lat": 45.921644423717602, "occurrences_today": 2, "datetimes_today": "2026-03-21 15:16:51, 2026-03-21 15:46:47", "cumulative_total": 2 }, "geometry": { "type": "Polygon", "coordinates": [ [ [ -70.803651971810638, 45.916461952584775 ], [ -70.809886872901842, 45.919289578045309 ], [ -70.809496026359213, 45.92447208802313 ], [ -70.802869087636893, 45.926826887535547 ], [ -70.796633751783361, 45.923998864070434 ], [ -70.797025789378239, 45.918816439161773 ], [ -70.803651971810638, 45.916461952584775 ] ] ] } },
{ "type": "Feature", "properties": { "hex_id": 835243, "centroid_lon": -70.802085774614767, "centroid_lat": 45.937191793223057, "occurrences_today": 2, "datetimes_today": "2026-03-21 15:16:51, 2026-03-21 15:46:47", "cumulative_total": 2 }, "geometry": { "type": "Polygon", "coordinates": [ [ [ -70.802477484750014, 45.932009344037667 ], [ -70.808714012141508, 45.934837086055261 ], [ -70.808322844394041, 45.940019574107779 ], [ -70.801693957194914, 45.942374235090817 ], [ -70.795456994718393, 45.939546094853497 ], [ -70.795849354489732, 45.934363691917191 ], [ -70.802477484750014, 45.932009344037667 ] ] ] } },
{ "type": "Feature", "properties": { "hex_id": 835244, "centroid_lon": -70.800910000356225, "centroid_lat": 45.952739096869742, "occurrences_today": 2, "datetimes_today": "2026-03-21 15:16:51, 2026-03-21 15:46:47", "cumulative_total": 2 }, "geometry": { "type": "Polygon", "coordinates": [ [ [ -70.801302032454174, 45.947556669640008 ], [ -70.80754018744075, 45.950384528281134 ], [ -70.807148698162436, 45.955566994400137 ], [ -70.800517860864758, 45.957921516779081 ], [ -70.794279270470241, 45.955093259702998 ], [ -70.794671952745006, 45.949910878747318 ], [ -70.801302032454174, 45.947556669640008 ] ] ] } },
{ "type": "Feature", "properties": { "hex_id": 835245, "centroid_lon": -70.799733259555907, "centroid_lat": 45.968286334632957, "occurrences_today": 2, "datetimes_today": "2026-03-21 15:16:51, 2026-03-21 15:46:47", "cumulative_total": 2 }, "geometry": { "type": "Polygon", "coordinates": [ [ [ -70.80012561394345, 45.963103929367129 ], [ -70.806365397821082, 45.965931904698259 ], [ -70.805973586685454, 45.971114348875567 ], [ -70.799340797665792, 45.973468732575661 ], [ -70.793100578057022, 45.970640358594167 ], [ -70.793493583162658, 45.965457999627333 ], [ -70.80012561394345, 45.963103929367129 ] ] ] } },
{ "type": "Feature", "properties": { "hex_id": 835246, "centroid_lon": -70.798555551232241, "centroid_lat": 45.983833506488018, "occurrences_today": 2, "datetimes_today": "2026-03-21 15:16:51, 2026-03-21 15:46:47", "cumulative_total": 2 }, "geometry": { "type": "Polygon", "coordinates": [ [ [ -70.798948228236711, 45.978651123194325 ], [ -70.805189642302636, 45.981479215282079 ], [ -70.804797508982745, 45.986661637509471 ], [ -70.798162766615988, 45.989015882455845 ], [ -70.791920916495485, 45.986187391502227 ], [ -70.792314244759908, 45.981005054532524 ], [ -70.798948228236711, 45.978651123194325 ] ] ] } },
{ "type": "Feature", "properties": { "hex_id": 835247, "centroid_lon": -70.797376874402275, "centroid_lat": 45.999380612410171, "occurrences_today": 2, "datetimes_today": "2026-03-21 15:16:51, 2026-03-21 15:46:47", "cumulative_total": 2 }, "geometry": { "type": "Polygon", "coordinates": [ [ [ -70.797769874351474, 45.994198251096861 ], [ -70.804012919904139, 45.997026460007916 ], [ -70.803620464072608, 46.002208860277129 ], [ -70.796983766731898, 46.004562966394872 ], [ -70.790740284800975, 46.001734358402317 ], [ -70.791133936552541, 45.996552043438058 ], [ -70.797769874351474, 45.994198251096861 ] ] ] } },
{ "type": "Feature", "properties": { "hex_id": 835248, "centroid_lon": -70.796197228081624, "centroid_lat": 46.014927652374695, "occurrences_today": 2, "datetimes_today": "2026-03-21 15:16:51, 2026-03-21 15:46:47", "cumulative_total": 2 }, "geometry": { "type": "Polygon", "coordinates": [ [ [ -70.796590551303851, 46.009745313050011 ], [ -70.802835229642938, 46.012573638851073 ], [ -70.802442450971895, 46.017756017153935 ], [ -70.795803797028697, 46.020109984368005 ], [ -70.789558681987401, 46.017281259269673 ], [ -70.789952657554977, 46.012098966319073 ], [ -70.796590551303851, 46.009745313050011 ] ] ] } },
{ "type": "Feature", "properties": { "hex_id": 835249, "centroid_lon": -70.795016611284524, "centroid_lat": 46.030474626356792, "occurrences_today": 2, "datetimes_today": "2026-03-21 15:16:51, 2026-03-21 15:46:47", "cumulative_total": 2 }, "geometry": { "type": "Polygon", "coordinates": [ [ [ -70.795410258108518, 46.025292309029005 ], [ -70.801656570534959, 46.028120751786886 ], [ -70.801263468696064, 46.033303108115142 ], [ -70.794622856520149, 46.035656936350442 ], [ -70.788376107067307, 46.032828094079385 ], [ -70.788770406780188, 46.027645823150756 ], [ -70.795410258108518, 46.025292309029005 ] ] ] } },
{ "type": "Feature", "properties": { "hex_id": 835250, "centroid_lon": -70.793835023023803, "centroid_lat": 46.046021534331651, "occurrences_today": 2, "datetimes_today": "2026-03-21 15:16:51, 2026-03-21 15:46:47", "cumulative_total": 2 }, "geometry": { "type": "Polygon", "coordinates": [ [ [ -70.794228993778773, 46.040839239009031 ], [ -70.800476941594738, 46.043667798790622 ], [ -70.800083516259178, 46.048850133136028 ], [ -70.793440944218602, 46.051203822317369 ], [ -70.787192559051789, 46.048374862806575 ], [ -70.787587183239765, 46.043192613908218 ], [ -70.794228993778773, 46.040839239009031 ] ] ] } },
{ "type": "Feature", "properties": { "hex_id": 835251, "centroid_lon": -70.792652462310855, "centroid_lat": 46.061568376274472, "occurrences_today": 2, "datetimes_today": "2026-03-21 15:16:51, 2026-03-21 15:46:47", "cumulative_total": 2 }, "geometry": { "type": "Polygon", "coordinates": [ [ [ -70.793046757326508, 46.056386102965291 ], [ -70.799296341835358, 46.059214779837568 ], [ -70.798902592673883, 46.064397092191861 ], [ -70.79225805913498, 46.066750642243996 ], [ -70.786008036950534, 46.063921565426362 ], [ -70.78640298594388, 46.058739338566582 ], [ -70.793046757326508, 46.056386102965291 ] ] ] } },
{ "type": "Feature", "properties": { "hex_id": 835852, "centroid_lon": -70.797417719653581, "centroid_lat": 45.913634006930828, "occurrences_today": 2, "datetimes_today": "2026-03-21 15:16:51, 2026-03-21 15:46:47", "cumulative_total": 2 }, "geometry": { "type": "Polygon", "coordinates": [ [ [ -70.797809542645581, 45.908451567378521 ], [ -70.804043253169937, 45.911279474137942 ], [ -70.803651971810638, 45.916461952584775 ], [ -70.797025789378239, 45.918816439161773 ], [ -70.790791644522614, 45.915988134458409 ], [ -70.79118411639439, 45.910805741186266 ], [ -70.797809542645581, 45.908451567378521 ] ] ] } },
{ "type": "Feature", "properties": { "hex_id": 835853, "centroid_lon": -70.796241606832609, "centroid_lat": 45.929181281655879, "occurrences_today": 6, "datetimes_today": "2026-03-21 15:16:51, 2026-03-21 15:46:47, 2026-03-21 16:16:50, 2026-03-21 16:29:08, 2026-03-21 16:46:51, 2026-03-21 17:16:42", "cumulative_total": 6 }, "geometry": { "type": "Polygon", "coordinates": [ [ [ -70.796633751783361, 45.923998864070434 ], [ -70.802869087636893, 45.926826887535547 ], [ -70.802477484750014, 45.932009344037667 ], [ -70.795849354489732, 45.934363691917191 ], [ -70.789613583982643, 45.931535270293068 ], [ -70.79000637835307, 45.92635289901272 ], [ -70.796633751783361, 45.923998864070434 ] ] ] } },
{ "type": "Feature", "properties": { "hex_id": 835854, "centroid_lon": -70.795064527482268, "centroid_lat": 45.944728490463824, "occurrences_today": 2, "datetimes_today": "2026-03-21 15:16:51, 2026-03-21 15:46:47", "cumulative_total": 2 }, "geometry": { "type": "Polygon", "coordinates": [ [ [ -70.795456994718393, 45.939546094853497 ], [ -70.801693957194914, 45.942374235090817 ], [ -70.801302032454174, 45.947556669640008 ], [ -70.794671952745006, 45.949910878747318 ], [ -70.788434555292426, 45.947082340135772 ], [ -70.788827672488694, 45.941899990855511 ], [ -70.795456994718393, 45.939546094853497 ] ] ] } },
{ "type": "Feature", "properties": { "hex_id": 835857, "centroid_lon": -70.791527480438546, "centroid_lat": 45.991369721137701, "occurrences_today": 2, "datetimes_today": "2026-03-21 15:16:51, 2026-03-21 15:46:47", "cumulative_total": 2 }, "geometry": { "type": "Polygon", "coordinates": [ [ [ -70.791920916495485, 45.986187391502227 ], [ -70.798162766615988, 45.989015882455845 ], [ -70.797769874351474, 45.994198251096861 ], [ -70.791133936552541, 45.996552043438058 ], [ -70.784891650486898, 45.993723153463819 ], [ -70.785285738128835, 45.988540870233486 ], [ -70.791920916495485, 45.986187391502227 ] ] ] } },
{ "type": "Feature", "properties": { "hex_id": 835858, "centroid_lon": -70.790346525147299, "centroid_lat": 46.006916666029646, "occurrences_today": 2, "datetimes_today": "2026-03-21 15:16:51, 2026-03-21 15:46:47", "cumulative_total": 2 }, "geometry": { "type": "Polygon", "coordinates": [ [ [ -70.790740284800975, 46.001734358402317 ], [ -70.796983766731898, 46.004562966394872 ], [ -70.796590551303851, 46.009745313050011 ], [ -70.789952657554977, 46.012098966319073 ], [ -70.783708739355376, 46.009269959090197 ], [ -70.784103151136762, 46.004087697893098 ], [ -70.790740284800975, 46.001734358402317 ] ] ] } },
{ "type": "Feature", "properties": { "hex_id": 835859, "centroid_lon": -70.789164598408021, "centroid_lat": 46.022463544880537, "occurrences_today": 2, "datetimes_today": "2026-03-21 15:16:51, 2026-03-21 15:46:47", "cumulative_total": 2 }, "geometry": { "type": "Polygon", "coordinates": [ [ [ -70.789558681987401, 46.017281259269673 ], [ -70.795803797028697, 46.020109984368005 ], [ -70.795410258108518, 46.025292309029005 ], [ -70.788770406780188, 46.027645823150756 ], [ -70.78252485514642, 46.024816698600262 ], [ -70.782919591396848, 46.019634459444696 ], [ -70.789558681987401, 46.017281259269673 ] ] ] } },
{ "type": "Feature", "properties": { "hex_id": 835860, "centroid_lon": -70.787981699232716, "centroid_lat": 46.038010357665513, "occurrences_today": 2, "datetimes_today": "2026-03-21 15:16:51, 2026-03-21 15:46:47", "cumulative_total": 2 }, "geometry": { "type": "Polygon", "coordinates": [ [ [ -70.788376107067307, 46.032828094079385 ], [ -70.794622856520149, 46.035656936350442 ], [ -70.794228993778773, 46.040839239009031 ], [ -70.787587183239765, 46.043192613908218 ], [ -70.7813399968704, 46.040363371969001 ], [ -70.781735057919903, 46.035181154863331 ], [ -70.788376107067307, 46.032828094079385 ] ] ] } },
{ "type": "Feature", "properties": { "hex_id": 835861, "centroid_lon": -70.786797826632053, "centroid_lat": 46.053557104359669, "occurrences_today": 2, "datetimes_today": "2026-03-21 15:16:51, 2026-03-21 15:46:47", "cumulative_total": 2 }, "geometry": { "type": "Polygon", "coordinates": [ [ [ -70.787192559051789, 46.048374862806575 ], [ -70.793440944218602, 46.051203822317369 ], [ -70.793046757326508, 46.056386102965291 ], [ -70.78640298594388, 46.058739338566582 ], [ -70.780154163536253, 46.055909979171503 ], [ -70.780549549715332, 46.050727784124014 ], [ -70.787192559051789, 46.048374862806575 ] ] ] } },
{ "type": "Feature", "properties": { "hex_id": 836463, "centroid_lon": -70.7903990651876, "centroid_lat": 45.921170520400857, "occurrences_today": 2, "datetimes_today": "2026-03-21 15:16:51, 2026-03-21 15:46:47", "cumulative_total": 2 }, "geometry": { "type": "Polygon", "coordinates": [ [ [ -70.790791644522614, 45.915988134458409 ], [ -70.797025789378239, 45.918816439161773 ], [ -70.796633751783361, 45.923998864070434 ], [ -70.79000637835307, 45.92635289901272 ], [ -70.78377179927503, 45.923524196211083 ], [ -70.784165027813344, 45.918341856629716 ], [ -70.790791644522614, 45.915988134458409 ] ] ] } },
{ "type": "Feature", "properties": { "hex_id": 836464, "centroid_lon": -70.789220682039982, "centroid_lat": 45.936717634240964, "occurrences_today": 2, "datetimes_today": "2026-03-21 15:16:51, 2026-03-21 15:46:47", "cumulative_total": 2 }, "geometry": { "type": "Polygon", "coordinates": [ [ [ -70.789613583982643, 45.931535270293068 ], [ -70.795849354489732, 45.934363691917191 ], [ -70.795456994718393, 45.939546094853497 ], [ -70.788827672488694, 45.941899990855511 ], [ -70.782591467437101, 45.939071170917934 ], [ -70.782985019123316, 45.933888853356116 ], [ -70.789613583982643, 45.931535270293068 ] ] ] } },
{ "type": "Feature", "properties": { "hex_id": 836469, "centroid_lon": -70.783314219454283, "centroid_lat": 46.014452212941045, "occurrences_today": 2, "datetimes_today": "2026-03-21 15:16:51, 2026-03-21 15:46:47", "cumulative_total": 2 }, "geometry": { "type": "Polygon", "coordinates": [ [ [ -70.783708739355376, 46.009269959090197 ], [ -70.789952657554977, 46.012098966319073 ], [ -70.789558681987401, 46.017281259269673 ], [ -70.782919591396848, 46.019634459444696 ], [ -70.776675237038376, 46.016805052824672 ], [ -70.777070409392678, 46.011622845485292 ], [ -70.783708739355376, 46.009269959090197 ] ] ] } },
{ "type": "Feature", "properties": { "hex_id": 836470, "centroid_lon": -70.782130010666336, "centroid_lat": 46.029998930406769, "occurrences_today": 2, "datetimes_today": "2026-03-21 15:16:51, 2026-03-21 15:46:47", "cumulative_total": 2 }, "geometry": { "type": "Polygon", "coordinates": [ [ [ -70.78252485514642, 46.024816698600262 ], [ -70.788770406780188, 46.027645823150756 ], [ -70.788376107067307, 46.032828094079385 ], [ -70.781735057919903, 46.035181154863331 ], [ -70.775489069803626, 46.03235163070574 ], [ -70.775884567280571, 46.027169445435831 ], [ -70.78252485514642, 46.024816698600262 ] ] ] } },
{ "type": "Feature", "properties": { "hex_id": 836471, "centroid_lon": -70.780944827481122, "centroid_lat": 46.04554558172287, "occurrences_today": 2, "datetimes_today": "2026-03-21 15:16:51, 2026-03-21 15:46:47", "cumulative_total": 2 }, "geometry": { "type": "Polygon", "coordinates": [ [ [ -70.7813399968704, 46.040363371969001 ], [ -70.787587183239765, 46.043192613908218 ], [ -70.787192559051789, 46.048374862806575 ], [ -70.780549549715332, 46.050727784124014 ], [ -70.774301926539565, 46.047898142361639 ], [ -70.774697749469908, 46.042715979169571 ], [ -70.7813399968704, 46.040363371969001 ] ] ] } },
{ "type": "Feature", "properties": { "hex_id": 836472, "centroid_lon": -70.779758668907107, "centroid_lat": 46.061092166864398, "occurrences_today": 2, "datetimes_today": "2026-03-21 15:16:51, 2026-03-21 15:46:47", "cumulative_total": 2 }, "geometry": { "type": "Polygon", "coordinates": [ [ [ -70.780154163536253, 46.055909979171503 ], [ -70.78640298594388, 46.058739338566582 ], [ -70.786008036950534, 46.063921565426362 ], [ -70.779363065791117, 46.066274347201791 ], [ -70.773113806252965, 46.063444587767371 ], [ -70.773509954967921, 46.058262446661487 ], [ -70.780154163536253, 46.055909979171503 ] ] ] } },
{ "type": "Feature", "properties": { "hex_id": 548282, "centroid_lon": -73.840626322378768, "centroid_lat": 45.603147104965856, "occurrences_today": 4, "datetimes_today": "2026-03-21 16:46:51, 2026-03-21 17:16:42, 2026-03-21 17:27:44, 2026-03-21 17:46:53", "cumulative_total": 5 }, "geometry": { "type": "Polygon", "coordinates": [ [ [ -73.840733339848768, 45.597951454213934 ], [ -73.847089805231747, 45.600614158397001 ], [ -73.846983364599737, 45.60580981836889 ], [ -73.840519275645732, 45.608342750775442 ], [ -73.834162262692715, 45.605679678953699 ], [ -73.834269886253907, 45.60048404242881 ], [ -73.840733339848768, 45.597951454213934 ] ] ] } },
{ "type": "Feature", "properties": { "hex_id": 692334, "centroid_lon": -72.347692746526391, "centroid_lat": 45.172864814017366, "occurrences_today": 1, "datetimes_today": "2026-03-21 18:16:41", "cumulative_total": 11 }, "geometry": { "type": "Polygon", "coordinates": [ [ [ -72.347933858018109, 45.167673280799768 ], [ -72.354169327759493, 45.17041657516662 ], [ -72.353928759763136, 45.175608132067303 ], [ -72.347451569498659, 45.17805634148506 ], [ -72.341215621808814, 45.17531267146196 ], [ -72.341457342310136, 45.17012116774076 ], [ -72.347933858018109, 45.167673280799768 ] ] ] } },
{ "type": "Feature", "properties": { "hex_id": 676453, "centroid_lon": -72.518382412310118, "centroid_lat": 45.051971567567264, "occurrences_today": 15, "datetimes_today": "2026-03-21 20:17:04, 2026-03-21 20:31:48, 2026-03-21 20:47:05, 2026-03-21 21:01:55, 2026-03-21 21:16:58, 2026-03-21 21:31:45, 2026-03-21 21:47:13, 2026-03-21 22:01:49, 2026-03-21 22:14:04, 2026-03-21 22:31:58, 2026-03-21 22:46:45, 2026-03-21 23:02:02, 2026-03-21 23:16:50, 2026-03-21 23:31:47, 2026-03-21 23:46:51", "cumulative_total": 55 }, "geometry": { "type": "Polygon", "coordinates": [ [ [ -72.518607068606798, 45.046779229525761 ], [ -72.524838208660142, 45.04951314034988 ], [ -72.524614094806935, 45.054705500380244 ], [ -72.518157695027568, 45.057163899986875 ], [ -72.511926073526709, 45.054429616507981 ], [ -72.512151333232552, 45.049237306140405 ], [ -72.518607068606798, 45.046779229525761 ] ] ] } },
{ "type": "Feature", "properties": { "hex_id": 967256, "centroid_lon": -69.174484863533152, "centroid_lat": 48.126468288518772, "occurrences_today": 3, "datetimes_today": "2026-03-21 20:31:48, 2026-03-21 20:47:05, 2026-03-21 21:01:55", "cumulative_total": 3 }, "geometry": { "type": "Polygon", "coordinates": [ [ [ -69.175071177578957, 48.121300731637994 ], [ -69.181462279820934, 48.124224278695387 ], [ -69.180876546840437, 48.12939189179842 ], [ -69.173898384433471, 48.131635835341307 ], [ -69.167506866209578, 48.128711847545596 ], [ -69.168093926315606, 48.123544357013763 ], [ -69.175071177578957, 48.121300731637994 ] ] ] } },
{ "type": "Feature", "properties": { "hex_id": 967867, "centroid_lon": -69.166919640836156, "centroid_lat": 48.133879328006046, "occurrences_today": 3, "datetimes_today": "2026-03-21 20:31:48, 2026-03-21 20:47:05, 2026-03-21 21:01:55", "cumulative_total": 3 }, "geometry": { "type": "Polygon", "coordinates": [ [ [ -69.167506866209578, 48.128711847545596 ], [ -69.173898384433471, 48.131635835341307 ], [ -69.17331174022091, 48.136803372103699 ], [ -69.166332250136321, 48.13904679839321 ], [ -69.159940316107523, 48.136122369697773 ], [ -69.160528287909145, 48.130954955681005 ], [ -69.167506866209578, 48.128711847545596 ] ] ] } },
{ "type": "Feature", "properties": { "hex_id": 967868, "centroid_lon": -69.165156972521061, "centroid_lat": 48.149381708939785, "occurrences_today": 3, "datetimes_today": "2026-03-21 20:31:48, 2026-03-21 20:47:05, 2026-03-21 21:01:55", "cumulative_total": 3 }, "geometry": { "type": "Polygon", "coordinates": [ [ [ -69.165744694050986, 48.144214258705098 ], [ -69.172137956221164, 48.14713841544016 ], [ -69.1715508163159, 48.152305922010349 ], [ -69.1645690854874, 48.154549149095267 ], [ -69.158175407225869, 48.151624551221396 ], [ -69.158763875825045, 48.146457167469926 ], [ -69.165744694050986, 48.144214258705098 ] ] ] } },
{ "type": "Feature", "properties": { "hex_id": 968477, "centroid_lon": -69.161116094229868, "centroid_lat": 48.125787531579746, "occurrences_today": 3, "datetimes_today": "2026-03-21 20:31:48, 2026-03-21 20:47:05, 2026-03-21 21:01:55", "cumulative_total": 3 }, "geometry": { "type": "Polygon", "coordinates": [ [ [ -69.161703735128796, 48.120620097395914 ], [ -69.168093926315606, 48.123544357013763 ], [ -69.167506866209578, 48.128711847545596 ], [ -69.160528287909145, 48.130954955681005 ], [ -69.154137681380789, 48.128030255241129 ], [ -69.154726068435323, 48.122862887556295 ], [ -69.161703735128796, 48.120620097395914 ] ] ] } },
{ "type": "Feature", "properties": { "hex_id": 968478, "centroid_lon": -69.159352178765872, "centroid_lat": 48.141289773628074, "occurrences_today": 3, "datetimes_today": "2026-03-21 20:31:48, 2026-03-21 20:47:05, 2026-03-21 21:01:55", "cumulative_total": 3 }, "geometry": { "type": "Polygon", "coordinates": [ [ [ -69.159940316107523, 48.136122369697773 ], [ -69.166332250136321, 48.13904679839321 ], [ -69.165744694050986, 48.144214258705098 ], [ -69.158763875825045, 48.146457167469926 ], [ -69.152371526168693, 48.143532297713406 ], [ -69.152960410306662, 48.138364960321638 ], [ -69.159940316107523, 48.136122369697773 ] ] ] } },
{ "type": "Feature", "properties": { "hex_id": 969088, "centroid_lon": -69.153549128690969, "centroid_lat": 48.133197612830216, "occurrences_today": 3, "datetimes_today": "2026-03-21 20:31:48, 2026-03-21 20:47:05, 2026-03-21 21:01:55", "cumulative_total": 3 }, "geometry": { "type": "Polygon", "coordinates": [ [ [ -69.154137681380789, 48.128030255241129 ], [ -69.160528287909145, 48.130954955681005 ], [ -69.159940316107523, 48.136122369697773 ], [ -69.152960410306662, 48.138364960321638 ], [ -69.146569388614154, 48.135439818898398 ], [ -69.147158687827485, 48.130272527903088 ], [ -69.154137681380789, 48.128030255241129 ] ] ] } },
{ "type": "Feature", "properties": { "hex_id": 969089, "centroid_lon": -69.15178247621779, "centroid_lat": 48.148699625003587, "occurrences_today": 3, "datetimes_today": "2026-03-21 20:31:48, 2026-03-21 20:47:05, 2026-03-21 21:01:55", "cumulative_total": 3 }, "geometry": { "type": "Polygon", "coordinates": [ [ [ -69.152371526168693, 48.143532297713406 ], [ -69.158763875825045, 48.146457167469926 ], [ -69.158175407225869, 48.151624551221396 ], [ -69.151193260394749, 48.153866942190156 ], [ -69.144800495288493, 48.150941631211154 ], [ -69.14539029240396, 48.145774370554399 ], [ -69.152371526168693, 48.143532297713406 ] ] ] } },
{ "type": "Feature", "properties": { "hex_id": 969698, "centroid_lon": -69.14774782119197, "centroid_lat": 48.12510522679888, "occurrences_today": 3, "datetimes_today": "2026-03-21 20:31:48, 2026-03-21 20:47:05, 2026-03-21 21:01:55", "cumulative_total": 3 }, "geometry": { "type": "Polygon", "coordinates": [ [ [ -69.148336788766827, 48.119937915587712 ], [ -69.154726068435323, 48.122862887556295 ], [ -69.154137681380789, 48.128030255241129 ], [ -69.147158687827485, 48.130272527903088 ], [ -69.140768993457868, 48.127347115028925 ], [ -69.141358707283473, 48.122179870466816 ], [ -69.148336788766827, 48.119937915587712 ] ] ] } },
{ "type": "Feature", "properties": { "hex_id": 969699, "centroid_lon": -69.14597992349276, "centroid_lat": 48.140607099782827, "occurrences_today": 3, "datetimes_today": "2026-03-21 20:31:48, 2026-03-21 20:47:05, 2026-03-21 21:01:55", "cumulative_total": 3 }, "geometry": { "type": "Polygon", "coordinates": [ [ [ -69.146569388614154, 48.135439818898398 ], [ -69.152960410306662, 48.138364960321638 ], [ -69.152371526168693, 48.143532297713406 ], [ -69.14539029240396, 48.145774370554399 ], [ -69.138998855725063, 48.142848787986487 ], [ -69.139589067737987, 48.137681573790729 ], [ -69.146569388614154, 48.135439818898398 ] ] ] } },
{ "type": "Feature", "properties": { "hex_id": 969700, "centroid_lon": -69.144210532087001, "centroid_lat": 48.156108881751138, "occurrences_today": 3, "datetimes_today": "2026-03-21 20:31:48, 2026-03-21 20:47:05, 2026-03-21 21:01:55", "cumulative_total": 3 }, "geometry": { "type": "Polygon", "coordinates": [ [ [ -69.144800495288493, 48.150941631211154 ], [ -69.151193260394749, 48.153866942190156 ], [ -69.150603878640226, 48.15903424927118 ], [ -69.143620402740098, 48.161276122172353 ], [ -69.137227222361943, 48.15835036980949 ], [ -69.137817933096443, 48.15318318599784 ], [ -69.144800495288493, 48.150941631211154 ] ] ] } },
{ "type": "Feature", "properties": { "hex_id": 970308, "centroid_lon": -69.14194825516519, "centroid_lat": 48.117012615786528, "occurrences_today": 3, "datetimes_today": "2026-03-21 20:31:48, 2026-03-21 20:47:05, 2026-03-21 21:01:55", "cumulative_total": 3 }, "geometry": { "type": "Polygon", "coordinates": [ [ [ -69.14253763716232, 48.111845350990038 ], [ -69.148925590611256, 48.114770594271583 ], [ -69.148336788766827, 48.119937915587712 ], [ -69.141358707283473, 48.122179870466816 ], [ -69.13497033959608, 48.119254186357402 ], [ -69.135560467571253, 48.114086988265193 ], [ -69.14253763716232, 48.111845350990038 ] ] ] } },
{ "type": "Feature", "properties": { "hex_id": 970309, "centroid_lon": -69.140179113629159, "centroid_lat": 48.132514349470874, "occurrences_today": 3, "datetimes_today": "2026-03-21 20:31:48, 2026-03-21 20:47:05, 2026-03-21 21:01:55", "cumulative_total": 3 }, "geometry": { "type": "Polygon", "coordinates": [ [ [ -69.140768993457868, 48.127347115028925 ], [ -69.147158687827485, 48.130272527903088 ], [ -69.146569388614154, 48.135439818898398 ], [ -69.139589067737987, 48.137681573790729 ], [ -69.133198958845057, 48.1347557198497 ], [ -69.133789585292305, 48.129588552151638 ], [ -69.140768993457868, 48.127347115028925 ] ] ] } },
{ "type": "Feature", "properties": { "hex_id": 970310, "centroid_lon": -69.138408477531016, "centroid_lat": 48.148015992056195, "occurrences_today": 3, "datetimes_today": "2026-03-21 20:31:48, 2026-03-21 20:47:05, 2026-03-21 21:01:55", "cumulative_total": 3 }, "geometry": { "type": "Polygon", "coordinates": [ [ [ -69.138998855725063, 48.142848787986487 ], [ -69.14539029240396, 48.145774370554399 ], [ -69.144800495288493, 48.150941631211154 ], [ -69.137817933096443, 48.15318318599784 ], [ -69.131426081609177, 48.150257162123921 ], [ -69.13201720706293, 48.14509002483782 ], [ -69.138998855725063, 48.142848787986487 ] ] ] } },
{ "type": "Feature", "properties": { "hex_id": 970311, "centroid_lon": -69.136636345268045, "centroid_lat": 48.163517543489135, "occurrences_today": 3, "datetimes_today": "2026-03-21 20:31:48, 2026-03-21 20:47:05, 2026-03-21 21:01:55", "cumulative_total": 3 }, "geometry": { "type": "Polygon", "coordinates": [ [ [ -69.137227222361943, 48.15835036980949 ], [ -69.143620402740098, 48.161276122172353 ], [ -69.143030107188409, 48.166443352472832 ], [ -69.136045301755303, 48.168684707034828 ], [ -69.129651706283568, 48.165758513126654 ], [ -69.130243331279019, 48.160591406270321 ], [ -69.137227222361943, 48.15835036980949 ] ] ] } },
{ "type": "Feature", "properties": { "hex_id": 970919, "centroid_lon": -69.13438004552286, "centroid_lat": 48.124421374320221, "occurrences_today": 3, "datetimes_today": "2026-03-21 20:31:48, 2026-03-21 20:47:05, 2026-03-21 21:01:55", "cumulative_total": 3 }, "geometry": { "type": "Polygon", "coordinates": [ [ [ -69.13497033959608, 48.119254186357402 ], [ -69.141358707283473, 48.122179870466816 ], [ -69.140768993457868, 48.127347115028925 ], [ -69.133789585292305, 48.129588552151638 ], [ -69.127400803544319, 48.126662427053212 ], [ -69.127991843963159, 48.121495305889511 ], [ -69.13497033959608, 48.119254186357402 ] ] ] } },
{ "type": "Feature", "properties": { "hex_id": 970920, "centroid_lon": -69.132608166121742, "centroid_lat": 48.139922877412431, "occurrences_today": 3, "datetimes_today": "2026-03-21 20:31:48, 2026-03-21 20:47:05, 2026-03-21 21:01:55", "cumulative_total": 3 }, "geometry": { "type": "Polygon", "coordinates": [ [ [ -69.133198958845057, 48.1347557198497 ], [ -69.139589067737987, 48.137681573790729 ], [ -69.138998855725063, 48.142848787986487 ], [ -69.13201720706293, 48.14509002483782 ], [ -69.125626683824805, 48.142163729668688 ], [ -69.126218223534579, 48.13699663894478 ], [ -69.133198958845057, 48.1347557198497 ] ] ] } },
{ "type": "Feature", "properties": { "hex_id": 970921, "centroid_lon": -69.130834789701041, "centroid_lat": 48.155424289268758, "occurrences_today": 3, "datetimes_today": "2026-03-21 20:31:48, 2026-03-21 20:47:05, 2026-03-21 21:01:55", "cumulative_total": 3 }, "geometry": { "type": "Polygon", "coordinates": [ [ [ -69.131426081609177, 48.150257162123921 ], [ -69.137817933096443, 48.15318318599784 ], [ -69.137227222361943, 48.15835036980949 ], [ -69.130243331279019, 48.160591406270321 ], [ -69.123851065161773, 48.157664940929074 ], [ -69.124443104697932, 48.152497880662807 ], [ -69.131426081609177, 48.150257162123921 ] ] ] } },
{ "type": "Feature", "properties": { "hex_id": 970922, "centroid_lon": -69.12905991465513, "centroid_lat": 48.17092560983577, "occurrences_today": 3, "datetimes_today": "2026-03-21 20:31:48, 2026-03-21 20:47:05, 2026-03-21 21:01:55", "cumulative_total": 3 }, "geometry": { "type": "Polygon", "coordinates": [ [ [ -69.129651706283568, 48.165758513126654 ], [ -69.136045301755303, 48.168684707034828 ], [ -69.135454091764174, 48.173851860444572 ], [ -69.128467956334134, 48.176092696395678 ], [ -69.122073945947463, 48.173166060780773 ], [ -69.122666485846167, 48.167999030990032 ], [ -69.129651706283568, 48.165758513126654 ] ] ] } },
{ "type": "Feature", "properties": { "hex_id": 971529, "centroid_lon": -69.128582718070518, "centroid_lat": 48.116328174583174, "occurrences_today": 3, "datetimes_today": "2026-03-21 20:31:48, 2026-03-21 20:47:05, 2026-03-21 21:01:55", "cumulative_total": 3 }, "geometry": { "type": "Polygon", "coordinates": [ [ [ -69.129173425925757, 48.111161033136163 ], [ -69.135560467571253, 48.114086988265193 ], [ -69.13497033959608, 48.119254186357402 ], [ -69.127991843963159, 48.121495305889511 ], [ -69.121604388719376, 48.118568909849287 ], [ -69.122195842647429, 48.11340183525656 ], [ -69.129173425925757, 48.111161033136163 ] ] ] } },
{ "type": "Feature", "properties": { "hex_id": 971530, "centroid_lon": -69.126809596754597, "centroid_lat": 48.131829538072289, "occurrences_today": 3, "datetimes_today": "2026-03-21 20:31:48, 2026-03-21 20:47:05, 2026-03-21 21:01:55", "cumulative_total": 3 }, "geometry": { "type": "Polygon", "coordinates": [ [ [ -69.127400803544319, 48.126662427053212 ], [ -69.133789585292305, 48.129588552151638 ], [ -69.133198958845057, 48.1347557198497 ], [ -69.126218223534579, 48.13699663894478 ], [ -69.11982902790416, 48.13407007269614 ], [ -69.120420981407207, 48.12890302857106 ], [ -69.127400803544319, 48.126662427053212 ] ] ] } },
{ "type": "Feature", "properties": { "hex_id": 971531, "centroid_lon": -69.125034977565747, "centroid_lat": 48.147330810242032, "occurrences_today": 3, "datetimes_today": "2026-03-21 20:31:48, 2026-03-21 20:47:05, 2026-03-21 21:01:55", "cumulative_total": 3 }, "geometry": { "type": "Polygon", "coordinates": [ [ [ -69.125626683824805, 48.142163729668688 ], [ -69.13201720706293, 48.14509002483782 ], [ -69.131426081609177, 48.150257162123921 ], [ -69.124443104697932, 48.152497880662807 ], [ -69.11805216729303, 48.149571144104279 ], [ -69.118644620906636, 48.144404130464736 ], [ -69.125626683824805, 48.142163729668688 ] ] ] } },
{ "type": "Feature", "properties": { "hex_id": 971532, "centroid_lon": -69.123258858897728, "centroid_lat": 48.162831991038807, "occurrences_today": 3, "datetimes_today": "2026-03-21 20:31:48, 2026-03-21 20:47:05, 2026-03-21 21:01:55", "cumulative_total": 3 }, "geometry": { "type": "Polygon", "coordinates": [ [ [ -69.123851065161773, 48.157664940929074 ], [ -69.130243331279019, 48.160591406270321 ], [ -69.129651706283568, 48.165758513126654 ], [ -69.122666485846167, 48.167999030990032 ], [ -69.116273805277658, 48.165072124020071 ], [ -69.116866759538183, 48.159905140883957 ], [ -69.123851065161773, 48.157664940929074 ] ] ] } },
{ "type": "Feature", "properties": { "hex_id": 971533, "centroid_lon": -69.121481239141957, "centroid_lat": 48.178333080409026, "occurrences_today": 3, "datetimes_today": "2026-03-21 20:31:48, 2026-03-21 20:47:05, 2026-03-21 21:01:55", "cumulative_total": 3 }, "geometry": { "type": "Polygon", "coordinates": [ [ [ -69.122073945947463, 48.173166060780773 ], [ -69.128467956334134, 48.176092696395678 ], [ -69.127875831260951, 48.18125977280441 ], [ -69.120888365369936, 48.18350008987283 ], [ -69.114493940247286, 48.180573012389729 ], [ -69.11508739569193, 48.17540605977495 ], [ -69.122073945947463, 48.173166060780773 ] ] ] } },
{ "type": "Feature", "properties": { "hex_id": 972140, "centroid_lon": -69.12101276832577, "centroid_lat": 48.123735974288117, "occurrences_today": 3, "datetimes_today": "2026-03-21 20:31:48, 2026-03-21 20:47:05, 2026-03-21 21:01:55", "cumulative_total": 3 }, "geometry": { "type": "Polygon", "coordinates": [ [ [ -69.121604388719376, 48.118568909849287 ], [ -69.127991843963159, 48.121495305889511 ], [ -69.127400803544319, 48.126662427053212 ], [ -69.120420981407207, 48.12890302857106 ], [ -69.114033112743385, 48.125976191458541 ], [ -69.114625479577242, 48.120809193968881 ], [ -69.121604388719376, 48.118568909849287 ] ] ] } },
{ "type": "Feature", "properties": { "hex_id": 972141, "centroid_lon": -69.119236907757156, "centroid_lat": 48.139237106661362, "occurrences_today": 3, "datetimes_today": "2026-03-21 20:31:48, 2026-03-21 20:47:05, 2026-03-21 21:01:55", "cumulative_total": 3 }, "geometry": { "type": "Polygon", "coordinates": [ [ [ -69.11982902790416, 48.13407007269614 ], [ -69.126218223534579, 48.13699663894478 ], [ -69.125626683824805, 48.142163729668688 ], [ -69.118644620906636, 48.144404130464736 ], [ -69.112255011572273, 48.141477122904689 ], [ -69.112847878800466, 48.136310155928435 ], [ -69.11982902790416, 48.13407007269614 ] ] ] } },
{ "type": "Feature", "properties": { "hex_id": 972142, "centroid_lon": -69.117459546856765, "centroid_lat": 48.15473814757803, "occurrences_today": 3, "datetimes_today": "2026-03-21 20:31:48, 2026-03-21 20:47:05, 2026-03-21 21:01:55", "cumulative_total": 3 }, "geometry": { "type": "Polygon", "coordinates": [ [ [ -69.11805216729303, 48.149571144104279 ], [ -69.124443104697932, 48.152497880662807 ], [ -69.123851065161773, 48.157664940929074 ], [ -69.116866759538183, 48.159905140883957 ], [ -69.110475408145291, 48.156977962774768 ], [ -69.111068776304336, 48.151811026329852 ], [ -69.11805216729303, 48.149571144104279 ] ] ] } },
{ "type": "Feature", "properties": { "hex_id": 972143, "centroid_lon": -69.115680684015473, "centroid_lat": 48.170239096984403, "occurrences_today": 3, "datetimes_today": "2026-03-21 20:31:48, 2026-03-21 20:47:05, 2026-03-21 21:01:55", "cumulative_total": 3 }, "geometry": { "type": "Polygon", "coordinates": [ [ [ -69.116273805277658, 48.165072124020071 ], [ -69.122666485846167, 48.167999030990032 ], [ -69.122073945947463, 48.173166060780773 ], [ -69.11508739569193, 48.17540605977495 ], [ -69.10869430085117, 48.172478711014918 ], [ -69.10928817047845, 48.16731180511929 ], [ -69.116273805277658, 48.165072124020071 ] ] ] } },
{ "type": "Feature", "properties": { "hex_id": 972144, "centroid_lon": -69.11390031762177, "centroid_lat": 48.185739954826744, "occurrences_today": 3, "datetimes_today": "2026-03-21 20:31:48, 2026-03-21 20:47:05, 2026-03-21 21:01:55", "cumulative_total": 3 }, "geometry": { "type": "Polygon", "coordinates": [ [ [ -69.114493940247286, 48.180573012389729 ], [ -69.120888365369936, 48.18350008987283 ], [ -69.120295324571671, 48.188667089170181 ], [ -69.113306527755554, 48.190906887083997 ], [ -69.106911688076238, 48.187979367571259 ], [ -69.107506059709905, 48.182812492242888 ], [ -69.114493940247286, 48.180573012389729 ] ] ] } },
{ "type": "Feature", "properties": { "hex_id": 972751, "centroid_lon": -69.11344057917097, "centroid_lat": 48.131143178779034, "occurrences_today": 3, "datetimes_today": "2026-03-21 20:31:48, 2026-03-21 20:47:05, 2026-03-21 21:01:55", "cumulative_total": 3 }, "geometry": { "type": "Polygon", "coordinates": [ [ [ -69.114033112743385, 48.125976191458541 ], [ -69.120420981407207, 48.12890302857106 ], [ -69.11982902790416, 48.13407007269614 ], [ -69.112847878800466, 48.136310155928435 ], [ -69.106459596895149, 48.133382877582484 ], [ -69.10705287727545, 48.128215957306082 ], [ -69.114033112743385, 48.125976191458541 ] ] ] } },
{ "type": "Feature", "properties": { "hex_id": 972752, "centroid_lon": -69.111661977426792, "centroid_lat": 48.146644079705837, "occurrences_today": 3, "datetimes_today": "2026-03-21 20:31:48, 2026-03-21 20:47:05, 2026-03-21 21:01:55", "cumulative_total": 3 }, "geometry": { "type": "Polygon", "coordinates": [ [ [ -69.112255011572273, 48.141477122904689 ], [ -69.118644620906636, 48.144404130464736 ], [ -69.11805216729303, 48.149571144104279 ], [ -69.111068776304336, 48.151811026329852 ], [ -69.104678753444887, 48.14888357729717 ], [ -69.105272535039546, 48.143716687580024 ], [ -69.112255011572273, 48.141477122904689 ] ] ] } },
{ "type": "Feature", "properties": { "hex_id": 972753, "centroid_lon": -69.1098818728899, "centroid_lat": 48.162144889038579, "occurrences_today": 3, "datetimes_today": "2026-03-21 20:31:48, 2026-03-21 20:47:05, 2026-03-21 21:01:55", "cumulative_total": 3 }, "geometry": { "type": "Polygon", "coordinates": [ [ [ -69.110475408145291, 48.156977962774768 ], [ -69.116866759538183, 48.159905140883957 ], [ -69.116273805277658, 48.165072124020071 ], [ -69.10928817047845, 48.16731180511929 ], [ -69.102896405276638, 48.16438418529814 ], [ -69.103490688623197, 48.159217326158235 ], [ -69.110475408145291, 48.156977962774768 ] ] ] } },
{ "type": "Feature", "properties": { "hex_id": 972754, "centroid_lon": -69.108100263948259, "centroid_lat": 48.177645606723445, "occurrences_today": 3, "datetimes_today": "2026-03-21 20:31:48, 2026-03-21 20:47:05, 2026-03-21 21:01:55", "cumulative_total": 3 }, "geometry": { "type": "Polygon", "coordinates": [ [ [ -69.10869430085117, 48.172478711014918 ], [ -69.11508739569193, 48.17540605977495 ], [ -69.114493940247286, 48.180573012389729 ], [ -69.107506059709905, 48.182812492242888 ], [ -69.10111255077625, 48.179884701531378 ], [ -69.101707336413014, 48.174717872986712 ], [ -69.10869430085117, 48.172478711014918 ] ] ] } },
{ "type": "Feature", "properties": { "hex_id": 972755, "centroid_lon": -69.106317148987401, "centroid_lat": 48.193146232706539, "occurrences_today": 3, "datetimes_today": "2026-03-21 20:31:48, 2026-03-21 20:47:05, 2026-03-21 21:01:55", "cumulative_total": 3 }, "geometry": { "type": "Polygon", "coordinates": [ [ [ -69.106911688076238, 48.187979367571259 ], [ -69.113306527755554, 48.190906887083997 ], [ -69.112712570588826, 48.196073809159479 ], [ -69.105722442383453, 48.198313087646703 ], [ -69.099327188327095, 48.195385125942842 ], [ -69.099922476793225, 48.190218328011447 ], [ -69.106911688076238, 48.187979367571259 ] ] ] } },
{ "type": "Feature", "properties": { "hex_id": 973361, "centroid_lon": -69.107645990703617, "centroid_lat": 48.123049026847255, "occurrences_today": 3, "datetimes_today": "2026-03-21 20:31:48, 2026-03-21 20:47:05, 2026-03-21 21:01:55", "cumulative_total": 3 }, "geometry": { "type": "Polygon", "coordinates": [ [ [ -69.10823893723925, 48.117882086207992 ], [ -69.114625479577242, 48.120809193968881 ], [ -69.114033112743385, 48.125976191458541 ], [ -69.10705287727545, 48.128215957306082 ], [ -69.100665922158015, 48.125288408389764 ], [ -69.101259615228329, 48.120121534849737 ], [ -69.10823893723925, 48.117882086207992 ] ] ] } },
{ "type": "Feature", "properties": { "hex_id": 973362, "centroid_lon": -69.105866149503072, "centroid_lat": 48.138549787674464, "occurrences_today": 3, "datetimes_today": "2026-03-21 20:31:48, 2026-03-21 20:47:05, 2026-03-21 21:01:55", "cumulative_total": 3 }, "geometry": { "type": "Polygon", "coordinates": [ [ [ -69.106459596895149, 48.133382877582484 ], [ -69.112847878800466, 48.136310155928435 ], [ -69.112255011572273, 48.141477122904689 ], [ -69.105272535039546, 48.143716687580024 ], [ -69.098883840071622, 48.140788967839498 ], [ -69.099478034639361, 48.135622124886652 ], [ -69.106459596895149, 48.133382877582484 ] ] ] } },
{ "type": "Feature", "properties": { "hex_id": 973363, "centroid_lon": -69.104084804659351, "centroid_lat": 48.15405045682391, "occurrences_today": 3, "datetimes_today": "2026-03-21 20:31:48, 2026-03-21 20:47:05, 2026-03-21 21:01:55", "cumulative_total": 3 }, "geometry": { "type": "Polygon", "coordinates": [ [ [ -69.104678753444887, 48.14888357729717 ], [ -69.111068776304336, 48.151811026329852 ], [ -69.110475408145291, 48.156977962774768 ], [ -69.103490688623197, 48.159217326158235 ], [ -69.097100252417761, 48.156289435491715 ], [ -69.097694949020621, 48.15112262314404 ], [ -69.104678753444887, 48.14888357729717 ] ] ] } },
{ "type": "Feature", "properties": { "hex_id": 973364, "centroid_lon": -69.102301954559849, "centroid_lat": 48.169551034241643, "occurrences_today": 3, "datetimes_today": "2026-03-21 20:31:48, 2026-03-21 20:47:05, 2026-03-21 21:01:55", "cumulative_total": 3 }, "geometry": { "type": "Polygon", "coordinates": [ [ [ -69.102896405276638, 48.16438418529814 ], [ -69.10928817047845, 48.16731180511929 ], [ -69.10869430085117, 48.172478711014918 ], [ -69.101707336413014, 48.174717872986712 ], [ -69.095315157581709, 48.171789811292278 ], [ -69.095910356758182, 48.166623029567837 ], [ -69.102896405276638, 48.16438418529814 ] ] ] } },
{ "type": "Feature", "properties": { "hex_id": 973365, "centroid_lon": -69.100517597589615, "centroid_lat": 48.185051519873618, "occurrences_today": 3, "datetimes_today": "2026-03-21 20:31:48, 2026-03-21 20:47:05, 2026-03-21 21:01:55", "cumulative_total": 3 }, "geometry": { "type": "Polygon", "coordinates": [ [ [ -69.10111255077625, 48.179884701531378 ], [ -69.107506059709905, 48.182812492242888 ], [ -69.106911688076238, 48.187979367571259 ], [ -69.099922476793225, 48.190218328011447 ], [ -69.093528553946356, 48.187290095187066 ], [ -69.094124256235759, 48.182123344103893 ], [ -69.10111255077625, 48.179884701531378 ] ] ] } },
{ "type": "Feature", "properties": { "hex_id": 973366, "centroid_lon": -69.098731732131228, "centroid_lat": 48.200551913665791, "occurrences_today": 3, "datetimes_today": "2026-03-21 20:31:48, 2026-03-21 20:47:05, 2026-03-21 21:01:55", "cumulative_total": 3 }, "geometry": { "type": "Polygon", "coordinates": [ [ [ -69.099327188327095, 48.195385125942842 ], [ -69.105722442383453, 48.198313087646703 ], [ -69.105127568204466, 48.203479932389804 ], [ -69.09813610814561, 48.205718691178312 ], [ -69.091740439892149, 48.202790287121829 ], [ -69.092336645834592, 48.197623566698027 ], [ -69.099327188327095, 48.195385125942842 ] ] ] } },
{ "type": "Feature", "properties": { "hex_id": 973972, "centroid_lon": -69.100072061981592, "centroid_lat": 48.130455271736054, "occurrences_today": 3, "datetimes_today": "2026-03-21 20:31:48, 2026-03-21 20:47:05, 2026-03-21 21:01:55", "cumulative_total": 3 }, "geometry": { "type": "Polygon", "coordinates": [ [ [ -69.100665922158015, 48.125288408389764 ], [ -69.10705287727545, 48.128215957306082 ], [ -69.106459596895149, 48.133382877582484 ], [ -69.099478034639361, 48.135622124886652 ], [ -69.093090666921441, 48.132694134653818 ], [ -69.093685274000094, 48.127527338501736 ], [ -69.100665922158015, 48.125288408389764 ] ] ] } },
{ "type": "Feature", "properties": { "hex_id": 973973, "centroid_lon": -69.098289478218632, "centroid_lat": 48.14595580059266, "occurrences_today": 14, "datetimes_today": "2026-03-21 20:31:48, 2026-03-21 20:47:05, 2026-03-21 21:01:55, 2026-03-21 21:16:58, 2026-03-21 21:31:45, 2026-03-21 21:47:13, 2026-03-21 22:01:49, 2026-03-21 22:14:04, 2026-03-21 22:31:58, 2026-03-21 22:46:45, 2026-03-21 23:02:02, 2026-03-21 23:16:50, 2026-03-21 23:31:47, 2026-03-21 23:46:51", "cumulative_total": 49 }, "geometry": { "type": "Polygon", "coordinates": [ [ [ -69.098883840071622, 48.140788967839498 ], [ -69.105272535039546, 48.143716687580024 ], [ -69.104678753444887, 48.14888357729717 ], [ -69.097694949020621, 48.15112262314404 ], [ -69.091305841169287, 48.148194461847808 ], [ -69.091900950565844, 48.143027696328858 ], [ -69.098883840071622, 48.140788967839498 ] ] ] } },
{ "type": "Feature", "properties": { "hex_id": 973974, "centroid_lon": -69.096505388350238, "centroid_lat": 48.161456237633651, "occurrences_today": 3, "datetimes_today": "2026-03-21 20:31:48, 2026-03-21 20:47:05, 2026-03-21 21:01:55", "cumulative_total": 3 }, "geometry": { "type": "Polygon", "coordinates": [ [ [ -69.097100252417761, 48.156289435491715 ], [ -69.103490688623197, 48.159217326158235 ], [ -69.102896405276638, 48.16438418529814 ], [ -69.095910356758182, 48.166623029567837 ], [ -69.089519507386257, 48.163694697106237 ], [ -69.090115119639393, 48.158527962238502 ], [ -69.097100252417761, 48.156289435491715 ] ] ] } },
{ "type": "Feature", "properties": { "hex_id": 973975, "centroid_lon": -69.094719790760891, "centroid_lat": 48.176956582804962, "occurrences_today": 3, "datetimes_today": "2026-03-21 20:31:48, 2026-03-21 20:47:05, 2026-03-21 21:01:55", "cumulative_total": 3 }, "geometry": { "type": "Polygon", "coordinates": [ [ [ -69.095315157581709, 48.171789811292278 ], [ -69.101707336413014, 48.174717872986712 ], [ -69.10111255077625, 48.179884701531378 ], [ -69.094124256235759, 48.182123344103893 ], [ -69.087731663954685, 48.179194840374862 ], [ -69.088327779603887, 48.17402813617641 ], [ -69.095315157581709, 48.171789811292278 ] ] ] } },
{ "type": "Feature", "properties": { "hex_id": 973976, "centroid_lon": -69.092932683832643, "centroid_lat": 48.192456836052443, "occurrences_today": 3, "datetimes_today": "2026-03-21 20:31:48, 2026-03-21 20:47:05, 2026-03-21 21:01:55", "cumulative_total": 3 }, "geometry": { "type": "Polygon", "coordinates": [ [ [ -69.093528553946356, 48.187290095187066 ], [ -69.099922476793225, 48.190218328011447 ], [ -69.099327188327095, 48.195385125942842 ], [ -69.092336645834592, 48.197623566698027 ], [ -69.08594230925452, 48.194694891599347 ], [ -69.086538928840071, 48.189528218088327 ], [ -69.093528553946356, 48.187290095187066 ] ] ] } },
{ "type": "Feature", "properties": { "hex_id": 974583, "centroid_lon": -69.092495892463276, "centroid_lat": 48.137860920596871, "occurrences_today": 3, "datetimes_today": "2026-03-21 20:31:48, 2026-03-21 20:47:05, 2026-03-21 21:01:55", "cumulative_total": 3 }, "geometry": { "type": "Polygon", "coordinates": [ [ [ -69.093090666921441, 48.132694134653818 ], [ -69.099478034639361, 48.135622124886652 ], [ -69.098883840071622, 48.140788967839498 ], [ -69.091900950565844, 48.143027696328858 ], [ -69.085513170426694, 48.140099264618463 ], [ -69.086108692154752, 48.134932545964695 ], [ -69.093090666921441, 48.132694134653818 ] ] ] } },
{ "type": "Feature", "properties": { "hex_id": 974584, "centroid_lon": -69.090710564213765, "centroid_lat": 48.153361217151691, "occurrences_today": 3, "datetimes_today": "2026-03-21 20:31:48, 2026-03-21 20:47:05, 2026-03-21 21:01:55", "cumulative_total": 3 }, "geometry": { "type": "Polygon", "coordinates": [ [ [ -69.091305841169287, 48.148194461847808 ], [ -69.097694949020621, 48.15112262314404 ], [ -69.097100252417761, 48.156289435491715 ], [ -69.090115119639393, 48.158527962238502 ], [ -69.083725599084204, 48.155599359225398 ], [ -69.084321623951354, 48.150432671250819 ], [ -69.091305841169287, 48.148194461847808 ] ] ] } },
{ "type": "Feature", "properties": { "hex_id": 974585, "centroid_lon": -69.088923727394416, "centroid_lat": 48.168861421752872, "occurrences_today": 3, "datetimes_today": "2026-03-21 20:31:48, 2026-03-21 20:47:05, 2026-03-21 21:01:55", "cumulative_total": 3 }, "geometry": { "type": "Polygon", "coordinates": [ [ [ -69.089519507386257, 48.163694697106237 ], [ -69.095910356758182, 48.166623029567837 ], [ -69.095315157581709, 48.171789811292278 ], [ -69.088327779603887, 48.17402813617641 ], [ -69.081936517245268, 48.171099361758479 ], [ -69.082533045791166, 48.165932704481229 ], [ -69.089519507386257, 48.163694697106237 ] ] ] } },
{ "type": "Feature", "properties": { "hex_id": 974586, "centroid_lon": -69.087135380386769, "centroid_lat": 48.184361534346159, "occurrences_today": 3, "datetimes_today": "2026-03-21 20:31:48, 2026-03-21 20:47:05, 2026-03-21 21:01:55", "cumulative_total": 3 }, "geometry": { "type": "Polygon", "coordinates": [ [ [ -69.087731663954685, 48.179194840374862 ], [ -69.094124256235759, 48.182123344103893 ], [ -69.093528553946356, 48.187290095187066 ], [ -69.086538928840071, 48.189528218088327 ], [ -69.080145923289308, 48.186599272163342 ], [ -69.080742956054436, 48.181432645601546 ], [ -69.087731663954685, 48.179194840374862 ] ] ] } },
{ "type": "Feature", "properties": { "hex_id": 974587, "centroid_lon": -69.085345521569977, "centroid_lat": 48.199861554877202, "occurrences_today": 3, "datetimes_today": "2026-03-21 20:31:48, 2026-03-21 20:47:05, 2026-03-21 21:01:55", "cumulative_total": 3 }, "geometry": { "type": "Polygon", "coordinates": [ [ [ -69.08594230925452, 48.194694891599347 ], [ -69.092336645834592, 48.197623566698027 ], [ -69.091740439892149, 48.202790287121829 ], [ -69.084748565726272, 48.205028207919867 ], [ -69.078353815593317, 48.202099090385474 ], [ -69.078951353118939, 48.196932494557316 ], [ -69.08594230925452, 48.194694891599347 ] ] ] } },
{ "type": "Feature", "properties": { "hex_id": 975193, "centroid_lon": -69.086704046289555, "centroid_lat": 48.129765817088554, "occurrences_today": 3, "datetimes_today": "2026-03-21 20:31:48, 2026-03-21 20:47:05, 2026-03-21 21:01:55", "cumulative_total": 3 }, "geometry": { "type": "Polygon", "coordinates": [ [ [ -69.087299232890942, 48.124599077992059 ], [ -69.093685274000094, 48.127527338501736 ], [ -69.093090666921441, 48.132694134653818 ], [ -69.086108692154752, 48.134932545964695 ], [ -69.07972223908618, 48.132003844055582 ], [ -69.080318172683889, 48.126837172303404 ], [ -69.087299232890942, 48.124599077992059 ] ] ] } },
{ "type": "Feature", "properties": { "hex_id": 975194, "centroid_lon": -69.084917481045537, "centroid_lat": 48.145265973047856, "occurrences_today": 3, "datetimes_today": "2026-03-21 20:31:48, 2026-03-21 20:47:05, 2026-03-21 21:01:55", "cumulative_total": 3 }, "geometry": { "type": "Polygon", "coordinates": [ [ [ -69.085513170426694, 48.140099264618463 ], [ -69.091900950565844, 48.143027696328858 ], [ -69.091305841169287, 48.148194461847808 ], [ -69.084321623951354, 48.150432671250819 ], [ -69.077933431570571, 48.147503797901749 ], [ -69.078529868589456, 48.142337156856769 ], [ -69.085513170426694, 48.140099264618463 ] ] ] } },
{ "type": "Feature", "properties": { "hex_id": 975195, "centroid_lon": -69.083129406384131, "centroid_lat": 48.160766036969534, "occurrences_today": 3, "datetimes_today": "2026-03-21 20:31:48, 2026-03-21 20:47:05, 2026-03-21 21:01:55", "cumulative_total": 3 }, "geometry": { "type": "Polygon", "coordinates": [ [ [ -69.083725599084204, 48.155599359225398 ], [ -69.090115119639393, 48.158527962238502 ], [ -69.089519507386257, 48.163694697106237 ], [ -69.082533045791166, 48.165932704481229 ], [ -69.076143112711975, 48.163003659590053 ], [ -69.07674005369185, 48.15783704927042 ], [ -69.083725599084204, 48.155599359225398 ] ] ] } },
{ "type": "Feature", "properties": { "hex_id": 975196, "centroid_lon": -69.081339820686381, "centroid_lat": 48.176266008799253, "occurrences_today": 3, "datetimes_today": "2026-03-21 20:31:48, 2026-03-21 20:47:05, 2026-03-21 21:01:55", "cumulative_total": 3 }, "geometry": { "type": "Polygon", "coordinates": [ [ [ -69.081936517245268, 48.171099361758479 ], [ -69.088327779603887, 48.17402813617641 ], [ -69.087731663954685, 48.179194840374862 ], [ -69.080742956054436, 48.181432645601546 ], [ -69.074351280889232, 48.178503429066005 ], [ -69.074948726370764, 48.173336849489871 ], [ -69.081936517245268, 48.171099361758479 ] ] ] } },
{ "type": "Feature", "properties": { "hex_id": 975197, "centroid_lon": -69.079548722330856, "centroid_lat": 48.191765888482607, "occurrences_today": 3, "datetimes_today": "2026-03-21 20:31:48, 2026-03-21 20:47:05, 2026-03-21 21:01:55", "cumulative_total": 3 }, "geometry": { "type": "Polygon", "coordinates": [ [ [ -69.080145923289308, 48.186599272163342 ], [ -69.086538928840071, 48.189528218088327 ], [ -69.08594230925452, 48.194694891599347 ], [ -69.078951353118939, 48.196932494557316 ], [ -69.07255793447888, 48.194003106275005 ], [ -69.073155885003501, 48.18883655746059 ], [ -69.080145923289308, 48.186599272163342 ] ] ] } },
{ "type": "Feature", "properties": { "hex_id": 975198, "centroid_lon": -69.077756109693794, "centroid_lat": 48.20726567596504, "occurrences_today": 3, "datetimes_today": "2026-03-21 20:31:48, 2026-03-21 20:47:05, 2026-03-21 21:01:55", "cumulative_total": 3 }, "geometry": { "type": "Polygon", "coordinates": [ [ [ -69.078353815593317, 48.202099090385474 ], [ -69.084748565726272, 48.205028207919867 ], [ -69.08415144166328, 48.21019485072533 ], [ -69.077158235360073, 48.212432251293997 ], [ -69.070763071854913, 48.209502691162406 ], [ -69.071361527964882, 48.204336173127949 ], [ -69.078353815593317, 48.202099090385474 ] ] ] } },
{ "type": "Feature", "properties": { "hex_id": 975804, "centroid_lon": -69.079126137741341, "centroid_lat": 48.137170505574041, "occurrences_today": 3, "datetimes_today": "2026-03-21 20:31:48, 2026-03-21 20:47:05, 2026-03-21 21:01:55", "cumulative_total": 3 }, "geometry": { "type": "Polygon", "coordinates": [ [ [ -69.07972223908618, 48.132003844055582 ], [ -69.086108692154752, 48.134932545964695 ], [ -69.085513170426694, 48.140099264618463 ], [ -69.078529868589456, 48.142337156856769 ], [ -69.072143003741118, 48.139408013387197 ], [ -69.072739852449857, 48.134241419308175 ], [ -69.07972223908618, 48.132003844055582 ] ] ] } },
{ "type": "Feature", "properties": { "hex_id": 975805, "centroid_lon": -69.077336826624702, "centroid_lat": 48.152670428706976, "occurrences_today": 3, "datetimes_today": "2026-03-21 20:31:48, 2026-03-21 20:47:05, 2026-03-21 21:01:55", "cumulative_total": 3 }, "geometry": { "type": "Polygon", "coordinates": [ [ [ -69.077933431570571, 48.147503797901749 ], [ -69.084321623951354, 48.150432671250819 ], [ -69.083725599084204, 48.155599359225398 ], [ -69.07674005369185, 48.15783704927042 ], [ -69.070351449249358, 48.154907734121572 ], [ -69.070948802200917, 48.14974117079592 ], [ -69.077933431570571, 48.147503797901749 ] ] ] } },
{ "type": "Feature", "properties": { "hex_id": 975806, "centroid_lon": -69.075546003624964, "centroid_lat": 48.168170259663881, "occurrences_today": 3, "datetimes_today": "2026-03-21 20:31:48, 2026-03-21 20:47:05, 2026-03-21 21:01:55", "cumulative_total": 3 }, "geometry": { "type": "Polygon", "coordinates": [ [ [ -69.076143112711975, 48.163003659590053 ], [ -69.082533045791166, 48.165932704481229 ], [ -69.081936517245268, 48.171099361758479 ], [ -69.074948726370764, 48.173336849489871 ], [ -69.068558380947735, 48.170407362559452 ], [ -69.069156238682908, 48.165240830005366 ], [ -69.076143112711975, 48.163003659590053 ] ] ] } },
{ "type": "Feature", "properties": { "hex_id": 975807, "centroid_lon": -69.073753667120215, "centroid_lat": 48.183669998390243, "occurrences_today": 3, "datetimes_today": "2026-03-21 20:31:48, 2026-03-21 20:47:05, 2026-03-21 21:01:55", "cumulative_total": 3 }, "geometry": { "type": "Polygon", "coordinates": [ [ [ -69.074351280889232, 48.178503429066005 ], [ -69.080742956054436, 48.181432645601546 ], [ -69.080145923289308, 48.186599272163342 ], [ -69.073155885003501, 48.18883655746059 ], [ -69.066763797212175, 48.185906898646166 ], [ -69.067362160272594, 48.180740396881873 ], [ -69.074351280889232, 48.178503429066005 ] ] ] } },
{ "type": "Feature", "properties": { "hex_id": 975808, "centroid_lon": -69.071959815486096, "centroid_lat": 48.199169644831457, "occurrences_today": 3, "datetimes_today": "2026-03-21 20:31:48, 2026-03-21 20:47:05, 2026-03-21 21:01:55", "cumulative_total": 3 }, "geometry": { "type": "Polygon", "coordinates": [ [ [ -69.07255793447888, 48.194003106275005 ], [ -69.078951353118939, 48.196932494557316 ], [ -69.078353815593317, 48.202099090385474 ], [ -69.071361527964882, 48.204336173127949 ], [ -69.064967696416232, 48.201406342326969 ], [ -69.065566565344312, 48.196239871370729 ], [ -69.07255793447888, 48.194003106275005 ] ] ] } },
{ "type": "Feature", "properties": { "hex_id": 976416, "centroid_lon": -69.069753928096745, "centroid_lat": 48.160074287192067, "occurrences_today": 3, "datetimes_today": "2026-03-21 20:31:48, 2026-03-21 20:47:05, 2026-03-21 21:01:55", "cumulative_total": 3 }, "geometry": { "type": "Polygon", "coordinates": [ [ [ -69.070351449249358, 48.154907734121572 ], [ -69.07674005369185, 48.15783704927042 ], [ -69.076143112711975, 48.163003659590053 ], [ -69.069156238682908, 48.165240830005366 ], [ -69.062767222358957, 48.162311072895626 ], [ -69.063365491885378, 48.157144587399948 ], [ -69.070351449249358, 48.154907734121572 ] ] ] } },
{ "type": "Feature", "properties": { "hex_id": 976417, "centroid_lon": -69.06796035483103, "centroid_lat": 48.175573884852284, "occurrences_today": 3, "datetimes_today": "2026-03-21 20:31:48, 2026-03-21 20:47:05, 2026-03-21 21:01:55", "cumulative_total": 3 }, "geometry": { "type": "Polygon", "coordinates": [ [ [ -69.068558380947735, 48.170407362559452 ], [ -69.074948726370764, 48.173336849489871 ], [ -69.074351280889232, 48.178503429066005 ], [ -69.067362160272594, 48.180740396881873 ], [ -69.060971402686235, 48.17781046775098 ], [ -69.061570177819632, 48.172644013073175 ], [ -69.068558380947735, 48.170407362559452 ] ] ] } },
{ "type": "Feature", "properties": { "hex_id": 976418, "centroid_lon": -69.066165265589518, "centroid_lat": 48.191073390143117, "occurrences_today": 3, "datetimes_today": "2026-03-21 20:31:48, 2026-03-21 20:47:05, 2026-03-21 21:01:55", "cumulative_total": 3 }, "geometry": { "type": "Polygon", "coordinates": [ [ [ -69.066763797212175, 48.185906898646166 ], [ -69.073155885003501, 48.18883655746059 ], [ -69.07255793447888, 48.194003106275005 ], [ -69.065566565344312, 48.196239871370729 ], [ -69.059174065107655, 48.193309770116109 ], [ -69.0597733463906, 48.188143346274487 ], [ -69.066763797212175, 48.185906898646166 ] ] ] } },
{ "type": "Feature", "properties": { "hex_id": 976419, "centroid_lon": -69.064368658744911, "centroid_lat": 48.206572803009784, "occurrences_today": 3, "datetimes_today": "2026-03-21 20:31:48, 2026-03-21 20:47:05, 2026-03-21 21:01:55", "cumulative_total": 3 }, "geometry": { "type": "Polygon", "coordinates": [ [ [ -69.064967696416232, 48.201406342326969 ], [ -69.071361527964882, 48.204336173127949 ], [ -69.070763071854913, 48.209502691162406 ], [ -69.06376945226998, 48.211739253417157 ], [ -69.057375207993786, 48.208808979936101 ], [ -69.057974995969673, 48.203642586948966 ], [ -69.064967696416232, 48.201406342326969 ] ] ] } },
{ "type": "Feature", "properties": { "hex_id": 976420, "centroid_lon": -69.062570532667522, "centroid_lat": 48.222072123397446, "occurrences_today": 3, "datetimes_today": "2026-03-21 20:31:48, 2026-03-21 20:47:05, 2026-03-21 21:01:55", "cumulative_total": 3 }, "geometry": { "type": "Polygon", "coordinates": [ [ [ -69.063170076930987, 48.216905693547048 ], [ -69.069565653627379, 48.219835696437244 ], [ -69.068966691389022, 48.225002183673531 ], [ -69.061970819419074, 48.227238542966269 ], [ -69.055574829712782, 48.224308097155976 ], [ -69.056175124925844, 48.219141735041646 ], [ -69.063170076930987, 48.216905693547048 ] ] ] } },
{ "type": "Feature", "properties": { "hex_id": 977027, "centroid_lon": -69.062168784357112, "centroid_lat": 48.167477548120715, "occurrences_today": 3, "datetimes_today": "2026-03-21 20:31:48, 2026-03-21 20:47:05, 2026-03-21 21:01:55", "cumulative_total": 3 }, "geometry": { "type": "Polygon", "coordinates": [ [ [ -69.062767222358957, 48.162311072895626 ], [ -69.069156238682908, 48.165240830005366 ], [ -69.068558380947735, 48.170407362559452 ], [ -69.061570177819632, 48.172644013073175 ], [ -69.055180749794772, 48.169713813841433 ], [ -69.05577993653867, 48.164547406286438 ], [ -69.062767222358957, 48.162311072895626 ] ] ] } },
{ "type": "Feature", "properties": { "hex_id": 977028, "centroid_lon": -69.06037245889668, "centroid_lat": 48.1829769121521, "occurrences_today": 3, "datetimes_today": "2026-03-21 20:31:48, 2026-03-21 20:47:05, 2026-03-21 21:01:55", "cumulative_total": 3 }, "geometry": { "type": "Polygon", "coordinates": [ [ [ -69.060971402686235, 48.17781046775098 ], [ -69.067362160272594, 48.180740396881873 ], [ -69.066763797212175, 48.185906898646166 ], [ -69.0597733463906, 48.188143346274487 ], [ -69.053382176821756, 48.185212974781926 ], [ -69.053981869996662, 48.180046598091209 ], [ -69.060971402686235, 48.17781046775098 ] ] ] } },
{ "type": "Feature", "properties": { "hex_id": 977029, "centroid_lon": -69.058574614987492, "centroid_lat": 48.198476183674948, "occurrences_today": 3, "datetimes_today": "2026-03-21 20:31:48, 2026-03-21 20:47:05, 2026-03-21 21:01:55", "cumulative_total": 3 }, "geometry": { "type": "Polygon", "coordinates": [ [ [ -69.059174065107655, 48.193309770116109 ], [ -69.065566565344312, 48.196239871370729 ], [ -69.064967696416232, 48.201406342326969 ], [ -69.057974995969673, 48.203642586948966 ], [ -69.051582083468801, 48.200712043092857 ], [ -69.052182283618279, 48.195545697284778 ], [ -69.059174065107655, 48.193309770116109 ] ] ] } },
{ "type": "Feature", "properties": { "hex_id": 977030, "centroid_lon": -69.056775250999337, "centroid_lat": 48.213975362634336, "occurrences_today": 3, "datetimes_today": "2026-03-21 20:31:48, 2026-03-21 20:47:05, 2026-03-21 21:01:55", "cumulative_total": 3 }, "geometry": { "type": "Polygon", "coordinates": [ [ [ -69.057375207993786, 48.208808979936101 ], [ -69.06376945226998, 48.211739253417157 ], [ -69.063170076930987, 48.216905693547048 ], [ -69.056175124925844, 48.219141735041646 ], [ -69.049780468103506, 48.216211018719143 ], [ -69.050381175771946, 48.211044703812078 ], [ -69.057375207993786, 48.208808979936101 ] ] ] } },
{ "type": "Feature", "properties": { "hex_id": 977639, "centroid_lon": -69.05278231471577, "centroid_lat": 48.19037934118046, "occurrences_today": 3, "datetimes_today": "2026-03-21 20:31:48, 2026-03-21 20:47:05, 2026-03-21 21:01:55", "cumulative_total": 3 }, "geometry": { "type": "Polygon", "coordinates": [ [ [ -69.053382176821756, 48.185212974781926 ], [ -69.0597733463906, 48.188143346274487 ], [ -69.059174065107655, 48.193309770116109 ], [ -69.052182283618279, 48.195545697284778 ], [ -69.045790702248127, 48.192614883269307 ], [ -69.046391314108234, 48.187448584676602 ], [ -69.053382176821756, 48.185212974781926 ] ] ] } },
{ "type": "Feature", "properties": { "hex_id": 977640, "centroid_lon": -69.050981714206856, "centroid_lat": 48.205878378602634, "occurrences_today": 3, "datetimes_today": "2026-03-21 20:31:48, 2026-03-21 20:47:05, 2026-03-21 21:01:55", "cumulative_total": 3 }, "geometry": { "type": "Polygon", "coordinates": [ [ [ -69.051582083468801, 48.200712043092857 ], [ -69.057974995969673, 48.203642586948966 ], [ -69.057375207993786, 48.208808979936101 ], [ -69.050381175771946, 48.211044703812078 ], [ -69.043987851188277, 48.208113717193136 ], [ -69.044588970848693, 48.202947449529624 ], [ -69.051582083468801, 48.200712043092857 ] ] ] } },
{ "type": "Feature", "properties": { "hex_id": 978250, "centroid_lon": -69.045189921181787, "centroid_lat": 48.197781171554333, "occurrences_today": 3, "datetimes_today": "2026-03-21 20:31:48, 2026-03-21 20:47:05, 2026-03-21 21:01:55", "cumulative_total": 3 }, "geometry": { "type": "Polygon", "coordinates": [ [ [ -69.045790702248127, 48.192614883269307 ], [ -69.052182283618279, 48.195545697284778 ], [ -69.051582083468801, 48.200712043092857 ], [ -69.044588970848693, 48.202947449529624 ], [ -69.038196977858718, 48.200016192829985 ], [ -69.038798509048121, 48.194849972446264 ], [ -69.045790702248127, 48.192614883269307 ] ] ] } },
{ "type": "Feature", "properties": { "hex_id": 978251, "centroid_lon": -69.043386562139915, "centroid_lat": 48.213279974542843, "occurrences_today": 3, "datetimes_today": "2026-03-21 20:31:48, 2026-03-21 20:47:05, 2026-03-21 21:01:55", "cumulative_total": 3 }, "geometry": { "type": "Polygon", "coordinates": [ [ [ -69.043987851188277, 48.208113717193136 ], [ -69.050381175771946, 48.211044703812078 ], [ -69.049780468103506, 48.216211018719143 ], [ -69.042785103643013, 48.218446221576684 ], [ -69.036391367158302, 48.215514792033609 ], [ -69.036993406974474, 48.210348602625729 ], [ -69.043987851188277, 48.208113717193136 ] ] ] } },
{ "type": "Feature", "properties": { "hex_id": 978861, "centroid_lon": -69.037595277187719, "centroid_lat": 48.2051824028905, "occurrences_today": 3, "datetimes_today": "2026-03-21 20:31:48, 2026-03-21 20:47:05, 2026-03-21 21:01:55", "cumulative_total": 3 }, "geometry": { "type": "Polygon", "coordinates": [ [ [ -69.038196977858718, 48.200016192829985 ], [ -69.044588970848693, 48.202947449529624 ], [ -69.043987851188277, 48.208113717193136 ], [ -69.036993406974474, 48.210348602625729 ], [ -69.03060100254649, 48.207416903080642 ], [ -69.031203453709651, 48.202250761016991 ], [ -69.038196977858718, 48.200016192829985 ] ] ] } },
{ "type": "Feature", "properties": { "hex_id": 978862, "centroid_lon": -69.035789157678508, "centroid_lat": 48.220680971112131, "occurrences_today": 3, "datetimes_today": "2026-03-21 20:31:48, 2026-03-21 20:47:05, 2026-03-21 21:01:55", "cumulative_total": 3 }, "geometry": { "type": "Polygon", "coordinates": [ [ [ -69.036391367158302, 48.215514792033609 ], [ -69.042785103643013, 48.218446221576684 ], [ -69.042183475636918, 48.223612458292607 ], [ -69.035186778474355, 48.225847139859219 ], [ -69.028792630270701, 48.22291526723064 ], [ -69.029395590887788, 48.217749156189527 ], [ -69.036391367158302, 48.215514792033609 ] ] ] } },
{ "type": "Feature", "properties": { "hex_id": 978863, "centroid_lon": -69.033981510649866, "centroid_lat": 48.236179446350867, "occurrences_today": 3, "datetimes_today": "2026-03-21 20:31:48, 2026-03-21 20:47:05, 2026-03-21 21:01:55", "cumulative_total": 3 }, "geometry": { "type": "Polygon", "coordinates": [ [ [ -69.034584229485077, 48.231013298272813 ], [ -69.040979710854302, 48.233944900762495 ], [ -69.04037757395632, 48.239111106512368 ], [ -69.0333786219079, 48.241345584091341 ], [ -69.026982728538641, 48.238413538275914 ], [ -69.027586199156985, 48.233247458275883 ], [ -69.034584229485077, 48.231013298272813 ] ] ] } },
{ "type": "Feature", "properties": { "hex_id": 979472, "centroid_lon": -69.029998381626129, "centroid_lat": 48.212583034805505, "occurrences_today": 3, "datetimes_today": "2026-03-21 20:31:48, 2026-03-21 20:47:05, 2026-03-21 21:01:55", "cumulative_total": 3 }, "geometry": { "type": "Polygon", "coordinates": [ [ [ -69.03060100254649, 48.207416903080642 ], [ -69.036993406974474, 48.210348602625729 ], [ -69.036391367158302, 48.215514792033609 ], [ -69.029395590887788, 48.217749156189527 ], [ -69.023002775203949, 48.214817013637756 ], [ -69.023606146985728, 48.209650950005347 ], [ -69.03060100254649, 48.207416903080642 ] ] ] } },
{ "type": "Feature", "properties": { "hex_id": 979473, "centroid_lon": -69.02818949971406, "centroid_lat": 48.228081367926762, "occurrences_today": 3, "datetimes_today": "2026-03-21 20:31:48, 2026-03-21 20:47:05, 2026-03-21 21:01:55", "cumulative_total": 3 }, "geometry": { "type": "Polygon", "coordinates": [ [ [ -69.028792630270701, 48.22291526723064 ], [ -69.035186778474355, 48.225847139859219 ], [ -69.034584229485077, 48.231013298272813 ], [ -69.027586199156985, 48.233247458275883 ], [ -69.021191639416799, 48.230315142400435 ], [ -69.021795521480385, 48.225149109837382 ], [ -69.028792630270701, 48.22291526723064 ] ] ] } },
{ "type": "Feature", "properties": { "hex_id": 980083, "centroid_lon": -69.022399233389123, "centroid_lat": 48.219983066915802, "occurrences_today": 3, "datetimes_today": "2026-03-21 20:31:48, 2026-03-21 20:47:05, 2026-03-21 21:01:55", "cumulative_total": 3 }, "geometry": { "type": "Polygon", "coordinates": [ [ [ -69.023002775203949, 48.214817013637756 ], [ -69.029395590887788, 48.217749156189527 ], [ -69.028792630270701, 48.22291526723064 ], [ -69.021795521480385, 48.225149109837382 ], [ -69.015402294723174, 48.222216524117634 ], [ -69.016006587768771, 48.217050539027674 ], [ -69.023002775203949, 48.214817013637756 ] ] ] } },
{ "type": "Feature", "properties": { "hex_id": 980084, "centroid_lon": -69.020587587137484, "centroid_lat": 48.235481164602902, "occurrences_today": 3, "datetimes_today": "2026-03-21 20:31:48, 2026-03-21 20:47:05, 2026-03-21 21:01:55", "cumulative_total": 3 }, "geometry": { "type": "Polygon", "coordinates": [ [ [ -69.021191639416799, 48.230315142400435 ], [ -69.027586199156985, 48.233247458275883 ], [ -69.026982728538641, 48.238413538275914 ], [ -69.019983364581464, 48.240647176442728 ], [ -69.01358839348751, 48.23771441715904 ], [ -69.014193197643522, 48.232548463185367 ], [ -69.021191639416799, 48.230315142400435 ] ] ] } },
{ "type": "Feature", "properties": { "hex_id": 980693, "centroid_lon": -69.016610710566198, "centroid_lat": 48.211884543569781, "occurrences_today": 3, "datetimes_today": "2026-03-21 20:31:48, 2026-03-21 20:47:05, 2026-03-21 21:01:55", "cumulative_total": 3 }, "geometry": { "type": "Polygon", "coordinates": [ [ [ -69.017214663176318, 48.206718537746006 ], [ -69.023606146985728, 48.209650950005347 ], [ -69.023002775203949, 48.214817013637756 ], [ -69.016006587768771, 48.217050539027674 ], [ -69.009614693348752, 48.214117683679248 ], [ -69.010219396913612, 48.208951746098549 ], [ -69.017214663176318, 48.206718537746006 ] ] ] } },
{ "type": "Feature", "properties": { "hex_id": 980694, "centroid_lon": -69.014797831368398, "centroid_lat": 48.227382498837542, "occurrences_today": 3, "datetimes_today": "2026-03-21 20:31:48, 2026-03-21 20:47:05, 2026-03-21 21:01:55", "cumulative_total": 3 }, "geometry": { "type": "Polygon", "coordinates": [ [ [ -69.015402294723174, 48.222216524117634 ], [ -69.021795521480385, 48.225149109837382 ], [ -69.021191639416799, 48.230315142400435 ], [ -69.014193197643522, 48.232548463185367 ], [ -69.007799559995732, 48.229615434136335 ], [ -69.008404774950804, 48.224449527700223 ], [ -69.015402294723174, 48.222216524117634 ] ] ] } },
{ "type": "Feature", "properties": { "hex_id": 980695, "centroid_lon": -69.012983418839326, "centroid_lat": 48.242880360756473, "occurrences_today": 3, "datetimes_today": "2026-03-21 20:31:48, 2026-03-21 20:47:05, 2026-03-21 21:01:55", "cumulative_total": 3 }, "geometry": { "type": "Polygon", "coordinates": [ [ [ -69.01358839348751, 48.23771441715904 ], [ -69.019983364581464, 48.240647176442728 ], [ -69.019378971687772, 48.245813177917846 ], [ -69.012378273637921, 48.248046293975612 ], [ -69.005982891373264, 48.245113091122271 ], [ -69.006588618268054, 48.239947215849433 ], [ -69.01358839348751, 48.23771441715904 ] ] ] } },
{ "type": "Feature", "properties": { "hex_id": 981304, "centroid_lon": -69.009009819381475, "centroid_lat": 48.21928361088051, "occurrences_today": 3, "datetimes_today": "2026-03-21 20:31:48, 2026-03-21 20:47:05, 2026-03-21 21:01:55", "cumulative_total": 3 }, "geometry": { "type": "Polygon", "coordinates": [ [ [ -69.009614693348752, 48.214117683679248 ], [ -69.016006587768771, 48.217050539027674 ], [ -69.015402294723174, 48.222216524117634 ], [ -69.008404774950804, 48.224449527700223 ], [ -69.002012470103026, 48.221516229101461 ], [ -69.00261809539434, 48.216350370238978 ], [ -69.009614693348752, 48.214117683679248 ] ] ] } },
{ "type": "Feature", "properties": { "hex_id": 981305, "centroid_lon": -69.007194174455179, "centroid_lat": 48.234781330186756, "occurrences_today": 3, "datetimes_today": "2026-03-21 20:31:48, 2026-03-21 20:47:05, 2026-03-21 21:01:55", "cumulative_total": 3 }, "geometry": { "type": "Polygon", "coordinates": [ [ [ -69.007799559995732, 48.229615434136335 ], [ -69.014193197643522, 48.232548463185367 ], [ -69.01358839348751, 48.23771441715904 ], [ -69.006588618268054, 48.239947215849433 ], [ -69.000194569912836, 48.237013743309774 ], [ -69.000800707423394, 48.23184791563893 ], [ -69.007799559995732, 48.229615434136335 ] ] ] } },
{ "type": "Feature", "properties": { "hex_id": 981915, "centroid_lon": -69.001406674133094, "centroid_lat": 48.226682077568789, "occurrences_today": 3, "datetimes_today": "2026-03-21 20:31:48, 2026-03-21 20:47:05, 2026-03-21 21:01:55", "cumulative_total": 3 }, "geometry": { "type": "Polygon", "coordinates": [ [ [ -69.002012470103026, 48.221516229101461 ], [ -69.008404774950804, 48.224449527700223 ], [ -69.007799559995732, 48.229615434136335 ], [ -69.000800707423394, 48.23184791563893 ], [ -68.994407992331048, 48.228914173628596 ], [ -68.995014539994486, 48.223748393595791 ], [ -69.002012470103026, 48.221516229101461 ] ] ] } },
{ "type": "Feature", "properties": { "hex_id": 981916, "centroid_lon": -68.999588261540239, "centroid_lat": 48.242179560579252, "occurrences_today": 3, "datetimes_today": "2026-03-21 20:31:48, 2026-03-21 20:47:05, 2026-03-21 21:01:55", "cumulative_total": 3 }, "geometry": { "type": "Polygon", "coordinates": [ [ [ -69.000194569912836, 48.237013743309774 ], [ -69.006588618268054, 48.239947215849433 ], [ -69.005982891373264, 48.245113091122271 ], [ -68.9989817822444, 48.247345367445277 ], [ -68.9925873233652, 48.244411451253683 ], [ -68.99319438407764, 48.239245702459627 ], [ -69.000194569912836, 48.237013743309774 ] ] ] } },
{ "type": "Feature", "properties": { "hex_id": 982525, "centroid_lon": -68.995620916763983, "centroid_lat": 48.218582603154253, "occurrences_today": 3, "datetimes_today": "2026-03-21 20:31:48, 2026-03-21 20:47:05, 2026-03-21 21:01:55", "cumulative_total": 3 }, "geometry": { "type": "Polygon", "coordinates": [ [ [ -68.996227122700716, 48.213416802306028 ], [ -69.00261809539434, 48.216350370238978 ], [ -69.002012470103026, 48.221516229101461 ], [ -68.995014539994486, 48.223748393595791 ], [ -68.988623157518774, 48.220814382330317 ], [ -68.989230114872555, 48.215648649971563 ], [ -68.996227122700716, 48.213416802306028 ] ] ] } },
{ "type": "Feature", "properties": { "hex_id": 982526, "centroid_lon": -68.993801273712506, "centroid_lat": 48.234079943250578, "occurrences_today": 3, "datetimes_today": "2026-03-21 20:31:48, 2026-03-21 20:47:05, 2026-03-21 21:01:55", "cumulative_total": 3 }, "geometry": { "type": "Polygon", "coordinates": [ [ [ -68.994407992331048, 48.228914173628596 ], [ -69.000800707423394, 48.23184791563893 ], [ -69.000194569912836, 48.237013743309774 ], [ -68.99319438407764, 48.239245702459627 ], [ -68.986801258924245, 48.236311516876462 ], [ -68.98740872960586, 48.231145815784863 ], [ -68.994407992331048, 48.228914173628596 ] ] ] } },
{ "type": "Feature", "properties": { "hex_id": 982527, "centroid_lon": -68.991980091513923, "centroid_lat": 48.249577189630656, "occurrences_today": 3, "datetimes_today": "2026-03-21 20:31:48, 2026-03-21 20:47:05, 2026-03-21 21:01:55", "cumulative_total": 3 }, "geometry": { "type": "Polygon", "coordinates": [ [ [ -68.9925873233652, 48.244411451253683 ], [ -68.9989817822444, 48.247345367445277 ], [ -68.99837513196411, 48.252511163905773 ], [ -68.991372688462505, 48.254742917588459 ], [ -68.984977819243127, 48.251808557583573 ], [ -68.985585803804213, 48.246642887777924 ], [ -68.9925873233652, 48.244411451253683 ] ] ] } },
{ "type": "Feature", "properties": { "hex_id": 983136, "centroid_lon": -68.988016029116949, "centroid_lat": 48.225980104268771, "occurrences_today": 3, "datetimes_today": "2026-03-21 20:31:48, 2026-03-21 20:47:05, 2026-03-21 21:01:55", "cumulative_total": 3 }, "geometry": { "type": "Polygon", "coordinates": [ [ [ -68.988623157518774, 48.220814382330317 ], [ -68.995014539994486, 48.223748393595791 ], [ -68.994407992331048, 48.228914173628596 ], [ -68.98740872960586, 48.231145815784863 ], [ -68.981016937531663, 48.228211361025664 ], [ -68.98162481771989, 48.223045707672483 ], [ -68.988623157518774, 48.220814382330317 ] ] ] } },
{ "type": "Feature", "properties": { "hex_id": 983137, "centroid_lon": -68.986193617010812, "centroid_lat": 48.241477207541521, "occurrences_today": 3, "datetimes_today": "2026-03-21 20:31:48, 2026-03-21 20:47:05, 2026-03-21 21:01:55", "cumulative_total": 3 }, "geometry": { "type": "Polygon", "coordinates": [ [ [ -68.986801258924245, 48.236311516876462 ], [ -68.99319438407764, 48.239245702459627 ], [ -68.9925873233652, 48.244411451253683 ], [ -68.985585803804213, 48.246642887777924 ], [ -68.97919226877363, 48.243708258460657 ], [ -68.979800663119903, 48.238542636421847 ], [ -68.986801258924245, 48.236311516876462 ] ] ] } },
{ "type": "Feature", "properties": { "hex_id": 983746, "centroid_lon": -68.982232526644779, "centroid_lat": 48.217880043885359, "occurrences_today": 3, "datetimes_today": "2026-03-21 20:31:48, 2026-03-21 20:47:05, 2026-03-21 21:01:55", "cumulative_total": 3 }, "geometry": { "type": "Polygon", "coordinates": [ [ [ -68.982840064367593, 48.212714369666386 ], [ -68.989230114872555, 48.215648649971563 ], [ -68.988623157518774, 48.220814382330317 ], [ -68.98162481771989, 48.223045707672483 ], [ -68.975234358078595, 48.220110983952715 ], [ -68.975842647311254, 48.214945378373891 ], [ -68.982840064367593, 48.212714369666386 ] ] ] } },
{ "type": "Feature", "properties": { "hex_id": 983747, "centroid_lon": -68.980408886018779, "centroid_lat": 48.233377003942813, "occurrences_today": 3, "datetimes_today": "2026-03-21 20:31:48, 2026-03-21 20:47:05, 2026-03-21 21:01:55", "cumulative_total": 3 }, "geometry": { "type": "Polygon", "coordinates": [ [ [ -68.981016937531663, 48.228211361025664 ], [ -68.98740872960586, 48.231145815784863 ], [ -68.986801258924245, 48.236311516876462 ], [ -68.979800663119903, 48.238542636421847 ], [ -68.973408461631095, 48.235607738007765 ], [ -68.974017265299906, 48.230442163771741 ], [ -68.981016937531663, 48.228211361025664 ] ] ] } },
{ "type": "Feature", "properties": { "hex_id": 983748, "centroid_lon": -68.978583702918613, "centroid_lat": 48.248873870057146, "occurrences_today": 3, "datetimes_today": "2026-03-21 20:31:48, 2026-03-21 20:47:05, 2026-03-21 21:01:55", "cumulative_total": 3 }, "geometry": { "type": "Polygon", "coordinates": [ [ [ -68.97919226877363, 48.243708258460657 ], [ -68.985585803804213, 48.246642887777924 ], [ -68.984977819243127, 48.251808557583573 ], [ -68.97797496549336, 48.254039471209225 ], [ -68.971581020769776, 48.251104397996571 ], [ -68.972190339427499, 48.245938855122283 ], [ -68.97919226877363, 48.243708258460657 ] ] ] } },
{ "type": "Feature", "properties": { "hex_id": 984357, "centroid_lon": -68.974625897428595, "centroid_lat": 48.225276579086021, "occurrences_today": 3, "datetimes_today": "2026-03-21 20:31:48, 2026-03-21 20:47:05, 2026-03-21 21:01:55", "cumulative_total": 3 }, "geometry": { "type": "Polygon", "coordinates": [ [ [ -68.975234358078595, 48.220110983952715 ], [ -68.98162481771989, 48.223045707672483 ], [ -68.981016937531663, 48.228211361025664 ], [ -68.974017265299906, 48.230442163771741 ], [ -68.967626396706223, 48.227506996476272 ], [ -68.968235609235322, 48.222341470078966 ], [ -68.975234358078595, 48.220110983952715 ] ] ] } },
{ "type": "Feature", "properties": { "hex_id": 984358, "centroid_lon": -68.972799486360785, "centroid_lat": 48.240773301791968, "occurrences_today": 3, "datetimes_today": "2026-03-21 20:31:48, 2026-03-21 20:47:05, 2026-03-21 21:01:55", "cumulative_total": 3 }, "geometry": { "type": "Polygon", "coordinates": [ [ [ -68.973408461631095, 48.235607738007765 ], [ -68.979800663119903, 48.238542636421847 ], [ -68.97919226877363, 48.243708258460657 ], [ -68.972190339427499, 48.245938855122283 ], [ -68.965797728708367, 48.243003512892074 ], [ -68.966407456504243, 48.23783801788494 ], [ -68.973408461631095, 48.235607738007765 ] ] ] } },
{ "type": "Feature", "properties": { "hex_id": 984968, "centroid_lon": -68.967017012483026, "centroid_lat": 48.232672512412307, "occurrences_today": 3, "datetimes_today": "2026-03-21 20:31:48, 2026-03-21 20:47:05, 2026-03-21 21:01:55", "cumulative_total": 3 }, "geometry": { "type": "Polygon", "coordinates": [ [ [ -68.967626396706223, 48.227506996476272 ], [ -68.974017265299906, 48.230442163771741 ], [ -68.973408461631095, 48.235607738007765 ], [ -68.966407456504243, 48.23783801788494 ], [ -68.960016179142471, 48.23490240685264 ], [ -68.960626315614178, 48.229736959748536 ], [ -68.967626396706223, 48.227506996476272 ] ] ] } },
{ "type": "Feature", "properties": { "hex_id": 984969, "centroid_lon": -68.96518782903388, "centroid_lat": 48.248168997431613, "occurrences_today": 3, "datetimes_today": "2026-03-21 20:31:48, 2026-03-21 20:47:05, 2026-03-21 21:01:55", "cumulative_total": 3 }, "geometry": { "type": "Polygon", "coordinates": [ [ [ -68.965797728708367, 48.243003512892074 ], [ -68.972190339427499, 48.245938855122283 ], [ -68.971581020769776, 48.251104397996571 ], [ -68.964577757419221, 48.253334471501439 ], [ -68.958184737654292, 48.250398685293902 ], [ -68.958795390224125, 48.245233269627441 ], [ -68.965797728708367, 48.243003512892074 ] ] ] } },
{ "type": "Feature", "properties": { "hex_id": 985578, "centroid_lon": -68.961236280176323, "centroid_lat": 48.224571502169447, "occurrences_today": 3, "datetimes_today": "2026-03-21 20:31:48, 2026-03-21 20:47:05, 2026-03-21 21:01:55", "cumulative_total": 3 }, "geometry": { "type": "Polygon", "coordinates": [ [ [ -68.96184607289041, 48.21940603411749 ], [ -68.968235609235322, 48.222341470078966 ], [ -68.967626396706223, 48.227506996476272 ], [ -68.960626315614178, 48.229736959748536 ], [ -68.954236370963088, 48.226801080129498 ], [ -68.954846915648716, 48.221635680964276 ], [ -68.96184607289041, 48.21940603411749 ] ] ] } },
{ "type": "Feature", "properties": { "hex_id": 985579, "centroid_lon": -68.959405870699655, "centroid_lat": 48.240067843479643, "occurrences_today": 3, "datetimes_today": "2026-03-21 20:31:48, 2026-03-21 20:47:05, 2026-03-21 21:01:55", "cumulative_total": 3 }, "geometry": { "type": "Polygon", "coordinates": [ [ [ -68.960016179142471, 48.23490240685264 ], [ -68.966407456504243, 48.23783801788494 ], [ -68.965797728708367, 48.243003512892074 ], [ -68.958795390224125, 48.245233269627441 ], [ -68.952403704278922, 48.24229721469716 ], [ -68.953014765339788, 48.237131846998061 ], [ -68.960016179142471, 48.23490240685264 ] ] ] } },
{ "type": "Feature", "properties": { "hex_id": 985580, "centroid_lon": -68.957573912928495, "centroid_lat": 48.255564090476945, "occurrences_today": 3, "datetimes_today": "2026-03-21 20:31:48, 2026-03-21 20:47:05, 2026-03-21 21:01:55", "cumulative_total": 3 }, "geometry": { "type": "Polygon", "coordinates": [ [ [ -68.958184737654292, 48.250398685293902 ], [ -68.964577757419221, 48.253334471501439 ], [ -68.963967513802785, 48.258499935099444 ], [ -68.956962915985073, 48.26072948517443 ], [ -68.95056948735926, 48.25779325482835 ], [ -68.951181065350355, 48.252627918614415 ], [ -68.958184737654292, 48.250398685293902 ] ] ] } },
{ "type": "Feature", "properties": { "hex_id": 986189, "centroid_lon": -68.95362565421398, "centroid_lat": 48.231966468808125, "occurrences_today": 3, "datetimes_today": "2026-03-21 20:31:48, 2026-03-21 20:47:05, 2026-03-21 21:01:55", "cumulative_total": 3 }, "geometry": { "type": "Polygon", "coordinates": [ [ [ -68.954236370963088, 48.226801080129498 ], [ -68.960626315614178, 48.229736959748536 ], [ -68.960016179142471, 48.23490240685264 ], [ -68.953014765339788, 48.237131846998061 ], [ -68.946624412567189, 48.234195523560395 ], [ -68.94723588165715, 48.229030203864475 ], [ -68.954236370963088, 48.226801080129498 ] ] ] } },
{ "type": "Feature", "properties": { "hex_id": 986190, "centroid_lon": -68.951792470969664, "centroid_lat": 48.247462571903306, "occurrences_today": 3, "datetimes_today": "2026-03-21 20:31:48, 2026-03-21 20:47:05, 2026-03-21 21:01:55", "cumulative_total": 3 }, "geometry": { "type": "Polygon", "coordinates": [ [ [ -68.952403704278922, 48.24229721469716 ], [ -68.958795390224125, 48.245233269627441 ], [ -68.958184737654292, 48.250398685293902 ], [ -68.951181065350355, 48.252627918614415 ], [ -68.944788971006645, 48.249691419625002 ], [ -68.945400957303661, 48.244526131442797 ], [ -68.952403704278922, 48.24229721469716 ] ] ] } },
{ "type": "Feature", "properties": { "hex_id": 986800, "centroid_lon": -68.946012771136594, "centroid_lat": 48.239360832753874, "occurrences_today": 3, "datetimes_today": "2026-03-21 20:31:48, 2026-03-21 20:47:05, 2026-03-21 21:01:55", "cumulative_total": 3 }, "geometry": { "type": "Polygon", "coordinates": [ [ [ -68.946624412567189, 48.234195523560395 ], [ -68.953014765339788, 48.237131846998061 ], [ -68.952403704278922, 48.24229721469716 ], [ -68.945400957303661, 48.244526131442797 ], [ -68.939010196594523, 48.241589364025423 ], [ -68.939622590735453, 48.23642412391068 ], [ -68.946624412567189, 48.234195523560395 ] ] ] } },
{ "type": "Feature", "properties": { "hex_id": 986801, "centroid_lon": -68.944176812183784, "centroid_lat": 48.254856697298408, "occurrences_today": 3, "datetimes_today": "2026-03-21 20:31:48, 2026-03-21 20:47:05, 2026-03-21 21:01:55", "cumulative_total": 3 }, "geometry": { "type": "Polygon", "coordinates": [ [ [ -68.944788971006645, 48.249691419625002 ], [ -68.951181065350355, 48.252627918614415 ], [ -68.95056948735926, 48.25779325482835 ], [ -68.943564480773261, 48.26002196446089 ], [ -68.937171978216327, 48.257085021251164 ], [ -68.937784890396813, 48.251919812697793 ], [ -68.944788971006645, 48.249691419625002 ] ] ] } },
{ "type": "Feature", "properties": { "hex_id": 987410, "centroid_lon": -68.940234812320142, "centroid_lat": 48.231258873279728, "occurrences_today": 3, "datetimes_today": "2026-03-21 20:31:48, 2026-03-21 20:47:05, 2026-03-21 21:01:55", "cumulative_total": 3 }, "geometry": { "type": "Polygon", "coordinates": [ [ [ -68.940846861410336, 48.226093612134711 ], [ -68.94723588165715, 48.229030203864475 ], [ -68.946624412567189, 48.234195523560395 ], [ -68.939622590735453, 48.23642412391068 ], [ -68.933233163013739, 48.233487088280661 ], [ -68.933845964536928, 48.228321896269108 ], [ -68.940846861410336, 48.226093612134711 ] ] ] } },
{ "type": "Feature", "properties": { "hex_id": 987411, "centroid_lon": -68.938397629835592, "centroid_lat": 48.24675459362183, "occurrences_today": 3, "datetimes_today": "2026-03-21 20:31:48, 2026-03-21 20:47:05, 2026-03-21 21:01:55", "cumulative_total": 3 }, "geometry": { "type": "Polygon", "coordinates": [ [ [ -68.939010196594523, 48.241589364025423 ], [ -68.945400957303661, 48.244526131442797 ], [ -68.944788971006645, 48.249691419625002 ], [ -68.937784890396813, 48.251919812697793 ], [ -68.93139372193653, 48.248982601139616 ], [ -68.932007041775393, 48.24381744071804 ], [ -68.939010196594523, 48.241589364025423 ] ] ] } },
{ "type": "Feature", "properties": { "hex_id": 988021, "centroid_lon": -68.932620188780518, "centroid_lat": 48.238652269764337, "occurrences_today": 3, "datetimes_today": "2026-03-21 20:31:48, 2026-03-21 20:47:05, 2026-03-21 21:01:55", "cumulative_total": 3 }, "geometry": { "type": "Polygon", "coordinates": [ [ [ -68.933233163013739, 48.233487088280661 ], [ -68.939622590735453, 48.23642412391068 ], [ -68.939010196594523, 48.241589364025423 ], [ -68.932007041775393, 48.24381744071804 ], [ -68.925617206764187, 48.240879961026728 ], [ -68.926230933799772, 48.235714848772602 ], [ -68.933233163013739, 48.233487088280661 ] ] ] } },
{ "type": "Feature", "properties": { "hex_id": 989242, "centroid_lon": -68.919228124740073, "centroid_lat": 48.237942154660992, "occurrences_today": 3, "datetimes_today": "2026-03-21 20:31:48, 2026-03-21 20:47:05, 2026-03-21 21:01:55", "cumulative_total": 3 }, "geometry": { "type": "Polygon", "coordinates": [ [ [ -68.919842431590425, 48.232777101163322 ], [ -68.926230933799772, 48.235714848772602 ], [ -68.925617206764187, 48.240879961026728 ], [ -68.918613644748376, 48.243107197603223 ], [ -68.912224735896601, 48.240169005851229 ], [ -68.912839795641091, 48.235004021733957 ], [ -68.919842431590425, 48.232777101163322 ] ] ] } },
{ "type": "Feature", "properties": { "hex_id": 989852, "centroid_lon": -68.913454682090546, "centroid_lat": 48.229839027049557, "occurrences_today": 3, "datetimes_today": "2026-03-21 20:31:48, 2026-03-21 20:47:05, 2026-03-21 21:01:55", "cumulative_total": 3 }, "geometry": { "type": "Polygon", "coordinates": [ [ [ -68.91406939530701, 48.224674021800183 ], [ -68.920456565361405, 48.227612037112344 ], [ -68.919842431590425, 48.232777101163322 ], [ -68.912839795641091, 48.235004021733957 ], [ -68.906452219405196, 48.232065562358684 ], [ -68.907067685238161, 48.226900626544371 ], [ -68.91406939530701, 48.224674021800183 ] ] ] } }
]
}
