{
"type": "FeatureCollection",
"name": "daily_2026-07-25",
"crs": { "type": "name", "properties": { "name": "urn:ogc:def:crs:OGC:1.3:CRS84" } },
"features": [
{ "type": "Feature", "properties": { "hex_id": 477480, "centroid_lon": -74.582477489882692, "centroid_lat": 45.857704236518195, "occurrences_today": 92, "datetimes_today": "2026-07-25 00:01:45, 2026-07-25 00:17:19, 2026-07-25 00:29:49, 2026-07-25 00:47:08, 2026-07-25 01:02:10, 2026-07-25 01:16:51, 2026-07-25 01:32:21, 2026-07-25 01:46:48, 2026-07-25 02:01:47, 2026-07-25 02:17:11, 2026-07-25 02:32:05, 2026-07-25 03:02:12, 2026-07-25 03:16:45, 2026-07-25 03:32:08, 2026-07-25 03:46:44, 2026-07-25 04:02:15, 2026-07-25 04:16:41, 2026-07-25 04:31:50, 2026-07-25 04:46:51, 2026-07-25 05:16:53, 2026-07-25 05:31:45, 2026-07-25 05:47:08, 2026-07-25 06:02:19, 2026-07-25 06:16:49, 2026-07-25 06:27:15, 2026-07-25 06:46:50, 2026-07-25 07:02:12, 2026-07-25 07:16:44, 2026-07-25 07:31:54, 2026-07-25 07:45:07, 2026-07-25 08:01:39, 2026-07-25 08:17:05, 2026-07-25 08:32:37, 2026-07-25 08:46:47, 2026-07-25 09:02:13, 2026-07-25 09:17:11, 2026-07-25 09:31:58, 2026-07-25 09:46:39, 2026-07-25 10:02:01, 2026-07-25 10:17:36, 2026-07-25 10:31:44, 2026-07-25 11:01:55, 2026-07-25 11:16:38, 2026-07-25 11:31:56, 2026-07-25 11:46:58, 2026-07-25 12:01:47, 2026-07-25 12:16:54, 2026-07-25 12:31:42, 2026-07-25 12:46:57, 2026-07-25 12:57:23, 2026-07-25 13:17:05, 2026-07-25 13:31:44, 2026-07-25 13:47:17, 2026-07-25 13:59:59, 2026-07-25 14:17:10, 2026-07-25 14:32:01, 2026-07-25 14:46:57, 2026-07-25 15:02:21, 2026-07-25 15:17:09, 2026-07-25 15:31:58, 2026-07-25 15:47:16, 2026-07-25 16:01:43, 2026-07-25 16:16:43, 2026-07-25 16:27:38, 2026-07-25 16:46:44, 2026-07-25 17:02:39, 2026-07-25 17:17:07, 2026-07-25 17:46:39, 2026-07-25 18:02:04, 2026-07-25 18:16:44, 2026-07-25 18:27:33, 2026-07-25 18:47:11, 2026-07-25 19:02:48, 2026-07-25 19:16:47, 2026-07-25 19:32:40, 2026-07-25 19:46:57, 2026-07-25 20:01:44, 2026-07-25 20:16:47, 2026-07-25 20:32:27, 2026-07-25 20:47:08, 2026-07-25 21:02:08, 2026-07-25 21:15:55, 2026-07-25 21:31:47, 2026-07-25 21:47:11, 2026-07-25 22:01:48, 2026-07-25 22:16:38, 2026-07-25 22:31:39, 2026-07-25 22:46:42, 2026-07-25 23:01:47, 2026-07-25 23:16:59, 2026-07-25 23:32:10, 2026-07-25 23:46:43", "cumulative_total": 803.0 }, "geometry": { "type": "Polygon", "coordinates": [ [ [ -74.582516375627165, 45.852507891021503 ], [ -74.588937228901088, 45.855129414088736 ], [ -74.588898937705238, 45.860325761408468 ], [ -74.582438593470044, 45.862900577242634 ], [ -74.576017156317477, 45.860278690509539 ], [ -74.576056647275138, 45.855082351673552 ], [ -74.582516375627165, 45.852507891021503 ] ] ] } },
{ "type": "Feature", "properties": { "hex_id": 594675, "centroid_lon": -73.355793895499261, "centroid_lat": 45.519244792659485, "occurrences_today": 12, "datetimes_today": "2026-07-25 14:17:10, 2026-07-25 14:32:01, 2026-07-25 14:46:57, 2026-07-25 15:02:21, 2026-07-25 15:17:09, 2026-07-25 15:31:58, 2026-07-25 15:47:16, 2026-07-25 16:01:43, 2026-07-25 16:16:43, 2026-07-25 16:27:38, 2026-07-25 16:46:44, 2026-07-25 17:02:39", "cumulative_total": 360.0 }, "geometry": { "type": "Polygon", "coordinates": [ [ [ -73.355945212492315, 45.514050142690827 ], [ -73.362268674169442, 45.516739416039769 ], [ -73.362117924892885, 45.521934080004435 ], [ -73.355642537180387, 45.524439437490308 ], [ -73.349318549119531, 45.52174979304138 ], [ -73.349470475141018, 45.516555162271054 ], [ -73.355945212492315, 45.514050142690827 ] ] ] } },
{ "type": "Feature", "properties": { "hex_id": 856149, "centroid_lon": -70.387387477771625, "centroid_lat": 48.244050300771093, "occurrences_today": 8, "datetimes_today": "2026-07-25 05:31:45, 2026-07-25 05:47:08, 2026-07-25 06:02:19, 2026-07-25 06:16:49, 2026-07-25 06:27:15, 2026-07-25 06:46:50, 2026-07-25 07:02:12, 2026-07-25 07:16:44", "cumulative_total": 39.0 }, "geometry": { "type": "Polygon", "coordinates": [ [ [ -70.387853934632844, 48.238872835467546 ], [ -70.394333236200296, 48.24173121477655 ], [ -70.393867386523667, 48.246908724765042 ], [ -70.386920889112133, 48.249227757992614 ], [ -70.380441112182055, 48.24636894521273 ], [ -70.380908307978757, 48.241191532745937 ], [ -70.387853934632844, 48.238872835467546 ] ] ] } },
{ "type": "Feature", "properties": { "hex_id": 1186571, "centroid_lon": -66.402181744839893, "centroid_lat": 50.222230222566047, "occurrences_today": 1, "datetimes_today": "2026-07-25 05:47:08", "cumulative_total": 58.0 }, "geometry": { "type": "Polygon", "coordinates": [ [ [ -66.403111500040396, 50.21709611309705 ], [ -66.409576604059367, 50.220179585390561 ], [ -66.408647441302818, 50.225313779793311 ], [ -66.401251720645021, 50.227364314889641 ], [ -66.394786293226829, 50.224280352409757 ], [ -66.3957169097649, 50.219146345090834 ], [ -66.403111500040396, 50.21709611309705 ] ] ] } },
{ "type": "Feature", "properties": { "hex_id": 1187181, "centroid_lon": -66.396647257156076, "centroid_lat": 50.214012320609136, "occurrences_today": 1, "datetimes_today": "2026-07-25 05:47:08", "cumulative_total": 77.0 }, "geometry": { "type": "Polygon", "coordinates": [ [ [ -66.397577335501154, 50.208878278969458 ], [ -66.404040986347312, 50.21196198648741 ], [ -66.403111500040396, 50.21709611309705 ], [ -66.3957169097649, 50.219146345090834 ], [ -66.389252935977055, 50.216062147490398 ], [ -66.390183875305652, 50.210928208049538 ], [ -66.397577335501154, 50.208878278969458 ] ] ] } },
{ "type": "Feature", "properties": { "hex_id": 1187791, "centroid_lon": -66.391114545435755, "centroid_lat": 50.20579425143336, "occurrences_today": 1, "datetimes_today": "2026-07-25 05:47:08", "cumulative_total": 86.0 }, "geometry": { "type": "Polygon", "coordinates": [ [ [ -66.392044946468175, 50.200660277646662 ], [ -66.39850714490089, 50.203744220176624 ], [ -66.397577335501154, 50.208878278969458 ], [ -66.390183875305652, 50.210928208049538 ], [ -66.383721354388342, 50.207843775540958 ], [ -66.384652616050374, 50.202709904001772 ], [ -66.392044946468175, 50.200660277646662 ] ] ] } },
{ "type": "Feature", "properties": { "hex_id": 1187792, "centroid_lon": -66.388321727349123, "centroid_lat": 50.221196069751116, "occurrences_today": 1, "datetimes_today": "2026-07-25 05:47:08", "cumulative_total": 82.0 }, "geometry": { "type": "Polygon", "coordinates": [ [ [ -66.389252935977055, 50.216062147490398 ], [ -66.3957169097649, 50.219146345090834 ], [ -66.394786293226829, 50.224280352409757 ], [ -66.387390249320987, 50.226329974826889 ], [ -66.380925952893961, 50.223245286983108 ], [ -66.381858022911047, 50.218111467036458 ], [ -66.389252935977055, 50.216062147490398 ] ] ] } },
{ "type": "Feature", "properties": { "hex_id": 1188401, "centroid_lon": -66.38558360846244, "centroid_lat": 50.197576015274734, "occurrences_today": 1, "datetimes_today": "2026-07-25 05:47:08", "cumulative_total": 30.0 }, "geometry": { "type": "Polygon", "coordinates": [ [ [ -66.386514331725337, 50.192442109364656 ], [ -66.392975078503596, 50.195526286694282 ], [ -66.392044946468175, 50.200660277646662 ], [ -66.384652616050374, 50.202709904001772 ], [ -66.378191547244199, 50.199625236797374 ], [ -66.379123130782986, 50.194491433183437 ], [ -66.386514331725337, 50.192442109364656 ] ] ] } },
{ "type": "Feature", "properties": { "hex_id": 1188402, "centroid_lon": -66.382789823375532, "centroid_lat": 50.212977629887469, "occurrences_today": 5, "datetimes_today": "2026-07-25 05:47:08, 2026-07-25 11:16:38, 2026-07-25 11:31:56, 2026-07-25 11:46:58, 2026-07-25 12:01:47", "cumulative_total": 63.0 }, "geometry": { "type": "Polygon", "coordinates": [ [ [ -66.383721354388342, 50.207843775540958 ], [ -66.390183875305652, 50.210928208049538 ], [ -66.389252935977055, 50.216062147490398 ], [ -66.381858022911047, 50.218111467036458 ], [ -66.375395179811647, 50.215026544388508 ], [ -66.376327571859434, 50.209892792404744 ], [ -66.383721354388342, 50.207843775540958 ] ] ] } },
{ "type": "Feature", "properties": { "hex_id": 1189012, "centroid_lon": -66.377259694303305, "centroid_lat": 50.20475902320608, "occurrences_today": 1, "datetimes_today": "2026-07-25 05:47:08", "cumulative_total": 127.0 }, "geometry": { "type": "Polygon", "coordinates": [ [ [ -66.378191547244199, 50.199625236797374 ], [ -66.384652616050374, 50.202709904001772 ], [ -66.383721354388342, 50.207843775540958 ], [ -66.376327571859434, 50.209892792404744 ], [ -66.369866181327822, 50.2068076351649 ], [ -66.370798894949672, 50.201673951167557 ], [ -66.378191547244199, 50.199625236797374 ] ] ] } },
{ "type": "Feature", "properties": { "hex_id": 1189013, "centroid_lon": -66.374462518058962, "centroid_lat": 50.220160279152559, "occurrences_today": 1, "datetimes_today": "2026-07-25 05:47:08", "cumulative_total": 82.0 }, "geometry": { "type": "Polygon", "coordinates": [ [ [ -66.375395179811647, 50.215026544388508 ], [ -66.381858022911047, 50.218111467036458 ], [ -66.380925952893961, 50.223245286983108 ], [ -66.373529586500354, 50.225293996692066 ], [ -66.367066421521812, 50.222208583743971 ], [ -66.367999944714953, 50.217074951457946 ], [ -66.375395179811647, 50.215026544388508 ] ] ] } },
{ "type": "Feature", "properties": { "hex_id": 1189623, "centroid_lon": -66.368933197949943, "centroid_lat": 50.211941301929983, "occurrences_today": 1, "datetimes_today": "2026-07-25 05:47:08", "cumulative_total": 53.0 }, "geometry": { "type": "Polygon", "coordinates": [ [ [ -66.369866181327822, 50.2068076351649 ], [ -66.376327571859434, 50.209892792404744 ], [ -66.375395179811647, 50.215026544388508 ], [ -66.367999944714953, 50.217074951457946 ], [ -66.36153823276085, 50.213989304022014 ], [ -66.362472077224893, 50.208855739783566 ], [ -66.369866181327822, 50.2068076351649 ] ] ] } },
{ "type": "Feature", "properties": { "hex_id": 1190233, "centroid_lon": -66.363405651679756, "centroid_lat": 50.203722158290617, "occurrences_today": 1, "datetimes_today": "2026-07-25 05:47:08", "cumulative_total": 24.0 }, "geometry": { "type": "Polygon", "coordinates": [ [ [ -66.364338956226504, 50.198588559548014 ], [ -66.370798894949672, 50.201673951167557 ], [ -66.369866181327822, 50.2068076351649 ], [ -66.362472077224893, 50.208855739783566 ], [ -66.356011817535432, 50.205769858071953 ], [ -66.356945982814167, 50.200636361904557 ], [ -66.364338956226504, 50.198588559548014 ] ] ] } },
{ "type": "Feature", "properties": { "hex_id": 1190234, "centroid_lon": -66.360604118186515, "centroid_lat": 50.21912285100111, "occurrences_today": 1, "datetimes_today": "2026-07-25 05:47:08", "cumulative_total": 57.0 }, "geometry": { "type": "Polygon", "coordinates": [ [ [ -66.36153823276085, 50.213989304022014 ], [ -66.367999944714953, 50.217074951457946 ], [ -66.367066421521812, 50.222208583743971 ], [ -66.359669733400708, 50.224256380716 ], [ -66.353207700327474, 50.221170242923286 ], [ -66.35414267639328, 50.216036798586167 ], [ -66.36153823276085, 50.213989304022014 ] ] ] } },
{ "type": "Feature", "properties": { "hex_id": 1190844, "centroid_lon": -66.35507738209553, "centroid_lat": 50.210903336967434, "occurrences_today": 1, "datetimes_today": "2026-07-25 05:47:08", "cumulative_total": 20.0 }, "geometry": { "type": "Polygon", "coordinates": [ [ [ -66.356011817535432, 50.205769858071953 ], [ -66.362472077224893, 50.208855739783566 ], [ -66.36153823276085, 50.213989304022014 ], [ -66.35414267639328, 50.216036798586167 ], [ -66.347682096040913, 50.212950426621894 ], [ -66.348617392617825, 50.207817050416935 ], [ -66.356011817535432, 50.205769858071953 ] ] ] } },
{ "type": "Feature", "properties": { "hex_id": 1191454, "centroid_lon": -66.349552418780462, "centroid_lat": 50.202683656917785, "occurrences_today": 1, "datetimes_today": "2026-07-25 05:47:08", "cumulative_total": 20.0 }, "geometry": { "type": "Polygon", "coordinates": [ [ [ -66.350487174630018, 50.197550246129353 ], [ -66.356945982814167, 50.200636361904557 ], [ -66.356011817535432, 50.205769858071953 ], [ -66.348617392617825, 50.207817050416935 ], [ -66.342158264226512, 50.204730444493158 ], [ -66.343093880858802, 50.199597136443749 ], [ -66.350487174630018, 50.197550246129353 ] ] ] } },
{ "type": "Feature", "properties": { "hex_id": 1191455, "centroid_lon": -66.346746528948429, "centroid_lat": 50.218083785527803, "occurrences_today": 1, "datetimes_today": "2026-07-25 05:47:08", "cumulative_total": 21.0 }, "geometry": { "type": "Polygon", "coordinates": [ [ [ -66.347682096040913, 50.212950426621894 ], [ -66.35414267639328, 50.216036798586167 ], [ -66.353207700327474, 50.221170242923286 ], [ -66.345810691239095, 50.223217127129828 ], [ -66.339349790527578, 50.220130264752292 ], [ -66.340286219162252, 50.21499700865229 ], [ -66.347682096040913, 50.212950426621894 ] ] ] } },
{ "type": "Feature", "properties": { "hex_id": 1192065, "centroid_lon": -66.341222377028103, "centroid_lat": 50.209863735230975, "occurrences_today": 1, "datetimes_today": "2026-07-25 05:47:08", "cumulative_total": 17.0 }, "geometry": { "type": "Polygon", "coordinates": [ [ [ -66.342158264226512, 50.204730444493158 ], [ -66.348617392617825, 50.207817050416935 ], [ -66.347682096040913, 50.212950426621894 ], [ -66.340286219162252, 50.21499700865229 ], [ -66.33382677086756, 50.211909912419465 ], [ -66.334763519253585, 50.206776724536077 ], [ -66.342158264226512, 50.204730444493158 ] ] ] } },
{ "type": "Feature", "properties": { "hex_id": 1192675, "centroid_lon": -66.335699996820352, "centroid_lat": 50.201643519318779, "occurrences_today": 1, "datetimes_today": "2026-07-25 05:47:08", "cumulative_total": 17.0 }, "geometry": { "type": "Polygon", "coordinates": [ [ [ -66.336636203669229, 50.196510296772459 ], [ -66.343093880858802, 50.199597136443749 ], [ -66.342158264226512, 50.204730444493158 ], [ -66.334763519253585, 50.206776724536077 ], [ -66.328305522615963, 50.203689394659882 ], [ -66.329242590297994, 50.198556275016436 ], [ -66.336636203669229, 50.196510296772459 ] ] ] } },
{ "type": "Feature", "properties": { "hex_id": 1192676, "centroid_lon": -66.332889751560913, "centroid_lat": 50.217043082964068, "occurrences_today": 1, "datetimes_today": "2026-07-25 05:47:08", "cumulative_total": 17.0 }, "geometry": { "type": "Polygon", "coordinates": [ [ [ -66.33382677086756, 50.211909912419465 ], [ -66.340286219162252, 50.21499700865229 ], [ -66.339349790527578, 50.220130264752292 ], [ -66.331952461232135, 50.222176236165019 ], [ -66.325492693338305, 50.219088649462627 ], [ -66.326430574237591, 50.213955581887866 ], [ -66.33382677086756, 50.211909912419465 ] ] ] } },
{ "type": "Feature", "properties": { "hex_id": 1193286, "centroid_lon": -66.327368183962975, "centroid_lat": 50.208822496952003, "occurrences_today": 1, "datetimes_today": "2026-07-25 05:47:08", "cumulative_total": 17.0 }, "geometry": { "type": "Polygon", "coordinates": [ [ [ -66.328305522615963, 50.203689394659882 ], [ -66.334763519253585, 50.206776724536077 ], [ -66.33382677086756, 50.211909912419465 ], [ -66.326430574237591, 50.213955581887866 ], [ -66.319972258456119, 50.210867761646405 ], [ -66.320910458347001, 50.205734762372572 ], [ -66.328305522615963, 50.203689394659882 ] ] ] } },
{ "type": "Feature", "properties": { "hex_id": 1193896, "centroid_lon": -66.321848387013844, "centroid_lat": 50.200601745725066, "occurrences_today": 1, "datetimes_today": "2026-07-25 05:47:08", "cumulative_total": 20.0 }, "geometry": { "type": "Polygon", "coordinates": [ [ [ -66.322786044558129, 50.195468711708749 ], [ -66.329242590297994, 50.198556275016436 ], [ -66.328305522615963, 50.203689394659882 ], [ -66.320910458347001, 50.205734762372572 ], [ -66.314453593918159, 50.202646708803869 ], [ -66.315392112345762, 50.197513777854233 ], [ -66.322786044558129, 50.195468711708749 ] ] ] } },
{ "type": "Feature", "properties": { "hex_id": 1193897, "centroid_lon": -66.319033787239661, "centroid_lat": 50.216000743541635, "occurrences_today": 1, "datetimes_today": "2026-07-25 05:47:08", "cumulative_total": 17.0 }, "geometry": { "type": "Polygon", "coordinates": [ [ [ -66.319972258456119, 50.210867761646405 ], [ -66.326430574237591, 50.213955581887866 ], [ -66.325492693338305, 50.219088649462627 ], [ -66.318095044596006, 50.221133708053401 ], [ -66.311636409975364, 50.218045397286232 ], [ -66.312575742834582, 50.212912518524767 ], [ -66.319972258456119, 50.210867761646405 ] ] ] } },
{ "type": "Feature", "properties": { "hex_id": 1194507, "centroid_lon": -66.313514804114959, "centroid_lat": 50.207779622362352, "occurrences_today": 1, "datetimes_today": "2026-07-25 05:47:08", "cumulative_total": 25.0 }, "geometry": { "type": "Polygon", "coordinates": [ [ [ -66.314453593918159, 50.202646708803869 ], [ -66.320910458347001, 50.205734762372572 ], [ -66.319972258456119, 50.210867761646405 ], [ -66.312575742834582, 50.212912518524767 ], [ -66.306118560021417, 50.209823974534707 ], [ -66.307058211112491, 50.204691164158369 ], [ -66.314453593918159, 50.202646708803869 ] ] ] } },
{ "type": "Feature", "properties": { "hex_id": 1195118, "centroid_lon": -66.305178637199944, "centroid_lat": 50.214956767492602, "occurrences_today": 1, "datetimes_today": "2026-07-25 05:47:08", "cumulative_total": 30.0 }, "geometry": { "type": "Polygon", "coordinates": [ [ [ -66.306118560021417, 50.209823974534707 ], [ -66.312575742834582, 50.212912518524767 ], [ -66.311636409975364, 50.218045397286232 ], [ -66.304238442546364, 50.220089543027136 ], [ -66.297780941653954, 50.217000508455406 ], [ -66.298721726168012, 50.211867818795191 ], [ -66.306118560021417, 50.209823974534707 ] ] ] } },
{ "type": "Feature", "properties": { "hex_id": 1195728, "centroid_lon": -66.299662238698446, "centroid_lat": 50.20673511169413, "occurrences_today": 1, "datetimes_today": "2026-07-25 05:47:08", "cumulative_total": 25.0 }, "geometry": { "type": "Polygon", "coordinates": [ [ [ -66.300602479347077, 50.201602387157131 ], [ -66.307058211112491, 50.204691164158369 ], [ -66.306118560021417, 50.209823974534707 ], [ -66.298721726168012, 50.211867818795191 ], [ -66.29226567677776, 50.208778551316712 ], [ -66.293206778763988, 50.20364593012571 ], [ -66.300602479347077, 50.201602387157131 ] ] ] } },
{ "type": "Feature", "properties": { "hex_id": 579421, "centroid_lon": -73.512292001908946, "centroid_lat": 45.653908102372931, "occurrences_today": 3, "datetimes_today": "2026-07-25 10:31:44, 2026-07-25 11:01:55, 2026-07-25 11:16:38", "cumulative_total": 229.0 }, "geometry": { "type": "Polygon", "coordinates": [ [ [ -73.512429563838126, 45.64871318687802 ], [ -73.51877569842992, 45.651394015579307 ], [ -73.518638710423261, 45.656588943562021 ], [ -73.51215440234634, 45.659103012799655 ], [ -73.505807731471762, 45.656421812731026 ], [ -73.505945904944227, 45.651226914856906 ], [ -73.512429563838126, 45.64871318687802 ] ] ] } },
{ "type": "Feature", "properties": { "hex_id": 686274, "centroid_lon": -72.378889749807584, "centroid_lat": 45.875164274736676, "occurrences_today": 3, "datetimes_today": "2026-07-25 23:16:59, 2026-07-25 23:32:10, 2026-07-25 23:46:43", "cumulative_total": 117.0 }, "geometry": { "type": "Polygon", "coordinates": [ [ [ -72.379133931603178, 45.869973251717113 ], [ -72.385447602760806, 45.872716299658002 ], [ -72.385203985494499, 45.877907346372623 ], [ -72.378645501075439, 45.880355292008211 ], [ -72.372331332336387, 45.877611859649242 ], [ -72.372576145575167, 45.87242086613773 ], [ -72.379133931603178, 45.869973251717113 ] ] ] } },
{ "type": "Feature", "properties": { "hex_id": 697868, "centroid_lon": -72.26082187987079, "centroid_lat": 45.786647953830261, "occurrences_today": 2, "datetimes_today": "2026-07-25 15:47:16, 2026-07-25 16:01:43", "cumulative_total": 190.0 }, "geometry": { "type": "Polygon", "coordinates": [ [ [ -72.261076266486569, 45.781457351570495 ], [ -72.267374022997089, 45.784206609626878 ], [ -72.267120196537036, 45.789397236688508 ], [ -72.260567423604215, 45.791838550252656 ], [ -72.254269176600516, 45.789088907908386 ], [ -72.254524192999327, 45.783898336352586 ], [ -72.261076266486569, 45.781457351570495 ] ] ] } },
{ "type": "Feature", "properties": { "hex_id": 373068, "centroid_lon": -75.680701094826475, "centroid_lat": 45.599207381929602, "occurrences_today": 20, "datetimes_today": "2026-07-25 19:02:48, 2026-07-25 19:16:47, 2026-07-25 19:32:40, 2026-07-25 19:46:57, 2026-07-25 20:01:44, 2026-07-25 20:16:47, 2026-07-25 20:32:27, 2026-07-25 20:47:08, 2026-07-25 21:02:08, 2026-07-25 21:15:55, 2026-07-25 21:31:47, 2026-07-25 21:47:11, 2026-07-25 22:01:48, 2026-07-25 22:16:38, 2026-07-25 22:31:39, 2026-07-25 22:46:42, 2026-07-25 23:01:47, 2026-07-25 23:16:59, 2026-07-25 23:32:10, 2026-07-25 23:46:43", "cumulative_total": 322.0 }, "geometry": { "type": "Polygon", "coordinates": [ [ [ -75.680638267674084, 45.594011029396384 ], [ -75.687080044840599, 45.596570829885657 ], [ -75.687143472240137, 45.601767173094949 ], [ -75.680763939159945, 45.604403729647693 ], [ -75.674321544562346, 45.601843579937658 ], [ -75.674259300481808, 45.596647222960449 ], [ -75.680638267674084, 45.594011029396384 ] ] ] } },
{ "type": "Feature", "properties": { "hex_id": 373678, "centroid_lon": -75.674197073417716, "centroid_lat": 45.591450861169378, "occurrences_today": 20, "datetimes_today": "2026-07-25 19:02:48, 2026-07-25 19:16:47, 2026-07-25 19:32:40, 2026-07-25 19:46:57, 2026-07-25 20:01:44, 2026-07-25 20:16:47, 2026-07-25 20:32:27, 2026-07-25 20:47:08, 2026-07-25 21:02:08, 2026-07-25 21:15:55, 2026-07-25 21:31:47, 2026-07-25 21:47:11, 2026-07-25 22:01:48, 2026-07-25 22:16:38, 2026-07-25 22:31:39, 2026-07-25 22:46:42, 2026-07-25 23:01:47, 2026-07-25 23:16:59, 2026-07-25 23:32:10, 2026-07-25 23:46:43", "cumulative_total": 309.0 }, "geometry": { "type": "Polygon", "coordinates": [ [ [ -75.67413486336433, 45.58625449456445 ], [ -75.68057545769696, 45.588814672048059 ], [ -75.680638267674084, 45.594011029396384 ], [ -75.674259300481808, 45.596647222960449 ], [ -75.667818089211863, 45.594086696283775 ], [ -75.667756462077236, 45.588890325300909 ], [ -75.67413486336433, 45.58625449456445 ] ] ] } },
{ "type": "Feature", "properties": { "hex_id": 374288, "centroid_lon": -75.667694851788823, "centroid_lat": 45.583693949505403, "occurrences_today": 21, "datetimes_today": "2026-07-25 18:47:11, 2026-07-25 19:02:48, 2026-07-25 19:16:47, 2026-07-25 19:32:40, 2026-07-25 19:46:57, 2026-07-25 20:01:44, 2026-07-25 20:16:47, 2026-07-25 20:32:27, 2026-07-25 20:47:08, 2026-07-25 21:02:08, 2026-07-25 21:15:55, 2026-07-25 21:31:47, 2026-07-25 21:47:11, 2026-07-25 22:01:48, 2026-07-25 22:16:38, 2026-07-25 22:31:39, 2026-07-25 22:46:42, 2026-07-25 23:01:47, 2026-07-25 23:16:59, 2026-07-25 23:32:10, 2026-07-25 23:46:43", "cumulative_total": 240.0 }, "geometry": { "type": "Polygon", "coordinates": [ [ [ -75.667633258340956, 45.578497568897284 ], [ -75.674072670315937, 45.581058123145652 ], [ -75.67413486336433, 45.58625449456445 ], [ -75.667756462077236, 45.588890325300909 ], [ -75.661316433658357, 45.5863294218872 ], [ -75.661255422976112, 45.581133036967174 ], [ -75.667633258340956, 45.578497568897284 ] ] ] } },
{ "type": "Feature", "properties": { "hex_id": 522061, "centroid_lon": -74.108725872780468, "centroid_lat": 46.081034452589961, "occurrences_today": 4, "datetimes_today": "2026-07-25 18:27:33, 2026-07-25 18:47:11, 2026-07-25 19:02:48, 2026-07-25 19:16:47", "cumulative_total": 22.0 }, "geometry": { "type": "Polygon", "coordinates": [ [ [ -74.108809527403508, 46.075838802497735 ], [ -74.115233323817037, 46.078486862821713 ], [ -74.115150264467431, 46.083682519539757 ], [ -74.108642195144881, 46.08623009782017 ], [ -74.102217826474387, 46.083581666328236 ], [ -74.102302099375564, 46.078386027789776 ], [ -74.108809527403508, 46.075838802497735 ] ] ] } },
{ "type": "Feature", "properties": { "hex_id": 522671, "centroid_lon": -74.102386349101323, "centroid_lat": 46.073190384387594, "occurrences_today": 4, "datetimes_today": "2026-07-25 18:27:33, 2026-07-25 18:47:11, 2026-07-25 19:02:48, 2026-07-25 19:16:47", "cumulative_total": 22.0 }, "geometry": { "type": "Polygon", "coordinates": [ [ [ -74.102470575659552, 46.067994736121719 ], [ -74.108893159021846, 46.070643147543521 ], [ -74.108809527403508, 46.075838802497735 ], [ -74.102302099375564, 46.078386027789776 ], [ -74.095878944244859, 46.075737245239353 ], [ -74.095963788902608, 46.070541608591427 ], [ -74.102470575659552, 46.067994736121719 ] ] ] } },
{ "type": "Feature", "properties": { "hex_id": 522672, "centroid_lon": -74.10213353038985, "centroid_lat": 46.088777300002988, "occurrences_today": 4, "datetimes_today": "2026-07-25 18:27:33, 2026-07-25 18:47:11, 2026-07-25 19:02:48, 2026-07-25 19:16:47", "cumulative_total": 22.0 }, "geometry": { "type": "Polygon", "coordinates": [ [ [ -74.102217826474387, 46.083581666328236 ], [ -74.108642195144881, 46.08623009782017 ], [ -74.108558494488918, 46.091425738188356 ], [ -74.102049211114107, 46.093972928814026 ], [ -74.095624270210237, 46.091324125990624 ], [ -74.095709184906639, 46.086128503938973 ], [ -74.102217826474387, 46.083581666328236 ] ] ] } },
{ "type": "Feature", "properties": { "hex_id": 523282, "centroid_lon": -74.095794076248851, "centroid_lat": 46.08093287702188, "occurrences_today": 4, "datetimes_today": "2026-07-25 18:27:33, 2026-07-25 18:47:11, 2026-07-25 19:02:48, 2026-07-25 19:16:47", "cumulative_total": 22.0 }, "geometry": { "type": "Polygon", "coordinates": [ [ [ -74.095878944244859, 46.075737245239353 ], [ -74.102302099375564, 46.078386027789776 ], [ -74.102217826474387, 46.083581666328236 ], [ -74.095709184906639, 46.086128503938973 ], [ -74.089285458031299, 46.083479350096432 ], [ -74.089370944460384, 46.078283730001189 ], [ -74.095878944244859, 46.075737245239353 ] ] ] } },
{ "type": "Feature", "properties": { "hex_id": 523283, "centroid_lon": -74.095539332151716, "centroid_lat": 46.096519743176849, "occurrences_today": 4, "datetimes_today": "2026-07-25 18:27:33, 2026-07-25 18:47:11, 2026-07-25 19:02:48, 2026-07-25 19:16:47", "cumulative_total": 22.0 }, "geometry": { "type": "Polygon", "coordinates": [ [ [ -74.095624270210237, 46.091324125990624 ], [ -74.102049211114107, 46.093972928814026 ], [ -74.101964868639229, 46.09916855276132 ], [ -74.095454370723104, 46.101715355497632 ], [ -74.089028857609662, 46.099066181179197 ], [ -74.08911441461396, 46.093870575685436 ], [ -74.095624270210237, 46.091324125990624 ] ] ] } },
{ "type": "Feature", "properties": { "hex_id": 523892, "centroid_lon": -74.089456407380425, "centroid_lat": 46.073088105038813, "occurrences_today": 4, "datetimes_today": "2026-07-25 18:27:33, 2026-07-25 18:47:11, 2026-07-25 19:02:48, 2026-07-25 19:16:47", "cumulative_total": 22.0 }, "geometry": { "type": "Polygon", "coordinates": [ [ [ -74.089541846799435, 46.067892475209312 ], [ -74.095963788902608, 46.070541608591427 ], [ -74.095878944244859, 46.075737245239353 ], [ -74.089370944460384, 46.078283730001189 ], [ -74.082948431100988, 46.075634225366379 ], [ -74.083034488774288, 46.070438607288331 ], [ -74.089541846799435, 46.067892475209312 ] ] ] } },
{ "type": "Feature", "properties": { "hex_id": 523893, "centroid_lon": -74.089199948085167, "centroid_lat": 46.088674965324508, "occurrences_today": 4, "datetimes_today": "2026-07-25 18:27:33, 2026-07-25 18:47:11, 2026-07-25 19:02:48, 2026-07-25 19:16:47", "cumulative_total": 22.0 }, "geometry": { "type": "Polygon", "coordinates": [ [ [ -74.089285458031299, 46.083479350096432 ], [ -74.095709184906639, 46.086128503938973 ], [ -74.095624270210237, 46.091324125990624 ], [ -74.08911441461396, 46.093870575685436 ], [ -74.082690116017957, 46.091221050387297 ], [ -74.082776244730894, 46.086025446915883 ], [ -74.089285458031299, 46.083479350096432 ] ] ] } },
{ "type": "Feature", "properties": { "hex_id": 524500, "centroid_lon": -74.083636230353633, "centroid_lat": 46.034069144413927, "occurrences_today": 9, "datetimes_today": "2026-07-25 20:16:47, 2026-07-25 20:32:27, 2026-07-25 20:47:08, 2026-07-25 21:02:08, 2026-07-25 21:15:55, 2026-07-25 21:31:47, 2026-07-25 21:47:11, 2026-07-25 22:01:48, 2026-07-25 22:16:38", "cumulative_total": 165.0 }, "geometry": { "type": "Polygon", "coordinates": [ [ [ -74.083722098942431, 46.028873487385127 ], [ -74.090139265375598, 46.03152293012343 ], [ -74.09005399023988, 46.036718594022702 ], [ -74.083550338157409, 46.03926479657391 ], [ -74.077132601882582, 46.036614983027761 ], [ -74.077219087523858, 46.03141933780406 ], [ -74.083722098942431, 46.028873487385127 ] ] ] } },
{ "type": "Feature", "properties": { "hex_id": 524503, "centroid_lon": -74.082862349755871, "centroid_lat": 46.080829838575575, "occurrences_today": 4, "datetimes_today": "2026-07-25 18:27:33, 2026-07-25 18:47:11, 2026-07-25 19:02:48, 2026-07-25 19:16:47", "cumulative_total": 108.0 }, "geometry": { "type": "Polygon", "coordinates": [ [ [ -74.082948431100988, 46.075634225366379 ], [ -74.089370944460384, 46.078283730001189 ], [ -74.089285458031299, 46.083479350096432 ], [ -74.082776244730894, 46.086025446915883 ], [ -74.076353160139377, 46.083375570864909 ], [ -74.076439860072313, 46.078179969476551 ], [ -74.082948431100988, 46.075634225366379 ] ] ] } },
{ "type": "Feature", "properties": { "hex_id": 525110, "centroid_lon": -74.077305549395447, "centroid_lat": 46.026223687709795, "occurrences_today": 9, "datetimes_today": "2026-07-25 20:16:47, 2026-07-25 20:32:27, 2026-07-25 20:47:08, 2026-07-25 21:02:08, 2026-07-25 21:15:55, 2026-07-25 21:31:47, 2026-07-25 21:47:11, 2026-07-25 22:01:48, 2026-07-25 22:16:38", "cumulative_total": 103.0 }, "geometry": { "type": "Polygon", "coordinates": [ [ [ -74.07739198750545, 46.021028032745001 ], [ -74.083807943931873, 46.023677825487532 ], [ -74.083722098942431, 46.028873487385127 ], [ -74.077219087523858, 46.03141933780406 ], [ -74.070802561742497, 46.028769174293096 ], [ -74.070889616726561, 46.023573531197421 ], [ -74.07739198750545, 46.021028032745001 ] ] ] } },
{ "type": "Feature", "properties": { "hex_id": 525721, "centroid_lon": -74.070715482826543, "centroid_lat": 46.03396481251648, "occurrences_today": 9, "datetimes_today": "2026-07-25 20:16:47, 2026-07-25 20:32:27, 2026-07-25 20:47:08, 2026-07-25 21:02:08, 2026-07-25 21:15:55, 2026-07-25 21:31:47, 2026-07-25 21:47:11, 2026-07-25 22:01:48, 2026-07-25 22:16:38", "cumulative_total": 124.0 }, "geometry": { "type": "Polygon", "coordinates": [ [ [ -74.070802561742497, 46.028769174293096 ], [ -74.077219087523858, 46.03141933780406 ], [ -74.077132601882582, 46.036614983027761 ], [ -74.070628379970557, 46.03916044586753 ], [ -74.064211284858615, 46.036509911425007 ], [ -74.06429898098115, 46.031314285140056 ], [ -74.070802561742497, 46.028769174293096 ] ] ] } },
{ "type": "Feature", "properties": { "hex_id": 526331, "centroid_lon": -74.064386653001435, "centroid_lat": 46.026118653981044, "occurrences_today": 9, "datetimes_today": "2026-07-25 20:16:47, 2026-07-25 20:32:27, 2026-07-25 20:47:08, 2026-07-25 21:02:08, 2026-07-25 21:15:55, 2026-07-25 21:31:47, 2026-07-25 21:47:11, 2026-07-25 22:01:48, 2026-07-25 22:16:38", "cumulative_total": 144.0 }, "geometry": { "type": "Polygon", "coordinates": [ [ [ -74.064474300927671, 46.020923017947972 ], [ -74.070889616726561, 46.023573531197421 ], [ -74.070802561742497, 46.028769174293096 ], [ -74.06429898098115, 46.031314285140056 ], [ -74.057883096338244, 46.028663400998518 ], [ -74.057971361292488, 46.023467776967898 ], [ -74.064474300927671, 46.020923017947972 ] ] ] } },
{ "type": "Feature", "properties": { "hex_id": 567203, "centroid_lon": -73.643608850315275, "centroid_lat": 45.530820961775362, "occurrences_today": 35, "datetimes_today": "2026-07-25 00:01:45, 2026-07-25 07:45:07, 2026-07-25 08:01:39, 2026-07-25 08:17:05, 2026-07-25 08:32:37, 2026-07-25 08:46:47, 2026-07-25 09:02:13, 2026-07-25 09:17:11, 2026-07-25 10:31:44, 2026-07-25 11:01:55, 2026-07-25 11:16:38, 2026-07-25 11:31:56, 2026-07-25 11:46:58, 2026-07-25 12:01:47, 2026-07-25 12:16:54, 2026-07-25 12:31:42, 2026-07-25 12:46:57, 2026-07-25 12:57:23, 2026-07-25 13:17:05, 2026-07-25 13:31:44, 2026-07-25 13:47:17, 2026-07-25 13:59:59, 2026-07-25 14:17:10, 2026-07-25 14:32:01, 2026-07-25 14:46:57, 2026-07-25 15:02:21, 2026-07-25 15:17:09, 2026-07-25 15:31:58, 2026-07-25 15:47:16, 2026-07-25 16:01:43, 2026-07-25 16:16:43, 2026-07-25 16:27:38, 2026-07-25 16:46:44, 2026-07-25 17:02:39, 2026-07-25 17:17:07", "cumulative_total": 200.0 }, "geometry": { "type": "Polygon", "coordinates": [ [ [ -73.643733735394378, 45.525625637843696 ], [ -73.65007256529249, 45.528299139630697 ], [ -73.649948252201725, 45.533494474720356 ], [ -73.643483931119832, 45.536016280693502 ], [ -73.637144563355434, 45.533342410329247 ], [ -73.637270054527747, 45.52814710263366 ], [ -73.643733735394378, 45.525625637843696 ] ] ] } },
{ "type": "Feature", "properties": { "hex_id": 568424, "centroid_lon": -73.630805801845014, "centroid_lat": 45.530668193804935, "occurrences_today": 35, "datetimes_today": "2026-07-25 00:01:45, 2026-07-25 07:45:07, 2026-07-25 08:01:39, 2026-07-25 08:17:05, 2026-07-25 08:32:37, 2026-07-25 08:46:47, 2026-07-25 09:02:13, 2026-07-25 09:17:11, 2026-07-25 10:31:44, 2026-07-25 11:01:55, 2026-07-25 11:16:38, 2026-07-25 11:31:56, 2026-07-25 11:46:58, 2026-07-25 12:01:47, 2026-07-25 12:16:54, 2026-07-25 12:31:42, 2026-07-25 12:46:57, 2026-07-25 12:57:23, 2026-07-25 13:17:05, 2026-07-25 13:31:44, 2026-07-25 13:47:17, 2026-07-25 13:59:59, 2026-07-25 14:17:10, 2026-07-25 14:32:01, 2026-07-25 14:46:57, 2026-07-25 15:02:21, 2026-07-25 15:17:09, 2026-07-25 15:31:58, 2026-07-25 15:47:16, 2026-07-25 16:01:43, 2026-07-25 16:16:43, 2026-07-25 16:27:38, 2026-07-25 16:46:44, 2026-07-25 17:02:39, 2026-07-25 17:17:07", "cumulative_total": 153.0 }, "geometry": { "type": "Polygon", "coordinates": [ [ [ -73.630931864827687, 45.525472897393982 ], [ -73.637270054527747, 45.52814710263366 ], [ -73.637144563355434, 45.533342410329247 ], [ -73.630679704424466, 45.535863485197332 ], [ -73.62434097735769, 45.533188911262584 ], [ -73.624467646577031, 45.527993631219374 ], [ -73.630931864827687, 45.525472897393982 ] ] ] } },
{ "type": "Feature", "properties": { "hex_id": 1323188, "centroid_lon": -65.272416455733477, "centroid_lat": 48.02445244484462, "occurrences_today": 4, "datetimes_today": "2026-07-25 20:16:47, 2026-07-25 20:32:27, 2026-07-25 20:47:08, 2026-07-25 21:02:08", "cumulative_total": 18.0 }, "geometry": { "type": "Polygon", "coordinates": [ [ [ -65.273389010984346, 48.019332713994032 ], [ -65.279511991640703, 48.022457433755456 ], [ -65.278539936319603, 48.027577255720729 ], [ -65.271443629646086, 48.029572156230081 ], [ -65.265320419944004, 48.026446974874901 ], [ -65.266293745866093, 48.021327354667534 ], [ -65.273389010984346, 48.019332713994032 ] ] ] } },
{ "type": "Feature", "properties": { "hex_id": 584293, "centroid_lon": -73.466069848808985, "centroid_lat": 45.466212361753485, "occurrences_today": 6, "datetimes_today": "2026-07-25 06:46:50, 2026-07-25 07:02:12, 2026-07-25 07:16:44, 2026-07-25 07:31:54, 2026-07-25 07:45:07, 2026-07-25 08:01:39", "cumulative_total": 258.0 }, "geometry": { "type": "Polygon", "coordinates": [ [ [ -73.466210758878475, 45.461017385560943 ], [ -73.472533761984266, 45.463700567580204 ], [ -73.472393419551096, 45.468895556667917 ], [ -73.465928900278342, 45.471407332859087 ], [ -73.459605368003835, 45.468723781429858 ], [ -73.459746884157894, 45.463528823283795 ], [ -73.466210758878475, 45.461017385560943 ] ] ] } },
{ "type": "Feature", "properties": { "hex_id": 577570, "centroid_lon": -73.539419004819379, "centroid_lat": 45.35024346715597, "occurrences_today": 1, "datetimes_today": "2026-07-25 10:02:01", "cumulative_total": 98.0 }, "geometry": { "type": "Polygon", "coordinates": [ [ [ -73.53955263720016, 45.345048210945762 ], [ -73.545866423632376, 45.34772726703023 ], [ -73.54573335642155, 45.352922535383151 ], [ -73.53928533601308, 45.355438718311603 ], [ -73.532971020842496, 45.352759294962389 ], [ -73.533105254806586, 45.347564056013624 ], [ -73.53955263720016, 45.345048210945762 ] ] ] } },
{ "type": "Feature", "properties": { "hex_id": 529368, "centroid_lon": -74.036279768706862, "centroid_lat": 45.784249695322579, "occurrences_today": 29, "datetimes_today": "2026-07-25 16:27:38, 2026-07-25 16:46:44, 2026-07-25 17:02:39, 2026-07-25 17:17:07, 2026-07-25 17:46:39, 2026-07-25 18:02:04, 2026-07-25 18:16:44, 2026-07-25 18:27:33, 2026-07-25 18:47:11, 2026-07-25 19:02:48, 2026-07-25 19:16:47, 2026-07-25 19:32:40, 2026-07-25 19:46:57, 2026-07-25 20:01:44, 2026-07-25 20:16:47, 2026-07-25 20:32:27, 2026-07-25 20:47:08, 2026-07-25 21:02:08, 2026-07-25 21:15:55, 2026-07-25 21:31:47, 2026-07-25 21:47:11, 2026-07-25 22:01:48, 2026-07-25 22:16:38, 2026-07-25 22:31:39, 2026-07-25 22:46:42, 2026-07-25 23:01:47, 2026-07-25 23:16:59, 2026-07-25 23:32:10, 2026-07-25 23:46:43", "cumulative_total": 83.0 }, "geometry": { "type": "Polygon", "coordinates": [ [ [ -74.036369291343732, 45.779053880724931 ], [ -74.0427556303448, 45.781705853121757 ], [ -74.042666692730265, 45.786901675022563 ], [ -74.036190221534881, 45.789445505037968 ], [ -74.029803322050711, 45.786793164569758 ], [ -74.029893454236728, 45.781597362222747 ], [ -74.036369291343732, 45.779053880724931 ] ] ] } },
{ "type": "Feature", "properties": { "hex_id": 567814, "centroid_lon": -73.637019037900259, "centroid_lat": 45.538537713008722, "occurrences_today": 1, "datetimes_today": "2026-07-25 00:01:45", "cumulative_total": 192.0 }, "geometry": { "type": "Polygon", "coordinates": [ [ [ -73.637144563355434, 45.533342410329247 ], [ -73.643483931119832, 45.536016280693502 ], [ -73.643358977796609, 45.541211594597968 ], [ -73.636893478150725, 45.543733010672007 ], [ -73.630553572554504, 45.541058771571045 ], [ -73.630679704424466, 45.535863485197332 ], [ -73.637144563355434, 45.533342410329247 ] ] ] } },
{ "type": "Feature", "properties": { "hex_id": 735687, "centroid_lon": -71.890162904009202, "centroid_lat": 45.278248474185027, "occurrences_today": 9, "datetimes_today": "2026-07-25 12:46:57, 2026-07-25 12:57:23, 2026-07-25 13:17:05, 2026-07-25 13:31:44, 2026-07-25 13:47:17, 2026-07-25 13:59:59, 2026-07-25 14:17:10, 2026-07-25 14:32:01, 2026-07-25 14:46:57", "cumulative_total": 127.0 }, "geometry": { "type": "Polygon", "coordinates": [ [ [ -71.890446610171523, 45.273059126276671 ], [ -71.896669979519515, 45.275827096877578 ], [ -71.896386813290292, 45.281016472906096 ], [ -71.889879120668965, 45.283437815964085 ], [ -71.883655288578609, 45.280669464494721 ], [ -71.883939611826264, 45.275480150899249 ], [ -71.890446610171523, 45.273059126276671 ] ] ] } },
{ "type": "Feature", "properties": { "hex_id": 578200, "centroid_lon": -73.525122444415672, "centroid_lat": 45.654074497916461, "occurrences_today": 3, "datetimes_today": "2026-07-25 10:31:44, 2026-07-25 11:01:55, 2026-07-25 11:16:38", "cumulative_total": 108.0 }, "geometry": { "type": "Polygon", "coordinates": [ [ [ -73.525258821022049, 45.648879552445365 ], [ -73.531605604310954, 45.651559675958133 ], [ -73.531469801807972, 45.656754633790101 ], [ -73.524986030499861, 45.659269438324856 ], [ -73.518638710423261, 45.656588943562021 ], [ -73.51877569842992, 45.651394015579307 ], [ -73.525258821022049, 45.648879552445365 ] ] ] } },
{ "type": "Feature", "properties": { "hex_id": 785238, "centroid_lon": -71.270878007639169, "centroid_lat": 46.826492768177509, "occurrences_today": 29, "datetimes_today": "2026-07-25 06:46:50, 2026-07-25 07:02:12, 2026-07-25 07:16:44, 2026-07-25 07:31:54, 2026-07-25 07:45:07, 2026-07-25 08:01:39, 2026-07-25 08:17:05, 2026-07-25 08:32:37, 2026-07-25 08:46:47, 2026-07-25 09:02:13, 2026-07-25 09:17:11, 2026-07-25 09:31:58, 2026-07-25 09:46:39, 2026-07-25 10:02:01, 2026-07-25 10:17:36, 2026-07-25 10:31:44, 2026-07-25 11:01:55, 2026-07-25 11:16:38, 2026-07-25 11:31:56, 2026-07-25 11:46:58, 2026-07-25 12:01:47, 2026-07-25 12:16:54, 2026-07-25 12:31:42, 2026-07-25 12:46:57, 2026-07-25 12:57:23, 2026-07-25 13:17:05, 2026-07-25 13:31:44, 2026-07-25 13:47:17, 2026-07-25 13:59:59", "cumulative_total": 65.0 }, "geometry": { "type": "Polygon", "coordinates": [ [ [ -71.271237007097426, 46.821308184697337 ], [ -71.277598885730043, 46.824113694942319 ], [ -71.277240462811335, 46.829298313417006 ], [ -71.270518908657166, 46.831677344825053 ], [ -71.264156553026041, 46.82887142813636 ], [ -71.264516228513116, 46.823686886550036 ], [ -71.271237007097426, 46.821308184697337 ] ] ] } },
{ "type": "Feature", "properties": { "hex_id": 785848, "centroid_lon": -71.264875804321122, "centroid_lat": 46.818502338124162, "occurrences_today": 29, "datetimes_today": "2026-07-25 06:46:50, 2026-07-25 07:02:12, 2026-07-25 07:16:44, 2026-07-25 07:31:54, 2026-07-25 07:45:07, 2026-07-25 08:01:39, 2026-07-25 08:17:05, 2026-07-25 08:32:37, 2026-07-25 08:46:47, 2026-07-25 09:02:13, 2026-07-25 09:17:11, 2026-07-25 09:31:58, 2026-07-25 09:46:39, 2026-07-25 10:02:01, 2026-07-25 10:17:36, 2026-07-25 10:31:44, 2026-07-25 11:01:55, 2026-07-25 11:16:38, 2026-07-25 11:31:56, 2026-07-25 11:46:58, 2026-07-25 12:01:47, 2026-07-25 12:16:54, 2026-07-25 12:31:42, 2026-07-25 12:46:57, 2026-07-25 12:57:23, 2026-07-25 13:17:05, 2026-07-25 13:31:44, 2026-07-25 13:47:17, 2026-07-25 13:59:59", "cumulative_total": 201.0 }, "geometry": { "type": "Polygon", "coordinates": [ [ [ -71.265235280484589, 46.813317782859428 ], [ -71.27159590706637, 46.816123594385289 ], [ -71.271237007097426, 46.821308184697337 ], [ -71.264516228513116, 46.823686886550036 ], [ -71.258155125398588, 46.820880668640513 ], [ -71.258515277366598, 46.815696155328638 ], [ -71.265235280484589, 46.813317782859428 ] ] ] } },
{ "type": "Feature", "properties": { "hex_id": 786459, "centroid_lon": -71.257794873596282, "centroid_lat": 46.826065175105839, "occurrences_today": 15, "datetimes_today": "2026-07-25 10:17:36, 2026-07-25 10:31:44, 2026-07-25 11:01:55, 2026-07-25 11:16:38, 2026-07-25 11:31:56, 2026-07-25 11:46:58, 2026-07-25 12:01:47, 2026-07-25 12:16:54, 2026-07-25 12:31:42, 2026-07-25 12:46:57, 2026-07-25 12:57:23, 2026-07-25 13:17:05, 2026-07-25 13:31:44, 2026-07-25 13:47:17, 2026-07-25 13:59:59", "cumulative_total": 83.0 }, "geometry": { "type": "Polygon", "coordinates": [ [ [ -71.258155125398588, 46.820880668640513 ], [ -71.264516228513116, 46.823686886550036 ], [ -71.264156553026041, 46.82887142813636 ], [ -71.257434521925092, 46.831249674723864 ], [ -71.251072942381541, 46.828443050269676 ], [ -71.251433870333358, 46.823258585839348 ], [ -71.258155125398588, 46.820880668640513 ] ] ] } },
{ "type": "Feature", "properties": { "hex_id": 774177, "centroid_lon": -71.461563791700044, "centroid_lat": 45.71010226590883, "occurrences_today": 16, "datetimes_today": "2026-07-25 11:16:38, 2026-07-25 11:31:56, 2026-07-25 11:46:58, 2026-07-25 12:01:47, 2026-07-25 12:16:54, 2026-07-25 12:31:42, 2026-07-25 12:46:57, 2026-07-25 12:57:23, 2026-07-25 13:17:05, 2026-07-25 13:31:44, 2026-07-25 13:47:17, 2026-07-25 13:59:59, 2026-07-25 14:17:10, 2026-07-25 14:32:01, 2026-07-25 14:46:57, 2026-07-25 15:02:21", "cumulative_total": 140.0 }, "geometry": { "type": "Polygon", "coordinates": [ [ [ -71.461891446460513, 45.704915569069442 ], [ -71.468138890165406, 45.707707543844506 ], [ -71.467811781398154, 45.712894273137515 ], [ -71.461236047381078, 45.715288956187258 ], [ -71.4549881472565, 45.712496591428504 ], [ -71.455316437538556, 45.707309933667851 ], [ -71.461891446460513, 45.704915569069442 ] ] ] } },
{ "type": "Feature", "properties": { "hex_id": 775398, "centroid_lon": -71.448740882814107, "centroid_lat": 45.709703901701062, "occurrences_today": 16, "datetimes_today": "2026-07-25 11:16:38, 2026-07-25 11:31:56, 2026-07-25 11:46:58, 2026-07-25 12:01:47, 2026-07-25 12:16:54, 2026-07-25 12:31:42, 2026-07-25 12:46:57, 2026-07-25 12:57:23, 2026-07-25 13:17:05, 2026-07-25 13:31:44, 2026-07-25 13:47:17, 2026-07-25 13:59:59, 2026-07-25 14:17:10, 2026-07-25 14:32:01, 2026-07-25 14:46:57, 2026-07-25 15:02:21", "cumulative_total": 22.0 }, "geometry": { "type": "Polygon", "coordinates": [ [ [ -71.449069718883536, 45.704517276516178 ], [ -71.455316437538556, 45.707309933667851 ], [ -71.4549881472565, 45.712496591428504 ], [ -71.448411956864987, 45.714890520311869 ], [ -71.442164782317406, 45.712097473077407 ], [ -71.442494254023657, 45.706910887106531 ], [ -71.449069718883536, 45.704517276516178 ] ] ] } },
{ "type": "Feature", "properties": { "hex_id": 782737, "centroid_lon": -71.358636252118757, "centroid_lat": 45.909539760967242, "occurrences_today": 9, "datetimes_today": "2026-07-25 05:47:08, 2026-07-25 06:02:19, 2026-07-25 06:16:49, 2026-07-25 06:27:15, 2026-07-25 06:46:50, 2026-07-25 07:02:12, 2026-07-25 07:16:44, 2026-07-25 07:31:54, 2026-07-25 07:45:07", "cumulative_total": 23.0 }, "geometry": { "type": "Polygon", "coordinates": [ [ [ -71.35897577758594, 45.904353831111983 ], [ -71.365239482119279, 45.907151882735604 ], [ -71.364900506892809, 45.912337846149029 ], [ -71.358296633629791, 45.914725684142319 ], [ -71.352032471893224, 45.911927239082999 ], [ -71.352372640591454, 45.906741349530662 ], [ -71.35897577758594, 45.904353831111983 ] ] ] } },
{ "type": "Feature", "properties": { "hex_id": 849387, "centroid_lon": -70.524039545573032, "centroid_lat": 47.524588007804702, "occurrences_today": 13, "datetimes_today": "2026-07-25 12:46:57, 2026-07-25 12:57:23, 2026-07-25 13:17:05, 2026-07-25 13:31:44, 2026-07-25 13:47:17, 2026-07-25 13:59:59, 2026-07-25 14:17:10, 2026-07-25 14:32:01, 2026-07-25 14:46:57, 2026-07-25 15:02:21, 2026-07-25 15:17:09, 2026-07-25 15:31:58, 2026-07-25 15:47:16", "cumulative_total": 23.0 }, "geometry": { "type": "Polygon", "coordinates": [ [ [ -70.524480947605809, 47.519408908915445 ], [ -70.530881722883692, 47.522257208636248 ], [ -70.53044090693156, 47.527436350267479 ], [ -70.523598020100508, 47.52976709887475 ], [ -70.51719678220347, 47.52691837705855 ], [ -70.517638893713126, 47.521739328798496 ], [ -70.524480947605809, 47.519408908915445 ] ] ] } },
{ "type": "Feature", "properties": { "hex_id": 849998, "centroid_lon": -70.516754547052727, "centroid_lat": 47.532097417489773, "occurrences_today": 13, "datetimes_today": "2026-07-25 12:46:57, 2026-07-25 12:57:23, 2026-07-25 13:17:05, 2026-07-25 13:31:44, 2026-07-25 13:47:17, 2026-07-25 13:59:59, 2026-07-25 14:17:10, 2026-07-25 14:32:01, 2026-07-25 14:46:57, 2026-07-25 15:02:21, 2026-07-25 15:17:09, 2026-07-25 15:31:58, 2026-07-25 15:47:16", "cumulative_total": 17.0 }, "geometry": { "type": "Polygon", "coordinates": [ [ [ -70.51719678220347, 47.52691837705855 ], [ -70.523598020100508, 47.52976709887475 ], [ -70.523156371144708, 47.53494618212455 ], [ -70.516312188217299, 47.537276450091063 ], [ -70.509910487831831, 47.534427306016624 ], [ -70.510353432818576, 47.529248316301924 ], [ -70.51719678220347, 47.52691837705855 ] ] ] } },
{ "type": "Feature", "properties": { "hex_id": 501290, "centroid_lon": -74.331208310143836, "centroid_lat": 45.864304572647185, "occurrences_today": 14, "datetimes_today": "2026-07-25 17:46:39, 2026-07-25 18:02:04, 2026-07-25 18:16:44, 2026-07-25 18:27:33, 2026-07-25 18:47:11, 2026-07-25 19:02:48, 2026-07-25 19:16:47, 2026-07-25 19:32:40, 2026-07-25 19:46:57, 2026-07-25 20:01:44, 2026-07-25 20:16:47, 2026-07-25 20:32:27, 2026-07-25 20:47:08, 2026-07-25 21:02:08", "cumulative_total": 253.0 }, "geometry": { "type": "Polygon", "coordinates": [ [ [ -74.331270611189481, 45.859108449535526 ], [ -74.337680253887015, 45.861744026359887 ], [ -74.337618544288063, 45.866940153827912 ], [ -74.331145992005418, 45.869500690946829 ], [ -74.324735774956878, 45.866864747894745 ], [ -74.324798684536177, 45.861668634016915 ], [ -74.331270611189481, 45.859108449535526 ] ] ] } },
{ "type": "Feature", "properties": { "hex_id": 501900, "centroid_lon": -74.324861576861068, "centroid_lat": 45.856472515325841, "occurrences_today": 14, "datetimes_today": "2026-07-25 17:46:39, 2026-07-25 18:02:04, 2026-07-25 18:16:44, 2026-07-25 18:27:33, 2026-07-25 18:47:11, 2026-07-25 19:02:48, 2026-07-25 19:16:47, 2026-07-25 19:32:40, 2026-07-25 19:46:57, 2026-07-25 20:01:44, 2026-07-25 20:16:47, 2026-07-25 20:32:27, 2026-07-25 20:47:08, 2026-07-25 21:02:08", "cumulative_total": 181.0 }, "geometry": { "type": "Polygon", "coordinates": [ [ [ -74.324924451937392, 45.851276391821472 ], [ -74.331332895148137, 45.85391232161188 ], [ -74.331270611189481, 45.859108449535526 ], [ -74.324798684536177, 45.861668634016915 ], [ -74.318389667459243, 45.859032338036236 ], [ -74.318453150895962, 45.853836223829845 ], [ -74.324924451937392, 45.851276391821472 ] ] ] } },
{ "type": "Feature", "properties": { "hex_id": 501901, "centroid_lon": -74.324672848117331, "centroid_lat": 45.872060856959337, "occurrences_today": 3, "datetimes_today": "2026-07-25 20:32:27, 2026-07-25 20:47:08, 2026-07-25 21:02:08", "cumulative_total": 222.0 }, "geometry": { "type": "Polygon", "coordinates": [ [ [ -74.324735774956878, 45.866864747894745 ], [ -74.331145992005418, 45.869500690946829 ], [ -74.331083656768442, 45.874696804434507 ], [ -74.324609904011666, 45.877256961210676 ], [ -74.318199112629586, 45.874620651768232 ], [ -74.318262648331952, 45.869424552005412 ], [ -74.324735774956878, 45.866864747894745 ] ] ] } },
{ "type": "Feature", "properties": { "hex_id": 502511, "centroid_lon": -74.318326166606539, "centroid_lat": 45.864228447428104, "occurrences_today": 14, "datetimes_today": "2026-07-25 17:46:39, 2026-07-25 18:02:04, 2026-07-25 18:16:44, 2026-07-25 18:27:33, 2026-07-25 18:47:11, 2026-07-25 19:02:48, 2026-07-25 19:16:47, 2026-07-25 19:32:40, 2026-07-25 19:46:57, 2026-07-25 20:01:44, 2026-07-25 20:16:47, 2026-07-25 20:32:27, 2026-07-25 20:47:08, 2026-07-25 21:02:08", "cumulative_total": 136.0 }, "geometry": { "type": "Polygon", "coordinates": [ [ [ -74.318389667459243, 45.859032338036236 ], [ -74.324798684536177, 45.861668634016915 ], [ -74.324735774956878, 45.866864747894745 ], [ -74.318262648331952, 45.869424552005412 ], [ -74.311853057406466, 45.866787889671869 ], [ -74.311917166948561, 45.861591789645949 ], [ -74.318389667459243, 45.859032338036236 ] ] ] } },
{ "type": "Feature", "properties": { "hex_id": 503121, "centroid_lon": -74.311981258907181, "centroid_lat": 45.856395684804227, "occurrences_today": 14, "datetimes_today": "2026-07-25 17:46:39, 2026-07-25 18:02:04, 2026-07-25 18:16:44, 2026-07-25 18:27:33, 2026-07-25 18:47:11, 2026-07-25 19:02:48, 2026-07-25 19:16:47, 2026-07-25 19:32:40, 2026-07-25 19:46:57, 2026-07-25 20:01:44, 2026-07-25 20:16:47, 2026-07-25 20:32:27, 2026-07-25 20:47:08, 2026-07-25 21:02:08", "cumulative_total": 196.0 }, "geometry": { "type": "Polygon", "coordinates": [ [ [ -74.312045333288296, 45.851199575146659 ], [ -74.318453150895962, 45.853836223829845 ], [ -74.318389667459243, 45.859032338036236 ], [ -74.311917166948561, 45.861591789645949 ], [ -74.305508775976975, 45.858954774647437 ], [ -74.305573458874036, 45.853758674419922 ], [ -74.312045333288296, 45.851199575146659 ] ] ] } },
{ "type": "Feature", "properties": { "hex_id": 1641238, "centroid_lon": -61.938235037191021, "centroid_lat": 47.368681077720218, "occurrences_today": 20, "datetimes_today": "2026-07-25 19:02:48, 2026-07-25 19:16:47, 2026-07-25 19:32:40, 2026-07-25 19:46:57, 2026-07-25 20:01:44, 2026-07-25 20:16:47, 2026-07-25 20:32:27, 2026-07-25 20:47:08, 2026-07-25 21:02:08, 2026-07-25 21:15:55, 2026-07-25 21:31:47, 2026-07-25 21:47:11, 2026-07-25 22:01:48, 2026-07-25 22:16:38, 2026-07-25 22:31:39, 2026-07-25 22:46:42, 2026-07-25 23:01:47, 2026-07-25 23:16:59, 2026-07-25 23:32:10, 2026-07-25 23:46:43", "cumulative_total": 44.0 }, "geometry": { "type": "Polygon", "coordinates": [ [ [ -61.939506404670631, 47.363620560128759 ], [ -61.945321447436854, 47.36689869514953 ], [ -61.944050490551142, 47.371959329177535 ], [ -61.936963323084882, 47.373741564803431 ], [ -61.931148216409916, 47.37046296675922 ], [ -61.9324203409926, 47.365402596168849 ], [ -61.939506404670631, 47.363620560128759 ] ] ] } },
{ "type": "Feature", "properties": { "hex_id": 574526, "centroid_lon": -73.567978400072576, "centroid_lat": 45.483126260609851, "occurrences_today": 16, "datetimes_today": "2026-07-25 19:46:57, 2026-07-25 20:01:44, 2026-07-25 20:16:47, 2026-07-25 20:32:27, 2026-07-25 21:02:08, 2026-07-25 21:15:55, 2026-07-25 21:31:47, 2026-07-25 21:47:11, 2026-07-25 22:01:48, 2026-07-25 22:16:38, 2026-07-25 22:31:39, 2026-07-25 22:46:42, 2026-07-25 23:01:47, 2026-07-25 23:16:59, 2026-07-25 23:32:10, 2026-07-25 23:46:43", "cumulative_total": 258.0 }, "geometry": { "type": "Polygon", "coordinates": [ [ [ -73.568110028182602, 45.477931060280547 ], [ -73.574439878612466, 45.480608673476389 ], [ -73.574308820030609, 45.485803885699788 ], [ -73.567846736025942, 45.488321455895523 ], [ -73.561516352010528, 45.485643474020932 ], [ -73.561648585573295, 45.480448290693793 ], [ -73.568110028182602, 45.477931060280547 ] ] ] } },
{ "type": "Feature", "properties": { "hex_id": 365758, "centroid_lon": -75.761007191786973, "centroid_lat": 45.848138134537869, "occurrences_today": 12, "datetimes_today": "2026-07-25 08:46:47, 2026-07-25 09:02:13, 2026-07-25 09:17:11, 2026-07-25 09:31:58, 2026-07-25 09:46:39, 2026-07-25 10:02:01, 2026-07-25 10:17:36, 2026-07-25 10:31:44, 2026-07-25 11:01:55, 2026-07-25 11:16:38, 2026-07-25 11:31:56, 2026-07-25 11:46:58", "cumulative_total": 102.0 }, "geometry": { "type": "Polygon", "coordinates": [ [ [ -75.7609363408543, 45.842942101168646 ], [ -75.767410545862575, 45.845497055113007 ], [ -75.767482005939257, 45.850693078304289 ], [ -75.761078062153842, 45.853334163075843 ], [ -75.754603228564079, 45.850778857668068 ], [ -75.754532967347785, 45.845582819017523 ], [ -75.7609363408543, 45.842942101168646 ] ] ] } },
{ "type": "Feature", "properties": { "hex_id": 368788, "centroid_lon": -75.724272866083368, "centroid_lat": 45.497602395111258, "occurrences_today": 21, "datetimes_today": "2026-07-25 03:02:12, 2026-07-25 03:16:45, 2026-07-25 03:32:08, 2026-07-25 03:46:44, 2026-07-25 04:02:15, 2026-07-25 04:16:41, 2026-07-25 04:31:50, 2026-07-25 04:46:51, 2026-07-25 05:16:53, 2026-07-25 05:31:45, 2026-07-25 05:47:08, 2026-07-25 06:02:19, 2026-07-25 06:16:49, 2026-07-25 06:27:15, 2026-07-25 06:46:50, 2026-07-25 07:02:12, 2026-07-25 07:16:44, 2026-07-25 07:31:54, 2026-07-25 07:45:07, 2026-07-25 08:01:39, 2026-07-25 08:17:05", "cumulative_total": 102.0 }, "geometry": { "type": "Polygon", "coordinates": [ [ [ -75.724206253868999, 45.492405998277455 ], [ -75.730638325408208, 45.494963446633719 ], [ -75.730705535201025, 45.500159833711642 ], [ -75.724339496491339, 45.502798787120931 ], [ -75.717906809177009, 45.500240991253492 ], [ -75.717840776353597, 45.495044589552514 ], [ -75.724206253868999, 45.492405998277455 ] ] ] } },
{ "type": "Feature", "properties": { "hex_id": 1192066, "centroid_lon": -66.338413091022701, "centroid_lat": 50.225263503526072, "occurrences_today": 1, "datetimes_today": "2026-07-25 05:47:08", "cumulative_total": 11.0 }, "geometry": { "type": "Polygon", "coordinates": [ [ [ -66.339349790527578, 50.220130264752292 ], [ -66.345810691239095, 50.223217127129828 ], [ -66.344874582811499, 50.228350451423054 ], [ -66.337476120546114, 50.230396724968742 ], [ -66.331014899779746, 50.227309372017388 ], [ -66.331952461232135, 50.222176236165019 ], [ -66.339349790527578, 50.220130264752292 ] ] ] } },
{ "type": "Feature", "properties": { "hex_id": 543428, "centroid_lon": -73.88258760849186, "centroid_lat": 46.071252754089137, "occurrences_today": 19, "datetimes_today": "2026-07-25 07:02:12, 2026-07-25 07:16:44, 2026-07-25 07:31:54, 2026-07-25 07:45:07, 2026-07-25 08:01:39, 2026-07-25 08:17:05, 2026-07-25 08:32:37, 2026-07-25 08:46:47, 2026-07-25 09:02:13, 2026-07-25 09:17:11, 2026-07-25 09:31:58, 2026-07-25 09:46:39, 2026-07-25 10:02:01, 2026-07-25 10:17:36, 2026-07-25 10:31:44, 2026-07-25 11:01:55, 2026-07-25 11:16:38, 2026-07-25 11:31:56, 2026-07-25 11:46:58", "cumulative_total": 71.0 }, "geometry": { "type": "Polygon", "coordinates": [ [ [ -73.882692450185814, 46.066057455079253 ], [ -73.889104065882421, 46.068718120405073 ], [ -73.888999816069543, 46.073913428310711 ], [ -73.882482737962604, 46.076448048170292 ], [ -73.87607055922517, 46.073787009622137 ], [ -73.876176021625668, 46.06859172450261 ], [ -73.882692450185814, 46.066057455079253 ] ] ] } },
{ "type": "Feature", "properties": { "hex_id": 569647, "centroid_lon": -73.617238681223256, "centroid_lat": 45.561685497595519, "occurrences_today": 2, "datetimes_today": "2026-07-25 16:01:43, 2026-07-25 16:16:43", "cumulative_total": 57.0 }, "geometry": { "type": "Polygon", "coordinates": [ [ [ -73.617366130806289, 45.556490259106681 ], [ -73.623707111962048, 45.559165236159707 ], [ -73.623580234941699, 45.564360486074818 ], [ -73.617111196810725, 45.566880731060223 ], [ -73.610769677927635, 45.56420538479184 ], [ -73.610897734891154, 45.559010162818019 ], [ -73.617366130806289, 45.556490259106681 ] ] ] } },
{ "type": "Feature", "properties": { "hex_id": 727789, "centroid_lon": -71.940507498047964, "centroid_lat": 45.879848949363762, "occurrences_today": 4, "datetimes_today": "2026-07-25 09:46:39, 2026-07-25 10:02:01, 2026-07-25 10:17:36, 2026-07-25 10:31:44", "cumulative_total": 16.0 }, "geometry": { "type": "Polygon", "coordinates": [ [ [ -71.940792530089823, 45.874659903706252 ], [ -71.947083876204019, 45.877426660739125 ], [ -71.946799402345007, 45.882615734346331 ], [ -71.940222387896597, 45.885037988910383 ], [ -71.933930561722264, 45.882270843643752 ], [ -71.934216230030074, 45.877081832111635 ], [ -71.940792530089823, 45.874659903706252 ] ] ] } },
{ "type": "Feature", "properties": { "hex_id": 612449, "centroid_lon": -73.134091179148029, "centroid_lat": 46.599286254872297, "occurrences_today": 29, "datetimes_today": "2026-07-25 11:46:58, 2026-07-25 12:01:47, 2026-07-25 12:16:54, 2026-07-25 12:31:42, 2026-07-25 12:46:57, 2026-07-25 12:57:23, 2026-07-25 13:17:05, 2026-07-25 13:31:44, 2026-07-25 13:47:17, 2026-07-25 13:59:59, 2026-07-25 14:17:10, 2026-07-25 14:32:01, 2026-07-25 14:46:57, 2026-07-25 15:02:21, 2026-07-25 15:17:09, 2026-07-25 15:31:58, 2026-07-25 15:47:16, 2026-07-25 16:01:43, 2026-07-25 16:16:43, 2026-07-25 16:27:38, 2026-07-25 16:46:44, 2026-07-25 17:02:39, 2026-07-25 17:17:07, 2026-07-25 17:46:39, 2026-07-25 18:02:04, 2026-07-25 18:16:44, 2026-07-25 18:27:33, 2026-07-25 18:47:11, 2026-07-25 19:02:48", "cumulative_total": 79.0 }, "geometry": { "type": "Polygon", "coordinates": [ [ [ -73.134269483438032, 46.594093207125326 ], [ -73.140704666362666, 46.596795987156973 ], [ -73.140526960091719, 46.601989051436931 ], [ -73.133912825498584, 46.60447929735782 ], [ -73.12747709392282, 46.601776130158122 ], [ -73.127656045574284, 46.596583104272575 ], [ -73.134269483438032, 46.594093207125326 ] ] ] } },
{ "type": "Feature", "properties": { "hex_id": 613670, "centroid_lon": -73.121042009880583, "centroid_lat": 46.599072608963198, "occurrences_today": 30, "datetimes_today": "2026-07-25 11:31:56, 2026-07-25 11:46:58, 2026-07-25 12:01:47, 2026-07-25 12:16:54, 2026-07-25 12:31:42, 2026-07-25 12:46:57, 2026-07-25 12:57:23, 2026-07-25 13:17:05, 2026-07-25 13:31:44, 2026-07-25 13:47:17, 2026-07-25 13:59:59, 2026-07-25 14:17:10, 2026-07-25 14:32:01, 2026-07-25 14:46:57, 2026-07-25 15:02:21, 2026-07-25 15:17:09, 2026-07-25 15:31:58, 2026-07-25 15:47:16, 2026-07-25 16:01:43, 2026-07-25 16:16:43, 2026-07-25 16:27:38, 2026-07-25 16:46:44, 2026-07-25 17:02:39, 2026-07-25 17:17:07, 2026-07-25 17:46:39, 2026-07-25 18:02:04, 2026-07-25 18:16:44, 2026-07-25 18:27:33, 2026-07-25 18:47:11, 2026-07-25 19:02:48", "cumulative_total": 78.0 }, "geometry": { "type": "Polygon", "coordinates": [ [ [ -73.121221559353458, 46.593879599740987 ], [ -73.127656045574284, 46.596583104272575 ], [ -73.12747709392282, 46.601776130158122 ], [ -73.12086241070412, 46.604265612916656 ], [ -73.114427376374081, 46.601561721099401 ], [ -73.114607573354775, 46.596368733876247 ], [ -73.121221559353458, 46.593879599740987 ] ] ] } },
{ "type": "Feature", "properties": { "hex_id": 772419, "centroid_lon": -71.406711259584441, "centroid_lat": 46.854226478637798, "occurrences_today": 22, "datetimes_today": "2026-07-25 11:01:55, 2026-07-25 11:16:38, 2026-07-25 11:31:56, 2026-07-25 11:46:58, 2026-07-25 12:01:47, 2026-07-25 12:16:54, 2026-07-25 12:31:42, 2026-07-25 12:46:57, 2026-07-25 12:57:23, 2026-07-25 13:17:05, 2026-07-25 13:31:44, 2026-07-25 13:47:17, 2026-07-25 13:59:59, 2026-07-25 14:17:10, 2026-07-25 14:32:01, 2026-07-25 14:46:57, 2026-07-25 15:02:21, 2026-07-25 15:17:09, 2026-07-25 15:31:58, 2026-07-25 15:47:16, 2026-07-25 16:01:43, 2026-07-25 16:16:43", "cumulative_total": 38.0 }, "geometry": { "type": "Polygon", "coordinates": [ [ [ -71.407057535051322, 46.849041132736183 ], [ -71.413430134661823, 46.851839353360347 ], [ -71.413084438784125, 46.85702473295639 ], [ -71.406364888070712, 46.859411817854848 ], [ -71.39999180493453, 46.856613191523415 ], [ -71.400338756004103, 46.851427886067661 ], [ -71.407057535051322, 46.849041132736183 ] ] ] } },
{ "type": "Feature", "properties": { "hex_id": 859732, "centroid_lon": -70.456325499042251, "centroid_lat": 46.999672171492264, "occurrences_today": 2, "datetimes_today": "2026-07-25 00:01:45, 2026-07-25 00:17:19", "cumulative_total": 145.0 }, "geometry": { "type": "Polygon", "coordinates": [ [ [ -70.456765418490946, 46.994493080271887 ], [ -70.463101199898517, 46.997343097256156 ], [ -70.462661848920888, 47.00252223143827 ], [ -70.455885457475944, 47.004851254850372 ], [ -70.449549229736121, 47.002000822583639 ], [ -70.44998983973106, 46.996821782253924 ], [ -70.456765418490946, 46.994493080271887 ] ] ] } },
{ "type": "Feature", "properties": { "hex_id": 860343, "centroid_lon": -70.449108497429165, "centroid_lat": 47.007179855041542, "occurrences_today": 2, "datetimes_today": "2026-07-25 00:01:45, 2026-07-25 00:17:19", "cumulative_total": 81.0 }, "geometry": { "type": "Polygon", "coordinates": [ [ [ -70.449549229736121, 47.002000822583639 ], [ -70.455885457475944, 47.004851254850372 ], [ -70.455445293749563, 47.010030330345096 ], [ -70.448667642767631, 47.012358879626547 ], [ -70.442330968823057, 47.00950803191791 ], [ -70.442772392022647, 47.004329050436382 ], [ -70.449549229736121, 47.002000822583639 ] ] ] } },
{ "type": "Feature", "properties": { "hex_id": 730224, "centroid_lon": -71.920790811781188, "centroid_lat": 45.770187707524109, "occurrences_today": 11, "datetimes_today": "2026-07-25 12:01:47, 2026-07-25 12:16:54, 2026-07-25 12:31:42, 2026-07-25 12:46:57, 2026-07-25 12:57:23, 2026-07-25 13:17:05, 2026-07-25 13:31:44, 2026-07-25 13:47:17, 2026-07-25 13:59:59, 2026-07-25 14:17:10, 2026-07-25 14:32:01", "cumulative_total": 75.0 }, "geometry": { "type": "Polygon", "coordinates": [ [ [ -71.921076584378781, 45.764998657823924 ], [ -71.927354822509614, 45.767766208583851 ], [ -71.927069604557403, 45.77295528636634 ], [ -71.920504960978832, 45.775376751100467 ], [ -71.91422624642054, 45.77260881337277 ], [ -71.914512651841903, 45.767419797943248 ], [ -71.921076584378781, 45.764998657823924 ] ] ] } },
{ "type": "Feature", "properties": { "hex_id": 665547, "centroid_lon": -72.577343103473837, "centroid_lat": 46.347224902220226, "occurrences_today": 4, "datetimes_today": "2026-07-25 17:46:39, 2026-07-25 18:02:04, 2026-07-25 18:16:44, 2026-07-25 18:27:33", "cumulative_total": 46.0 }, "geometry": { "type": "Polygon", "coordinates": [ [ [ -72.577572555163613, 46.342033516487113 ], [ -72.583949756141848, 46.344766640470056 ], [ -72.583720886319313, 46.349958048163664 ], [ -72.577113588497824, 46.352416282340315 ], [ -72.570735868949441, 46.349682769487195 ], [ -72.570965965771009, 46.344491411393768 ], [ -72.577572555163613, 46.342033516487113 ] ] ] } },
{ "type": "Feature", "properties": { "hex_id": 505541, "centroid_lon": -74.290569174788033, "centroid_lat": 45.513285969385201, "occurrences_today": 11, "datetimes_today": "2026-07-25 18:47:11, 2026-07-25 19:02:48, 2026-07-25 19:16:47, 2026-07-25 19:32:40, 2026-07-25 19:46:57, 2026-07-25 20:01:44, 2026-07-25 20:16:47, 2026-07-25 20:32:27, 2026-07-25 20:47:08, 2026-07-25 21:02:08, 2026-07-25 21:15:55", "cumulative_total": 273.0 }, "geometry": { "type": "Polygon", "coordinates": [ [ [ -74.29063445770673, 45.508089570012288 ], [ -74.297002397386564, 45.510727341675732 ], [ -74.296937694531522, 45.515923745769499 ], [ -74.29050387403538, 45.518482363937068 ], [ -74.284135372128844, 45.515844230086458 ], [ -74.28420125293917, 45.510647840320054 ], [ -74.29063445770673, 45.508089570012288 ] ] ] } },
{ "type": "Feature", "properties": { "hex_id": 123293, "centroid_lon": -78.918895417134266, "centroid_lat": 53.794012977469933, "occurrences_today": 24, "datetimes_today": "2026-07-25 15:02:21, 2026-07-25 15:17:09, 2026-07-25 15:31:58, 2026-07-25 15:47:16, 2026-07-25 16:01:43, 2026-07-25 16:16:43, 2026-07-25 16:27:38, 2026-07-25 16:46:44, 2026-07-25 17:02:39, 2026-07-25 17:17:07, 2026-07-25 17:46:39, 2026-07-25 18:02:04, 2026-07-25 18:16:44, 2026-07-25 18:27:33, 2026-07-25 18:47:11, 2026-07-25 19:02:48, 2026-07-25 19:16:47, 2026-07-25 19:32:40, 2026-07-25 19:46:57, 2026-07-25 20:01:44, 2026-07-25 20:16:47, 2026-07-25 20:32:27, 2026-07-25 20:47:08, 2026-07-25 21:02:08", "cumulative_total": 124.0 }, "geometry": { "type": "Polygon", "coordinates": [ [ [ -78.918412149069582, 53.788835761825645 ], [ -78.926225876634945, 53.79117631821633 ], [ -78.926710148324958, 53.796353483374425 ], [ -78.919378836212502, 53.799190185627204 ], [ -78.911563953976497, 53.796849204164445 ], [ -78.911081538587112, 53.79167194561014 ], [ -78.918412149069582, 53.788835761825645 ] ] ] } },
{ "type": "Feature", "properties": { "hex_id": 587957, "centroid_lon": -73.427274449984097, "centroid_lat": 45.481275259051529, "occurrences_today": 11, "datetimes_today": "2026-07-25 20:01:44, 2026-07-25 20:16:47, 2026-07-25 20:32:27, 2026-07-25 20:47:08, 2026-07-25 21:02:08, 2026-07-25 21:15:55, 2026-07-25 21:31:47, 2026-07-25 21:47:11, 2026-07-25 22:01:48, 2026-07-25 22:16:38, 2026-07-25 22:31:39", "cumulative_total": 289.0 }, "geometry": { "type": "Polygon", "coordinates": [ [ [ -73.427418998863828, 45.476080392147075 ], [ -73.433741768743701, 45.478765713276808 ], [ -73.433597787422102, 45.483960593462719 ], [ -73.427129861643593, 45.486470120851571 ], [ -73.420806563672969, 45.483784429762494 ], [ -73.420951719558374, 45.478589581308327 ], [ -73.427418998863828, 45.476080392147075 ] ] ] } },
{ "type": "Feature", "properties": { "hex_id": 145781, "centroid_lon": -78.509387891206856, "centroid_lat": 52.241106199042605, "occurrences_today": 1, "datetimes_today": "2026-07-25 19:46:57", "cumulative_total": 124.0 }, "geometry": { "type": "Polygon", "coordinates": [ [ [ -78.508978757999344, 52.235925219720421 ], [ -78.516491763084701, 52.238297959122498 ], [ -78.516901806203578, 52.243478894604294 ], [ -78.509797148377928, 52.24628717152369 ], [ -78.502283109392678, 52.243914025750449 ], [ -78.501874762182879, 52.238733009512288 ], [ -78.508978757999344, 52.235925219720421 ] ] ] } },
{ "type": "Feature", "properties": { "hex_id": 147002, "centroid_lon": -78.494769856660554, "centroid_lat": 52.241540386034721, "occurrences_today": 1, "datetimes_today": "2026-07-25 19:46:57", "cumulative_total": 65.0 }, "geometry": { "type": "Polygon", "coordinates": [ [ [ -78.494362419181485, 52.236359326132472 ], [ -78.501874762182879, 52.238733009512288 ], [ -78.502283109392678, 52.243914025750449 ], [ -78.495177417592359, 52.246721439114545 ], [ -78.487664041382629, 52.244347349156179 ], [ -78.487257390231264, 52.239166252495593 ], [ -78.494362419181485, 52.236359326132472 ] ] ] } },
{ "type": "Feature", "properties": { "hex_id": 540343, "centroid_lon": -73.924705755515305, "centroid_lat": 45.564993943411942, "occurrences_today": 12, "datetimes_today": "2026-07-25 20:32:27, 2026-07-25 20:47:08, 2026-07-25 21:02:08, 2026-07-25 21:15:55, 2026-07-25 21:31:47, 2026-07-25 21:47:11, 2026-07-25 22:01:48, 2026-07-25 22:16:38, 2026-07-25 22:31:39, 2026-07-25 22:46:42, 2026-07-25 23:01:47, 2026-07-25 23:16:59", "cumulative_total": 239.0 }, "geometry": { "type": "Polygon", "coordinates": [ [ [ -73.924804880965482, 45.55979810887699 ], [ -73.931161134768331, 45.562456148693386 ], [ -73.931062586122266, 45.56765199160489 ], [ -73.924606602971863, 45.57018977303175 ], [ -73.918249799462728, 45.567531366858397 ], [ -73.918349528801158, 45.562335545679815 ], [ -73.924804880965482, 45.55979810887699 ] ] ] } },
{ "type": "Feature", "properties": { "hex_id": 843803, "centroid_lon": -70.696349153264705, "centroid_lat": 46.135928582233667, "occurrences_today": 8, "datetimes_today": "2026-07-25 00:01:45, 2026-07-25 00:17:19, 2026-07-25 00:29:49, 2026-07-25 00:47:08, 2026-07-25 01:02:10, 2026-07-25 01:16:51, 2026-07-25 01:32:21, 2026-07-25 01:46:48", "cumulative_total": 45.0 }, "geometry": { "type": "Polygon", "coordinates": [ [ [ -70.696753503868933, 46.13074702555933 ], [ -70.703005924576928, 46.133581075612156 ], [ -70.702602120466722, 46.13876267229741 ], [ -70.695944691651164, 46.14111013144192 ], [ -70.689691835477319, 46.138275679704414 ], [ -70.690096843547167, 46.133094170571816 ], [ -70.696753503868933, 46.13074702555933 ] ] ] } },
{ "type": "Feature", "properties": { "hex_id": 789609, "centroid_lon": -71.114324296940737, "centroid_lat": 48.341102470056299, "occurrences_today": 8, "datetimes_today": "2026-07-25 01:46:48, 2026-07-25 02:01:47, 2026-07-25 02:17:11, 2026-07-25 02:32:05, 2026-07-25 03:02:12, 2026-07-25 03:16:45, 2026-07-25 03:32:08, 2026-07-25 03:46:44", "cumulative_total": 34.0 }, "geometry": { "type": "Polygon", "coordinates": [ [ [ -71.114718704496397, 48.335920203643006 ], [ -71.121253102013611, 48.338738866552347 ], [ -71.120859317830721, 48.343921170579108 ], [ -71.113929777676361, 48.346284729357194 ], [ -71.107394868515243, 48.343465637409111 ], [ -71.107790011112073, 48.338283415792269 ], [ -71.114718704496397, 48.335920203643006 ] ] ] } },
{ "type": "Feature", "properties": { "hex_id": 541564, "centroid_lon": -73.911893600003097, "centroid_lat": 45.564872611181684, "occurrences_today": 12, "datetimes_today": "2026-07-25 20:32:27, 2026-07-25 20:47:08, 2026-07-25 21:02:08, 2026-07-25 21:15:55, 2026-07-25 21:31:47, 2026-07-25 21:47:11, 2026-07-25 22:01:48, 2026-07-25 22:16:38, 2026-07-25 22:31:39, 2026-07-25 22:46:42, 2026-07-25 23:01:47, 2026-07-25 23:16:59", "cumulative_total": 265.0 }, "geometry": { "type": "Polygon", "coordinates": [ [ [ -73.911993905970704, 45.559676798507063 ], [ -73.918349528801158, 45.562335545679815 ], [ -73.918249799462728, 45.567531366858397 ], [ -73.911793266619739, 45.57006841893719 ], [ -73.905437094580506, 45.567409305287086 ], [ -73.905538004583818, 45.562213506100214 ], [ -73.911993905970704, 45.559676798507063 ] ] ] } },
{ "type": "Feature", "properties": { "hex_id": 489028, "centroid_lon": -74.467715575000042, "centroid_lat": 45.054313681409489, "occurrences_today": 30, "datetimes_today": "2026-07-25 02:01:47, 2026-07-25 02:17:11, 2026-07-25 02:32:05, 2026-07-25 03:02:12, 2026-07-25 03:16:45, 2026-07-25 03:32:08, 2026-07-25 03:46:44, 2026-07-25 04:02:15, 2026-07-25 04:16:41, 2026-07-25 04:31:50, 2026-07-25 04:46:51, 2026-07-25 05:16:53, 2026-07-25 05:31:45, 2026-07-25 05:47:08, 2026-07-25 06:02:19, 2026-07-25 06:16:49, 2026-07-25 06:27:15, 2026-07-25 06:46:50, 2026-07-25 07:02:12, 2026-07-25 07:16:44, 2026-07-25 07:31:54, 2026-07-25 07:45:07, 2026-07-25 08:01:39, 2026-07-25 08:17:05, 2026-07-25 08:32:37, 2026-07-25 08:46:47, 2026-07-25 09:02:13, 2026-07-25 09:17:11, 2026-07-25 09:31:58, 2026-07-25 09:46:39", "cumulative_total": 60.0 }, "geometry": { "type": "Polygon", "coordinates": [ [ [ -74.467763779965964, 45.049116688262771 ], [ -74.474089070333093, 45.051744600884398 ], [ -74.47404143387412, 45.056941596937016 ], [ -74.467667356936161, 45.059510669766254 ], [ -74.461341511162217, 45.056882402392638 ], [ -74.461390297728713, 45.051685417005395 ], [ -74.467763779965964, 45.049116688262771 ] ] ] } },
{ "type": "Feature", "properties": { "hex_id": 860954, "centroid_lon": -70.441889423074372, "centroid_lat": 47.014687005516969, "occurrences_today": 2, "datetimes_today": "2026-07-25 00:01:45, 2026-07-25 00:17:19", "cumulative_total": 96.0 }, "geometry": { "type": "Polygon", "coordinates": [ [ [ -70.442330968823057, 47.00950803191791 ], [ -70.448667642767631, 47.012358879626547 ], [ -70.448226665708987, 47.017537896337501 ], [ -70.441447754733957, 47.019865971232406 ], [ -70.435110634712387, 47.017014707922456 ], [ -70.43555287170021, 47.011835785385585 ], [ -70.442330968823057, 47.00950803191791 ] ] ] } },
{ "type": "Feature", "properties": { "hex_id": 861565, "centroid_lon": -70.434668274938176, "centroid_lat": 47.022193622566164, "occurrences_today": 2, "datetimes_today": "2026-07-25 00:01:45, 2026-07-25 00:17:19", "cumulative_total": 99.0 }, "geometry": { "type": "Polygon", "coordinates": [ [ [ -70.435110634712387, 47.017014707922456 ], [ -70.441447754733957, 47.019865971232406 ], [ -70.441005963759196, 47.025044929063164 ], [ -70.434225792334871, 47.027372529315578 ], [ -70.427888226364288, 47.024520850244834 ], [ -70.428331277724311, 47.019341986749133 ], [ -70.435110634712387, 47.017014707922456 ] ] ] } },
{ "type": "Feature", "properties": { "hex_id": 862175, "centroid_lon": -70.428774206103242, "centroid_lat": 47.014163115350698, "occurrences_today": 2, "datetimes_today": "2026-07-25 00:01:45, 2026-07-25 00:17:19", "cumulative_total": 157.0 }, "geometry": { "type": "Polygon", "coordinates": [ [ [ -70.429217011543841, 47.008984236050587 ], [ -70.43555287170021, 47.011835785385585 ], [ -70.435110634712387, 47.017014707922456 ], [ -70.428331277724311, 47.019341986749133 ], [ -70.421994972074884, 47.016490021719349 ], [ -70.422438468863845, 47.011311193624337 ], [ -70.429217011543841, 47.008984236050587 ] ] ] } },
{ "type": "Feature", "properties": { "hex_id": 820626, "centroid_lon": -70.916282493950249, "centroid_lat": 46.48699158531295, "occurrences_today": 21, "datetimes_today": "2026-07-25 12:57:23, 2026-07-25 13:17:05, 2026-07-25 13:31:44, 2026-07-25 13:47:17, 2026-07-25 13:59:59, 2026-07-25 14:17:10, 2026-07-25 14:32:01, 2026-07-25 14:46:57, 2026-07-25 15:02:21, 2026-07-25 15:17:09, 2026-07-25 15:31:58, 2026-07-25 15:47:16, 2026-07-25 16:01:43, 2026-07-25 16:16:43, 2026-07-25 16:27:38, 2026-07-25 16:46:44, 2026-07-25 17:02:39, 2026-07-25 18:16:44, 2026-07-25 18:27:33, 2026-07-25 18:47:11, 2026-07-25 19:02:48", "cumulative_total": 25.0 }, "geometry": { "type": "Polygon", "coordinates": [ [ [ -70.916670944403734, 46.481808887030205 ], [ -70.922974542660768, 46.484632427459729 ], [ -70.922586652647283, 46.48981516391548 ], [ -70.915893936338136, 46.492174276372737 ], [ -70.909589884818118, 46.489350331260717 ], [ -70.909979002833452, 46.484167678439626 ], [ -70.916670944403734, 46.481808887030205 ] ] ] } },
{ "type": "Feature", "properties": { "hex_id": 968510, "centroid_lon": -69.10211113542762, "centroid_lat": 48.637313287247991, "occurrences_today": 25, "datetimes_today": "2026-07-25 07:45:07, 2026-07-25 08:01:39, 2026-07-25 08:17:05, 2026-07-25 08:32:37, 2026-07-25 08:46:47, 2026-07-25 09:02:13, 2026-07-25 09:17:11, 2026-07-25 09:31:58, 2026-07-25 09:46:39, 2026-07-25 10:02:01, 2026-07-25 10:17:36, 2026-07-25 10:31:44, 2026-07-25 11:01:55, 2026-07-25 11:16:38, 2026-07-25 11:31:56, 2026-07-25 11:46:58, 2026-07-25 12:01:47, 2026-07-25 12:16:54, 2026-07-25 12:31:42, 2026-07-25 12:46:57, 2026-07-25 12:57:23, 2026-07-25 13:17:05, 2026-07-25 13:31:44, 2026-07-25 13:47:17, 2026-07-25 13:59:59", "cumulative_total": 41.0 }, "geometry": { "type": "Polygon", "coordinates": [ [ [ -69.102715444417029, 48.632146860867707 ], [ -69.109163891069684, 48.635076753929788 ], [ -69.108560178404872, 48.640243237787494 ], [ -69.101506655021097, 48.642479703347746 ], [ -69.095057783491995, 48.639549361492456 ], [ -69.095662860161084, 48.63438300293987 ], [ -69.102715444417029, 48.632146860867707 ] ] ] } },
{ "type": "Feature", "properties": { "hex_id": 969731, "centroid_lon": -69.088609679832985, "centroid_lat": 48.636618685925178, "occurrences_today": 25, "datetimes_today": "2026-07-25 07:45:07, 2026-07-25 08:01:39, 2026-07-25 08:17:05, 2026-07-25 08:32:37, 2026-07-25 08:46:47, 2026-07-25 09:02:13, 2026-07-25 09:17:11, 2026-07-25 09:31:58, 2026-07-25 09:46:39, 2026-07-25 10:02:01, 2026-07-25 10:17:36, 2026-07-25 10:31:44, 2026-07-25 11:01:55, 2026-07-25 11:16:38, 2026-07-25 11:31:56, 2026-07-25 11:46:58, 2026-07-25 12:01:47, 2026-07-25 12:16:54, 2026-07-25 12:31:42, 2026-07-25 12:46:57, 2026-07-25 12:57:23, 2026-07-25 13:17:05, 2026-07-25 13:31:44, 2026-07-25 13:47:17, 2026-07-25 13:59:59", "cumulative_total": 41.0 }, "geometry": { "type": "Polygon", "coordinates": [ [ [ -69.089215352543135, 48.631452384977891 ], [ -69.095662860161084, 48.63438300293987 ], [ -69.095057783491995, 48.639549361492456 ], [ -69.088003835324912, 48.641784976566591 ], [ -69.081555903494902, 48.638853909727089 ], [ -69.082162343981878, 48.633687676760694 ], [ -69.089215352543135, 48.631452384977891 ] ] ] } },
{ "type": "Feature", "properties": { "hex_id": 550751, "centroid_lon": -73.806025230592141, "centroid_lat": 46.023711396923765, "occurrences_today": 24, "datetimes_today": "2026-07-25 09:31:58, 2026-07-25 09:46:39, 2026-07-25 10:02:01, 2026-07-25 10:17:36, 2026-07-25 10:31:44, 2026-07-25 11:01:55, 2026-07-25 11:16:38, 2026-07-25 11:31:56, 2026-07-25 11:46:58, 2026-07-25 12:01:47, 2026-07-25 12:16:54, 2026-07-25 12:31:42, 2026-07-25 12:46:57, 2026-07-25 12:57:23, 2026-07-25 13:17:05, 2026-07-25 13:31:44, 2026-07-25 13:47:17, 2026-07-25 13:59:59, 2026-07-25 14:17:10, 2026-07-25 14:32:01, 2026-07-25 14:46:57, 2026-07-25 15:02:21, 2026-07-25 15:17:09, 2026-07-25 15:31:58", "cumulative_total": 232.0 }, "geometry": { "type": "Polygon", "coordinates": [ [ [ -73.80613706922847, 46.018516194765382 ], [ -73.812539470604023, 46.021181088117366 ], [ -73.81242822130794, 46.026376299928486 ], [ -73.80591336121536, 46.028906594127442 ], [ -73.799510401245257, 46.026241327434306 ], [ -73.799622859951825, 46.021046139949114 ], [ -73.80613706922847, 46.018516194765382 ] ] ] } },
{ "type": "Feature", "properties": { "hex_id": 520787, "centroid_lon": -74.134486105094823, "centroid_lat": 45.254962307875402, "occurrences_today": 19, "datetimes_today": "2026-07-25 14:17:10, 2026-07-25 14:32:01, 2026-07-25 14:46:57, 2026-07-25 15:02:21, 2026-07-25 15:17:09, 2026-07-25 15:31:58, 2026-07-25 15:47:16, 2026-07-25 16:01:43, 2026-07-25 16:16:43, 2026-07-25 16:27:38, 2026-07-25 16:46:44, 2026-07-25 17:02:39, 2026-07-25 17:17:07, 2026-07-25 17:46:39, 2026-07-25 18:02:04, 2026-07-25 18:16:44, 2026-07-25 18:27:33, 2026-07-25 18:47:11, 2026-07-25 19:02:48", "cumulative_total": 155.0 }, "geometry": { "type": "Polygon", "coordinates": [ [ [ -74.134565036245817, 45.249765867351293 ], [ -74.140896833252853, 45.252412193161724 ], [ -74.140818472317335, 45.257608639925955 ], [ -74.134407152448446, 45.260158743543187 ], [ -74.128074806724882, 45.257512057273523 ], [ -74.128154329579573, 45.252315627909873 ], [ -74.134565036245817, 45.249765867351293 ] ] ] } },
{ "type": "Feature", "properties": { "hex_id": 863393, "centroid_lon": -70.41965150986826, "centroid_lat": 46.967028380008038, "occurrences_today": 2, "datetimes_today": "2026-07-25 00:01:45, 2026-07-25 00:17:19", "cumulative_total": 235.0 }, "geometry": { "type": "Polygon", "coordinates": [ [ [ -70.42009446723462, 46.961849524047743 ], [ -70.426424406034684, 46.964701384948761 ], [ -70.425982015519125, 46.969880284194346 ], [ -70.419208429601966, 46.972207228058735 ], [ -70.412878046872365, 46.969354952045236 ], [ -70.41332169394677, 46.964176147346372 ], [ -70.42009446723462, 46.961849524047743 ] ] ] } },
{ "type": "Feature", "properties": { "hex_id": 575144, "centroid_lon": -73.558598058101893, "centroid_lat": 45.599936230343225, "occurrences_today": 5, "datetimes_today": "2026-07-25 22:01:48, 2026-07-25 22:16:38, 2026-07-25 22:31:39, 2026-07-25 22:46:42, 2026-07-25 23:01:47", "cumulative_total": 210.0 }, "geometry": { "type": "Polygon", "coordinates": [ [ [ -73.55873108873439, 45.594741158055413 ], [ -73.565073468295182, 45.59741939166053 ], [ -73.564941010583766, 45.602614475964224 ], [ -73.558464991098802, 45.605131297582794 ], [ -73.552122074993676, 45.602452693728928 ], [ -73.552255714905613, 45.597257638569943 ], [ -73.55873108873439, 45.594741158055413 ] ] ] } },
{ "type": "Feature", "properties": { "hex_id": 794400, "centroid_lon": -71.167778584775675, "centroid_lat": 46.893232757872809, "occurrences_today": 3, "datetimes_today": "2026-07-25 03:02:12, 2026-07-25 03:16:45, 2026-07-25 03:32:08", "cumulative_total": 18.0 }, "geometry": { "type": "Polygon", "coordinates": [ [ [ -71.168148355756784, 46.888048852332055 ], [ -71.174512180256727, 46.890860151548111 ], [ -71.174142986222094, 46.896044093127394 ], [ -71.167408711204487, 46.898416656459311 ], [ -71.161044412365939, 46.895604949048021 ], [ -71.161414862847991, 46.890421086566874 ], [ -71.168148355756784, 46.888048852332055 ] ] ] } },
{ "type": "Feature", "properties": { "hex_id": 784064, "centroid_lon": -71.232509897908898, "centroid_lat": 47.557887366417695, "occurrences_today": 34, "datetimes_today": "2026-07-25 13:59:59, 2026-07-25 14:17:10, 2026-07-25 14:32:01, 2026-07-25 14:46:57, 2026-07-25 15:02:21, 2026-07-25 15:17:09, 2026-07-25 15:31:58, 2026-07-25 15:47:16, 2026-07-25 16:01:43, 2026-07-25 16:16:43, 2026-07-25 16:27:38, 2026-07-25 16:46:44, 2026-07-25 17:02:39, 2026-07-25 17:17:07, 2026-07-25 17:46:39, 2026-07-25 18:02:04, 2026-07-25 18:16:44, 2026-07-25 18:27:33, 2026-07-25 18:47:11, 2026-07-25 19:02:48, 2026-07-25 19:16:47, 2026-07-25 19:32:40, 2026-07-25 19:46:57, 2026-07-25 20:01:44, 2026-07-25 20:16:47, 2026-07-25 20:32:27, 2026-07-25 20:47:08, 2026-07-25 21:02:08, 2026-07-25 21:15:55, 2026-07-25 21:31:47, 2026-07-25 21:47:11, 2026-07-25 22:01:48, 2026-07-25 22:16:38, 2026-07-25 22:31:39", "cumulative_total": 439.0 }, "geometry": { "type": "Polygon", "coordinates": [ [ [ -71.232881976216362, 47.552703674725841 ], [ -71.23932751147241, 47.555513463181718 ], [ -71.238956032359681, 47.56069719074582 ], [ -71.232137715406083, 47.563071051187947 ], [ -71.225691685169068, 47.560260845847907 ], [ -71.226064466829797, 47.555077197018448 ], [ -71.232881976216362, 47.552703674725841 ] ] ] } },
{ "type": "Feature", "properties": { "hex_id": 207891, "centroid_lon": -77.618364517761947, "centroid_lat": 49.756060642984821, "occurrences_today": 1, "datetimes_today": "2026-07-25 14:46:57", "cumulative_total": 25.0 }, "geometry": { "type": "Polygon", "coordinates": [ [ [ -77.618085056691726, 49.750873129067152 ], [ -77.625158766181855, 49.75330987556535 ], [ -77.625439005921322, 49.75849735792854 ], [ -77.618644059880552, 49.761248151076956 ], [ -77.611569490657558, 49.758811022887073 ], [ -77.611290727238654, 49.753623483315835 ], [ -77.618085056691726, 49.750873129067152 ] ] ] } },
{ "type": "Feature", "properties": { "hex_id": 537910, "centroid_lon": -73.947707645757319, "centroid_lat": 45.705519134597203, "occurrences_today": 29, "datetimes_today": "2026-07-25 04:16:41, 2026-07-25 04:31:50, 2026-07-25 04:46:51, 2026-07-25 05:16:53, 2026-07-25 05:31:45, 2026-07-25 05:47:08, 2026-07-25 06:02:19, 2026-07-25 06:16:49, 2026-07-25 06:27:15, 2026-07-25 06:46:50, 2026-07-25 07:02:12, 2026-07-25 07:16:44, 2026-07-25 07:31:54, 2026-07-25 07:45:07, 2026-07-25 08:01:39, 2026-07-25 08:17:05, 2026-07-25 08:32:37, 2026-07-25 08:46:47, 2026-07-25 09:02:13, 2026-07-25 09:17:11, 2026-07-25 09:31:58, 2026-07-25 09:46:39, 2026-07-25 10:02:01, 2026-07-25 10:17:36, 2026-07-25 10:31:44, 2026-07-25 11:01:55, 2026-07-25 11:16:38, 2026-07-25 11:31:56, 2026-07-25 11:46:58", "cumulative_total": 97.0 }, "geometry": { "type": "Polygon", "coordinates": [ [ [ -73.947805127326433, 45.700323389626888 ], [ -73.954178280016549, 45.702980234267216 ], [ -73.954081379854316, 45.708175987411217 ], [ -73.947610137498415, 45.71071487465931 ], [ -73.941236430095699, 45.708057662099961 ], [ -73.941334519752488, 45.702861930276576 ], [ -73.947805127326433, 45.700323389626888 ] ] ] } },
{ "type": "Feature", "properties": { "hex_id": 1187793, "centroid_lon": -66.385526484660232, "centroid_lat": 50.23659773340421, "occurrences_today": 7, "datetimes_today": "2026-07-25 05:47:08, 2026-07-25 06:02:19, 2026-07-25 06:16:49, 2026-07-25 06:27:15, 2026-07-25 06:46:50, 2026-07-25 07:02:12, 2026-07-25 07:16:44", "cumulative_total": 154.0 }, "geometry": { "type": "Polygon", "coordinates": [ [ [ -66.386458501791694, 50.231463862712843 ], [ -66.392924252306585, 50.234548315540003 ], [ -66.391992827722589, 50.239682271341685 ], [ -66.384594197825606, 50.24173158689613 ], [ -66.378128124516977, 50.23864664356077 ], [ -66.379061003798, 50.233512875250092 ], [ -66.386458501791694, 50.231463862712843 ] ] ] } },
{ "type": "Feature", "properties": { "hex_id": 723509, "centroid_lon": -71.991010532474363, "centroid_lat": 45.779855404064612, "occurrences_today": 9, "datetimes_today": "2026-07-25 12:01:47, 2026-07-25 12:16:54, 2026-07-25 12:31:42, 2026-07-25 12:46:57, 2026-07-25 12:57:23, 2026-07-25 13:17:05, 2026-07-25 13:31:44, 2026-07-25 13:47:17, 2026-07-25 13:59:59", "cumulative_total": 58.0 }, "geometry": { "type": "Polygon", "coordinates": [ [ [ -71.991289888339793, 45.774666024459847 ], [ -71.997572862688671, 45.777429821381311 ], [ -71.997294062797394, 45.782619228396022 ], [ -71.990731100146107, 45.785044777607155 ], [ -71.984447646298833, 45.78228059418408 ], [ -71.984727634575449, 45.777091248116079 ], [ -71.991289888339793, 45.774666024459847 ] ] ] } },
{ "type": "Feature", "properties": { "hex_id": 1205497, "centroid_lon": -66.186014020214074, "centroid_lat": 50.213713654962312, "occurrences_today": 1, "datetimes_today": "2026-07-25 05:47:08", "cumulative_total": 10.0 }, "geometry": { "type": "Polygon", "coordinates": [ [ [ -66.186966682251082, 50.208582506236269 ], [ -66.193415096989511, 50.211677321861352 ], [ -66.192463022117778, 50.216808557469179 ], [ -66.185061082754871, 50.218844785916225 ], [ -66.178612356324891, 50.21574947910814 ], [ -66.179565880846297, 50.210618435106589 ], [ -66.186966682251082, 50.208582506236269 ] ] ] } },
{ "type": "Feature", "properties": { "hex_id": 633143, "centroid_lon": -72.949015351030511, "centroid_lat": 45.614001042030665, "occurrences_today": 6, "datetimes_today": "2026-07-25 22:16:38, 2026-07-25 22:31:39, 2026-07-25 22:46:42, 2026-07-25 23:01:47, 2026-07-25 23:16:59, 2026-07-25 23:32:10", "cumulative_total": 178.0 }, "geometry": { "type": "Polygon", "coordinates": [ [ [ -72.949204714048165, 45.608807669911393 ], [ -72.955518454823348, 45.61151927202117 ], [ -72.955329656702631, 45.616712662161547 ], [ -72.948825936248895, 45.619194408794165 ], [ -72.942511682349405, 45.616482430678182 ], [ -72.942701662010577, 45.611289082000361 ], [ -72.949204714048165, 45.608807669911393 ] ] ] } },
{ "type": "Feature", "properties": { "hex_id": 74096, "centroid_lon": -79.014103567944559, "centroid_lat": 48.227575238933177, "occurrences_today": 3, "datetimes_today": "2026-07-25 08:17:05, 2026-07-25 08:32:37, 2026-07-25 08:46:47", "cumulative_total": 91.0 }, "geometry": { "type": "Polygon", "coordinates": [ [ [ -79.01369776467476, 48.222393672845143 ], [ -79.020616213861373, 48.224749431570864 ], [ -79.02102274906207, 48.229930951526114 ], [ -79.014509485937069, 48.23275679775584 ], [ -79.007590190076229, 48.230400695509211 ], [ -79.00718500405587, 48.225219090623938 ], [ -79.01369776467476, 48.222393672845143 ] ] ] } },
{ "type": "Feature", "properties": { "hex_id": 1185960, "centroid_lon": -66.410505498074869, "centroid_lat": 50.215045373864541, "occurrences_today": 1, "datetimes_today": "2026-07-25 05:47:08", "cumulative_total": 36.0 }, "geometry": { "type": "Polygon", "coordinates": [ [ [ -66.411434123450007, 50.209911145220019 ], [ -66.417898903767636, 50.212994127488123 ], [ -66.416970870784525, 50.218128440978141 ], [ -66.409576604059367, 50.220179585390561 ], [ -66.403111500040396, 50.21709611309705 ], [ -66.404040986347312, 50.21196198648741 ], [ -66.411434123450007, 50.209911145220019 ] ] ] } },
{ "type": "Feature", "properties": { "hex_id": 866449, "centroid_lon": -70.382202805122532, "centroid_lat": 47.020085512657438, "occurrences_today": 2, "datetimes_today": "2026-07-25 00:01:45, 2026-07-25 00:17:19", "cumulative_total": 142.0 }, "geometry": { "type": "Polygon", "coordinates": [ [ [ -70.382650204715475, 47.014906977459944 ], [ -70.388984064514744, 47.017761046522111 ], [ -70.388537232770403, 47.022939625405876 ], [ -70.381755281313829, 47.025264039887986 ], [ -70.375420977903303, 47.022409554692153 ], [ -70.375869069517421, 47.017231071214511 ], [ -70.382650204715475, 47.014906977459944 ] ] ] } },
{ "type": "Feature", "properties": { "hex_id": 791445, "centroid_lon": -71.088766009126786, "centroid_lat": 48.410375687647488, "occurrences_today": 3, "datetimes_today": "2026-07-25 12:31:42, 2026-07-25 12:46:57, 2026-07-25 12:57:23", "cumulative_total": 91.0 }, "geometry": { "type": "Polygon", "coordinates": [ [ [ -71.089163973111567, 48.405193641579082 ], [ -71.095705525240135, 48.408013933040245 ], [ -71.095308186561482, 48.41319601702893 ], [ -71.088367932311314, 48.415557726567322 ], [ -71.081825867727702, 48.412737004849703 ], [ -71.082224569808503, 48.407555003920869 ], [ -71.089163973111567, 48.405193641579082 ] ] ] } },
{ "type": "Feature", "properties": { "hex_id": 656346, "centroid_lon": -72.702968084599135, "centroid_lat": 45.671677706272455, "occurrences_today": 2, "datetimes_today": "2026-07-25 21:15:55, 2026-07-25 21:31:47", "cumulative_total": 11.0 }, "geometry": { "type": "Polygon", "coordinates": [ [ [ -72.703180579929437, 45.666485234627153 ], [ -72.709488289048664, 45.669210312329831 ], [ -72.709276356848832, 45.674402804423778 ], [ -72.702755531150146, 45.676870172406225 ], [ -72.696447317028955, 45.67414471576302 ], [ -72.696660433588832, 45.668952270142519 ], [ -72.703180579929437, 45.666485234627153 ] ] ] } },
{ "type": "Feature", "properties": { "hex_id": 656956, "centroid_lon": -72.696873491878236, "centroid_lat": 45.663759819006351, "occurrences_today": 2, "datetimes_today": "2026-07-25 21:15:55, 2026-07-25 21:31:47", "cumulative_total": 11.0 }, "geometry": { "type": "Polygon", "coordinates": [ [ [ -72.697086491916792, 45.658567362354766 ], [ -72.703393017160593, 45.661292757470562 ], [ -72.703180579929437, 45.666485234627153 ], [ -72.696660433588832, 45.668952270142519 ], [ -72.690353403798284, 45.666226496134279 ], [ -72.690567024875477, 45.661034065567712 ], [ -72.697086491916792, 45.658567362354766 ] ] ] } },
{ "type": "Feature", "properties": { "hex_id": 657567, "centroid_lon": -72.69013972429893, "centroid_lat": 45.671418921181015, "occurrences_today": 6, "datetimes_today": "2026-07-25 21:15:55, 2026-07-25 21:31:47, 2026-07-25 21:47:11, 2026-07-25 22:01:48, 2026-07-25 22:16:38, 2026-07-25 22:31:39", "cumulative_total": 15.0 }, "geometry": { "type": "Polygon", "coordinates": [ [ [ -72.690353403798284, 45.666226496134279 ], [ -72.696660433588832, 45.668952270142519 ], [ -72.696447317028955, 45.67414471576302 ], [ -72.689925986357707, 45.67661134070768 ], [ -72.683618452079372, 45.673885187648793 ], [ -72.683832752940418, 45.668692788760495 ], [ -72.690353403798284, 45.666226496134279 ] ] ] } },
{ "type": "Feature", "properties": { "hex_id": 503137, "centroid_lon": -74.308884907122419, "centroid_lat": 46.105803285103661, "occurrences_today": 2, "datetimes_today": "2026-07-25 23:32:10, 2026-07-25 23:46:43", "cumulative_total": 46.0 }, "geometry": { "type": "Polygon", "coordinates": [ [ [ -74.308949831992024, 46.100607406596161 ], [ -74.315386198070058, 46.103244275086539 ], [ -74.31532187195954, 46.108440158205376 ], [ -74.308819964386188, 46.110999158795799 ], [ -74.302383017418776, 46.108361920773675 ], [ -74.302448558907997, 46.103166051758841 ], [ -74.308949831992024, 46.100607406596161 ] ] ] } },
{ "type": "Feature", "properties": { "hex_id": 468337, "centroid_lon": -74.67777905806777, "centroid_lat": 46.084055266003716, "occurrences_today": 4, "datetimes_today": "2026-07-25 16:27:38, 2026-07-25 16:46:44, 2026-07-25 17:02:39, 2026-07-25 17:17:07", "cumulative_total": 163.0 }, "geometry": { "type": "Polygon", "coordinates": [ [ [ -74.677809305833861, 46.078859071358323 ], [ -74.684260832278767, 46.08147521527161 ], [ -74.684231187481302, 46.086671410790593 ], [ -74.677748801979604, 46.089251455888558 ], [ -74.671296680889512, 46.086634946382226 ], [ -74.671327539943491, 46.081438757436949 ], [ -74.677809305833861, 46.078859071358323 ] ] ] } },
{ "type": "Feature", "properties": { "hex_id": 469558, "centroid_lon": -74.664845171254299, "centroid_lat": 46.084018073130082, "occurrences_today": 4, "datetimes_today": "2026-07-25 16:27:38, 2026-07-25 16:46:44, 2026-07-25 17:02:39, 2026-07-25 17:17:07", "cumulative_total": 125.0 }, "geometry": { "type": "Polygon", "coordinates": [ [ [ -74.664876633105621, 46.078821885189704 ], [ -74.671327539943491, 46.081438757436949 ], [ -74.671296680889512, 46.086634946382226 ], [ -74.664813700746905, 46.089214256308658 ], [ -74.658362199769229, 46.086597018339255 ], [ -74.658394273071025, 46.081400836231538 ], [ -74.664876633105621, 46.078821885189704 ] ] ] } },
{ "type": "Feature", "properties": { "hex_id": 738765, "centroid_lon": -71.836178451203224, "centroid_lat": 45.674331427408269, "occurrences_today": 11, "datetimes_today": "2026-07-25 12:01:47, 2026-07-25 12:16:54, 2026-07-25 12:31:42, 2026-07-25 12:46:57, 2026-07-25 12:57:23, 2026-07-25 13:17:05, 2026-07-25 13:31:44, 2026-07-25 13:47:17, 2026-07-25 13:59:59, 2026-07-25 14:17:10, 2026-07-25 14:32:01", "cumulative_total": 43.0 }, "geometry": { "type": "Polygon", "coordinates": [ [ [ -71.836471089174694, 45.669142708868073 ], [ -71.842734408033778, 45.671914562308885 ], [ -71.84244232063628, 45.677103309694758 ], [ -71.835885733248787, 45.679520139752412 ], [ -71.829621943812128, 45.676747899882443 ], [ -71.829915212313637, 45.671559216448273 ], [ -71.836471089174694, 45.669142708868073 ] ] ] } },
{ "type": "Feature", "properties": { "hex_id": 739375, "centroid_lon": -71.830208400684981, "centroid_lat": 45.66637052681245, "occurrences_today": 11, "datetimes_today": "2026-07-25 12:01:47, 2026-07-25 12:16:54, 2026-07-25 12:31:42, 2026-07-25 12:46:57, 2026-07-25 12:57:23, 2026-07-25 13:17:05, 2026-07-25 13:31:44, 2026-07-25 13:47:17, 2026-07-25 13:59:59, 2026-07-25 14:17:10, 2026-07-25 14:32:01", "cumulative_total": 43.0 }, "geometry": { "type": "Polygon", "coordinates": [ [ [ -71.830501508953091, 45.66118183097548 ], [ -71.836763647190153, 45.66395398413232 ], [ -71.836471089174694, 45.669142708868073 ], [ -71.829915212313637, 45.671559216448273 ], [ -71.823652603940602, 45.668786676915907 ], [ -71.823946342537681, 45.663598016243128 ], [ -71.830501508953091, 45.66118183097548 ] ] ] } },
{ "type": "Feature", "properties": { "hex_id": 739986, "centroid_lon": -71.823358785066176, "centroid_lat": 45.673975331381399, "occurrences_today": 11, "datetimes_today": "2026-07-25 12:01:47, 2026-07-25 12:16:54, 2026-07-25 12:31:42, 2026-07-25 12:46:57, 2026-07-25 12:57:23, 2026-07-25 13:17:05, 2026-07-25 13:31:44, 2026-07-25 13:47:17, 2026-07-25 13:59:59, 2026-07-25 14:17:10, 2026-07-25 14:32:01", "cumulative_total": 43.0 }, "geometry": { "type": "Polygon", "coordinates": [ [ [ -71.823652603940602, 45.668786676915907 ], [ -71.829915212313637, 45.671559216448273 ], [ -71.829621943812128, 45.676747899882443 ], [ -71.823064885887419, 45.679163979639114 ], [ -71.816801807459328, 45.676391053575188 ], [ -71.817096256984001, 45.671202434350427 ], [ -71.823652603940602, 45.668786676915907 ] ] ] } },
{ "type": "Feature", "properties": { "hex_id": 740596, "centroid_lon": -71.817390626057147, "centroid_lat": 45.666013808912261, "occurrences_today": 11, "datetimes_today": "2026-07-25 12:01:47, 2026-07-25 12:16:54, 2026-07-25 12:31:42, 2026-07-25 12:46:57, 2026-07-25 12:57:23, 2026-07-25 13:17:05, 2026-07-25 13:31:44, 2026-07-25 13:47:17, 2026-07-25 13:59:59, 2026-07-25 14:17:10, 2026-07-25 14:32:01", "cumulative_total": 43.0 }, "geometry": { "type": "Polygon", "coordinates": [ [ [ -71.817684914705822, 45.660825177261181 ], [ -71.823946342537681, 45.663598016243128 ], [ -71.823652603940602, 45.668786676915907 ], [ -71.817096256984001, 45.671202434350427 ], [ -71.810834359538532, 45.668429208890643 ], [ -71.81112927863623, 45.663240612538438 ], [ -71.817684914705822, 45.660825177261181 ] ] ] } },
{ "type": "Feature", "properties": { "hex_id": 741206, "centroid_lon": -71.811424117162431, "centroid_lat": 45.658052009967705, "occurrences_today": 11, "datetimes_today": "2026-07-25 12:01:47, 2026-07-25 12:16:54, 2026-07-25 12:31:42, 2026-07-25 12:46:57, 2026-07-25 12:57:23, 2026-07-25 13:17:05, 2026-07-25 13:31:44, 2026-07-25 13:47:17, 2026-07-25 13:59:59, 2026-07-25 14:17:10, 2026-07-25 14:32:01", "cumulative_total": 43.0 }, "geometry": { "type": "Polygon", "coordinates": [ [ [ -71.811718875144194, 45.652863401178934 ], [ -71.817979122957098, 45.655636539397726 ], [ -71.817684914705822, 45.660825177261181 ], [ -71.81112927863623, 45.663240612538438 ], [ -71.804868561650821, 45.660467087895562 ], [ -71.805163949880438, 45.65527851446376 ], [ -71.811718875144194, 45.652863401178934 ] ] ] } },
{ "type": "Feature", "properties": { "hex_id": 572054, "centroid_lon": -73.605057494915869, "centroid_lat": 45.015850859389047, "occurrences_today": 3, "datetimes_today": "2026-07-25 12:16:54, 2026-07-25 12:31:42, 2026-07-25 12:46:57", "cumulative_total": 19.0 }, "geometry": { "type": "Polygon", "coordinates": [ [ [ -73.605183644490623, 45.01065514915782 ], [ -73.611464112494204, 45.01333032156505 ], [ -73.611338519116444, 45.018526043213306 ], [ -73.604931311088421, 45.021046564595117 ], [ -73.598650321146238, 45.018371029721003 ], [ -73.598777061159339, 45.013175335995342 ], [ -73.605183644490623, 45.01065514915782 ] ] ] } },
{ "type": "Feature", "properties": { "hex_id": 477481, "centroid_lon": -74.582360768625762, "centroid_lat": 45.873293244374942, "occurrences_today": 86, "datetimes_today": "2026-07-25 00:01:45, 2026-07-25 00:17:19, 2026-07-25 00:29:49, 2026-07-25 00:47:08, 2026-07-25 01:02:10, 2026-07-25 01:16:51, 2026-07-25 01:32:21, 2026-07-25 01:46:48, 2026-07-25 02:01:47, 2026-07-25 02:17:11, 2026-07-25 02:32:05, 2026-07-25 03:02:12, 2026-07-25 03:16:45, 2026-07-25 03:32:08, 2026-07-25 03:46:44, 2026-07-25 04:02:15, 2026-07-25 04:16:41, 2026-07-25 04:31:50, 2026-07-25 04:46:51, 2026-07-25 05:16:53, 2026-07-25 05:31:45, 2026-07-25 05:47:08, 2026-07-25 06:02:19, 2026-07-25 06:16:49, 2026-07-25 06:27:15, 2026-07-25 06:46:50, 2026-07-25 07:02:12, 2026-07-25 07:16:44, 2026-07-25 07:31:54, 2026-07-25 07:45:07, 2026-07-25 08:01:39, 2026-07-25 08:17:05, 2026-07-25 08:32:37, 2026-07-25 08:46:47, 2026-07-25 09:02:13, 2026-07-25 09:17:11, 2026-07-25 09:31:58, 2026-07-25 09:46:39, 2026-07-25 10:02:01, 2026-07-25 10:17:36, 2026-07-25 10:31:44, 2026-07-25 11:01:55, 2026-07-25 11:16:38, 2026-07-25 11:31:56, 2026-07-25 11:46:58, 2026-07-25 12:01:47, 2026-07-25 12:16:54, 2026-07-25 12:31:42, 2026-07-25 12:46:57, 2026-07-25 12:57:23, 2026-07-25 13:17:05, 2026-07-25 13:31:44, 2026-07-25 13:47:17, 2026-07-25 13:59:59, 2026-07-25 14:17:10, 2026-07-25 14:32:01, 2026-07-25 14:46:57, 2026-07-25 15:02:21, 2026-07-25 15:17:09, 2026-07-25 15:31:58, 2026-07-25 15:47:16, 2026-07-25 16:01:43, 2026-07-25 16:16:43, 2026-07-25 16:27:38, 2026-07-25 16:46:44, 2026-07-25 17:02:39, 2026-07-25 17:17:07, 2026-07-25 17:46:39, 2026-07-25 18:02:04, 2026-07-25 18:16:44, 2026-07-25 18:27:33, 2026-07-25 18:47:11, 2026-07-25 19:02:48, 2026-07-25 19:16:47, 2026-07-25 19:32:40, 2026-07-25 19:46:57, 2026-07-25 20:01:44, 2026-07-25 20:16:47, 2026-07-25 20:32:27, 2026-07-25 20:47:08, 2026-07-25 21:02:08, 2026-07-25 21:15:55, 2026-07-25 21:31:47, 2026-07-25 21:47:11, 2026-07-25 22:01:48, 2026-07-25 22:16:38", "cumulative_total": 476.0 }, "geometry": { "type": "Polygon", "coordinates": [ [ [ -74.5823996863856, 45.868096913194883 ], [ -74.588822323793721, 45.870718441733644 ], [ -74.588784001070962, 45.875914774739137 ], [ -74.582321840186879, 45.878489570782861 ], [ -74.575898618422514, 45.875867678379478 ], [ -74.575938141894838, 45.870671353862463 ], [ -74.5823996863856, 45.868096913194883 ] ] ] } },
{ "type": "Feature", "properties": { "hex_id": 478092, "centroid_lon": -74.575859084104621, "centroid_lat": 45.881063998123551, "occurrences_today": 2, "datetimes_today": "2026-07-25 18:47:11, 2026-07-25 19:02:48", "cumulative_total": 349.0 }, "geometry": { "type": "Polygon", "coordinates": [ [ [ -74.575898618422514, 45.875867678379478 ], [ -74.582321840186879, 45.878489570782861 ], [ -74.582282901065355, 45.883685892418619 ], [ -74.575819538937466, 45.886260313094702 ], [ -74.569395732827815, 45.883638056663592 ], [ -74.569435873187658, 45.878441743649617 ], [ -74.575898618422514, 45.875867678379478 ] ] ] } },
{ "type": "Feature", "properties": { "hex_id": 556218, "centroid_lon": -73.757466948901921, "centroid_lat": 45.594477646920723, "occurrences_today": 2, "datetimes_today": "2026-07-25 10:17:36, 2026-07-25 10:31:44", "cumulative_total": 163.0 }, "geometry": { "type": "Polygon", "coordinates": [ [ [ -73.757581606696519, 45.589282146575876 ], [ -73.763933070708134, 45.591949431170136 ], [ -73.763818988367689, 45.597144941559044 ], [ -73.757352259759372, 45.599673142294428 ], [ -73.751000251646857, 45.597005489385225 ], [ -73.751115516233, 45.591810004120298 ], [ -73.757581606696519, 45.589282146575876 ] ] ] } },
{ "type": "Feature", "properties": { "hex_id": 969676, "centroid_lon": -69.18626687580371, "centroid_lat": 47.784041100994571, "occurrences_today": 1, "datetimes_today": "2026-07-25 07:16:44", "cumulative_total": 14.0 }, "geometry": { "type": "Polygon", "coordinates": [ [ [ -69.186845030751542, 47.778873127031346 ], [ -69.193196334824989, 47.781794396335989 ], [ -69.192618750320449, 47.786962426041583 ], [ -69.185688558911025, 47.789209064978806 ], [ -69.179336846367818, 47.786287359988911 ], [ -69.179915733646467, 47.781119451814625 ], [ -69.186845030751542, 47.778873127031346 ] ] ] } },
{ "type": "Feature", "properties": { "hex_id": 970287, "centroid_lon": -69.178757796935898, "centroid_lat": 47.791455258171325, "occurrences_today": 6, "datetimes_today": "2026-07-25 07:31:54, 2026-07-25 07:45:07, 2026-07-25 08:01:39, 2026-07-25 08:17:05, 2026-07-25 08:32:37, 2026-07-25 08:46:47", "cumulative_total": 124.0 }, "geometry": { "type": "Polygon", "coordinates": [ [ [ -69.179336846367818, 47.786287359988911 ], [ -69.185688558911025, 47.789209064978806 ], [ -69.185110080016159, 47.794377018982139 ], [ -69.178178585293296, 47.796623146359963 ], [ -69.171826464452423, 47.793701005525506 ], [ -69.172406246574653, 47.788533173225375 ], [ -69.179336846367818, 47.786287359988911 ] ] ] } },
{ "type": "Feature", "properties": { "hex_id": 970897, "centroid_lon": -69.172985866335154, "centroid_lat": 47.783365330920489, "occurrences_today": 1, "datetimes_today": "2026-07-25 07:16:44", "cumulative_total": 14.0 }, "geometry": { "type": "Polygon", "coordinates": [ [ [ -69.173565323791365, 47.778197478612775 ], [ -69.179915733646467, 47.781119451814625 ], [ -69.179336846367818, 47.786287359988911 ], [ -69.172406246574653, 47.788533173225375 ], [ -69.166055428874969, 47.785610764255331 ], [ -69.166635618755606, 47.780442977884597 ], [ -69.173565323791365, 47.778197478612775 ] ] ] } },
{ "type": "Feature", "properties": { "hex_id": 726559, "centroid_lon": -71.961012260714696, "centroid_lat": 45.740085040959762, "occurrences_today": 11, "datetimes_today": "2026-07-25 12:01:47, 2026-07-25 12:16:54, 2026-07-25 12:31:42, 2026-07-25 12:46:57, 2026-07-25 12:57:23, 2026-07-25 13:17:05, 2026-07-25 13:31:44, 2026-07-25 13:47:17, 2026-07-25 13:59:59, 2026-07-25 14:17:10, 2026-07-25 14:32:01", "cumulative_total": 45.0 }, "geometry": { "type": "Polygon", "coordinates": [ [ [ -71.961294008180232, 45.734895768853633 ], [ -71.967571048272816, 45.737661084103074 ], [ -71.967289855163742, 45.742850383888012 ], [ -71.960730436171573, 45.745274306978985 ], [ -71.954452918813075, 45.742508605492603 ], [ -71.954735297686682, 45.737319367216671 ], [ -71.961294008180232, 45.734895768853633 ] ] ] } },
{ "type": "Feature", "properties": { "hex_id": 727780, "centroid_lon": -71.948176033024183, "centroid_lat": 45.739742573233521, "occurrences_today": 11, "datetimes_today": "2026-07-25 12:01:47, 2026-07-25 12:16:54, 2026-07-25 12:31:42, 2026-07-25 12:46:57, 2026-07-25 12:57:23, 2026-07-25 13:17:05, 2026-07-25 13:31:44, 2026-07-25 13:47:17, 2026-07-25 13:59:59, 2026-07-25 14:17:10, 2026-07-25 14:32:01", "cumulative_total": 45.0 }, "geometry": { "type": "Polygon", "coordinates": [ [ [ -71.948458966053721, 45.734553362759982 ], [ -71.954735297686682, 45.737319367216671 ], [ -71.954452918813075, 45.742508605492603 ], [ -71.947893022593988, 45.744931777608848 ], [ -71.941616214218783, 45.742165386811486 ], [ -71.941899778778833, 45.736976210303027 ], [ -71.948458966053721, 45.734553362759982 ] ] ] } },
{ "type": "Feature", "properties": { "hex_id": 728390, "centroid_lon": -71.942183265789751, "centroid_lat": 45.731787027690949, "occurrences_today": 11, "datetimes_today": "2026-07-25 12:01:47, 2026-07-25 12:16:54, 2026-07-25 12:31:42, 2026-07-25 12:46:57, 2026-07-25 12:57:23, 2026-07-25 13:17:05, 2026-07-25 13:31:44, 2026-07-25 13:47:17, 2026-07-25 13:59:59, 2026-07-25 14:17:10, 2026-07-25 14:32:01", "cumulative_total": 45.0 }, "geometry": { "type": "Polygon", "coordinates": [ [ [ -71.9424666752777, 45.726597838975678 ], [ -71.948741821708694, 45.729364146188729 ], [ -71.948458966053721, 45.734553362759982 ], [ -71.941899778778833, 45.736976210303027 ], [ -71.935624156050906, 45.734209516802366 ], [ -71.935908196868681, 45.729020362110752 ], [ -71.9424666752777, 45.726597838975678 ] ] ] } },
{ "type": "Feature", "properties": { "hex_id": 729001, "centroid_lon": -71.93534003753561, "centroid_lat": 45.739398665384897, "occurrences_today": 11, "datetimes_today": "2026-07-25 12:01:47, 2026-07-25 12:16:54, 2026-07-25 12:31:42, 2026-07-25 12:46:57, 2026-07-25 12:57:23, 2026-07-25 13:17:05, 2026-07-25 13:31:44, 2026-07-25 13:47:17, 2026-07-25 13:59:59, 2026-07-25 14:17:10, 2026-07-25 14:32:01", "cumulative_total": 45.0 }, "geometry": { "type": "Polygon", "coordinates": [ [ [ -71.935624156050906, 45.734209516802366 ], [ -71.941899778778833, 45.736976210303027 ], [ -71.941616214218783, 45.742165386811486 ], [ -71.935055841296631, 45.744587807857876 ], [ -71.928779742350244, 45.741820727912931 ], [ -71.929064492518293, 45.736631613430376 ], [ -71.935624156050906, 45.734209516802366 ] ] ] } },
{ "type": "Feature", "properties": { "hex_id": 729611, "centroid_lon": -71.929349164814241, "centroid_lat": 45.731442492832798, "occurrences_today": 11, "datetimes_today": "2026-07-25 12:01:47, 2026-07-25 12:16:54, 2026-07-25 12:31:42, 2026-07-25 12:46:57, 2026-07-25 12:57:23, 2026-07-25 13:17:05, 2026-07-25 13:31:44, 2026-07-25 13:47:17, 2026-07-25 13:59:59, 2026-07-25 14:17:10, 2026-07-25 14:32:01", "cumulative_total": 45.0 }, "geometry": { "type": "Polygon", "coordinates": [ [ [ -71.929633759264362, 45.726253366120666 ], [ -71.935908196868681, 45.729020362110752 ], [ -71.935624156050906, 45.734209516802366 ], [ -71.929064492518293, 45.736631613430376 ], [ -71.922789579140598, 45.733864231049125 ], [ -71.92307480504266, 45.728675138495518 ], [ -71.929633759264362, 45.726253366120666 ] ] ] } },
{ "type": "Feature", "properties": { "hex_id": 730222, "centroid_lon": -71.922504275218131, "centroid_lat": 45.739053317482266, "occurrences_today": 11, "datetimes_today": "2026-07-25 12:01:47, 2026-07-25 12:16:54, 2026-07-25 12:31:42, 2026-07-25 12:46:57, 2026-07-25 12:57:23, 2026-07-25 13:17:05, 2026-07-25 13:31:44, 2026-07-25 13:47:17, 2026-07-25 13:59:59, 2026-07-25 14:17:10, 2026-07-25 14:32:01", "cumulative_total": 45.0 }, "geometry": { "type": "Polygon", "coordinates": [ [ [ -71.922789579140598, 45.733864231049125 ], [ -71.929064492518293, 45.736631613430376 ], [ -71.928779742350244, 45.741820727912931 ], [ -71.922218893248939, 45.74424239779443 ], [ -71.915943504176681, 45.741474628865426 ], [ -71.916229439873987, 45.736285576667171 ], [ -71.922789579140598, 45.733864231049125 ] ] ] } },
{ "type": "Feature", "properties": { "hex_id": 860342, "centroid_lon": -70.450430327456488, "centroid_lat": 46.991642734053521, "occurrences_today": 2, "datetimes_today": "2026-07-25 00:01:45, 2026-07-25 00:17:19", "cumulative_total": 152.0 }, "geometry": { "type": "Polygon", "coordinates": [ [ [ -70.450870692954865, 46.986463677983529 ], [ -70.457205215864491, 46.989313981190378 ], [ -70.456765418490946, 46.994493080271887 ], [ -70.44998983973106, 46.996821782253924 ], [ -70.443654870944883, 46.993971063830379 ], [ -70.444095926752667, 46.988792058708128 ], [ -70.450870692954865, 46.986463677983529 ] ] ] } },
{ "type": "Feature", "properties": { "hex_id": 860952, "centroid_lon": -70.444536860181614, "centroid_lat": 46.983613045707848, "occurrences_today": 2, "datetimes_today": "2026-07-25 00:01:45, 2026-07-25 00:17:19", "cumulative_total": 138.0 }, "geometry": { "type": "Polygon", "coordinates": [ [ [ -70.444977671274245, 46.978434024830698 ], [ -70.451310936268683, 46.981284614045073 ], [ -70.450870692954865, 46.986463677983529 ], [ -70.444095926752667, 46.988792058708128 ], [ -70.437762216336992, 46.985941054342852 ], [ -70.438203717502262, 46.980762084470463 ], [ -70.444977671274245, 46.978434024830698 ] ] ] } },
{ "type": "Feature", "properties": { "hex_id": 860953, "centroid_lon": -70.44321369271573, "centroid_lat": 46.9991500610735, "occurrences_today": 2, "datetimes_today": "2026-07-25 00:01:45, 2026-07-25 00:17:19", "cumulative_total": 138.0 }, "geometry": { "type": "Polygon", "coordinates": [ [ [ -70.443654870944883, 46.993971063830379 ], [ -70.44998983973106, 46.996821782253924 ], [ -70.449549229736121, 47.002000822583639 ], [ -70.442772392022647, 47.004329050436382 ], [ -70.436436977487446, 47.001477916636809 ], [ -70.436878846372181, 46.996298970427148 ], [ -70.443654870944883, 46.993971063830379 ] ] ] } },
{ "type": "Feature", "properties": { "hex_id": 861562, "centroid_lon": -70.438645096179528, "centroid_lat": 46.97558310671274, "occurrences_today": 2, "datetimes_today": "2026-07-25 00:01:45, 2026-07-25 00:17:19", "cumulative_total": 138.0 }, "geometry": { "type": "Polygon", "coordinates": [ [ [ -70.439086352411351, 46.970404121070793 ], [ -70.445418360073063, 46.973254996077756 ], [ -70.444977671274245, 46.978434024830698 ], [ -70.438203717502262, 46.980762084470463 ], [ -70.43187126487426, 46.977910794378424 ], [ -70.432313210941999, 46.972731859798273 ], [ -70.439086352411351, 46.970404121070793 ] ] ] } },
{ "type": "Feature", "properties": { "hex_id": 861563, "centroid_lon": -70.437320592641157, "centroid_lat": 46.991120016328786, "occurrences_today": 2, "datetimes_today": "2026-07-25 00:01:45, 2026-07-25 00:17:19", "cumulative_total": 138.0 }, "geometry": { "type": "Polygon", "coordinates": [ [ [ -70.437762216336992, 46.985941054342852 ], [ -70.444095926752667, 46.988792058708128 ], [ -70.443654870944883, 46.993971063830379 ], [ -70.436878846372181, 46.996298970427148 ], [ -70.430544690662884, 46.993447550751689 ], [ -70.430987004777322, 46.988268639856258 ], [ -70.437762216336992, 46.985941054342852 ] ] ] } },
{ "type": "Feature", "properties": { "hex_id": 861564, "centroid_lon": -70.435994985944333, "centroid_lat": 47.006656854956667, "occurrences_today": 2, "datetimes_today": "2026-07-25 00:01:45, 2026-07-25 00:17:19", "cumulative_total": 135.0 }, "geometry": { "type": "Polygon", "coordinates": [ [ [ -70.436436977487446, 47.001477916636809 ], [ -70.442772392022647, 47.004329050436382 ], [ -70.442330968823057, 47.00950803191791 ], [ -70.43555287170021, 47.011835785385585 ], [ -70.429217011543841, 47.008984236050587 ], [ -70.429659694088841, 47.00380534884998 ], [ -70.436436977487446, 47.001477916636809 ] ] ] } },
{ "type": "Feature", "properties": { "hex_id": 862172, "centroid_lon": -70.43275503441275, "centroid_lat": 46.967552917325442, "occurrences_today": 2, "datetimes_today": "2026-07-25 00:01:45, 2026-07-25 00:17:19", "cumulative_total": 138.0 }, "geometry": { "type": "Polygon", "coordinates": [ [ [ -70.433196735329034, 46.962373966961096 ], [ -70.439527486240237, 46.96522512754575 ], [ -70.439086352411351, 46.970404121070793 ], [ -70.432313210941999, 46.972731859798273 ], [ -70.425982015519125, 46.969880284194346 ], [ -70.426424406034684, 46.964701384948761 ], [ -70.433196735329034, 46.962373966961096 ] ] ] } },
{ "type": "Feature", "properties": { "hex_id": 862173, "centroid_lon": -70.431429196166903, "centroid_lat": 46.983089721064786, "occurrences_today": 2, "datetimes_today": "2026-07-25 00:01:45, 2026-07-25 00:17:19", "cumulative_total": 150.0 }, "geometry": { "type": "Polygon", "coordinates": [ [ [ -70.43187126487426, 46.977910794378424 ], [ -70.438203717502262, 46.980762084470463 ], [ -70.437762216336992, 46.985941054342852 ], [ -70.430987004777322, 46.988268639856258 ], [ -70.424654107310772, 46.985416934519925 ], [ -70.425096866199794, 46.980238058981051 ], [ -70.43187126487426, 46.977910794378424 ] ] ] } },
{ "type": "Feature", "properties": { "hex_id": 862174, "centroid_lon": -70.430102253780959, "centroid_lat": 46.998626453749964, "occurrences_today": 2, "datetimes_today": "2026-07-25 00:01:45, 2026-07-25 00:17:19", "cumulative_total": 138.0 }, "geometry": { "type": "Polygon", "coordinates": [ [ [ -70.430544690662884, 46.993447550751689 ], [ -70.436878846372181, 46.996298970427148 ], [ -70.436436977487446, 47.001477916636809 ], [ -70.429659694088841, 47.00380534884998 ], [ -70.423325093213876, 47.000953513705049 ], [ -70.423768220860524, 46.995774661883054 ], [ -70.430544690662884, 46.993447550751689 ] ] ] } },
{ "type": "Feature", "properties": { "hex_id": 862176, "centroid_lon": -70.427445051980399, "centroid_lat": 47.029699705836634, "occurrences_today": 2, "datetimes_today": "2026-07-25 00:01:45, 2026-07-25 00:17:19", "cumulative_total": 85.0 }, "geometry": { "type": "Polygon", "coordinates": [ [ [ -70.427888226364288, 47.024520850244834 ], [ -70.434225792334871, 47.027372529315578 ], [ -70.433783186859742, 47.032551428169576 ], [ -70.427001754529826, 47.034878553523406 ], [ -70.420663742738554, 47.032026458532421 ], [ -70.421107609055085, 47.026847654174524 ], [ -70.427888226364288, 47.024520850244834 ] ] ] } },
{ "type": "Feature", "properties": { "hex_id": 862782, "centroid_lon": -70.426866673844387, "centroid_lat": 46.959522477803162, "occurrences_today": 2, "datetimes_today": "2026-07-25 00:01:45, 2026-07-25 00:17:19", "cumulative_total": 144.0 }, "geometry": { "type": "Polygon", "coordinates": [ [ [ -70.427308818990795, 46.954343562758709 ], [ -70.433638313733439, 46.9571950087063 ], [ -70.433196735329034, 46.962373966961096 ], [ -70.426424406034684, 46.964701384948761 ], [ -70.42009446723462, 46.961849524047743 ], [ -70.420537301743721, 46.956670660179 ], [ -70.427308818990795, 46.954343562758709 ] ] ] } },
{ "type": "Feature", "properties": { "hex_id": 862783, "centroid_lon": -70.425539502255035, "centroid_lat": 46.975059175538817, "occurrences_today": 2, "datetimes_today": "2026-07-25 00:01:45, 2026-07-25 00:17:19", "cumulative_total": 150.0 }, "geometry": { "type": "Polygon", "coordinates": [ [ [ -70.425982015519125, 46.969880284194346 ], [ -70.432313210941999, 46.972731859798273 ], [ -70.43187126487426, 46.977910794378424 ], [ -70.425096866199794, 46.980238058981051 ], [ -70.418765226393049, 46.97738606819874 ], [ -70.419208429601966, 46.972207228058735 ], [ -70.425982015519125, 46.969880284194346 ] ] ] } },
{ "type": "Feature", "properties": { "hex_id": 862784, "centroid_lon": -70.424211225545235, "centroid_lat": 46.990595802154289, "occurrences_today": 2, "datetimes_today": "2026-07-25 00:01:45, 2026-07-25 00:17:19", "cumulative_total": 150.0 }, "geometry": { "type": "Polygon", "coordinates": [ [ [ -70.424654107310772, 46.985416934519925 ], [ -70.430987004777322, 46.988268639856258 ], [ -70.430544690662884, 46.993447550751689 ], [ -70.423768220860524, 46.995774661883054 ], [ -70.417434878683423, 46.99292254114318 ], [ -70.417878450976531, 46.987743724742089 ], [ -70.424654107310772, 46.985416934519925 ] ] ] } },
{ "type": "Feature", "properties": { "hex_id": 862785, "centroid_lon": -70.422881842562575, "centroid_lat": 47.006132357619187, "occurrences_today": 2, "datetimes_today": "2026-07-25 00:01:45, 2026-07-25 00:17:19", "cumulative_total": 135.0 }, "geometry": { "type": "Polygon", "coordinates": [ [ [ -70.423325093213876, 47.000953513705049 ], [ -70.429659694088841, 47.00380534884998 ], [ -70.429217011543841, 47.008984236050587 ], [ -70.422438468863845, 47.011311193624337 ], [ -70.416103422951394, 47.008458942850609 ], [ -70.416547364713651, 47.00328015019857 ], [ -70.423325093213876, 47.000953513705049 ] ] ] } },
{ "type": "Feature", "properties": { "hex_id": 862786, "centroid_lon": -70.421551352152903, "centroid_lat": 47.021668841903121, "occurrences_today": 2, "datetimes_today": "2026-07-25 00:01:45, 2026-07-25 00:17:19", "cumulative_total": 48.0 }, "geometry": { "type": "Polygon", "coordinates": [ [ [ -70.421994972074884, 47.016490021719349 ], [ -70.428331277724311, 47.019341986749133 ], [ -70.427888226364288, 47.024520850244834 ], [ -70.421107609055085, 47.026847654174524 ], [ -70.414770858040967, 47.023995273290538 ], [ -70.415215169657912, 47.018816504397719 ], [ -70.421994972074884, 47.016490021719349 ] ] ] } },
{ "type": "Feature", "properties": { "hex_id": 863394, "centroid_lon": -70.418321900198819, "centroid_lat": 46.98256490042688, "occurrences_today": 2, "datetimes_today": "2026-07-25 00:01:45, 2026-07-25 00:17:19", "cumulative_total": 150.0 }, "geometry": { "type": "Polygon", "coordinates": [ [ [ -70.418765226393049, 46.97738606819874 ], [ -70.425096866199794, 46.980238058981051 ], [ -70.424654107310772, 46.985416934519925 ], [ -70.417878450976531, 46.987743724742089 ], [ -70.41154636691401, 46.984891318622196 ], [ -70.411990383398759, 46.979712537684286 ], [ -70.418765226393049, 46.97738606819874 ] ] ] } },
{ "type": "Feature", "properties": { "hex_id": 863395, "centroid_lon": -70.416991183276721, "centroid_lat": 46.998101349629039, "occurrences_today": 2, "datetimes_today": "2026-07-25 00:01:45, 2026-07-25 00:17:19", "cumulative_total": 135.0 }, "geometry": { "type": "Polygon", "coordinates": [ [ [ -70.417434878683423, 46.99292254114318 ], [ -70.423768220860524, 46.995774661883054 ], [ -70.423325093213876, 47.000953513705049 ], [ -70.416547364713651, 47.00328015019857 ], [ -70.410213577954281, 47.00042761389593 ], [ -70.410657964234602, 46.995248856729155 ], [ -70.417434878683423, 46.99292254114318 ] ] ] } },
{ "type": "Feature", "properties": { "hex_id": 863396, "centroid_lon": -70.415659357947092, "centroid_lat": 47.01363772758404, "occurrences_today": 2, "datetimes_today": "2026-07-25 00:01:45, 2026-07-25 00:17:19", "cumulative_total": 135.0 }, "geometry": { "type": "Polygon", "coordinates": [ [ [ -70.416103422951394, 47.008458942850609 ], [ -70.422438468863845, 47.011311193624337 ], [ -70.421994972074884, 47.016490021719349 ], [ -70.415215169657912, 47.018816504397719 ], [ -70.408879678836442, 47.015963837835869 ], [ -70.409324435298103, 47.010785104450427 ], [ -70.416103422951394, 47.008458942850609 ] ] ] } },
{ "type": "Feature", "properties": { "hex_id": 863397, "centroid_lon": -70.414326423053367, "centroid_lat": 47.029174034261359, "occurrences_today": 2, "datetimes_today": "2026-07-25 00:01:45, 2026-07-25 00:17:19", "cumulative_total": 48.0 }, "geometry": { "type": "Polygon", "coordinates": [ [ [ -70.414770858040967, 47.023995273290538 ], [ -70.421107609055085, 47.026847654174524 ], [ -70.420663742738554, 47.032026458532421 ], [ -70.413881864652197, 47.034352787309025 ], [ -70.407544668402053, 47.031499990411419 ], [ -70.407989795431376, 47.026321280817506 ], [ -70.414770858040967, 47.023995273290538 ] ] ] } },
{ "type": "Feature", "properties": { "hex_id": 864003, "centroid_lon": -70.413765217969882, "centroid_lat": 46.958997334729439, "occurrences_today": 2, "datetimes_today": "2026-07-25 00:01:45, 2026-07-25 00:17:19", "cumulative_total": 150.0 }, "geometry": { "type": "Polygon", "coordinates": [ [ [ -70.414208618984446, 46.953818514195589 ], [ -70.420537301743721, 46.956670660179 ], [ -70.42009446723462, 46.961849524047743 ], [ -70.41332169394677, 46.964176147346372 ], [ -70.406992567711953, 46.961323586316389 ], [ -70.40743665819781, 46.956144817100864 ], [ -70.414208618984446, 46.953818514195589 ] ] ] } },
{ "type": "Feature", "properties": { "hex_id": 864004, "centroid_lon": -70.412434276703948, "centroid_lat": 46.974533748824911, "occurrences_today": 2, "datetimes_today": "2026-07-25 00:01:45, 2026-07-25 00:17:19", "cumulative_total": 150.0 }, "geometry": { "type": "Polygon", "coordinates": [ [ [ -70.412878046872365, 46.969354952045236 ], [ -70.419208429601966, 46.972207228058735 ], [ -70.418765226393049, 46.97738606819874 ], [ -70.411990383398759, 46.979712537684286 ], [ -70.405659556867818, 46.976859846399194 ], [ -70.406104017089746, 46.971681100966684 ], [ -70.412878046872365, 46.969354952045236 ] ] ] } },
{ "type": "Feature", "properties": { "hex_id": 864005, "centroid_lon": -70.411102227206896, "centroid_lat": 46.990070091637534, "occurrences_today": 2, "datetimes_today": "2026-07-25 00:01:45, 2026-07-25 00:17:19", "cumulative_total": 135.0 }, "geometry": { "type": "Polygon", "coordinates": [ [ [ -70.41154636691401, 46.984891318622196 ], [ -70.417878450976531, 46.987743724742089 ], [ -70.417434878683423, 46.99292254114318 ], [ -70.410657964234602, 46.995248856729155 ], [ -70.404325436044672, 46.99239603511252 ], [ -70.404770266388141, 46.987217313473245 ], [ -70.41154636691401, 46.984891318622196 ] ] ] } },
{ "type": "Feature", "properties": { "hex_id": 864006, "centroid_lon": -70.409769068323072, "centroid_lat": 47.005606363136728, "occurrences_today": 2, "datetimes_today": "2026-07-25 00:01:45, 2026-07-25 00:17:19", "cumulative_total": 135.0 }, "geometry": { "type": "Polygon", "coordinates": [ [ [ -70.410213577954281, 47.00042761389593 ], [ -70.416547364713651, 47.00328015019857 ], [ -70.416103422951394, 47.008458942850609 ], [ -70.409324435298103, 47.010785104450427 ], [ -70.402990204085, 47.007932152425738 ], [ -70.403435404936033, 47.002753454589907 ], [ -70.410213577954281, 47.00042761389593 ] ] ] } },
{ "type": "Feature", "properties": { "hex_id": 864007, "centroid_lon": -70.408434798895186, "centroid_lat": 47.021142563291939, "occurrences_today": 2, "datetimes_today": "2026-07-25 00:01:45, 2026-07-25 00:17:19", "cumulative_total": 165.0 }, "geometry": { "type": "Polygon", "coordinates": [ [ [ -70.408879678836442, 47.015963837835869 ], [ -70.415215169657912, 47.018816504397719 ], [ -70.414770858040967, 47.023995273290538 ], [ -70.407989795431376, 47.026321280817506 ], [ -70.401653859829622, 47.023468198308159 ], [ -70.402099431574783, 47.018289524286004 ], [ -70.408879678836442, 47.015963837835869 ] ] ] } },
{ "type": "Feature", "properties": { "hex_id": 864008, "centroid_lon": -70.407099417764229, "centroid_lat": 47.036678692072542, "occurrences_today": 2, "datetimes_today": "2026-07-25 00:01:45, 2026-07-25 00:17:19", "cumulative_total": 114.0 }, "geometry": { "type": "Polygon", "coordinates": [ [ [ -70.407544668402053, 47.031499990411419 ], [ -70.413881864652197, 47.034352787309025 ], [ -70.413437182794496, 47.039531532432427 ], [ -70.406654043474887, 47.041857385799759 ], [ -70.400316402117625, 47.039004172729058 ], [ -70.400762345144102, 47.033825522530826 ], [ -70.407544668402053, 47.031499990411419 ] ] ] } },
{ "type": "Feature", "properties": { "hex_id": 864613, "centroid_lon": -70.407880625523887, "centroid_lat": 46.950966039959916, "occurrences_today": 2, "datetimes_today": "2026-07-25 00:01:45, 2026-07-25 00:17:19", "cumulative_total": 150.0 }, "geometry": { "type": "Polygon", "coordinates": [ [ [ -70.408324469732904, 46.945787254894704 ], [ -70.414651897033139, 46.948639685745931 ], [ -70.414208618984446, 46.953818514195589 ], [ -70.40743665819781, 46.956144817100864 ], [ -70.401108787875671, 46.953291971269017 ], [ -70.401553321319327, 46.948113237579015 ], [ -70.408324469732904, 46.945787254894704 ] ] ] } },
{ "type": "Feature", "properties": { "hex_id": 864614, "centroid_lon": -70.406548354023514, "centroid_lat": 46.96650234760537, "occurrences_today": 2, "datetimes_today": "2026-07-25 00:01:45, 2026-07-25 00:17:19", "cumulative_total": 150.0 }, "geometry": { "type": "Polygon", "coordinates": [ [ [ -70.406992567711953, 46.961323586316389 ], [ -70.41332169394677, 46.964176147346372 ], [ -70.412878046872365, 46.969354952045236 ], [ -70.406104017089746, 46.971681100966684 ], [ -70.399774447507653, 46.968828124731111 ], [ -70.400219351012652, 46.963649414846209 ], [ -70.406992567711953, 46.961323586316389 ] ] ] } },
{ "type": "Feature", "properties": { "hex_id": 864615, "centroid_lon": -70.405214973314898, "centroid_lat": 46.98203858390174, "occurrences_today": 2, "datetimes_today": "2026-07-25 00:01:45, 2026-07-25 00:17:19", "cumulative_total": 135.0 }, "geometry": { "type": "Polygon", "coordinates": [ [ [ -70.405659556867818, 46.976859846399194 ], [ -70.411990383398759, 46.979712537684286 ], [ -70.41154636691401, 46.984891318622196 ], [ -70.404770266388141, 46.987217313473245 ], [ -70.398438996184296, 46.984364206757462 ], [ -70.398884270136364, 46.979185520687871 ], [ -70.405659556867818, 46.976859846399194 ] ] ] } },
{ "type": "Feature", "properties": { "hex_id": 864616, "centroid_lon": -70.403880482241604, "centroid_lat": 46.997574748818451, "occurrences_today": 2, "datetimes_today": "2026-07-25 00:01:45, 2026-07-25 00:17:19", "cumulative_total": 135.0 }, "geometry": { "type": "Polygon", "coordinates": [ [ [ -70.404325436044672, 46.99239603511252 ], [ -70.410657964234602, 46.995248856729155 ], [ -70.410213577954281, 47.00042761389593 ], [ -70.403435404936033, 47.002753454589907 ], [ -70.397102432747332, 46.999900217317325 ], [ -70.397548077532718, 46.994721555073326 ], [ -70.404325436044672, 46.99239603511252 ] ] ] } },
{ "type": "Feature", "properties": { "hex_id": 864617, "centroid_lon": -70.402544879645575, "centroid_lat": 47.013110842324814, "occurrences_today": 2, "datetimes_today": "2026-07-25 00:01:45, 2026-07-25 00:17:19", "cumulative_total": 153.0 }, "geometry": { "type": "Polygon", "coordinates": [ [ [ -70.402990204085, 47.007932152425738 ], [ -70.409324435298103, 47.010785104450427 ], [ -70.408879678836442, 47.015963837835869 ], [ -70.402099431574783, 47.018289524286004 ], [ -70.395764756036797, 47.015436156379984 ], [ -70.396210772042366, 47.010257517971802 ], [ -70.402990204085, 47.007932152425738 ] ] ] } },
{ "type": "Feature", "properties": { "hex_id": 864618, "centroid_lon": -70.401208164367077, "centroid_lat": 47.028646864390147, "occurrences_today": 2, "datetimes_today": "2026-07-25 00:01:45, 2026-07-25 00:17:19", "cumulative_total": 135.0 }, "geometry": { "type": "Polygon", "coordinates": [ [ [ -70.401653859829622, 47.023468198308159 ], [ -70.407989795431376, 47.026321280817506 ], [ -70.407544668402053, 47.031499990411419 ], [ -70.400762345144102, 47.033825522530826 ], [ -70.394425964891056, 47.030972023914629 ], [ -70.394872352504208, 47.025793409352531 ], [ -70.401653859829622, 47.023468198308159 ] ] ] } },
{ "type": "Feature", "properties": { "hex_id": 864619, "centroid_lon": -70.399870335244614, "centroid_lat": 47.044182814983735, "occurrences_today": 2, "datetimes_today": "2026-07-25 00:01:45, 2026-07-25 00:17:19", "cumulative_total": 48.0 }, "geometry": { "type": "Polygon", "coordinates": [ [ [ -70.400316402117625, 47.039004172729058 ], [ -70.406654043474887, 47.041857385799759 ], [ -70.406208545490998, 47.047036071591926 ], [ -70.399424144481941, 47.04936144929367 ], [ -70.393086058146793, 47.046507819890451 ], [ -70.393532817755471, 47.041329229184726 ], [ -70.400316402117625, 47.039004172729058 ] ] ] } },
{ "type": "Feature", "properties": { "hex_id": 865223, "centroid_lon": -70.401997731494816, "centroid_lat": 46.942934495956258, "occurrences_today": 2, "datetimes_today": "2026-07-25 00:01:45, 2026-07-25 00:17:19", "cumulative_total": 144.0 }, "geometry": { "type": "Polygon", "coordinates": [ [ [ -70.402442018444916, 46.937755746401862 ], [ -70.40876819086759, 46.940608461906358 ], [ -70.408324469732904, 46.945787254894704 ], [ -70.401553321319327, 46.948113237579015 ], [ -70.395226706328003, 46.945260107159839 ], [ -70.395671682276131, 46.940081409037496 ], [ -70.402442018444916, 46.937755746401862 ] ] ] } },
{ "type": "Feature", "properties": { "hex_id": 865224, "centroid_lon": -70.400664131121047, "centroid_lat": 46.958470697025128, "occurrences_today": 2, "datetimes_today": "2026-07-25 00:01:45, 2026-07-25 00:17:19", "cumulative_total": 173.0 }, "geometry": { "type": "Polygon", "coordinates": [ [ [ -70.401108787875671, 46.953291971269017 ], [ -70.40743665819781, 46.956144817100864 ], [ -70.406992567711953, 46.961323586316389 ], [ -70.400219351012652, 46.963649414846209 ], [ -70.393891037796948, 46.960796153874782 ], [ -70.394336384131265, 46.955617479579615 ], [ -70.401108787875671, 46.953291971269017 ] ] ] } },
{ "type": "Feature", "properties": { "hex_id": 865225, "centroid_lon": -70.399329420563177, "centroid_lat": 46.974006826678703, "occurrences_today": 2, "datetimes_today": "2026-07-25 00:01:45, 2026-07-25 00:17:19", "cumulative_total": 135.0 }, "geometry": { "type": "Polygon", "coordinates": [ [ [ -70.399774447507653, 46.968828124731111 ], [ -70.406104017089746, 46.971681100966684 ], [ -70.405659556867818, 46.976859846399194 ], [ -70.398884270136364, 46.979185520687871 ], [ -70.392554257335519, 46.976332129087666 ], [ -70.392999974441992, 46.971153478629937 ], [ -70.399774447507653, 46.968828124731111 ] ] ] } },
{ "type": "Feature", "properties": { "hex_id": 865226, "centroid_lon": -70.397993598664073, "centroid_lat": 46.989542884886319, "occurrences_today": 2, "datetimes_today": "2026-07-25 00:01:45, 2026-07-25 00:17:19", "cumulative_total": 135.0 }, "geometry": { "type": "Polygon", "coordinates": [ [ [ -70.398438996184296, 46.984364206757462 ], [ -70.404770266388141, 46.987217313473245 ], [ -70.404325436044672, 46.99239603511252 ], [ -70.397548077532718, 46.994721555073326 ], [ -70.391216363784707, 46.991868032767691 ], [ -70.391662452049843, 46.986689406157673 ], [ -70.398438996184296, 46.984364206757462 ] ] ] } },
{ "type": "Feature", "properties": { "hex_id": 865227, "centroid_lon": -70.396656664264867, "centroid_lat": 47.005078871617208, "occurrences_today": 2, "datetimes_today": "2026-07-25 00:01:45, 2026-07-25 00:17:19", "cumulative_total": 135.0 }, "geometry": { "type": "Polygon", "coordinates": [ [ [ -70.397102432747332, 46.999900217317325 ], [ -70.403435404936033, 47.002753454589907 ], [ -70.402990204085, 47.007932152425738 ], [ -70.396210772042366, 47.010257517971802 ], [ -70.389877355983799, 47.007403864884047 ], [ -70.390323815794716, 47.002225262132022 ], [ -70.397102432747332, 46.999900217317325 ] ] ] } },
{ "type": "Feature", "properties": { "hex_id": 865228, "centroid_lon": -70.395318616205103, "centroid_lat": 47.020614786840611, "occurrences_today": 2, "datetimes_today": "2026-07-25 00:01:45, 2026-07-25 00:17:19", "cumulative_total": 138.0 }, "geometry": { "type": "Polygon", "coordinates": [ [ [ -70.395764756036797, 47.015436156379984 ], [ -70.402099431574783, 47.018289524286004 ], [ -70.401653859829622, 47.023468198308159 ], [ -70.394872352504208, 47.025793409352531 ], [ -70.388537232770403, 47.022939625405876 ], [ -70.388984064514744, 47.017761046522111 ], [ -70.395764756036797, 47.015436156379984 ] ] ] } },
{ "type": "Feature", "properties": { "hex_id": 865229, "centroid_lon": -70.393979453322515, "centroid_lat": 47.036150630525732, "occurrences_today": 2, "datetimes_today": "2026-07-25 00:01:45, 2026-07-25 00:17:19", "cumulative_total": 48.0 }, "geometry": { "type": "Polygon", "coordinates": [ [ [ -70.394425964891056, 47.030972023914629 ], [ -70.400762345144102, 47.033825522530826 ], [ -70.400316402117625, 47.039004172729058 ], [ -70.393532817755471, 47.041329229184726 ], [ -70.387195992980438, 47.038475314302254 ], [ -70.387643197046415, 47.03329675929708 ], [ -70.394425964891056, 47.030972023914629 ] ] ] } },
{ "type": "Feature", "properties": { "hex_id": 865230, "centroid_lon": -70.392639174453265, "centroid_lat": 47.051686402641764, "occurrences_today": 2, "datetimes_today": "2026-07-25 00:01:45, 2026-07-25 00:17:19", "cumulative_total": 48.0 }, "geometry": { "type": "Polygon", "coordinates": [ [ [ -70.393086058146793, 47.046507819890451 ], [ -70.399424144481941, 47.04936144929367 ], [ -70.398977829786475, 47.054540075657734 ], [ -70.392192166631716, 47.056864977437542 ], [ -70.385853635448115, 47.054010931542287 ], [ -70.386301212224524, 47.048832400426015 ], [ -70.393086058146793, 47.046507819890451 ] ] ] } },
{ "type": "Feature", "properties": { "hex_id": 865834, "centroid_lon": -70.394781606960663, "centroid_lat": 46.950438797340915, "occurrences_today": 2, "datetimes_today": "2026-07-25 00:01:45, 2026-07-25 00:17:19", "cumulative_total": 150.0 }, "geometry": { "type": "Polygon", "coordinates": [ [ [ -70.395226706328003, 46.945260107159839 ], [ -70.401553321319327, 46.948113237579015 ], [ -70.401108787875671, 46.953291971269017 ], [ -70.394336384131265, 46.955617479579615 ], [ -70.388009326699745, 46.952763934086867 ], [ -70.388455115409982, 46.947585295423565 ], [ -70.395226706328003, 46.945260107159839 ] ] ] } },
{ "type": "Feature", "properties": { "hex_id": 865835, "centroid_lon": -70.393445567914824, "centroid_lat": 46.965974820225263, "occurrences_today": 2, "datetimes_today": "2026-07-25 00:01:45, 2026-07-25 00:17:19", "cumulative_total": 135.0 }, "geometry": { "type": "Polygon", "coordinates": [ [ [ -70.393891037796948, 46.960796153874782 ], [ -70.400219351012652, 46.963649414846209 ], [ -70.399774447507653, 46.968828124731111 ], [ -70.392999974441992, 46.971153478629937 ], [ -70.386671218461331, 46.96829980235993 ], [ -70.387117378268371, 46.963121187556197 ], [ -70.393891037796948, 46.960796153874782 ] ] ] } },
{ "type": "Feature", "properties": { "hex_id": 865836, "centroid_lon": -70.39210841655246, "centroid_lat": 46.981510771597272, "occurrences_today": 2, "datetimes_today": "2026-07-25 00:01:45, 2026-07-25 00:17:19", "cumulative_total": 135.0 }, "geometry": { "type": "Polygon", "coordinates": [ [ [ -70.392554257335519, 46.976332129087666 ], [ -70.398884270136364, 46.979185520687871 ], [ -70.398438996184296, 46.984364206757462 ], [ -70.391662452049843, 46.986689406157673 ], [ -70.385331996159067, 46.983835599033746 ], [ -70.385778527449688, 46.978657008099844 ], [ -70.392554257335519, 46.976332129087666 ] ] ] } },
{ "type": "Feature", "properties": { "hex_id": 865837, "centroid_lon": -70.390770151713994, "centroid_lat": 46.997046651426182, "occurrences_today": 2, "datetimes_today": "2026-07-25 00:01:45, 2026-07-25 00:17:19", "cumulative_total": 135.0 }, "geometry": { "type": "Polygon", "coordinates": [ [ [ -70.391216363784707, 46.991868032767691 ], [ -70.397548077532718, 46.994721555073326 ], [ -70.397102432747332, 46.999900217317325 ], [ -70.390323815794716, 47.002225262132022 ], [ -70.383991658631487, 46.999371324077394 ], [ -70.384438561793033, 46.994192757023661 ], [ -70.391216363784707, 46.991868032767691 ] ] ] } },
{ "type": "Feature", "properties": { "hex_id": 865838, "centroid_lon": -70.389430772238157, "centroid_lat": 47.012582459681127, "occurrences_today": 2, "datetimes_today": "2026-07-25 00:01:45, 2026-07-25 00:17:19", "cumulative_total": 135.0 }, "geometry": { "type": "Polygon", "coordinates": [ [ [ -70.389877355983799, 47.007403864884047 ], [ -70.396210772042366, 47.010257517971802 ], [ -70.395764756036797, 47.015436156379984 ], [ -70.388984064514744, 47.017761046522111 ], [ -70.382650204715475, 47.014906977459944 ], [ -70.383097480135845, 47.009728434296704 ], [ -70.389877355983799, 47.007403864884047 ] ] ] } },
{ "type": "Feature", "properties": { "hex_id": 865839, "centroid_lon": -70.388090276962018, "centroid_lat": 47.028118196331249, "occurrences_today": 2, "datetimes_today": "2026-07-25 00:01:45, 2026-07-25 00:17:19", "cumulative_total": 27.0 }, "geometry": { "type": "Polygon", "coordinates": [ [ [ -70.388537232770403, 47.022939625405876 ], [ -70.394872352504208, 47.025793409352531 ], [ -70.394425964891056, 47.030972023914629 ], [ -70.387643197046415, 47.03329675929708 ], [ -70.38130763324618, 47.030442559150451 ], [ -70.381755281313829, 47.025264039887986 ], [ -70.388537232770403, 47.022939625405876 ] ] ] } },
{ "type": "Feature", "properties": { "hex_id": 865840, "centroid_lon": -70.386748664720884, "centroid_lat": 47.043653861345632, "occurrences_today": 2, "datetimes_today": "2026-07-25 00:01:45, 2026-07-25 00:17:19", "cumulative_total": 48.0 }, "geometry": { "type": "Polygon", "coordinates": [ [ [ -70.387195992980438, 47.038475314302254 ], [ -70.393532817755471, 47.041329229184726 ], [ -70.393086058146793, 47.046507819890451 ], [ -70.386301212224524, 47.048832400426015 ], [ -70.379963943057035, 47.045978069117879 ], [ -70.380411964161027, 47.040799573766542 ], [ -70.387195992980438, 47.038475314302254 ] ] ] } },
{ "type": "Feature", "properties": { "hex_id": 865841, "centroid_lon": -70.385405934348412, "centroid_lat": 47.059189454693318, "occurrences_today": 2, "datetimes_today": "2026-07-25 00:01:45, 2026-07-25 00:17:19", "cumulative_total": 27.0 }, "geometry": { "type": "Polygon", "coordinates": [ [ [ -70.385853635448115, 47.054010931542287 ], [ -70.392192166631716, 47.056864977437542 ], [ -70.391745034638959, 47.062043544276598 ], [ -70.384958108882145, 47.064367969877942 ], [ -70.378619132979836, 47.061513507331192 ], [ -70.379067527509761, 47.056335035901355 ], [ -70.385853635448115, 47.054010931542287 ] ] ] } },
{ "type": "Feature", "properties": { "hex_id": 866444, "centroid_lon": -70.388900780507129, "centroid_lat": 46.942406648809367, "occurrences_today": 2, "datetimes_today": "2026-07-25 00:01:45, 2026-07-25 00:17:19", "cumulative_total": 150.0 }, "geometry": { "type": "Polygon", "coordinates": [ [ [ -70.389346322034086, 46.937227994245404 ], [ -70.395671682276131, 46.940081409037496 ], [ -70.395226706328003, 46.945260107159839 ], [ -70.388455115409982, 46.947585295423565 ], [ -70.382129313180727, 46.944731465623924 ], [ -70.382575543813829, 46.939552862634564 ], [ -70.389346322034086, 46.937227994245404 ] ] ] } },
{ "type": "Feature", "properties": { "hex_id": 866445, "centroid_lon": -70.387563414333528, "centroid_lat": 46.957942564798124, "occurrences_today": 2, "datetimes_today": "2026-07-25 00:01:45, 2026-07-25 00:17:19", "cumulative_total": 135.0 }, "geometry": { "type": "Polygon", "coordinates": [ [ [ -70.388009326699745, 46.952763934086867 ], [ -70.394336384131265, 46.955617479579615 ], [ -70.393891037796948, 46.960796153874782 ], [ -70.387117378268371, 46.963121187556197 ], [ -70.380789878525334, 46.960267226830958 ], [ -70.38123648057946, 46.955088647723286 ], [ -70.388009326699745, 46.952763934086867 ] ] ] } },
{ "type": "Feature", "properties": { "hex_id": 866446, "centroid_lon": -70.386224934869432, "centroid_lat": 46.973478409208198, "occurrences_today": 2, "datetimes_today": "2026-07-25 00:01:45, 2026-07-25 00:17:19", "cumulative_total": 135.0 }, "geometry": { "type": "Polygon", "coordinates": [ [ [ -70.386671218461331, 46.96829980235993 ], [ -70.392999974441992, 46.971153478629937 ], [ -70.392554257335519, 46.976332129087666 ], [ -70.385778527449688, 46.978657008099844 ], [ -70.379449328832948, 46.975802916372288 ], [ -70.379896302695116, 46.970624361156609 ], [ -70.386671218461331, 46.96829980235993 ] ] ] } },
{ "type": "Feature", "properties": { "hex_id": 866447, "centroid_lon": -70.38488534095454, "centroid_lat": 46.989014182008731, "occurrences_today": 2, "datetimes_today": "2026-07-25 00:01:45, 2026-07-25 00:17:19", "cumulative_total": 135.0 }, "geometry": { "type": "Polygon", "coordinates": [ [ [ -70.385331996159067, 46.983835599033746 ], [ -70.391662452049843, 46.986689406157673 ], [ -70.391216363784707, 46.991868032767691 ], [ -70.384438561793033, 46.994192757023661 ], [ -70.37810766294136, 46.991338534216936 ], [ -70.378555008999172, 46.986160002903596 ], [ -70.385331996159067, 46.983835599033746 ] ] ] } },
{ "type": "Feature", "properties": { "hex_id": 866448, "centroid_lon": -70.383544631426801, "centroid_lat": 47.004549883168792, "occurrences_today": 2, "datetimes_today": "2026-07-25 00:01:45, 2026-07-25 00:17:19", "cumulative_total": 135.0 }, "geometry": { "type": "Polygon", "coordinates": [ [ [ -70.383991658631487, 46.999371324077394 ], [ -70.390323815794716, 47.002225262132022 ], [ -70.389877355983799, 47.007403864884047 ], [ -70.383097480135845, 47.009728434296704 ], [ -70.376764879686689, 47.006874080333915 ], [ -70.377212598328285, 47.001695572933251 ], [ -70.383991658631487, 46.999371324077394 ] ] ] } },
{ "type": "Feature", "properties": { "hex_id": 866450, "centroid_lon": -70.380859860876313, "centroid_lat": 47.035621070443682, "occurrences_today": 2, "datetimes_today": "2026-07-25 00:01:45, 2026-07-25 00:17:19", "cumulative_total": 27.0 }, "geometry": { "type": "Polygon", "coordinates": [ [ [ -70.38130763324618, 47.030442559150451 ], [ -70.387643197046415, 47.03329675929708 ], [ -70.387195992980438, 47.038475314302254 ], [ -70.380411964161027, 47.040799573766542 ], [ -70.374075956423965, 47.037944957260578 ], [ -70.374524421399869, 47.032766497716338 ], [ -70.38130763324618, 47.030442559150451 ] ] ] } },
{ "type": "Feature", "properties": { "hex_id": 866451, "centroid_lon": -70.379515797521051, "centroid_lat": 47.05115655649653, "occurrences_today": 2, "datetimes_today": "2026-07-25 00:01:45, 2026-07-25 00:17:19", "cumulative_total": 48.0 }, "geometry": { "type": "Polygon", "coordinates": [ [ [ -70.379963943057035, 47.045978069117879 ], [ -70.386301212224524, 47.048832400426015 ], [ -70.385853635448115, 47.054010931542287 ], [ -70.379067527509761, 47.056335035901355 ], [ -70.372729814079648, 47.053480288008096 ], [ -70.373178652807198, 47.048301852407619 ], [ -70.379963943057035, 47.045978069117879 ] ] ] } },
{ "type": "Feature", "properties": { "hex_id": 866452, "centroid_lon": -70.378170613887931, "centroid_lat": 47.066691970784895, "occurrences_today": 2, "datetimes_today": "2026-07-25 00:01:45, 2026-07-25 00:17:19", "cumulative_total": 27.0 }, "geometry": { "type": "Polygon", "coordinates": [ [ [ -70.378619132979836, 47.061513507331192 ], [ -70.384958108882145, 47.064367969877942 ], [ -70.384510159005956, 47.069546477095003 ], [ -70.377721970190663, 47.071870426261327 ], [ -70.371382549699675, 47.069015546903536 ], [ -70.3718317625693, 47.063837135257216 ], [ -70.378619132979836, 47.061513507331192 ] ] ] } },
{ "type": "Feature", "properties": { "hex_id": 867054, "centroid_lon": -70.383021650725823, "centroid_lat": 46.934374251686918, "occurrences_today": 2, "datetimes_today": "2026-07-25 00:01:45, 2026-07-25 00:17:19", "cumulative_total": 150.0 }, "geometry": { "type": "Polygon", "coordinates": [ [ [ -70.38346763395964, 46.929195632782154 ], [ -70.389791740033729, 46.932049331732827 ], [ -70.389346322034086, 46.937227994245404 ], [ -70.382575543813829, 46.939552862634564 ], [ -70.376250996205201, 46.936698748742401 ], [ -70.376697668308466, 46.931520181469004 ], [ -70.38346763395964, 46.929195632782154 ] ] ] } },
{ "type": "Feature", "properties": { "hex_id": 867055, "centroid_lon": -70.3816829587836, "centroid_lat": 46.949910060653878, "occurrences_today": 2, "datetimes_today": "2026-07-25 00:01:45, 2026-07-25 00:17:19", "cumulative_total": 135.0 }, "geometry": { "type": "Polygon", "coordinates": [ [ [ -70.382129313180727, 46.944731465623924 ], [ -70.388455115409982, 46.947585295423565 ], [ -70.388009326699745, 46.952763934086867 ], [ -70.38123648057946, 46.955088647723286 ], [ -70.3749102364918, 46.95223440275727 ], [ -70.37535728033987, 46.947055859387682 ], [ -70.382129313180727, 46.944731465623924 ] ] ] } },
{ "type": "Feature", "properties": { "hex_id": 867056, "centroid_lon": -70.380343152578234, "centroid_lat": 46.965445797975775, "occurrences_today": 2, "datetimes_today": "2026-07-25 00:01:45, 2026-07-25 00:17:19", "cumulative_total": 135.0 }, "geometry": { "type": "Polygon", "coordinates": [ [ [ -70.380789878525334, 46.960267226830958 ], [ -70.387117378268371, 46.963121187556197 ], [ -70.386671218461331, 46.96829980235993 ], [ -70.379896302695116, 46.970624361156609 ], [ -70.373568360769553, 46.967769985039965 ], [ -70.374015776749701, 46.962591465584559 ], [ -70.380789878525334, 46.960267226830958 ] ] ] } },
{ "type": "Feature", "properties": { "hex_id": 867057, "centroid_lon": -70.379002230948672, "centroid_lat": 46.980981463621646, "occurrences_today": 2, "datetimes_today": "2026-07-25 00:01:45, 2026-07-25 00:17:19", "cumulative_total": 135.0 }, "geometry": { "type": "Polygon", "coordinates": [ [ [ -70.379449328832948, 46.975802916372288 ], [ -70.385778527449688, 46.978657008099844 ], [ -70.385331996159067, 46.983835599033746 ], [ -70.378555008999172, 46.986160002903596 ], [ -70.372225367875529, 46.983305495559442 ], [ -70.372673156375598, 46.978127000028557 ], [ -70.379449328832948, 46.975802916372288 ] ] ] } },
{ "type": "Feature", "properties": { "hex_id": 867058, "centroid_lon": -70.377660192732122, "centroid_lat": 46.996517057560538, "occurrences_today": 2, "datetimes_today": "2026-07-25 00:01:45, 2026-07-25 00:17:19", "cumulative_total": 27.0 }, "geometry": { "type": "Polygon", "coordinates": [ [ [ -70.37810766294136, 46.991338534216936 ], [ -70.384438561793033, 46.994192757023661 ], [ -70.383991658631487, 46.999371324077394 ], [ -70.377212598328285, 47.001695572933251 ], [ -70.370881256645092, 46.998840934284623 ], [ -70.371329418053449, 46.99366246268864 ], [ -70.37810766294136, 46.991338534216936 ] ] ] } },
{ "type": "Feature", "properties": { "hex_id": 867059, "centroid_lon": -70.376317036764135, "centroid_lat": 47.012052579761388, "occurrences_today": 2, "datetimes_today": "2026-07-25 00:01:45, 2026-07-25 00:17:19", "cumulative_total": 27.0 }, "geometry": { "type": "Polygon", "coordinates": [ [ [ -70.376764879686689, 47.006874080333915 ], [ -70.383097480135845, 47.009728434296704 ], [ -70.382650204715475, 47.014906977459944 ], [ -70.375869069517421, 47.017231071214511 ], [ -70.369536025911856, 47.014376301184377 ], [ -70.369984560617539, 47.009197853533657 ], [ -70.376764879686689, 47.006874080333915 ] ] ] } },
{ "type": "Feature", "properties": { "hex_id": 867060, "centroid_lon": -70.374972761878553, "centroid_lat": 47.027588030193151, "occurrences_today": 2, "datetimes_today": "2026-07-25 00:01:45, 2026-07-25 00:17:19", "cumulative_total": 27.0 }, "geometry": { "type": "Polygon", "coordinates": [ [ [ -70.375420977903303, 47.022409554692153 ], [ -70.381755281313829, 47.025264039887986 ], [ -70.38130763324618, 47.030442559150451 ], [ -70.374524421399869, 47.032766497716338 ], [ -70.368189674507832, 47.029911596227571 ], [ -70.368638582900331, 47.024733172532493 ], [ -70.375420977903303, 47.022409554692153 ] ] ] } },
{ "type": "Feature", "properties": { "hex_id": 867061, "centroid_lon": -70.373627366907527, "centroid_lat": 47.043123408824719, "occurrences_today": 2, "datetimes_today": "2026-07-25 00:01:45, 2026-07-25 00:17:19", "cumulative_total": 27.0 }, "geometry": { "type": "Polygon", "coordinates": [ [ [ -70.374075956423965, 47.037944957260578 ], [ -70.380411964161027, 47.040799573766542 ], [ -70.379963943057035, 47.045978069117879 ], [ -70.373178652807198, 47.048301852407619 ], [ -70.366842201263253, 47.045446819382981 ], [ -70.367291483732672, 47.040268419653962 ], [ -70.374075956423965, 47.037944957260578 ] ] ] } },
{ "type": "Feature", "properties": { "hex_id": 867062, "centroid_lon": -70.372280850681477, "centroid_lat": 47.058658715625008, "occurrences_today": 2, "datetimes_today": "2026-07-25 00:01:45, 2026-07-25 00:17:19", "cumulative_total": 51.0 }, "geometry": { "type": "Polygon", "coordinates": [ [ [ -70.372729814079648, 47.053480288008096 ], [ -70.379067527509761, 47.056335035901355 ], [ -70.378619132979836, 47.061513507331192 ], [ -70.3718317625693, 47.063837135257216 ], [ -70.365493605006662, 47.060981970619409 ], [ -70.365943261943684, 47.055803594866873 ], [ -70.372729814079648, 47.053480288008096 ] ] ] } },
{ "type": "Feature", "properties": { "hex_id": 867665, "centroid_lon": -70.375804200229993, "centroid_lat": 46.94187730804903, "occurrences_today": 2, "datetimes_today": "2026-07-25 00:01:45, 2026-07-25 00:17:19", "cumulative_total": 135.0 }, "geometry": { "type": "Polygon", "coordinates": [ [ [ -70.376250996205201, 46.936698748742401 ], [ -70.382575543813829, 46.939552862634564 ], [ -70.382129313180727, 46.944731465623924 ], [ -70.37535728033987, 46.947055859387682 ], [ -70.369032291325553, 46.944201330395252 ], [ -70.369479776514794, 46.939022822805789 ], [ -70.376250996205201, 46.936698748742401 ] ] ] } },
{ "type": "Feature", "properties": { "hex_id": 867666, "centroid_lon": -70.374463068642754, "centroid_lat": 46.957412938156608, "occurrences_today": 2, "datetimes_today": "2026-07-25 00:01:45, 2026-07-25 00:17:19", "cumulative_total": 27.0 }, "geometry": { "type": "Polygon", "coordinates": [ [ [ -70.3749102364918, 46.95223440275727 ], [ -70.38123648057946, 46.955088647723286 ], [ -70.380789878525334, 46.960267226830958 ], [ -70.374015776749701, 46.962591465584559 ], [ -70.367689090932672, 46.959736805293304 ], [ -70.368136948577586, 46.954558321640178 ], [ -70.3749102364918, 46.95223440275727 ] ] ] } },
{ "type": "Feature", "properties": { "hex_id": 867667, "centroid_lon": -70.373120820659224, "centroid_lat": 46.972948496521674, "occurrences_today": 2, "datetimes_today": "2026-07-25 00:01:45, 2026-07-25 00:17:19", "cumulative_total": 27.0 }, "geometry": { "type": "Polygon", "coordinates": [ [ [ -70.373568360769553, 46.967769985039965 ], [ -70.379896302695116, 46.970624361156609 ], [ -70.379449328832948, 46.975802916372288 ], [ -70.372673156375598, 46.978127000028557 ], [ -70.366344772396715, 46.975272208361552 ], [ -70.366793002885387, 46.970093748655138 ], [ -70.373568360769553, 46.967769985039965 ] ] ] } },
{ "type": "Feature", "properties": { "hex_id": 867668, "centroid_lon": -70.371777455115875, "centroid_lat": 46.988483983113191, "occurrences_today": 2, "datetimes_today": "2026-07-25 00:01:45, 2026-07-25 00:17:19", "cumulative_total": 27.0 }, "geometry": { "type": "Polygon", "coordinates": [ [ [ -70.372225367875529, 46.983305495559442 ], [ -70.378555008999172, 46.986160002903596 ], [ -70.37810766294136, 46.991338534216936 ], [ -70.371329418053449, 46.99366246268864 ], [ -70.364999334552337, 46.990807539568848 ], [ -70.365447938273419, 46.985629103819555 ], [ -70.372225367875529, 46.983305495559442 ] ] ] } },
{ "type": "Feature", "properties": { "hex_id": 867669, "centroid_lon": -70.370432970847517, "centroid_lat": 47.004019397900016, "occurrences_today": 2, "datetimes_today": "2026-07-25 00:01:45, 2026-07-25 00:17:19", "cumulative_total": 35.0 }, "geometry": { "type": "Polygon", "coordinates": [ [ [ -70.370881256645092, 46.998840934284623 ], [ -70.377212598328285, 47.001695572933251 ], [ -70.376764879686689, 47.006874080333915 ], [ -70.369984560617539, 47.009197853533657 ], [ -70.363652776232414, 47.006342798884006 ], [ -70.364101753575113, 47.001164387102229 ], [ -70.370881256645092, 46.998840934284623 ] ] ] } },
{ "type": "Feature", "properties": { "hex_id": 867670, "centroid_lon": -70.369087366687225, "centroid_lat": 47.019554740851042, "occurrences_today": 2, "datetimes_today": "2026-07-25 00:01:45, 2026-07-25 00:17:19", "cumulative_total": 27.0 }, "geometry": { "type": "Polygon", "coordinates": [ [ [ -70.369536025911856, 47.014376301184377 ], [ -70.375869069517421, 47.017231071214511 ], [ -70.375420977903303, 47.022409554692153 ], [ -70.368638582900331, 47.024733172532493 ], [ -70.362305096268159, 47.021877986275783 ], [ -70.362754447622265, 47.016699598471938 ], [ -70.369536025911856, 47.014376301184377 ] ] ] } },
{ "type": "Feature", "properties": { "hex_id": 867671, "centroid_lon": -70.367740641466398, "centroid_lat": 47.035090011935097, "occurrences_today": 2, "datetimes_today": "2026-07-25 00:01:45, 2026-07-25 00:17:19", "cumulative_total": 27.0 }, "geometry": { "type": "Polygon", "coordinates": [ [ [ -70.368189674507832, 47.029911596227571 ], [ -70.374524421399869, 47.032766497716338 ], [ -70.374075956423965, 47.037944957260578 ], [ -70.367291483732672, 47.040268419653962 ], [ -70.360956293489096, 47.037413101712922 ], [ -70.361406019244967, 47.03223473789744 ], [ -70.368189674507832, 47.029911596227571 ] ] ] } },
{ "type": "Feature", "properties": { "hex_id": 867672, "centroid_lon": -70.366392794014729, "centroid_lat": 47.050625211120995, "occurrences_today": 2, "datetimes_today": "2026-07-25 00:01:45, 2026-07-25 00:17:19", "cumulative_total": 48.0 }, "geometry": { "type": "Polygon", "coordinates": [ [ [ -70.366842201263253, 47.045446819382981 ], [ -70.373178652807198, 47.048301852407619 ], [ -70.372729814079648, 47.053480288008096 ], [ -70.365943261943684, 47.055803594866873 ], [ -70.359606366723014, 47.052948145164137 ], [ -70.360056467271576, 47.047769805347443 ], [ -70.366842201263253, 47.045446819382981 ] ] ] } },
{ "type": "Feature", "properties": { "hex_id": 867673, "centroid_lon": -70.365043823160207, "centroid_lat": 47.066160338377472, "occurrences_today": 2, "datetimes_today": "2026-07-25 00:01:45, 2026-07-25 00:17:19", "cumulative_total": 30.0 }, "geometry": { "type": "Polygon", "coordinates": [ [ [ -70.365493605006662, 47.060981970619409 ], [ -70.3718317625693, 47.063837135257216 ], [ -70.371382549699675, 47.069015546903536 ], [ -70.364593916360803, 47.071338698139925 ], [ -70.358255314796025, 47.068483116598074 ], [ -70.358705790528774, 47.063304800790618 ], [ -70.365493605006662, 47.060981970619409 ] ] ] } },
{ "type": "Feature", "properties": { "hex_id": 868277, "centroid_lon": -70.367241109049644, "centroid_lat": 46.964915280965343, "occurrences_today": 2, "datetimes_today": "2026-07-25 00:01:45, 2026-07-25 00:17:19", "cumulative_total": 27.0 }, "geometry": { "type": "Polygon", "coordinates": [ [ [ -70.367689090932672, 46.959736805293304 ], [ -70.374015776749701, 46.962591465584559 ], [ -70.373568360769553, 46.967769985039965 ], [ -70.366793002885387, 46.970093748655138 ], [ -70.360465875468321, 46.967238672879759 ], [ -70.360914547492285, 46.962060249039816 ], [ -70.367689090932672, 46.959736805293304 ] ] ] } },
{ "type": "Feature", "properties": { "hex_id": 868278, "centroid_lon": -70.365896417540469, "centroid_lat": 46.980450660083392, "occurrences_today": 2, "datetimes_today": "2026-07-25 00:01:45, 2026-07-25 00:17:19", "cumulative_total": 27.0 }, "geometry": { "type": "Polygon", "coordinates": [ [ [ -70.366344772396715, 46.975272208361552 ], [ -70.372673156375598, 46.978127000028557 ], [ -70.372225367875529, 46.983305495559442 ], [ -70.365447938273419, 46.985629103819555 ], [ -70.359119112370749, 46.982773896443213 ], [ -70.359568157950775, 46.977595496582616 ], [ -70.366344772396715, 46.975272208361552 ] ] ] } },
{ "type": "Feature", "properties": { "hex_id": 868279, "centroid_lon": -70.364550606333992, "centroid_lat": 46.995985967330121, "occurrences_today": 2, "datetimes_today": "2026-07-25 00:01:45, 2026-07-25 00:17:19", "cumulative_total": 27.0 }, "geometry": { "type": "Polygon", "coordinates": [ [ [ -70.364999334552337, 46.990807539568848 ], [ -70.371329418053449, 46.99366246268864 ], [ -70.370881256645092, 46.998840934284623 ], [ -70.364101753575113, 47.001164387102229 ], [ -70.357771227826191, 46.998309048047773 ], [ -70.358220647351757, 46.993130672176953 ], [ -70.364999334552337, 46.990807539568848 ] ] ] } },
{ "type": "Feature", "properties": { "hex_id": 868280, "centroid_lon": -70.363203674262579, "centroid_lat": 47.011521202674309, "occurrences_today": 2, "datetimes_today": "2026-07-25 00:01:45, 2026-07-25 00:17:19", "cumulative_total": 35.0 }, "geometry": { "type": "Polygon", "coordinates": [ [ [ -70.363652776232414, 47.006342798884006 ], [ -70.369984560617539, 47.009197853533657 ], [ -70.369536025911856, 47.014376301184377 ], [ -70.362754447622265, 47.016699598471938 ], [ -70.35642222066511, 47.013844127662125 ], [ -70.356872014526246, 47.008665775791528 ], [ -70.363652776232414, 47.006342798884006 ] ] ] } },
{ "type": "Feature", "properties": { "hex_id": 868281, "centroid_lon": -70.361855620156845, "centroid_lat": 47.027056366084679, "occurrences_today": 2, "datetimes_today": "2026-07-25 00:01:45, 2026-07-25 00:17:19", "cumulative_total": 27.0 }, "geometry": { "type": "Polygon", "coordinates": [ [ [ -70.362305096268159, 47.021877986275783 ], [ -70.368638582900331, 47.024733172532493 ], [ -70.368189674507832, 47.029911596227571 ], [ -70.361406019244967, 47.03223473789744 ], [ -70.355072089716273, 47.029379135254949 ], [ -70.355522258303566, 47.024200807394998 ], [ -70.362305096268159, 47.021877986275783 ] ] ] } },
{ "type": "Feature", "properties": { "hex_id": 868282, "centroid_lon": -70.360506442845775, "centroid_lat": 47.04259145752998, "occurrences_today": 2, "datetimes_today": "2026-07-25 00:01:45, 2026-07-25 00:17:19", "cumulative_total": 27.0 }, "geometry": { "type": "Polygon", "coordinates": [ [ [ -70.360956293489096, 47.037413101712922 ], [ -70.367291483732672, 47.040268419653962 ], [ -70.366842201263253, 47.045446819382981 ], [ -70.360056467271576, 47.047769805347443 ], [ -70.353720833806733, 47.04491407079486 ], [ -70.354171377511349, 47.039735766956035 ], [ -70.360956293489096, 47.037413101712922 ] ] ] } },
{ "type": "Feature", "properties": { "hex_id": 868283, "centroid_lon": -70.359156141156575, "centroid_lat": 47.05812647697892, "occurrences_today": 2, "datetimes_today": "2026-07-25 00:01:45, 2026-07-25 00:17:19", "cumulative_total": 27.0 }, "geometry": { "type": "Polygon", "coordinates": [ [ [ -70.359606366723014, 47.052948145164137 ], [ -70.365943261943684, 47.055803594866873 ], [ -70.365493605006662, 47.060981970619409 ], [ -70.358705790528774, 47.063304800790618 ], [ -70.352368451761834, 47.060448934250438 ], [ -70.352819370975524, 47.055270654443227 ], [ -70.359606366723014, 47.052948145164137 ] ] ] } },
{ "type": "Feature", "properties": { "hex_id": 868284, "centroid_lon": -70.357804713914774, "centroid_lat": 47.073661424400136, "occurrences_today": 2, "datetimes_today": "2026-07-25 00:01:45, 2026-07-25 00:17:19", "cumulative_total": 40.0 }, "geometry": { "type": "Polygon", "coordinates": [ [ [ -70.358255314796025, 47.068483116598074 ], [ -70.364593916360803, 47.071338698139925 ], [ -70.364143884564939, 47.076517049905576 ], [ -70.357353987841478, 47.078839724195618 ], [ -70.351014942405186, 47.075983725590255 ], [ -70.351466237520285, 47.07080546982511 ], [ -70.358255314796025, 47.068483116598074 ] ] ] } },
{ "type": "Feature", "properties": { "hex_id": 868889, "centroid_lon": -70.358669942185514, "centroid_lat": 46.987952288308385, "occurrences_today": 2, "datetimes_today": "2026-07-25 00:01:45, 2026-07-25 00:17:19", "cumulative_total": 27.0 }, "geometry": { "type": "Polygon", "coordinates": [ [ [ -70.359119112370749, 46.982773896443213 ], [ -70.365447938273419, 46.985629103819555 ], [ -70.364999334552337, 46.990807539568848 ], [ -70.358220647351757, 46.993130672176953 ], [ -70.351891379655086, 46.990275048932276 ], [ -70.352341240909695, 46.985096709014378 ], [ -70.359119112370749, 46.982773896443213 ] ] ] } },
{ "type": "Feature", "properties": { "hex_id": 868890, "centroid_lon": -70.357321683565473, "centroid_lat": 47.003487415919679, "occurrences_today": 2, "datetimes_today": "2026-07-25 00:01:45, 2026-07-25 00:17:19", "cumulative_total": 35.0 }, "geometry": { "type": "Polygon", "coordinates": [ [ [ -70.357771227826191, 46.998309048047773 ], [ -70.364101753575113, 47.001164387102229 ], [ -70.363652776232414, 47.006342798884006 ], [ -70.356872014526246, 47.008665775791528 ], [ -70.350541046659501, 47.00581002064331 ], [ -70.350991282573389, 47.000631704747917 ], [ -70.357771227826191, 46.998309048047773 ] ] ] } },
{ "type": "Feature", "properties": { "hex_id": 868891, "centroid_lon": -70.355972301938692, "centroid_lat": 47.019022471530334, "occurrences_today": 2, "datetimes_today": "2026-07-25 00:01:45, 2026-07-25 00:17:19", "cumulative_total": 27.0 }, "geometry": { "type": "Polygon", "coordinates": [ [ [ -70.35642222066511, 47.013844127662125 ], [ -70.362754447622265, 47.016699598471938 ], [ -70.362305096268159, 47.021877986275783 ], [ -70.355522258303566, 47.024200807394998 ], [ -70.349189588904537, 47.021344920265861 ], [ -70.349640199868546, 47.01616662840344 ], [ -70.35642222066511, 47.013844127662125 ] ] ] } },
{ "type": "Feature", "properties": { "hex_id": 868892, "centroid_lon": -70.354621796133372, "centroid_lat": 47.03455745510901, "occurrences_today": 2, "datetimes_today": "2026-07-25 00:01:45, 2026-07-25 00:17:19", "cumulative_total": 27.0 }, "geometry": { "type": "Polygon", "coordinates": [ [ [ -70.355072089716273, 47.029379135254949 ], [ -70.361406019244967, 47.03223473789744 ], [ -70.360956293489096, 47.037413101712922 ], [ -70.354171377511349, 47.039735766956035 ], [ -70.347837005216491, 47.036879747768488 ], [ -70.34828799162203, 47.031701479949554 ], [ -70.355072089716273, 47.029379135254949 ] ] ] } },
{ "type": "Feature", "properties": { "hex_id": 868893, "centroid_lon": -70.353270164975967, "centroid_lat": 47.050092366624305, "occurrences_today": 2, "datetimes_today": "2026-07-25 00:01:45, 2026-07-25 00:17:19", "cumulative_total": 40.0 }, "geometry": { "type": "Polygon", "coordinates": [ [ [ -70.353720833806733, 47.04491407079486 ], [ -70.360056467271576, 47.047769805347443 ], [ -70.359606366723014, 47.052948145164137 ], [ -70.352819370975524, 47.055270654443227 ], [ -70.346483294419954, 47.052414503119721 ], [ -70.34693465665903, 47.047236259354747 ], [ -70.353720833806733, 47.04491407079486 ] ] ] } },
{ "type": "Feature", "properties": { "hex_id": 868894, "centroid_lon": -70.351917407291282, "centroid_lat": 47.065627206044773, "occurrences_today": 2, "datetimes_today": "2026-07-25 00:01:45, 2026-07-25 00:17:19", "cumulative_total": 40.0 }, "geometry": { "type": "Polygon", "coordinates": [ [ [ -70.352368451761834, 47.060448934250438 ], [ -70.358705790528774, 47.063304800790618 ], [ -70.358255314796025, 47.068483116598074 ], [ -70.351466237520285, 47.07080546982511 ], [ -70.345128455337814, 47.067949186288033 ], [ -70.345580193802988, 47.062770966587529 ], [ -70.352368451761834, 47.060448934250438 ] ] ] } },
{ "type": "Feature", "properties": { "hex_id": 869501, "centroid_lon": -70.350090685772372, "centroid_lat": 47.010988328528875, "occurrences_today": 2, "datetimes_today": "2026-07-25 00:01:45, 2026-07-25 00:17:19", "cumulative_total": 27.0 }, "geometry": { "type": "Polygon", "coordinates": [ [ [ -70.350541046659501, 47.00581002064331 ], [ -70.356872014526246, 47.008665775791528 ], [ -70.35642222066511, 47.013844127662125 ], [ -70.349640199868546, 47.01616662840344 ], [ -70.34330879001422, 47.01331045700239 ], [ -70.34375984290061, 47.00813220117945 ], [ -70.350541046659501, 47.00581002064331 ] ] ] } },
{ "type": "Feature", "properties": { "hex_id": 869502, "centroid_lon": -70.348738852836874, "centroid_lat": 47.026523204114959, "occurrences_today": 2, "datetimes_today": "2026-07-25 00:01:45, 2026-07-25 00:17:19", "cumulative_total": 27.0 }, "geometry": { "type": "Polygon", "coordinates": [ [ [ -70.349189588904537, 47.021344920265861 ], [ -70.355522258303566, 47.024200807394998 ], [ -70.355072089716273, 47.029379135254949 ], [ -70.34828799162203, 47.031701479949554 ], [ -70.341954879911569, 47.028845176341896 ], [ -70.342406308563255, 47.023666944584775 ], [ -70.349189588904537, 47.021344920265861 ] ] ] } },
{ "type": "Feature", "properties": { "hex_id": 869503, "centroid_lon": -70.347385893576671, "centroid_lat": 47.04205800757061, "occurrences_today": 2, "datetimes_today": "2026-07-25 00:01:45, 2026-07-25 00:17:19", "cumulative_total": 61.0 }, "geometry": { "type": "Polygon", "coordinates": [ [ [ -70.347837005216491, 47.036879747768488 ], [ -70.354171377511349, 47.039735766956035 ], [ -70.353720833806733, 47.04491407079486 ], [ -70.34693465665903, 47.047236259354747 ], [ -70.340599841728604, 47.044379823462904 ], [ -70.341051646537849, 47.039201615782126 ], [ -70.347837005216491, 47.036879747768488 ] ] ] } },
{ "type": "Feature", "properties": { "hex_id": 869504, "centroid_lon": -70.346031806815816, "centroid_lat": 47.057592738864372, "occurrences_today": 2, "datetimes_today": "2026-07-25 00:01:45, 2026-07-25 00:17:19", "cumulative_total": 40.0 }, "geometry": { "type": "Polygon", "coordinates": [ [ [ -70.346483294419954, 47.052414503119721 ], [ -70.352819370975524, 47.055270654443227 ], [ -70.352368451761834, 47.060448934250438 ], [ -70.345580193802988, 47.062770966587529 ], [ -70.339243674287488, 47.059914398333781 ], [ -70.339695855647093, 47.054736214739904 ], [ -70.346483294419954, 47.052414503119721 ] ] ] } },
{ "type": "Feature", "properties": { "hex_id": 869505, "centroid_lon": -70.344676591376597, "centroid_lat": 47.073127397964697, "occurrences_today": 2, "datetimes_today": "2026-07-25 00:01:45, 2026-07-25 00:17:19", "cumulative_total": 40.0 }, "geometry": { "type": "Polygon", "coordinates": [ [ [ -70.345128455337814, 47.067949186288033 ], [ -70.351466237520285, 47.07080546982511 ], [ -70.351014942405186, 47.075983725590255 ], [ -70.344224601875652, 47.078305601616364 ], [ -70.337886376408647, 47.075448900922936 ], [ -70.338338934711999, 47.070270741426469 ], [ -70.345128455337814, 47.067949186288033 ] ] ] } },
{ "type": "Feature", "properties": { "hex_id": 476259, "centroid_lon": -74.595358687227261, "centroid_lat": 45.857750577167565, "occurrences_today": 92, "datetimes_today": "2026-07-25 00:01:45, 2026-07-25 00:17:19, 2026-07-25 00:29:49, 2026-07-25 00:47:08, 2026-07-25 01:02:10, 2026-07-25 01:16:51, 2026-07-25 01:32:21, 2026-07-25 01:46:48, 2026-07-25 02:01:47, 2026-07-25 02:17:11, 2026-07-25 02:32:05, 2026-07-25 03:02:12, 2026-07-25 03:16:45, 2026-07-25 03:32:08, 2026-07-25 03:46:44, 2026-07-25 04:02:15, 2026-07-25 04:16:41, 2026-07-25 04:31:50, 2026-07-25 04:46:51, 2026-07-25 05:16:53, 2026-07-25 05:31:45, 2026-07-25 05:47:08, 2026-07-25 06:02:19, 2026-07-25 06:16:49, 2026-07-25 06:27:15, 2026-07-25 06:46:50, 2026-07-25 07:02:12, 2026-07-25 07:16:44, 2026-07-25 07:31:54, 2026-07-25 07:45:07, 2026-07-25 08:01:39, 2026-07-25 08:17:05, 2026-07-25 08:32:37, 2026-07-25 08:46:47, 2026-07-25 09:02:13, 2026-07-25 09:17:11, 2026-07-25 09:31:58, 2026-07-25 09:46:39, 2026-07-25 10:02:01, 2026-07-25 10:17:36, 2026-07-25 10:31:44, 2026-07-25 11:01:55, 2026-07-25 11:16:38, 2026-07-25 11:31:56, 2026-07-25 11:46:58, 2026-07-25 12:01:47, 2026-07-25 12:16:54, 2026-07-25 12:31:42, 2026-07-25 12:46:57, 2026-07-25 12:57:23, 2026-07-25 13:17:05, 2026-07-25 13:31:44, 2026-07-25 13:47:17, 2026-07-25 13:59:59, 2026-07-25 14:17:10, 2026-07-25 14:32:01, 2026-07-25 14:46:57, 2026-07-25 15:02:21, 2026-07-25 15:17:09, 2026-07-25 15:31:58, 2026-07-25 15:47:16, 2026-07-25 16:01:43, 2026-07-25 16:16:43, 2026-07-25 16:27:38, 2026-07-25 16:46:44, 2026-07-25 17:02:39, 2026-07-25 17:17:07, 2026-07-25 17:46:39, 2026-07-25 18:02:04, 2026-07-25 18:16:44, 2026-07-25 18:27:33, 2026-07-25 18:47:11, 2026-07-25 19:02:48, 2026-07-25 19:16:47, 2026-07-25 19:32:40, 2026-07-25 19:46:57, 2026-07-25 20:01:44, 2026-07-25 20:16:47, 2026-07-25 20:32:27, 2026-07-25 20:47:08, 2026-07-25 21:02:08, 2026-07-25 21:15:55, 2026-07-25 21:31:47, 2026-07-25 21:47:11, 2026-07-25 22:01:48, 2026-07-25 22:16:38, 2026-07-25 22:31:39, 2026-07-25 22:46:42, 2026-07-25 23:01:47, 2026-07-25 23:16:59, 2026-07-25 23:32:10, 2026-07-25 23:46:43", "cumulative_total": 570.0 }, "geometry": { "type": "Polygon", "coordinates": [ [ [ -74.595396373369084, 45.852554223318741 ], [ -74.601817842032602, 45.855175024617459 ], [ -74.601780750609237, 45.860371380159251 ], [ -74.595320990746359, 45.862946926245691 ], [ -74.588898937705238, 45.860325761408468 ], [ -74.588937228901088, 45.855129414088736 ], [ -74.595396373369084, 45.852554223318741 ] ] ] } },
{ "type": "Feature", "properties": { "hex_id": 727232, "centroid_lon": -71.900261110708115, "centroid_lat": 46.712788551936541, "occurrences_today": 7, "datetimes_today": "2026-07-25 17:17:07, 2026-07-25 17:46:39, 2026-07-25 18:02:04, 2026-07-25 18:16:44, 2026-07-25 18:27:33, 2026-07-25 18:47:11, 2026-07-25 19:02:48", "cumulative_total": 24.0 }, "geometry": { "type": "Polygon", "coordinates": [ [ [ -71.900558402288183, 46.707600461208287 ], [ -71.906941661601479, 46.710371419440762 ], [ -71.906644952994384, 46.715559538962324 ], [ -71.899963736782709, 46.717976636483364 ], [ -71.893579976856046, 46.71520527860401 ], [ -71.893877933725946, 46.71001722291728 ], [ -71.900558402288183, 46.707600461208287 ] ] ] } },
{ "type": "Feature", "properties": { "hex_id": 371846, "centroid_lon": -75.693330426498648, "centroid_lat": 45.583541232177126, "occurrences_today": 20, "datetimes_today": "2026-07-25 19:02:48, 2026-07-25 19:16:47, 2026-07-25 19:32:40, 2026-07-25 19:46:57, 2026-07-25 20:01:44, 2026-07-25 20:16:47, 2026-07-25 20:32:27, 2026-07-25 20:47:08, 2026-07-25 21:02:08, 2026-07-25 21:15:55, 2026-07-25 21:31:47, 2026-07-25 21:47:11, 2026-07-25 22:01:48, 2026-07-25 22:16:38, 2026-07-25 22:31:39, 2026-07-25 22:46:42, 2026-07-25 23:01:47, 2026-07-25 23:16:59, 2026-07-25 23:32:10, 2026-07-25 23:46:43", "cumulative_total": 215.0 }, "geometry": { "type": "Polygon", "coordinates": [ [ [ -75.693266468675986, 45.57834487908719 ], [ -75.699707011032771, 45.580903981623784 ], [ -75.699771568761705, 45.586100325262763 ], [ -75.693394401808192, 45.588737580449397 ], [ -75.686953242055338, 45.58617812901791 ], [ -75.686889866657935, 45.580981771359475 ], [ -75.693266468675986, 45.57834487908719 ] ] ] } },
{ "type": "Feature", "properties": { "hex_id": 371847, "centroid_lon": -75.693522404911462, "centroid_lat": 45.599130262540953, "occurrences_today": 20, "datetimes_today": "2026-07-25 19:02:48, 2026-07-25 19:16:47, 2026-07-25 19:32:40, 2026-07-25 19:46:57, 2026-07-25 20:01:44, 2026-07-25 20:16:47, 2026-07-25 20:32:27, 2026-07-25 20:47:08, 2026-07-25 21:02:08, 2026-07-25 21:15:55, 2026-07-25 21:31:47, 2026-07-25 21:47:11, 2026-07-25 22:01:48, 2026-07-25 22:16:38, 2026-07-25 22:31:39, 2026-07-25 22:46:42, 2026-07-25 23:01:47, 2026-07-25 23:16:59, 2026-07-25 23:32:10, 2026-07-25 23:46:43", "cumulative_total": 219.0 }, "geometry": { "type": "Polygon", "coordinates": [ [ [ -75.693458394610502, 45.593933923904004 ], [ -75.69990073717976, 45.596492998083889 ], [ -75.699965347880791, 45.601689327266016 ], [ -75.693586432716941, 45.604326596360231 ], [ -75.687143472240137, 45.601767173094949 ], [ -75.687080044840599, 45.596570829885657 ], [ -75.693458394610502, 45.593933923904004 ] ] ] } },
{ "type": "Feature", "properties": { "hex_id": 372456, "centroid_lon": -75.686826508582911, "centroid_lat": 45.575785408884634, "occurrences_today": 20, "datetimes_today": "2026-07-25 19:02:48, 2026-07-25 19:16:47, 2026-07-25 19:32:40, 2026-07-25 19:46:57, 2026-07-25 20:01:44, 2026-07-25 20:16:47, 2026-07-25 20:32:27, 2026-07-25 20:47:08, 2026-07-25 21:02:08, 2026-07-25 21:15:55, 2026-07-25 21:31:47, 2026-07-25 21:47:11, 2026-07-25 22:01:48, 2026-07-25 22:16:38, 2026-07-25 22:31:39, 2026-07-25 22:46:42, 2026-07-25 23:01:47, 2026-07-25 23:16:59, 2026-07-25 23:32:10, 2026-07-25 23:46:43", "cumulative_total": 163.0 }, "geometry": { "type": "Polygon", "coordinates": [ [ [ -75.686763167824466, 45.570589041593415 ], [ -75.693202528334325, 45.573148521179576 ], [ -75.693266468675986, 45.57834487908719 ], [ -75.686889866657935, 45.580981771359475 ], [ -75.680449889245381, 45.578421942906033 ], [ -75.680387130759414, 45.573225571112324 ], [ -75.686763167824466, 45.570589041593415 ] ] ] } },
{ "type": "Feature", "properties": { "hex_id": 372457, "centroid_lon": -75.687016634780946, "centroid_lat": 45.591374481859987, "occurrences_today": 20, "datetimes_today": "2026-07-25 19:02:48, 2026-07-25 19:16:47, 2026-07-25 19:32:40, 2026-07-25 19:46:57, 2026-07-25 20:01:44, 2026-07-25 20:16:47, 2026-07-25 20:32:27, 2026-07-25 20:47:08, 2026-07-25 21:02:08, 2026-07-25 21:15:55, 2026-07-25 21:31:47, 2026-07-25 21:47:11, 2026-07-25 22:01:48, 2026-07-25 22:16:38, 2026-07-25 22:31:39, 2026-07-25 22:46:42, 2026-07-25 23:01:47, 2026-07-25 23:16:59, 2026-07-25 23:32:10, 2026-07-25 23:46:43", "cumulative_total": 315.0 }, "geometry": { "type": "Polygon", "coordinates": [ [ [ -75.686953242055338, 45.58617812901791 ], [ -75.693394401808192, 45.588737580449397 ], [ -75.693458394610502, 45.593933923904004 ], [ -75.687080044840599, 45.596570829885657 ], [ -75.680638267674084, 45.594011029396384 ], [ -75.68057545769696, 45.588814672048059 ], [ -75.686953242055338, 45.58617812901791 ] ] ] } },
{ "type": "Feature", "properties": { "hex_id": 373067, "centroid_lon": -75.680512664889307, "centroid_lat": 45.583618309884592, "occurrences_today": 21, "datetimes_today": "2026-07-25 18:47:11, 2026-07-25 19:02:48, 2026-07-25 19:16:47, 2026-07-25 19:32:40, 2026-07-25 19:46:57, 2026-07-25 20:01:44, 2026-07-25 20:16:47, 2026-07-25 20:32:27, 2026-07-25 20:47:08, 2026-07-25 21:02:08, 2026-07-25 21:15:55, 2026-07-25 21:31:47, 2026-07-25 21:47:11, 2026-07-25 22:01:48, 2026-07-25 22:16:38, 2026-07-25 22:31:39, 2026-07-25 22:46:42, 2026-07-25 23:01:47, 2026-07-25 23:16:59, 2026-07-25 23:32:10, 2026-07-25 23:46:43", "cumulative_total": 216.0 }, "geometry": { "type": "Polygon", "coordinates": [ [ [ -75.680449889245381, 45.578421942906033 ], [ -75.686889866657935, 45.580981771359475 ], [ -75.686953242055338, 45.58617812901791 ], [ -75.68057545769696, 45.588814672048059 ], [ -75.67413486336433, 45.58625449456445 ], [ -75.674072670315937, 45.581058123145652 ], [ -75.680449889245381, 45.578421942906033 ] ] ] } },
{ "type": "Feature", "properties": { "hex_id": 364511, "centroid_lon": -75.76832429376465, "centroid_lat": 45.442747733744348, "occurrences_today": 6, "datetimes_today": "2026-07-25 15:02:21, 2026-07-25 15:17:09, 2026-07-25 15:31:58, 2026-07-25 15:47:16, 2026-07-25 16:01:43, 2026-07-25 16:16:43", "cumulative_total": 124.0 }, "geometry": { "type": "Polygon", "coordinates": [ [ [ -75.768253765285309, 45.437551338914837 ], [ -75.774681526921796, 45.440106359238833 ], [ -75.774752651790834, 45.445302743870556 ], [ -75.768394841494398, 45.4479441237402 ], [ -75.761966464214595, 45.44538875704125 ], [ -75.761896512880995, 45.440192356912064 ], [ -75.768253765285309, 45.437551338914837 ] ] ] } },
{ "type": "Feature", "properties": { "hex_id": 670427, "centroid_lon": -72.528215059843575, "centroid_lat": 46.283817506710264, "occurrences_today": 10, "datetimes_today": "2026-07-25 06:16:49, 2026-07-25 06:27:15, 2026-07-25 06:46:50, 2026-07-25 07:02:12, 2026-07-25 07:16:44, 2026-07-25 07:31:54, 2026-07-25 07:45:07, 2026-07-25 08:01:39, 2026-07-25 08:17:05, 2026-07-25 08:32:37", "cumulative_total": 94.0 }, "geometry": { "type": "Polygon", "coordinates": [ [ [ -72.528448644420862, 46.278626253693247 ], [ -72.534816048520824, 46.281361953908146 ], [ -72.534583043116626, 46.286553229341571 ], [ -72.527981410895237, 46.289008754080115 ], [ -72.521613492004278, 46.286272665397782 ], [ -72.521847720103679, 46.281081440510356 ], [ -72.528448644420862, 46.278626253693247 ] ] ] } },
{ "type": "Feature", "properties": { "hex_id": 550115, "centroid_lon": -73.820905725602984, "centroid_lat": 45.626330502720357, "occurrences_today": 11, "datetimes_today": "2026-07-25 20:16:47, 2026-07-25 20:32:27, 2026-07-25 20:47:08, 2026-07-25 21:02:08, 2026-07-25 21:15:55, 2026-07-25 21:31:47, 2026-07-25 21:47:11, 2026-07-25 22:01:48, 2026-07-25 22:16:38, 2026-07-25 22:31:39, 2026-07-25 22:46:42", "cumulative_total": 441.0 }, "geometry": { "type": "Polygon", "coordinates": [ [ [ -73.821014651135243, 45.62113490969729 ], [ -73.827372759139251, 45.623798717277225 ], [ -73.827264410885547, 45.628994319721016 ], [ -73.820796770277752, 45.631526090794402 ], [ -73.814438114793177, 45.628861915094859 ], [ -73.814547647386931, 45.623666336506346 ], [ -73.821014651135243, 45.62113490969729 ] ] ] } },
{ "type": "Feature", "properties": { "hex_id": 622768, "centroid_lon": -73.056082805360504, "centroid_lat": 45.670439600947645, "occurrences_today": 1, "datetimes_today": "2026-07-25 12:57:23", "cumulative_total": 84.0 }, "geometry": { "type": "Polygon", "coordinates": [ [ [ -73.056262640364608, 45.66524594135327 ], [ -73.062587999682535, 45.667951784904545 ], [ -73.062408732771388, 45.673145461489305 ], [ -73.055902921159984, 45.67563325524717 ], [ -73.049577042953786, 45.672927035931068 ], [ -73.049757495230708, 45.667733398686664 ], [ -73.056262640364608, 45.66524594135327 ] ] ] } },
{ "type": "Feature", "properties": { "hex_id": 623378, "centroid_lon": -73.049937898157665, "centroid_lat": 45.662539756143893, "occurrences_today": 1, "datetimes_today": "2026-07-25 12:57:23", "cumulative_total": 57.0 }, "geometry": { "type": "Polygon", "coordinates": [ [ [ -73.050118251751272, 45.657346108302917 ], [ -73.056442426188866, 45.660052276464228 ], [ -73.056262640364608, 45.66524594135327 ], [ -73.049757495230708, 45.667733398686664 ], [ -73.043432802365402, 45.665026854806257 ], [ -73.043613773045109, 45.659833229376289 ], [ -73.050118251751272, 45.657346108302917 ] ] ] } },
{ "type": "Feature", "properties": { "hex_id": 668590, "centroid_lon": -72.551484422209583, "centroid_lat": 46.198579020370779, "occurrences_today": 9, "datetimes_today": "2026-07-25 11:01:55, 2026-07-25 11:16:38, 2026-07-25 11:31:56, 2026-07-25 11:46:58, 2026-07-25 12:01:47, 2026-07-25 12:16:54, 2026-07-25 12:31:42, 2026-07-25 12:46:57, 2026-07-25 12:57:23", "cumulative_total": 39.0 }, "geometry": { "type": "Polygon", "coordinates": [ [ [ -72.551715122263545, 46.19338759893553 ], [ -72.558074048601341, 46.196121868611733 ], [ -72.557843925436345, 46.201313312197421 ], [ -72.551253658647838, 46.20377043617772 ], [ -72.544894218939689, 46.20103577936289 ], [ -72.545125559368728, 46.195844385772205 ], [ -72.551715122263545, 46.19338759893553 ] ] ] } },
{ "type": "Feature", "properties": { "hex_id": 727166, "centroid_lon": -71.95755484327654, "centroid_lat": 45.685426649457881, "occurrences_today": 5, "datetimes_today": "2026-07-25 12:01:47, 2026-07-25 12:16:54, 2026-07-25 12:31:42, 2026-07-25 12:46:57, 2026-07-25 12:57:23", "cumulative_total": 15.0 }, "geometry": { "type": "Polygon", "coordinates": [ [ [ -71.957836374092125, 45.680237344192307 ], [ -71.964107249277347, 45.683002713116025 ], [ -71.963826271161025, 45.688192046065431 ], [ -71.957273235494512, 45.690615948635816 ], [ -71.951001884589431, 45.687850194156638 ], [ -71.951284045044844, 45.682660922726917 ], [ -71.957836374092125, 45.680237344192307 ] ] ] } },
{ "type": "Feature", "properties": { "hex_id": 727776, "centroid_lon": -71.951566128385792, "centroid_lat": 45.677471645204136, "occurrences_today": 5, "datetimes_today": "2026-07-25 12:01:47, 2026-07-25 12:16:54, 2026-07-25 12:31:42, 2026-07-25 12:46:57, 2026-07-25 12:57:23", "cumulative_total": 15.0 }, "geometry": { "type": "Polygon", "coordinates": [ [ [ -71.951848134638212, 45.672282361588785 ], [ -71.958117827967143, 45.675048032839555 ], [ -71.957836374092125, 45.680237344192307 ], [ -71.951284045044844, 45.682660922726917 ], [ -71.945013876439958, 45.679894865973601 ], [ -71.945296512132387, 45.67470561625256 ], [ -71.951848134638212, 45.672282361588785 ] ] ] } },
{ "type": "Feature", "properties": { "hex_id": 728387, "centroid_lon": -71.944731163485145, "centroid_lat": 45.685084109596168, "occurrences_today": 5, "datetimes_today": "2026-07-25 12:01:47, 2026-07-25 12:16:54, 2026-07-25 12:31:42, 2026-07-25 12:46:57, 2026-07-25 12:57:23", "cumulative_total": 15.0 }, "geometry": { "type": "Polygon", "coordinates": [ [ [ -71.945013876439958, 45.679894865973601 ], [ -71.951284045044844, 45.682660922726917 ], [ -71.951001884589431, 45.687850194156638 ], [ -71.94444837324194, 45.690273347119799 ], [ -71.938177729439047, 45.687506904707526 ], [ -71.938461072155647, 45.682317695055431 ], [ -71.945013876439958, 45.679894865973601 ] ] ] } },
{ "type": "Feature", "properties": { "hex_id": 727782, "centroid_lon": -71.94647680851962, "centroid_lat": 45.770877707996199, "occurrences_today": 9, "datetimes_today": "2026-07-25 12:01:47, 2026-07-25 12:16:54, 2026-07-25 12:31:42, 2026-07-25 12:46:57, 2026-07-25 12:57:23, 2026-07-25 13:17:05, 2026-07-25 13:31:44, 2026-07-25 13:47:17, 2026-07-25 13:59:59", "cumulative_total": 35.0 }, "geometry": { "type": "Polygon", "coordinates": [ [ [ -71.946760206344678, 45.76568853411888 ], [ -71.953039865142003, 45.768454705471378 ], [ -71.952757022364693, 45.773643907183704 ], [ -71.946193333137145, 45.776066875772521 ], [ -71.939913196862534, 45.773300317659533 ], [ -71.940197227266609, 45.768111177782764 ], [ -71.946760206344678, 45.76568853411888 ] ] ] } },
{ "type": "Feature", "properties": { "hex_id": 727783, "centroid_lon": -71.94562614959537, "centroid_lat": 45.786445193020242, "occurrences_today": 9, "datetimes_today": "2026-07-25 12:01:47, 2026-07-25 12:16:54, 2026-07-25 12:31:42, 2026-07-25 12:46:57, 2026-07-25 12:57:23, 2026-07-25 13:17:05, 2026-07-25 13:31:44, 2026-07-25 13:47:17, 2026-07-25 13:59:59", "cumulative_total": 121.0 }, "geometry": { "type": "Polygon", "coordinates": [ [ [ -71.945909780171121, 45.781256037447356 ], [ -71.952191104558224, 45.784022292321168 ], [ -71.951908029476797, 45.789211475745383 ], [ -71.945342441383673, 45.791634342490724 ], [ -71.939060639151265, 45.788867700646321 ], [ -71.939344902831095, 45.783678579091777 ], [ -71.945909780171121, 45.781256037447356 ] ] ] } },
{ "type": "Feature", "properties": { "hex_id": 728392, "centroid_lon": -71.94048117996455, "centroid_lat": 45.762922031799548, "occurrences_today": 11, "datetimes_today": "2026-07-25 12:01:47, 2026-07-25 12:16:54, 2026-07-25 12:31:42, 2026-07-25 12:46:57, 2026-07-25 12:57:23, 2026-07-25 13:17:05, 2026-07-25 13:31:44, 2026-07-25 13:47:17, 2026-07-25 13:59:59, 2026-07-25 14:17:10, 2026-07-25 14:32:01", "cumulative_total": 41.0 }, "geometry": { "type": "Polygon", "coordinates": [ [ [ -71.940765054982549, 45.757732879710332 ], [ -71.947043526638524, 45.760499354141018 ], [ -71.946760206344678, 45.76568853411888 ], [ -71.940197227266609, 45.768111177782764 ], [ -71.933918278579512, 45.76534431664475 ], [ -71.934202785975401, 45.760155198614726 ], [ -71.940765054982549, 45.757732879710332 ] ] ] } },
{ "type": "Feature", "properties": { "hex_id": 728393, "centroid_lon": -71.939629088726107, "centroid_lat": 45.778489451429373, "occurrences_today": 9, "datetimes_today": "2026-07-25 12:01:47, 2026-07-25 12:16:54, 2026-07-25 12:31:42, 2026-07-25 12:46:57, 2026-07-25 12:57:23, 2026-07-25 13:17:05, 2026-07-25 13:31:44, 2026-07-25 13:47:17, 2026-07-25 13:59:59", "cumulative_total": 102.0 }, "geometry": { "type": "Polygon", "coordinates": [ [ [ -71.939913196862534, 45.773300317659533 ], [ -71.946193333137145, 45.776066875772521 ], [ -71.945909780171121, 45.781256037447356 ], [ -71.939344902831095, 45.783678579091777 ], [ -71.93306428915777, 45.780911634061368 ], [ -71.93334903019695, 45.775722534368548 ], [ -71.939913196862534, 45.773300317659533 ] ] ] } },
{ "type": "Feature", "properties": { "hex_id": 729002, "centroid_lon": -71.934487215542745, "centroid_lat": 45.754966074473266, "occurrences_today": 11, "datetimes_today": "2026-07-25 12:01:47, 2026-07-25 12:16:54, 2026-07-25 12:31:42, 2026-07-25 12:46:57, 2026-07-25 12:57:23, 2026-07-25 13:17:05, 2026-07-25 13:31:44, 2026-07-25 13:47:17, 2026-07-25 13:59:59, 2026-07-25 14:17:10, 2026-07-25 14:32:01", "cumulative_total": 41.0 }, "geometry": { "type": "Polygon", "coordinates": [ [ [ -71.934771567307735, 45.74977694422082 ], [ -71.94104885234681, 45.752543721515629 ], [ -71.940765054982549, 45.757732879710332 ], [ -71.934202785975401, 45.760155198614726 ], [ -71.927925024351055, 45.757388034665759 ], [ -71.928210008292893, 45.752198938531109 ], [ -71.934771567307735, 45.74977694422082 ] ] ] } },
{ "type": "Feature", "properties": { "hex_id": 729003, "centroid_lon": -71.933633693328773, "centroid_lat": 45.770533428562842, "occurrences_today": 11, "datetimes_today": "2026-07-25 12:01:47, 2026-07-25 12:16:54, 2026-07-25 12:31:42, 2026-07-25 12:46:57, 2026-07-25 12:57:23, 2026-07-25 13:17:05, 2026-07-25 13:31:44, 2026-07-25 13:47:17, 2026-07-25 13:59:59, 2026-07-25 14:17:10, 2026-07-25 14:32:01", "cumulative_total": 184.0 }, "geometry": { "type": "Polygon", "coordinates": [ [ [ -71.933918278579512, 45.76534431664475 ], [ -71.940197227266609, 45.768111177782764 ], [ -71.939913196862534, 45.773300317659533 ], [ -71.93334903019695, 45.775722534368548 ], [ -71.927069604557403, 45.77295528636634 ], [ -71.927354822509614, 45.767766208583851 ], [ -71.933918278579512, 45.76534431664475 ] ] ] } },
{ "type": "Feature", "properties": { "hex_id": 729004, "centroid_lon": -71.93277947018494, "centroid_lat": 45.786100727640864, "occurrences_today": 9, "datetimes_today": "2026-07-25 12:01:47, 2026-07-25 12:16:54, 2026-07-25 12:31:42, 2026-07-25 12:46:57, 2026-07-25 12:57:23, 2026-07-25 13:17:05, 2026-07-25 13:31:44, 2026-07-25 13:47:17, 2026-07-25 13:59:59", "cumulative_total": 119.0 }, "geometry": { "type": "Polygon", "coordinates": [ [ [ -71.93306428915777, 45.780911634061368 ], [ -71.939344902831095, 45.783678579091777 ], [ -71.939060639151265, 45.788867700646321 ], [ -71.932494573252157, 45.791289815106545 ], [ -71.92621348225893, 45.78852248300182 ], [ -71.926498934458408, 45.78333342357579 ], [ -71.93306428915777, 45.780911634061368 ] ] ] } },
{ "type": "Feature", "properties": { "hex_id": 729613, "centroid_lon": -71.927639962432067, "centroid_lat": 45.762577124683496, "occurrences_today": 11, "datetimes_today": "2026-07-25 12:01:47, 2026-07-25 12:16:54, 2026-07-25 12:31:42, 2026-07-25 12:46:57, 2026-07-25 12:57:23, 2026-07-25 13:17:05, 2026-07-25 13:31:44, 2026-07-25 13:47:17, 2026-07-25 13:59:59, 2026-07-25 14:17:10, 2026-07-25 14:32:01", "cumulative_total": 41.0 }, "geometry": { "type": "Polygon", "coordinates": [ [ [ -71.927925024351055, 45.757388034665759 ], [ -71.934202785975401, 45.760155198614726 ], [ -71.933918278579512, 45.76534431664475 ], [ -71.927354822509614, 45.767766208583851 ], [ -71.921076584378781, 45.764998657823924 ], [ -71.921362278798, 45.759809602000374 ], [ -71.927925024351055, 45.757388034665759 ] ] ] } },
{ "type": "Feature", "properties": { "hex_id": 729614, "centroid_lon": -71.926784308549117, "centroid_lat": 45.778144358030481, "occurrences_today": 11, "datetimes_today": "2026-07-25 12:01:47, 2026-07-25 12:16:54, 2026-07-25 12:31:42, 2026-07-25 12:46:57, 2026-07-25 12:57:23, 2026-07-25 13:17:05, 2026-07-25 13:31:44, 2026-07-25 13:47:17, 2026-07-25 13:59:59, 2026-07-25 14:17:10, 2026-07-25 14:32:01", "cumulative_total": 68.0 }, "geometry": { "type": "Polygon", "coordinates": [ [ [ -71.927069604557403, 45.77295528636634 ], [ -71.93334903019695, 45.775722534368548 ], [ -71.93306428915777, 45.780911634061368 ], [ -71.926498934458408, 45.78333342357579 ], [ -71.920219031945351, 45.780565788552515 ], [ -71.920504960978832, 45.775376751100467 ], [ -71.927069604557403, 45.77295528636634 ] ] ] } },
{ "type": "Feature", "properties": { "hex_id": 730223, "centroid_lon": -71.92164789506522, "centroid_lat": 45.754620540053971, "occurrences_today": 11, "datetimes_today": "2026-07-25 12:01:47, 2026-07-25 12:16:54, 2026-07-25 12:31:42, 2026-07-25 12:46:57, 2026-07-25 12:57:23, 2026-07-25 13:17:05, 2026-07-25 13:31:44, 2026-07-25 13:47:17, 2026-07-25 13:59:59, 2026-07-25 14:17:10, 2026-07-25 14:32:01", "cumulative_total": 57.0 }, "geometry": { "type": "Polygon", "coordinates": [ [ [ -71.921933433206746, 45.749431471985154 ], [ -71.928210008292893, 45.752198938531109 ], [ -71.927925024351055, 45.757388034665759 ], [ -71.921362278798, 45.759809602000374 ], [ -71.915085227650991, 45.757041748696743 ], [ -71.915371398091565, 45.751852714880698 ], [ -71.921933433206746, 45.749431471985154 ] ] ] } },
{ "type": "Feature", "properties": { "hex_id": 730225, "centroid_lon": -71.919933024654355, "centroid_lat": 45.785754819879791, "occurrences_today": 11, "datetimes_today": "2026-07-25 12:01:47, 2026-07-25 12:16:54, 2026-07-25 12:31:42, 2026-07-25 12:46:57, 2026-07-25 12:57:23, 2026-07-25 13:17:05, 2026-07-25 13:31:44, 2026-07-25 13:47:17, 2026-07-25 13:59:59, 2026-07-25 14:17:10, 2026-07-25 14:32:01", "cumulative_total": 108.0 }, "geometry": { "type": "Polygon", "coordinates": [ [ [ -71.920219031945351, 45.780565788552515 ], [ -71.926498934458408, 45.78333342357579 ], [ -71.92621348225893, 45.78852248300182 ], [ -71.919646939079414, 45.790943845081806 ], [ -71.913366559771987, 45.788175822880596 ], [ -71.913653200412028, 45.78298682584191 ], [ -71.920219031945351, 45.780565788552515 ] ] ] } },
{ "type": "Feature", "properties": { "hex_id": 730833, "centroid_lon": -71.915657490257999, "centroid_lat": 45.746663674936755, "occurrences_today": 11, "datetimes_today": "2026-07-25 12:01:47, 2026-07-25 12:16:54, 2026-07-25 12:31:42, 2026-07-25 12:46:57, 2026-07-25 12:57:23, 2026-07-25 13:17:05, 2026-07-25 13:31:44, 2026-07-25 13:47:17, 2026-07-25 13:59:59, 2026-07-25 14:17:10, 2026-07-25 14:32:01", "cumulative_total": 41.0 }, "geometry": { "type": "Polygon", "coordinates": [ [ [ -71.915943504176681, 45.741474628865426 ], [ -71.922218893248939, 45.74424239779443 ], [ -71.921933433206746, 45.749431471985154 ], [ -71.915371398091565, 45.751852714880698 ], [ -71.909095533403757, 45.749084559247251 ], [ -71.909382179420291, 45.743895547487199 ], [ -71.915943504176681, 45.741474628865426 ] ] ] } },
{ "type": "Feature", "properties": { "hex_id": 730834, "centroid_lon": -71.914798978909914, "centroid_lat": 45.762230776384413, "occurrences_today": 11, "datetimes_today": "2026-07-25 12:01:47, 2026-07-25 12:16:54, 2026-07-25 12:31:42, 2026-07-25 12:46:57, 2026-07-25 12:57:23, 2026-07-25 13:17:05, 2026-07-25 13:31:44, 2026-07-25 13:47:17, 2026-07-25 13:59:59, 2026-07-25 14:17:10, 2026-07-25 14:32:01", "cumulative_total": 51.0 }, "geometry": { "type": "Polygon", "coordinates": [ [ [ -71.915085227650991, 45.757041748696743 ], [ -71.921362278798, 45.759809602000374 ], [ -71.921076584378781, 45.764998657823924 ], [ -71.914512651841903, 45.767419797943248 ], [ -71.908235124713173, 45.764651557725152 ], [ -71.908522006076637, 45.759462564366693 ], [ -71.915085227650991, 45.757041748696743 ] ] ] } },
{ "type": "Feature", "properties": { "hex_id": 730835, "centroid_lon": -71.913939762619393, "centroid_lat": 45.77779782267249, "occurrences_today": 11, "datetimes_today": "2026-07-25 12:01:47, 2026-07-25 12:16:54, 2026-07-25 12:31:42, 2026-07-25 12:46:57, 2026-07-25 12:57:23, 2026-07-25 13:17:05, 2026-07-25 13:31:44, 2026-07-25 13:47:17, 2026-07-25 13:59:59, 2026-07-25 14:17:10, 2026-07-25 14:32:01", "cumulative_total": 108.0 }, "geometry": { "type": "Polygon", "coordinates": [ [ [ -71.91422624642054, 45.77260881337277 ], [ -71.920504960978832, 45.775376751100467 ], [ -71.920219031945351, 45.780565788552515 ], [ -71.913653200412028, 45.78298682584191 ], [ -71.907374009505517, 45.780218500989619 ], [ -71.907661126454101, 45.775029526037081 ], [ -71.91422624642054, 45.77260881337277 ] ] ] } },
{ "type": "Feature", "properties": { "hex_id": 731444, "centroid_lon": -71.908808808964679, "centroid_lat": 45.754273564873898, "occurrences_today": 11, "datetimes_today": "2026-07-25 12:01:47, 2026-07-25 12:16:54, 2026-07-25 12:31:42, 2026-07-25 12:46:57, 2026-07-25 12:57:23, 2026-07-25 13:17:05, 2026-07-25 13:31:44, 2026-07-25 13:47:17, 2026-07-25 13:59:59, 2026-07-25 14:17:10, 2026-07-25 14:32:01", "cumulative_total": 41.0 }, "geometry": { "type": "Polygon", "coordinates": [ [ [ -71.909095533403757, 45.749084559247251 ], [ -71.915371398091565, 45.751852714880698 ], [ -71.915085227650991, 45.757041748696743 ], [ -71.908522006076637, 45.759462564366693 ], [ -71.902245665852504, 45.756694021872121 ], [ -71.902533022712618, 45.751505050633227 ], [ -71.909095533403757, 45.749084559247251 ] ] ] } },
{ "type": "Feature", "properties": { "hex_id": 731445, "centroid_lon": -71.907948164847824, "centroid_lat": 45.769840544948757, "occurrences_today": 11, "datetimes_today": "2026-07-25 12:01:47, 2026-07-25 12:16:54, 2026-07-25 12:31:42, 2026-07-25 12:46:57, 2026-07-25 12:57:23, 2026-07-25 13:17:05, 2026-07-25 13:31:44, 2026-07-25 13:47:17, 2026-07-25 13:59:59, 2026-07-25 14:17:10, 2026-07-25 14:32:01", "cumulative_total": 18.0 }, "geometry": { "type": "Polygon", "coordinates": [ [ [ -71.908235124713173, 45.764651557725152 ], [ -71.914512651841903, 45.767419797943248 ], [ -71.91422624642054, 45.77260881337277 ], [ -71.907661126454101, 45.775029526037081 ], [ -71.901383123422988, 45.77226089874776 ], [ -71.901670716234221, 45.767071945929878 ], [ -71.908235124713173, 45.764651557725152 ] ] ] } },
{ "type": "Feature", "properties": { "hex_id": 732054, "centroid_lon": -71.902820300975364, "centroid_lat": 45.746316073254953, "occurrences_today": 11, "datetimes_today": "2026-07-25 12:01:47, 2026-07-25 12:16:54, 2026-07-25 12:31:42, 2026-07-25 12:46:57, 2026-07-25 12:57:23, 2026-07-25 13:17:05, 2026-07-25 13:31:44, 2026-07-25 13:47:17, 2026-07-25 13:59:59, 2026-07-25 14:17:10, 2026-07-25 14:32:01", "cumulative_total": 41.0 }, "geometry": { "type": "Polygon", "coordinates": [ [ [ -71.903107500667247, 45.741127089737788 ], [ -71.909382179420291, 45.743895547487199 ], [ -71.909095533403757, 45.749084559247251 ], [ -71.902533022712618, 45.751505050633227 ], [ -71.896257868868332, 45.748736206076039 ], [ -71.896545700779924, 45.743547257005126 ], [ -71.903107500667247, 45.741127089737788 ] ] ] } },
{ "type": "Feature", "properties": { "hex_id": 732055, "centroid_lon": -71.90195823036855, "centroid_lat": 45.761882986971166, "occurrences_today": 11, "datetimes_today": "2026-07-25 12:01:47, 2026-07-25 12:16:54, 2026-07-25 12:31:42, 2026-07-25 12:46:57, 2026-07-25 12:57:23, 2026-07-25 13:17:05, 2026-07-25 13:31:44, 2026-07-25 13:47:17, 2026-07-25 13:59:59, 2026-07-25 14:17:10, 2026-07-25 14:32:01", "cumulative_total": 18.0 }, "geometry": { "type": "Polygon", "coordinates": [ [ [ -71.902245665852504, 45.756694021872121 ], [ -71.908522006076637, 45.759462564366693 ], [ -71.908235124713173, 45.764651557725152 ], [ -71.901670716234221, 45.767071945929878 ], [ -71.895393900553231, 45.764303016417472 ], [ -71.895681968781531, 45.759114085782691 ], [ -71.902245665852504, 45.756694021872121 ] ] ] } },
{ "type": "Feature", "properties": { "hex_id": 732665, "centroid_lon": -71.895969958211055, "centroid_lat": 45.753925149002058, "occurrences_today": 11, "datetimes_today": "2026-07-25 12:01:47, 2026-07-25 12:16:54, 2026-07-25 12:31:42, 2026-07-25 12:46:57, 2026-07-25 12:57:23, 2026-07-25 13:17:05, 2026-07-25 13:31:44, 2026-07-25 13:47:17, 2026-07-25 13:59:59, 2026-07-25 14:17:10, 2026-07-25 14:32:01", "cumulative_total": 18.0 }, "geometry": { "type": "Polygon", "coordinates": [ [ [ -71.896257868868332, 45.748736206076039 ], [ -71.902533022712618, 45.751505050633227 ], [ -71.902245665852504, 45.756694021872121 ], [ -71.895681968781531, 45.759114085782691 ], [ -71.889406339925571, 45.756344854261101 ], [ -71.889694883125699, 45.751155945857839 ], [ -71.896257868868332, 45.748736206076039 ] ] ] } },
{ "type": "Feature", "properties": { "hex_id": 733275, "centroid_lon": -71.889983347405305, "centroid_lat": 45.745967031303671, "occurrences_today": 11, "datetimes_today": "2026-07-25 12:01:47, 2026-07-25 12:16:54, 2026-07-25 12:31:42, 2026-07-25 12:46:57, 2026-07-25 12:57:23, 2026-07-25 13:17:05, 2026-07-25 13:31:44, 2026-07-25 13:47:17, 2026-07-25 13:59:59, 2026-07-25 14:17:10, 2026-07-25 14:32:01", "cumulative_total": 18.0 }, "geometry": { "type": "Polygon", "coordinates": [ [ [ -71.89027173279095, 45.740778110599088 ], [ -71.896545700779924, 45.743547257005126 ], [ -71.896257868868332, 45.748736206076039 ], [ -71.889694883125699, 45.751155945857839 ], [ -71.883420440569921, 45.74838641254081 ], [ -71.883709458296977, 45.743197526417454 ], [ -71.89027173279095, 45.740778110599088 ] ] ] } },
{ "type": "Feature", "properties": { "hex_id": 733276, "centroid_lon": -71.889117717778277, "centroid_lat": 45.761533756512939, "occurrences_today": 11, "datetimes_today": "2026-07-25 12:01:47, 2026-07-25 12:16:54, 2026-07-25 12:31:42, 2026-07-25 12:46:57, 2026-07-25 12:57:23, 2026-07-25 13:17:05, 2026-07-25 13:31:44, 2026-07-25 13:47:17, 2026-07-25 13:59:59, 2026-07-25 14:17:10, 2026-07-25 14:32:01", "cumulative_total": 18.0 }, "geometry": { "type": "Polygon", "coordinates": [ [ [ -71.889406339925571, 45.756344854261101 ], [ -71.895681968781531, 45.759114085782691 ], [ -71.895393900553231, 45.764303016417472 ], [ -71.888829016657226, 45.766722652612913 ], [ -71.882552912869372, 45.763953033970218 ], [ -71.882842167882771, 45.758764166317683 ], [ -71.889406339925571, 45.756344854261101 ] ] ] } },
{ "type": "Feature", "properties": { "hex_id": 733886, "centroid_lon": -71.883131343774082, "centroid_lat": 45.753575292507719, "occurrences_today": 11, "datetimes_today": "2026-07-25 12:01:47, 2026-07-25 12:16:54, 2026-07-25 12:31:42, 2026-07-25 12:46:57, 2026-07-25 12:57:23, 2026-07-25 13:17:05, 2026-07-25 13:31:44, 2026-07-25 13:47:17, 2026-07-25 13:59:59, 2026-07-25 14:17:10, 2026-07-25 14:32:01", "cumulative_total": 18.0 }, "geometry": { "type": "Polygon", "coordinates": [ [ [ -71.883420440569921, 45.74838641254081 ], [ -71.889694883125699, 45.751155945857839 ], [ -71.889406339925571, 45.756344854261101 ], [ -71.882842167882771, 45.758764166317683 ], [ -71.876567250840068, 45.755994245933053 ], [ -71.876856980300403, 45.750805400623946 ], [ -71.883420440569921, 45.74838641254081 ] ] ] } },
{ "type": "Feature", "properties": { "hex_id": 734496, "centroid_lon": -71.877146630517061, "centroid_lat": 45.745616549152331, "occurrences_today": 11, "datetimes_today": "2026-07-25 12:01:47, 2026-07-25 12:16:54, 2026-07-25 12:31:42, 2026-07-25 12:46:57, 2026-07-25 12:57:23, 2026-07-25 13:17:05, 2026-07-25 13:31:44, 2026-07-25 13:47:17, 2026-07-25 13:59:59, 2026-07-25 14:17:10, 2026-07-25 14:32:01", "cumulative_total": 18.0 }, "geometry": { "type": "Polygon", "coordinates": [ [ [ -71.877436201516716, 45.740427691518704 ], [ -71.883709458296977, 45.743197526417454 ], [ -71.883420440569921, 45.74838641254081 ], [ -71.876856980300403, 45.750805400623946 ], [ -71.870583249477875, 45.748035178711106 ], [ -71.870873452940444, 45.742846355793702 ], [ -71.877436201516716, 45.740427691518704 ] ] ] } },
{ "type": "Feature", "properties": { "hex_id": 735106, "centroid_lon": -71.87116357703789, "centroid_lat": 45.737657526708752, "occurrences_today": 11, "datetimes_today": "2026-07-25 12:01:47, 2026-07-25 12:16:54, 2026-07-25 12:31:42, 2026-07-25 12:46:57, 2026-07-25 12:57:23, 2026-07-25 13:17:05, 2026-07-25 13:31:44, 2026-07-25 13:47:17, 2026-07-25 13:59:59, 2026-07-25 14:17:10, 2026-07-25 14:32:01", "cumulative_total": 18.0 }, "geometry": { "type": "Polygon", "coordinates": [ [ [ -71.871453621796974, 45.732468691456738 ], [ -71.877725693326113, 45.735238827723606 ], [ -71.877436201516716, 45.740427691518704 ], [ -71.870873452940444, 45.742846355793702 ], [ -71.864600907813355, 45.740075832566298 ], [ -71.864891584833757, 45.734887032088899 ], [ -71.871453621796974, 45.732468691456738 ] ] ] } },
{ "type": "Feature", "properties": { "hex_id": 1187183, "centroid_lon": -66.391061133588025, "centroid_lat": 50.244816209961336, "occurrences_today": 7, "datetimes_today": "2026-07-25 05:47:08, 2026-07-25 06:02:19, 2026-07-25 06:16:49, 2026-07-25 06:27:15, 2026-07-25 06:46:50, 2026-07-25 07:02:12, 2026-07-25 07:16:44", "cumulative_total": 160.0 }, "geometry": { "type": "Polygon", "coordinates": [ [ [ -66.391992827722589, 50.239682271341685 ], [ -66.398460033086081, 50.242766488939722 ], [ -66.397528931905327, 50.247900512633485 ], [ -66.390129169801838, 50.249950131394051 ], [ -66.383661641186691, 50.24686542318377 ], [ -66.384594197825606, 50.24173158689613 ], [ -66.391992827722589, 50.239682271341685 ] ] ] } },
{ "type": "Feature", "properties": { "hex_id": 564136, "centroid_lon": -73.680890673994924, "centroid_lat": 45.305192448683108, "occurrences_today": 15, "datetimes_today": "2026-07-25 15:17:09, 2026-07-25 15:31:58, 2026-07-25 15:47:16, 2026-07-25 16:01:43, 2026-07-25 16:16:43, 2026-07-25 16:27:38, 2026-07-25 16:46:44, 2026-07-25 17:02:39, 2026-07-25 17:17:07, 2026-07-25 17:46:39, 2026-07-25 18:02:04, 2026-07-25 18:16:44, 2026-07-25 18:27:33, 2026-07-25 18:47:11, 2026-07-25 19:02:48", "cumulative_total": 106.0 }, "geometry": { "type": "Polygon", "coordinates": [ [ [ -73.681011175826598, 45.299996839597661 ], [ -73.687326852858135, 45.302668112838361 ], [ -73.687206916755983, 45.307863732661509 ], [ -73.680770139332424, 45.310388052770548 ], [ -73.674453929407662, 45.307716414148935 ], [ -73.674575029788727, 45.302520820863251 ], [ -73.681011175826598, 45.299996839597661 ] ] ] } },
{ "type": "Feature", "properties": { "hex_id": 788902, "centroid_lon": -71.23054063333646, "centroid_lat": 46.840758525460089, "occurrences_today": 3, "datetimes_today": "2026-07-25 00:01:45, 2026-07-25 00:17:19, 2026-07-25 00:29:49", "cumulative_total": 227.0 }, "geometry": { "type": "Polygon", "coordinates": [ [ [ -71.230903691296575, 46.83557419445971 ], [ -71.237264970041892, 46.838381933308149 ], [ -71.236902488413349, 46.843566299703419 ], [ -71.230177474712747, 46.845942849581469 ], [ -71.223815720316864, 46.843134703765642 ], [ -71.224179455237262, 46.837950415105922 ], [ -71.230903691296575, 46.83557419445971 ] ] ] } },
{ "type": "Feature", "properties": { "hex_id": 503748, "centroid_lon": -74.302317457892656, "centroid_lat": 46.11355778497181, "occurrences_today": 2, "datetimes_today": "2026-07-25 23:32:10, 2026-07-25 23:46:43", "cumulative_total": 40.0 }, "geometry": { "type": "Polygon", "coordinates": [ [ [ -74.302383017418776, 46.108361920773675 ], [ -74.308819964386188, 46.110999158795799 ], [ -74.308755003777208, 46.116195027672589 ], [ -74.302251880323496, 46.118753644353305 ], [ -74.295814352485053, 46.116116036635361 ], [ -74.295880528965199, 46.110920181998544 ], [ -74.302383017418776, 46.108361920773675 ] ] ] } },
{ "type": "Feature", "properties": { "hex_id": 504358, "centroid_lon": -74.295946687238128, "centroid_lat": 46.105724322543708, "occurrences_today": 2, "datetimes_today": "2026-07-25 23:32:10, 2026-07-25 23:46:43", "cumulative_total": 40.0 }, "geometry": { "type": "Polygon", "coordinates": [ [ [ -74.296012827310093, 46.100528458270865 ], [ -74.302448558907997, 46.103166051758841 ], [ -74.302383017418776, 46.108361920773675 ], [ -74.295880528965199, 46.110920181998544 ], [ -74.289444216988656, 46.108282218852807 ], [ -74.289510973838134, 46.103086364205936 ], [ -74.296012827310093, 46.100528458270865 ] ] ] } },
{ "type": "Feature", "properties": { "hex_id": 727189, "centroid_lon": -71.937941913408622, "centroid_lat": 46.043473985567246, "occurrences_today": 4, "datetimes_today": "2026-07-25 05:47:08, 2026-07-25 06:02:19, 2026-07-25 06:16:49, 2026-07-25 06:27:15", "cumulative_total": 37.0 }, "geometry": { "type": "Polygon", "coordinates": [ [ [ -71.938228816341692, 46.038285101445503 ], [ -71.94453817763015, 46.041052393322978 ], [ -71.944251837725162, 46.046241305505774 ], [ -71.937654931692194, 46.048662863569028 ], [ -71.931345086172385, 46.045895181288635 ], [ -71.931632630890149, 46.040706331413105 ], [ -71.938228816341692, 46.038285101445503 ] ] ] } },
{ "type": "Feature", "properties": { "hex_id": 728410, "centroid_lon": -71.925035882602032, "centroid_lat": 46.043127164835383, "occurrences_today": 4, "datetimes_today": "2026-07-25 05:47:08, 2026-07-25 06:02:19, 2026-07-25 06:16:49, 2026-07-25 06:27:15", "cumulative_total": 62.0 }, "geometry": { "type": "Polygon", "coordinates": [ [ [ -71.925323990142957, 46.037938343145733 ], [ -71.931632630890149, 46.040706331413105 ], [ -71.931345086172385, 46.045895181288635 ], [ -71.924747695948255, 46.048315980393504 ], [ -71.918438571504169, 46.045547601618665 ], [ -71.918727320954233, 46.040358814311617 ], [ -71.925323990142957, 46.037938343145733 ] ] ] } },
{ "type": "Feature", "properties": { "hex_id": 495149, "centroid_lon": -74.401612198618793, "centroid_lat": 45.303447398839232, "occurrences_today": 8, "datetimes_today": "2026-07-25 22:01:48, 2026-07-25 22:16:38, 2026-07-25 22:31:39, 2026-07-25 22:46:42, 2026-07-25 23:01:47, 2026-07-25 23:16:59, 2026-07-25 23:32:10, 2026-07-25 23:46:43", "cumulative_total": 72.0 }, "geometry": { "type": "Polygon", "coordinates": [ [ [ -74.401666862376999, 45.298250692610338 ], [ -74.408016598212782, 45.300882277687563 ], [ -74.40796250958573, 45.30607898750474 ], [ -74.401557519964555, 45.308644100267649 ], [ -74.395207223896122, 45.30601215670773 ], [ -74.395262477676553, 45.300815458931773 ], [ -74.401666862376999, 45.298250692610338 ] ] ] } },
{ "type": "Feature", "properties": { "hex_id": 1220153, "centroid_lon": -66.008212281865568, "centroid_lat": 50.262432746687651, "occurrences_today": 1, "datetimes_today": "2026-07-25 05:47:08", "cumulative_total": 67.0 }, "geometry": { "type": "Polygon", "coordinates": [ [ [ -66.009185684891648, 50.257304137134845 ], [ -66.015627420715433, 50.26040865444039 ], [ -66.014654602354284, 50.265537352567073 ], [ -66.007238597323138, 50.267561337916369 ], [ -66.000796558403508, 50.264456327726606 ], [ -66.001770827505467, 50.259327825142201 ], [ -66.009185684891648, 50.257304137134845 ] ] ] } },
{ "type": "Feature", "properties": { "hex_id": 631963, "centroid_lon": -72.938288735820265, "centroid_lat": 46.252979542430452, "occurrences_today": 18, "datetimes_today": "2026-07-25 00:01:45, 2026-07-25 00:17:19, 2026-07-25 00:29:49, 2026-07-25 00:47:08, 2026-07-25 01:02:10, 2026-07-25 01:16:51, 2026-07-25 01:32:21, 2026-07-25 01:46:48, 2026-07-25 02:01:47, 2026-07-25 02:17:11, 2026-07-25 02:32:05, 2026-07-25 03:02:12, 2026-07-25 03:16:45, 2026-07-25 03:32:08, 2026-07-25 03:46:44, 2026-07-25 04:02:15, 2026-07-25 04:16:41, 2026-07-25 04:31:50", "cumulative_total": 202.0 }, "geometry": { "type": "Polygon", "coordinates": [ [ [ -72.938483377108014, 46.247786788270034 ], [ -72.944868451317731, 46.250499921616509 ], [ -72.944674394263714, 46.255692694134389 ], [ -72.938094040899443, 46.258172291218926 ], [ -72.931708436098234, 46.25545877348182 ], [ -72.931903715234426, 46.250266043116888 ], [ -72.938483377108014, 46.247786788270034 ] ] ] } },
{ "type": "Feature", "properties": { "hex_id": 632572, "centroid_lon": -72.932684294044037, "centroid_lat": 46.229495067900856, "occurrences_today": 18, "datetimes_today": "2026-07-25 00:01:45, 2026-07-25 00:17:19, 2026-07-25 00:29:49, 2026-07-25 00:47:08, 2026-07-25 01:02:10, 2026-07-25 01:16:51, 2026-07-25 01:32:21, 2026-07-25 01:46:48, 2026-07-25 02:01:47, 2026-07-25 02:17:11, 2026-07-25 02:32:05, 2026-07-25 03:02:12, 2026-07-25 03:16:45, 2026-07-25 03:32:08, 2026-07-25 03:46:44, 2026-07-25 04:02:15, 2026-07-25 04:16:41, 2026-07-25 04:31:50", "cumulative_total": 135.0 }, "geometry": { "type": "Polygon", "coordinates": [ [ [ -72.932879304404551, 46.224302310658722 ], [ -72.939261406295074, 46.227015717912451 ], [ -72.939066979356241, 46.232208493558844 ], [ -72.932489229965142, 46.234687819767913 ], [ -72.926106598380514, 46.231974028380854 ], [ -72.926302245862729, 46.226781294984058 ], [ -72.932879304404551, 46.224302310658722 ] ] ] } },
{ "type": "Feature", "properties": { "hex_id": 632573, "centroid_lon": -72.932098940578726, "centroid_lat": 46.245073307376124, "occurrences_today": 18, "datetimes_today": "2026-07-25 00:01:45, 2026-07-25 00:17:19, 2026-07-25 00:29:49, 2026-07-25 00:47:08, 2026-07-25 01:02:10, 2026-07-25 01:16:51, 2026-07-25 01:32:21, 2026-07-25 01:46:48, 2026-07-25 02:01:47, 2026-07-25 02:17:11, 2026-07-25 02:32:05, 2026-07-25 03:02:12, 2026-07-25 03:16:45, 2026-07-25 03:32:08, 2026-07-25 03:46:44, 2026-07-25 04:02:15, 2026-07-25 04:16:41, 2026-07-25 04:31:50", "cumulative_total": 162.0 }, "geometry": { "type": "Polygon", "coordinates": [ [ [ -72.932294112149506, 46.239880566259728 ], [ -72.93867796478105, 46.242594028737813 ], [ -72.938483377108014, 46.247786788270034 ], [ -72.931903715234426, 46.250266043116888 ], [ -72.925519332487866, 46.247552196295821 ], [ -72.925715141711521, 46.242359479036928 ], [ -72.932294112149506, 46.239880566259728 ] ] ] } },
{ "type": "Feature", "properties": { "hex_id": 633182, "centroid_lon": -72.926497839467984, "centroid_lat": 46.221588556208339, "occurrences_today": 18, "datetimes_today": "2026-07-25 00:01:45, 2026-07-25 00:17:19, 2026-07-25 00:29:49, 2026-07-25 00:47:08, 2026-07-25 01:02:10, 2026-07-25 01:16:51, 2026-07-25 01:32:21, 2026-07-25 01:46:48, 2026-07-25 02:01:47, 2026-07-25 02:17:11, 2026-07-25 02:32:05, 2026-07-25 03:02:12, 2026-07-25 03:16:45, 2026-07-25 03:32:08, 2026-07-25 03:46:44, 2026-07-25 04:02:15, 2026-07-25 04:16:41, 2026-07-25 04:31:50", "cumulative_total": 126.0 }, "geometry": { "type": "Polygon", "coordinates": [ [ [ -72.926693379214697, 46.216395812053896 ], [ -72.93307426106503, 46.219109548041722 ], [ -72.932879304404551, 46.224302310658722 ], [ -72.926302245862729, 46.226781294984058 ], [ -72.919920834793913, 46.224067174910523 ], [ -72.920117011466985, 46.218874454663336 ], [ -72.926693379214697, 46.216395812053896 ] ] ] } },
{ "type": "Feature", "properties": { "hex_id": 633183, "centroid_lon": -72.925910897002922, "centroid_lat": 46.23716675639853, "occurrences_today": 18, "datetimes_today": "2026-07-25 00:01:45, 2026-07-25 00:17:19, 2026-07-25 00:29:49, 2026-07-25 00:47:08, 2026-07-25 01:02:10, 2026-07-25 01:16:51, 2026-07-25 01:32:21, 2026-07-25 01:46:48, 2026-07-25 02:01:47, 2026-07-25 02:17:11, 2026-07-25 02:32:05, 2026-07-25 03:02:12, 2026-07-25 03:16:45, 2026-07-25 03:32:08, 2026-07-25 03:46:44, 2026-07-25 04:02:15, 2026-07-25 04:16:41, 2026-07-25 04:31:50", "cumulative_total": 152.0 }, "geometry": { "type": "Polygon", "coordinates": [ [ [ -72.926106598380514, 46.231974028380854 ], [ -72.932489229965142, 46.234687819767913 ], [ -72.932294112149506, 46.239880566259728 ], [ -72.925715141711521, 46.242359479036928 ], [ -72.919331980487954, 46.239645303354536 ], [ -72.919528319322865, 46.234452599256308 ], [ -72.926106598380514, 46.231974028380854 ] ] ] } },
{ "type": "Feature", "properties": { "hex_id": 633184, "centroid_lon": -72.925323469313525, "centroid_lat": 46.252744908175025, "occurrences_today": 18, "datetimes_today": "2026-07-25 00:01:45, 2026-07-25 00:17:19, 2026-07-25 00:29:49, 2026-07-25 00:47:08, 2026-07-25 01:02:10, 2026-07-25 01:16:51, 2026-07-25 01:32:21, 2026-07-25 01:46:48, 2026-07-25 02:01:47, 2026-07-25 02:17:11, 2026-07-25 02:32:05, 2026-07-25 03:02:12, 2026-07-25 03:16:45, 2026-07-25 03:32:08, 2026-07-25 03:46:44, 2026-07-25 04:02:15, 2026-07-25 04:16:41, 2026-07-25 04:31:50", "cumulative_total": 126.0 }, "geometry": { "type": "Polygon", "coordinates": [ [ [ -72.925519332487866, 46.247552196295821 ], [ -72.931903715234426, 46.250266043116888 ], [ -72.931708436098234, 46.25545877348182 ], [ -72.925127552170025, 46.257937614674354 ], [ -72.9187426393637, 46.255223383348216 ], [ -72.918939140526859, 46.250030695400689 ], [ -72.925519332487866, 46.247552196295821 ] ] ] } },
{ "type": "Feature", "properties": { "hex_id": 633793, "centroid_lon": -72.919724604085374, "centroid_lat": 46.229259889774909, "occurrences_today": 18, "datetimes_today": "2026-07-25 00:01:45, 2026-07-25 00:17:19, 2026-07-25 00:29:49, 2026-07-25 00:47:08, 2026-07-25 01:02:10, 2026-07-25 01:16:51, 2026-07-25 01:32:21, 2026-07-25 01:46:48, 2026-07-25 02:01:47, 2026-07-25 02:17:11, 2026-07-25 02:32:05, 2026-07-25 03:02:12, 2026-07-25 03:16:45, 2026-07-25 03:32:08, 2026-07-25 03:46:44, 2026-07-25 04:02:15, 2026-07-25 04:16:41, 2026-07-25 04:31:50", "cumulative_total": 126.0 }, "geometry": { "type": "Polygon", "coordinates": [ [ [ -72.919920834793913, 46.224067174910523 ], [ -72.926302245862729, 46.226781294984058 ], [ -72.926106598380514, 46.231974028380854 ], [ -72.919528319322865, 46.234452599256308 ], [ -72.913146379090904, 46.231738094935139 ], [ -72.913343247061249, 46.226545404052146 ], [ -72.919920834793913, 46.224067174910523 ] ] ] } },
{ "type": "Feature", "properties": { "hex_id": 633794, "centroid_lon": -72.919135587562124, "centroid_lat": 46.2448380020694, "occurrences_today": 18, "datetimes_today": "2026-07-25 00:01:45, 2026-07-25 00:17:19, 2026-07-25 00:29:49, 2026-07-25 00:47:08, 2026-07-25 01:02:10, 2026-07-25 01:16:51, 2026-07-25 01:32:21, 2026-07-25 01:46:48, 2026-07-25 02:01:47, 2026-07-25 02:17:11, 2026-07-25 02:32:05, 2026-07-25 03:02:12, 2026-07-25 03:16:45, 2026-07-25 03:32:08, 2026-07-25 03:46:44, 2026-07-25 04:02:15, 2026-07-25 04:16:41, 2026-07-25 04:31:50", "cumulative_total": 153.0 }, "geometry": { "type": "Polygon", "coordinates": [ [ [ -72.919331980487954, 46.239645303354536 ], [ -72.925715141711521, 46.242359479036928 ], [ -72.925519332487866, 46.247552196295821 ], [ -72.918939140526859, 46.250030695400689 ], [ -72.91255544971979, 46.247316135260974 ], [ -72.912752480438726, 46.242123460539744 ], [ -72.919331980487954, 46.239645303354536 ] ] ] } },
{ "type": "Feature", "properties": { "hex_id": 566612, "centroid_lon": -73.642679611953454, "centroid_lat": 45.834815333555298, "occurrences_today": 6, "datetimes_today": "2026-07-25 22:31:39, 2026-07-25 22:46:42, 2026-07-25 23:01:47, 2026-07-25 23:16:59, 2026-07-25 23:32:10, 2026-07-25 23:46:43", "cumulative_total": 208.0 }, "geometry": { "type": "Polygon", "coordinates": [ [ [ -73.642805913819444, 45.829620289229176 ], [ -73.649178792660479, 45.832294092418415 ], [ -73.649053072032245, 45.837489147983945 ], [ -73.642553275455612, 45.840010372866168 ], [ -73.636179850014514, 45.837336197216445 ], [ -73.636306767738404, 45.832141169210246 ], [ -73.642805913819444, 45.829620289229176 ] ] ] } },
{ "type": "Feature", "properties": { "hex_id": 612406, "centroid_lon": -73.156690925196614, "centroid_lat": 45.929339708128062, "occurrences_today": 2, "datetimes_today": "2026-07-25 05:47:08, 2026-07-25 06:02:19", "cumulative_total": 45.0 }, "geometry": { "type": "Polygon", "coordinates": [ [ [ -73.156863002108082, 45.924145982858995 ], [ -73.163222392549656, 45.926846659510169 ], [ -73.163050893004836, 45.932040400864018 ], [ -73.156518801057501, 45.934533428154396 ], [ -73.150158880484923, 45.931832373318315 ], [ -73.150331581974683, 45.926638669442127 ], [ -73.156863002108082, 45.924145982858995 ] ] ] } },
{ "type": "Feature", "properties": { "hex_id": 502512, "centroid_lon": -74.318135559493498, "centroid_lat": 45.879816746716521, "occurrences_today": 3, "datetimes_today": "2026-07-25 20:32:27, 2026-07-25 20:47:08, 2026-07-25 21:02:08", "cumulative_total": 157.0 }, "geometry": { "type": "Polygon", "coordinates": [ [ [ -74.318199112629586, 45.874620651768232 ], [ -74.324609904011666, 45.877256961210676 ], [ -74.324546942634043, 45.882453060648793 ], [ -74.318071988917808, 45.885012836850315 ], [ -74.311660623219836, 45.882376160854804 ], [ -74.311724785548066, 45.877180075276293 ], [ -74.318199112629586, 45.874620651768232 ] ] ] } },
{ "type": "Feature", "properties": { "hex_id": 506175, "centroid_lon": -74.279478642558942, "centroid_lat": 45.879579529978798, "occurrences_today": 14, "datetimes_today": "2026-07-25 17:46:39, 2026-07-25 18:02:04, 2026-07-25 18:16:44, 2026-07-25 18:27:33, 2026-07-25 18:47:11, 2026-07-25 19:02:48, 2026-07-25 19:16:47, 2026-07-25 19:32:40, 2026-07-25 19:46:57, 2026-07-25 20:01:44, 2026-07-25 20:16:47, 2026-07-25 20:32:27, 2026-07-25 20:47:08, 2026-07-25 21:02:08", "cumulative_total": 82.0 }, "geometry": { "type": "Polygon", "coordinates": [ [ [ -74.279545797971494, 45.874383477783631 ], [ -74.285954708021151, 45.87702194502959 ], [ -74.285888143845725, 45.882218002103372 ], [ -74.279411468718493, 45.884775577351547 ], [ -74.273001985862749, 45.882136743177561 ], [ -74.27306975093407, 45.876940700748897 ], [ -74.279545797971494, 45.874383477783631 ] ] ] } },
{ "type": "Feature", "properties": { "hex_id": 928760, "centroid_lon": -69.651393483894864, "centroid_lat": 47.611842372657456, "occurrences_today": 11, "datetimes_today": "2026-07-25 12:01:47, 2026-07-25 12:16:54, 2026-07-25 12:31:42, 2026-07-25 12:46:57, 2026-07-25 12:57:23, 2026-07-25 13:17:05, 2026-07-25 13:31:44, 2026-07-25 13:47:17, 2026-07-25 13:59:59, 2026-07-25 14:17:10, 2026-07-25 14:32:01", "cumulative_total": 116.0 }, "geometry": { "type": "Polygon", "coordinates": [ [ [ -69.651922326297452, 47.606670136611392 ], [ -69.65828171170395, 47.609565780892162 ], [ -69.657753442801052, 47.614738068111052 ], [ -69.650864493609433, 47.617014599553421 ], [ -69.644504682612151, 47.614118525369214 ], [ -69.645034246345119, 47.608946349713634 ], [ -69.651922326297452, 47.606670136611392 ] ] ] } },
{ "type": "Feature", "properties": { "hex_id": 1026492, "centroid_lon": -68.492283631863302, "centroid_lat": 48.362623056610488, "occurrences_today": 3, "datetimes_today": "2026-07-25 21:15:55, 2026-07-25 21:31:47, 2026-07-25 21:47:11", "cumulative_total": 37.0 }, "geometry": { "type": "Polygon", "coordinates": [ [ [ -68.49294377274262, 48.357462363760092 ], [ -68.499320167455281, 48.360423511348671 ], [ -68.498660602159688, 48.365584267107771 ], [ -68.491623304728549, 48.367783738033282 ], [ -68.485246520720992, 48.364822141589897 ], [ -68.485907423372666, 48.359661523144247 ], [ -68.49294377274262, 48.357462363760092 ] ] ] } },
{ "type": "Feature", "properties": { "hex_id": 1027103, "centroid_lon": -68.484585431595363, "centroid_lat": 48.369982748593024, "occurrences_today": 3, "datetimes_today": "2026-07-25 21:15:55, 2026-07-25 21:31:47, 2026-07-25 21:47:11", "cumulative_total": 29.0 }, "geometry": { "type": "Polygon", "coordinates": [ [ [ -68.485246520720992, 48.364822141589897 ], [ -68.491623304728549, 48.367783738033282 ], [ -68.490962791271528, 48.372944408025958 ], [ -68.483924155928889, 48.375143344151063 ], [ -68.477546982827064, 48.372181298693057 ], [ -68.478208834095199, 48.367020766193015 ], [ -68.485246520720992, 48.364822141589897 ] ] ] } },
{ "type": "Feature", "properties": { "hex_id": 1027713, "centroid_lon": -68.478870498670844, "centroid_lat": 48.361860222235435, "occurrences_today": 3, "datetimes_today": "2026-07-25 21:15:55, 2026-07-25 21:31:47, 2026-07-25 21:47:11", "cumulative_total": 19.0 }, "geometry": { "type": "Polygon", "coordinates": [ [ [ -68.479531976620947, 48.35669966682282 ], [ -68.485907423372666, 48.359661523144247 ], [ -68.485246520720992, 48.364822141589897 ], [ -68.478208834095199, 48.367020766193015 ], [ -68.471832998704059, 48.364058460939766 ], [ -68.472495238511186, 48.358897980083647 ], [ -68.479531976620947, 48.35669966682282 ] ] ] } },
{ "type": "Feature", "properties": { "hex_id": 1033206, "centroid_lon": -68.421520577245445, "centroid_lat": 48.335188435817244, "occurrences_today": 5, "datetimes_today": "2026-07-25 19:16:47, 2026-07-25 19:32:40, 2026-07-25 19:46:57, 2026-07-25 20:01:44, 2026-07-25 20:16:47", "cumulative_total": 13.0 }, "geometry": { "type": "Polygon", "coordinates": [ [ [ -68.42218722305482, 48.330028450215316 ], [ -68.428555817171898, 48.332993207115067 ], [ -68.427889744696046, 48.338153256252397 ], [ -68.420853743449825, 48.34034840985148 ], [ -68.414484764019164, 48.33738320403895 ], [ -68.415152171080919, 48.332223293608408 ], [ -68.42218722305482, 48.330028450215316 ] ] ] } },
{ "type": "Feature", "properties": { "hex_id": 1042976, "centroid_lon": -68.310236312106113, "centroid_lat": 48.359931848562418, "occurrences_today": 3, "datetimes_today": "2026-07-25 13:31:44, 2026-07-25 13:47:17, 2026-07-25 13:59:59", "cumulative_total": 11.0 }, "geometry": { "type": "Polygon", "coordinates": [ [ [ -68.310914773265864, 48.354773052099368 ], [ -68.317279189893043, 48.357743845945315 ], [ -68.316601300678627, 48.362902707010257 ], [ -68.309557659600202, 48.365090633219275 ], [ -68.303192862408181, 48.362119389369539 ], [ -68.303872086790832, 48.356960669382808 ], [ -68.310914773265864, 48.354773052099368 ] ] ] } },
{ "type": "Feature", "properties": { "hex_id": 1043587, "centroid_lon": -68.302513446460523, "centroid_lat": 48.367278097534729, "occurrences_today": 3, "datetimes_today": "2026-07-25 13:31:44, 2026-07-25 13:47:17, 2026-07-25 13:59:59", "cumulative_total": 11.0 }, "geometry": { "type": "Polygon", "coordinates": [ [ [ -68.303192862408181, 48.362119389369539 ], [ -68.309557659600202, 48.365090633219275 ], [ -68.308878815679492, 48.370249406067366 ], [ -68.301833838879176, 48.372436793875771 ], [ -68.295468661328258, 48.369465099863199 ], [ -68.296148840867829, 48.364306468273277 ], [ -68.303192862408181, 48.362119389369539 ] ] ] } },
{ "type": "Feature", "properties": { "hex_id": 1044197, "centroid_lon": -68.296828828623546, "centroid_lat": 48.359147824846445, "occurrences_today": 3, "datetimes_today": "2026-07-25 13:31:44, 2026-07-25 13:47:17, 2026-07-25 13:59:59", "cumulative_total": 17.0 }, "geometry": { "type": "Polygon", "coordinates": [ [ [ -68.297508624664147, 48.353989169585276 ], [ -68.303872086790832, 48.356960669382808 ], [ -68.303192862408181, 48.362119389369539 ], [ -68.296148840867829, 48.364306468273277 ], [ -68.289784998832673, 48.36133451839688 ], [ -68.290465558177601, 48.356175939763808 ], [ -68.297508624664147, 48.353989169585276 ] ] ] } },
{ "type": "Feature", "properties": { "hex_id": 1044808, "centroid_lon": -68.289104247553809, "centroid_lat": 48.366493085180245, "occurrences_today": 3, "datetimes_today": "2026-07-25 13:31:44, 2026-07-25 13:47:17, 2026-07-25 13:59:59", "cumulative_total": 11.0 }, "geometry": { "type": "Polygon", "coordinates": [ [ [ -68.289784998832673, 48.36133451839688 ], [ -68.296148840867829, 48.364306468273277 ], [ -68.295468661328258, 48.369465099863199 ], [ -68.288423304272172, 48.37165164011126 ], [ -68.282059082534914, 48.368679239997022 ], [ -68.282740597486992, 48.363520749940761 ], [ -68.289784998832673, 48.36133451839688 ] ] ] } },
{ "type": "Feature", "properties": { "hex_id": 1045419, "centroid_lon": -68.281377375361103, "centroid_lat": 48.373837718185499, "occurrences_today": 3, "datetimes_today": "2026-07-25 13:31:44, 2026-07-25 13:47:17, 2026-07-25 13:59:59", "cumulative_total": 11.0 }, "geometry": { "type": "Polygon", "coordinates": [ [ [ -68.282059082534914, 48.368679239997022 ], [ -68.288423304272172, 48.37165164011126 ], [ -68.287742168918939, 48.376810183187267 ], [ -68.28069547589665, 48.378996184503514 ], [ -68.27433087466396, 48.376023333992507 ], [ -68.275013345880026, 48.370864932630248 ], [ -68.282059082534914, 48.368679239997022 ] ] ] } },
{ "type": "Feature", "properties": { "hex_id": 476870, "centroid_lon": -74.588860636003972, "centroid_lat": 45.865522103956778, "occurrences_today": 92, "datetimes_today": "2026-07-25 00:01:45, 2026-07-25 00:17:19, 2026-07-25 00:29:49, 2026-07-25 00:47:08, 2026-07-25 01:02:10, 2026-07-25 01:16:51, 2026-07-25 01:32:21, 2026-07-25 01:46:48, 2026-07-25 02:01:47, 2026-07-25 02:17:11, 2026-07-25 02:32:05, 2026-07-25 03:02:12, 2026-07-25 03:16:45, 2026-07-25 03:32:08, 2026-07-25 03:46:44, 2026-07-25 04:02:15, 2026-07-25 04:16:41, 2026-07-25 04:31:50, 2026-07-25 04:46:51, 2026-07-25 05:16:53, 2026-07-25 05:31:45, 2026-07-25 05:47:08, 2026-07-25 06:02:19, 2026-07-25 06:16:49, 2026-07-25 06:27:15, 2026-07-25 06:46:50, 2026-07-25 07:02:12, 2026-07-25 07:16:44, 2026-07-25 07:31:54, 2026-07-25 07:45:07, 2026-07-25 08:01:39, 2026-07-25 08:17:05, 2026-07-25 08:32:37, 2026-07-25 08:46:47, 2026-07-25 09:02:13, 2026-07-25 09:17:11, 2026-07-25 09:31:58, 2026-07-25 09:46:39, 2026-07-25 10:02:01, 2026-07-25 10:17:36, 2026-07-25 10:31:44, 2026-07-25 11:01:55, 2026-07-25 11:16:38, 2026-07-25 11:31:56, 2026-07-25 11:46:58, 2026-07-25 12:01:47, 2026-07-25 12:16:54, 2026-07-25 12:31:42, 2026-07-25 12:46:57, 2026-07-25 12:57:23, 2026-07-25 13:17:05, 2026-07-25 13:31:44, 2026-07-25 13:47:17, 2026-07-25 13:59:59, 2026-07-25 14:17:10, 2026-07-25 14:32:01, 2026-07-25 14:46:57, 2026-07-25 15:02:21, 2026-07-25 15:17:09, 2026-07-25 15:31:58, 2026-07-25 15:47:16, 2026-07-25 16:01:43, 2026-07-25 16:16:43, 2026-07-25 16:27:38, 2026-07-25 16:46:44, 2026-07-25 17:02:39, 2026-07-25 17:17:07, 2026-07-25 17:46:39, 2026-07-25 18:02:04, 2026-07-25 18:16:44, 2026-07-25 18:27:33, 2026-07-25 18:47:11, 2026-07-25 19:02:48, 2026-07-25 19:16:47, 2026-07-25 19:32:40, 2026-07-25 19:46:57, 2026-07-25 20:01:44, 2026-07-25 20:16:47, 2026-07-25 20:32:27, 2026-07-25 20:47:08, 2026-07-25 21:02:08, 2026-07-25 21:15:55, 2026-07-25 21:31:47, 2026-07-25 21:47:11, 2026-07-25 22:01:48, 2026-07-25 22:16:38, 2026-07-25 22:31:39, 2026-07-25 22:46:42, 2026-07-25 23:01:47, 2026-07-25 23:16:59, 2026-07-25 23:32:10, 2026-07-25 23:46:43", "cumulative_total": 517.0 }, "geometry": { "type": "Polygon", "coordinates": [ [ [ -74.588898937705238, 45.860325761408468 ], [ -74.595320990746359, 45.862946926245691 ], [ -74.595283283922853, 45.868143270553155 ], [ -74.588822323793721, 45.870718441733644 ], [ -74.5823996863856, 45.868096913194883 ], [ -74.582438593470044, 45.862900577242634 ], [ -74.588898937705238, 45.860325761408468 ] ] ] } },
{ "type": "Feature", "properties": { "hex_id": 478702, "centroid_lon": -74.569476002535325, "centroid_lat": 45.873245425861917, "occurrences_today": 5, "datetimes_today": "2026-07-25 15:02:21, 2026-07-25 15:17:09, 2026-07-25 15:31:58, 2026-07-25 15:47:16, 2026-07-25 16:01:43", "cumulative_total": 383.0 }, "geometry": { "type": "Polygon", "coordinates": [ [ [ -74.569516120874567, 45.86804910330045 ], [ -74.575938141894838, 45.870671353862463 ], [ -74.575898618422514, 45.875867678379478 ], [ -74.569435873187658, 45.878441743649617 ], [ -74.563013268310783, 45.87581912909566 ], [ -74.563053992521631, 45.870622813328971 ], [ -74.569516120874567, 45.86804910330045 ] ] ] } },
{ "type": "Feature", "properties": { "hex_id": 596556, "centroid_lon": -73.313391333602695, "centroid_lat": 46.290307658757214, "occurrences_today": 2, "datetimes_today": "2026-07-25 12:46:57, 2026-07-25 12:57:23", "cumulative_total": 20.0 }, "geometry": { "type": "Polygon", "coordinates": [ [ [ -73.313550781120568, 46.285113824510233 ], [ -73.31995924103876, 46.287806287692725 ], [ -73.319800384323614, 46.293000136582648 ], [ -73.313231842118824, 46.295501487839658 ], [ -73.306822835371449, 46.29280864322034 ], [ -73.306982917642983, 46.287614828847111 ], [ -73.313550781120568, 46.285113824510233 ] ] ] } },
{ "type": "Feature", "properties": { "hex_id": 597778, "centroid_lon": -73.29993217901621, "centroid_lat": 46.305696814331419, "occurrences_today": 69, "datetimes_today": "2026-07-25 00:01:45, 2026-07-25 00:17:19, 2026-07-25 00:29:49, 2026-07-25 00:47:08, 2026-07-25 01:02:10, 2026-07-25 01:16:51, 2026-07-25 01:32:21, 2026-07-25 01:46:48, 2026-07-25 02:01:47, 2026-07-25 02:17:11, 2026-07-25 02:32:05, 2026-07-25 03:02:12, 2026-07-25 03:16:45, 2026-07-25 03:32:08, 2026-07-25 03:46:44, 2026-07-25 04:02:15, 2026-07-25 04:16:41, 2026-07-25 04:31:50, 2026-07-25 04:46:51, 2026-07-25 05:16:53, 2026-07-25 05:31:45, 2026-07-25 05:47:08, 2026-07-25 06:02:19, 2026-07-25 06:16:49, 2026-07-25 06:27:15, 2026-07-25 06:46:50, 2026-07-25 07:02:12, 2026-07-25 07:16:44, 2026-07-25 07:31:54, 2026-07-25 07:45:07, 2026-07-25 08:01:39, 2026-07-25 08:17:05, 2026-07-25 08:32:37, 2026-07-25 08:46:47, 2026-07-25 09:02:13, 2026-07-25 09:17:11, 2026-07-25 09:31:58, 2026-07-25 09:46:39, 2026-07-25 10:02:01, 2026-07-25 10:17:36, 2026-07-25 10:31:44, 2026-07-25 11:01:55, 2026-07-25 11:16:38, 2026-07-25 11:31:56, 2026-07-25 11:46:58, 2026-07-25 12:01:47, 2026-07-25 12:16:54, 2026-07-25 12:31:42, 2026-07-25 12:46:57, 2026-07-25 12:57:23, 2026-07-25 13:17:05, 2026-07-25 13:31:44, 2026-07-25 13:47:17, 2026-07-25 13:59:59, 2026-07-25 14:17:10, 2026-07-25 14:32:01, 2026-07-25 14:46:57, 2026-07-25 15:02:21, 2026-07-25 15:17:09, 2026-07-25 15:31:58, 2026-07-25 15:47:16, 2026-07-25 16:01:43, 2026-07-25 16:16:43, 2026-07-25 16:27:38, 2026-07-25 16:46:44, 2026-07-25 17:02:39, 2026-07-25 17:17:07, 2026-07-25 17:46:39, 2026-07-25 18:02:04", "cumulative_total": 166.0 }, "geometry": { "type": "Polygon", "coordinates": [ [ [ -73.300092984855098, 46.30050303024391 ], [ -73.306502538386326, 46.303196256463217 ], [ -73.306342323642468, 46.308390055332616 ], [ -73.299771328828257, 46.310890593247578 ], [ -73.293361228558638, 46.308196985265013 ], [ -73.293522669826416, 46.303003221197031 ], [ -73.300092984855098, 46.30050303024391 ] ] ] } },
{ "type": "Feature", "properties": { "hex_id": 727781, "centroid_lon": -71.947326769427278, "centroid_lat": 45.755310168063069, "occurrences_today": 11, "datetimes_today": "2026-07-25 12:01:47, 2026-07-25 12:16:54, 2026-07-25 12:31:42, 2026-07-25 12:46:57, 2026-07-25 12:57:23, 2026-07-25 13:17:05, 2026-07-25 13:31:44, 2026-07-25 13:47:17, 2026-07-25 13:59:59, 2026-07-25 14:17:10, 2026-07-25 14:32:01", "cumulative_total": 59.0 }, "geometry": { "type": "Polygon", "coordinates": [ [ [ -71.947609934737059, 45.75012097588553 ], [ -71.953887929283425, 45.752887063765677 ], [ -71.953605318575285, 45.758076283761895 ], [ -71.947043526638524, 45.760499354141018 ], [ -71.940765054982549, 45.757732879710332 ], [ -71.94104885234681, 45.752543721515629 ], [ -71.947609934737059, 45.75012097588553 ] ] ] } },
{ "type": "Feature", "properties": { "hex_id": 728391, "centroid_lon": -71.941332572083496, "centroid_lat": 45.747354557215836, "occurrences_today": 11, "datetimes_today": "2026-07-25 12:01:47, 2026-07-25 12:16:54, 2026-07-25 12:31:42, 2026-07-25 12:46:57, 2026-07-25 12:57:23, 2026-07-25 13:17:05, 2026-07-25 13:31:44, 2026-07-25 13:47:17, 2026-07-25 13:59:59, 2026-07-25 14:17:10, 2026-07-25 14:32:01", "cumulative_total": 71.0 }, "geometry": { "type": "Polygon", "coordinates": [ [ [ -71.941616214218783, 45.742165386811486 ], [ -71.947893022593988, 45.744931777608848 ], [ -71.947609934737059, 45.75012097588553 ], [ -71.94104885234681, 45.752543721515629 ], [ -71.934771567307735, 45.74977694422082 ], [ -71.935055841296631, 45.744587807857876 ], [ -71.941616214218783, 45.742165386811486 ] ] ] } },
{ "type": "Feature", "properties": { "hex_id": 503122, "centroid_lon": -74.311788930274957, "centroid_lat": 45.871983984881979, "occurrences_today": 14, "datetimes_today": "2026-07-25 17:46:39, 2026-07-25 18:02:04, 2026-07-25 18:16:44, 2026-07-25 18:27:33, 2026-07-25 18:47:11, 2026-07-25 19:02:48, 2026-07-25 19:16:47, 2026-07-25 19:32:40, 2026-07-25 19:46:57, 2026-07-25 20:01:44, 2026-07-25 20:16:47, 2026-07-25 20:32:27, 2026-07-25 20:47:08, 2026-07-25 21:02:08", "cumulative_total": 71.0 }, "geometry": { "type": "Polygon", "coordinates": [ [ [ -74.311853057406466, 45.866787889671869 ], [ -74.318262648331952, 45.869424552005412 ], [ -74.318199112629586, 45.874620651768232 ], [ -74.311724785548066, 45.877180075276293 ], [ -74.305314620791819, 45.874543046427263 ], [ -74.30537935694187, 45.869346960651093 ], [ -74.311853057406466, 45.866787889671869 ] ] ] } },
{ "type": "Feature", "properties": { "hex_id": 503732, "centroid_lon": -74.305444075334904, "centroid_lat": 45.864150870057827, "occurrences_today": 14, "datetimes_today": "2026-07-25 17:46:39, 2026-07-25 18:02:04, 2026-07-25 18:16:44, 2026-07-25 18:27:33, 2026-07-25 18:47:11, 2026-07-25 19:02:48, 2026-07-25 19:16:47, 2026-07-25 19:32:40, 2026-07-25 19:46:57, 2026-07-25 20:01:44, 2026-07-25 20:16:47, 2026-07-25 20:32:27, 2026-07-25 20:47:08, 2026-07-25 21:02:08", "cumulative_total": 116.0 }, "geometry": { "type": "Polygon", "coordinates": [ [ [ -74.305508775976975, 45.858954774647437 ], [ -74.311917166948561, 45.861591789645949 ], [ -74.311853057406466, 45.866787889671869 ], [ -74.30537935694187, 45.869346960651093 ], [ -74.298970392624312, 45.866709579174668 ], [ -74.299035702111311, 45.861513493262365 ], [ -74.305508775976975, 45.858954774647437 ] ] ] } },
{ "type": "Feature", "properties": { "hex_id": 503733, "centroid_lon": -74.305249866878739, "centroid_lat": 45.879739127386323, "occurrences_today": 3, "datetimes_today": "2026-07-25 20:32:27, 2026-07-25 20:47:08, 2026-07-25 21:02:08", "cumulative_total": 60.0 }, "geometry": { "type": "Polygon", "coordinates": [ [ [ -74.305314620791819, 45.874543046427263 ], [ -74.311724785548066, 45.877180075276293 ], [ -74.311660623219836, 45.882376160854804 ], [ -74.305185095196606, 45.884935203528308 ], [ -74.298774356627575, 45.882297808001105 ], [ -74.29883971988852, 45.877101736544034 ], [ -74.305314620791819, 45.874543046427263 ] ] ] } },
{ "type": "Feature", "properties": { "hex_id": 504343, "centroid_lon": -74.298905065218747, "centroid_lat": 45.871905660268567, "occurrences_today": 14, "datetimes_today": "2026-07-25 17:46:39, 2026-07-25 18:02:04, 2026-07-25 18:16:44, 2026-07-25 18:27:33, 2026-07-25 18:47:11, 2026-07-25 19:02:48, 2026-07-25 19:16:47, 2026-07-25 19:32:40, 2026-07-25 19:46:57, 2026-07-25 20:01:44, 2026-07-25 20:16:47, 2026-07-25 20:32:27, 2026-07-25 20:47:08, 2026-07-25 21:02:08", "cumulative_total": 71.0 }, "geometry": { "type": "Polygon", "coordinates": [ [ [ -74.298970392624312, 45.866709579174668 ], [ -74.30537935694187, 45.869346960651093 ], [ -74.305314620791819, 45.874543046427263 ], [ -74.29883971988852, 45.877101736544034 ], [ -74.292430182243137, 45.874463988427117 ], [ -74.292496118822811, 45.869267916899361 ], [ -74.298970392624312, 45.866709579174668 ] ] ] } },
{ "type": "Feature", "properties": { "hex_id": 504953, "centroid_lon": -74.292562037316259, "centroid_lat": 45.864071840551873, "occurrences_today": 14, "datetimes_today": "2026-07-25 17:46:39, 2026-07-25 18:02:04, 2026-07-25 18:16:44, 2026-07-25 18:27:33, 2026-07-25 18:47:11, 2026-07-25 19:02:48, 2026-07-25 19:16:47, 2026-07-25 19:32:40, 2026-07-25 19:46:57, 2026-07-25 20:01:44, 2026-07-25 20:16:47, 2026-07-25 20:32:27, 2026-07-25 20:47:08, 2026-07-25 21:02:08", "cumulative_total": 116.0 }, "geometry": { "type": "Polygon", "coordinates": [ [ [ -74.29262793772962, 45.858875759384624 ], [ -74.299035702111311, 45.861513493262365 ], [ -74.298970392624312, 45.866709579174668 ], [ -74.292496118822811, 45.869267916899361 ], [ -74.286087781597899, 45.866629816418801 ], [ -74.286154291011584, 45.861433744881801 ], [ -74.29262793772962, 45.858875759384624 ] ] ] } },
{ "type": "Feature", "properties": { "hex_id": 504954, "centroid_lon": -74.292364227571127, "centroid_lat": 45.87966005513514, "occurrences_today": 3, "datetimes_today": "2026-07-25 20:32:27, 2026-07-25 20:47:08, 2026-07-25 21:02:08", "cumulative_total": 69.0 }, "geometry": { "type": "Polygon", "coordinates": [ [ [ -74.292430182243137, 45.874463988427117 ], [ -74.29883971988852, 45.877101736544034 ], [ -74.298774356627575, 45.882297808001105 ], [ -74.292298254800627, 45.884856117023439 ], [ -74.285888143845725, 45.882218002103372 ], [ -74.285954708021151, 45.87702194502959 ], [ -74.292430182243137, 45.874463988427117 ] ] ] } },
{ "type": "Feature", "properties": { "hex_id": 505564, "centroid_lon": -74.286021253936482, "centroid_lat": 45.871825883134733, "occurrences_today": 14, "datetimes_today": "2026-07-25 17:46:39, 2026-07-25 18:02:04, 2026-07-25 18:16:44, 2026-07-25 18:27:33, 2026-07-25 18:47:11, 2026-07-25 19:02:48, 2026-07-25 19:16:47, 2026-07-25 19:32:40, 2026-07-25 19:46:57, 2026-07-25 20:01:44, 2026-07-25 20:16:47, 2026-07-25 20:32:27, 2026-07-25 20:47:08, 2026-07-25 21:02:08", "cumulative_total": 116.0 }, "geometry": { "type": "Polygon", "coordinates": [ [ [ -74.286087781597899, 45.866629816418801 ], [ -74.292496118822811, 45.869267916899361 ], [ -74.292430182243137, 45.874463988427117 ], [ -74.285954708021151, 45.87702194502959 ], [ -74.279545797971494, 45.874383477783631 ], [ -74.279612934962387, 45.869187420766046 ], [ -74.286087781597899, 45.866629816418801 ] ] ] } },
{ "type": "Feature", "properties": { "hex_id": 506174, "centroid_lon": -74.279680053537859, "centroid_lat": 45.86399135892605, "occurrences_today": 14, "datetimes_today": "2026-07-25 17:46:39, 2026-07-25 18:02:04, 2026-07-25 18:16:44, 2026-07-25 18:27:33, 2026-07-25 18:47:11, 2026-07-25 19:02:48, 2026-07-25 19:16:47, 2026-07-25 19:32:40, 2026-07-25 19:46:57, 2026-07-25 20:01:44, 2026-07-25 20:16:47, 2026-07-25 20:32:27, 2026-07-25 20:47:08, 2026-07-25 21:02:08", "cumulative_total": 116.0 }, "geometry": { "type": "Polygon", "coordinates": [ [ [ -74.27974715370415, 45.858795292263615 ], [ -74.286154291011584, 45.861433744881801 ], [ -74.286087781597899, 45.866629816418801 ], [ -74.279612934962387, 45.869187420766046 ], [ -74.273205225314641, 45.866548601420227 ], [ -74.273272934636481, 45.861352544520223 ], [ -74.27974715370415, 45.858795292263615 ] ] ] } },
{ "type": "Feature", "properties": { "hex_id": 506785, "centroid_lon": -74.273137497415945, "centroid_lat": 45.871744653496449, "occurrences_today": 14, "datetimes_today": "2026-07-25 17:46:39, 2026-07-25 18:02:04, 2026-07-25 18:16:44, 2026-07-25 18:27:33, 2026-07-25 18:47:11, 2026-07-25 19:02:48, 2026-07-25 19:16:47, 2026-07-25 19:32:40, 2026-07-25 19:46:57, 2026-07-25 20:01:44, 2026-07-25 20:16:47, 2026-07-25 20:32:27, 2026-07-25 20:47:08, 2026-07-25 21:02:08", "cumulative_total": 116.0 }, "geometry": { "type": "Polygon", "coordinates": [ [ [ -74.273205225314641, 45.866548601420227 ], [ -74.279612934962387, 45.869187420766046 ], [ -74.279545797971494, 45.874383477783631 ], [ -74.27306975093407, 45.876940700748897 ], [ -74.266661468964827, 45.874301514512901 ], [ -74.266729806348209, 45.869105472267236 ], [ -74.273205225314641, 45.866548601420227 ] ] ] } },
{ "type": "Feature", "properties": { "hex_id": 507395, "centroid_lon": -74.266798124986991, "centroid_lat": 45.863909425196454, "occurrences_today": 14, "datetimes_today": "2026-07-25 17:46:39, 2026-07-25 18:02:04, 2026-07-25 18:16:44, 2026-07-25 18:27:33, 2026-07-25 18:47:11, 2026-07-25 19:02:48, 2026-07-25 19:16:47, 2026-07-25 19:32:40, 2026-07-25 19:46:57, 2026-07-25 20:01:44, 2026-07-25 20:16:47, 2026-07-25 20:32:27, 2026-07-25 20:47:08, 2026-07-25 21:02:08", "cumulative_total": 116.0 }, "geometry": { "type": "Polygon", "coordinates": [ [ [ -74.26686642488751, 45.858713373300482 ], [ -74.273272934636481, 45.861352544520223 ], [ -74.273205225314641, 45.866548601420227 ], [ -74.266729806348209, 45.869105472267236 ], [ -74.260322724761991, 45.866465934195176 ], [ -74.2603916339731, 45.861269892193867 ], [ -74.26686642488751, 45.858713373300482 ] ] ] } },
{ "type": "Feature", "properties": { "hex_id": 630702, "centroid_lon": -72.974089120241786, "centroid_lat": 45.63003892065646, "occurrences_today": 4, "datetimes_today": "2026-07-25 05:16:53, 2026-07-25 05:31:45, 2026-07-25 05:47:08, 2026-07-25 06:02:19", "cumulative_total": 96.0 }, "geometry": { "type": "Polygon", "coordinates": [ [ [ -72.97427627380587, 45.624845482159358 ], [ -72.980593046260154, 45.627555741694223 ], [ -72.980406458425335, 45.632749197972373 ], [ -72.973901915506957, 45.635232353812263 ], [ -72.967584628502777, 45.632521718290967 ], [ -72.967772398949634, 45.627328302980821 ], [ -72.97427627380587, 45.624845482159358 ] ] ] } },
{ "type": "Feature", "properties": { "hex_id": 559300, "centroid_lon": -73.7148845293557, "centroid_lat": 46.053900964510092, "occurrences_today": 33, "datetimes_today": "2026-07-25 07:31:54, 2026-07-25 07:45:07, 2026-07-25 08:01:39, 2026-07-25 08:17:05, 2026-07-25 08:32:37, 2026-07-25 08:46:47, 2026-07-25 09:02:13, 2026-07-25 09:17:11, 2026-07-25 09:31:58, 2026-07-25 09:46:39, 2026-07-25 10:02:01, 2026-07-25 10:17:36, 2026-07-25 10:31:44, 2026-07-25 11:01:55, 2026-07-25 11:16:38, 2026-07-25 11:31:56, 2026-07-25 11:46:58, 2026-07-25 12:01:47, 2026-07-25 12:16:54, 2026-07-25 12:31:42, 2026-07-25 12:46:57, 2026-07-25 12:57:23, 2026-07-25 13:17:05, 2026-07-25 13:31:44, 2026-07-25 13:47:17, 2026-07-25 13:59:59, 2026-07-25 14:17:10, 2026-07-25 14:32:01, 2026-07-25 14:46:57, 2026-07-25 15:02:21, 2026-07-25 15:17:09, 2026-07-25 15:31:58, 2026-07-25 15:47:16", "cumulative_total": 172.0 }, "geometry": { "type": "Polygon", "coordinates": [ [ [ -73.715005030476007, 46.048705968985082 ], [ -73.721406396921211, 46.051375945106663 ], [ -73.721286484828596, 46.05657095120268 ], [ -73.714763995102473, 46.059095955047212 ], [ -73.708362072768153, 46.056425604329114 ], [ -73.70848319603779, 46.051230624428776 ], [ -73.715005030476007, 46.048705968985082 ] ] ] } },
{ "type": "Feature", "properties": { "hex_id": 752884, "centroid_lon": -71.615240441239493, "centroid_lat": 46.876178636987518, "occurrences_today": 34, "datetimes_today": "2026-07-25 08:46:47, 2026-07-25 09:02:13, 2026-07-25 09:17:11, 2026-07-25 09:31:58, 2026-07-25 09:46:39, 2026-07-25 10:02:01, 2026-07-25 10:17:36, 2026-07-25 10:31:44, 2026-07-25 11:01:55, 2026-07-25 11:16:38, 2026-07-25 11:31:56, 2026-07-25 11:46:58, 2026-07-25 12:01:47, 2026-07-25 12:16:54, 2026-07-25 12:31:42, 2026-07-25 12:46:57, 2026-07-25 12:57:23, 2026-07-25 13:17:05, 2026-07-25 13:31:44, 2026-07-25 13:47:17, 2026-07-25 13:59:59, 2026-07-25 14:17:10, 2026-07-25 14:32:01, 2026-07-25 14:46:57, 2026-07-25 15:02:21, 2026-07-25 15:17:09, 2026-07-25 15:31:58, 2026-07-25 15:47:16, 2026-07-25 16:01:43, 2026-07-25 16:16:43, 2026-07-25 16:27:38, 2026-07-25 16:46:44, 2026-07-25 17:02:39, 2026-07-25 17:17:07", "cumulative_total": 97.0 }, "geometry": { "type": "Polygon", "coordinates": [ [ [ -71.615566895457548, 46.870992158688964 ], [ -71.62195352682383, 46.873779088976221 ], [ -71.621627656216901, 46.878965598951204 ], [ -71.614913896425463, 46.88136510881953 ], [ -71.608526772059747, 46.878577774259547 ], [ -71.608853900453425, 46.873391334171004 ], [ -71.615566895457548, 46.870992158688964 ] ] ] } },
{ "type": "Feature", "properties": { "hex_id": 753494, "centroid_lon": -71.609180938093274, "centroid_lat": 46.868204887609551, "occurrences_today": 34, "datetimes_today": "2026-07-25 08:46:47, 2026-07-25 09:02:13, 2026-07-25 09:17:11, 2026-07-25 09:31:58, 2026-07-25 09:46:39, 2026-07-25 10:02:01, 2026-07-25 10:17:36, 2026-07-25 10:31:44, 2026-07-25 11:01:55, 2026-07-25 11:16:38, 2026-07-25 11:31:56, 2026-07-25 11:46:58, 2026-07-25 12:01:47, 2026-07-25 12:16:54, 2026-07-25 12:31:42, 2026-07-25 12:46:57, 2026-07-25 12:57:23, 2026-07-25 13:17:05, 2026-07-25 13:31:44, 2026-07-25 13:47:17, 2026-07-25 13:59:59, 2026-07-25 14:17:10, 2026-07-25 14:32:01, 2026-07-25 14:46:57, 2026-07-25 15:02:21, 2026-07-25 15:17:09, 2026-07-25 15:31:58, 2026-07-25 15:47:16, 2026-07-25 16:01:43, 2026-07-25 16:16:43, 2026-07-25 16:27:38, 2026-07-25 16:46:44, 2026-07-25 17:02:39, 2026-07-25 17:17:07", "cumulative_total": 159.0 }, "geometry": { "type": "Polygon", "coordinates": [ [ [ -71.609507885010743, 46.863018434575793 ], [ -71.615893259111076, 46.865805673924491 ], [ -71.615566895457548, 46.870992158688964 ], [ -71.608853900453425, 46.873391334171004 ], [ -71.602468033827265, 46.870603690607481 ], [ -71.602795654699548, 46.865417275843768 ], [ -71.609507885010743, 46.863018434575793 ] ] ] } },
{ "type": "Feature", "properties": { "hex_id": 631962, "centroid_lon": -72.938872498857691, "centroid_lat": 46.237401263834016, "occurrences_today": 11, "datetimes_today": "2026-07-25 00:01:45, 2026-07-25 00:17:19, 2026-07-25 00:29:49, 2026-07-25 00:47:08, 2026-07-25 01:02:10, 2026-07-25 01:16:51, 2026-07-25 01:32:21, 2026-07-25 01:46:48, 2026-07-25 02:01:47, 2026-07-25 02:17:11, 2026-07-25 02:32:05", "cumulative_total": 89.0 }, "geometry": { "type": "Polygon", "coordinates": [ [ [ -72.939066979356241, 46.232208493558844 ], [ -72.945450301817687, 46.234921571855978 ], [ -72.945256405076449, 46.240114360477101 ], [ -72.93867796478105, 46.242594028737813 ], [ -72.932294112149506, 46.239880566259728 ], [ -72.932489229965142, 46.234687819767913 ], [ -72.939066979356241, 46.232208493558844 ] ] ] } },
{ "type": "Feature", "properties": { "hex_id": 826147, "centroid_lon": -70.826131204935621, "centroid_lat": 46.896856079941756, "occurrences_today": 13, "datetimes_today": "2026-07-25 07:16:44, 2026-07-25 07:31:54, 2026-07-25 07:45:07, 2026-07-25 08:01:39, 2026-07-25 08:17:05, 2026-07-25 08:32:37, 2026-07-25 08:46:47, 2026-07-25 09:02:13, 2026-07-25 09:17:11, 2026-07-25 09:31:58, 2026-07-25 09:46:39, 2026-07-25 10:02:01, 2026-07-25 10:17:36", "cumulative_total": 129.0 }, "geometry": { "type": "Polygon", "coordinates": [ [ [ -70.82653393675298, 46.891674343370816 ], [ -70.832878990567451, 46.894504110899092 ], [ -70.832476830215114, 46.899685886807212 ], [ -70.82572836142468, 46.902037809146002 ], [ -70.819382847858137, 46.899207630636838 ], [ -70.819786262795375, 46.894025940836386 ], [ -70.82653393675298, 46.891674343370816 ] ] ] } },
{ "type": "Feature", "properties": { "hex_id": 773029, "centroid_lon": -71.40068561087044, "centroid_lat": 46.846242573920591, "occurrences_today": 22, "datetimes_today": "2026-07-25 11:01:55, 2026-07-25 11:16:38, 2026-07-25 11:31:56, 2026-07-25 11:46:58, 2026-07-25 12:01:47, 2026-07-25 12:16:54, 2026-07-25 12:31:42, 2026-07-25 12:46:57, 2026-07-25 12:57:23, 2026-07-25 13:17:05, 2026-07-25 13:31:44, 2026-07-25 13:47:17, 2026-07-25 13:59:59, 2026-07-25 14:17:10, 2026-07-25 14:32:01, 2026-07-25 14:46:57, 2026-07-25 15:02:21, 2026-07-25 15:17:09, 2026-07-25 15:31:58, 2026-07-25 15:47:16, 2026-07-25 16:01:43, 2026-07-25 16:16:43", "cumulative_total": 59.0 }, "geometry": { "type": "Polygon", "coordinates": [ [ [ -71.40103236956692, 46.84105725508288 ], [ -71.407403714504682, 46.843855780150655 ], [ -71.407057535051322, 46.849041132736183 ], [ -71.400338756004103, 46.851427886067661 ], [ -71.393966928009789, 46.848628955351849 ], [ -71.394314362085893, 46.843443677019437 ], [ -71.40103236956692, 46.84105725508288 ] ] ] } },
{ "type": "Feature", "properties": { "hex_id": 716789, "centroid_lon": -72.065342769735423, "centroid_lat": 45.711634305130922, "occurrences_today": 5, "datetimes_today": "2026-07-25 12:01:47, 2026-07-25 12:16:54, 2026-07-25 12:31:42, 2026-07-25 12:46:57, 2026-07-25 12:57:23", "cumulative_total": 58.0 }, "geometry": { "type": "Polygon", "coordinates": [ [ [ -72.065614583488767, 45.706444513290371 ], [ -72.071893942593704, 45.709204148995582 ], [ -72.071622683901921, 45.714393967493763 ], [ -72.065070881640992, 45.716824090975983 ], [ -72.05879104182813, 45.714064070286291 ], [ -72.059063484959083, 45.708874311163335 ], [ -72.065614583488767, 45.706444513290371 ] ] ] } },
{ "type": "Feature", "properties": { "hex_id": 716790, "centroid_lon": -72.064526882328551, "centroid_lat": 45.727203644677964, "occurrences_today": 5, "datetimes_today": "2026-07-25 12:01:47, 2026-07-25 12:16:54, 2026-07-25 12:31:42, 2026-07-25 12:46:57, 2026-07-25 12:57:23", "cumulative_total": 58.0 }, "geometry": { "type": "Polygon", "coordinates": [ [ [ -72.064798919180376, 45.722013870825151 ], [ -72.071079943916686, 45.724773586518921 ], [ -72.070808462573197, 45.729963387045053 ], [ -72.064254771060433, 45.732393412534009 ], [ -72.057973265244613, 45.729633311646552 ], [ -72.058245931996012, 45.724443570528344 ], [ -72.064798919180376, 45.722013870825151 ] ] ] } },
{ "type": "Feature", "properties": { "hex_id": 717400, "centroid_lon": -72.058518524182134, "centroid_lat": 45.719253823408096, "occurrences_today": 5, "datetimes_today": "2026-07-25 12:01:47, 2026-07-25 12:16:54, 2026-07-25 12:31:42, 2026-07-25 12:46:57, 2026-07-25 12:57:23", "cumulative_total": 58.0 }, "geometry": { "type": "Polygon", "coordinates": [ [ [ -72.05879104182813, 45.714064070286291 ], [ -72.065070881640992, 45.716824090975983 ], [ -72.064798919180376, 45.722013870825151 ], [ -72.058245931996012, 45.724443570528344 ], [ -72.051965611550457, 45.721683164697275 ], [ -72.052238758896863, 45.716493444368872 ], [ -72.05879104182813, 45.714064070286291 ] ] ] } },
{ "type": "Feature", "properties": { "hex_id": 717401, "centroid_lon": -72.057700523902838, "centroid_lat": 45.734823046762337, "occurrences_today": 5, "datetimes_today": "2026-07-25 12:01:47, 2026-07-25 12:16:54, 2026-07-25 12:31:42, 2026-07-25 12:46:57, 2026-07-25 12:57:23", "cumulative_total": 58.0 }, "geometry": { "type": "Polygon", "coordinates": [ [ [ -72.057973265244613, 45.729633311646552 ], [ -72.064254771060433, 45.732393412534009 ], [ -72.063982585350942, 45.737583174392839 ], [ -72.057427707945536, 45.740012775875229 ], [ -72.051145721125522, 45.737252289637119 ], [ -72.051419092689969, 45.732062587331832 ], [ -72.057973265244613, 45.729633311646552 ] ] ] } },
{ "type": "Feature", "properties": { "hex_id": 718010, "centroid_lon": -72.05251183155427, "centroid_lat": 45.711303718033655, "occurrences_today": 5, "datetimes_today": "2026-07-25 12:01:47, 2026-07-25 12:16:54, 2026-07-25 12:31:42, 2026-07-25 12:46:57, 2026-07-25 12:57:23", "cumulative_total": 98.0 }, "geometry": { "type": "Polygon", "coordinates": [ [ [ -72.052784829547846, 45.706113985692035 ], [ -72.059063484959083, 45.708874311163335 ], [ -72.05879104182813, 45.714064070286291 ], [ -72.052238758896863, 45.716493444368872 ], [ -72.045959623299424, 45.713732733808534 ], [ -72.046233250794288, 45.708543034319135 ], [ -72.052784829547846, 45.706113985692035 ] ] ] } },
{ "type": "Feature", "properties": { "hex_id": 718011, "centroid_lon": -72.051692389489887, "centroid_lat": 45.726872879018401, "occurrences_today": 5, "datetimes_today": "2026-07-25 12:01:47, 2026-07-25 12:16:54, 2026-07-25 12:31:42, 2026-07-25 12:46:57, 2026-07-25 12:57:23", "cumulative_total": 58.0 }, "geometry": { "type": "Polygon", "coordinates": [ [ [ -72.051965611550457, 45.721683164697275 ], [ -72.058245931996012, 45.724443570528344 ], [ -72.057973265244613, 45.729633311646552 ], [ -72.051419092689969, 45.732062587331832 ], [ -72.045138291687167, 45.729301796202478 ], [ -72.045412143771088, 45.724112114750639 ], [ -72.051965611550457, 45.721683164697275 ] ] ] } },
{ "type": "Feature", "properties": { "hex_id": 718012, "centroid_lon": -72.050872274771351, "centroid_lat": 45.742441985933851, "occurrences_today": 5, "datetimes_today": "2026-07-25 12:01:47, 2026-07-25 12:16:54, 2026-07-25 12:31:42, 2026-07-25 12:46:57, 2026-07-25 12:57:23", "cumulative_total": 45.0 }, "geometry": { "type": "Polygon", "coordinates": [ [ [ -72.051145721125522, 45.737252289637119 ], [ -72.057427707945536, 45.740012775875229 ], [ -72.057154817347538, 45.745202498984803 ], [ -72.050598753602216, 45.74763167622158 ], [ -72.044316285853569, 45.744870804475838 ], [ -72.044590362753681, 45.739681141065525 ], [ -72.051145721125522, 45.737252289637119 ] ] ] } },
{ "type": "Feature", "properties": { "hex_id": 718621, "centroid_lon": -72.045685920966747, "centroid_lat": 45.718922427285833, "occurrences_today": 5, "datetimes_today": "2026-07-25 12:01:47, 2026-07-25 12:16:54, 2026-07-25 12:31:42, 2026-07-25 12:46:57, 2026-07-25 12:57:23", "cumulative_total": 58.0 }, "geometry": { "type": "Polygon", "coordinates": [ [ [ -72.045959623299424, 45.713732733808534 ], [ -72.052238758896863, 45.716493444368872 ], [ -72.051965611550457, 45.721683164697275 ], [ -72.045412143771088, 45.724112114750639 ], [ -72.039132528063007, 45.721351018944404 ], [ -72.039406860219714, 45.716161358395169 ], [ -72.045959623299424, 45.713732733808534 ] ] ] } },
{ "type": "Feature", "properties": { "hex_id": 718622, "centroid_lon": -72.044864364689786, "centroid_lat": 45.734491471640922, "occurrences_today": 5, "datetimes_today": "2026-07-25 12:01:47, 2026-07-25 12:16:54, 2026-07-25 12:31:42, 2026-07-25 12:46:57, 2026-07-25 12:57:23", "cumulative_total": 45.0 }, "geometry": { "type": "Polygon", "coordinates": [ [ [ -72.045138291687167, 45.729301796202478 ], [ -72.051419092689969, 45.732062587331832 ], [ -72.051145721125522, 45.737252289637119 ], [ -72.044590362753681, 45.739681141065525 ], [ -72.03830908126929, 45.736919964480926 ], [ -72.03858363861309, 45.731730321987726 ], [ -72.045138291687167, 45.729301796202478 ] ] ] } },
{ "type": "Feature", "properties": { "hex_id": 719231, "centroid_lon": -72.039681117364623, "centroid_lat": 45.710971691828156, "occurrences_today": 5, "datetimes_today": "2026-07-25 12:01:47, 2026-07-25 12:16:54, 2026-07-25 12:31:42, 2026-07-25 12:46:57, 2026-07-25 12:57:23", "cumulative_total": 98.0 }, "geometry": { "type": "Polygon", "coordinates": [ [ [ -72.039955299523015, 45.705782019243777 ], [ -72.046233250794288, 45.708543034319135 ], [ -72.045959623299424, 45.713732733808534 ], [ -72.039406860219714, 45.716161358395169 ], [ -72.033128429284091, 45.713399958126324 ], [ -72.033403241067248, 45.708210318528799 ], [ -72.039955299523015, 45.705782019243777 ] ] ] } },
{ "type": "Feature", "properties": { "hex_id": 719232, "centroid_lon": -72.038858120869222, "centroid_lat": 45.726540673475391, "occurrences_today": 5, "datetimes_today": "2026-07-25 12:01:47, 2026-07-25 12:16:54, 2026-07-25 12:31:42, 2026-07-25 12:46:57, 2026-07-25 12:57:23", "cumulative_total": 58.0 }, "geometry": { "type": "Polygon", "coordinates": [ [ [ -72.039132528063007, 45.721351018944404 ], [ -72.045412143771088, 45.724112114750639 ], [ -72.045138291687167, 45.729301796202478 ], [ -72.03858363861309, 45.731730321987726 ], [ -72.032303542870153, 45.728968840778698 ], [ -72.032578580210853, 45.723779219251703 ], [ -72.039132528063007, 45.721351018944404 ] ] ] } },
{ "type": "Feature", "properties": { "hex_id": 719233, "centroid_lon": -72.038034448812539, "centroid_lat": 45.742109600954599, "occurrences_today": 5, "datetimes_today": "2026-07-25 12:01:47, 2026-07-25 12:16:54, 2026-07-25 12:31:42, 2026-07-25 12:46:57, 2026-07-25 12:57:23", "cumulative_total": 45.0 }, "geometry": { "type": "Polygon", "coordinates": [ [ [ -72.03830908126929, 45.736919964480926 ], [ -72.044590362753681, 45.739681141065525 ], [ -72.044316285853569, 45.744870804475838 ], [ -72.037759741217485, 45.747299231408284 ], [ -72.031477979327391, 45.744537669211525 ], [ -72.031753242453775, 45.739348065759046 ], [ -72.03830908126929, 45.736919964480926 ] ] ] } },
{ "type": "Feature", "properties": { "hex_id": 719842, "centroid_lon": -72.032853542340391, "centroid_lat": 45.71858959170077, "occurrences_today": 5, "datetimes_today": "2026-07-25 12:01:47, 2026-07-25 12:16:54, 2026-07-25 12:31:42, 2026-07-25 12:46:57, 2026-07-25 12:57:23", "cumulative_total": 58.0 }, "geometry": { "type": "Polygon", "coordinates": [ [ [ -72.033128429284091, 45.713399958126324 ], [ -72.039406860219714, 45.716161358395169 ], [ -72.039132528063007, 45.721351018944404 ], [ -72.032578580210853, 45.723779219251703 ], [ -72.02629966968675, 45.721017433632547 ], [ -72.026575186577944, 45.715827833120855 ], [ -72.033128429284091, 45.713399958126324 ] ] ] } },
{ "type": "Feature", "properties": { "hex_id": 719843, "centroid_lon": -72.032028430292897, "centroid_lat": 45.734158456281293, "occurrences_today": 5, "datetimes_today": "2026-07-25 12:01:47, 2026-07-25 12:16:54, 2026-07-25 12:31:42, 2026-07-25 12:46:57, 2026-07-25 12:57:23", "cumulative_total": 45.0 }, "geometry": { "type": "Polygon", "coordinates": [ [ [ -72.032303542870153, 45.728968840778698 ], [ -72.03858363861309, 45.731730321987726 ], [ -72.03830908126929, 45.736919964480926 ], [ -72.031753242453775, 45.739348065759046 ], [ -72.025472666751952, 45.736586198990331 ], [ -72.025748409799164, 45.731396616567729 ], [ -72.032303542870153, 45.728968840778698 ] ] ] } },
{ "type": "Feature", "properties": { "hex_id": 719844, "centroid_lon": -72.031202640888381, "centroid_lat": 45.749727266638281, "occurrences_today": 5, "datetimes_today": "2026-07-25 12:01:47, 2026-07-25 12:16:54, 2026-07-25 12:31:42, 2026-07-25 12:46:57, 2026-07-25 12:57:23", "cumulative_total": 45.0 }, "geometry": { "type": "Polygon", "coordinates": [ [ [ -72.031477979327391, 45.744537669211525 ], [ -72.037759741217485, 45.747299231408284 ], [ -72.037484958458819, 45.752488855841527 ], [ -72.03092722711132, 45.754916858038882 ], [ -72.024644984891609, 45.752154910072939 ], [ -72.024920954323619, 45.746965345743384 ], [ -72.031477979327391, 45.744537669211525 ] ] ] } },
{ "type": "Feature", "properties": { "hex_id": 720452, "centroid_lon": -72.026850628134568, "centroid_lat": 45.710638226580379, "occurrences_today": 5, "datetimes_today": "2026-07-25 12:01:47, 2026-07-25 12:16:54, 2026-07-25 12:31:42, 2026-07-25 12:46:57, 2026-07-25 12:57:23", "cumulative_total": 58.0 }, "geometry": { "type": "Polygon", "coordinates": [ [ [ -72.027125994382018, 45.705448614011537 ], [ -72.033403241067248, 45.708210318528799 ], [ -72.033128429284091, 45.713399958126324 ], [ -72.026575186577944, 45.715827833120855 ], [ -72.020297460750299, 45.713065743305776 ], [ -72.020573456745851, 45.70787616385843 ], [ -72.027125994382018, 45.705448614011537 ] ] ] } },
{ "type": "Feature", "properties": { "hex_id": 720453, "centroid_lon": -72.026024077435622, "centroid_lat": 45.726207028114978, "occurrences_today": 5, "datetimes_today": "2026-07-25 12:01:47, 2026-07-25 12:16:54, 2026-07-25 12:31:42, 2026-07-25 12:46:57, 2026-07-25 12:57:23", "cumulative_total": 45.0 }, "geometry": { "type": "Polygon", "coordinates": [ [ [ -72.02629966968675, 45.721017433632547 ], [ -72.032578580210853, 45.723779219251703 ], [ -72.032303542870153, 45.728968840778698 ], [ -72.025748409799164, 45.731396616567729 ], [ -72.019469019762681, 45.728634445441408 ], [ -72.019745242284159, 45.723444884097709 ], [ -72.02629966968675, 45.721017433632547 ] ] ] } },
{ "type": "Feature", "properties": { "hex_id": 720454, "centroid_lon": -72.025196848268578, "centroid_lat": 45.741775775382379, "occurrences_today": 5, "datetimes_today": "2026-07-25 12:01:47, 2026-07-25 12:16:54, 2026-07-25 12:31:42, 2026-07-25 12:46:57, 2026-07-25 12:57:23", "cumulative_total": 45.0 }, "geometry": { "type": "Polygon", "coordinates": [ [ [ -72.025472666751952, 45.736586198990331 ], [ -72.031753242453775, 45.739348065759046 ], [ -72.031477979327391, 45.744537669211525 ], [ -72.024920954323619, 45.746965345743384 ], [ -72.01863989873911, 45.744203093258086 ], [ -72.018916348015622, 45.739013550022044 ], [ -72.025472666751952, 45.736586198990331 ] ] ] } },
{ "type": "Feature", "properties": { "hex_id": 720455, "centroid_lon": -72.024368939947124, "centroid_lat": 45.75734446837059, "occurrences_today": 5, "datetimes_today": "2026-07-25 12:01:47, 2026-07-25 12:16:54, 2026-07-25 12:31:42, 2026-07-25 12:46:57, 2026-07-25 12:57:23", "cumulative_total": 45.0 }, "geometry": { "type": "Polygon", "coordinates": [ [ [ -72.024644984891609, 45.752154910072939 ], [ -72.03092722711132, 45.754916858038882 ], [ -72.030651737970842, 45.760106443412866 ], [ -72.024092819464684, 45.762534020635876 ], [ -72.017810096991667, 45.759771686743768 ], [ -72.018086773252634, 45.75458216161941 ], [ -72.024644984891609, 45.752154910072939 ] ] ] } },
{ "type": "Feature", "properties": { "hex_id": 721063, "centroid_lon": -72.020021389271548, "centroid_lat": 45.718255316719002, "occurrences_today": 5, "datetimes_today": "2026-07-25 12:01:47, 2026-07-25 12:16:54, 2026-07-25 12:31:42, 2026-07-25 12:46:57, 2026-07-25 12:57:23", "cumulative_total": 45.0 }, "geometry": { "type": "Polygon", "coordinates": [ [ [ -72.020297460750299, 45.713065743305776 ], [ -72.026575186577944, 45.715827833120855 ], [ -72.02629966968675, 45.721017433632547 ], [ -72.019745242284159, 45.723444884097709 ], [ -72.013467037390313, 45.720682408828011 ], [ -72.013743738939837, 45.715492868612216 ], [ -72.020297460750299, 45.713065743305776 ] ] ] } },
{ "type": "Feature", "properties": { "hex_id": 721064, "centroid_lon": -72.019192721681662, "centroid_lat": 45.733824000749678, "occurrences_today": 5, "datetimes_today": "2026-07-25 12:01:47, 2026-07-25 12:16:54, 2026-07-25 12:31:42, 2026-07-25 12:46:57, 2026-07-25 12:57:23", "cumulative_total": 45.0 }, "geometry": { "type": "Polygon", "coordinates": [ [ [ -72.019469019762681, 45.728634445441408 ], [ -72.025748409799164, 45.731396616567729 ], [ -72.025472666751952, 45.736586198990331 ], [ -72.018916348015622, 45.739013550022044 ], [ -72.012636478543072, 45.736250993231693 ], [ -72.012913407217454, 45.731061471138183 ], [ -72.019469019762681, 45.728634445441408 ] ] ] } },
{ "type": "Feature", "properties": { "hex_id": 721065, "centroid_lon": -72.018363373826617, "centroid_lat": 45.749392630457351, "occurrences_today": 5, "datetimes_today": "2026-07-25 12:01:47, 2026-07-25 12:16:54, 2026-07-25 12:31:42, 2026-07-25 12:46:57, 2026-07-25 12:57:23", "cumulative_total": 45.0 }, "geometry": { "type": "Polygon", "coordinates": [ [ [ -72.01863989873911, 45.744203093258086 ], [ -72.024920954323619, 45.746965345743384 ], [ -72.024644984891609, 45.752154910072939 ], [ -72.018086773252634, 45.75458216161941 ], [ -72.011805237861878, 45.751819523260544 ], [ -72.012082393890836, 45.74663001929332 ], [ -72.01863989873911, 45.744203093258086 ] ] ] } },
{ "type": "Feature", "properties": { "hex_id": 721066, "centroid_lon": -72.01753334501818, "centroid_lat": 45.764961205830033, "occurrences_today": 5, "datetimes_today": "2026-07-25 12:01:47, 2026-07-25 12:16:54, 2026-07-25 12:31:42, 2026-07-25 12:46:57, 2026-07-25 12:57:23", "cumulative_total": 45.0 }, "geometry": { "type": "Polygon", "coordinates": [ [ [ -72.017810096991667, 45.759771686743768 ], [ -72.024092819464684, 45.762534020635876 ], [ -72.02381662341881, 45.767723566868384 ], [ -72.01725651730662, 45.770150718877737 ], [ -72.010973314656823, 45.767387998902429 ], [ -72.011250698270459, 45.762198513065535 ], [ -72.017810096991667, 45.759771686743768 ] ] ] } },
{ "type": "Feature", "properties": { "hex_id": 721673, "centroid_lon": -72.014020364832064, "centroid_lat": 45.710303322356587, "occurrences_today": 5, "datetimes_today": "2026-07-25 12:01:47, 2026-07-25 12:16:54, 2026-07-25 12:31:42, 2026-07-25 12:46:57, 2026-07-25 12:57:23", "cumulative_total": 45.0 }, "geometry": { "type": "Polygon", "coordinates": [ [ [ -72.014296915092487, 45.705113770061537 ], [ -72.020573456745851, 45.70787616385843 ], [ -72.020297460750299, 45.713065743305776 ], [ -72.013743738939837, 45.715492868612216 ], [ -72.007466718666137, 45.712730089413277 ], [ -72.007743898797798, 45.707540570374398 ], [ -72.014296915092487, 45.705113770061537 ] ] ] } },
{ "type": "Feature", "properties": { "hex_id": 721674, "centroid_lon": -72.013190260158012, "centroid_lat": 45.725871943003469, "occurrences_today": 5, "datetimes_today": "2026-07-25 12:01:47, 2026-07-25 12:16:54, 2026-07-25 12:31:42, 2026-07-25 12:46:57, 2026-07-25 12:57:23", "cumulative_total": 45.0 }, "geometry": { "type": "Polygon", "coordinates": [ [ [ -72.013467037390313, 45.720682408828011 ], [ -72.019745242284159, 45.723444884097709 ], [ -72.019469019762681, 45.728634445441408 ], [ -72.012913407217454, 45.731061471138183 ], [ -72.006634723333818, 45.728298610257063 ], [ -72.006912130959691, 45.723109109355065 ], [ -72.013467037390313, 45.720682408828011 ] ] ] } },
{ "type": "Feature", "properties": { "hex_id": 721675, "centroid_lon": -72.012359474109388, "centroid_lat": 45.741440509283557, "occurrences_today": 5, "datetimes_today": "2026-07-25 12:01:47, 2026-07-25 12:16:54, 2026-07-25 12:31:42, 2026-07-25 12:46:57, 2026-07-25 12:57:23", "cumulative_total": 45.0 }, "geometry": { "type": "Polygon", "coordinates": [ [ [ -72.012636478543072, 45.736250993231693 ], [ -72.018916348015622, 45.739013550022044 ], [ -72.01863989873911, 45.744203093258086 ], [ -72.012082393890836, 45.74663001929332 ], [ -72.005802045058743, 45.743867076682065 ], [ -72.006079680408916, 45.738677593921011 ], [ -72.012636478543072, 45.736250993231693 ] ] ] } },
{ "type": "Feature", "properties": { "hex_id": 721676, "centroid_lon": -72.011528005996936, "centroid_lat": 45.757009021184757, "occurrences_today": 5, "datetimes_today": "2026-07-25 12:01:47, 2026-07-25 12:16:54, 2026-07-25 12:31:42, 2026-07-25 12:46:57, 2026-07-25 12:57:23", "cumulative_total": 45.0 }, "geometry": { "type": "Polygon", "coordinates": [ [ [ -72.011805237861878, 45.751819523260544 ], [ -72.018086773252634, 45.75458216161941 ], [ -72.017810096991667, 45.759771686743768 ], [ -72.011250698270459, 45.762198513065535 ], [ -72.004968683150054, 45.759435488676139 ], [ -72.005246546454927, 45.754246024060095 ], [ -72.011805237861878, 45.751819523260544 ] ] ] } },
{ "type": "Feature", "properties": { "hex_id": 721677, "centroid_lon": -72.010695855130464, "centroid_lat": 45.772577478694963, "occurrences_today": 5, "datetimes_today": "2026-07-25 12:01:47, 2026-07-25 12:16:54, 2026-07-25 12:31:42, 2026-07-25 12:46:57, 2026-07-25 12:57:23", "cumulative_total": 45.0 }, "geometry": { "type": "Polygon", "coordinates": [ [ [ -72.010973314656823, 45.767387998902429 ], [ -72.01725651730662, 45.770150718877737 ], [ -72.016979613831438, 45.775340225886431 ], [ -72.01041831966576, 45.777766952442725 ], [ -72.004134636915936, 45.775003846227136 ], [ -72.004412728406209, 45.769814399760122 ], [ -72.010973314656823, 45.767387998902429 ] ] ] } },
{ "type": "Feature", "properties": { "hex_id": 722284, "centroid_lon": -72.007189462728618, "centroid_lat": 45.71791960240698, "occurrences_today": 5, "datetimes_today": "2026-07-25 12:01:47, 2026-07-25 12:16:54, 2026-07-25 12:31:42, 2026-07-25 12:46:57, 2026-07-25 12:57:23", "cumulative_total": 45.0 }, "geometry": { "type": "Polygon", "coordinates": [ [ [ -72.007466718666137, 45.712730089413277 ], [ -72.013743738939837, 45.715492868612216 ], [ -72.013467037390313, 45.720682408828011 ], [ -72.006912130959691, 45.723109109355065 ], [ -72.000634632142209, 45.720345944597341 ], [ -72.00091251827358, 45.715156464935795 ], [ -72.007466718666137, 45.712730089413277 ] ] ] } },
{ "type": "Feature", "properties": { "hex_id": 722285, "centroid_lon": -72.006357239825419, "centroid_lat": 45.733488105112528, "occurrences_today": 5, "datetimes_today": "2026-07-25 12:01:47, 2026-07-25 12:16:54, 2026-07-25 12:31:42, 2026-07-25 12:46:57, 2026-07-25 12:57:23", "cumulative_total": 45.0 }, "geometry": { "type": "Polygon", "coordinates": [ [ [ -72.006634723333818, 45.728298610257063 ], [ -72.012913407217454, 45.731061471138183 ], [ -72.012636478543072, 45.736250993231693 ], [ -72.006079680408916, 45.738677593921011 ], [ -71.999800517612158, 45.735914347271638 ], [ -72.000078631837098, 45.73072488576571 ], [ -72.006634723333818, 45.728298610257063 ] ] ] } },
{ "type": "Feature", "properties": { "hex_id": 722286, "centroid_lon": -72.005524333749293, "centroid_lat": 45.749056553395235, "occurrences_today": 5, "datetimes_today": "2026-07-25 12:01:47, 2026-07-25 12:16:54, 2026-07-25 12:31:42, 2026-07-25 12:46:57, 2026-07-25 12:57:23", "cumulative_total": 45.0 }, "geometry": { "type": "Polygon", "coordinates": [ [ [ -72.005802045058743, 45.743867076682065 ], [ -72.012082393890836, 45.74663001929332 ], [ -72.011805237861878, 45.751819523260544 ], [ -72.005246546454927, 45.754246024060095 ], [ -71.998965718340031, 45.751482695471005 ], [ -71.999244060889282, 45.746293252124737 ], [ -72.005802045058743, 45.743867076682065 ] ] ] } },
{ "type": "Feature", "properties": { "hex_id": 722287, "centroid_lon": -72.004690743809036, "centroid_lat": 45.764624947242964, "occurrences_today": 5, "datetimes_today": "2026-07-25 12:01:47, 2026-07-25 12:16:54, 2026-07-25 12:31:42, 2026-07-25 12:46:57, 2026-07-25 12:57:23", "cumulative_total": 45.0 }, "geometry": { "type": "Polygon", "coordinates": [ [ [ -72.004968683150054, 45.759435488676139 ], [ -72.011250698270459, 45.762198513065535 ], [ -72.010973314656823, 45.767387998902429 ], [ -72.004412728406209, 45.769814399760122 ], [ -71.998130233633049, 45.767050989183197 ], [ -71.998408804737608, 45.761861564000675 ], [ -72.004968683150054, 45.759435488676139 ] ] ] } },
{ "type": "Feature", "properties": { "hex_id": 722894, "centroid_lon": -72.001190328424983, "centroid_lat": 45.709966979223296, "occurrences_today": 5, "datetimes_today": "2026-07-25 12:01:47, 2026-07-25 12:16:54, 2026-07-25 12:31:42, 2026-07-25 12:46:57, 2026-07-25 12:57:23", "cumulative_total": 45.0 }, "geometry": { "type": "Polygon", "coordinates": [ [ [ -72.001468062621981, 45.704777487460277 ], [ -72.007743898797798, 45.707540570374398 ], [ -72.007466718666137, 45.712730089413277 ], [ -72.00091251827358, 45.715156464935795 ], [ -71.994636203999576, 45.712392996515547 ], [ -71.994914568190765, 45.707203538143368 ], [ -72.001468062621981, 45.704777487460277 ] ] ] } },
{ "type": "Feature", "properties": { "hex_id": 722895, "centroid_lon": -72.000356670005232, "centroid_lat": 45.725535418207464, "occurrences_today": 5, "datetimes_today": "2026-07-25 12:01:47, 2026-07-25 12:16:54, 2026-07-25 12:31:42, 2026-07-25 12:46:57, 2026-07-25 12:57:23", "cumulative_total": 45.0 }, "geometry": { "type": "Polygon", "coordinates": [ [ [ -72.000634632142209, 45.720345944597341 ], [ -72.006912130959691, 45.723109109355065 ], [ -72.006634723333818, 45.728298610257063 ], [ -72.000078631837098, 45.73072488576571 ], [ -71.993800654552516, 45.72796133529242 ], [ -71.994079247206116, 45.722771895090517 ], [ -72.000634632142209, 45.720345944597341 ] ] ] } },
{ "type": "Feature", "properties": { "hex_id": 722896, "centroid_lon": -71.99952232730476, "centroid_lat": 45.741103802724801, "occurrences_today": 5, "datetimes_today": "2026-07-25 12:01:47, 2026-07-25 12:16:54, 2026-07-25 12:31:42, 2026-07-25 12:46:57, 2026-07-25 12:57:23", "cumulative_total": 45.0 }, "geometry": { "type": "Polygon", "coordinates": [ [ [ -71.999800517612158, 45.735914347271638 ], [ -72.006079680408916, 45.738677593921011 ], [ -72.005802045058743, 45.743867076682065 ], [ -71.999244060889282, 45.746293252124737 ], [ -71.992964419256211, 45.743529619550259 ], [ -71.993243240603263, 45.738340197522753 ], [ -71.999800517612158, 45.735914347271638 ] ] ] } },
{ "type": "Feature", "properties": { "hex_id": 722897, "centroid_lon": -71.998687299631385, "centroid_lat": 45.756672132763136, "occurrences_today": 5, "datetimes_today": "2026-07-25 12:01:47, 2026-07-25 12:16:54, 2026-07-25 12:31:42, 2026-07-25 12:46:57, 2026-07-25 12:57:23", "cumulative_total": 45.0 }, "geometry": { "type": "Polygon", "coordinates": [ [ [ -71.998965718340031, 45.751482695471005 ], [ -72.005246546454927, 45.754246024060095 ], [ -72.004968683150054, 45.759435488676139 ], [ -71.998408804737608, 45.761861564000675 ], [ -71.992127497416902, 45.759097849276827 ], [ -71.992406547688759, 45.753908445427776 ], [ -71.998965718340031, 45.751482695471005 ] ] ] } },
{ "type": "Feature", "properties": { "hex_id": 722898, "centroid_lon": -71.997851586291972, "centroid_lat": 45.772240408310218, "occurrences_today": 9, "datetimes_today": "2026-07-25 12:01:47, 2026-07-25 12:16:54, 2026-07-25 12:31:42, 2026-07-25 12:46:57, 2026-07-25 12:57:23, 2026-07-25 13:17:05, 2026-07-25 13:31:44, 2026-07-25 13:47:17, 2026-07-25 13:59:59", "cumulative_total": 64.0 }, "geometry": { "type": "Polygon", "coordinates": [ [ [ -71.998130233633049, 45.767050989183197 ], [ -72.004412728406209, 45.769814399760122 ], [ -72.004134636915936, 45.775003846227136 ], [ -71.997572862688671, 45.777429821381311 ], [ -71.991289888339793, 45.774666024459847 ], [ -71.991569167768176, 45.769476638793329 ], [ -71.998130233633049, 45.767050989183197 ] ] ] } },
{ "type": "Feature", "properties": { "hex_id": 723505, "centroid_lon": -71.994357763679915, "centroid_lat": 45.717582448831408, "occurrences_today": 5, "datetimes_today": "2026-07-25 12:01:47, 2026-07-25 12:16:54, 2026-07-25 12:31:42, 2026-07-25 12:46:57, 2026-07-25 12:57:23", "cumulative_total": 45.0 }, "geometry": { "type": "Polygon", "coordinates": [ [ [ -71.994636203999576, 45.712392996515547 ], [ -72.00091251827358, 45.715156464935795 ], [ -72.000634632142209, 45.720345944597341 ], [ -71.994079247206116, 45.722771895090517 ], [ -71.987802454910792, 45.720008041007411 ], [ -71.98808152554723, 45.714818622158425 ], [ -71.994636203999576, 45.712392996515547 ] ] ] } },
{ "type": "Feature", "properties": { "hex_id": 723506, "centroid_lon": -71.993521985693448, "centroid_lat": 45.733150769436648, "occurrences_today": 5, "datetimes_today": "2026-07-25 12:01:47, 2026-07-25 12:16:54, 2026-07-25 12:31:42, 2026-07-25 12:46:57, 2026-07-25 12:57:23", "cumulative_total": 45.0 }, "geometry": { "type": "Polygon", "coordinates": [ [ [ -71.993800654552516, 45.72796133529242 ], [ -72.000078631837098, 45.73072488576571 ], [ -71.999800517612158, 45.735914347271638 ], [ -71.993243240603263, 45.738340197522753 ], [ -71.986964784928546, 45.735576261177087 ], [ -71.987244084627179, 45.7303868605172 ], [ -71.993800654552516, 45.72796133529242 ] ] ] } },
{ "type": "Feature", "properties": { "hex_id": 723507, "centroid_lon": -71.992685521626626, "centroid_lat": 45.748719035518761, "occurrences_today": 5, "datetimes_today": "2026-07-25 12:01:47, 2026-07-25 12:16:54, 2026-07-25 12:31:42, 2026-07-25 12:46:57, 2026-07-25 12:57:23", "cumulative_total": 45.0 }, "geometry": { "type": "Polygon", "coordinates": [ [ [ -71.992964419256211, 45.743529619550259 ], [ -71.999244060889282, 45.746293252124737 ], [ -71.998965718340031, 45.751482695471005 ], [ -71.992406547688759, 45.753908445427776 ], [ -71.986126427296469, 45.751144426771312 ], [ -71.986405956288962, 45.745955044304608 ], [ -71.992964419256211, 45.743529619550259 ] ] ] } },
{ "type": "Feature", "properties": { "hex_id": 723508, "centroid_lon": -71.991848370785277, "centroid_lat": 45.764287247065504, "occurrences_today": 9, "datetimes_today": "2026-07-25 12:01:47, 2026-07-25 12:16:54, 2026-07-25 12:31:42, 2026-07-25 12:46:57, 2026-07-25 12:57:23, 2026-07-25 13:17:05, 2026-07-25 13:31:44, 2026-07-25 13:47:17, 2026-07-25 13:59:59", "cumulative_total": 64.0 }, "geometry": { "type": "Polygon", "coordinates": [ [ [ -71.992127497416902, 45.759097849276827 ], [ -71.998408804737608, 45.761861564000675 ], [ -71.998130233633049, 45.767050989183197 ], [ -71.991569167768176, 45.769476638793329 ], [ -71.985287381318784, 45.766712537777757 ], [ -71.985567139837173, 45.761523173508344 ], [ -71.992127497416902, 45.759097849276827 ] ] ] } },
{ "type": "Feature", "properties": { "hex_id": 724115, "centroid_lon": -71.988360519881041, "centroid_lat": 45.709629197247324, "occurrences_today": 5, "datetimes_today": "2026-07-25 12:01:47, 2026-07-25 12:16:54, 2026-07-25 12:31:42, 2026-07-25 12:46:57, 2026-07-25 12:57:23", "cumulative_total": 45.0 }, "geometry": { "type": "Polygon", "coordinates": [ [ [ -71.98863943793792, 45.704439766274568 ], [ -71.994914568190765, 45.707203538143368 ], [ -71.994636203999576, 45.712392996515547 ], [ -71.98808152554723, 45.714818622158425 ], [ -71.981805917718475, 45.712054464679511 ], [ -71.982085465892283, 45.706865067232279 ], [ -71.98863943793792, 45.704439766274568 ] ] ] } },
{ "type": "Feature", "properties": { "hex_id": 724116, "centroid_lon": -71.98752330794602, "centroid_lat": 45.725197453793818, "occurrences_today": 5, "datetimes_today": "2026-07-25 12:01:47, 2026-07-25 12:16:54, 2026-07-25 12:31:42, 2026-07-25 12:46:57, 2026-07-25 12:57:23", "cumulative_total": 45.0 }, "geometry": { "type": "Polygon", "coordinates": [ [ [ -71.987802454910792, 45.720008041007411 ], [ -71.994079247206116, 45.722771895090517 ], [ -71.993800654552516, 45.72796133529242 ], [ -71.987244084627179, 45.7303868605172 ], [ -71.9809668143876, 45.727622620614497 ], [ -71.981246591991891, 45.722433241371078 ], [ -71.987802454910792, 45.720008041007411 ] ] ] } },
{ "type": "Feature", "properties": { "hex_id": 724117, "centroid_lon": -71.9866854088244, "centroid_lat": 45.740765655773046, "occurrences_today": 5, "datetimes_today": "2026-07-25 12:01:47, 2026-07-25 12:16:54, 2026-07-25 12:31:42, 2026-07-25 12:46:57, 2026-07-25 12:57:23", "cumulative_total": 79.0 }, "geometry": { "type": "Polygon", "coordinates": [ [ [ -71.986964784928546, 45.735576261177087 ], [ -71.993243240603263, 45.738340197522753 ], [ -71.992964419256211, 45.743529619550259 ], [ -71.986405956288962, 45.745955044304608 ], [ -71.980127022301303, 45.743190721929786 ], [ -71.980407029568099, 45.738001360894316 ], [ -71.986964784928546, 45.735576261177087 ] ] ] } },
{ "type": "Feature", "properties": { "hex_id": 724118, "centroid_lon": -71.985846821821127, "centroid_lat": 45.756333803172716, "occurrences_today": 9, "datetimes_today": "2026-07-25 12:01:47, 2026-07-25 12:16:54, 2026-07-25 12:31:42, 2026-07-25 12:46:57, 2026-07-25 12:57:23, 2026-07-25 13:17:05, 2026-07-25 13:31:44, 2026-07-25 13:47:17, 2026-07-25 13:59:59", "cumulative_total": 49.0 }, "geometry": { "type": "Polygon", "coordinates": [ [ [ -71.986126427296469, 45.751144426771312 ], [ -71.992406547688759, 45.753908445427776 ], [ -71.992127497416902, 45.759097849276827 ], [ -71.985567139837173, 45.761523173508344 ], [ -71.979286540762942, 45.758758768613014 ], [ -71.979566777924575, 45.7535694257896 ], [ -71.986126427296469, 45.751144426771312 ] ] ] } },
{ "type": "Feature", "properties": { "hex_id": 724119, "centroid_lon": -71.985007546240169, "centroid_lat": 45.771901895980477, "occurrences_today": 9, "datetimes_today": "2026-07-25 12:01:47, 2026-07-25 12:16:54, 2026-07-25 12:31:42, 2026-07-25 12:46:57, 2026-07-25 12:57:23, 2026-07-25 13:17:05, 2026-07-25 13:31:44, 2026-07-25 13:47:17, 2026-07-25 13:59:59", "cumulative_total": 32.0 }, "geometry": { "type": "Polygon", "coordinates": [ [ [ -71.985287381318784, 45.766712537777757 ], [ -71.991569167768176, 45.769476638793329 ], [ -71.991289888339793, 45.774666024459847 ], [ -71.984727634575449, 45.777091248116079 ], [ -71.978445369074805, 45.774326760651789 ], [ -71.978725836363935, 45.769137436044566 ], [ -71.985287381318784, 45.766712537777757 ] ] ] } },
{ "type": "Feature", "properties": { "hex_id": 724726, "centroid_lon": -71.981526293093594, "centroid_lat": 45.717243856059255, "occurrences_today": 5, "datetimes_today": "2026-07-25 12:01:47, 2026-07-25 12:16:54, 2026-07-25 12:31:42, 2026-07-25 12:46:57, 2026-07-25 12:57:23", "cumulative_total": 45.0 }, "geometry": { "type": "Polygon", "coordinates": [ [ [ -71.981805917718475, 45.712054464679511 ], [ -71.98808152554723, 45.714818622158425 ], [ -71.987802454910792, 45.720008041007411 ], [ -71.981246591991891, 45.722433241371078 ], [ -71.974970506664377, 45.719668698125361 ], [ -71.975250761728773, 45.714479340347225 ], [ -71.981805917718475, 45.712054464679511 ] ] ] } },
{ "type": "Feature", "properties": { "hex_id": 724727, "centroid_lon": -71.980686960254914, "centroid_lat": 45.732811993789063, "occurrences_today": 5, "datetimes_today": "2026-07-25 12:01:47, 2026-07-25 12:16:54, 2026-07-25 12:31:42, 2026-07-25 12:46:57, 2026-07-25 12:57:23", "cumulative_total": 45.0 }, "geometry": { "type": "Polygon", "coordinates": [ [ [ -71.9809668143876, 45.727622620614497 ], [ -71.987244084627179, 45.7303868605172 ], [ -71.986964784928546, 45.735576261177087 ], [ -71.980407029568099, 45.738001360894316 ], [ -71.974129281461543, 45.735236735015249 ], [ -71.97440976655659, 45.730047395459842 ], [ -71.9809668143876, 45.727622620614497 ] ] ] } },
{ "type": "Feature", "properties": { "hex_id": 724728, "centroid_lon": -71.979846938428736, "centroid_lat": 45.748380076895046, "occurrences_today": 9, "datetimes_today": "2026-07-25 12:01:47, 2026-07-25 12:16:54, 2026-07-25 12:31:42, 2026-07-25 12:46:57, 2026-07-25 12:57:23, 2026-07-25 13:17:05, 2026-07-25 13:31:44, 2026-07-25 13:47:17, 2026-07-25 13:59:59", "cumulative_total": 49.0 }, "geometry": { "type": "Polygon", "coordinates": [ [ [ -71.980127022301303, 45.743190721929786 ], [ -71.986405956288962, 45.745955044304608 ], [ -71.986126427296469, 45.751144426771312 ], [ -71.979566777924575, 45.7535694257896 ], [ -71.973287365701367, 45.75080471722876 ], [ -71.973568081059796, 45.745615395900188 ], [ -71.980127022301303, 45.743190721929786 ] ] ] } },
{ "type": "Feature", "properties": { "hex_id": 724729, "centroid_lon": -71.979006226918031, "centroid_lat": 45.763948105364818, "occurrences_today": 9, "datetimes_today": "2026-07-25 12:01:47, 2026-07-25 12:16:54, 2026-07-25 12:31:42, 2026-07-25 12:46:57, 2026-07-25 12:57:23, 2026-07-25 13:17:05, 2026-07-25 13:31:44, 2026-07-25 13:47:17, 2026-07-25 13:59:59", "cumulative_total": 30.0 }, "geometry": { "type": "Polygon", "coordinates": [ [ [ -71.979286540762942, 45.758758768613014 ], [ -71.985567139837173, 45.761523173508344 ], [ -71.985287381318784, 45.766712537777757 ], [ -71.978725836363935, 45.769137436044566 ], [ -71.972444758685256, 45.766372644753432 ], [ -71.972725704540025, 45.761183341655837 ], [ -71.979286540762942, 45.758758768613014 ] ] ] } },
{ "type": "Feature", "properties": { "hex_id": 725336, "centroid_lon": -71.9755309401679, "centroid_lat": 45.709289976495782, "occurrences_today": 5, "datetimes_today": "2026-07-25 12:01:47, 2026-07-25 12:16:54, 2026-07-25 12:31:42, 2026-07-25 12:46:57, 2026-07-25 12:57:23", "cumulative_total": 45.0 }, "geometry": { "type": "Polygon", "coordinates": [ [ [ -71.975811042007592, 45.70410060657148 ], [ -71.982085465892283, 45.706865067232279 ], [ -71.981805917718475, 45.712054464679511 ], [ -71.975250761728773, 45.714479340347225 ], [ -71.96897586079055, 45.711714493972444 ], [ -71.969256592869769, 45.706525157708363 ], [ -71.975811042007592, 45.70410060657148 ] ] ] } },
{ "type": "Feature", "properties": { "hex_id": 725337, "centroid_lon": -71.974690174948933, "centroid_lat": 45.72485804982972, "occurrences_today": 5, "datetimes_today": "2026-07-25 12:01:47, 2026-07-25 12:16:54, 2026-07-25 12:31:42, 2026-07-25 12:46:57, 2026-07-25 12:57:23", "cumulative_total": 45.0 }, "geometry": { "type": "Polygon", "coordinates": [ [ [ -71.974970506664377, 45.719668698125361 ], [ -71.981246591991891, 45.722433241371078 ], [ -71.9809668143876, 45.727622620614497 ], [ -71.97440976655659, 45.730047395459842 ], [ -71.968133203807753, 45.727282466290625 ], [ -71.968414166285413, 45.72209314826403 ], [ -71.974970506664377, 45.719668698125361 ] ] ] } },
{ "type": "Feature", "properties": { "hex_id": 725338, "centroid_lon": -71.973848719637886, "centroid_lat": 45.74042606849553, "occurrences_today": 9, "datetimes_today": "2026-07-25 12:01:47, 2026-07-25 12:16:54, 2026-07-25 12:31:42, 2026-07-25 12:46:57, 2026-07-25 12:57:23, 2026-07-25 13:17:05, 2026-07-25 13:31:44, 2026-07-25 13:47:17, 2026-07-25 13:59:59", "cumulative_total": 49.0 }, "geometry": { "type": "Polygon", "coordinates": [ [ [ -71.974129281461543, 45.735236735015249 ], [ -71.980407029568099, 45.738001360894316 ], [ -71.980127022301303, 45.743190721929786 ], [ -71.973568081059796, 45.745615395900188 ], [ -71.967289855163742, 45.742850383888012 ], [ -71.967571048272816, 45.737661084103074 ], [ -71.974129281461543, 45.735236735015249 ] ] ] } },
{ "type": "Feature", "properties": { "hex_id": 725947, "centroid_lon": -71.968695051937729, "centroid_lat": 45.716903824157811, "occurrences_today": 5, "datetimes_today": "2026-07-25 12:01:47, 2026-07-25 12:16:54, 2026-07-25 12:31:42, 2026-07-25 12:46:57, 2026-07-25 12:57:23", "cumulative_total": 45.0 }, "geometry": { "type": "Polygon", "coordinates": [ [ [ -71.96897586079055, 45.711714493972444 ], [ -71.975250761728773, 45.714479340347225 ], [ -71.974970506664377, 45.719668698125361 ], [ -71.968414166285413, 45.72209314826403 ], [ -71.962138788371163, 45.719327916018628 ], [ -71.962420227786041, 45.71413861956961 ], [ -71.96897586079055, 45.711714493972444 ] ] ] } },
{ "type": "Feature", "properties": { "hex_id": 489638, "centroid_lon": -74.461439071043245, "centroid_lat": 45.046488426827175, "occurrences_today": 30, "datetimes_today": "2026-07-25 02:01:47, 2026-07-25 02:17:11, 2026-07-25 02:32:05, 2026-07-25 03:02:12, 2026-07-25 03:16:45, 2026-07-25 03:32:08, 2026-07-25 03:46:44, 2026-07-25 04:02:15, 2026-07-25 04:16:41, 2026-07-25 04:31:50, 2026-07-25 04:46:51, 2026-07-25 05:16:53, 2026-07-25 05:31:45, 2026-07-25 05:47:08, 2026-07-25 06:02:19, 2026-07-25 06:16:49, 2026-07-25 06:27:15, 2026-07-25 06:46:50, 2026-07-25 07:02:12, 2026-07-25 07:16:44, 2026-07-25 07:31:54, 2026-07-25 07:45:07, 2026-07-25 08:01:39, 2026-07-25 08:17:05, 2026-07-25 08:32:37, 2026-07-25 08:46:47, 2026-07-25 09:02:13, 2026-07-25 09:17:11, 2026-07-25 09:31:58, 2026-07-25 09:46:39", "cumulative_total": 63.0 }, "geometry": { "type": "Polygon", "coordinates": [ [ [ -74.461487831110176, 45.041291431858056 ], [ -74.467811971838287, 45.043919690326078 ], [ -74.467763779965964, 45.049116688262771 ], [ -74.461390297728713, 45.051685417005395 ], [ -74.455065602055754, 45.049056803820804 ], [ -74.455114943560503, 45.043859816673766 ], [ -74.461487831110176, 45.041291431858056 ] ] ] } },
{ "type": "Feature", "properties": { "hex_id": 490249, "centroid_lon": -74.455016247145053, "centroid_lat": 45.054253786175934, "occurrences_today": 30, "datetimes_today": "2026-07-25 02:01:47, 2026-07-25 02:17:11, 2026-07-25 02:32:05, 2026-07-25 03:02:12, 2026-07-25 03:16:45, 2026-07-25 03:32:08, 2026-07-25 03:46:44, 2026-07-25 04:02:15, 2026-07-25 04:16:41, 2026-07-25 04:31:50, 2026-07-25 04:46:51, 2026-07-25 05:16:53, 2026-07-25 05:31:45, 2026-07-25 05:47:08, 2026-07-25 06:02:19, 2026-07-25 06:16:49, 2026-07-25 06:27:15, 2026-07-25 06:46:50, 2026-07-25 07:02:12, 2026-07-25 07:16:44, 2026-07-25 07:31:54, 2026-07-25 07:45:07, 2026-07-25 08:01:39, 2026-07-25 08:17:05, 2026-07-25 08:32:37, 2026-07-25 08:46:47, 2026-07-25 09:02:13, 2026-07-25 09:17:11, 2026-07-25 09:31:58, 2026-07-25 09:46:39", "cumulative_total": 62.0 }, "geometry": { "type": "Polygon", "coordinates": [ [ [ -74.455065602055754, 45.049056803820804 ], [ -74.461390297728713, 45.051685417005395 ], [ -74.461341511162217, 45.056882402392638 ], [ -74.454966878823996, 45.059450763739143 ], [ -74.448641628219434, 45.056821795679745 ], [ -74.448691564880249, 45.051624821212279 ], [ -74.455065602055754, 45.049056803820804 ] ] ] } },
{ "type": "Feature", "properties": { "hex_id": 653276, "centroid_lon": -72.745963300795182, "centroid_lat": 45.399700137383718, "occurrences_today": 15, "datetimes_today": "2026-07-25 01:32:21, 2026-07-25 01:46:48, 2026-07-25 02:01:47, 2026-07-25 02:17:11, 2026-07-25 02:32:05, 2026-07-25 03:02:12, 2026-07-25 03:16:45, 2026-07-25 03:32:08, 2026-07-25 03:46:44, 2026-07-25 04:02:15, 2026-07-25 04:16:41, 2026-07-25 04:31:50, 2026-07-25 04:46:51, 2026-07-25 05:16:53, 2026-07-25 05:31:45", "cumulative_total": 142.0 }, "geometry": { "type": "Polygon", "coordinates": [ [ [ -72.746169853515539, 45.394507262476694 ], [ -72.752449881795513, 45.39722954729222 ], [ -72.752243884771332, 45.402422442123367 ], [ -72.745756691764868, 45.404893006813403 ], [ -72.739476164108041, 45.402170346922652 ], [ -72.739683328815715, 45.396977497481103 ], [ -72.746169853515539, 45.394507262476694 ] ] ] } },
{ "type": "Feature", "properties": { "hex_id": 653887, "centroid_lon": -72.739268942922195, "centroid_lat": 45.40736319088257, "occurrences_today": 15, "datetimes_today": "2026-07-25 01:32:21, 2026-07-25 01:46:48, 2026-07-25 02:01:47, 2026-07-25 02:17:11, 2026-07-25 02:32:05, 2026-07-25 03:02:12, 2026-07-25 03:16:45, 2026-07-25 03:32:08, 2026-07-25 03:46:44, 2026-07-25 04:02:15, 2026-07-25 04:16:41, 2026-07-25 04:31:50, 2026-07-25 04:46:51, 2026-07-25 05:16:53, 2026-07-25 05:31:45", "cumulative_total": 103.0 }, "geometry": { "type": "Polygon", "coordinates": [ [ [ -72.739476164108041, 45.402170346922652 ], [ -72.745756691764868, 45.404893006813403 ], [ -72.745550026405837, 45.410085870765442 ], [ -72.739061665239277, 45.41255602936063 ], [ -72.732780638262128, 45.409832994237831 ], [ -72.732988471752947, 45.404640175815963 ], [ -72.739476164108041, 45.402170346922652 ] ] ] } },
{ "type": "Feature", "properties": { "hex_id": 677689, "centroid_lon": -72.495470215970457, "centroid_lat": 45.285342143350562, "occurrences_today": 17, "datetimes_today": "2026-07-25 14:46:57, 2026-07-25 15:02:21, 2026-07-25 15:17:09, 2026-07-25 15:31:58, 2026-07-25 15:47:16, 2026-07-25 16:01:43, 2026-07-25 16:16:43, 2026-07-25 16:27:38, 2026-07-25 16:46:44, 2026-07-25 17:02:39, 2026-07-25 17:17:07, 2026-07-25 17:46:39, 2026-07-25 18:02:04, 2026-07-25 18:16:44, 2026-07-25 18:27:33, 2026-07-25 18:47:11, 2026-07-25 19:02:48", "cumulative_total": 114.0 }, "geometry": { "type": "Polygon", "coordinates": [ [ [ -72.495698796496157, 45.280150108790728 ], [ -72.501953817979185, 45.282885698016919 ], [ -72.501725786281909, 45.288077754883361 ], [ -72.495241573225456, 45.290534172265488 ], [ -72.488986065143692, 45.287798207227844 ], [ -72.489215256696383, 45.282606200683226 ], [ -72.495698796496157, 45.280150108790728 ] ] ] } },
{ "type": "Feature", "properties": { "hex_id": 663649, "centroid_lon": -72.641013137892159, "centroid_lat": 45.311829386372679, "occurrences_today": 19, "datetimes_today": "2026-07-25 07:16:44, 2026-07-25 07:31:54, 2026-07-25 07:45:07, 2026-07-25 08:01:39, 2026-07-25 08:17:05, 2026-07-25 08:32:37, 2026-07-25 08:46:47, 2026-07-25 09:02:13, 2026-07-25 09:17:11, 2026-07-25 09:31:58, 2026-07-25 09:46:39, 2026-07-25 10:02:01, 2026-07-25 10:17:36, 2026-07-25 10:31:44, 2026-07-25 11:01:55, 2026-07-25 11:16:38, 2026-07-25 11:31:56, 2026-07-25 11:46:58, 2026-07-25 12:01:47", "cumulative_total": 78.0 }, "geometry": { "type": "Polygon", "coordinates": [ [ [ -72.641228641696543, 45.306636814980351 ], [ -72.647493854120697, 45.309364615660321 ], [ -72.647278901968519, 45.314557207961506 ], [ -72.640797575403241, 45.317021952220479 ], [ -72.634531870021206, 45.314293776660996 ], [ -72.634747984142763, 45.30910123178586 ], [ -72.641228641696543, 45.306636814980351 ] ] ] } },
{ "type": "Feature", "properties": { "hex_id": 770086, "centroid_lon": -71.315170224498317, "centroid_lat": 48.550342015174159, "occurrences_today": 8, "datetimes_today": "2026-07-25 07:02:12, 2026-07-25 07:16:44, 2026-07-25 07:31:54, 2026-07-25 07:45:07, 2026-07-25 08:01:39, 2026-07-25 08:17:05, 2026-07-25 08:32:37, 2026-07-25 08:46:47", "cumulative_total": 21.0 }, "geometry": { "type": "Polygon", "coordinates": [ [ [ -71.315547031613249, 48.545158734449743 ], [ -71.322119502515477, 48.547966840975988 ], [ -71.32174332954655, 48.553150157469503 ], [ -71.314793310294959, 48.555525289015712 ], [ -71.308220312354635, 48.552716752082929 ], [ -71.308597860665103, 48.547533514081749 ], [ -71.315547031613249, 48.545158734449743 ] ] ] } },
{ "type": "Feature", "properties": { "hex_id": 782842, "centroid_lon": -71.246885766241945, "centroid_lat": 47.542771574959112, "occurrences_today": 34, "datetimes_today": "2026-07-25 13:59:59, 2026-07-25 14:17:10, 2026-07-25 14:32:01, 2026-07-25 14:46:57, 2026-07-25 15:02:21, 2026-07-25 15:17:09, 2026-07-25 15:31:58, 2026-07-25 15:47:16, 2026-07-25 16:01:43, 2026-07-25 16:16:43, 2026-07-25 16:27:38, 2026-07-25 16:46:44, 2026-07-25 17:02:39, 2026-07-25 17:17:07, 2026-07-25 17:46:39, 2026-07-25 18:02:04, 2026-07-25 18:16:44, 2026-07-25 18:27:33, 2026-07-25 18:47:11, 2026-07-25 19:02:48, 2026-07-25 19:16:47, 2026-07-25 19:32:40, 2026-07-25 19:46:57, 2026-07-25 20:01:44, 2026-07-25 20:16:47, 2026-07-25 20:32:27, 2026-07-25 20:47:08, 2026-07-25 21:02:08, 2026-07-25 21:15:55, 2026-07-25 21:31:47, 2026-07-25 21:47:11, 2026-07-25 22:01:48, 2026-07-25 22:16:38, 2026-07-25 22:31:39", "cumulative_total": 211.0 }, "geometry": { "type": "Polygon", "coordinates": [ [ [ -71.247256230848947, 47.537587783963524 ], [ -71.253700775812305, 47.540396739147113 ], [ -71.253330910147866, 47.54558056586329 ], [ -71.246515197912117, 47.54795535905069 ], [ -71.240070157747382, 47.545145987313632 ], [ -71.240441324983124, 47.539962239011146 ], [ -71.247256230848947, 47.537587783963524 ] ] ] } },
{ "type": "Feature", "properties": { "hex_id": 783452, "centroid_lon": -71.240812388333282, "centroid_lat": 47.534778483797368, "occurrences_today": 34, "datetimes_today": "2026-07-25 13:59:59, 2026-07-25 14:17:10, 2026-07-25 14:32:01, 2026-07-25 14:46:57, 2026-07-25 15:02:21, 2026-07-25 15:17:09, 2026-07-25 15:31:58, 2026-07-25 15:47:16, 2026-07-25 16:01:43, 2026-07-25 16:16:43, 2026-07-25 16:27:38, 2026-07-25 16:46:44, 2026-07-25 17:02:39, 2026-07-25 17:17:07, 2026-07-25 17:46:39, 2026-07-25 18:02:04, 2026-07-25 18:16:44, 2026-07-25 18:27:33, 2026-07-25 18:47:11, 2026-07-25 19:02:48, 2026-07-25 19:16:47, 2026-07-25 19:32:40, 2026-07-25 19:46:57, 2026-07-25 20:01:44, 2026-07-25 20:16:47, 2026-07-25 20:32:27, 2026-07-25 20:47:08, 2026-07-25 21:02:08, 2026-07-25 21:15:55, 2026-07-25 21:31:47, 2026-07-25 21:47:11, 2026-07-25 22:01:48, 2026-07-25 22:16:38, 2026-07-25 22:31:39", "cumulative_total": 211.0 }, "geometry": { "type": "Polygon", "coordinates": [ [ [ -71.241183347834578, 47.52959472167305 ], [ -71.247626591769702, 47.532403986064679 ], [ -71.247256230848947, 47.537587783963524 ], [ -71.240441324983124, 47.539962239011146 ], [ -71.233997586334681, 47.537152558128163 ], [ -71.234369248228688, 47.531968838757379 ], [ -71.241183347834578, 47.52959472167305 ] ] ] } },
{ "type": "Feature", "properties": { "hex_id": 794393, "centroid_lon": -71.175522286164778, "centroid_lat": 46.784369282307232, "occurrences_today": 10, "datetimes_today": "2026-07-25 13:59:59, 2026-07-25 14:17:10, 2026-07-25 14:32:01, 2026-07-25 14:46:57, 2026-07-25 15:02:21, 2026-07-25 15:17:09, 2026-07-25 15:31:58, 2026-07-25 15:47:16, 2026-07-25 16:01:43, 2026-07-25 16:16:43", "cumulative_total": 103.0 }, "geometry": { "type": "Polygon", "coordinates": [ [ [ -71.175889910951824, 46.779185230904545 ], [ -71.182241655385482, 46.781995774960869 ], [ -71.181874604293014, 46.787179862252323 ], [ -71.175154559531649, 46.78955332677176 ], [ -71.168802343267089, 46.786742376070784 ], [ -71.169170643559539, 46.781558367561594 ], [ -71.175889910951824, 46.779185230904545 ] ] ] } },
{ "type": "Feature", "properties": { "hex_id": 773566, "centroid_lon": -71.468465909549849, "centroid_lat": 45.702520807997431, "occurrences_today": 16, "datetimes_today": "2026-07-25 11:16:38, 2026-07-25 11:31:56, 2026-07-25 11:46:58, 2026-07-25 12:01:47, 2026-07-25 12:16:54, 2026-07-25 12:31:42, 2026-07-25 12:46:57, 2026-07-25 12:57:23, 2026-07-25 13:17:05, 2026-07-25 13:31:44, 2026-07-25 13:47:17, 2026-07-25 13:59:59, 2026-07-25 14:17:10, 2026-07-25 14:32:01, 2026-07-25 14:46:57, 2026-07-25 15:02:21", "cumulative_total": 103.0 }, "geometry": { "type": "Polygon", "coordinates": [ [ [ -71.468792839581511, 45.697334065596905 ], [ -71.475039826776438, 45.700125650543498 ], [ -71.474713442622516, 45.705312425327229 ], [ -71.468138890165406, 45.707707543844506 ], [ -71.461891446460513, 45.704915569069442 ], [ -71.462219011692639, 45.699728865669741 ], [ -71.468792839581511, 45.697334065596905 ] ] ] } },
{ "type": "Feature", "properties": { "hex_id": 1318913, "centroid_lon": -65.323041868204186, "centroid_lat": 48.005356766699542, "occurrences_today": 24, "datetimes_today": "2026-07-25 09:02:13, 2026-07-25 09:17:11, 2026-07-25 09:31:58, 2026-07-25 09:46:39, 2026-07-25 10:02:01, 2026-07-25 10:17:36, 2026-07-25 10:31:44, 2026-07-25 11:01:55, 2026-07-25 11:16:38, 2026-07-25 11:31:56, 2026-07-25 11:46:58, 2026-07-25 12:01:47, 2026-07-25 12:16:54, 2026-07-25 12:31:42, 2026-07-25 12:46:57, 2026-07-25 12:57:23, 2026-07-25 13:17:05, 2026-07-25 13:31:44, 2026-07-25 13:47:17, 2026-07-25 13:59:59, 2026-07-25 14:17:10, 2026-07-25 14:32:01, 2026-07-25 14:46:57, 2026-07-25 15:02:21", "cumulative_total": 48.0 }, "geometry": { "type": "Polygon", "coordinates": [ [ [ -65.324008762942157, 48.000236244441744 ], [ -65.330133132583228, 48.003358280575462 ], [ -65.329166738316232, 48.008478893487045 ], [ -65.322074704241061, 48.0104772696533 ], [ -65.315950103401406, 48.007354772434276 ], [ -65.316917767741046, 48.002234360197754 ], [ -65.324008762942157, 48.000236244441744 ] ] ] } },
{ "type": "Feature", "properties": { "hex_id": 537885, "centroid_lon": -73.954945326696858, "centroid_lat": 45.315824643976939, "occurrences_today": 22, "datetimes_today": "2026-07-25 05:47:08, 2026-07-25 06:02:19, 2026-07-25 06:16:49, 2026-07-25 06:27:15, 2026-07-25 06:46:50, 2026-07-25 07:02:12, 2026-07-25 07:16:44, 2026-07-25 07:31:54, 2026-07-25 07:45:07, 2026-07-25 08:01:39, 2026-07-25 08:17:05, 2026-07-25 08:32:37, 2026-07-25 08:46:47, 2026-07-25 09:02:13, 2026-07-25 09:17:11, 2026-07-25 09:31:58, 2026-07-25 09:46:39, 2026-07-25 10:02:01, 2026-07-25 10:17:36, 2026-07-25 10:31:44, 2026-07-25 11:01:55, 2026-07-25 11:16:38", "cumulative_total": 30.0 }, "geometry": { "type": "Polygon", "coordinates": [ [ [ -73.955040831890884, 45.310628530991842 ], [ -73.961370826303579, 45.313284768069629 ], [ -73.961275890794923, 45.318480889085322 ], [ -73.954849795476534, 45.32102075205659 ], [ -73.948519257409117, 45.318364152045859 ], [ -73.948615358306142, 45.313168052060917 ], [ -73.955040831890884, 45.310628530991842 ] ] ] } },
{ "type": "Feature", "properties": { "hex_id": 341942, "centroid_lon": -76.010286692809316, "centroid_lat": 45.744873002038332, "occurrences_today": 21, "datetimes_today": "2026-07-25 18:02:04, 2026-07-25 18:16:44, 2026-07-25 18:27:33, 2026-07-25 18:47:11, 2026-07-25 19:02:48, 2026-07-25 19:16:47, 2026-07-25 19:32:40, 2026-07-25 19:46:57, 2026-07-25 20:01:44, 2026-07-25 20:16:47, 2026-07-25 20:32:27, 2026-07-25 20:47:08, 2026-07-25 21:02:08, 2026-07-25 21:15:55, 2026-07-25 21:31:47, 2026-07-25 21:47:11, 2026-07-25 22:01:48, 2026-07-25 22:16:38, 2026-07-25 22:31:39, 2026-07-25 22:46:42, 2026-07-25 23:01:47", "cumulative_total": 128.0 }, "geometry": { "type": "Polygon", "coordinates": [ [ [ -76.010192973649993, 45.739677224337505 ], [ -76.016666295827079, 45.742218104441058 ], [ -76.0167606238318, 45.747413869419482 ], [ -76.010380437641032, 45.750068774843506 ], [ -76.003906480941822, 45.74752754720663 ], [ -76.003813344964158, 45.742331761744161 ], [ -76.010192973649993, 45.739677224337505 ] ] ] } },
{ "type": "Feature", "properties": { "hex_id": 1131510, "centroid_lon": -67.31289105595117, "centroid_lat": 48.476667339011314, "occurrences_today": 3, "datetimes_today": "2026-07-25 19:02:48, 2026-07-25 19:16:47, 2026-07-25 19:32:40", "cumulative_total": 10.0 }, "geometry": { "type": "Polygon", "coordinates": [ [ [ -67.313673298433656, 48.471519974298729 ], [ -67.319986451352548, 48.474543910953969 ], [ -67.319204764540984, 48.479691349584009 ], [ -67.312108592947553, 48.481814689622624 ], [ -67.305795104918388, 48.47879029509032 ], [ -67.306578123513887, 48.473643018463846 ], [ -67.313673298433656, 48.471519974298729 ] ] ] } },
{ "type": "Feature", "properties": { "hex_id": 1132731, "centroid_lon": -67.299482393184931, "centroid_lat": 48.475765590644833, "occurrences_today": 3, "datetimes_today": "2026-07-25 19:02:48, 2026-07-25 19:16:47, 2026-07-25 19:32:40", "cumulative_total": 10.0 }, "geometry": { "type": "Polygon", "coordinates": [ [ [ -67.300265967150139, 48.470618388056124 ], [ -67.306578123513887, 48.473643018463846 ], [ -67.305795104918388, 48.47879029509032 ], [ -67.298698598333246, 48.48091277909996 ], [ -67.292386107525829, 48.477887690750684 ], [ -67.293170457668026, 48.472740576400689 ], [ -67.300265967150139, 48.470618388056124 ] ] ] } },
{ "type": "Feature", "properties": { "hex_id": 726562, "centroid_lon": -71.958473061913566, "centroid_lat": 45.786788215949372, "occurrences_today": 9, "datetimes_today": "2026-07-25 12:01:47, 2026-07-25 12:16:54, 2026-07-25 12:31:42, 2026-07-25 12:46:57, 2026-07-25 12:57:23, 2026-07-25 13:17:05, 2026-07-25 13:31:44, 2026-07-25 13:47:17, 2026-07-25 13:59:59", "cumulative_total": 116.0 }, "geometry": { "type": "Polygon", "coordinates": [ [ [ -71.958755504013681, 45.781598998641925 ], [ -71.965037538667829, 45.784364563195552 ], [ -71.96475565226325, 45.789553808230565 ], [ -71.958190542501569, 45.791977427165754 ], [ -71.951908029476797, 45.789211475745383 ], [ -71.952191104558224, 45.784022292321168 ], [ -71.958755504013681, 45.781598998641925 ] ] ] } },
{ "type": "Feature", "properties": { "hex_id": 715567, "centroid_lon": -72.078985597298526, "centroid_lat": 45.696393881858668, "occurrences_today": 5, "datetimes_today": "2026-07-25 12:01:47, 2026-07-25 12:16:54, 2026-07-25 12:31:42, 2026-07-25 12:46:57, 2026-07-25 12:57:23", "cumulative_total": 24.0 }, "geometry": { "type": "Polygon", "coordinates": [ [ [ -72.079256004830967, 45.691204012826233 ], [ -72.085534402295224, 45.693962879033052 ], [ -72.085264549576578, 45.699152774583752 ], [ -72.078715115822476, 45.701583744907758 ], [ -72.072436237500469, 45.69882449403017 ], [ -72.072707273765417, 45.69363465756382 ], [ -72.079256004830967, 45.691204012826233 ] ] ] } },
{ "type": "Feature", "properties": { "hex_id": 716178, "centroid_lon": -72.072165127118225, "centroid_lat": 45.704014324507561, "occurrences_today": 5, "datetimes_today": "2026-07-25 12:01:47, 2026-07-25 12:16:54, 2026-07-25 12:31:42, 2026-07-25 12:46:57, 2026-07-25 12:57:23", "cumulative_total": 24.0 }, "geometry": { "type": "Polygon", "coordinates": [ [ [ -72.072436237500469, 45.69882449403017 ], [ -72.078715115822476, 45.701583744907758 ], [ -72.078444560377903, 45.706773601973111 ], [ -72.071893942593704, 45.709204148995582 ], [ -72.065614583488767, 45.706444513290371 ], [ -72.065886322926019, 45.701254715454766 ], [ -72.072436237500469, 45.69882449403017 ] ] ] } },
{ "type": "Feature", "properties": { "hex_id": 716788, "centroid_lon": -72.066157988072206, "centroid_lat": 45.696064911624561, "occurrences_today": 5, "datetimes_today": "2026-07-25 12:01:47, 2026-07-25 12:16:54, 2026-07-25 12:31:42, 2026-07-25 12:46:57, 2026-07-25 12:57:23", "cumulative_total": 24.0 }, "geometry": { "type": "Polygon", "coordinates": [ [ [ -72.066429578952352, 45.690875101800167 ], [ -72.072707273765417, 45.69363465756382 ], [ -72.072436237500469, 45.69882449403017 ], [ -72.065886322926019, 45.701254715454766 ], [ -72.059608147776288, 45.698494774915702 ], [ -72.059880367512676, 45.69330499779192 ], [ -72.066429578952352, 45.690875101800167 ] ] ] } },
{ "type": "Feature", "properties": { "hex_id": 717398, "centroid_lon": -72.060152512834321, "centroid_lat": 45.688115214668713, "occurrences_today": 5, "datetimes_today": "2026-07-25 12:01:47, 2026-07-25 12:16:54, 2026-07-25 12:31:42, 2026-07-25 12:46:57, 2026-07-25 12:57:23", "cumulative_total": 7.0 }, "geometry": { "type": "Polygon", "coordinates": [ [ [ -72.06042458376632, 45.682925425546529 ], [ -72.066701095591441, 45.685685285982039 ], [ -72.066429578952352, 45.690875101800167 ], [ -72.059880367512676, 45.69330499779192 ], [ -72.053603375796854, 45.690544752633208 ], [ -72.05387607538637, 45.685354996270398 ], [ -72.06042458376632, 45.682925425546529 ] ] ] } },
{ "type": "Feature", "properties": { "hex_id": 717399, "centroid_lon": -72.059335853600118, "centroid_lat": 45.703684546039646, "occurrences_today": 5, "datetimes_today": "2026-07-25 12:01:47, 2026-07-25 12:16:54, 2026-07-25 12:31:42, 2026-07-25 12:46:57, 2026-07-25 12:57:23", "cumulative_total": 20.0 }, "geometry": { "type": "Polygon", "coordinates": [ [ [ -72.059608147776288, 45.698494774915702 ], [ -72.065886322926019, 45.701254715454766 ], [ -72.065614583488767, 45.706444513290371 ], [ -72.059063484959083, 45.708874311163335 ], [ -72.052784829547846, 45.706113985692035 ], [ -72.053057752902703, 45.700924247344467 ], [ -72.059608147776288, 45.698494774915702 ] ] ] } },
{ "type": "Feature", "properties": { "hex_id": 718008, "centroid_lon": -72.054148700437622, "centroid_lat": 45.680165233903367, "occurrences_today": 5, "datetimes_today": "2026-07-25 12:01:47, 2026-07-25 12:16:54, 2026-07-25 12:31:42, 2026-07-25 12:46:57, 2026-07-25 12:57:23", "cumulative_total": 7.0 }, "geometry": { "type": "Polygon", "coordinates": [ [ [ -72.054421250975707, 45.674975465532548 ], [ -72.060696580333655, 45.677735630425801 ], [ -72.06042458376632, 45.682925425546529 ], [ -72.05387607538637, 45.685354996270398 ], [ -72.047600266583373, 45.68259444670619 ], [ -72.047873445580308, 45.677404711153478 ], [ -72.054421250975707, 45.674975465532548 ] ] ] } },
{ "type": "Feature", "properties": { "hex_id": 718009, "centroid_lon": -72.053330601644006, "centroid_lat": 45.695734502991392, "occurrences_today": 5, "datetimes_today": "2026-07-25 12:01:47, 2026-07-25 12:16:54, 2026-07-25 12:31:42, 2026-07-25 12:46:57, 2026-07-25 12:57:23", "cumulative_total": 59.0 }, "geometry": { "type": "Polygon", "coordinates": [ [ [ -72.053603375796854, 45.690544752633208 ], [ -72.059880367512676, 45.69330499779192 ], [ -72.059608147776288, 45.698494774915702 ], [ -72.053057752902703, 45.700924247344467 ], [ -72.04678028137144, 45.698163617305831 ], [ -72.047053684504093, 45.692973899782807 ], [ -72.053603375796854, 45.690544752633208 ] ] ] } },
{ "type": "Feature", "properties": { "hex_id": 718619, "centroid_lon": -72.0473270128997, "centroid_lat": 45.687784176249444, "occurrences_today": 5, "datetimes_today": "2026-07-25 12:01:47, 2026-07-25 12:16:54, 2026-07-25 12:31:42, 2026-07-25 12:46:57, 2026-07-25 12:57:23", "cumulative_total": 7.0 }, "geometry": { "type": "Polygon", "coordinates": [ [ [ -72.047600266583373, 45.68259444670619 ], [ -72.05387607538637, 45.685354996270398 ], [ -72.053603375796854, 45.690544752633208 ], [ -72.047053684504093, 45.692973899782807 ], [ -72.040777396331407, 45.690212965390963 ], [ -72.041051278796033, 45.685023268741588 ], [ -72.047600266583373, 45.68259444670619 ] ] ] } },
{ "type": "Feature", "properties": { "hex_id": 718620, "centroid_lon": -72.046506803476575, "centroid_lat": 45.703353328818082, "occurrences_today": 5, "datetimes_today": "2026-07-25 12:01:47, 2026-07-25 12:16:54, 2026-07-25 12:31:42, 2026-07-25 12:46:57, 2026-07-25 12:57:23", "cumulative_total": 76.0 }, "geometry": { "type": "Polygon", "coordinates": [ [ [ -72.04678028137144, 45.698163617305831 ], [ -72.053057752902703, 45.700924247344467 ], [ -72.052784829547846, 45.706113985692035 ], [ -72.046233250794288, 45.708543034319135 ], [ -72.039955299523015, 45.705782019243777 ], [ -72.040229406720115, 45.700592340642487 ], [ -72.04678028137144, 45.698163617305831 ] ] ] } },
{ "type": "Feature", "properties": { "hex_id": 719229, "centroid_lon": -72.041325086400263, "centroid_lat": 45.679833566077058, "occurrences_today": 5, "datetimes_today": "2026-07-25 12:01:47, 2026-07-25 12:16:54, 2026-07-25 12:31:42, 2026-07-25 12:46:57, 2026-07-25 12:57:23", "cumulative_total": 7.0 }, "geometry": { "type": "Polygon", "coordinates": [ [ [ -72.04159881916928, 45.674643857397804 ], [ -72.047873445580308, 45.677404711153478 ], [ -72.047600266583373, 45.68259444670619 ], [ -72.041051278796033, 45.685023268741588 ], [ -72.034776173460713, 45.682262030210616 ], [ -72.035050534811845, 45.677072354483947 ], [ -72.04159881916928, 45.674643857397804 ] ] ] } },
{ "type": "Feature", "properties": { "hex_id": 719230, "centroid_lon": -72.040503438981162, "centroid_lat": 45.695402656024747, "occurrences_today": 5, "datetimes_today": "2026-07-25 12:01:47, 2026-07-25 12:16:54, 2026-07-25 12:31:42, 2026-07-25 12:46:57, 2026-07-25 12:57:23", "cumulative_total": 20.0 }, "geometry": { "type": "Polygon", "coordinates": [ [ [ -72.040777396331407, 45.690212965390963 ], [ -72.047053684504093, 45.692973899782807 ], [ -72.04678028137144, 45.698163617305831 ], [ -72.040229406720115, 45.700592340642487 ], [ -72.033952639253243, 45.69783102126631 ], [ -72.034227225706672, 45.692641363602235 ], [ -72.040777396331407, 45.690212965390963 ] ] ] } },
{ "type": "Feature", "properties": { "hex_id": 719839, "centroid_lon": -72.035324821179387, "centroid_lat": 45.671882672737297, "occurrences_today": 5, "datetimes_today": "2026-07-25 12:01:47, 2026-07-25 12:16:54, 2026-07-25 12:31:42, 2026-07-25 12:46:57, 2026-07-25 12:57:23", "cumulative_total": 7.0 }, "geometry": { "type": "Polygon", "coordinates": [ [ [ -72.03559903258855, 45.666692984971114 ], [ -72.041872477128265, 45.669454142704282 ], [ -72.04159881916928, 45.674643857397804 ], [ -72.035050534811845, 45.677072354483947 ], [ -72.028776611792935, 45.674310812027812 ], [ -72.029051451585417, 45.669121157272883 ], [ -72.03559903258855, 45.666692984971114 ] ] ] } },
{ "type": "Feature", "properties": { "hex_id": 719840, "centroid_lon": -72.034501737100726, "centroid_lat": 45.687451699916863, "occurrences_today": 5, "datetimes_today": "2026-07-25 12:01:47, 2026-07-25 12:16:54, 2026-07-25 12:31:42, 2026-07-25 12:46:57, 2026-07-25 12:57:23", "cumulative_total": 7.0 }, "geometry": { "type": "Polygon", "coordinates": [ [ [ -72.034776173460713, 45.682262030210616 ], [ -72.041051278796033, 45.685023268741588 ], [ -72.040777396331407, 45.690212965390963 ], [ -72.034227225706672, 45.692641363602235 ], [ -72.027951641522733, 45.689879740139297 ], [ -72.028226706786882, 45.68469010346147 ], [ -72.034776173460713, 45.682262030210616 ] ] ] } },
{ "type": "Feature", "properties": { "hex_id": 719841, "centroid_lon": -72.033677977715215, "centroid_lat": 45.70302067290865, "occurrences_today": 5, "datetimes_today": "2026-07-25 12:01:47, 2026-07-25 12:16:54, 2026-07-25 12:31:42, 2026-07-25 12:46:57, 2026-07-25 12:57:23", "cumulative_total": 76.0 }, "geometry": { "type": "Polygon", "coordinates": [ [ [ -72.033952639253243, 45.69783102126631 ], [ -72.040229406720115, 45.700592340642487 ], [ -72.039955299523015, 45.705782019243777 ], [ -72.033403241067248, 45.708210318528799 ], [ -72.027125994382018, 45.705448614011537 ], [ -72.027401285345633, 45.700258995414778 ], [ -72.033952639253243, 45.69783102126631 ] ] ] } },
{ "type": "Feature", "properties": { "hex_id": 720449, "centroid_lon": -72.029326216271244, "centroid_lat": 45.663931496493156, "occurrences_today": 5, "datetimes_today": "2026-07-25 12:01:47, 2026-07-25 12:16:54, 2026-07-25 12:31:42, 2026-07-25 12:46:57, 2026-07-25 12:57:23", "cumulative_total": 7.0 }, "geometry": { "type": "Polygon", "coordinates": [ [ [ -72.029600905875697, 45.658741829689035 ], [ -72.035873169064544, 45.661503291185845 ], [ -72.03559903258855, 45.666692984971114 ], [ -72.029051451585417, 45.669121157272883 ], [ -72.022778710362147, 45.666359311105481 ], [ -72.023054028151151, 45.661169677371277 ], [ -72.029600905875697, 45.658741829689035 ] ] ] } },
{ "type": "Feature", "properties": { "hex_id": 720450, "centroid_lon": -72.028501696868531, "centroid_lat": 45.679500460757502, "occurrences_today": 5, "datetimes_today": "2026-07-25 12:01:47, 2026-07-25 12:16:54, 2026-07-25 12:31:42, 2026-07-25 12:46:57, 2026-07-25 12:57:23", "cumulative_total": 7.0 }, "geometry": { "type": "Polygon", "coordinates": [ [ [ -72.028776611792935, 45.674310812027812 ], [ -72.035050534811845, 45.677072354483947 ], [ -72.034776173460713, 45.682262030210616 ], [ -72.028226706786882, 45.68469010346147 ], [ -72.02195230536455, 45.681928176125787 ], [ -72.022227848994177, 45.67673856048318 ], [ -72.028776611792935, 45.674310812027812 ] ] ] } },
{ "type": "Feature", "properties": { "hex_id": 720451, "centroid_lon": -72.027676501050749, "centroid_lat": 45.695069370790563, "occurrences_today": 5, "datetimes_today": "2026-07-25 12:01:47, 2026-07-25 12:16:54, 2026-07-25 12:31:42, 2026-07-25 12:46:57, 2026-07-25 12:57:23", "cumulative_total": 7.0 }, "geometry": { "type": "Polygon", "coordinates": [ [ [ -72.027951641522733, 45.689879740139297 ], [ -72.034227225706672, 45.692641363602235 ], [ -72.033952639253243, 45.69783102126631 ], [ -72.027401285345633, 45.700258995414778 ], [ -72.021125222388932, 45.697496986863207 ], [ -72.021400992087294, 45.692307389316248 ], [ -72.027951641522733, 45.689879740139297 ] ] ] } },
{ "type": "Feature", "properties": { "hex_id": 721059, "centroid_lon": -72.02332927071059, "centroid_lat": 45.655980037607407, "occurrences_today": 5, "datetimes_today": "2026-07-25 12:01:47, 2026-07-25 12:16:54, 2026-07-25 12:31:42, 2026-07-25 12:46:57, 2026-07-25 12:57:23", "cumulative_total": 7.0 }, "geometry": { "type": "Polygon", "coordinates": [ [ [ -72.02360443806576, 45.650790391814347 ], [ -72.029875520423985, 45.653552156860997 ], [ -72.029600905875697, 45.658741829689035 ], [ -72.023054028151151, 45.661169677371277 ], [ -72.016782468202976, 45.658407527706409 ], [ -72.017058263543987, 45.65321791504185 ], [ -72.02360443806576, 45.650790391814347 ] ] ] } },
{ "type": "Feature", "properties": { "hex_id": 721060, "centroid_lon": -72.022503317318268, "centroid_lat": 45.671548938809593, "occurrences_today": 5, "datetimes_today": "2026-07-25 12:01:47, 2026-07-25 12:16:54, 2026-07-25 12:31:42, 2026-07-25 12:46:57, 2026-07-25 12:57:23", "cumulative_total": 7.0 }, "geometry": { "type": "Polygon", "coordinates": [ [ [ -72.022778710362147, 45.666359311105481 ], [ -72.029051451585417, 45.669121157272883 ], [ -72.028776611792935, 45.674310812027812 ], [ -72.022227848994177, 45.67673856048318 ], [ -72.01595462981237, 45.67397632948866 ], [ -72.01623065136252, 45.668786734930251 ], [ -72.022778710362147, 45.666359311105481 ] ] ] } },
{ "type": "Feature", "properties": { "hex_id": 721061, "centroid_lon": -72.021676686404035, "centroid_lat": 45.687117785736952, "occurrences_today": 5, "datetimes_today": "2026-07-25 12:01:47, 2026-07-25 12:16:54, 2026-07-25 12:31:42, 2026-07-25 12:46:57, 2026-07-25 12:57:23", "cumulative_total": 7.0 }, "geometry": { "type": "Polygon", "coordinates": [ [ [ -72.02195230536455, 45.681928176125787 ], [ -72.028226706786882, 45.68469010346147 ], [ -72.027951641522733, 45.689879740139297 ], [ -72.021400992087294, 45.692307389316248 ], [ -72.015126112337541, 45.689545076944398 ], [ -72.015402360325268, 45.684355500496167 ], [ -72.02195230536455, 45.681928176125787 ] ] ] } },
{ "type": "Feature", "properties": { "hex_id": 721062, "centroid_lon": -72.020849377283582, "centroid_lat": 45.702686578377424, "occurrences_today": 5, "datetimes_today": "2026-07-25 12:01:47, 2026-07-25 12:16:54, 2026-07-25 12:31:42, 2026-07-25 12:46:57, 2026-07-25 12:57:23", "cumulative_total": 76.0 }, "geometry": { "type": "Polygon", "coordinates": [ [ [ -72.021125222388932, 45.697496986863207 ], [ -72.027401285345633, 45.700258995414778 ], [ -72.027125994382018, 45.705448614011537 ], [ -72.020573456745851, 45.70787616385843 ], [ -72.014296915092487, 45.705113770061537 ], [ -72.014573389746587, 45.699924211727513 ], [ -72.021125222388932, 45.697496986863207 ] ] ] } },
{ "type": "Feature", "properties": { "hex_id": 721670, "centroid_lon": -72.016506597484266, "centroid_lat": 45.663597134336037, "occurrences_today": 5, "datetimes_today": "2026-07-25 12:01:47, 2026-07-25 12:16:54, 2026-07-25 12:31:42, 2026-07-25 12:46:57, 2026-07-25 12:57:23", "cumulative_total": 7.0 }, "geometry": { "type": "Polygon", "coordinates": [ [ [ -72.016782468202976, 45.658407527706409 ], [ -72.023054028151151, 45.661169677371277 ], [ -72.022778710362147, 45.666359311105481 ], [ -72.01623065136252, 45.668786734930251 ], [ -72.009958613900366, 45.66602420049071 ], [ -72.010235112926452, 45.660834627065427 ], [ -72.016782468202976, 45.658407527706409 ] ] ] } },
{ "type": "Feature", "properties": { "hex_id": 721671, "centroid_lon": -72.015678532808408, "centroid_lat": 45.679165918010781, "occurrences_today": 5, "datetimes_today": "2026-07-25 12:01:47, 2026-07-25 12:16:54, 2026-07-25 12:31:42, 2026-07-25 12:46:57, 2026-07-25 12:57:23", "cumulative_total": 7.0 }, "geometry": { "type": "Polygon", "coordinates": [ [ [ -72.01595462981237, 45.67397632948866 ], [ -72.022227848994177, 45.67673856048318 ], [ -72.02195230536455, 45.681928176125787 ], [ -72.015402360325268, 45.684355500496167 ], [ -72.009128663261023, 45.681592884517976 ], [ -72.009405389093089, 45.676403329217436 ], [ -72.01595462981237, 45.67397632948866 ] ] ] } },
{ "type": "Feature", "properties": { "hex_id": 721672, "centroid_lon": -72.014849788819774, "centroid_lat": 45.694734647354991, "occurrences_today": 5, "datetimes_today": "2026-07-25 12:01:47, 2026-07-25 12:16:54, 2026-07-25 12:31:42, 2026-07-25 12:46:57, 2026-07-25 12:57:23", "cumulative_total": 7.0 }, "geometry": { "type": "Polygon", "coordinates": [ [ [ -72.015126112337541, 45.689545076944398 ], [ -72.021400992087294, 45.692307389316248 ], [ -72.021125222388932, 45.697496986863207 ], [ -72.014573389746587, 45.699924211727513 ], [ -72.008298031745582, 45.697161514162865 ], [ -72.00857498461275, 45.691971976991141 ], [ -72.015126112337541, 45.689545076944398 ] ] ] } },
{ "type": "Feature", "properties": { "hex_id": 722280, "centroid_lon": -72.010511536401381, "centroid_lat": 45.65564504759945, "occurrences_today": 5, "datetimes_today": "2026-07-25 12:01:47, 2026-07-25 12:16:54, 2026-07-25 12:31:42, 2026-07-25 12:46:57, 2026-07-25 12:57:23", "cumulative_total": 7.0 }, "geometry": { "type": "Polygon", "coordinates": [ [ [ -72.010787884350563, 45.650455462093234 ], [ -72.017058263543987, 45.65321791504185 ], [ -72.016782468202976, 45.658407527706409 ], [ -72.010235112926452, 45.660834627065427 ], [ -72.003964256663295, 45.658071789394597 ], [ -72.004241232721, 45.652882237151289 ], [ -72.010787884350563, 45.650455462093234 ] ] ] } },
{ "type": "Feature", "properties": { "hex_id": 722281, "centroid_lon": -72.009682039297743, "centroid_lat": 45.67121376787486, "occurrences_today": 5, "datetimes_today": "2026-07-25 12:01:47, 2026-07-25 12:16:54, 2026-07-25 12:31:42, 2026-07-25 12:46:57, 2026-07-25 12:57:23", "cumulative_total": 7.0 }, "geometry": { "type": "Polygon", "coordinates": [ [ [ -72.009958613900366, 45.66602420049071 ], [ -72.01623065136252, 45.668786734930251 ], [ -72.01595462981237, 45.67397632948866 ], [ -72.009405389093089, 45.676403329217436 ], [ -72.003132874193184, 45.673640409846726 ], [ -72.00341007742486, 45.668450875742764 ], [ -72.009958613900366, 45.66602420049071 ] ] ] } },
{ "type": "Feature", "properties": { "hex_id": 722282, "centroid_lon": -72.008851861776066, "centroid_lat": 45.686782433776024, "occurrences_today": 5, "datetimes_today": "2026-07-25 12:01:47, 2026-07-25 12:16:54, 2026-07-25 12:31:42, 2026-07-25 12:46:57, 2026-07-25 12:57:23", "cumulative_total": 7.0 }, "geometry": { "type": "Polygon", "coordinates": [ [ [ -72.009128663261023, 45.681592884517976 ], [ -72.015402360325268, 45.684355500496167 ], [ -72.015126112337541, 45.689545076944398 ], [ -72.00857498461275, 45.691971976991141 ], [ -72.002300809742366, 45.689208975872674 ], [ -72.002578240377431, 45.684019459912136 ], [ -72.009128663261023, 45.681592884517976 ] ] ] } },
{ "type": "Feature", "properties": { "hex_id": 722283, "centroid_lon": -72.008021003149111, "centroid_lat": 45.702351045290769, "occurrences_today": 5, "datetimes_today": "2026-07-25 12:01:47, 2026-07-25 12:16:54, 2026-07-25 12:31:42, 2026-07-25 12:46:57, 2026-07-25 12:57:23", "cumulative_total": 7.0 }, "geometry": { "type": "Polygon", "coordinates": [ [ [ -72.008298031745582, 45.697161514162865 ], [ -72.014573389746587, 45.699924211727513 ], [ -72.014296915092487, 45.705113770061537 ], [ -72.007743898797798, 45.707540570374398 ], [ -72.001468062621981, 45.704777487460277 ], [ -72.00174572089017, 45.699587989647199 ], [ -72.008298031745582, 45.697161514162865 ] ] ] } },
{ "type": "Feature", "properties": { "hex_id": 722890, "centroid_lon": -72.004518133104966, "centroid_lat": 45.647692678862441, "occurrences_today": 5, "datetimes_today": "2026-07-25 12:01:47, 2026-07-25 12:16:54, 2026-07-25 12:31:42, 2026-07-25 12:46:57, 2026-07-25 12:57:23", "cumulative_total": 10.0 }, "geometry": { "type": "Polygon", "coordinates": [ [ [ -72.00479495784063, 45.642503114528481 ], [ -72.011064156799407, 45.645265870547242 ], [ -72.010787884350563, 45.650455462093234 ], [ -72.004241232721, 45.652882237151289 ], [ -71.99797155713641, 45.650119096462838 ], [ -71.998249009781773, 45.644929565450347 ], [ -72.00479495784063, 45.642503114528481 ] ] ] } },
{ "type": "Feature", "properties": { "hex_id": 722891, "centroid_lon": -72.003687204906413, "centroid_lat": 45.663261335591919, "occurrences_today": 5, "datetimes_today": "2026-07-25 12:01:47, 2026-07-25 12:16:54, 2026-07-25 12:31:42, 2026-07-25 12:46:57, 2026-07-25 12:57:23", "cumulative_total": 7.0 }, "geometry": { "type": "Polygon", "coordinates": [ [ [ -72.003964256663295, 45.658071789394597 ], [ -72.010235112926452, 45.660834627065427 ], [ -72.009958613900366, 45.66602420049071 ], [ -72.00341007742486, 45.668450875742764 ], [ -71.997138744168282, 45.665687653193302 ], [ -71.99741642435518, 45.660498140334774 ], [ -72.003964256663295, 45.658071789394597 ] ] ] } },
{ "type": "Feature", "properties": { "hex_id": 722892, "centroid_lon": -72.002855595185864, "centroid_lat": 45.678829937903338, "occurrences_today": 5, "datetimes_today": "2026-07-25 12:01:47, 2026-07-25 12:16:54, 2026-07-25 12:31:42, 2026-07-25 12:46:57, 2026-07-25 12:57:23", "cumulative_total": 7.0 }, "geometry": { "type": "Polygon", "coordinates": [ [ [ -72.003132874193184, 45.673640409846726 ], [ -72.009405389093089, 45.676403329217436 ], [ -72.009128663261023, 45.681592884517976 ], [ -72.002578240377431, 45.684019459912136 ], [ -71.996305248116158, 45.681256155453745 ], [ -71.996583156074323, 45.676066660753236 ], [ -72.003132874193184, 45.673640409846726 ] ] ] } },
{ "type": "Feature", "properties": { "hex_id": 722893, "centroid_lon": -72.002023303255129, "centroid_lat": 45.694398485784525, "occurrences_today": 5, "datetimes_today": "2026-07-25 12:01:47, 2026-07-25 12:16:54, 2026-07-25 12:31:42, 2026-07-25 12:46:57, 2026-07-25 12:57:23", "cumulative_total": 7.0 }, "geometry": { "type": "Polygon", "coordinates": [ [ [ -72.002300809742366, 45.689208975872674 ], [ -72.00857498461275, 45.691971976991141 ], [ -72.008298031745582, 45.697161514162865 ], [ -72.00174572089017, 45.699587989647199 ], [ -71.9954710682902, 45.696824603231882 ], [ -71.995749204249677, 45.691635126693519 ], [ -72.002300809742366, 45.689208975872674 ] ] ] } },
{ "type": "Feature", "properties": { "hex_id": 723500, "centroid_lon": -71.998526386630928, "centroid_lat": 45.639740028387457, "occurrences_today": 5, "datetimes_today": "2026-07-25 12:01:47, 2026-07-25 12:16:54, 2026-07-25 12:31:42, 2026-07-25 12:46:57, 2026-07-25 12:57:23", "cumulative_total": 10.0 }, "geometry": { "type": "Polygon", "coordinates": [ [ [ -71.998803687709398, 45.634550485274588 ], [ -72.00507170695343, 45.637313544149904 ], [ -72.00479495784063, 45.642503114528481 ], [ -71.998249009781773, 45.644929565450347 ], [ -71.991980514355518, 45.642166121957821 ], [ -71.992258443144877, 45.636976612224942 ], [ -71.998803687709398, 45.634550485274588 ] ] ] } },
{ "type": "Feature", "properties": { "hex_id": 723501, "centroid_lon": -71.997694028669386, "centroid_lat": 45.655308621424467, "occurrences_today": 5, "datetimes_today": "2026-07-25 12:01:47, 2026-07-25 12:16:54, 2026-07-25 12:31:42, 2026-07-25 12:46:57, 2026-07-25 12:57:23", "cumulative_total": 7.0 }, "geometry": { "type": "Polygon", "coordinates": [ [ [ -71.99797155713641, 45.650119096462838 ], [ -72.004241232721, 45.652882237151289 ], [ -72.003964256663295, 45.658071789394597 ], [ -71.99741642435518, 45.660498140334774 ], [ -71.991146272221187, 45.657734614820228 ], [ -71.991424428919217, 45.652545123255919 ], [ -71.99797155713641, 45.650119096462838 ] ] ] } },
{ "type": "Feature", "properties": { "hex_id": 723502, "centroid_lon": -71.996860988083185, "centroid_lat": 45.670877159999606, "occurrences_today": 5, "datetimes_today": "2026-07-25 12:01:47, 2026-07-25 12:16:54, 2026-07-25 12:31:42, 2026-07-25 12:46:57, 2026-07-25 12:57:23", "cumulative_total": 7.0 }, "geometry": { "type": "Polygon", "coordinates": [ [ [ -71.997138744168282, 45.665687653193302 ], [ -72.00341007742486, 45.668450875742764 ], [ -72.003132874193184, 45.673640409846726 ], [ -71.996583156074323, 45.676066660753236 ], [ -71.990311345900835, 45.673303053168681 ], [ -71.990589730737582, 45.668113579777057 ], [ -71.997138744168282, 45.665687653193302 ] ] ] } },
{ "type": "Feature", "properties": { "hex_id": 723503, "centroid_lon": -71.996027264183127, "centroid_lat": 45.686445644100651, "occurrences_today": 5, "datetimes_today": "2026-07-25 12:01:47, 2026-07-25 12:16:54, 2026-07-25 12:31:42, 2026-07-25 12:46:57, 2026-07-25 12:57:23", "cumulative_total": 7.0 }, "geometry": { "type": "Polygon", "coordinates": [ [ [ -71.996305248116158, 45.681256155453745 ], [ -72.002578240377431, 45.684019459912136 ], [ -72.002300809742366, 45.689208975872674 ], [ -71.995749204249677, 45.691635126693519 ], [ -71.989475734703674, 45.688871436990894 ], [ -71.989754347909511, 45.683681981776054 ], [ -71.996305248116158, 45.681256155453745 ] ] ] } },
{ "type": "Feature", "properties": { "hex_id": 723504, "centroid_lon": -71.99519285627909, "centroid_lat": 45.702014073715318, "occurrences_today": 5, "datetimes_today": "2026-07-25 12:01:47, 2026-07-25 12:16:54, 2026-07-25 12:31:42, 2026-07-25 12:46:57, 2026-07-25 12:57:23", "cumulative_total": 7.0 }, "geometry": { "type": "Polygon", "coordinates": [ [ [ -71.9954710682902, 45.696824603231882 ], [ -72.00174572089017, 45.699587989647199 ], [ -72.001468062621981, 45.704777487460277 ], [ -71.994914568190765, 45.707203538143368 ], [ -71.98863943793792, 45.704439766274568 ], [ -71.98891827974353, 45.699250329240598 ], [ -71.9954710682902, 45.696824603231882 ] ] ] } },
{ "type": "Feature", "properties": { "hex_id": 724111, "centroid_lon": -71.991702509622129, "centroid_lat": 45.647355625634965, "occurrences_today": 5, "datetimes_today": "2026-07-25 12:01:47, 2026-07-25 12:16:54, 2026-07-25 12:31:42, 2026-07-25 12:46:57, 2026-07-25 12:57:23", "cumulative_total": 10.0 }, "geometry": { "type": "Polygon", "coordinates": [ [ [ -71.991980514355518, 45.642166121957821 ], [ -71.998249009781773, 45.644929565450347 ], [ -71.99797155713641, 45.650119096462838 ], [ -71.991424428919217, 45.652545123255919 ], [ -71.985155457387265, 45.649781294989886 ], [ -71.985434090152665, 45.644591824768582 ], [ -71.991980514355518, 45.642166121957821 ] ] ] } },
{ "type": "Feature", "properties": { "hex_id": 724112, "centroid_lon": -71.990868039502502, "centroid_lat": 45.66292410032743, "occurrences_today": 5, "datetimes_today": "2026-07-25 12:01:47, 2026-07-25 12:16:54, 2026-07-25 12:31:42, 2026-07-25 12:46:57, 2026-07-25 12:57:23", "cumulative_total": 7.0 }, "geometry": { "type": "Polygon", "coordinates": [ [ [ -71.991146272221187, 45.657734614820228 ], [ -71.99741642435518, 45.660498140334774 ], [ -71.997138744168282, 45.665687653193302 ], [ -71.990589730737582, 45.668113579777057 ], [ -71.984319102130826, 45.665349669280019 ], [ -71.984597963401953, 45.660160217246059 ], [ -71.991146272221187, 45.657734614820228 ] ] ] } },
{ "type": "Feature", "properties": { "hex_id": 724113, "centroid_lon": -71.990032884966681, "centroid_lat": 45.678492520501841, "occurrences_today": 5, "datetimes_today": "2026-07-25 12:01:47, 2026-07-25 12:16:54, 2026-07-25 12:31:42, 2026-07-25 12:46:57, 2026-07-25 12:57:23", "cumulative_total": 7.0 }, "geometry": { "type": "Polygon", "coordinates": [ [ [ -71.990311345900835, 45.673303053168681 ], [ -71.996583156074323, 45.676066660753236 ], [ -71.996305248116158, 45.681256155453745 ], [ -71.989754347909511, 45.683681981776054 ], [ -71.983482060895867, 45.680917988999916 ], [ -71.983761150903433, 45.675728555157413 ], [ -71.990311345900835, 45.673303053168681 ] ] ] } },
{ "type": "Feature", "properties": { "hex_id": 724114, "centroid_lon": -71.989197045323579, "centroid_lat": 45.694060886145905, "occurrences_today": 5, "datetimes_today": "2026-07-25 12:01:47, 2026-07-25 12:16:54, 2026-07-25 12:31:42, 2026-07-25 12:46:57, 2026-07-25 12:57:23", "cumulative_total": 7.0 }, "geometry": { "type": "Polygon", "coordinates": [ [ [ -71.989475734703674, 45.688871436990894 ], [ -71.995749204249677, 45.691635126693519 ], [ -71.9954710682902, 45.696824603231882 ], [ -71.98891827974353, 45.699250329240598 ], [ -71.982644332989665, 45.696486254137184 ], [ -71.982923651964668, 45.691296838490267 ], [ -71.989475734703674, 45.688871436990894 ] ] ] } },
{ "type": "Feature", "properties": { "hex_id": 724721, "centroid_lon": -71.985712646800692, "centroid_lat": 45.639402348485746, "occurrences_today": 5, "datetimes_today": "2026-07-25 12:01:47, 2026-07-25 12:16:54, 2026-07-25 12:31:42, 2026-07-25 12:46:57, 2026-07-25 12:57:23", "cumulative_total": 10.0 }, "geometry": { "type": "Polygon", "coordinates": [ [ [ -71.985991127356954, 45.634212866141816 ], [ -71.992258443144877, 45.636976612224942 ], [ -71.991980514355518, 45.642166121957821 ], [ -71.985434090152665, 45.644591824768582 ], [ -71.979166298702424, 45.64182769396453 ], [ -71.979445407091774, 45.636638245134932 ], [ -71.985991127356954, 45.634212866141816 ] ] ] } },
{ "type": "Feature", "properties": { "hex_id": 724722, "centroid_lon": -71.984876748478897, "centroid_lat": 45.654970759149194, "occurrences_today": 5, "datetimes_today": "2026-07-25 12:01:47, 2026-07-25 12:16:54, 2026-07-25 12:31:42, 2026-07-25 12:46:57, 2026-07-25 12:57:23", "cumulative_total": 7.0 }, "geometry": { "type": "Polygon", "coordinates": [ [ [ -71.985155457387265, 45.649781294989886 ], [ -71.991424428919217, 45.652545123255919 ], [ -71.991146272221187, 45.657734614820228 ], [ -71.984597963401953, 45.660160217246059 ], [ -71.978328515841056, 45.657396004050163 ], [ -71.978607853102716, 45.652206573422589 ], [ -71.985155457387265, 45.649781294989886 ] ] ] } },
{ "type": "Feature", "properties": { "hex_id": 724723, "centroid_lon": -71.98404016463985, "centroid_lat": 45.670539115250619, "occurrences_today": 5, "datetimes_today": "2026-07-25 12:01:47, 2026-07-25 12:16:54, 2026-07-25 12:31:42, 2026-07-25 12:46:57, 2026-07-25 12:57:23", "cumulative_total": 7.0 }, "geometry": { "type": "Polygon", "coordinates": [ [ [ -71.984319102130826, 45.665349669280019 ], [ -71.990589730737582, 45.668113579777057 ], [ -71.990311345900835, 45.673303053168681 ], [ -71.983761150903433, 45.675728555157413 ], [ -71.977490045900751, 45.672964259521471 ], [ -71.97776961226576, 45.667774847100056 ], [ -71.984319102130826, 45.665349669280019 ] ] ] } },
{ "type": "Feature", "properties": { "hex_id": 724724, "centroid_lon": -71.983202894591514, "centroid_lat": 45.686107416777695, "occurrences_today": 5, "datetimes_today": "2026-07-25 12:01:47, 2026-07-25 12:16:54, 2026-07-25 12:31:42, 2026-07-25 12:46:57, 2026-07-25 12:57:23", "cumulative_total": 7.0 }, "geometry": { "type": "Polygon", "coordinates": [ [ [ -71.983482060895867, 45.680917988999916 ], [ -71.989754347909511, 45.683681981776054 ], [ -71.989475734703674, 45.688871436990894 ], [ -71.982923651964668, 45.691296838490267 ], [ -71.97665088818782, 45.688532460366034 ], [ -71.976930683887517, 45.683343066154933 ], [ -71.983482060895867, 45.680917988999916 ] ] ] } },
{ "type": "Feature", "properties": { "hex_id": 724725, "centroid_lon": -71.982364937640767, "centroid_lat": 45.701675663718014, "occurrences_today": 5, "datetimes_today": "2026-07-25 12:01:47, 2026-07-25 12:16:54, 2026-07-25 12:31:42, 2026-07-25 12:46:57, 2026-07-25 12:57:23", "cumulative_total": 7.0 }, "geometry": { "type": "Polygon", "coordinates": [ [ [ -71.982644332989665, 45.696486254137184 ], [ -71.98891827974353, 45.699250329240598 ], [ -71.98863943793792, 45.704439766274568 ], [ -71.982085465892283, 45.706865067232279 ], [ -71.975811042007592, 45.70410060657148 ], [ -71.976091067273629, 45.69891123057478 ], [ -71.982644332989665, 45.696486254137184 ] ] ] } },
{ "type": "Feature", "properties": { "hex_id": 724730, "centroid_lon": -71.978164825024749, "centroid_lat": 45.779516079186045, "occurrences_today": 9, "datetimes_today": "2026-07-25 12:01:47, 2026-07-25 12:16:54, 2026-07-25 12:31:42, 2026-07-25 12:46:57, 2026-07-25 12:57:23, 2026-07-25 13:17:05, 2026-07-25 13:31:44, 2026-07-25 13:47:17, 2026-07-25 13:59:59", "cumulative_total": 26.0 }, "geometry": { "type": "Polygon", "coordinates": [ [ [ -71.978445369074805, 45.774326760651789 ], [ -71.984727634575449, 45.777091248116079 ], [ -71.984447646298833, 45.78228059418408 ], [ -71.977884204187845, 45.784705391646838 ], [ -71.971601459713568, 45.781940517576814 ], [ -71.971882636297977, 45.776751232714368 ], [ -71.978445369074805, 45.774326760651789 ] ] ] } },
{ "type": "Feature", "properties": { "hex_id": 725331, "centroid_lon": -71.979724439241622, "centroid_lat": 45.63144879023892, "occurrences_today": 5, "datetimes_today": "2026-07-25 12:01:47, 2026-07-25 12:16:54, 2026-07-25 12:31:42, 2026-07-25 12:46:57, 2026-07-25 12:57:23", "cumulative_total": 10.0 }, "geometry": { "type": "Polygon", "coordinates": [ [ [ -71.980003395177604, 45.626259329276955 ], [ -71.986269531846986, 45.629023377737276 ], [ -71.985991127356954, 45.634212866141816 ], [ -71.979445407091774, 45.636638245134932 ], [ -71.973178795203125, 45.633873812006293 ], [ -71.973458378773316, 45.628684384617095 ], [ -71.980003395177604, 45.626259329276955 ] ] ] } },
{ "type": "Feature", "properties": { "hex_id": 725332, "centroid_lon": -71.97888711404795, "centroid_lat": 45.647017136727243, "occurrences_today": 5, "datetimes_today": "2026-07-25 12:01:47, 2026-07-25 12:16:54, 2026-07-25 12:31:42, 2026-07-25 12:46:57, 2026-07-25 12:57:23", "cumulative_total": 10.0 }, "geometry": { "type": "Polygon", "coordinates": [ [ [ -71.979166298702424, 45.64182769396453 ], [ -71.985434090152665, 45.644591824768582 ], [ -71.985155457387265, 45.649781294989886 ], [ -71.978607853102716, 45.652206573422589 ], [ -71.972339586067008, 45.649442057741346 ], [ -71.972619398875665, 45.644252648568873 ], [ -71.979166298702424, 45.64182769396453 ] ] ] } },
{ "type": "Feature", "properties": { "hex_id": 725333, "centroid_lon": -71.978049102237279, "centroid_lat": 45.662585428609468, "occurrences_today": 5, "datetimes_today": "2026-07-25 12:01:47, 2026-07-25 12:16:54, 2026-07-25 12:31:42, 2026-07-25 12:46:57, 2026-07-25 12:57:23", "cumulative_total": 10.0 }, "geometry": { "type": "Polygon", "coordinates": [ [ [ -71.978328515841056, 45.657396004050163 ], [ -71.984597963401953, 45.660160217246059 ], [ -71.984319102130826, 45.665349669280019 ], [ -71.97776961226576, 45.667774847100056 ], [ -71.971499688752829, 45.665010248817936 ], [ -71.971779731031305, 45.659820857866336 ], [ -71.978328515841056, 45.657396004050163 ] ] ] } },
{ "type": "Feature", "properties": { "hex_id": 725334, "centroid_lon": -71.977210403116572, "centroid_lat": 45.678153665873253, "occurrences_today": 5, "datetimes_today": "2026-07-25 12:01:47, 2026-07-25 12:16:54, 2026-07-25 12:31:42, 2026-07-25 12:46:57, 2026-07-25 12:57:23", "cumulative_total": 7.0 }, "geometry": { "type": "Polygon", "coordinates": [ [ [ -71.977490045900751, 45.672964259521471 ], [ -71.983761150903433, 45.675728555157413 ], [ -71.983482060895867, 45.680917988999916 ], [ -71.976930683887517, 45.683343066154933 ], [ -71.970659102565961, 45.680578385223633 ], [ -71.970939374545907, 45.67538901249705 ], [ -71.977490045900751, 45.672964259521471 ] ] ] } },
{ "type": "Feature", "properties": { "hex_id": 725335, "centroid_lon": -71.976371015991774, "centroid_lat": 45.693721848506151, "occurrences_today": 5, "datetimes_today": "2026-07-25 12:01:47, 2026-07-25 12:16:54, 2026-07-25 12:31:42, 2026-07-25 12:46:57, 2026-07-25 12:57:23", "cumulative_total": 7.0 }, "geometry": { "type": "Polygon", "coordinates": [ [ [ -71.97665088818782, 45.688532460366034 ], [ -71.982923651964668, 45.691296838490267 ], [ -71.982644332989665, 45.696486254137184 ], [ -71.976091067273629, 45.69891123057478 ], [ -71.96981782681074, 45.696146466945955 ], [ -71.970098328724163, 45.690957112448544 ], [ -71.97665088818782, 45.688532460366034 ] ] ] } },
{ "type": "Feature", "properties": { "hex_id": 725339, "centroid_lon": -71.97300657353675, "centroid_lat": 45.7559940324808, "occurrences_today": 9, "datetimes_today": "2026-07-25 12:01:47, 2026-07-25 12:16:54, 2026-07-25 12:31:42, 2026-07-25 12:46:57, 2026-07-25 12:57:23, 2026-07-25 13:17:05, 2026-07-25 13:31:44, 2026-07-25 13:47:17, 2026-07-25 13:59:59", "cumulative_total": 24.0 }, "geometry": { "type": "Polygon", "coordinates": [ [ [ -71.973287365701367, 45.75080471722876 ], [ -71.979566777924575, 45.7535694257896 ], [ -71.979286540762942, 45.758758768613014 ], [ -71.972725704540025, 45.761183341655837 ], [ -71.966445814158888, 45.758418246752122 ], [ -71.966727238132719, 45.753228965212998 ], [ -71.973287365701367, 45.75080471722876 ] ] ] } },
{ "type": "Feature", "properties": { "hex_id": 725340, "centroid_lon": -71.972163735946566, "centroid_lat": 45.771561941773086, "occurrences_today": 9, "datetimes_today": "2026-07-25 12:01:47, 2026-07-25 12:16:54, 2026-07-25 12:31:42, 2026-07-25 12:46:57, 2026-07-25 12:57:23, 2026-07-25 13:17:05, 2026-07-25 13:31:44, 2026-07-25 13:47:17, 2026-07-25 13:59:59", "cumulative_total": 26.0 }, "geometry": { "type": "Polygon", "coordinates": [ [ [ -71.972444758685256, 45.766372644753432 ], [ -71.978725836363935, 45.769137436044566 ], [ -71.978445369074805, 45.774326760651789 ], [ -71.971882636297977, 45.776751232714368 ], [ -71.965601080092597, 45.773986054870477 ], [ -71.965882735164811, 45.76879679158133 ], [ -71.972444758685256, 45.766372644753432 ] ] ] } },
{ "type": "Feature", "properties": { "hex_id": 725942, "centroid_lon": -71.972899135245811, "centroid_lat": 45.639063233323711, "occurrences_today": 5, "datetimes_today": "2026-07-25 12:01:47, 2026-07-25 12:16:54, 2026-07-25 12:31:42, 2026-07-25 12:46:57, 2026-07-25 12:57:23", "cumulative_total": 10.0 }, "geometry": { "type": "Polygon", "coordinates": [ [ [ -71.973178795203125, 45.633873812006293 ], [ -71.979445407091774, 45.636638245134932 ], [ -71.979166298702424, 45.64182769396453 ], [ -71.972619398875665, 45.644252648568873 ], [ -71.966352311844716, 45.641487830615695 ], [ -71.966632599757148, 45.636298442946973 ], [ -71.973178795203125, 45.633873812006293 ] ] ] } },
{ "type": "Feature", "properties": { "hex_id": 725943, "centroid_lon": -71.972059696794133, "centroid_lat": 45.654631460840648, "occurrences_today": 5, "datetimes_today": "2026-07-25 12:01:47, 2026-07-25 12:16:54, 2026-07-25 12:31:42, 2026-07-25 12:46:57, 2026-07-25 12:57:23", "cumulative_total": 13.0 }, "geometry": { "type": "Polygon", "coordinates": [ [ [ -71.972339586067008, 45.649442057741346 ], [ -71.978607853102716, 45.652206573422589 ], [ -71.978328515841056, 45.657396004050163 ], [ -71.971779731031305, 45.659820857866336 ], [ -71.965510988487182, 45.657055957151584 ], [ -71.965791506235476, 45.651866587718452 ], [ -71.972339586067008, 45.649442057741346 ] ] ] } },
{ "type": "Feature", "properties": { "hex_id": 725944, "centroid_lon": -71.971219569932956, "centroid_lat": 45.670199633694999, "occurrences_today": 5, "datetimes_today": "2026-07-25 12:01:47, 2026-07-25 12:16:54, 2026-07-25 12:31:42, 2026-07-25 12:46:57, 2026-07-25 12:57:23", "cumulative_total": 7.0 }, "geometry": { "type": "Polygon", "coordinates": [ [ [ -71.971499688752829, 45.665010248817936 ], [ -71.97776961226576, 45.667774847100056 ], [ -71.977490045900751, 45.672964259521471 ], [ -71.970939374545907, 45.67538901249705 ], [ -71.964668975158148, 45.672624028972336 ], [ -71.96494972297431, 45.667434677778971 ], [ -71.971499688752829, 45.665010248817936 ] ] ] } },
{ "type": "Feature", "properties": { "hex_id": 725945, "centroid_lon": -71.970378753967296, "centroid_lat": 45.685767751874295, "occurrences_today": 5, "datetimes_today": "2026-07-25 12:01:47, 2026-07-25 12:16:54, 2026-07-25 12:31:42, 2026-07-25 12:46:57, 2026-07-25 12:57:23", "cumulative_total": 7.0 }, "geometry": { "type": "Polygon", "coordinates": [ [ [ -71.970659102565961, 45.680578385223633 ], [ -71.976930683887517, 45.683343066154933 ], [ -71.97665088818782, 45.688532460366034 ], [ -71.970098328724163, 45.690957112448544 ], [ -71.963826271161025, 45.688192046065431 ], [ -71.964107249277347, 45.683002713116025 ], [ -71.970659102565961, 45.680578385223633 ] ] ] } },
{ "type": "Feature", "properties": { "hex_id": 725946, "centroid_lon": -71.96953724820122, "centroid_lat": 45.701335815366043, "occurrences_today": 5, "datetimes_today": "2026-07-25 12:01:47, 2026-07-25 12:16:54, 2026-07-25 12:31:42, 2026-07-25 12:46:57, 2026-07-25 12:57:23", "cumulative_total": 7.0 }, "geometry": { "type": "Polygon", "coordinates": [ [ [ -71.96981782681074, 45.696146466945955 ], [ -71.976091067273629, 45.69891123057478 ], [ -71.975811042007592, 45.70410060657148 ], [ -71.969256592869769, 45.706525157708363 ], [ -71.962982875798232, 45.703760008418371 ], [ -71.963264084447346, 45.698570693717066 ], [ -71.96981782681074, 45.696146466945955 ] ] ] } },
{ "type": "Feature", "properties": { "hex_id": 725948, "centroid_lon": -71.967852164478856, "centroid_lat": 45.732471778237134, "occurrences_today": 9, "datetimes_today": "2026-07-25 12:01:47, 2026-07-25 12:16:54, 2026-07-25 12:31:42, 2026-07-25 12:46:57, 2026-07-25 12:57:23, 2026-07-25 13:17:05, 2026-07-25 13:31:44, 2026-07-25 13:47:17, 2026-07-25 13:59:59", "cumulative_total": 11.0 }, "geometry": { "type": "Polygon", "coordinates": [ [ [ -71.968133203807753, 45.727282466290625 ], [ -71.97440976655659, 45.730047395459842 ], [ -71.974129281461543, 45.735236735015249 ], [ -71.967571048272816, 45.737661084103074 ], [ -71.961294008180232, 45.734895768853633 ], [ -71.961575678594201, 45.729706490661101 ], [ -71.968133203807753, 45.727282466290625 ] ] ] } },
{ "type": "Feature", "properties": { "hex_id": 725949, "centroid_lon": -71.967008585125683, "centroid_lat": 45.748039677591464, "occurrences_today": 9, "datetimes_today": "2026-07-25 12:01:47, 2026-07-25 12:16:54, 2026-07-25 12:31:42, 2026-07-25 12:46:57, 2026-07-25 12:57:23, 2026-07-25 13:17:05, 2026-07-25 13:31:44, 2026-07-25 13:47:17, 2026-07-25 13:59:59", "cumulative_total": 24.0 }, "geometry": { "type": "Polygon", "coordinates": [ [ [ -71.967289855163742, 45.742850383888012 ], [ -71.973568081059796, 45.745615395900188 ], [ -71.973287365701367, 45.75080471722876 ], [ -71.966727238132719, 45.753228965212998 ], [ -71.9604485345249, 45.750463566910888 ], [ -71.960730436171573, 45.745274306978985 ], [ -71.967289855163742, 45.742850383888012 ] ] ] } },
{ "type": "Feature", "properties": { "hex_id": 725950, "centroid_lon": -71.966164313178254, "centroid_lat": 45.763607522208389, "occurrences_today": 9, "datetimes_today": "2026-07-25 12:01:47, 2026-07-25 12:16:54, 2026-07-25 12:31:42, 2026-07-25 12:46:57, 2026-07-25 12:57:23, 2026-07-25 13:17:05, 2026-07-25 13:31:44, 2026-07-25 13:47:17, 2026-07-25 13:59:59", "cumulative_total": 24.0 }, "geometry": { "type": "Polygon", "coordinates": [ [ [ -71.966445814158888, 45.758418246752122 ], [ -71.972725704540025, 45.761183341655837 ], [ -71.972444758685256, 45.766372644753432 ], [ -71.965882735164811, 45.76879679158133 ], [ -71.959602366703578, 45.766031310177837 ], [ -71.959884499816923, 45.760842068510769 ], [ -71.966445814158888, 45.758418246752122 ] ] ] } },
{ "type": "Feature", "properties": { "hex_id": 725951, "centroid_lon": -71.965319347935605, "centroid_lat": 45.779175312075388, "occurrences_today": 9, "datetimes_today": "2026-07-25 12:01:47, 2026-07-25 12:16:54, 2026-07-25 12:31:42, 2026-07-25 12:46:57, 2026-07-25 12:57:23, 2026-07-25 13:17:05, 2026-07-25 13:31:44, 2026-07-25 13:47:17, 2026-07-25 13:59:59", "cumulative_total": 38.0 }, "geometry": { "type": "Polygon", "coordinates": [ [ [ -71.965601080092597, 45.773986054870477 ], [ -71.971882636297977, 45.776751232714368 ], [ -71.971601459713568, 45.781940517576814 ], [ -71.965037538667829, 45.784364563195552 ], [ -71.958755504013681, 45.781598998641925 ], [ -71.959037868828005, 45.77640977524387 ], [ -71.965601080092597, 45.773986054870477 ] ] ] } },
{ "type": "Feature", "properties": { "hex_id": 726552, "centroid_lon": -71.966912811109111, "centroid_lat": 45.631109049200653, "occurrences_today": 5, "datetimes_today": "2026-07-25 12:01:47, 2026-07-25 12:16:54, 2026-07-25 12:31:42, 2026-07-25 12:46:57, 2026-07-25 12:57:23", "cumulative_total": 10.0 }, "geometry": { "type": "Polygon", "coordinates": [ [ [ -71.967192945926371, 45.625919649377181 ], [ -71.973458378773316, 45.628684384617095 ], [ -71.973178795203125, 45.633873812006293 ], [ -71.966632599757148, 45.636298442946973 ], [ -71.960366692210727, 45.633533322935214 ], [ -71.960647454784052, 45.62834395681886 ], [ -71.967192945926371, 45.625919649377181 ] ] ] } },
{ "type": "Feature", "properties": { "hex_id": 726553, "centroid_lon": -71.96607194734608, "centroid_lat": 45.646677212206342, "occurrences_today": 5, "datetimes_today": "2026-07-25 12:01:47, 2026-07-25 12:16:54, 2026-07-25 12:31:42, 2026-07-25 12:46:57, 2026-07-25 12:57:23", "cumulative_total": 10.0 }, "geometry": { "type": "Polygon", "coordinates": [ [ [ -71.966352311844716, 45.641487830615695 ], [ -71.972619398875665, 45.644252648568873 ], [ -71.972339586067008, 45.649442057741346 ], [ -71.965791506235476, 45.651866587718452 ], [ -71.959523944139391, 45.649101384784508 ], [ -71.959804936914182, 45.643912036918508 ], [ -71.966352311844716, 45.641487830615695 ] ] ] } },
{ "type": "Feature", "properties": { "hex_id": 726554, "centroid_lon": -71.965230394075377, "centroid_lat": 45.662245320505242, "occurrences_today": 5, "datetimes_today": "2026-07-25 12:01:47, 2026-07-25 12:16:54, 2026-07-25 12:31:42, 2026-07-25 12:46:57, 2026-07-25 12:57:23", "cumulative_total": 10.0 }, "geometry": { "type": "Polygon", "coordinates": [ [ [ -71.965510988487182, 45.657055957151584 ], [ -71.971779731031305, 45.659820857866336 ], [ -71.971499688752829, 45.665010248817936 ], [ -71.96494972297431, 45.667434677778971 ], [ -71.958680504999037, 45.664669391874384 ], [ -71.958961728207626, 45.659480062262922 ], [ -71.965510988487182, 45.657055957151584 ] ] ] } },
{ "type": "Feature", "properties": { "hex_id": 726555, "centroid_lon": -71.96438815060111, "centroid_lat": 45.677813374084835, "occurrences_today": 5, "datetimes_today": "2026-07-25 12:01:47, 2026-07-25 12:16:54, 2026-07-25 12:31:42, 2026-07-25 12:46:57, 2026-07-25 12:57:23", "cumulative_total": 7.0 }, "geometry": { "type": "Polygon", "coordinates": [ [ [ -71.964668975158148, 45.672624028972336 ], [ -71.970939374545907, 45.67538901249705 ], [ -71.970659102565961, 45.680578385223633 ], [ -71.964107249277347, 45.683002713116025 ], [ -71.957836374092125, 45.680237344192307 ], [ -71.958117827967143, 45.675048032839555 ], [ -71.964668975158148, 45.672624028972336 ] ] ] } },
{ "type": "Feature", "properties": { "hex_id": 726556, "centroid_lon": -71.963545216226322, "centroid_lat": 45.693381372932613, "occurrences_today": 5, "datetimes_today": "2026-07-25 12:01:47, 2026-07-25 12:16:54, 2026-07-25 12:31:42, 2026-07-25 12:46:57, 2026-07-25 12:57:23", "cumulative_total": 7.0 }, "geometry": { "type": "Polygon", "coordinates": [ [ [ -71.963826271161025, 45.688192046065431 ], [ -71.970098328724163, 45.690957112448544 ], [ -71.96981782681074, 45.696146466945955 ], [ -71.963264084447346, 45.698570693717066 ], [ -71.956991550720119, 45.695805241725651 ], [ -71.957273235494512, 45.690615948635816 ], [ -71.963826271161025, 45.688192046065431 ] ] ] } },
{ "type": "Feature", "properties": { "hex_id": 726557, "centroid_lon": -71.96270159025309, "centroid_lat": 45.708949317036044, "occurrences_today": 5, "datetimes_today": "2026-07-25 12:01:47, 2026-07-25 12:16:54, 2026-07-25 12:31:42, 2026-07-25 12:46:57, 2026-07-25 12:57:23", "cumulative_total": 7.0 }, "geometry": { "type": "Polygon", "coordinates": [ [ [ -71.962982875798232, 45.703760008418371 ], [ -71.969256592869769, 45.706525157708363 ], [ -71.96897586079055, 45.711714493972444 ], [ -71.962420227786041, 45.71413861956961 ], [ -71.956146034183462, 45.711373084461876 ], [ -71.956427950090529, 45.70618380963915 ], [ -71.962982875798232, 45.703760008418371 ] ] ] } },
{ "type": "Feature", "properties": { "hex_id": 726558, "centroid_lon": -71.961857271982524, "centroid_lat": 45.724517206382608, "occurrences_today": 9, "datetimes_today": "2026-07-25 12:01:47, 2026-07-25 12:16:54, 2026-07-25 12:31:42, 2026-07-25 12:46:57, 2026-07-25 12:57:23, 2026-07-25 13:17:05, 2026-07-25 13:31:44, 2026-07-25 13:47:17, 2026-07-25 13:59:59", "cumulative_total": 11.0 }, "geometry": { "type": "Polygon", "coordinates": [ [ [ -71.962138788371163, 45.719327916018628 ], [ -71.968414166285413, 45.72209314826403 ], [ -71.968133203807753, 45.727282466290625 ], [ -71.961575678594201, 45.729706490661101 ], [ -71.95529982378163, 45.72694087238839 ], [ -71.955581971054983, 45.721751615836958 ], [ -71.962138788371163, 45.719327916018628 ] ] ] } },
{ "type": "Feature", "properties": { "hex_id": 726560, "centroid_lon": -71.960166555748685, "centroid_lat": 45.755652820754968, "occurrences_today": 11, "datetimes_today": "2026-07-25 12:01:47, 2026-07-25 12:16:54, 2026-07-25 12:31:42, 2026-07-25 12:46:57, 2026-07-25 12:57:23, 2026-07-25 13:17:05, 2026-07-25 13:31:44, 2026-07-25 13:47:17, 2026-07-25 13:59:59, 2026-07-25 14:17:10, 2026-07-25 14:32:01", "cumulative_total": 36.0 }, "geometry": { "type": "Polygon", "coordinates": [ [ [ -71.9604485345249, 45.750463566910888 ], [ -71.966727238132719, 45.753228965212998 ], [ -71.966445814158888, 45.758418246752122 ], [ -71.959884499816923, 45.760842068510769 ], [ -71.953605318575285, 45.758076283761895 ], [ -71.953887929283425, 45.752887063765677 ], [ -71.9604485345249, 45.750463566910888 ] ] ] } },
{ "type": "Feature", "properties": { "hex_id": 726561, "centroid_lon": -71.959320156382603, "centroid_lat": 45.771220545755675, "occurrences_today": 9, "datetimes_today": "2026-07-25 12:01:47, 2026-07-25 12:16:54, 2026-07-25 12:31:42, 2026-07-25 12:46:57, 2026-07-25 12:57:23, 2026-07-25 13:17:05, 2026-07-25 13:31:44, 2026-07-25 13:47:17, 2026-07-25 13:59:59", "cumulative_total": 24.0 }, "geometry": { "type": "Polygon", "coordinates": [ [ [ -71.959602366703578, 45.766031310177837 ], [ -71.965882735164811, 45.76879679158133 ], [ -71.965601080092597, 45.773986054870477 ], [ -71.959037868828005, 45.77640977524387 ], [ -71.952757022364693, 45.773643907183704 ], [ -71.953039865142003, 45.768454705471378 ], [ -71.959602366703578, 45.766031310177837 ] ] ] } },
{ "type": "Feature", "properties": { "hex_id": 727163, "centroid_lon": -71.960085852929382, "centroid_lat": 45.638722682968584, "occurrences_today": 5, "datetimes_today": "2026-07-25 12:01:47, 2026-07-25 12:16:54, 2026-07-25 12:31:42, 2026-07-25 12:46:57, 2026-07-25 12:57:23", "cumulative_total": 10.0 }, "geometry": { "type": "Polygon", "coordinates": [ [ [ -71.960366692210727, 45.633533322935214 ], [ -71.966632599757148, 45.636298442946973 ], [ -71.966352311844716, 45.641487830615695 ], [ -71.959804936914182, 45.643912036918508 ], [ -71.953538554745577, 45.64114653197872 ], [ -71.953820022103898, 45.635957205728424 ], [ -71.960366692210727, 45.633533322935214 ] ] ] } },
{ "type": "Feature", "properties": { "hex_id": 727164, "centroid_lon": -71.959242874579132, "centroid_lat": 45.654290726566138, "occurrences_today": 5, "datetimes_today": "2026-07-25 12:01:47, 2026-07-25 12:16:54, 2026-07-25 12:31:42, 2026-07-25 12:46:57, 2026-07-25 12:57:23", "cumulative_total": 13.0 }, "geometry": { "type": "Polygon", "coordinates": [ [ [ -71.959523944139391, 45.649101384784508 ], [ -71.965791506235476, 45.651866587718452 ], [ -71.965510988487182, 45.657055957151584 ], [ -71.958961728207626, 45.659480062262922 ], [ -71.95269369112377, 45.656714474191922 ], [ -71.952975389281377, 45.651525166210938 ], [ -71.959523944139391, 45.649101384784508 ] ] ] } },
{ "type": "Feature", "properties": { "hex_id": 727165, "centroid_lon": -71.958399204927503, "centroid_lat": 45.669858715400082, "occurrences_today": 5, "datetimes_today": "2026-07-25 12:01:47, 2026-07-25 12:16:54, 2026-07-25 12:31:42, 2026-07-25 12:46:57, 2026-07-25 12:57:23", "cumulative_total": 7.0 }, "geometry": { "type": "Polygon", "coordinates": [ [ [ -71.958680504999037, 45.664669391874384 ], [ -71.96494972297431, 45.667434677778971 ], [ -71.964668975158148, 45.672624028972336 ], [ -71.958117827967143, 45.675048032839555 ], [ -71.951848134638212, 45.672282361588785 ], [ -71.952130063828093, 45.667093071881311 ], [ -71.958680504999037, 45.664669391874384 ] ] ] } },
{ "type": "Feature", "properties": { "hex_id": 727167, "centroid_lon": -71.956709788927427, "centroid_lat": 45.700994528726916, "occurrences_today": 5, "datetimes_today": "2026-07-25 12:01:47, 2026-07-25 12:16:54, 2026-07-25 12:31:42, 2026-07-25 12:46:57, 2026-07-25 12:57:23", "cumulative_total": 7.0 }, "geometry": { "type": "Polygon", "coordinates": [ [ [ -71.956991550720119, 45.695805241725651 ], [ -71.963264084447346, 45.698570693717066 ], [ -71.962982875798232, 45.703760008418371 ], [ -71.956427950090529, 45.70618380963915 ], [ -71.950154940276917, 45.703417971882892 ], [ -71.950437332231459, 45.698228718735088 ], [ -71.956991550720119, 45.695805241725651 ] ] ] } },
{ "type": "Feature", "properties": { "hex_id": 727168, "centroid_lon": -71.955864041180263, "centroid_lat": 45.716562353194639, "occurrences_today": 9, "datetimes_today": "2026-07-25 12:01:47, 2026-07-25 12:16:54, 2026-07-25 12:31:42, 2026-07-25 12:46:57, 2026-07-25 12:57:23, 2026-07-25 13:17:05, 2026-07-25 13:31:44, 2026-07-25 13:47:17, 2026-07-25 13:59:59", "cumulative_total": 11.0 }, "geometry": { "type": "Polygon", "coordinates": [ [ [ -71.956146034183462, 45.711373084461876 ], [ -71.962420227786041, 45.71413861956961 ], [ -71.962138788371163, 45.719327916018628 ], [ -71.955581971054983, 45.721751615836958 ], [ -71.94930730099918, 45.718985694754892 ], [ -71.949589924686791, 45.713796459893253 ], [ -71.956146034183462, 45.711373084461876 ] ] ] } },
{ "type": "Feature", "properties": { "hex_id": 727169, "centroid_lon": -71.955017599334184, "centroid_lat": 45.732130122848446, "occurrences_today": 11, "datetimes_today": "2026-07-25 12:01:47, 2026-07-25 12:16:54, 2026-07-25 12:31:42, 2026-07-25 12:46:57, 2026-07-25 12:57:23, 2026-07-25 13:17:05, 2026-07-25 13:31:44, 2026-07-25 13:47:17, 2026-07-25 13:59:59, 2026-07-25 14:17:10, 2026-07-25 14:32:01", "cumulative_total": 13.0 }, "geometry": { "type": "Polygon", "coordinates": [ [ [ -71.95529982378163, 45.72694087238839 ], [ -71.961575678594201, 45.729706490661101 ], [ -71.961294008180232, 45.734895768853633 ], [ -71.954735297686682, 45.737319367216671 ], [ -71.948458966053721, 45.734553362759982 ], [ -71.948741821708694, 45.729364146188729 ], [ -71.95529982378163, 45.72694087238839 ] ] ] } },
{ "type": "Feature", "properties": { "hex_id": 727170, "centroid_lon": -71.954170462687344, "centroid_lat": 45.747697837675759, "occurrences_today": 11, "datetimes_today": "2026-07-25 12:01:47, 2026-07-25 12:16:54, 2026-07-25 12:31:42, 2026-07-25 12:46:57, 2026-07-25 12:57:23, 2026-07-25 13:17:05, 2026-07-25 13:31:44, 2026-07-25 13:47:17, 2026-07-25 13:59:59, 2026-07-25 14:17:10, 2026-07-25 14:32:01", "cumulative_total": 36.0 }, "geometry": { "type": "Polygon", "coordinates": [ [ [ -71.954452918813075, 45.742508605492603 ], [ -71.960730436171573, 45.745274306978985 ], [ -71.9604485345249, 45.750463566910888 ], [ -71.953887929283425, 45.752887063765677 ], [ -71.947609934737059, 45.75012097588553 ], [ -71.947893022593988, 45.744931777608848 ], [ -71.954452918813075, 45.742508605492603 ] ] ] } },
{ "type": "Feature", "properties": { "hex_id": 727171, "centroid_lon": -71.953322630536832, "centroid_lat": 45.763265497663951, "occurrences_today": 11, "datetimes_today": "2026-07-25 12:01:47, 2026-07-25 12:16:54, 2026-07-25 12:31:42, 2026-07-25 12:46:57, 2026-07-25 12:57:23, 2026-07-25 13:17:05, 2026-07-25 13:31:44, 2026-07-25 13:47:17, 2026-07-25 13:59:59, 2026-07-25 14:17:10, 2026-07-25 14:32:01", "cumulative_total": 36.0 }, "geometry": { "type": "Polygon", "coordinates": [ [ [ -71.953605318575285, 45.758076283761895 ], [ -71.959884499816923, 45.760842068510769 ], [ -71.959602366703578, 45.766031310177837 ], [ -71.953039865142003, 45.768454705471378 ], [ -71.946760206344678, 45.76568853411888 ], [ -71.947043526638524, 45.760499354141018 ], [ -71.953605318575285, 45.758076283761895 ] ] ] } },
{ "type": "Feature", "properties": { "hex_id": 727172, "centroid_lon": -71.952474102178812, "centroid_lat": 45.778833102800455, "occurrences_today": 9, "datetimes_today": "2026-07-25 12:01:47, 2026-07-25 12:16:54, 2026-07-25 12:31:42, 2026-07-25 12:46:57, 2026-07-25 12:57:23, 2026-07-25 13:17:05, 2026-07-25 13:31:44, 2026-07-25 13:47:17, 2026-07-25 13:59:59", "cumulative_total": 26.0 }, "geometry": { "type": "Polygon", "coordinates": [ [ [ -71.952757022364693, 45.773643907183704 ], [ -71.959037868828005, 45.77640977524387 ], [ -71.958755504013681, 45.781598998641925 ], [ -71.952191104558224, 45.784022292321168 ], [ -71.945909780171121, 45.781256037447356 ], [ -71.946193333137145, 45.776066875772521 ], [ -71.952757022364693, 45.773643907183704 ] ] ] } },
{ "type": "Feature", "properties": { "hex_id": 727773, "centroid_lon": -71.954101412580812, "centroid_lat": 45.630767873389274, "occurrences_today": 5, "datetimes_today": "2026-07-25 12:01:47, 2026-07-25 12:16:54, 2026-07-25 12:31:42, 2026-07-25 12:46:57, 2026-07-25 12:57:23", "cumulative_total": 84.0 }, "geometry": { "type": "Polygon", "coordinates": [ [ [ -71.954382726202169, 45.625578534961782 ], [ -71.960647454784052, 45.62834395681886 ], [ -71.960366692210727, 45.633533322935214 ], [ -71.953820022103898, 45.635957205728424 ], [ -71.947554819342443, 45.633191398996082 ], [ -71.947836760841568, 45.628002094410036 ], [ -71.954382726202169, 45.625578534961782 ] ] ] } },
{ "type": "Feature", "properties": { "hex_id": 727774, "centroid_lon": -71.95325701048003, "centroid_lat": 45.646335852139714, "occurrences_today": 5, "datetimes_today": "2026-07-25 12:01:47, 2026-07-25 12:16:54, 2026-07-25 12:31:42, 2026-07-25 12:46:57, 2026-07-25 12:57:23", "cumulative_total": 10.0 }, "geometry": { "type": "Polygon", "coordinates": [ [ [ -71.953538554745577, 45.64114653197872 ], [ -71.959804936914182, 45.643912036918508 ], [ -71.959523944139391, 45.649101384784508 ], [ -71.952975389281377, 45.651525166210938 ], [ -71.946708532568053, 45.648759276186937 ], [ -71.946990705231585, 45.643569989885016 ], [ -71.953538554745577, 45.64114653197872 ] ] ] } },
{ "type": "Feature", "properties": { "hex_id": 727775, "centroid_lon": -71.952411915981301, "centroid_lat": 45.661903776082212, "occurrences_today": 5, "datetimes_today": "2026-07-25 12:01:47, 2026-07-25 12:16:54, 2026-07-25 12:31:42, 2026-07-25 12:46:57, 2026-07-25 12:57:23", "cumulative_total": 7.0 }, "geometry": { "type": "Polygon", "coordinates": [ [ [ -71.95269369112377, 45.656714474191922 ], [ -71.958961728207626, 45.659480062262922 ], [ -71.958680504999037, 45.664669391874384 ], [ -71.952130063828093, 45.667093071881311 ], [ -71.945861551834042, 45.664327098516992 ], [ -71.946143955895238, 45.659137830503404 ], [ -71.95269369112377, 45.656714474191922 ] ] ] } },
{ "type": "Feature", "properties": { "hex_id": 727777, "centroid_lon": -71.950719646993633, "centroid_lat": 45.693039459492866, "occurrences_today": 5, "datetimes_today": "2026-07-25 12:01:47, 2026-07-25 12:16:54, 2026-07-25 12:31:42, 2026-07-25 12:46:57, 2026-07-25 12:57:23", "cumulative_total": 7.0 }, "geometry": { "type": "Polygon", "coordinates": [ [ [ -71.951001884589431, 45.687850194156638 ], [ -71.957273235494512, 45.690615948635816 ], [ -71.956991550720119, 45.695805241725651 ], [ -71.950437332231459, 45.698228718735088 ], [ -71.944165505684339, 45.695462578544031 ], [ -71.94444837324194, 45.690273347119799 ], [ -71.951001884589431, 45.687850194156638 ] ] ] } },
{ "type": "Feature", "properties": { "hex_id": 727778, "centroid_lon": -71.94987247110403, "centroid_lat": 45.708607218935775, "occurrences_today": 9, "datetimes_today": "2026-07-25 12:01:47, 2026-07-25 12:16:54, 2026-07-25 12:31:42, 2026-07-25 12:46:57, 2026-07-25 12:57:23, 2026-07-25 13:17:05, 2026-07-25 13:31:44, 2026-07-25 13:47:17, 2026-07-25 13:59:59", "cumulative_total": 11.0 }, "geometry": { "type": "Polygon", "coordinates": [ [ [ -71.950154940276917, 45.703417971882892 ], [ -71.956427950090529, 45.70618380963915 ], [ -71.956146034183462, 45.711373084461876 ], [ -71.949589924686791, 45.713796459893253 ], [ -71.943316438864727, 45.711030236215635 ], [ -71.943599538521767, 45.705841023092418 ], [ -71.950154940276917, 45.703417971882892 ] ] ] } },
{ "type": "Feature", "properties": { "hex_id": 727779, "centroid_lon": -71.949024600015164, "centroid_lat": 45.724174923520202, "occurrences_today": 11, "datetimes_today": "2026-07-25 12:01:47, 2026-07-25 12:16:54, 2026-07-25 12:31:42, 2026-07-25 12:46:57, 2026-07-25 12:57:23, 2026-07-25 13:17:05, 2026-07-25 13:31:44, 2026-07-25 13:47:17, 2026-07-25 13:59:59, 2026-07-25 14:17:10, 2026-07-25 14:32:01", "cumulative_total": 13.0 }, "geometry": { "type": "Polygon", "coordinates": [ [ [ -71.94930730099918, 45.718985694754892 ], [ -71.955581971054983, 45.721751615836958 ], [ -71.95529982378163, 45.72694087238839 ], [ -71.948741821708694, 45.729364146188729 ], [ -71.9424666752777, 45.726597838975678 ], [ -71.942750007268771, 45.721408644157727 ], [ -71.94930730099918, 45.718985694754892 ] ] ] } },
{ "type": "Feature", "properties": { "hex_id": 728384, "centroid_lon": -71.947272800814417, "centroid_lat": 45.638380697487904, "occurrences_today": 5, "datetimes_today": "2026-07-25 12:01:47, 2026-07-25 12:16:54, 2026-07-25 12:31:42, 2026-07-25 12:46:57, 2026-07-25 12:57:23", "cumulative_total": 10.0 }, "geometry": { "type": "Polygon", "coordinates": [ [ [ -71.947554819342443, 45.633191398996082 ], [ -71.953820022103898, 45.635957205728424 ], [ -71.953538554745577, 45.64114653197872 ], [ -71.946990705231585, 45.643569989885016 ], [ -71.940725028368163, 45.640803798121276 ], [ -71.941007675094809, 45.635614533546921 ], [ -71.947554819342443, 45.633191398996082 ] ] ] } },
{ "type": "Feature", "properties": { "hex_id": 728385, "centroid_lon": -71.946426282797916, "centroid_lat": 45.653948556393225, "occurrences_today": 5, "datetimes_today": "2026-07-25 12:01:47, 2026-07-25 12:16:54, 2026-07-25 12:31:42, 2026-07-25 12:46:57, 2026-07-25 12:57:23", "cumulative_total": 7.0 }, "geometry": { "type": "Polygon", "coordinates": [ [ [ -71.946708532568053, 45.648759276186937 ], [ -71.952975389281377, 45.651525166210938 ], [ -71.95269369112377, 45.656714474191922 ], [ -71.946143955895238, 45.659137830503404 ], [ -71.939876624714898, 45.656371555238941 ], [ -71.940159503204171, 45.651182308967755 ], [ -71.946708532568053, 45.648759276186937 ] ] ] } },
{ "type": "Feature", "properties": { "hex_id": 728386, "centroid_lon": -71.945579070588437, "centroid_lat": 45.669516360433541, "occurrences_today": 5, "datetimes_today": "2026-07-25 12:01:47, 2026-07-25 12:16:54, 2026-07-25 12:31:42, 2026-07-25 12:46:57, 2026-07-25 12:57:23", "cumulative_total": 7.0 }, "geometry": { "type": "Polygon", "coordinates": [ [ [ -71.945861551834042, 45.664327098516992 ], [ -71.952130063828093, 45.667093071881311 ], [ -71.951848134638212, 45.672282361588785 ], [ -71.945296512132387, 45.67470561625256 ], [ -71.939027525305988, 45.671939257438609 ], [ -71.939310635791827, 45.666750029474841 ], [ -71.945861551834042, 45.664327098516992 ] ] ] } },
{ "type": "Feature", "properties": { "hex_id": 728388, "centroid_lon": -71.943882560786292, "centroid_lat": 45.700651803868382, "occurrences_today": 9, "datetimes_today": "2026-07-25 12:01:47, 2026-07-25 12:16:54, 2026-07-25 12:31:42, 2026-07-25 12:46:57, 2026-07-25 12:57:23, 2026-07-25 13:17:05, 2026-07-25 13:31:44, 2026-07-25 13:47:17, 2026-07-25 13:59:59", "cumulative_total": 11.0 }, "geometry": { "type": "Polygon", "coordinates": [ [ [ -71.944165505684339, 45.695462578544031 ], [ -71.950437332231459, 45.698228718735088 ], [ -71.950154940276917, 45.703417971882892 ], [ -71.943599538521767, 45.705841023092418 ], [ -71.937327236410653, 45.703074497032965 ], [ -71.93761081159262, 45.697885305696765 ], [ -71.944165505684339, 45.695462578544031 ] ] ] } },
{ "type": "Feature", "properties": { "hex_id": 728389, "centroid_lon": -71.943033261789083, "centroid_lat": 45.716219443237549, "occurrences_today": 11, "datetimes_today": "2026-07-25 12:01:47, 2026-07-25 12:16:54, 2026-07-25 12:31:42, 2026-07-25 12:46:57, 2026-07-25 12:57:23, 2026-07-25 13:17:05, 2026-07-25 13:31:44, 2026-07-25 13:47:17, 2026-07-25 13:59:59, 2026-07-25 14:17:10, 2026-07-25 14:32:01", "cumulative_total": 13.0 }, "geometry": { "type": "Polygon", "coordinates": [ [ [ -71.943316438864727, 45.711030236215635 ], [ -71.949589924686791, 45.713796459893253 ], [ -71.94930730099918, 45.718985694754892 ], [ -71.942750007268771, 45.721408644157727 ], [ -71.9364760455164, 45.718642034402166 ], [ -71.936759853398655, 45.713452861386131 ], [ -71.943316438864727, 45.711030236215635 ] ] ] } },
{ "type": "Feature", "properties": { "hex_id": 728994, "centroid_lon": -71.941290244619154, "centroid_lat": 45.630425262872443, "occurrences_today": 5, "datetimes_today": "2026-07-25 12:01:47, 2026-07-25 12:16:54, 2026-07-25 12:31:42, 2026-07-25 12:46:57, 2026-07-25 12:57:23", "cumulative_total": 44.0 }, "geometry": { "type": "Polygon", "coordinates": [ [ [ -71.941572736967174, 45.625235986098339 ], [ -71.947836760841568, 45.628002094410036 ], [ -71.947554819342443, 45.633191398996082 ], [ -71.941007675094809, 45.635614533546921 ], [ -71.934743177560847, 45.632848040256683 ], [ -71.935026297908152, 45.62765879745838 ], [ -71.941572736967174, 45.625235986098339 ] ] ] } },
{ "type": "Feature", "properties": { "hex_id": 728995, "centroid_lon": -71.940442304413281, "centroid_lat": 45.645993056595046, "occurrences_today": 5, "datetimes_today": "2026-07-25 12:01:47, 2026-07-25 12:16:54, 2026-07-25 12:31:42, 2026-07-25 12:46:57, 2026-07-25 12:57:23", "cumulative_total": 7.0 }, "geometry": { "type": "Polygon", "coordinates": [ [ [ -71.940725028368163, 45.640803798121276 ], [ -71.946990705231585, 45.643569989885016 ], [ -71.946708532568053, 45.648759276186937 ], [ -71.940159503204171, 45.651182308967755 ], [ -71.933893352316588, 45.64841573201646 ], [ -71.934176704791057, 45.643226507536198 ], [ -71.940725028368163, 45.640803798121276 ] ] ] } },
{ "type": "Feature", "properties": { "hex_id": 728996, "centroid_lon": -71.939593668919443, "centroid_lat": 45.661560795408128, "occurrences_today": 5, "datetimes_today": "2026-07-25 12:01:47, 2026-07-25 12:16:54, 2026-07-25 12:31:42, 2026-07-25 12:46:57, 2026-07-25 12:57:23", "cumulative_total": 7.0 }, "geometry": { "type": "Polygon", "coordinates": [ [ [ -71.939876624714898, 45.656371555238941 ], [ -71.946143955895238, 45.659137830503404 ], [ -71.945861551834042, 45.664327098516992 ], [ -71.939310635791827, 45.666750029474841 ], [ -71.933042830222405, 45.663983368813668 ], [ -71.933326415058289, 45.658794162655688 ], [ -71.939876624714898, 45.656371555238941 ] ] ] } },
{ "type": "Feature", "properties": { "hex_id": 728997, "centroid_lon": -71.938744337435963, "centroid_lat": 45.677128479298965, "occurrences_today": 5, "datetimes_today": "2026-07-25 12:01:47, 2026-07-25 12:16:54, 2026-07-25 12:31:42, 2026-07-25 12:46:57, 2026-07-25 12:57:23", "cumulative_total": 7.0 }, "geometry": { "type": "Polygon", "coordinates": [ [ [ -71.939027525305988, 45.671939257438609 ], [ -71.945296512132387, 45.67470561625256 ], [ -71.945013876439958, 45.679894865973601 ], [ -71.938461072155647, 45.682317695055431 ], [ -71.932191610574932, 45.679550950635495 ], [ -71.932475428006796, 45.674361762804047 ], [ -71.939027525305988, 45.671939257438609 ] ] ] } },
{ "type": "Feature", "properties": { "hex_id": 728998, "centroid_lon": -71.937894309260059, "centroid_lat": 45.6926961082548, "occurrences_today": 9, "datetimes_today": "2026-07-25 12:01:47, 2026-07-25 12:16:54, 2026-07-25 12:31:42, 2026-07-25 12:46:57, 2026-07-25 12:57:23, 2026-07-25 13:17:05, 2026-07-25 13:31:44, 2026-07-25 13:47:17, 2026-07-25 13:59:59", "cumulative_total": 11.0 }, "geometry": { "type": "Polygon", "coordinates": [ [ [ -71.938177729439047, 45.687506904707526 ], [ -71.94444837324194, 45.690273347119799 ], [ -71.944165505684339, 45.695462578544031 ], [ -71.93761081159262, 45.697885305696765 ], [ -71.931339692669837, 45.69511847746913 ], [ -71.931623742932572, 45.689929307968505 ], [ -71.938177729439047, 45.687506904707526 ] ] ] } },
{ "type": "Feature", "properties": { "hex_id": 728999, "centroid_lon": -71.937043583688038, "centroid_lat": 45.70826368226291, "occurrences_today": 11, "datetimes_today": "2026-07-25 12:01:47, 2026-07-25 12:16:54, 2026-07-25 12:31:42, 2026-07-25 12:46:57, 2026-07-25 12:57:23, 2026-07-25 13:17:05, 2026-07-25 13:31:44, 2026-07-25 13:47:17, 2026-07-25 13:59:59, 2026-07-25 14:17:10, 2026-07-25 14:32:01", "cumulative_total": 13.0 }, "geometry": { "type": "Polygon", "coordinates": [ [ [ -71.937327236410653, 45.703074497032965 ], [ -71.943599538521767, 45.705841023092418 ], [ -71.943316438864727, 45.711030236215635 ], [ -71.936759853398655, 45.713452861386131 ], [ -71.930487075801778, 45.710685949301798 ], [ -71.930771359130603, 45.705496798136252 ], [ -71.937327236410653, 45.703074497032965 ] ] ] } },
{ "type": "Feature", "properties": { "hex_id": 729000, "centroid_lon": -71.936192160015125, "centroid_lat": 45.723831201310531, "occurrences_today": 11, "datetimes_today": "2026-07-25 12:01:47, 2026-07-25 12:16:54, 2026-07-25 12:31:42, 2026-07-25 12:46:57, 2026-07-25 12:57:23, 2026-07-25 13:17:05, 2026-07-25 13:31:44, 2026-07-25 13:47:17, 2026-07-25 13:59:59, 2026-07-25 14:17:10, 2026-07-25 14:32:01", "cumulative_total": 13.0 }, "geometry": { "type": "Polygon", "coordinates": [ [ [ -71.9364760455164, 45.718642034402166 ], [ -71.942750007268771, 45.721408644157727 ], [ -71.9424666752777, 45.726597838975678 ], [ -71.935908196868681, 45.729020362110752 ], [ -71.929633759264362, 45.726253366120666 ], [ -71.929918275894849, 45.721064233294477 ], [ -71.9364760455164, 45.718642034402166 ] ] ] } },
{ "type": "Feature", "properties": { "hex_id": 729605, "centroid_lon": -71.934459979863817, "centroid_lat": 45.638037276949454, "occurrences_today": 5, "datetimes_today": "2026-07-25 12:01:47, 2026-07-25 12:16:54, 2026-07-25 12:31:42, 2026-07-25 12:46:57, 2026-07-25 12:57:23", "cumulative_total": 10.0 }, "geometry": { "type": "Polygon", "coordinates": [ [ [ -71.934743177560847, 45.632848040256683 ], [ -71.941007675094809, 45.635614533546921 ], [ -71.940725028368163, 45.640803798121276 ], [ -71.934176704791057, 45.643226507536198 ], [ -71.927911733675444, 45.640459629111305 ], [ -71.928195559692568, 45.635270426470406 ], [ -71.934743177560847, 45.632848040256683 ] ] ] } },
{ "type": "Feature", "properties": { "hex_id": 729606, "centroid_lon": -71.933609922414334, "centroid_lat": 45.653604950389791, "occurrences_today": 5, "datetimes_today": "2026-07-25 12:01:47, 2026-07-25 12:16:54, 2026-07-25 12:31:42, 2026-07-25 12:46:57, 2026-07-25 12:57:23", "cumulative_total": 7.0 }, "geometry": { "type": "Polygon", "coordinates": [ [ [ -71.933893352316588, 45.64841573201646 ], [ -71.940159503204171, 45.651182308967755 ], [ -71.939876624714898, 45.656371555238941 ], [ -71.933326415058289, 45.658794162655688 ], [ -71.927059790224533, 45.65602720036064 ], [ -71.92734384896751, 45.650838016056888 ], [ -71.933893352316588, 45.64841573201646 ] ] ] } },
{ "type": "Feature", "properties": { "hex_id": 729607, "centroid_lon": -71.93275916788059, "centroid_lat": 45.669172568863281, "occurrences_today": 5, "datetimes_today": "2026-07-25 12:01:47, 2026-07-25 12:16:54, 2026-07-25 12:31:42, 2026-07-25 12:46:57, 2026-07-25 12:57:23", "cumulative_total": 7.0 }, "geometry": { "type": "Polygon", "coordinates": [ [ [ -71.933042830222405, 45.663983368813668 ], [ -71.939310635791827, 45.666750029474841 ], [ -71.939027525305988, 45.671939257438609 ], [ -71.932475428006796, 45.674361762804047 ], [ -71.926207148126409, 45.671594716589901 ], [ -71.926491439830116, 45.666405550627616 ], [ -71.933042830222405, 45.663983368813668 ] ] ] } },
{ "type": "Feature", "properties": { "hex_id": 729608, "centroid_lon": -71.931907715558893, "centroid_lat": 45.684740132357142, "occurrences_today": 11, "datetimes_today": "2026-07-25 12:01:47, 2026-07-25 12:16:54, 2026-07-25 12:31:42, 2026-07-25 12:46:57, 2026-07-25 12:57:23, 2026-07-25 13:17:05, 2026-07-25 13:31:44, 2026-07-25 13:47:17, 2026-07-25 13:59:59, 2026-07-25 14:17:10, 2026-07-25 14:32:01", "cumulative_total": 13.0 }, "geometry": { "type": "Polygon", "coordinates": [ [ [ -71.932191610574932, 45.679550950635495 ], [ -71.938461072155647, 45.682317695055431 ], [ -71.938177729439047, 45.687506904707526 ], [ -71.931623742932572, 45.689929307968505 ], [ -71.925353806675759, 45.687162177786227 ], [ -71.925638331575399, 45.681973030169694 ], [ -71.932191610574932, 45.679550950635495 ] ] ] } },
{ "type": "Feature", "properties": { "hex_id": 729609, "centroid_lon": -71.931055564744568, "centroid_lat": 45.70030764085854, "occurrences_today": 11, "datetimes_today": "2026-07-25 12:01:47, 2026-07-25 12:16:54, 2026-07-25 12:31:42, 2026-07-25 12:46:57, 2026-07-25 12:57:23, 2026-07-25 13:17:05, 2026-07-25 13:31:44, 2026-07-25 13:47:17, 2026-07-25 13:59:59, 2026-07-25 14:17:10, 2026-07-25 14:32:01", "cumulative_total": 13.0 }, "geometry": { "type": "Polygon", "coordinates": [ [ [ -71.931339692669837, 45.69511847746913 ], [ -71.93761081159262, 45.697885305696765 ], [ -71.937327236410653, 45.703074497032965 ], [ -71.930771359130603, 45.705496798136252 ], [ -71.924499765166289, 45.702729583936801 ], [ -71.924784523497408, 45.697540454670261 ], [ -71.931339692669837, 45.69511847746913 ] ] ] } },
{ "type": "Feature", "properties": { "hex_id": 729610, "centroid_lon": -71.930202714731919, "centroid_lat": 45.715875094354686, "occurrences_today": 11, "datetimes_today": "2026-07-25 12:01:47, 2026-07-25 12:16:54, 2026-07-25 12:31:42, 2026-07-25 12:46:57, 2026-07-25 12:57:23, 2026-07-25 13:17:05, 2026-07-25 13:31:44, 2026-07-25 13:47:17, 2026-07-25 13:59:59, 2026-07-25 14:17:10, 2026-07-25 14:32:01", "cumulative_total": 13.0 }, "geometry": { "type": "Polygon", "coordinates": [ [ [ -71.930487075801778, 45.710685949301798 ], [ -71.936759853398655, 45.713452861386131 ], [ -71.9364760455164, 45.718642034402166 ], [ -71.929918275894849, 45.721064233294477 ], [ -71.923645022890668, 45.718296935028725 ], [ -71.923930014889152, 45.713107824116506 ], [ -71.930487075801778, 45.710685949301798 ] ] ] } },
{ "type": "Feature", "properties": { "hex_id": 729612, "centroid_lon": -71.928494914283874, "centroid_lat": 45.74700983628, "occurrences_today": 11, "datetimes_today": "2026-07-25 12:01:47, 2026-07-25 12:16:54, 2026-07-25 12:31:42, 2026-07-25 12:46:57, 2026-07-25 12:57:23, 2026-07-25 13:17:05, 2026-07-25 13:31:44, 2026-07-25 13:47:17, 2026-07-25 13:59:59, 2026-07-25 14:17:10, 2026-07-25 14:32:01", "cumulative_total": 36.0 }, "geometry": { "type": "Polygon", "coordinates": [ [ [ -71.928779742350244, 45.741820727912931 ], [ -71.935055841296631, 45.744587807857876 ], [ -71.934771567307735, 45.74977694422082 ], [ -71.928210008292893, 45.752198938531109 ], [ -71.921933433206746, 45.749431471985154 ], [ -71.922218893248939, 45.74424239779443 ], [ -71.928779742350244, 45.741820727912931 ] ] ] } },
{ "type": "Feature", "properties": { "hex_id": 730215, "centroid_lon": -71.928479308186539, "centroid_lat": 45.63008121771805, "occurrences_today": 5, "datetimes_today": "2026-07-25 12:01:47, 2026-07-25 12:16:54, 2026-07-25 12:31:42, 2026-07-25 12:46:57, 2026-07-25 12:57:23", "cumulative_total": 24.0 }, "geometry": { "type": "Polygon", "coordinates": [ [ [ -71.928762979183418, 45.624892002854757 ], [ -71.935026297908152, 45.62765879745838 ], [ -71.934743177560847, 45.632848040256683 ], [ -71.928195559692568, 45.635270426470406 ], [ -71.921931767828383, 45.632503246785056 ], [ -71.922216066945893, 45.627314066031929 ], [ -71.928762979183418, 45.624892002854757 ] ] ] } },
{ "type": "Feature", "properties": { "hex_id": 730216, "centroid_lon": -71.927627830109117, "centroid_lat": 45.645648825640308, "occurrences_today": 5, "datetimes_today": "2026-07-25 12:01:47, 2026-07-25 12:16:54, 2026-07-25 12:31:42, 2026-07-25 12:46:57, 2026-07-25 12:57:23", "cumulative_total": 7.0 }, "geometry": { "type": "Polygon", "coordinates": [ [ [ -71.927911733675444, 45.640459629111305 ], [ -71.934176704791057, 45.643226507536198 ], [ -71.933893352316588, 45.64841573201646 ], [ -71.92734384896751, 45.650838016056888 ], [ -71.921078404348364, 45.648070752341226 ], [ -71.921362936555738, 45.642881589940181 ], [ -71.927911733675444, 45.640459629111305 ] ] ] } },
{ "type": "Feature", "properties": { "hex_id": 730217, "centroid_lon": -71.926775653854108, "centroid_lat": 45.661216378551039, "occurrences_today": 5, "datetimes_today": "2026-07-25 12:01:47, 2026-07-25 12:16:54, 2026-07-25 12:31:42, 2026-07-25 12:46:57, 2026-07-25 12:57:23", "cumulative_total": 7.0 }, "geometry": { "type": "Polygon", "coordinates": [ [ [ -71.927059790224533, 45.65602720036064 ], [ -71.933326415058289, 45.658794162655688 ], [ -71.933042830222405, 45.663983368813668 ], [ -71.926491439830116, 45.666405550627616 ], [ -71.92022434112846, 45.663638202832594 ], [ -71.920509106660873, 45.658449058787916 ], [ -71.927059790224533, 45.65602720036064 ] ] ] } },
{ "type": "Feature", "properties": { "hex_id": 730218, "centroid_lon": -71.925922778716895, "centroid_lat": 45.676783876437426, "occurrences_today": 11, "datetimes_today": "2026-07-25 12:01:47, 2026-07-25 12:16:54, 2026-07-25 12:31:42, 2026-07-25 12:46:57, 2026-07-25 12:57:23, 2026-07-25 13:17:05, 2026-07-25 13:31:44, 2026-07-25 13:47:17, 2026-07-25 13:59:59, 2026-07-25 14:17:10, 2026-07-25 14:32:01", "cumulative_total": 13.0 }, "geometry": { "type": "Polygon", "coordinates": [ [ [ -71.926207148126409, 45.671594716589901 ], [ -71.932475428006796, 45.674361762804047 ], [ -71.932191610574932, 45.679550950635495 ], [ -71.925638331575399, 45.681973030169694 ], [ -71.919369577462419, 45.679205598246249 ], [ -71.919654576555416, 45.674016472562244 ], [ -71.926207148126409, 45.671594716589901 ] ] ] } },
{ "type": "Feature", "properties": { "hex_id": 730219, "centroid_lon": -71.925069203991825, "centroid_lat": 45.692351319286594, "occurrences_today": 11, "datetimes_today": "2026-07-25 12:01:47, 2026-07-25 12:16:54, 2026-07-25 12:31:42, 2026-07-25 12:46:57, 2026-07-25 12:57:23, 2026-07-25 13:17:05, 2026-07-25 13:31:44, 2026-07-25 13:47:17, 2026-07-25 13:59:59, 2026-07-25 14:17:10, 2026-07-25 14:32:01", "cumulative_total": 13.0 }, "geometry": { "type": "Polygon", "coordinates": [ [ [ -71.925353806675759, 45.687162177786227 ], [ -71.931623742932572, 45.689929307968505 ], [ -71.931339692669837, 45.69511847746913 ], [ -71.924784523497408, 45.697540454670261 ], [ -71.918514112642981, 45.694772938569272 ], [ -71.91879934553242, 45.689583831250246 ], [ -71.925353806675759, 45.687162177786227 ] ] ] } },
{ "type": "Feature", "properties": { "hex_id": 730220, "centroid_lon": -71.924214928972276, "centroid_lat": 45.707918707085703, "occurrences_today": 11, "datetimes_today": "2026-07-25 12:01:47, 2026-07-25 12:16:54, 2026-07-25 12:31:42, 2026-07-25 12:46:57, 2026-07-25 12:57:23, 2026-07-25 13:17:05, 2026-07-25 13:31:44, 2026-07-25 13:47:17, 2026-07-25 13:59:59, 2026-07-25 14:17:10, 2026-07-25 14:32:01", "cumulative_total": 13.0 }, "geometry": { "type": "Polygon", "coordinates": [ [ [ -71.924499765166289, 45.702729583936801 ], [ -71.930771359130603, 45.705496798136252 ], [ -71.930487075801778, 45.710685949301798 ], [ -71.923930014889152, 45.713107824116506 ], [ -71.917657945961892, 45.710340223788769 ], [ -71.917943412883972, 45.705151134839021 ], [ -71.924499765166289, 45.702729583936801 ] ] ] } },
{ "type": "Feature", "properties": { "hex_id": 730221, "centroid_lon": -71.923359952950591, "centroid_lat": 45.723486039821893, "occurrences_today": 11, "datetimes_today": "2026-07-25 12:01:47, 2026-07-25 12:16:54, 2026-07-25 12:31:42, 2026-07-25 12:46:57, 2026-07-25 12:57:23, 2026-07-25 13:17:05, 2026-07-25 13:31:44, 2026-07-25 13:47:17, 2026-07-25 13:59:59, 2026-07-25 14:17:10, 2026-07-25 14:32:01", "cumulative_total": 13.0 }, "geometry": { "type": "Polygon", "coordinates": [ [ [ -71.923645022890668, 45.718296935028725 ], [ -71.929918275894849, 45.721064233294477 ], [ -71.929633759264362, 45.726253366120666 ], [ -71.92307480504266, 45.728675138495518 ], [ -71.916801076709874, 45.7259074538918 ], [ -71.917086777901147, 45.720718383315628 ], [ -71.923645022890668, 45.718296935028725 ] ] ] } },
{ "type": "Feature", "properties": { "hex_id": 730826, "centroid_lon": -71.921647391040366, "centroid_lat": 45.637692421421299, "occurrences_today": 5, "datetimes_today": "2026-07-25 12:01:47, 2026-07-25 12:16:54, 2026-07-25 12:31:42, 2026-07-25 12:46:57, 2026-07-25 12:57:23", "cumulative_total": 24.0 }, "geometry": { "type": "Polygon", "coordinates": [ [ [ -71.921931767828383, 45.632503246785056 ], [ -71.928195559692568, 45.635270426470406 ], [ -71.927911733675444, 45.640459629111305 ], [ -71.921362936555738, 45.642881589940181 ], [ -71.915098671630332, 45.640114025017041 ], [ -71.915383676859747, 45.634924884567077 ], [ -71.921931767828383, 45.632503246785056 ] ] ] } },
{ "type": "Feature", "properties": { "hex_id": 730827, "centroid_lon": -71.920793794392125, "centroid_lat": 45.653259908623966, "occurrences_today": 5, "datetimes_today": "2026-07-25 12:01:47, 2026-07-25 12:16:54, 2026-07-25 12:31:42, 2026-07-25 12:46:57, 2026-07-25 12:57:23", "cumulative_total": 7.0 }, "geometry": { "type": "Polygon", "coordinates": [ [ [ -71.921078404348364, 45.648070752341226 ], [ -71.92734384896751, 45.650838016056888 ], [ -71.927059790224533, 45.65602720036064 ], [ -71.920509106660873, 45.658449058787916 ], [ -71.914243188616553, 45.655681409625302 ], [ -71.914528427534933, 45.650492287546641 ], [ -71.921078404348364, 45.648070752341226 ] ] ] } },
{ "type": "Feature", "properties": { "hex_id": 730828, "centroid_lon": -71.919939497768695, "centroid_lat": 45.668827340757524, "occurrences_today": 11, "datetimes_today": "2026-07-25 12:01:47, 2026-07-25 12:16:54, 2026-07-25 12:31:42, 2026-07-25 12:46:57, 2026-07-25 12:57:23, 2026-07-25 13:17:05, 2026-07-25 13:31:44, 2026-07-25 13:47:17, 2026-07-25 13:59:59, 2026-07-25 14:17:10, 2026-07-25 14:32:01", "cumulative_total": 13.0 }, "geometry": { "type": "Polygon", "coordinates": [ [ [ -71.92022434112846, 45.663638202832594 ], [ -71.926491439830116, 45.666405550627616 ], [ -71.926207148126409, 45.671594716589901 ], [ -71.919654576555416, 45.674016472562244 ], [ -71.913387004064305, 45.671248739111022 ], [ -71.913672476907479, 45.666059635407976 ], [ -71.92022434112846, 45.663638202832594 ] ] ] } },
{ "type": "Feature", "properties": { "hex_id": 730829, "centroid_lon": -71.919084500463484, "centroid_lat": 45.684394717809077, "occurrences_today": 11, "datetimes_today": "2026-07-25 12:01:47, 2026-07-25 12:16:54, 2026-07-25 12:31:42, 2026-07-25 12:46:57, 2026-07-25 12:57:23, 2026-07-25 13:17:05, 2026-07-25 13:31:44, 2026-07-25 13:47:17, 2026-07-25 13:59:59, 2026-07-25 14:17:10, 2026-07-25 14:32:01", "cumulative_total": 13.0 }, "geometry": { "type": "Polygon", "coordinates": [ [ [ -71.919369577462419, 45.679205598246249 ], [ -71.925638331575399, 45.681973030169694 ], [ -71.925353806675759, 45.687162177786227 ], [ -71.91879934553242, 45.689583831250246 ], [ -71.912530117265391, 45.686816013461204 ], [ -71.912815824269529, 45.681626928138115 ], [ -71.919369577462419, 45.679205598246249 ] ] ] } },
{ "type": "Feature", "properties": { "hex_id": 730830, "centroid_lon": -71.918228801768919, "centroid_lat": 45.699962039765687, "occurrences_today": 11, "datetimes_today": "2026-07-25 12:01:47, 2026-07-25 12:16:54, 2026-07-25 12:31:42, 2026-07-25 12:46:57, 2026-07-25 12:57:23, 2026-07-25 13:17:05, 2026-07-25 13:31:44, 2026-07-25 13:47:17, 2026-07-25 13:59:59, 2026-07-25 14:17:10, 2026-07-25 14:32:01", "cumulative_total": 13.0 }, "geometry": { "type": "Polygon", "coordinates": [ [ [ -71.918514112642981, 45.694772938569272 ], [ -71.924784523497408, 45.697540454670261 ], [ -71.924499765166289, 45.702729583936801 ], [ -71.917943412883972, 45.705151134839021 ], [ -71.911672527510603, 45.702383232662889 ], [ -71.911958468912232, 45.697194165724071 ], [ -71.918514112642981, 45.694772938569272 ] ] ] } },
{ "type": "Feature", "properties": { "hex_id": 730831, "centroid_lon": -71.917372400976376, "centroid_lat": 45.715529306614464, "occurrences_today": 11, "datetimes_today": "2026-07-25 12:01:47, 2026-07-25 12:16:54, 2026-07-25 12:31:42, 2026-07-25 12:46:57, 2026-07-25 12:57:23, 2026-07-25 13:17:05, 2026-07-25 13:31:44, 2026-07-25 13:47:17, 2026-07-25 13:59:59, 2026-07-25 14:17:10, 2026-07-25 14:32:01", "cumulative_total": 38.0 }, "geometry": { "type": "Polygon", "coordinates": [ [ [ -71.917657945961892, 45.710340223788769 ], [ -71.923930014889152, 45.713107824116506 ], [ -71.923645022890668, 45.718296935028725 ], [ -71.917086777901147, 45.720718383315628 ], [ -71.910814234089713, 45.717950396703124 ], [ -71.911100410125684, 45.712761348152902 ], [ -71.917657945961892, 45.710340223788769 ] ] ] } },
{ "type": "Feature", "properties": { "hex_id": 730832, "centroid_lon": -71.916515297376279, "centroid_lat": 45.731096518342468, "occurrences_today": 11, "datetimes_today": "2026-07-25 12:01:47, 2026-07-25 12:16:54, 2026-07-25 12:31:42, 2026-07-25 12:46:57, 2026-07-25 12:57:23, 2026-07-25 13:17:05, 2026-07-25 13:31:44, 2026-07-25 13:47:17, 2026-07-25 13:59:59, 2026-07-25 14:17:10, 2026-07-25 14:32:01", "cumulative_total": 36.0 }, "geometry": { "type": "Polygon", "coordinates": [ [ [ -71.916801076709874, 45.7259074538918 ], [ -71.92307480504266, 45.728675138495518 ], [ -71.922789579140598, 45.733864231049125 ], [ -71.916229439873987, 45.736285576667171 ], [ -71.909955236291523, 45.733517505568891 ], [ -71.910241647199015, 45.728328475411601 ], [ -71.916801076709874, 45.7259074538918 ] ] ] } },
{ "type": "Feature", "properties": { "hex_id": 731436, "centroid_lon": -71.915668604245198, "centroid_lat": 45.629735737994302, "occurrences_today": 5, "datetimes_today": "2026-07-25 12:01:47, 2026-07-25 12:16:54, 2026-07-25 12:31:42, 2026-07-25 12:46:57, 2026-07-25 12:57:23", "cumulative_total": 24.0 }, "geometry": { "type": "Polygon", "coordinates": [ [ [ -71.915953453812833, 45.624546585299171 ], [ -71.922216066945893, 45.627314066031929 ], [ -71.921931767828383, 45.632503246785056 ], [ -71.915383676859747, 45.634924884567077 ], [ -71.909120591107452, 45.632157018649565 ], [ -71.90940606891688, 45.626967900199013 ], [ -71.915953453812833, 45.624546585299171 ] ] ] } },
{ "type": "Feature", "properties": { "hex_id": 731437, "centroid_lon": -71.914813588530777, "centroid_lat": 45.645303159343726, "occurrences_today": 5, "datetimes_today": "2026-07-25 12:01:47, 2026-07-25 12:16:54, 2026-07-25 12:31:42, 2026-07-25 12:46:57, 2026-07-25 12:57:23", "cumulative_total": 7.0 }, "geometry": { "type": "Polygon", "coordinates": [ [ [ -71.915098671630332, 45.640114025017041 ], [ -71.921362936555738, 45.642881589940181 ], [ -71.921078404348364, 45.648070752341226 ], [ -71.914528427534933, 45.650492287546641 ], [ -71.90826368962675, 45.647724337229626 ], [ -71.9085494014886, 45.642535237165347 ], [ -71.915098671630332, 45.640114025017041 ] ] ] } },
{ "type": "Feature", "properties": { "hex_id": 731438, "centroid_lon": -71.913957871749489, "centroid_lat": 45.660870525579256, "occurrences_today": 11, "datetimes_today": "2026-07-25 12:01:47, 2026-07-25 12:16:54, 2026-07-25 12:31:42, 2026-07-25 12:46:57, 2026-07-25 12:57:23, 2026-07-25 13:17:05, 2026-07-25 13:31:44, 2026-07-25 13:47:17, 2026-07-25 13:59:59, 2026-07-25 14:17:10, 2026-07-25 14:32:01", "cumulative_total": 13.0 }, "geometry": { "type": "Polygon", "coordinates": [ [ [ -71.914243188616553, 45.655681409625302 ], [ -71.920509106660873, 45.658449058787916 ], [ -71.92022434112846, 45.663638202832594 ], [ -71.913672476907479, 45.666059635407976 ], [ -71.907406085516527, 45.663291600642253 ], [ -71.907692031666969, 45.658102518968569 ], [ -71.914243188616553, 45.655681409625302 ] ] ] } },
{ "type": "Feature", "properties": { "hex_id": 731439, "centroid_lon": -71.913101453193747, "centroid_lat": 45.676437836687896, "occurrences_today": 11, "datetimes_today": "2026-07-25 12:01:47, 2026-07-25 12:16:54, 2026-07-25 12:31:42, 2026-07-25 12:46:57, 2026-07-25 12:57:23, 2026-07-25 13:17:05, 2026-07-25 13:31:44, 2026-07-25 13:47:17, 2026-07-25 13:59:59, 2026-07-25 14:17:10, 2026-07-25 14:32:01", "cumulative_total": 13.0 }, "geometry": { "type": "Polygon", "coordinates": [ [ [ -71.913387004064305, 45.671248739111022 ], [ -71.919654576555416, 45.674016472562244 ], [ -71.919369577462419, 45.679205598246249 ], [ -71.912815824269529, 45.681626928138115 ], [ -71.906547778067647, 45.678858808874416 ], [ -71.906833958743178, 45.673669745595653 ], [ -71.913387004064305, 45.671248739111022 ] ] ] } },
{ "type": "Feature", "properties": { "hex_id": 731440, "centroid_lon": -71.912244332155055, "centroid_lat": 45.692005092656686, "occurrences_today": 11, "datetimes_today": "2026-07-25 12:01:47, 2026-07-25 12:16:54, 2026-07-25 12:31:42, 2026-07-25 12:46:57, 2026-07-25 12:57:23, 2026-07-25 13:17:05, 2026-07-25 13:31:44, 2026-07-25 13:47:17, 2026-07-25 13:59:59, 2026-07-25 14:17:10, 2026-07-25 14:32:01", "cumulative_total": 13.0 }, "geometry": { "type": "Polygon", "coordinates": [ [ [ -71.912530117265391, 45.686816013461204 ], [ -71.91879934553242, 45.689583831250246 ], [ -71.918514112642981, 45.694772938569272 ], [ -71.911958468912232, 45.697194165724071 ], [ -71.905688766569952, 45.694425961913062 ], [ -71.905975182007381, 45.689236917033597 ], [ -71.912530117265391, 45.686816013461204 ] ] ] } },
{ "type": "Feature", "properties": { "hex_id": 731441, "centroid_lon": -71.911386507923865, "centroid_lat": 45.707572293472658, "occurrences_today": 11, "datetimes_today": "2026-07-25 12:01:47, 2026-07-25 12:16:54, 2026-07-25 12:31:42, 2026-07-25 12:46:57, 2026-07-25 12:57:23, 2026-07-25 13:17:05, 2026-07-25 13:31:44, 2026-07-25 13:47:17, 2026-07-25 13:59:59, 2026-07-25 14:17:10, 2026-07-25 14:32:01", "cumulative_total": 13.0 }, "geometry": { "type": "Polygon", "coordinates": [ [ [ -71.911672527510603, 45.702383232662889 ], [ -71.917943412883972, 45.705151134839021 ], [ -71.917657945961892, 45.710340223788769 ], [ -71.911100410125684, 45.712761348152902 ], [ -71.904829050312273, 45.709993059745216 ], [ -71.905115700748766, 45.704804033269362 ], [ -71.911672527510603, 45.702383232662889 ] ] ] } },
{ "type": "Feature", "properties": { "hex_id": 731442, "centroid_lon": -71.91052797978962, "centroid_lat": 45.723139439122853, "occurrences_today": 11, "datetimes_today": "2026-07-25 12:01:47, 2026-07-25 12:16:54, 2026-07-25 12:31:42, 2026-07-25 12:46:57, 2026-07-25 12:57:23, 2026-07-25 13:17:05, 2026-07-25 13:31:44, 2026-07-25 13:47:17, 2026-07-25 13:59:59, 2026-07-25 14:17:10, 2026-07-25 14:32:01", "cumulative_total": 13.0 }, "geometry": { "type": "Polygon", "coordinates": [ [ [ -71.910814234089713, 45.717950396703124 ], [ -71.917086777901147, 45.720718383315628 ], [ -71.916801076709874, 45.7259074538918 ], [ -71.910241647199015, 45.728328475411601 ], [ -71.903968628582433, 45.725560102357797 ], [ -71.90425551425551, 45.720371094289916 ], [ -71.910814234089713, 45.717950396703124 ] ] ] } },
{ "type": "Feature", "properties": { "hex_id": 731443, "centroid_lon": -71.909668747040755, "centroid_lat": 45.738706529594268, "occurrences_today": 11, "datetimes_today": "2026-07-25 12:01:47, 2026-07-25 12:16:54, 2026-07-25 12:31:42, 2026-07-25 12:46:57, 2026-07-25 12:57:23, 2026-07-25 13:17:05, 2026-07-25 13:31:44, 2026-07-25 13:47:17, 2026-07-25 13:59:59, 2026-07-25 14:17:10, 2026-07-25 14:32:01", "cumulative_total": 36.0 }, "geometry": { "type": "Polygon", "coordinates": [ [ [ -71.909955236291523, 45.733517505568891 ], [ -71.916229439873987, 45.736285576667171 ], [ -71.915943504176681, 45.741474628865426 ], [ -71.909382179420291, 45.743895547487199 ], [ -71.903107500667247, 45.741127089737788 ], [ -71.903394621814755, 45.73593810008223 ], [ -71.909955236291523, 45.733517505568891 ] ] ] } },
{ "type": "Feature", "properties": { "hex_id": 732047, "centroid_lon": -71.908835035306751, "centroid_lat": 45.637346130971835, "occurrences_today": 5, "datetimes_today": "2026-07-25 12:01:47, 2026-07-25 12:16:54, 2026-07-25 12:31:42, 2026-07-25 12:46:57, 2026-07-25 12:57:23", "cumulative_total": 43.0 }, "geometry": { "type": "Polygon", "coordinates": [ [ [ -71.909120591107452, 45.632157018649565 ], [ -71.915383676859747, 45.634924884567077 ], [ -71.915098671630332, 45.640114025017041 ], [ -71.9085494014886, 45.642535237165347 ], [ -71.902285843195614, 45.639766985907009 ], [ -71.902572027558818, 45.634577907905438 ], [ -71.909120591107452, 45.632157018649565 ] ] ] } },
{ "type": "Feature", "properties": { "hex_id": 732048, "centroid_lon": -71.907977899694956, "centroid_lat": 45.652913431164194, "occurrences_today": 11, "datetimes_today": "2026-07-25 12:01:47, 2026-07-25 12:16:54, 2026-07-25 12:31:42, 2026-07-25 12:46:57, 2026-07-25 12:57:23, 2026-07-25 13:17:05, 2026-07-25 13:31:44, 2026-07-25 13:47:17, 2026-07-25 13:59:59, 2026-07-25 14:17:10, 2026-07-25 14:32:01", "cumulative_total": 13.0 }, "geometry": { "type": "Polygon", "coordinates": [ [ [ -71.90826368962675, 45.647724337229626 ], [ -71.914528427534933, 45.650492287546641 ], [ -71.914243188616553, 45.655681409625302 ], [ -71.907692031666969, 45.658102518968569 ], [ -71.901426820854681, 45.655334183101544 ], [ -71.901713239869835, 45.650145123505546 ], [ -71.90826368962675, 45.647724337229626 ] ] ] } },
{ "type": "Feature", "properties": { "hex_id": 732049, "centroid_lon": -71.907120061217356, "centroid_lat": 45.668480676184764, "occurrences_today": 11, "datetimes_today": "2026-07-25 12:01:47, 2026-07-25 12:16:54, 2026-07-25 12:31:42, 2026-07-25 12:46:57, 2026-07-25 12:57:23, 2026-07-25 13:17:05, 2026-07-25 13:31:44, 2026-07-25 13:47:17, 2026-07-25 13:59:59, 2026-07-25 14:17:10, 2026-07-25 14:32:01", "cumulative_total": 13.0 }, "geometry": { "type": "Polygon", "coordinates": [ [ [ -71.907406085516527, 45.663291600642253 ], [ -71.913672476907479, 45.666059635407976 ], [ -71.913387004064305, 45.671248739111022 ], [ -71.906833958743178, 45.673669745595653 ], [ -71.900567094084394, 45.670901325070609 ], [ -71.900853747988293, 45.665712283884552 ], [ -71.907406085516527, 45.663291600642253 ] ] ] } },
{ "type": "Feature", "properties": { "hex_id": 732050, "centroid_lon": -71.906261519164502, "centroid_lat": 45.684047866020549, "occurrences_today": 11, "datetimes_today": "2026-07-25 12:01:47, 2026-07-25 12:16:54, 2026-07-25 12:31:42, 2026-07-25 12:46:57, 2026-07-25 12:57:23, 2026-07-25 13:17:05, 2026-07-25 13:31:44, 2026-07-25 13:47:17, 2026-07-25 13:59:59, 2026-07-25 14:17:10, 2026-07-25 14:32:01", "cumulative_total": 13.0 }, "geometry": { "type": "Polygon", "coordinates": [ [ [ -71.906547778067647, 45.678858808874416 ], [ -71.912815824269529, 45.681626928138115 ], [ -71.912530117265391, 45.686816013461204 ], [ -71.905975182007381, 45.689236917033597 ], [ -71.899706662173614, 45.686468411801123 ], [ -71.899993551203409, 45.681279389029385 ], [ -71.906547778067647, 45.678858808874416 ] ] ] } },
{ "type": "Feature", "properties": { "hex_id": 732051, "centroid_lon": -71.905402272825867, "centroid_lat": 45.699615000658468, "occurrences_today": 11, "datetimes_today": "2026-07-25 12:01:47, 2026-07-25 12:16:54, 2026-07-25 12:31:42, 2026-07-25 12:46:57, 2026-07-25 12:57:23, 2026-07-25 13:17:05, 2026-07-25 13:31:44, 2026-07-25 13:47:17, 2026-07-25 13:59:59, 2026-07-25 14:17:10, 2026-07-25 14:32:01", "cumulative_total": 13.0 }, "geometry": { "type": "Polygon", "coordinates": [ [ [ -71.905688766569952, 45.694425961913062 ], [ -71.911958468912232, 45.697194165724071 ], [ -71.911672527510603, 45.702383232662889 ], [ -71.905115700748766, 45.704804033269362 ], [ -71.898845524410248, 45.702035443280025 ], [ -71.89913264880343, 45.696846438926933 ], [ -71.905688766569952, 45.694425961913062 ] ] ] } },
{ "type": "Feature", "properties": { "hex_id": 732052, "centroid_lon": -71.904542321489984, "centroid_lat": 45.715182080085555, "occurrences_today": 11, "datetimes_today": "2026-07-25 12:01:47, 2026-07-25 12:16:54, 2026-07-25 12:31:42, 2026-07-25 12:46:57, 2026-07-25 12:57:23, 2026-07-25 13:17:05, 2026-07-25 13:31:44, 2026-07-25 13:47:17, 2026-07-25 13:59:59, 2026-07-25 14:17:10, 2026-07-25 14:32:01", "cumulative_total": 38.0 }, "geometry": { "type": "Polygon", "coordinates": [ [ [ -71.904829050312273, 45.709993059745216 ], [ -71.911100410125684, 45.712761348152902 ], [ -71.910814234089713, 45.717950396703124 ], [ -71.90425551425551, 45.720371094289916 ], [ -71.897983680081168, 45.71760241949422 ], [ -71.898271040075556, 45.712413433564151 ], [ -71.904829050312273, 45.709993059745216 ] ] ] } },
{ "type": "Feature", "properties": { "hex_id": 732053, "centroid_lon": -71.903681664444335, "centroid_lat": 45.730749104288741, "occurrences_today": 11, "datetimes_today": "2026-07-25 12:01:47, 2026-07-25 12:16:54, 2026-07-25 12:31:42, 2026-07-25 12:46:57, 2026-07-25 12:57:23, 2026-07-25 13:17:05, 2026-07-25 13:31:44, 2026-07-25 13:47:17, 2026-07-25 13:59:59, 2026-07-25 14:17:10, 2026-07-25 14:32:01", "cumulative_total": 110.0 }, "geometry": { "type": "Polygon", "coordinates": [ [ [ -71.903968628582433, 45.725560102357797 ], [ -71.910241647199015, 45.728328475411601 ], [ -71.909955236291523, 45.733517505568891 ], [ -71.903394621814755, 45.73593810008223 ], [ -71.89712112847225, 45.733169340430578 ], [ -71.897408724306004, 45.72798037292791 ], [ -71.903968628582433, 45.725560102357797 ] ] ] } },
{ "type": "Feature", "properties": { "hex_id": 732658, "centroid_lon": -71.901999580641373, "centroid_lat": 45.644956057773889, "occurrences_today": 11, "datetimes_today": "2026-07-25 12:01:47, 2026-07-25 12:16:54, 2026-07-25 12:31:42, 2026-07-25 12:46:57, 2026-07-25 12:57:23, 2026-07-25 13:17:05, 2026-07-25 13:31:44, 2026-07-25 13:47:17, 2026-07-25 13:59:59, 2026-07-25 14:17:10, 2026-07-25 14:32:01", "cumulative_total": 13.0 }, "geometry": { "type": "Polygon", "coordinates": [ [ [ -71.902285843195614, 45.639766985907009 ], [ -71.9085494014886, 45.642535237165347 ], [ -71.90826368962675, 45.647724337229626 ], [ -71.901713239869835, 45.650145123505546 ], [ -71.895449209114929, 45.647376486750346 ], [ -71.895736100552554, 45.642187449280357 ], [ -71.902285843195614, 45.639766985907009 ] ] ] } },
{ "type": "Feature", "properties": { "hex_id": 732659, "centroid_lon": -71.901140323569621, "centroid_lat": 45.660523236561382, "occurrences_today": 11, "datetimes_today": "2026-07-25 12:01:47, 2026-07-25 12:16:54, 2026-07-25 12:31:42, 2026-07-25 12:46:57, 2026-07-25 12:57:23, 2026-07-25 13:17:05, 2026-07-25 13:31:44, 2026-07-25 13:47:17, 2026-07-25 13:59:59, 2026-07-25 14:17:10, 2026-07-25 14:32:01", "cumulative_total": 13.0 }, "geometry": { "type": "Polygon", "coordinates": [ [ [ -71.901426820854681, 45.655334183101544 ], [ -71.907692031666969, 45.658102518968569 ], [ -71.907406085516527, 45.663291600642253 ], [ -71.900853747988293, 45.665712283884552 ], [ -71.894588064350785, 45.662943562311384 ], [ -71.894875191040413, 45.657754543266357 ], [ -71.901426820854681, 45.655334183101544 ] ] ] } },
{ "type": "Feature", "properties": { "hex_id": 732660, "centroid_lon": -71.900280361831548, "centroid_lat": 45.676090360119041, "occurrences_today": 11, "datetimes_today": "2026-07-25 12:01:47, 2026-07-25 12:16:54, 2026-07-25 12:31:42, 2026-07-25 12:46:57, 2026-07-25 12:57:23, 2026-07-25 13:17:05, 2026-07-25 13:31:44, 2026-07-25 13:47:17, 2026-07-25 13:59:59, 2026-07-25 14:17:10, 2026-07-25 14:32:01", "cumulative_total": 13.0 }, "geometry": { "type": "Polygon", "coordinates": [ [ [ -71.900567094084394, 45.670901325070609 ], [ -71.906833958743178, 45.673669745595653 ], [ -71.906547778067647, 45.678858808874416 ], [ -71.899993551203409, 45.681279389029385 ], [ -71.893726213355791, 45.678510582588778 ], [ -71.894013575534871, 45.673321581973084 ], [ -71.900567094084394, 45.670901325070609 ] ] ] } },
{ "type": "Feature", "properties": { "hex_id": 732661, "centroid_lon": -71.899419694715746, "centroid_lat": 45.691657428433807, "occurrences_today": 11, "datetimes_today": "2026-07-25 12:01:47, 2026-07-25 12:16:54, 2026-07-25 12:31:42, 2026-07-25 12:46:57, 2026-07-25 12:57:23, 2026-07-25 13:17:05, 2026-07-25 13:31:44, 2026-07-25 13:47:17, 2026-07-25 13:59:59, 2026-07-25 14:17:10, 2026-07-25 14:32:01", "cumulative_total": 13.0 }, "geometry": { "type": "Polygon", "coordinates": [ [ [ -71.899706662173614, 45.686468411801123 ], [ -71.905975182007381, 45.689236917033597 ], [ -71.905688766569952, 45.694425961913062 ], [ -71.89913264880343, 45.696846438926933 ], [ -71.892863655416875, 45.694077547569393 ], [ -71.893151253323239, 45.688888565387423 ], [ -71.899706662173614, 45.686468411801123 ] ] ] } },
{ "type": "Feature", "properties": { "hex_id": 732662, "centroid_lon": -71.898558321509768, "centroid_lat": 45.707224441492592, "occurrences_today": 11, "datetimes_today": "2026-07-25 12:01:47, 2026-07-25 12:16:54, 2026-07-25 12:31:42, 2026-07-25 12:46:57, 2026-07-25 12:57:23, 2026-07-25 13:17:05, 2026-07-25 13:31:44, 2026-07-25 13:47:17, 2026-07-25 13:59:59, 2026-07-25 14:17:10, 2026-07-25 14:32:01", "cumulative_total": 13.0 }, "geometry": { "type": "Polygon", "coordinates": [ [ [ -71.898845524410248, 45.702035443280025 ], [ -71.905115700748766, 45.704804033269362 ], [ -71.904829050312273, 45.709993059745216 ], [ -71.898271040075556, 45.712413433564151 ], [ -71.892000389819998, 45.709644457240088 ], [ -71.89228822369175, 45.704455493496212 ], [ -71.898845524410248, 45.702035443280025 ] ] ] } },
{ "type": "Feature", "properties": { "hex_id": 732663, "centroid_lon": -71.897696241500142, "centroid_lat": 45.722791399282293, "occurrences_today": 11, "datetimes_today": "2026-07-25 12:01:47, 2026-07-25 12:16:54, 2026-07-25 12:31:42, 2026-07-25 12:46:57, 2026-07-25 12:57:23, 2026-07-25 13:17:05, 2026-07-25 13:31:44, 2026-07-25 13:47:17, 2026-07-25 13:59:59, 2026-07-25 14:17:10, 2026-07-25 14:32:01", "cumulative_total": 13.0 }, "geometry": { "type": "Polygon", "coordinates": [ [ [ -71.897983680081168, 45.71760241949422 ], [ -71.90425551425551, 45.720371094289916 ], [ -71.903968628582433, 45.725560102357797 ], [ -71.897408724306004, 45.72798037292791 ], [ -71.89113641585007, 45.725211311587707 ], [ -71.891424485925683, 45.720022366286322 ], [ -71.897983680081168, 45.71760241949422 ] ] ] } },
{ "type": "Feature", "properties": { "hex_id": 732664, "centroid_lon": -71.896833453972405, "centroid_lat": 45.738358301789816, "occurrences_today": 11, "datetimes_today": "2026-07-25 12:01:47, 2026-07-25 12:16:54, 2026-07-25 12:31:42, 2026-07-25 12:46:57, 2026-07-25 12:57:23, 2026-07-25 13:17:05, 2026-07-25 13:31:44, 2026-07-25 13:47:17, 2026-07-25 13:59:59, 2026-07-25 14:17:10, 2026-07-25 14:32:01", "cumulative_total": 36.0 }, "geometry": { "type": "Polygon", "coordinates": [ [ [ -71.89712112847225, 45.733169340430578 ], [ -71.903394621814755, 45.73593810008223 ], [ -71.903107500667247, 45.741127089737788 ], [ -71.896545700779924, 45.743547257005126 ], [ -71.89027173279095, 45.740778110599088 ], [ -71.890560039309264, 45.73558918374458 ], [ -71.89712112847225, 45.733169340430578 ] ] ] } },
{ "type": "Feature", "properties": { "hex_id": 733268, "centroid_lon": -71.896022913625558, "centroid_lat": 45.636998405669686, "occurrences_today": 11, "datetimes_today": "2026-07-25 12:01:47, 2026-07-25 12:16:54, 2026-07-25 12:31:42, 2026-07-25 12:46:57, 2026-07-25 12:57:23, 2026-07-25 13:17:05, 2026-07-25 13:31:44, 2026-07-25 13:47:17, 2026-07-25 13:59:59, 2026-07-25 14:17:10, 2026-07-25 14:32:01", "cumulative_total": 13.0 }, "geometry": { "type": "Polygon", "coordinates": [ [ [ -71.896309648360258, 45.631809355918804 ], [ -71.902572027558818, 45.634577907905438 ], [ -71.902285843195614, 45.639766985907009 ], [ -71.895736100552554, 45.642187449280357 ], [ -71.889473249333946, 45.639418511850003 ], [ -71.889760612752113, 45.634229496554262 ], [ -71.896309648360258, 45.631809355918804 ] ] ] } },
{ "type": "Feature", "properties": { "hex_id": 733269, "centroid_lon": -71.895162239286336, "centroid_lat": 45.652565518079179, "occurrences_today": 11, "datetimes_today": "2026-07-25 12:01:47, 2026-07-25 12:16:54, 2026-07-25 12:31:42, 2026-07-25 12:46:57, 2026-07-25 12:57:23, 2026-07-25 13:17:05, 2026-07-25 13:31:44, 2026-07-25 13:47:17, 2026-07-25 13:59:59, 2026-07-25 14:17:10, 2026-07-25 14:32:01", "cumulative_total": 13.0 }, "geometry": { "type": "Polygon", "coordinates": [ [ [ -71.895449209114929, 45.647376486750346 ], [ -71.901713239869835, 45.650145123505546 ], [ -71.901426820854681, 45.655334183101544 ], [ -71.894875191040413, 45.657754543266357 ], [ -71.88861068790257, 45.654985520858204 ], [ -71.888898286935571, 45.649796524002454 ], [ -71.895449209114929, 45.647376486750346 ] ] ] } },
{ "type": "Feature", "properties": { "hex_id": 733270, "centroid_lon": -71.894300859191077, "centroid_lat": 45.668132575213789, "occurrences_today": 11, "datetimes_today": "2026-07-25 12:01:47, 2026-07-25 12:16:54, 2026-07-25 12:31:42, 2026-07-25 12:46:57, 2026-07-25 12:57:23, 2026-07-25 13:17:05, 2026-07-25 13:31:44, 2026-07-25 13:47:17, 2026-07-25 13:59:59, 2026-07-25 14:17:10, 2026-07-25 14:32:01", "cumulative_total": 13.0 }, "geometry": { "type": "Polygon", "coordinates": [ [ [ -71.894588064350785, 45.662943562311384 ], [ -71.900853747988293, 45.665712283884552 ], [ -71.900567094084394, 45.670901325070609 ], [ -71.894013575534871, 45.673321581973084 ], [ -71.887747419151253, 45.670552474537601 ], [ -71.888035254036851, 45.665363496126254 ], [ -71.894588064350785, 45.662943562311384 ] ] ] } },
{ "type": "Feature", "properties": { "hex_id": 733271, "centroid_lon": -71.893438772627391, "centroid_lat": 45.683699577060388, "occurrences_today": 11, "datetimes_today": "2026-07-25 12:01:47, 2026-07-25 12:16:54, 2026-07-25 12:31:42, 2026-07-25 12:46:57, 2026-07-25 12:57:23, 2026-07-25 13:17:05, 2026-07-25 13:31:44, 2026-07-25 13:47:17, 2026-07-25 13:59:59, 2026-07-25 14:17:10, 2026-07-25 14:32:01", "cumulative_total": 13.0 }, "geometry": { "type": "Polygon", "coordinates": [ [ [ -71.893726213355791, 45.678510582588778 ], [ -71.899993551203409, 45.681279389029385 ], [ -71.899706662173614, 45.686468411801123 ], [ -71.893151253323239, 45.688888565387423 ], [ -71.886883442365985, 45.686119372875012 ], [ -71.887171513342295, 45.680930412912474 ], [ -71.893726213355791, 45.678510582588778 ] ] ] } },
{ "type": "Feature", "properties": { "hex_id": 733272, "centroid_lon": -71.892575978881879, "centroid_lat": 45.699266523605814, "occurrences_today": 11, "datetimes_today": "2026-07-25 12:01:47, 2026-07-25 12:16:54, 2026-07-25 12:31:42, 2026-07-25 12:46:57, 2026-07-25 12:57:23, 2026-07-25 13:17:05, 2026-07-25 13:31:44, 2026-07-25 13:47:17, 2026-07-25 13:59:59, 2026-07-25 14:17:10, 2026-07-25 14:32:01", "cumulative_total": 13.0 }, "geometry": { "type": "Polygon", "coordinates": [ [ [ -71.892863655416875, 45.694077547569393 ], [ -71.89913264880343, 45.696846438926933 ], [ -71.898845524410248, 45.702035443280025 ], [ -71.89228822369175, 45.704455493496212 ], [ -71.886018756831746, 45.701686215857251 ], [ -71.886307064137227, 45.696497274347898 ], [ -71.892863655416875, 45.694077547569393 ] ] ] } },
{ "type": "Feature", "properties": { "hex_id": 733273, "centroid_lon": -71.891712477240148, "centroid_lat": 45.714833414836946, "occurrences_today": 11, "datetimes_today": "2026-07-25 12:01:47, 2026-07-25 12:16:54, 2026-07-25 12:31:42, 2026-07-25 12:46:57, 2026-07-25 12:57:23, 2026-07-25 13:17:05, 2026-07-25 13:31:44, 2026-07-25 13:47:17, 2026-07-25 13:59:59, 2026-07-25 14:17:10, 2026-07-25 14:32:01", "cumulative_total": 13.0 }, "geometry": { "type": "Polygon", "coordinates": [ [ [ -71.892000389819998, 45.709644457240088 ], [ -71.898271040075556, 45.712413433564151 ], [ -71.897983680081168, 45.71760241949422 ], [ -71.891424485925683, 45.720022366286322 ], [ -71.885153361832536, 45.717253003471107 ], [ -71.88544190570596, 45.712064080419353 ], [ -71.892000389819998, 45.709644457240088 ] ] ] } },
{ "type": "Feature", "properties": { "hex_id": 733274, "centroid_lon": -71.890848266986765, "centroid_lat": 45.73040025074063, "occurrences_today": 11, "datetimes_today": "2026-07-25 12:01:47, 2026-07-25 12:16:54, 2026-07-25 12:31:42, 2026-07-25 12:46:57, 2026-07-25 12:57:23, 2026-07-25 13:17:05, 2026-07-25 13:31:44, 2026-07-25 13:47:17, 2026-07-25 13:59:59, 2026-07-25 14:17:10, 2026-07-25 14:32:01", "cumulative_total": 13.0 }, "geometry": { "type": "Polygon", "coordinates": [ [ [ -71.89113641585007, 45.725211311587707 ], [ -71.897408724306004, 45.72798037292791 ], [ -71.89712112847225, 45.733169340430578 ], [ -71.890560039309264, 45.73558918374458 ], [ -71.884287256651291, 45.732819735703359 ], [ -71.884576037331783, 45.727630831113608 ], [ -71.89113641585007, 45.725211311587707 ] ] ] } },
{ "type": "Feature", "properties": { "hex_id": 733879, "centroid_lon": -71.889185807403891, "centroid_lat": 45.644607520999571, "occurrences_today": 11, "datetimes_today": "2026-07-25 12:01:47, 2026-07-25 12:16:54, 2026-07-25 12:31:42, 2026-07-25 12:46:57, 2026-07-25 12:57:23, 2026-07-25 13:17:05, 2026-07-25 13:31:44, 2026-07-25 13:47:17, 2026-07-25 13:59:59, 2026-07-25 14:17:10, 2026-07-25 14:32:01", "cumulative_total": 13.0 }, "geometry": { "type": "Polygon", "coordinates": [ [ [ -71.889473249333946, 45.639418511850003 ], [ -71.895736100552554, 45.642187449280357 ], [ -71.895449209114929, 45.647376486750346 ], [ -71.888898286935571, 45.649796524002454 ], [ -71.882634963776013, 45.647027200972374 ], [ -71.882923034710359, 45.64183822635416 ], [ -71.889473249333946, 45.639418511850003 ] ] ] } },
{ "type": "Feature", "properties": { "hex_id": 733880, "centroid_lon": -71.888323010278469, "centroid_lat": 45.660174511566296, "occurrences_today": 11, "datetimes_today": "2026-07-25 12:01:47, 2026-07-25 12:16:54, 2026-07-25 12:31:42, 2026-07-25 12:46:57, 2026-07-25 12:57:23, 2026-07-25 13:17:05, 2026-07-25 13:31:44, 2026-07-25 13:47:17, 2026-07-25 13:59:59, 2026-07-25 14:17:10, 2026-07-25 14:32:01", "cumulative_total": 13.0 }, "geometry": { "type": "Polygon", "coordinates": [ [ [ -71.88861068790257, 45.654985520858204 ], [ -71.894875191040413, 45.657754543266357 ], [ -71.894588064350785, 45.662943562311384 ], [ -71.888035254036851, 45.665363496126254 ], [ -71.881770278595283, 45.662594087909035 ], [ -71.882058585744943, 45.657405131750309 ], [ -71.88861068790257, 45.654985520858204 ] ] ] } },
{ "type": "Feature", "properties": { "hex_id": 733881, "centroid_lon": -71.887459505595217, "centroid_lat": 45.67574144679984, "occurrences_today": 11, "datetimes_today": "2026-07-25 12:01:47, 2026-07-25 12:16:54, 2026-07-25 12:31:42, 2026-07-25 12:46:57, 2026-07-25 12:57:23, 2026-07-25 13:17:05, 2026-07-25 13:31:44, 2026-07-25 13:47:17, 2026-07-25 13:59:59, 2026-07-25 14:17:10, 2026-07-25 14:32:01", "cumulative_total": 13.0 }, "geometry": { "type": "Polygon", "coordinates": [ [ [ -71.887747419151253, 45.670552474537601 ], [ -71.894013575534871, 45.673321581973084 ], [ -71.893726213355791, 45.678510582588778 ], [ -71.887171513342295, 45.680930412912474 ], [ -71.880904884291866, 45.678160919458485 ], [ -71.881193427895255, 45.672971981763624 ], [ -71.887747419151253, 45.670552474537601 ] ] ] } },
{ "type": "Feature", "properties": { "hex_id": 733882, "centroid_lon": -71.886595292639797, "centroid_lat": 45.691308326686993, "occurrences_today": 11, "datetimes_today": "2026-07-25 12:01:47, 2026-07-25 12:16:54, 2026-07-25 12:31:42, 2026-07-25 12:46:57, 2026-07-25 12:57:23, 2026-07-25 13:17:05, 2026-07-25 13:31:44, 2026-07-25 13:47:17, 2026-07-25 13:59:59, 2026-07-25 14:17:10, 2026-07-25 14:32:01", "cumulative_total": 13.0 }, "geometry": { "type": "Polygon", "coordinates": [ [ [ -71.886883442365985, 45.686119372875012 ], [ -71.893151253323239, 45.688888565387423 ], [ -71.892863655416875, 45.694077547569393 ], [ -71.886307064137227, 45.696497274347898 ], [ -71.880038780149775, 45.693727695607414 ], [ -71.880327560445664, 45.688538776380874 ], [ -71.886883442365985, 45.686119372875012 ] ] ] } },
{ "type": "Feature", "properties": { "hex_id": 733883, "centroid_lon": -71.885730370696848, "centroid_lat": 45.706875151214568, "occurrences_today": 11, "datetimes_today": "2026-07-25 12:01:47, 2026-07-25 12:16:54, 2026-07-25 12:31:42, 2026-07-25 12:46:57, 2026-07-25 12:57:23, 2026-07-25 13:17:05, 2026-07-25 13:31:44, 2026-07-25 13:47:17, 2026-07-25 13:59:59, 2026-07-25 14:17:10, 2026-07-25 14:32:01", "cumulative_total": 13.0 }, "geometry": { "type": "Polygon", "coordinates": [ [ [ -71.886018756831746, 45.701686215857251 ], [ -71.89228822369175, 45.704455493496212 ], [ -71.892000389819998, 45.709644457240088 ], [ -71.88544190570596, 45.712064080419353 ], [ -71.879171965452059, 45.709294416342622 ], [ -71.879460982679547, 45.704105515588786 ], [ -71.886018756831746, 45.701686215857251 ] ] ] } },
{ "type": "Feature", "properties": { "hex_id": 733884, "centroid_lon": -71.884864739050016, "centroid_lat": 45.72244192036937, "occurrences_today": 11, "datetimes_today": "2026-07-25 12:01:47, 2026-07-25 12:16:54, 2026-07-25 12:31:42, 2026-07-25 12:46:57, 2026-07-25 12:57:23, 2026-07-25 13:17:05, 2026-07-25 13:31:44, 2026-07-25 13:47:17, 2026-07-25 13:59:59, 2026-07-25 14:17:10, 2026-07-25 14:32:01", "cumulative_total": 13.0 }, "geometry": { "type": "Polygon", "coordinates": [ [ [ -71.885153361832536, 45.717253003471107 ], [ -71.891424485925683, 45.720022366286322 ], [ -71.89113641585007, 45.725211311587707 ], [ -71.884576037331783, 45.727630831113608 ], [ -71.878304439480701, 45.724861081650808 ], [ -71.878593693879253, 45.719672199374116 ], [ -71.885153361832536, 45.717253003471107 ] ] ] } },
{ "type": "Feature", "properties": { "hex_id": 733885, "centroid_lon": -71.883998396981895, "centroid_lat": 45.73800863413814, "occurrences_today": 11, "datetimes_today": "2026-07-25 12:01:47, 2026-07-25 12:16:54, 2026-07-25 12:31:42, 2026-07-25 12:46:57, 2026-07-25 12:57:23, 2026-07-25 13:17:05, 2026-07-25 13:31:44, 2026-07-25 13:47:17, 2026-07-25 13:59:59, 2026-07-25 14:17:10, 2026-07-25 14:32:01", "cumulative_total": 13.0 }, "geometry": { "type": "Polygon", "coordinates": [ [ [ -71.884287256651291, 45.732819735703359 ], [ -71.890560039309264, 45.73558918374458 ], [ -71.89027173279095, 45.740778110599088 ], [ -71.883709458296977, 45.743197526417454 ], [ -71.877436201516716, 45.740427691518704 ], [ -71.877725693326113, 45.735238827723606 ], [ -71.884287256651291, 45.732819735703359 ] ] ] } },
{ "type": "Feature", "properties": { "hex_id": 734489, "centroid_lon": -71.883211026959202, "centroid_lat": 45.63664924558379, "occurrences_today": 5, "datetimes_today": "2026-07-25 12:01:47, 2026-07-25 12:16:54, 2026-07-25 12:31:42, 2026-07-25 12:46:57, 2026-07-25 12:57:23", "cumulative_total": 7.0 }, "geometry": { "type": "Polygon", "coordinates": [ [ [ -71.883498940548975, 45.631460258661718 ], [ -71.889760612752113, 45.634229496554262 ], [ -71.889473249333946, 45.639418511850003 ], [ -71.882923034710359, 45.64183822635416 ], [ -71.876660891007901, 45.639068602915103 ], [ -71.87694943340189, 45.633879650582614 ], [ -71.883498940548975, 45.631460258661718 ] ] ] } },
{ "type": "Feature", "properties": { "hex_id": 734490, "centroid_lon": -71.88234681412969, "centroid_lat": 45.652216169437914, "occurrences_today": 11, "datetimes_today": "2026-07-25 12:01:47, 2026-07-25 12:16:54, 2026-07-25 12:31:42, 2026-07-25 12:46:57, 2026-07-25 12:57:23, 2026-07-25 13:17:05, 2026-07-25 13:31:44, 2026-07-25 13:47:17, 2026-07-25 13:59:59, 2026-07-25 14:17:10, 2026-07-25 14:32:01", "cumulative_total": 13.0 }, "geometry": { "type": "Polygon", "coordinates": [ [ [ -71.882634963776013, 45.647027200972374 ], [ -71.888898286935571, 45.649796524002454 ], [ -71.88861068790257, 45.654985520858204 ], [ -71.882058585744943, 45.657405131750309 ], [ -71.875794790723745, 45.654635422964418 ], [ -71.876083569695339, 45.649446489106495 ], [ -71.882634963776013, 45.647027200972374 ] ] ] } },
{ "type": "Feature", "properties": { "hex_id": 734491, "centroid_lon": -71.881481892654236, "centroid_lat": 45.667783037913644, "occurrences_today": 11, "datetimes_today": "2026-07-25 12:01:47, 2026-07-25 12:16:54, 2026-07-25 12:31:42, 2026-07-25 12:46:57, 2026-07-25 12:57:23, 2026-07-25 13:17:05, 2026-07-25 13:31:44, 2026-07-25 13:47:17, 2026-07-25 13:59:59, 2026-07-25 14:17:10, 2026-07-25 14:32:01", "cumulative_total": 13.0 }, "geometry": { "type": "Polygon", "coordinates": [ [ [ -71.881770278595283, 45.662594087909035 ], [ -71.888035254036851, 45.665363496126254 ], [ -71.887747419151253, 45.670552474537601 ], [ -71.881193427895255, 45.672971981763624 ], [ -71.874927980229401, 45.670202187581211 ], [ -71.875216996017329, 45.665013272202266 ], [ -71.881770278595283, 45.662594087909035 ] ] ] } },
{ "type": "Feature", "properties": { "hex_id": 734492, "centroid_lon": -71.880616261817508, "centroid_lat": 45.683349850997722, "occurrences_today": 11, "datetimes_today": "2026-07-25 12:01:47, 2026-07-25 12:16:54, 2026-07-25 12:31:42, 2026-07-25 12:46:57, 2026-07-25 12:57:23, 2026-07-25 13:17:05, 2026-07-25 13:31:44, 2026-07-25 13:47:17, 2026-07-25 13:59:59, 2026-07-25 14:17:10, 2026-07-25 14:32:01", "cumulative_total": 13.0 }, "geometry": { "type": "Polygon", "coordinates": [ [ [ -71.880904884291866, 45.678160919458485 ], [ -71.887171513342295, 45.680930412912474 ], [ -71.886883442365985, 45.686119372875012 ], [ -71.880327560445664, 45.688538776380874 ], [ -71.874060458807975, 45.685768896752137 ], [ -71.874349711651305, 45.68057999985664 ], [ -71.880904884291866, 45.678160919458485 ] ] ] } },
{ "type": "Feature", "properties": { "hex_id": 734493, "centroid_lon": -71.879749920903265, "centroid_lat": 45.698916608676889, "occurrences_today": 11, "datetimes_today": "2026-07-25 12:01:47, 2026-07-25 12:16:54, 2026-07-25 12:31:42, 2026-07-25 12:46:57, 2026-07-25 12:57:23, 2026-07-25 13:17:05, 2026-07-25 13:31:44, 2026-07-25 13:47:17, 2026-07-25 13:59:59, 2026-07-25 14:17:10, 2026-07-25 14:32:01", "cumulative_total": 44.0 }, "geometry": { "type": "Polygon", "coordinates": [ [ [ -71.880038780149775, 45.693727695607414 ], [ -71.886307064137227, 45.696497274347898 ], [ -71.886018756831746, 45.701686215857251 ], [ -71.879460982679547, 45.704105515588786 ], [ -71.873192225741562, 45.701335550463924 ], [ -71.873481715879706, 45.696146672056287 ], [ -71.880038780149775, 45.693727695607414 ] ] ] } },
{ "type": "Feature", "properties": { "hex_id": 734494, "centroid_lon": -71.878882869194157, "centroid_lat": 45.714483310937887, "occurrences_today": 11, "datetimes_today": "2026-07-25 12:01:47, 2026-07-25 12:16:54, 2026-07-25 12:31:42, 2026-07-25 12:46:57, 2026-07-25 12:57:23, 2026-07-25 13:17:05, 2026-07-25 13:31:44, 2026-07-25 13:47:17, 2026-07-25 13:59:59, 2026-07-25 14:17:10, 2026-07-25 14:32:01", "cumulative_total": 13.0 }, "geometry": { "type": "Polygon", "coordinates": [ [ [ -71.879171965452059, 45.709294416342622 ], [ -71.88544190570596, 45.712064080419353 ], [ -71.885153361832536, 45.717253003471107 ], [ -71.878593693879253, 45.719672199374116 ], [ -71.872323280311207, 45.716902148703241 ], [ -71.872613007983958, 45.711713288787898 ], [ -71.879171965452059, 45.709294416342622 ] ] ] } },
{ "type": "Feature", "properties": { "hex_id": 734495, "centroid_lon": -71.878015105971883, "centroid_lat": 45.73004995776747, "occurrences_today": 11, "datetimes_today": "2026-07-25 12:01:47, 2026-07-25 12:16:54, 2026-07-25 12:31:42, 2026-07-25 12:46:57, 2026-07-25 12:57:23, 2026-07-25 13:17:05, 2026-07-25 13:31:44, 2026-07-25 13:47:17, 2026-07-25 13:59:59, 2026-07-25 14:17:10, 2026-07-25 14:32:01", "cumulative_total": 13.0 }, "geometry": { "type": "Polygon", "coordinates": [ [ [ -71.878304439480701, 45.724861081650808 ], [ -71.884576037331783, 45.727630831113608 ], [ -71.884287256651291, 45.732819735703359 ], [ -71.877725693326113, 45.735238827723606 ], [ -71.871453621796974, 45.732468691456738 ], [ -71.87174358724441, 45.727279850038144 ], [ -71.878304439480701, 45.724861081650808 ] ] ] } },
{ "type": "Feature", "properties": { "hex_id": 735100, "centroid_lon": -71.876372269781214, "centroid_lat": 45.644257549089893, "occurrences_today": 11, "datetimes_today": "2026-07-25 12:01:47, 2026-07-25 12:16:54, 2026-07-25 12:31:42, 2026-07-25 12:46:57, 2026-07-25 12:57:23, 2026-07-25 13:17:05, 2026-07-25 13:31:44, 2026-07-25 13:47:17, 2026-07-25 13:59:59, 2026-07-25 14:17:10, 2026-07-25 14:32:01", "cumulative_total": 13.0 }, "geometry": { "type": "Polygon", "coordinates": [ [ [ -71.876660891007901, 45.639068602915103 ], [ -71.882923034710359, 45.64183822635416 ], [ -71.882634963776013, 45.647027200972374 ], [ -71.876083569695339, 45.649446489106495 ], [ -71.869820954572972, 45.646676479964938 ], [ -71.870110204924686, 45.641487568455993 ], [ -71.876660891007901, 45.639068602915103 ] ] ] } },
{ "type": "Feature", "properties": { "hex_id": 735101, "centroid_lon": -71.875505932839914, "centroid_lat": 45.659824350663179, "occurrences_today": 11, "datetimes_today": "2026-07-25 12:01:47, 2026-07-25 12:16:54, 2026-07-25 12:31:42, 2026-07-25 12:46:57, 2026-07-25 12:57:23, 2026-07-25 13:17:05, 2026-07-25 13:31:44, 2026-07-25 13:47:17, 2026-07-25 13:59:59, 2026-07-25 14:17:10, 2026-07-25 14:32:01", "cumulative_total": 13.0 }, "geometry": { "type": "Polygon", "coordinates": [ [ [ -71.875794790723745, 45.654635422964418 ], [ -71.882058585744943, 45.657405131750309 ], [ -71.881770278595283, 45.662594087909035 ], [ -71.875216996017329, 45.665013272202266 ], [ -71.868952729213987, 45.662243177504536 ], [ -71.869242216744198, 45.657054284489718 ], [ -71.875794790723745, 45.654635422964418 ] ] ] } },
{ "type": "Feature", "properties": { "hex_id": 735102, "centroid_lon": -71.874638885449585, "centroid_lat": 45.675391096799501, "occurrences_today": 11, "datetimes_today": "2026-07-25 12:01:47, 2026-07-25 12:16:54, 2026-07-25 12:31:42, 2026-07-25 12:46:57, 2026-07-25 12:57:23, 2026-07-25 13:17:05, 2026-07-25 13:31:44, 2026-07-25 13:47:17, 2026-07-25 13:59:59, 2026-07-25 14:17:10, 2026-07-25 14:32:01", "cumulative_total": 13.0 }, "geometry": { "type": "Polygon", "coordinates": [ [ [ -71.874927980229401, 45.670202187581211 ], [ -71.881193427895255, 45.672971981763624 ], [ -71.880904884291866, 45.678160919458485 ], [ -71.874349711651305, 45.68057999985664 ], [ -71.868083791840789, 45.677809819552877 ], [ -71.868373516788907, 45.67262094503662 ], [ -71.874927980229401, 45.670202187581211 ] ] ] } },
{ "type": "Feature", "properties": { "hex_id": 735103, "centroid_lon": -71.873771126892976, "centroid_lat": 45.69095778748553, "occurrences_today": 11, "datetimes_today": "2026-07-25 12:01:47, 2026-07-25 12:16:54, 2026-07-25 12:31:42, 2026-07-25 12:46:57, 2026-07-25 12:57:23, 2026-07-25 13:17:05, 2026-07-25 13:31:44, 2026-07-25 13:47:17, 2026-07-25 13:59:59, 2026-07-25 14:17:10, 2026-07-25 14:32:01", "cumulative_total": 13.0 }, "geometry": { "type": "Polygon", "coordinates": [ [ [ -71.874060458807975, 45.685768896752137 ], [ -71.880327560445664, 45.688538776380874 ], [ -71.880038780149775, 45.693727695607414 ], [ -71.873481715879706, 45.696146672056287 ], [ -71.867214141734507, 45.693376406096597 ], [ -71.867504104340242, 45.688187550083363 ], [ -71.874060458807975, 45.685768896752137 ] ] ] } },
{ "type": "Feature", "properties": { "hex_id": 735104, "centroid_lon": -71.872902656451856, "centroid_lat": 45.706524422707965, "occurrences_today": 11, "datetimes_today": "2026-07-25 12:01:47, 2026-07-25 12:16:54, 2026-07-25 12:31:42, 2026-07-25 12:46:57, 2026-07-25 12:57:23, 2026-07-25 13:17:05, 2026-07-25 13:31:44, 2026-07-25 13:47:17, 2026-07-25 13:59:59, 2026-07-25 14:17:10, 2026-07-25 14:32:01", "cumulative_total": 13.0 }, "geometry": { "type": "Polygon", "coordinates": [ [ [ -71.873192225741562, 45.701335550463924 ], [ -71.879460982679547, 45.704105515588786 ], [ -71.879171965452059, 45.709294416342622 ], [ -71.872613007983958, 45.711713288787898 ], [ -71.866343778175278, 45.708942937122337 ], [ -71.866633978678706, 45.703754099616582 ], [ -71.873192225741562, 45.701335550463924 ] ] ] } },
{ "type": "Feature", "properties": { "hex_id": 735105, "centroid_lon": -71.872033473406916, "centroid_lat": 45.722091002453482, "occurrences_today": 11, "datetimes_today": "2026-07-25 12:01:47, 2026-07-25 12:16:54, 2026-07-25 12:31:42, 2026-07-25 12:46:57, 2026-07-25 12:57:23, 2026-07-25 13:17:05, 2026-07-25 13:31:44, 2026-07-25 13:47:17, 2026-07-25 13:59:59, 2026-07-25 14:17:10, 2026-07-25 14:32:01", "cumulative_total": 13.0 }, "geometry": { "type": "Polygon", "coordinates": [ [ [ -71.872323280311207, 45.716902148703241 ], [ -71.878593693879253, 45.719672199374116 ], [ -71.878304439480701, 45.724861081650808 ], [ -71.87174358724441, 45.727279850038144 ], [ -71.865472700442197, 45.724509412616705 ], [ -71.865763139083739, 45.719320593622889 ], [ -71.872323280311207, 45.716902148703241 ] ] ] } },
{ "type": "Feature", "properties": { "hex_id": 735710, "centroid_lon": -71.870399376270043, "centroid_lat": 45.636298650783345, "occurrences_today": 5, "datetimes_today": "2026-07-25 12:01:47, 2026-07-25 12:16:54, 2026-07-25 12:31:42, 2026-07-25 12:46:57, 2026-07-25 12:57:23", "cumulative_total": 7.0 }, "geometry": { "type": "Polygon", "coordinates": [ [ [ -71.870688468635578, 45.63110972694745 ], [ -71.87694943340189, 45.633879650582614 ], [ -71.876660891007901, 45.639068602915103 ], [ -71.870110204924686, 45.641487568455993 ], [ -71.863848769179924, 45.638717259171656 ], [ -71.864138490470268, 45.633528370059828 ], [ -71.870688468635578, 45.63110972694745 ] ] ] } },
{ "type": "Feature", "properties": { "hex_id": 735711, "centroid_lon": -71.869531625188344, "centroid_lat": 45.651865385309669, "occurrences_today": 11, "datetimes_today": "2026-07-25 12:01:47, 2026-07-25 12:16:54, 2026-07-25 12:31:42, 2026-07-25 12:46:57, 2026-07-25 12:57:23, 2026-07-25 13:17:05, 2026-07-25 13:31:44, 2026-07-25 13:47:17, 2026-07-25 13:59:59, 2026-07-25 14:17:10, 2026-07-25 14:32:01", "cumulative_total": 13.0 }, "geometry": { "type": "Polygon", "coordinates": [ [ [ -71.869820954572972, 45.646676479964938 ], [ -71.876083569695339, 45.649446489106495 ], [ -71.875794790723745, 45.654635422964418 ], [ -71.869242216744198, 45.657054284489718 ], [ -71.862979130281602, 45.654283889489641 ], [ -71.863269089112208, 45.64909501888706 ], [ -71.869820954572972, 45.646676479964938 ] ] ] } },
{ "type": "Feature", "properties": { "hex_id": 735712, "centroid_lon": -71.868663162571096, "centroid_lat": 45.667432064353669, "occurrences_today": 11, "datetimes_today": "2026-07-25 12:01:47, 2026-07-25 12:16:54, 2026-07-25 12:31:42, 2026-07-25 12:46:57, 2026-07-25 12:57:23, 2026-07-25 13:17:05, 2026-07-25 13:31:44, 2026-07-25 13:47:17, 2026-07-25 13:59:59, 2026-07-25 14:17:10, 2026-07-25 14:32:01", "cumulative_total": 13.0 }, "geometry": { "type": "Polygon", "coordinates": [ [ [ -71.868952729213987, 45.662243177504536 ], [ -71.875216996017329, 45.665013272202266 ], [ -71.874927980229401, 45.670202187581211 ], [ -71.868373516788907, 45.67262094503662 ], [ -71.862108778283186, 45.669850464270922 ], [ -71.86239897489375, 45.664661612182066 ], [ -71.868952729213987, 45.662243177504536 ] ] ] } },
{ "type": "Feature", "properties": { "hex_id": 735713, "centroid_lon": -71.867793987700125, "centroid_lat": 45.682998687901964, "occurrences_today": 11, "datetimes_today": "2026-07-25 12:01:47, 2026-07-25 12:16:54, 2026-07-25 12:31:42, 2026-07-25 12:46:57, 2026-07-25 12:57:23, 2026-07-25 13:17:05, 2026-07-25 13:31:44, 2026-07-25 13:47:17, 2026-07-25 13:59:59, 2026-07-25 14:17:10, 2026-07-25 14:32:01", "cumulative_total": 19.0 }, "geometry": { "type": "Polygon", "coordinates": [ [ [ -71.868083791840789, 45.677809819552877 ], [ -71.874349711651305, 45.68057999985664 ], [ -71.874060458807975, 45.685768896752137 ], [ -71.867504104340242, 45.688187550083363 ], [ -71.861237712464927, 45.685416983502066 ], [ -71.86152814709547, 45.680228149931423 ], [ -71.868083791840789, 45.677809819552877 ] ] ] } },
{ "type": "Feature", "properties": { "hex_id": 735714, "centroid_lon": -71.86692409985622, "centroid_lat": 45.698565255941162, "occurrences_today": 11, "datetimes_today": "2026-07-25 12:01:47, 2026-07-25 12:16:54, 2026-07-25 12:31:42, 2026-07-25 12:46:57, 2026-07-25 12:57:23, 2026-07-25 13:17:05, 2026-07-25 13:31:44, 2026-07-25 13:47:17, 2026-07-25 13:59:59, 2026-07-25 14:17:10, 2026-07-25 14:32:01", "cumulative_total": 13.0 }, "geometry": { "type": "Polygon", "coordinates": [ [ [ -71.867214141734507, 45.693376406096597 ], [ -71.873481715879706, 45.696146672056287 ], [ -71.873192225741562, 45.701335550463924 ], [ -71.866633978678706, 45.703754099616582 ], [ -71.860365932105964, 45.700983447169676 ], [ -71.860656604996905, 45.695794632121682 ], [ -71.867214141734507, 45.693376406096597 ] ] ] } },
{ "type": "Feature", "properties": { "hex_id": 735715, "centroid_lon": -71.866053498319189, "centroid_lat": 45.714131768457932, "occurrences_today": 11, "datetimes_today": "2026-07-25 12:01:47, 2026-07-25 12:16:54, 2026-07-25 12:31:42, 2026-07-25 12:46:57, 2026-07-25 12:57:23, 2026-07-25 13:17:05, 2026-07-25 13:31:44, 2026-07-25 13:47:17, 2026-07-25 13:59:59, 2026-07-25 14:17:10, 2026-07-25 14:32:01", "cumulative_total": 13.0 }, "geometry": { "type": "Polygon", "coordinates": [ [ [ -71.866343778175278, 45.708942937122337 ], [ -71.872613007983958, 45.711713288787898 ], [ -71.872323280311207, 45.716902148703241 ], [ -71.865763139083739, 45.719320593622889 ], [ -71.85949343648447, 45.716549855260283 ], [ -71.859784347876527, 45.711361058739463 ], [ -71.866343778175278, 45.708942937122337 ] ] ] } },
{ "type": "Feature", "properties": { "hex_id": 735716, "centroid_lon": -71.865182182367789, "centroid_lat": 45.729698225438874, "occurrences_today": 11, "datetimes_today": "2026-07-25 12:01:47, 2026-07-25 12:16:54, 2026-07-25 12:31:42, 2026-07-25 12:46:57, 2026-07-25 12:57:23, 2026-07-25 13:17:05, 2026-07-25 13:31:44, 2026-07-25 13:47:17, 2026-07-25 13:59:59, 2026-07-25 14:17:10, 2026-07-25 14:32:01", "cumulative_total": 13.0 }, "geometry": { "type": "Polygon", "coordinates": [ [ [ -71.865472700442197, 45.724509412616705 ], [ -71.87174358724441, 45.727279850038144 ], [ -71.871453621796974, 45.732468691456738 ], [ -71.864891584833757, 45.734887032088899 ], [ -71.858620224877598, 45.732116207760441 ], [ -71.858911375011814, 45.726927429771273 ], [ -71.865472700442197, 45.724509412616705 ] ] ] } },
{ "type": "Feature", "properties": { "hex_id": 736321, "centroid_lon": -71.8635589687361, "centroid_lat": 45.643906142114247, "occurrences_today": 11, "datetimes_today": "2026-07-25 12:01:47, 2026-07-25 12:16:54, 2026-07-25 12:31:42, 2026-07-25 12:46:57, 2026-07-25 12:57:23, 2026-07-25 13:17:05, 2026-07-25 13:31:44, 2026-07-25 13:47:17, 2026-07-25 13:59:59, 2026-07-25 14:17:10, 2026-07-25 14:32:01", "cumulative_total": 13.0 }, "geometry": { "type": "Polygon", "coordinates": [ [ [ -71.863848769179924, 45.638717259171656 ], [ -71.870110204924686, 45.641487568455993 ], [ -71.869820954572972, 45.646676479964938 ], [ -71.863269089112208, 45.64909501888706 ], [ -71.857007182468706, 45.6463243237976 ], [ -71.857297612158092, 45.641135475655375 ], [ -71.863848769179924, 45.638717259171656 ] ] ] } },
{ "type": "Feature", "properties": { "hex_id": 736322, "centroid_lon": -71.862689092217664, "centroid_lat": 45.659472753921484, "occurrences_today": 11, "datetimes_today": "2026-07-25 12:01:47, 2026-07-25 12:16:54, 2026-07-25 12:31:42, 2026-07-25 12:46:57, 2026-07-25 12:57:23, 2026-07-25 13:17:05, 2026-07-25 13:31:44, 2026-07-25 13:47:17, 2026-07-25 13:59:59, 2026-07-25 14:17:10, 2026-07-25 14:32:01", "cumulative_total": 13.0 }, "geometry": { "type": "Polygon", "coordinates": [ [ [ -71.862979130281602, 45.654283889489641 ], [ -71.869242216744198, 45.657054284489718 ], [ -71.868952729213987, 45.662243177504536 ], [ -71.86239897489375, 45.664661612182066 ], [ -71.856135417170734, 45.661890831167462 ], [ -71.856426085001715, 45.656702001554144 ], [ -71.862979130281602, 45.654283889489641 ] ] ] } },
{ "type": "Feature", "properties": { "hex_id": 736323, "centroid_lon": -71.861818502359327, "centroid_lat": 45.675039310187543, "occurrences_today": 11, "datetimes_today": "2026-07-25 12:01:47, 2026-07-25 12:16:54, 2026-07-25 12:31:42, 2026-07-25 12:46:57, 2026-07-25 12:57:23, 2026-07-25 13:17:05, 2026-07-25 13:31:44, 2026-07-25 13:47:17, 2026-07-25 13:59:59, 2026-07-25 14:17:10, 2026-07-25 14:32:01", "cumulative_total": 13.0 }, "geometry": { "type": "Polygon", "coordinates": [ [ [ -71.862108778283186, 45.669850464270922 ], [ -71.868373516788907, 45.67262094503662 ], [ -71.868083791840789, 45.677809819552877 ], [ -71.86152814709547, 45.680228149931423 ], [ -71.855262936967364, 45.67745728294166 ], [ -71.855553843180289, 45.672268471861727 ], [ -71.862108778283186, 45.669850464270922 ] ] ] } },
{ "type": "Feature", "properties": { "hex_id": 736324, "centroid_lon": -71.860947198440968, "centroid_lat": 45.690605810899001, "occurrences_today": 11, "datetimes_today": "2026-07-25 12:01:47, 2026-07-25 12:16:54, 2026-07-25 12:31:42, 2026-07-25 12:46:57, 2026-07-25 12:57:23, 2026-07-25 13:17:05, 2026-07-25 13:31:44, 2026-07-25 13:47:17, 2026-07-25 13:59:59, 2026-07-25 14:17:10, 2026-07-25 14:32:01", "cumulative_total": 13.0 }, "geometry": { "type": "Polygon", "coordinates": [ [ [ -71.861237712464927, 45.685416983502066 ], [ -71.867504104340242, 45.688187550083363 ], [ -71.867214141734507, 45.693376406096597 ], [ -71.860656604996905, 45.695794632121682 ], [ -71.854389741136842, 45.693023679106659 ], [ -71.8546808859724, 45.68783488656463 ], [ -71.861237712464927, 45.685416983502066 ] ] ] } },
{ "type": "Feature", "properties": { "hex_id": 736325, "centroid_lon": -71.860075179741415, "centroid_lat": 45.706172256042429, "occurrences_today": 11, "datetimes_today": "2026-07-25 12:01:47, 2026-07-25 12:16:54, 2026-07-25 12:31:42, 2026-07-25 12:46:57, 2026-07-25 12:57:23, 2026-07-25 13:17:05, 2026-07-25 13:31:44, 2026-07-25 13:47:17, 2026-07-25 13:59:59, 2026-07-25 14:17:10, 2026-07-25 14:32:01", "cumulative_total": 13.0 }, "geometry": { "type": "Polygon", "coordinates": [ [ [ -71.860365932105964, 45.700983447169676 ], [ -71.866633978678706, 45.703754099616582 ], [ -71.866343778175278, 45.708942937122337 ], [ -71.859784347876527, 45.711361058739463 ], [ -71.853515828956404, 45.708590019649037 ], [ -71.853807212655653, 45.703401245649374 ], [ -71.860365932105964, 45.700983447169676 ] ] ] } },
{ "type": "Feature", "properties": { "hex_id": 736326, "centroid_lon": -71.859202445538514, "centroid_lat": 45.721738645604383, "occurrences_today": 11, "datetimes_today": "2026-07-25 12:01:47, 2026-07-25 12:16:54, 2026-07-25 12:31:42, 2026-07-25 12:46:57, 2026-07-25 12:57:23, 2026-07-25 13:17:05, 2026-07-25 13:31:44, 2026-07-25 13:47:17, 2026-07-25 13:59:59, 2026-07-25 14:17:10, 2026-07-25 14:32:01", "cumulative_total": 13.0 }, "geometry": { "type": "Polygon", "coordinates": [ [ [ -71.85949343648447, 45.716549855260283 ], [ -71.865763139083739, 45.719320593622889 ], [ -71.865472700442197, 45.724509412616705 ], [ -71.858911375011814, 45.726927429771273 ], [ -71.852641199702234, 45.72415630455523 ], [ -71.852932822506546, 45.718967549102452 ], [ -71.85949343648447, 45.716549855260283 ] ] ] } },
{ "type": "Feature", "properties": { "hex_id": 736327, "centroid_lon": -71.858328995109005, "centroid_lat": 45.737304979571412, "occurrences_today": 11, "datetimes_today": "2026-07-25 12:01:47, 2026-07-25 12:16:54, 2026-07-25 12:31:42, 2026-07-25 12:46:57, 2026-07-25 12:57:23, 2026-07-25 13:17:05, 2026-07-25 13:31:44, 2026-07-25 13:47:17, 2026-07-25 13:59:59, 2026-07-25 14:17:10, 2026-07-25 14:32:01", "cumulative_total": 13.0 }, "geometry": { "type": "Polygon", "coordinates": [ [ [ -71.858620224877598, 45.732116207760441 ], [ -71.864891584833757, 45.734887032088899 ], [ -71.864600907813355, 45.740075832566298 ], [ -71.858037685679236, 45.742493745203681 ], [ -71.851765852649521, 45.739722533811786 ], [ -71.852057714800594, 45.734533796910398 ], [ -71.858620224877598, 45.732116207760441 ] ] ] } },
{ "type": "Feature", "properties": { "hex_id": 736932, "centroid_lon": -71.856716673425467, "centroid_lat": 45.651513165764023, "occurrences_today": 11, "datetimes_today": "2026-07-25 12:01:47, 2026-07-25 12:16:54, 2026-07-25 12:31:42, 2026-07-25 12:46:57, 2026-07-25 12:57:23, 2026-07-25 13:17:05, 2026-07-25 13:31:44, 2026-07-25 13:47:17, 2026-07-25 13:59:59, 2026-07-25 14:17:10, 2026-07-25 14:32:01", "cumulative_total": 13.0 }, "geometry": { "type": "Polygon", "coordinates": [ [ [ -71.857007182468706, 45.6463243237976 ], [ -71.863269089112208, 45.64909501888706 ], [ -71.862979130281602, 45.654283889489641 ], [ -71.856426085001715, 45.656702001554144 ], [ -71.850163707539437, 45.653930920503576 ], [ -71.850454846149148, 45.648742113413846 ], [ -71.857007182468706, 45.6463243237976 ] ] ] } },
{ "type": "Feature", "properties": { "hex_id": 736933, "centroid_lon": -71.855844669905835, "centroid_lat": 45.667079654603491, "occurrences_today": 11, "datetimes_today": "2026-07-25 12:01:47, 2026-07-25 12:16:54, 2026-07-25 12:31:42, 2026-07-25 12:46:57, 2026-07-25 12:57:23, 2026-07-25 13:17:05, 2026-07-25 13:31:44, 2026-07-25 13:47:17, 2026-07-25 13:59:59, 2026-07-25 14:17:10, 2026-07-25 14:32:01", "cumulative_total": 13.0 }, "geometry": { "type": "Polygon", "coordinates": [ [ [ -71.856135417170734, 45.661890831167462 ], [ -71.86239897489375, 45.664661612182066 ], [ -71.862108778283186, 45.669850464270922 ], [ -71.855553843180289, 45.672268471861727 ], [ -71.849289814276915, 45.669497304676518 ], [ -71.84958119163008, 45.664308516135407 ], [ -71.856135417170734, 45.661890831167462 ] ] ] } },
{ "type": "Feature", "properties": { "hex_id": 736934, "centroid_lon": -71.854971951240316, "centroid_lat": 45.682646087842791, "occurrences_today": 11, "datetimes_today": "2026-07-25 12:01:47, 2026-07-25 12:16:54, 2026-07-25 12:31:42, 2026-07-25 12:46:57, 2026-07-25 12:57:23, 2026-07-25 13:17:05, 2026-07-25 13:31:44, 2026-07-25 13:47:17, 2026-07-25 13:59:59, 2026-07-25 14:17:10, 2026-07-25 14:32:01", "cumulative_total": 17.0 }, "geometry": { "type": "Polygon", "coordinates": [ [ [ -71.855262936967364, 45.67745728294166 ], [ -71.86152814709547, 45.680228149931423 ], [ -71.861237712464927, 45.685416983502066 ], [ -71.8546808859724, 45.68783488656463 ], [ -71.848415204302071, 45.685063633194638 ], [ -71.848706820639705, 45.679874863206649 ], [ -71.855262936967364, 45.67745728294166 ] ] ] } },
{ "type": "Feature", "properties": { "hex_id": 736935, "centroid_lon": -71.854098516706856, "centroid_lat": 45.698212465468416, "occurrences_today": 11, "datetimes_today": "2026-07-25 12:01:47, 2026-07-25 12:16:54, 2026-07-25 12:31:42, 2026-07-25 12:46:57, 2026-07-25 12:57:23, 2026-07-25 13:17:05, 2026-07-25 13:31:44, 2026-07-25 13:47:17, 2026-07-25 13:59:59, 2026-07-25 14:17:10, 2026-07-25 14:32:01", "cumulative_total": 13.0 }, "geometry": { "type": "Polygon", "coordinates": [ [ [ -71.854389741136842, 45.693023679106659 ], [ -71.860656604996905, 45.695794632121682 ], [ -71.860365932105964, 45.700983447169676 ], [ -71.853807212655653, 45.703401245649374 ], [ -71.847539876891176, 45.700629906044384 ], [ -71.847831732454623, 45.695441154614009 ], [ -71.854389741136842, 45.693023679106659 ] ] ] } },
{ "type": "Feature", "properties": { "hex_id": 736936, "centroid_lon": -71.853224365582321, "centroid_lat": 45.713778787466886, "occurrences_today": 11, "datetimes_today": "2026-07-25 12:01:47, 2026-07-25 12:16:54, 2026-07-25 12:31:42, 2026-07-25 12:46:57, 2026-07-25 12:57:23, 2026-07-25 13:17:05, 2026-07-25 13:31:44, 2026-07-25 13:47:17, 2026-07-25 13:59:59, 2026-07-25 14:17:10, 2026-07-25 14:32:01", "cumulative_total": 13.0 }, "geometry": { "type": "Polygon", "coordinates": [ [ [ -71.853515828956404, 45.708590019649037 ], [ -71.859784347876527, 45.711361058739463 ], [ -71.85949343648447, 45.716549855260283 ], [ -71.852932822506546, 45.718967549102452 ], [ -71.846663831319503, 45.716196123212214 ], [ -71.846955926350475, 45.711007390343994 ], [ -71.853515828956404, 45.708590019649037 ] ] ] } },
{ "type": "Feature", "properties": { "hex_id": 736937, "centroid_lon": -71.852349497142555, "centroid_lat": 45.729345053824723, "occurrences_today": 11, "datetimes_today": "2026-07-25 12:01:47, 2026-07-25 12:16:54, 2026-07-25 12:31:42, 2026-07-25 12:46:57, 2026-07-25 12:57:23, 2026-07-25 13:17:05, 2026-07-25 13:31:44, 2026-07-25 13:47:17, 2026-07-25 13:59:59, 2026-07-25 14:17:10, 2026-07-25 14:32:01", "cumulative_total": 13.0 }, "geometry": { "type": "Polygon", "coordinates": [ [ [ -71.852641199702234, 45.72415630455523 ], [ -71.858911375011814, 45.726927429771273 ], [ -71.858620224877598, 45.732116207760441 ], [ -71.852057714800594, 45.734533796910398 ], [ -71.845787066861263, 45.731762284684535 ], [ -71.846079401601799, 45.726573570383003 ], [ -71.852641199702234, 45.72415630455523 ] ] ] } },
{ "type": "Feature", "properties": { "hex_id": 737542, "centroid_lon": -71.850745905231207, "centroid_lat": 45.643553300142273, "occurrences_today": 11, "datetimes_today": "2026-07-25 12:01:47, 2026-07-25 12:16:54, 2026-07-25 12:31:42, 2026-07-25 12:46:57, 2026-07-25 12:57:23, 2026-07-25 13:17:05, 2026-07-25 13:31:44, 2026-07-25 13:47:17, 2026-07-25 13:59:59, 2026-07-25 14:17:10, 2026-07-25 14:32:01", "cumulative_total": 13.0 }, "geometry": { "type": "Polygon", "coordinates": [ [ [ -71.851036884812331, 45.638364480689326 ], [ -71.857297612158092, 45.641135475655375 ], [ -71.857007182468706, 45.6463243237976 ], [ -71.850454846149148, 45.648742113413846 ], [ -71.844193648425957, 45.645970732540157 ], [ -71.844485257373009, 45.640781948022081 ], [ -71.851036884812331, 45.638364480689326 ] ] ] } },
{ "type": "Feature", "properties": { "hex_id": 737543, "centroid_lon": -71.849872489375343, "centroid_lat": 45.659119721410931, "occurrences_today": 11, "datetimes_today": "2026-07-25 12:01:47, 2026-07-25 12:16:54, 2026-07-25 12:31:42, 2026-07-25 12:46:57, 2026-07-25 12:57:23, 2026-07-25 13:17:05, 2026-07-25 13:31:44, 2026-07-25 13:47:17, 2026-07-25 13:59:59, 2026-07-25 14:17:10, 2026-07-25 14:32:01", "cumulative_total": 13.0 }, "geometry": { "type": "Polygon", "coordinates": [ [ [ -71.850163707539437, 45.653930920503576 ], [ -71.856426085001715, 45.656702001554144 ], [ -71.856135417170734, 45.661890831167462 ], [ -71.84958119163008, 45.664308516135407 ], [ -71.843318343429218, 45.66153704896773 ], [ -71.843610191480849, 45.656348283013493 ], [ -71.850163707539437, 45.653930920503576 ] ] ] } },
{ "type": "Feature", "properties": { "hex_id": 737544, "centroid_lon": -71.848998357289048, "centroid_lat": 45.674686087033777, "occurrences_today": 11, "datetimes_today": "2026-07-25 12:01:47, 2026-07-25 12:16:54, 2026-07-25 12:31:42, 2026-07-25 12:46:57, 2026-07-25 12:57:23, 2026-07-25 13:17:05, 2026-07-25 13:31:44, 2026-07-25 13:47:17, 2026-07-25 13:59:59, 2026-07-25 14:17:10, 2026-07-25 14:32:01", "cumulative_total": 17.0 }, "geometry": { "type": "Polygon", "coordinates": [ [ [ -71.849289814276915, 45.669497304676518 ], [ -71.855553843180289, 45.672268471861727 ], [ -71.855262936967364, 45.67745728294166 ], [ -71.848706820639705, 45.679874863206649 ], [ -71.84244232063628, 45.677103309694758 ], [ -71.842734408033778, 45.671914562308885 ], [ -71.849289814276915, 45.669497304676518 ] ] ] } },
{ "type": "Feature", "properties": { "hex_id": 737545, "centroid_lon": -71.848123508249316, "centroid_lat": 45.690252396997266, "occurrences_today": 11, "datetimes_today": "2026-07-25 12:01:47, 2026-07-25 12:16:54, 2026-07-25 12:31:42, 2026-07-25 12:46:57, 2026-07-25 12:57:23, 2026-07-25 13:17:05, 2026-07-25 13:31:44, 2026-07-25 13:47:17, 2026-07-25 13:59:59, 2026-07-25 14:17:10, 2026-07-25 14:32:01", "cumulative_total": 13.0 }, "geometry": { "type": "Polygon", "coordinates": [ [ [ -71.848415204302071, 45.685063633194638 ], [ -71.8546808859724, 45.68783488656463 ], [ -71.854389741136842, 45.693023679106659 ], [ -71.847831732454623, 45.695441154614009 ], [ -71.841565579322449, 45.692669514707639 ], [ -71.841857906307496, 45.687480785894657 ], [ -71.848415204302071, 45.685063633194638 ] ] ] } },
{ "type": "Feature", "properties": { "hex_id": 737546, "centroid_lon": -71.847247941532075, "centroid_lat": 45.705818651287885, "occurrences_today": 11, "datetimes_today": "2026-07-25 12:01:47, 2026-07-25 12:16:54, 2026-07-25 12:31:42, 2026-07-25 12:46:57, 2026-07-25 12:57:23, 2026-07-25 13:17:05, 2026-07-25 13:31:44, 2026-07-25 13:47:17, 2026-07-25 13:59:59, 2026-07-25 14:17:10, 2026-07-25 14:32:01", "cumulative_total": 13.0 }, "geometry": { "type": "Polygon", "coordinates": [ [ [ -71.847539876891176, 45.700629906044384 ], [ -71.853807212655653, 45.703401245649374 ], [ -71.853515828956404, 45.708590019649037 ], [ -71.846955926350475, 45.711007390343994 ], [ -71.840688118762074, 45.708235663992788 ], [ -71.840980685576653, 45.70304695375723 ], [ -71.847539876891176, 45.700629906044384 ] ] ] } },
{ "type": "Feature", "properties": { "hex_id": 737547, "centroid_lon": -71.846371656412231, "centroid_lat": 45.721384849892047, "occurrences_today": 11, "datetimes_today": "2026-07-25 12:01:47, 2026-07-25 12:16:54, 2026-07-25 12:31:42, 2026-07-25 12:46:57, 2026-07-25 12:57:23, 2026-07-25 13:17:05, 2026-07-25 13:31:44, 2026-07-25 13:47:17, 2026-07-25 13:59:59, 2026-07-25 14:17:10, 2026-07-25 14:32:01", "cumulative_total": 13.0 }, "geometry": { "type": "Polygon", "coordinates": [ [ [ -71.846663831319503, 45.716196123212214 ], [ -71.852932822506546, 45.718967549102452 ], [ -71.852641199702234, 45.72415630455523 ], [ -71.846079401601799, 45.726573570383003 ], [ -71.839809938228427, 45.723801757536577 ], [ -71.840102745114919, 45.718613065882977 ], [ -71.846663831319503, 45.716196123212214 ] ] ] } },
{ "type": "Feature", "properties": { "hex_id": 738153, "centroid_lon": -71.843901959804157, "centroid_lat": 45.651159510870798, "occurrences_today": 11, "datetimes_today": "2026-07-25 12:01:47, 2026-07-25 12:16:54, 2026-07-25 12:31:42, 2026-07-25 12:46:57, 2026-07-25 12:57:23, 2026-07-25 13:17:05, 2026-07-25 13:31:44, 2026-07-25 13:47:17, 2026-07-25 13:59:59, 2026-07-25 14:17:10, 2026-07-25 14:32:01", "cumulative_total": 13.0 }, "geometry": { "type": "Polygon", "coordinates": [ [ [ -71.844193648425957, 45.645970732540157 ], [ -71.850454846149148, 45.648742113413846 ], [ -71.850163707539437, 45.653930920503576 ], [ -71.843610191480849, 45.656348283013493 ], [ -71.837348523460463, 45.6535765160762 ], [ -71.837640841769073, 45.648387772756834 ], [ -71.844193648425957, 45.645970732540157 ] ] ] } },
{ "type": "Feature", "properties": { "hex_id": 738154, "centroid_lon": -71.843026415622475, "centroid_lat": 45.66672580873302, "occurrences_today": 11, "datetimes_today": "2026-07-25 12:01:47, 2026-07-25 12:16:54, 2026-07-25 12:31:42, 2026-07-25 12:46:57, 2026-07-25 12:57:23, 2026-07-25 13:17:05, 2026-07-25 13:31:44, 2026-07-25 13:47:17, 2026-07-25 13:59:59, 2026-07-25 14:17:10, 2026-07-25 14:32:01", "cumulative_total": 13.0 }, "geometry": { "type": "Polygon", "coordinates": [ [ [ -71.843318343429218, 45.66153704896773 ], [ -71.84958119163008, 45.664308516135407 ], [ -71.849289814276915, 45.669497304676518 ], [ -71.842734408033778, 45.671914562308885 ], [ -71.836471089174694, 45.669142708868073 ], [ -71.836763647190153, 45.66395398413232 ], [ -71.843318343429218, 45.66153704896773 ] ] ] } },
{ "type": "Feature", "properties": { "hex_id": 738155, "centroid_lon": -71.842150153403139, "centroid_lat": 45.68229205089019, "occurrences_today": 11, "datetimes_today": "2026-07-25 12:01:47, 2026-07-25 12:16:54, 2026-07-25 12:31:42, 2026-07-25 12:46:57, 2026-07-25 12:57:23, 2026-07-25 13:17:05, 2026-07-25 13:31:44, 2026-07-25 13:47:17, 2026-07-25 13:59:59, 2026-07-25 14:17:10, 2026-07-25 14:32:01", "cumulative_total": 13.0 }, "geometry": { "type": "Polygon", "coordinates": [ [ [ -71.84244232063628, 45.677103309694758 ], [ -71.848706820639705, 45.679874863206649 ], [ -71.848415204302071, 45.685063633194638 ], [ -71.841857906307496, 45.687480785894657 ], [ -71.835592935284524, 45.684708845899976 ], [ -71.835885733248787, 45.679520139752412 ], [ -71.84244232063628, 45.677103309694758 ] ] ] } },
{ "type": "Feature", "properties": { "hex_id": 738156, "centroid_lon": -71.84127317242114, "centroid_lat": 45.697858237328667, "occurrences_today": 11, "datetimes_today": "2026-07-25 12:01:47, 2026-07-25 12:16:54, 2026-07-25 12:31:42, 2026-07-25 12:46:57, 2026-07-25 12:57:23, 2026-07-25 13:17:05, 2026-07-25 13:31:44, 2026-07-25 13:47:17, 2026-07-25 13:59:59, 2026-07-25 14:17:10, 2026-07-25 14:32:01", "cumulative_total": 29.0 }, "geometry": { "type": "Polygon", "coordinates": [ [ [ -71.841565579322449, 45.692669514707639 ], [ -71.847831732454623, 45.695441154614009 ], [ -71.847539876891176, 45.700629906044384 ], [ -71.840980685576653, 45.70304695375723 ], [ -71.834714061063266, 45.700274927158283 ], [ -71.8350070992187, 45.69508623960342 ], [ -71.841565579322449, 45.692669514707639 ] ] ] } },
{ "type": "Feature", "properties": { "hex_id": 738157, "centroid_lon": -71.840395471950487, "centroid_lat": 45.713424368034879, "occurrences_today": 11, "datetimes_today": "2026-07-25 12:01:47, 2026-07-25 12:16:54, 2026-07-25 12:31:42, 2026-07-25 12:46:57, 2026-07-25 12:57:23, 2026-07-25 13:17:05, 2026-07-25 13:31:44, 2026-07-25 13:47:17, 2026-07-25 13:59:59, 2026-07-25 14:17:10, 2026-07-25 14:32:01", "cumulative_total": 13.0 }, "geometry": { "type": "Polygon", "coordinates": [ [ [ -71.840688118762074, 45.708235663992788 ], [ -71.846955926350475, 45.711007390343994 ], [ -71.846663831319503, 45.716196123212214 ], [ -71.840102745114919, 45.718613065882977 ], [ -71.833834465783326, 45.7158409526293 ], [ -71.834127744372566, 45.710652283671728 ], [ -71.840688118762074, 45.708235663992788 ] ] ] } },
{ "type": "Feature", "properties": { "hex_id": 738763, "centroid_lon": -71.837933080229092, "centroid_lat": 45.643199023243938, "occurrences_today": 11, "datetimes_today": "2026-07-25 12:01:47, 2026-07-25 12:16:54, 2026-07-25 12:31:42, 2026-07-25 12:46:57, 2026-07-25 12:57:23, 2026-07-25 13:17:05, 2026-07-25 13:31:44, 2026-07-25 13:47:17, 2026-07-25 13:59:59, 2026-07-25 14:17:10, 2026-07-25 14:32:01", "cumulative_total": 13.0 }, "geometry": { "type": "Polygon", "coordinates": [ [ [ -71.838225238867381, 45.638010267538014 ], [ -71.844485257373009, 45.640781948022081 ], [ -71.844193648425957, 45.645970732540157 ], [ -71.837640841769073, 45.648387772756834 ], [ -71.831380353407354, 45.645615706262724 ], [ -71.831673141531766, 45.640426985626213 ], [ -71.838225238867381, 45.638010267538014 ] ] ] } },
{ "type": "Feature", "properties": { "hex_id": 738764, "centroid_lon": -71.837056125276447, "centroid_lat": 45.658765253201537, "occurrences_today": 11, "datetimes_today": "2026-07-25 12:01:47, 2026-07-25 12:16:54, 2026-07-25 12:31:42, 2026-07-25 12:46:57, 2026-07-25 12:57:23, 2026-07-25 13:17:05, 2026-07-25 13:31:44, 2026-07-25 13:47:17, 2026-07-25 13:59:59, 2026-07-25 14:17:10, 2026-07-25 14:32:01", "cumulative_total": 13.0 }, "geometry": { "type": "Polygon", "coordinates": [ [ [ -71.837348523460463, 45.6535765160762 ], [ -71.843610191480849, 45.656348283013493 ], [ -71.843318343429218, 45.66153704896773 ], [ -71.836763647190153, 45.66395398413232 ], [ -71.830501508953091, 45.66118183097548 ], [ -71.830794537144925, 45.65599312893788 ], [ -71.837348523460463, 45.6535765160762 ] ] ] } },
{ "type": "Feature", "properties": { "hex_id": 738766, "centroid_lon": -71.835300057283462, "centroid_lat": 45.689897545850499, "occurrences_today": 11, "datetimes_today": "2026-07-25 12:01:47, 2026-07-25 12:16:54, 2026-07-25 12:31:42, 2026-07-25 12:46:57, 2026-07-25 12:57:23, 2026-07-25 13:17:05, 2026-07-25 13:31:44, 2026-07-25 13:47:17, 2026-07-25 13:59:59, 2026-07-25 14:17:10, 2026-07-25 14:32:01", "cumulative_total": 49.0 }, "geometry": { "type": "Polygon", "coordinates": [ [ [ -71.835592935284524, 45.684708845899976 ], [ -71.841857906307496, 45.687480785894657 ], [ -71.841565579322449, 45.692669514707639 ], [ -71.8350070992187, 45.69508623960342 ], [ -71.82874165725687, 45.69231391296983 ], [ -71.829035166310717, 45.687125248143722 ], [ -71.835592935284524, 45.684708845899976 ] ] ] } },
{ "type": "Feature", "properties": { "hex_id": 738767, "centroid_lon": -71.834420942790217, "centroid_lat": 45.705463608514549, "occurrences_today": 11, "datetimes_today": "2026-07-25 12:01:47, 2026-07-25 12:16:54, 2026-07-25 12:31:42, 2026-07-25 12:46:57, 2026-07-25 12:57:23, 2026-07-25 13:17:05, 2026-07-25 13:31:44, 2026-07-25 13:47:17, 2026-07-25 13:59:59, 2026-07-25 14:17:10, 2026-07-25 14:32:01", "cumulative_total": 13.0 }, "geometry": { "type": "Polygon", "coordinates": [ [ [ -71.834714061063266, 45.700274927158283 ], [ -71.840980685576653, 45.70304695375723 ], [ -71.840688118762074, 45.708235663992788 ], [ -71.834127744372566, 45.710652283671728 ], [ -71.827860648558797, 45.707879870223998 ], [ -71.828154398407932, 45.702691224010486 ], [ -71.834714061063266, 45.700274927158283 ] ] ] } },
{ "type": "Feature", "properties": { "hex_id": 739374, "centroid_lon": -71.831087485287355, "centroid_lat": 45.650804420700112, "occurrences_today": 11, "datetimes_today": "2026-07-25 12:01:47, 2026-07-25 12:16:54, 2026-07-25 12:31:42, 2026-07-25 12:46:57, 2026-07-25 12:57:23, 2026-07-25 13:17:05, 2026-07-25 13:31:44, 2026-07-25 13:47:17, 2026-07-25 13:59:59, 2026-07-25 14:17:10, 2026-07-25 14:32:01", "cumulative_total": 13.0 }, "geometry": { "type": "Polygon", "coordinates": [ [ [ -71.831380353407354, 45.645615706262724 ], [ -71.837640841769073, 45.648387772756834 ], [ -71.837348523460463, 45.6535765160762 ], [ -71.830794537144925, 45.65599312893788 ], [ -71.824533579007735, 45.653220676277805 ], [ -71.824827076934682, 45.648031996986255 ], [ -71.831380353407354, 45.645615706262724 ] ] ] } },
{ "type": "Feature", "properties": { "hex_id": 739376, "centroid_lon": -71.82932859515347, "centroid_lat": 45.681936577114421, "occurrences_today": 11, "datetimes_today": "2026-07-25 12:01:47, 2026-07-25 12:16:54, 2026-07-25 12:31:42, 2026-07-25 12:46:57, 2026-07-25 12:57:23, 2026-07-25 13:17:05, 2026-07-25 13:31:44, 2026-07-25 13:47:17, 2026-07-25 13:59:59, 2026-07-25 14:17:10, 2026-07-25 14:32:01", "cumulative_total": 13.0 }, "geometry": { "type": "Polygon", "coordinates": [ [ [ -71.829621943812128, 45.676747899882443 ], [ -71.835885733248787, 45.679520139752412 ], [ -71.835592935284524, 45.684708845899976 ], [ -71.829035166310717, 45.687125248143722 ], [ -71.822770906377272, 45.684352621688504 ], [ -71.823064885887419, 45.679163979639114 ], [ -71.829621943812128, 45.676747899882443 ] ] ] } },
{ "type": "Feature", "properties": { "hex_id": 739377, "centroid_lon": -71.828448067964956, "centroid_lat": 45.697502571592246, "occurrences_today": 11, "datetimes_today": "2026-07-25 12:01:47, 2026-07-25 12:16:54, 2026-07-25 12:31:42, 2026-07-25 12:46:57, 2026-07-25 12:57:23, 2026-07-25 13:17:05, 2026-07-25 13:31:44, 2026-07-25 13:47:17, 2026-07-25 13:59:59, 2026-07-25 14:17:10, 2026-07-25 14:32:01", "cumulative_total": 13.0 }, "geometry": { "type": "Polygon", "coordinates": [ [ [ -71.82874165725687, 45.69231391296983 ], [ -71.8350070992187, 45.69508623960342 ], [ -71.834714061063266, 45.700274927158283 ], [ -71.828154398407932, 45.702691224010486 ], [ -71.821888485588232, 45.699918510581817 ], [ -71.822182706254722, 45.694729887160364 ], [ -71.82874165725687, 45.69231391296983 ] ] ] } },
{ "type": "Feature", "properties": { "hex_id": 739984, "centroid_lon": -71.825120494692172, "centroid_lat": 45.642843311489486, "occurrences_today": 5, "datetimes_today": "2026-07-25 12:01:47, 2026-07-25 12:16:54, 2026-07-25 12:31:42, 2026-07-25 12:46:57, 2026-07-25 12:57:23", "cumulative_total": 7.0 }, "geometry": { "type": "Polygon", "coordinates": [ [ [ -71.825413832307149, 45.637654619787966 ], [ -71.831673141531766, 45.640426985626213 ], [ -71.831380353407354, 45.645615706262724 ], [ -71.824827076934682, 45.648031996986255 ], [ -71.818567298375456, 45.645259245035689 ], [ -71.818861265596581, 45.640070588538116 ], [ -71.825413832307149, 45.637654619787966 ] ] ] } },
{ "type": "Feature", "properties": { "hex_id": 739985, "centroid_lon": -71.824240000884387, "centroid_lat": 45.658409349363602, "occurrences_today": 11, "datetimes_today": "2026-07-25 12:01:47, 2026-07-25 12:16:54, 2026-07-25 12:31:42, 2026-07-25 12:46:57, 2026-07-25 12:57:23, 2026-07-25 13:17:05, 2026-07-25 13:31:44, 2026-07-25 13:47:17, 2026-07-25 13:59:59, 2026-07-25 14:17:10, 2026-07-25 14:32:01", "cumulative_total": 13.0 }, "geometry": { "type": "Polygon", "coordinates": [ [ [ -71.824533579007735, 45.653220676277805 ], [ -71.830794537144925, 45.65599312893788 ], [ -71.830501508953091, 45.66118183097548 ], [ -71.823946342537681, 45.663598016243128 ], [ -71.817684914705822, 45.660825177261181 ], [ -71.817979122957098, 45.655636539397726 ], [ -71.824533579007735, 45.653220676277805 ] ] ] } },
{ "type": "Feature", "properties": { "hex_id": 739987, "centroid_lon": -71.822476846508721, "centroid_lat": 45.6895412575291, "occurrences_today": 11, "datetimes_today": "2026-07-25 12:01:47, 2026-07-25 12:16:54, 2026-07-25 12:31:42, 2026-07-25 12:46:57, 2026-07-25 12:57:23, 2026-07-25 13:17:05, 2026-07-25 13:31:44, 2026-07-25 13:47:17, 2026-07-25 13:59:59, 2026-07-25 14:17:10, 2026-07-25 14:32:01", "cumulative_total": 94.0 }, "geometry": { "type": "Polygon", "coordinates": [ [ [ -71.822770906377272, 45.684352621688504 ], [ -71.829035166310717, 45.687125248143722 ], [ -71.82874165725687, 45.69231391296983 ], [ -71.822182706254722, 45.694729887160364 ], [ -71.815917975905549, 45.691956873963811 ], [ -71.816212666947195, 45.686768273382391 ], [ -71.822770906377272, 45.684352621688504 ] ] ] } },
{ "type": "Feature", "properties": { "hex_id": 739988, "centroid_lon": -71.821594184482151, "centroid_lat": 45.705107127792935, "occurrences_today": 11, "datetimes_today": "2026-07-25 12:01:47, 2026-07-25 12:16:54, 2026-07-25 12:31:42, 2026-07-25 12:46:57, 2026-07-25 12:57:23, 2026-07-25 13:17:05, 2026-07-25 13:31:44, 2026-07-25 13:47:17, 2026-07-25 13:59:59, 2026-07-25 14:17:10, 2026-07-25 14:32:01", "cumulative_total": 13.0 }, "geometry": { "type": "Polygon", "coordinates": [ [ [ -71.821888485588232, 45.699918510581817 ], [ -71.828154398407932, 45.702691224010486 ], [ -71.827860648558797, 45.707879870223998 ], [ -71.821299802909408, 45.710295738793192 ], [ -71.815033419312968, 45.707522638413288 ], [ -71.815328352115557, 45.702334056479785 ], [ -71.821888485588232, 45.699918510581817 ] ] ] } },
{ "type": "Feature", "properties": { "hex_id": 740595, "centroid_lon": -71.818273250837976, "centroid_lat": 45.650447895322387, "occurrences_today": 11, "datetimes_today": "2026-07-25 12:01:47, 2026-07-25 12:16:54, 2026-07-25 12:31:42, 2026-07-25 12:46:57, 2026-07-25 12:57:23, 2026-07-25 13:17:05, 2026-07-25 13:31:44, 2026-07-25 13:47:17, 2026-07-25 13:59:59, 2026-07-25 14:17:10, 2026-07-25 14:32:01", "cumulative_total": 13.0 }, "geometry": { "type": "Polygon", "coordinates": [ [ [ -71.818567298375456, 45.645259245035689 ], [ -71.824827076934682, 45.648031996986255 ], [ -71.824533579007735, 45.653220676277805 ], [ -71.817979122957098, 45.655636539397726 ], [ -71.811718875144194, 45.652863401178934 ], [ -71.812013552608619, 45.647674786172651 ], [ -71.818567298375456, 45.645259245035689 ] ] ] } },
{ "type": "Feature", "properties": { "hex_id": 740597, "centroid_lon": -71.816507277456097, "centroid_lat": 45.681579666586011, "occurrences_today": 11, "datetimes_today": "2026-07-25 12:01:47, 2026-07-25 12:16:54, 2026-07-25 12:31:42, 2026-07-25 12:46:57, 2026-07-25 12:57:23, 2026-07-25 13:17:05, 2026-07-25 13:31:44, 2026-07-25 13:47:17, 2026-07-25 13:59:59, 2026-07-25 14:17:10, 2026-07-25 14:32:01", "cumulative_total": 13.0 }, "geometry": { "type": "Polygon", "coordinates": [ [ [ -71.816801807459328, 45.676391053575188 ], [ -71.823064885887419, 45.679163979639114 ], [ -71.822770906377272, 45.684352621688504 ], [ -71.816212666947195, 45.686768273382391 ], [ -71.809949118545234, 45.683994960630891 ], [ -71.810244279520148, 45.678806382937388 ], [ -71.816801807459328, 45.676391053575188 ] ] ] } },
{ "type": "Feature", "properties": { "hex_id": 740598, "centroid_lon": -71.815623204304046, "centroid_lat": 45.697145468329794, "occurrences_today": 11, "datetimes_today": "2026-07-25 12:01:47, 2026-07-25 12:16:54, 2026-07-25 12:31:42, 2026-07-25 12:46:57, 2026-07-25 12:57:23, 2026-07-25 13:17:05, 2026-07-25 13:31:44, 2026-07-25 13:47:17, 2026-07-25 13:59:59, 2026-07-25 14:17:10, 2026-07-25 14:32:01", "cumulative_total": 13.0 }, "geometry": { "type": "Polygon", "coordinates": [ [ [ -71.815917975905549, 45.691956873963811 ], [ -71.822182706254722, 45.694729887160364 ], [ -71.821888485588232, 45.699918510581817 ], [ -71.815328352115557, 45.702334056479785 ], [ -71.8090631514319, 45.699560656385778 ], [ -71.809358554528259, 45.694372097355597 ], [ -71.815917975905549, 45.691956873963811 ] ] ] } },
{ "type": "Feature", "properties": { "hex_id": 741207, "centroid_lon": -71.810539359842195, "centroid_lat": 45.673617799023809, "occurrences_today": 11, "datetimes_today": "2026-07-25 12:01:47, 2026-07-25 12:16:54, 2026-07-25 12:31:42, 2026-07-25 12:46:57, 2026-07-25 12:57:23, 2026-07-25 13:17:05, 2026-07-25 13:31:44, 2026-07-25 13:47:17, 2026-07-25 13:59:59, 2026-07-25 14:17:10, 2026-07-25 14:32:01", "cumulative_total": 13.0 }, "geometry": { "type": "Polygon", "coordinates": [ [ [ -71.810834359538532, 45.668429208890643 ], [ -71.817096256984001, 45.671202434350427 ], [ -71.816801807459328, 45.676391053575188 ], [ -71.810244279520148, 45.678806382937388 ], [ -71.803981912542284, 45.676032770843818 ], [ -71.804277543008894, 45.670844216086095 ], [ -71.810834359538532, 45.668429208890643 ] ] ] } },
{ "type": "Feature", "properties": { "hex_id": 741208, "centroid_lon": -71.809653876890309, "centroid_lat": 45.689183532103804, "occurrences_today": 11, "datetimes_today": "2026-07-25 12:01:47, 2026-07-25 12:16:54, 2026-07-25 12:31:42, 2026-07-25 12:46:57, 2026-07-25 12:57:23, 2026-07-25 13:17:05, 2026-07-25 13:31:44, 2026-07-25 13:47:17, 2026-07-25 13:59:59, 2026-07-25 14:17:10, 2026-07-25 14:32:01", "cumulative_total": 13.0 }, "geometry": { "type": "Polygon", "coordinates": [ [ [ -71.809949118545234, 45.683994960630891 ], [ -71.816212666947195, 45.686768273382391 ], [ -71.815917975905549, 45.691956873963811 ], [ -71.809358554528259, 45.694372097355597 ], [ -71.803094536233772, 45.691598397760465 ], [ -71.803390409181915, 45.686409861681511 ], [ -71.809949118545234, 45.683994960630891 ] ] ] } },
{ "type": "Feature", "properties": { "hex_id": 741816, "centroid_lon": -71.805459257418676, "centroid_lat": 45.650089934808292, "occurrences_today": 11, "datetimes_today": "2026-07-25 12:01:47, 2026-07-25 12:16:54, 2026-07-25 12:31:42, 2026-07-25 12:46:57, 2026-07-25 12:57:23, 2026-07-25 13:17:05, 2026-07-25 13:31:44, 2026-07-25 13:47:17, 2026-07-25 13:59:59, 2026-07-25 14:17:10, 2026-07-25 14:32:01", "cumulative_total": 13.0 }, "geometry": { "type": "Polygon", "coordinates": [ [ [ -71.805754484292677, 45.644901348929686 ], [ -71.812013552608619, 45.647674786172651 ], [ -71.811718875144194, 45.652863401178934 ], [ -71.805163949880438, 45.65527851446376 ], [ -71.798904412832727, 45.652504690850442 ], [ -71.799200269753413, 45.647316140386863 ], [ -71.805754484292677, 45.644901348929686 ] ] ] } },
{ "type": "Feature", "properties": { "hex_id": 741817, "centroid_lon": -71.804573092702682, "centroid_lat": 45.665655655103173, "occurrences_today": 11, "datetimes_today": "2026-07-25 12:01:47, 2026-07-25 12:16:54, 2026-07-25 12:31:42, 2026-07-25 12:46:57, 2026-07-25 12:57:23, 2026-07-25 13:17:05, 2026-07-25 13:31:44, 2026-07-25 13:47:17, 2026-07-25 13:59:59, 2026-07-25 14:17:10, 2026-07-25 14:32:01", "cumulative_total": 13.0 }, "geometry": { "type": "Polygon", "coordinates": [ [ [ -71.804868561650821, 45.660467087895562 ], [ -71.81112927863623, 45.663240612538438 ], [ -71.810834359538532, 45.668429208890643 ], [ -71.804277543008894, 45.670844216086095 ], [ -71.79801635693228, 45.668070304863214 ], [ -71.798312456449338, 45.662881773089133 ], [ -71.804868561650821, 45.660467087895562 ] ] ] } },
{ "type": "Feature", "properties": { "hex_id": 741818, "centroid_lon": -71.803686201275696, "centroid_lat": 45.681221319375787, "occurrences_today": 11, "datetimes_today": "2026-07-25 12:01:47, 2026-07-25 12:16:54, 2026-07-25 12:31:42, 2026-07-25 12:46:57, 2026-07-25 12:57:23, 2026-07-25 13:17:05, 2026-07-25 13:31:44, 2026-07-25 13:47:17, 2026-07-25 13:59:59, 2026-07-25 14:17:10, 2026-07-25 14:32:01", "cumulative_total": 13.0 }, "geometry": { "type": "Polygon", "coordinates": [ [ [ -71.803981912542284, 45.676032770843818 ], [ -71.810244279520148, 45.678806382937388 ], [ -71.809949118545234, 45.683994960630891 ], [ -71.803390409181915, 45.686409861681511 ], [ -71.797127572753155, 45.68363586279812 ], [ -71.797423915111423, 45.678447349718226 ], [ -71.803981912542284, 45.676032770843818 ] ] ] } },
{ "type": "Feature", "properties": { "hex_id": 742427, "centroid_lon": -71.798608475073749, "centroid_lat": 45.657693235084707, "occurrences_today": 11, "datetimes_today": "2026-07-25 12:01:47, 2026-07-25 12:16:54, 2026-07-25 12:31:42, 2026-07-25 12:46:57, 2026-07-25 12:57:23, 2026-07-25 13:17:05, 2026-07-25 13:31:44, 2026-07-25 13:47:17, 2026-07-25 13:59:59, 2026-07-25 14:17:10, 2026-07-25 14:32:01", "cumulative_total": 13.0 }, "geometry": { "type": "Polygon", "coordinates": [ [ [ -71.798904412832727, 45.652504690850442 ], [ -71.805163949880438, 45.65527851446376 ], [ -71.804868561650821, 45.660467087895562 ], [ -71.798312456449338, 45.662881773089133 ], [ -71.792052450751314, 45.660107562949626 ], [ -71.792349018877871, 45.654919054206971 ], [ -71.798904412832727, 45.652504690850442 ] ] ] } },
{ "type": "Feature", "properties": { "hex_id": 742428, "centroid_lon": -71.797720176495389, "centroid_lat": 45.673258830406411, "occurrences_today": 11, "datetimes_today": "2026-07-25 12:01:47, 2026-07-25 12:16:54, 2026-07-25 12:31:42, 2026-07-25 12:46:57, 2026-07-25 12:57:23, 2026-07-25 13:17:05, 2026-07-25 13:31:44, 2026-07-25 13:47:17, 2026-07-25 13:59:59, 2026-07-25 14:17:10, 2026-07-25 14:32:01", "cumulative_total": 13.0 }, "geometry": { "type": "Polygon", "coordinates": [ [ [ -71.79801635693228, 45.668070304863214 ], [ -71.804277543008894, 45.670844216086095 ], [ -71.803981912542284, 45.676032770843818 ], [ -71.797423915111423, 45.678447349718226 ], [ -71.791162260025189, 45.675673051759404 ], [ -71.791459071352222, 45.670484561726362 ], [ -71.79801635693228, 45.668070304863214 ] ] ] } },
{ "type": "Feature", "properties": { "hex_id": 743037, "centroid_lon": -71.792645505992127, "centroid_lat": 45.649730539228813, "occurrences_today": 11, "datetimes_today": "2026-07-25 12:01:47, 2026-07-25 12:16:54, 2026-07-25 12:31:42, 2026-07-25 12:46:57, 2026-07-25 12:57:23, 2026-07-25 13:17:05, 2026-07-25 13:31:44, 2026-07-25 13:47:17, 2026-07-25 13:59:59, 2026-07-25 14:17:10, 2026-07-25 14:32:01", "cumulative_total": 13.0 }, "geometry": { "type": "Polygon", "coordinates": [ [ [ -71.792941912121307, 45.644542018015692 ], [ -71.799200269753413, 45.647316140386863 ], [ -71.798904412832727, 45.652504690850442 ], [ -71.792349018877871, 45.654919054206971 ], [ -71.786090193036003, 45.652144545363434 ], [ -71.786387229331496, 45.646956059699953 ], [ -71.792941912121307, 45.644542018015692 ] ] ] } },
{ "type": "Feature", "properties": { "hex_id": 743038, "centroid_lon": -71.791755801585182, "centroid_lat": 45.665296065456261, "occurrences_today": 11, "datetimes_today": "2026-07-25 12:01:47, 2026-07-25 12:16:54, 2026-07-25 12:31:42, 2026-07-25 12:46:57, 2026-07-25 12:57:23, 2026-07-25 13:17:05, 2026-07-25 13:31:44, 2026-07-25 13:47:17, 2026-07-25 13:59:59, 2026-07-25 14:17:10, 2026-07-25 14:32:01", "cumulative_total": 13.0 }, "geometry": { "type": "Polygon", "coordinates": [ [ [ -71.792052450751314, 45.660107562949626 ], [ -71.798312456449338, 45.662881773089133 ], [ -71.79801635693228, 45.668070304863214 ], [ -71.791459071352222, 45.670484561726362 ], [ -71.785198597085568, 45.667709964904788 ], [ -71.785495876940331, 45.662521497966374 ], [ -71.792052450751314, 45.660107562949626 ] ] ] } },
{ "type": "Feature", "properties": { "hex_id": 743039, "centroid_lon": -71.790865367576799, "centroid_lat": 45.680861535554854, "occurrences_today": 11, "datetimes_today": "2026-07-25 12:01:47, 2026-07-25 12:16:54, 2026-07-25 12:31:42, 2026-07-25 12:46:57, 2026-07-25 12:57:23, 2026-07-25 13:17:05, 2026-07-25 13:31:44, 2026-07-25 13:47:17, 2026-07-25 13:59:59, 2026-07-25 14:17:10, 2026-07-25 14:32:01", "cumulative_total": 13.0 }, "geometry": { "type": "Polygon", "coordinates": [ [ [ -71.791162260025189, 45.675673051759404 ], [ -71.797423915111423, 45.678447349718226 ], [ -71.797127572753155, 45.68363586279812 ], [ -71.790568393979754, 45.686050013112208 ], [ -71.784306269965711, 45.683275328261459 ], [ -71.784603793625593, 45.678086880052852 ], [ -71.791162260025189, 45.675673051759404 ] ] ] } },
{ "type": "Feature", "properties": { "hex_id": 743648, "centroid_lon": -71.785793075581367, "centroid_lat": 45.657333024785757, "occurrences_today": 11, "datetimes_today": "2026-07-25 12:01:47, 2026-07-25 12:16:54, 2026-07-25 12:31:42, 2026-07-25 12:46:57, 2026-07-25 12:57:23, 2026-07-25 13:17:05, 2026-07-25 13:31:44, 2026-07-25 13:47:17, 2026-07-25 13:59:59, 2026-07-25 14:17:10, 2026-07-25 14:32:01", "cumulative_total": 13.0 }, "geometry": { "type": "Polygon", "coordinates": [ [ [ -71.786090193036003, 45.652144545363434 ], [ -71.792349018877871, 45.654919054206971 ], [ -71.792052450751314, 45.660107562949626 ], [ -71.785495876940331, 45.662521497966374 ], [ -71.779236582970469, 45.659746602494678 ], [ -71.77953433091227, 45.654558158698627 ], [ -71.786090193036003, 45.652144545363434 ] ] ] } },
{ "type": "Feature", "properties": { "hex_id": 743649, "centroid_lon": -71.78490123598975, "centroid_lat": 45.672898425600451, "occurrences_today": 11, "datetimes_today": "2026-07-25 12:01:47, 2026-07-25 12:16:54, 2026-07-25 12:31:42, 2026-07-25 12:46:57, 2026-07-25 12:57:23, 2026-07-25 13:17:05, 2026-07-25 13:31:44, 2026-07-25 13:47:17, 2026-07-25 13:59:59, 2026-07-25 14:17:10, 2026-07-25 14:32:01", "cumulative_total": 13.0 }, "geometry": { "type": "Polygon", "coordinates": [ [ [ -71.785198597085568, 45.667709964904788 ], [ -71.791459071352222, 45.670484561726362 ], [ -71.791162260025189, 45.675673051759404 ], [ -71.784603793625593, 45.678086880052852 ], [ -71.778342850872193, 45.67531189639331 ], [ -71.778640842977794, 45.670123471342549 ], [ -71.785198597085568, 45.667709964904788 ] ] ] } },
{ "type": "Feature", "properties": { "hex_id": 744258, "centroid_lon": -71.779831997520844, "centroid_lat": 45.649369708655207, "occurrences_today": 11, "datetimes_today": "2026-07-25 12:01:47, 2026-07-25 12:16:54, 2026-07-25 12:31:42, 2026-07-25 12:46:57, 2026-07-25 12:57:23, 2026-07-25 13:17:05, 2026-07-25 13:31:44, 2026-07-25 13:47:17, 2026-07-25 13:59:59, 2026-07-25 14:17:10, 2026-07-25 14:32:01", "cumulative_total": 13.0 }, "geometry": { "type": "Polygon", "coordinates": [ [ [ -71.780129582823534, 45.644181252364923 ], [ -71.786387229331496, 45.646956059699953 ], [ -71.786090193036003, 45.652144545363434 ], [ -71.77953433091227, 45.654558158698627 ], [ -71.773276216716667, 45.651782964789334 ], [ -71.773574432305111, 45.646594544183316 ], [ -71.780129582823534, 45.644181252364923 ] ] ] } },
{ "type": "Feature", "properties": { "hex_id": 744259, "centroid_lon": -71.778938753668101, "centroid_lat": 45.66493504004282, "occurrences_today": 11, "datetimes_today": "2026-07-25 12:01:47, 2026-07-25 12:16:54, 2026-07-25 12:31:42, 2026-07-25 12:46:57, 2026-07-25 12:57:23, 2026-07-25 13:17:05, 2026-07-25 13:31:44, 2026-07-25 13:47:17, 2026-07-25 13:59:59, 2026-07-25 14:17:10, 2026-07-25 14:32:01", "cumulative_total": 13.0 }, "geometry": { "type": "Polygon", "coordinates": [ [ [ -71.779236582970469, 45.659746602494678 ], [ -71.785495876940331, 45.662521497966374 ], [ -71.785198597085568, 45.667709964904788 ], [ -71.778640842977794, 45.670123471342549 ], [ -71.772381080961949, 45.667348189086837 ], [ -71.772679541072492, 45.662159787241613 ], [ -71.779236582970469, 45.659746602494678 ] ] ] } },
{ "type": "Feature", "properties": { "hex_id": 744869, "centroid_lon": -71.772977919648255, "centroid_lat": 45.656971379142284, "occurrences_today": 11, "datetimes_today": "2026-07-25 12:01:47, 2026-07-25 12:16:54, 2026-07-25 12:31:42, 2026-07-25 12:46:57, 2026-07-25 12:57:23, 2026-07-25 13:17:05, 2026-07-25 13:31:44, 2026-07-25 13:47:17, 2026-07-25 13:59:59, 2026-07-25 14:17:10, 2026-07-25 14:32:01", "cumulative_total": 13.0 }, "geometry": { "type": "Polygon", "coordinates": [ [ [ -71.773276216716667, 45.651782964789334 ], [ -71.77953433091227, 45.654558158698627 ], [ -71.779236582970469, 45.659746602494678 ], [ -71.772679541072492, 45.662159787241613 ], [ -71.766420959271329, 45.659384206602297 ], [ -71.766719886946305, 45.654195828010295 ], [ -71.773276216716667, 45.651782964789334 ] ] ] } },
{ "type": "Feature", "properties": { "hex_id": 1206718, "centroid_lon": -66.17216449258116, "centroid_lat": 50.212653855020996, "occurrences_today": 1, "datetimes_today": "2026-07-25 05:47:08", "cumulative_total": 51.0 }, "geometry": { "type": "Polygon", "coordinates": [ [ [ -66.173118603911377, 50.207522898024678 ], [ -66.179565880846297, 50.210618435106589 ], [ -66.178612356324891, 50.21574947910814 ], [ -66.171210105425104, 50.217784794204753 ], [ -66.164762517558799, 50.214688765885448 ], [ -66.165717491420466, 50.209557913777473 ], [ -66.173118603911377, 50.207522898024678 ] ] ] } },
{ "type": "Feature", "properties": { "hex_id": 698478, "centroid_lon": -72.254779139596721, "centroid_lat": 45.778707758954496, "occurrences_today": 2, "datetimes_today": "2026-07-25 15:47:16, 2026-07-25 16:01:43", "cumulative_total": 62.0 }, "geometry": { "type": "Polygon", "coordinates": [ [ [ -72.255034016416303, 45.773517175714488 ], [ -72.261330583475043, 45.776266743473727 ], [ -72.261076266486569, 45.781457351570495 ], [ -72.254524192999327, 45.783898336352586 ], [ -72.2482271358991, 45.781148384356648 ], [ -72.24848264230404, 45.775957831880021 ], [ -72.255034016416303, 45.773517175714488 ] ] ] } },
{ "type": "Feature", "properties": { "hex_id": 1200613, "centroid_lon": -66.241420381294603, "centroid_lat": 50.217936504016677, "occurrences_today": 1, "datetimes_today": "2026-07-25 05:47:08", "cumulative_total": 11.0 }, "geometry": { "type": "Polygon", "coordinates": [ [ [ -66.242367243072025, 50.212804591245494 ], [ -66.248820204509911, 50.21589651843076 ], [ -66.247873931322218, 50.221028517589303 ], [ -66.240473245711158, 50.223068399176888 ], [ -66.234019969540824, 50.219975981027787 ], [ -66.234967693611495, 50.214844172325613 ], [ -66.242367243072025, 50.212804591245494 ] ] ] } },
{ "type": "Feature", "properties": { "hex_id": 1188403, "centroid_lon": -66.379993613223292, "centroid_lat": 50.228379089722608, "occurrences_today": 7, "datetimes_today": "2026-07-25 05:47:08, 2026-07-25 06:02:19, 2026-07-25 06:16:49, 2026-07-25 06:27:15, 2026-07-25 06:46:50, 2026-07-25 07:02:12, 2026-07-25 07:16:44", "cumulative_total": 51.0 }, "geometry": { "type": "Polygon", "coordinates": [ [ [ -66.380925952893961, 50.223245286983108 ], [ -66.387390249320987, 50.226329974826889 ], [ -66.386458501791694, 50.231463862712843 ], [ -66.379061003798, 50.233512875250092 ], [ -66.372596385034754, 50.23042769700217 ], [ -66.373529586500354, 50.225293996692066 ], [ -66.380925952893961, 50.223245286983108 ] ] ] } },
{ "type": "Feature", "properties": { "hex_id": 1185350, "centroid_lon": -66.41604256931366, "centroid_lat": 50.22326273736698, "occurrences_today": 1, "datetimes_today": "2026-07-25 05:47:08", "cumulative_total": 17.0 }, "geometry": { "type": "Polygon", "coordinates": [ [ [ -66.416970870784525, 50.218128440978141 ], [ -66.423437104576834, 50.221211187705478 ], [ -66.42250939590393, 50.226345568903533 ], [ -66.415113999254459, 50.228397016649879 ], [ -66.408647441302818, 50.225313779793311 ], [ -66.409576604059367, 50.220179585390561 ], [ -66.416970870784525, 50.218128440978141 ] ] ] } },
{ "type": "Feature", "properties": { "hex_id": 1201834, "centroid_lon": -66.227567555865917, "centroid_lat": 50.216883244829894, "occurrences_today": 1, "datetimes_today": "2026-07-25 05:47:08", "cumulative_total": 23.0 }, "geometry": { "type": "Polygon", "coordinates": [ [ [ -66.22851586817039, 50.211751522638771 ], [ -66.234967693611495, 50.214844172325613 ], [ -66.234019969540824, 50.219975981027787 ], [ -66.226618969351122, 50.22201494936985 ], [ -66.220166829937824, 50.218921808664135 ], [ -66.221116004583791, 50.2137901907059 ], [ -66.22851586817039, 50.211751522638771 ] ] ] } },
{ "type": "Feature", "properties": { "hex_id": 1202444, "centroid_lon": -66.222064904868688, "centroid_lat": 50.208658555078863, "occurrences_today": 1, "datetimes_today": "2026-07-25 05:47:08", "cumulative_total": 23.0 }, "geometry": { "type": "Polygon", "coordinates": [ [ [ -66.223013530895201, 50.203526901788045 ], [ -66.229463906367144, 50.206619782801475 ], [ -66.22851586817039, 50.211751522638771 ], [ -66.221116004583791, 50.2137901907059 ], [ -66.214665315591816, 50.210696818778487 ], [ -66.215614803603827, 50.205565269768542 ], [ -66.223013530895201, 50.203526901788045 ] ] ] } },
{ "type": "Feature", "properties": { "hex_id": 736939, "centroid_lon": -71.850597605415587, "centroid_lat": 45.760477419564367, "occurrences_today": 9, "datetimes_today": "2026-07-25 21:47:11, 2026-07-25 22:01:48, 2026-07-25 22:16:38, 2026-07-25 22:31:39, 2026-07-25 22:46:42, 2026-07-25 23:01:47, 2026-07-25 23:16:59, 2026-07-25 23:32:10, 2026-07-25 23:46:43", "cumulative_total": 109.0 }, "geometry": { "type": "Polygon", "coordinates": [ [ [ -71.850889787072333, 45.755288707405164 ], [ -71.857163279154193, 45.758060005023253 ], [ -71.85687165081103, 45.763248745935712 ], [ -71.850305343815066, 45.765666125536768 ], [ -71.844031378376854, 45.762894440488523 ], [ -71.844324193264015, 45.757705763333867 ], [ -71.850889787072333, 45.755288707405164 ] ] ] } },
{ "type": "Feature", "properties": { "hex_id": 654497, "centroid_lon": -72.733196248597309, "centroid_lat": 45.399447351908194, "occurrences_today": 21, "datetimes_today": "2026-07-25 00:01:45, 2026-07-25 00:17:19, 2026-07-25 00:29:49, 2026-07-25 00:47:08, 2026-07-25 01:02:10, 2026-07-25 01:16:51, 2026-07-25 01:32:21, 2026-07-25 01:46:48, 2026-07-25 02:01:47, 2026-07-25 02:17:11, 2026-07-25 02:32:05, 2026-07-25 03:02:12, 2026-07-25 03:16:45, 2026-07-25 03:32:08, 2026-07-25 03:46:44, 2026-07-25 04:02:15, 2026-07-25 04:16:41, 2026-07-25 04:31:50, 2026-07-25 04:46:51, 2026-07-25 05:16:53, 2026-07-25 05:31:45", "cumulative_total": 165.0 }, "geometry": { "type": "Polygon", "coordinates": [ [ [ -72.73340396881413, 45.394254522514792 ], [ -72.739683328815715, 45.396977497481103 ], [ -72.739476164108041, 45.402170346922652 ], [ -72.732988471752947, 45.404640175815963 ], [ -72.726708612879207, 45.401916825664919 ], [ -72.726916945213773, 45.396724021869325 ], [ -72.73340396881413, 45.394254522514792 ] ] ] } },
{ "type": "Feature", "properties": { "hex_id": 571443, "centroid_lon": -73.611589671780408, "centroid_lat": 45.008134594894166, "occurrences_today": 27, "datetimes_today": "2026-07-25 06:02:19, 2026-07-25 06:16:49, 2026-07-25 06:27:15, 2026-07-25 06:46:50, 2026-07-25 07:02:12, 2026-07-25 07:16:44, 2026-07-25 07:31:54, 2026-07-25 07:45:07, 2026-07-25 08:01:39, 2026-07-25 08:17:05, 2026-07-25 08:32:37, 2026-07-25 08:46:47, 2026-07-25 09:02:13, 2026-07-25 09:17:11, 2026-07-25 09:31:58, 2026-07-25 09:46:39, 2026-07-25 10:02:01, 2026-07-25 10:17:36, 2026-07-25 10:31:44, 2026-07-25 11:01:55, 2026-07-25 11:16:38, 2026-07-25 11:31:56, 2026-07-25 11:46:58, 2026-07-25 12:01:47, 2026-07-25 12:16:54, 2026-07-25 12:31:42, 2026-07-25 12:46:57", "cumulative_total": 75.0 }, "geometry": { "type": "Polygon", "coordinates": [ [ [ -73.611715196986381, 45.002938863200718 ], [ -73.617995143017396, 45.005613673297617 ], [ -73.617870173869889, 45.010809416342219 ], [ -73.611464112494204, 45.01333032156505 ], [ -73.605183644490623, 45.01065514915782 ], [ -73.60530975982401, 45.005459433901471 ], [ -73.611715196986381, 45.002938863200718 ] ] ] } },
{ "type": "Feature", "properties": { "hex_id": 572053, "centroid_lon": -73.605435840927356, "centroid_lat": 45.0002637136201, "occurrences_today": 3, "datetimes_today": "2026-07-25 12:16:54, 2026-07-25 12:31:42, 2026-07-25 12:46:57", "cumulative_total": 11.0 }, "geometry": { "type": "Polygon", "coordinates": [ [ [ -73.605561887812001, 44.995067988313828 ], [ -73.61184068812338, 44.997743126484785 ], [ -73.611715196986381, 45.002938863200718 ], [ -73.60530975982401, 45.005459433901471 ], [ -73.599030437989342, 45.002783933461146 ], [ -73.599157074829009, 44.997588224652802 ], [ -73.605561887812001, 44.995067988313828 ] ] ] } },
{ "type": "Feature", "properties": { "hex_id": 572664, "centroid_lon": -73.598903766769922, "centroid_lat": 45.00797963724203, "occurrences_today": 3, "datetimes_today": "2026-07-25 12:16:54, 2026-07-25 12:31:42, 2026-07-25 12:46:57", "cumulative_total": 44.0 }, "geometry": { "type": "Polygon", "coordinates": [ [ [ -73.599030437989342, 45.002783933461146 ], [ -73.60530975982401, 45.005459433901471 ], [ -73.605183644490623, 45.01065514915782 ], [ -73.598777061159339, 45.013175335995342 ], [ -73.592497217835486, 45.010499473129187 ], [ -73.592624479320719, 45.005303785914727 ], [ -73.599030437989342, 45.002783933461146 ] ] ] } },
{ "type": "Feature", "properties": { "hex_id": 614197, "centroid_lon": -73.158135759368903, "centroid_lat": 45.297956896194599, "occurrences_today": 9, "datetimes_today": "2026-07-25 21:47:11, 2026-07-25 22:01:48, 2026-07-25 22:16:38, 2026-07-25 22:31:39, 2026-07-25 22:46:42, 2026-07-25 23:01:47, 2026-07-25 23:16:59, 2026-07-25 23:32:10, 2026-07-25 23:46:43", "cumulative_total": 113.0 }, "geometry": { "type": "Polygon", "coordinates": [ [ [ -73.158303958879671, 45.292762590332551 ], [ -73.164593375579301, 45.295462376322192 ], [ -73.164425734503368, 45.300656698053793 ], [ -73.157967514047499, 45.303151196822625 ], [ -73.151677584731303, 45.300451040735418 ], [ -73.151846388472265, 45.295256756040878 ], [ -73.158303958879671, 45.292762590332551 ] ] ] } },
{ "type": "Feature", "properties": { "hex_id": 793783, "centroid_lon": -71.181507451508836, "centroid_lat": 46.792363942612738, "occurrences_today": 10, "datetimes_today": "2026-07-25 13:59:59, 2026-07-25 14:17:10, 2026-07-25 14:32:01, 2026-07-25 14:46:57, 2026-07-25 15:02:21, 2026-07-25 15:17:09, 2026-07-25 15:31:58, 2026-07-25 15:47:16, 2026-07-25 16:01:43, 2026-07-25 16:16:43", "cumulative_total": 98.0 }, "geometry": { "type": "Polygon", "coordinates": [ [ [ -71.181874604293014, 46.787179862252323 ], [ -71.188227597979505, 46.789990107291125 ], [ -71.187861019233878, 46.795174223487926 ], [ -71.181140196997745, 46.79754801604134 ], [ -71.174786731017235, 46.794737364297383 ], [ -71.175154559531649, 46.78955332677176 ], [ -71.181874604293014, 46.787179862252323 ] ] ] } },
{ "type": "Feature", "properties": { "hex_id": 657606, "centroid_lon": -72.66473047207873, "centroid_lat": 46.278894477934131, "occurrences_today": 13, "datetimes_today": "2026-07-25 19:02:48, 2026-07-25 19:16:47, 2026-07-25 19:32:40, 2026-07-25 19:46:57, 2026-07-25 20:01:44, 2026-07-25 20:16:47, 2026-07-25 20:32:27, 2026-07-25 20:47:08, 2026-07-25 21:02:08, 2026-07-25 21:15:55, 2026-07-25 21:31:47, 2026-07-25 21:47:11, 2026-07-25 22:01:48", "cumulative_total": 83.0 }, "geometry": { "type": "Polygon", "coordinates": [ [ [ -72.66495112532219, 46.273702700479774 ], [ -72.671325061976731, 46.276430910194158 ], [ -72.671104989771649, 46.281622708718707 ], [ -72.664509758025531, 46.284086249838396 ], [ -72.658135301152711, 46.281357652932996 ], [ -72.658356596223499, 46.276165902164976 ], [ -72.66495112532219, 46.273702700479774 ] ] ] } },
{ "type": "Feature", "properties": { "hex_id": 1187182, "centroid_lon": -66.393855407441023, "centroid_lat": 50.229414342561086, "occurrences_today": 7, "datetimes_today": "2026-07-25 05:47:08, 2026-07-25 06:02:19, 2026-07-25 06:16:49, 2026-07-25 06:27:15, 2026-07-25 06:46:50, 2026-07-25 07:02:12, 2026-07-25 07:16:44", "cumulative_total": 34.0 }, "geometry": { "type": "Polygon", "coordinates": [ [ [ -66.394786293226829, 50.224280352409757 ], [ -66.401251720645021, 50.227364314889641 ], [ -66.40032142735501, 50.232498390062972 ], [ -66.392924252306585, 50.234548315540003 ], [ -66.386458501791694, 50.231463862712843 ], [ -66.387390249320987, 50.226329974826889 ], [ -66.394786293226829, 50.224280352409757 ] ] ] } },
{ "type": "Feature", "properties": { "hex_id": 1204887, "centroid_lon": -66.1915106719742, "centroid_lat": 50.221939775322568, "occurrences_today": 1, "datetimes_today": "2026-07-25 05:47:08", "cumulative_total": 27.0 }, "geometry": { "type": "Polygon", "coordinates": [ [ [ -66.192463022117778, 50.216808557469179 ], [ -66.198912886660437, 50.219903142504506 ], [ -66.197961124086021, 50.225034447204443 ], [ -66.190558046455791, 50.227070975416453 ], [ -66.184107869770386, 50.22397589909297 ], [ -66.185061082754871, 50.218844785916225 ], [ -66.192463022117778, 50.216808557469179 ] ] ] } },
{ "type": "Feature", "properties": { "hex_id": 1185962, "centroid_lon": -66.404928100851734, "centroid_lat": 50.245850386075482, "occurrences_today": 7, "datetimes_today": "2026-07-25 05:47:08, 2026-07-25 06:02:19, 2026-07-25 06:16:49, 2026-07-25 06:27:15, 2026-07-25 06:46:50, 2026-07-25 07:02:12, 2026-07-25 07:16:44", "cumulative_total": 147.0 }, "geometry": { "type": "Polygon", "coordinates": [ [ [ -66.405858339579865, 50.240716260213858 ], [ -66.412326676540061, 50.24379975181494 ], [ -66.411397031120487, 50.248933962626083 ], [ -66.403997592878582, 50.250984494789762 ], [ -66.397528931905327, 50.247900512633485 ], [ -66.398460033086081, 50.242766488939722 ], [ -66.405858339579865, 50.240716260213858 ] ] ] } },
{ "type": "Feature", "properties": { "hex_id": 1186573, "centroid_lon": -66.396597561225718, "centroid_lat": 50.253034519157751, "occurrences_today": 7, "datetimes_today": "2026-07-25 05:47:08, 2026-07-25 06:02:19, 2026-07-25 06:16:49, 2026-07-25 06:27:15, 2026-07-25 06:46:50, 2026-07-25 07:02:12, 2026-07-25 07:16:44", "cumulative_total": 147.0 }, "geometry": { "type": "Polygon", "coordinates": [ [ [ -66.397528931905327, 50.247900512633485 ], [ -66.403997592878582, 50.250984494789762 ], [ -66.403066815559441, 50.25611858635196 ], [ -66.3956659209462, 50.258168508507708 ], [ -66.389196936262934, 50.255084035635107 ], [ -66.390129169801838, 50.249950131394051 ], [ -66.397528931905327, 50.247900512633485 ] ] ] } },
{ "type": "Feature", "properties": { "hex_id": 1185353, "centroid_lon": -66.407675757511598, "centroid_lat": 50.269470634523202, "occurrences_today": 7, "datetimes_today": "2026-07-25 05:47:08, 2026-07-25 06:02:19, 2026-07-25 06:16:49, 2026-07-25 06:27:15, 2026-07-25 06:46:50, 2026-07-25 07:02:12, 2026-07-25 07:16:44", "cumulative_total": 25.0 }, "geometry": { "type": "Polygon", "coordinates": [ [ [ -66.408606479905316, 50.264336492260668 ], [ -66.415078054383358, 50.267420002895122 ], [ -66.41414792616429, 50.272554230123042 ], [ -66.406744765621795, 50.274604759636581 ], [ -66.400272866515721, 50.271520758077642 ], [ -66.401204452479107, 50.266386718000696 ], [ -66.408606479905316, 50.264336492260668 ] ] ] } },
{ "type": "Feature", "properties": { "hex_id": 184464, "centroid_lon": -77.690685913700875, "centroid_lat": 46.200926734141319, "occurrences_today": 13, "datetimes_today": "2026-07-25 20:47:08, 2026-07-25 21:02:08, 2026-07-25 21:15:55, 2026-07-25 21:31:47, 2026-07-25 21:47:11, 2026-07-25 22:01:48, 2026-07-25 22:16:38, 2026-07-25 22:31:39, 2026-07-25 22:46:42, 2026-07-25 23:01:47, 2026-07-25 23:16:59, 2026-07-25 23:32:10, 2026-07-25 23:46:43", "cumulative_total": 147.0 }, "geometry": { "type": "Polygon", "coordinates": [ [ [ -77.690432391448581, 46.195736300918426 ], [ -77.69703240830404, 46.198178875204093 ], [ -77.697286573679193, 46.203369278024148 ], [ -77.690939505732374, 46.206117161552449 ], [ -77.684338775962942, 46.203674252902481 ], [ -77.684085827078135, 46.198483795154246 ], [ -77.690432391448581, 46.195736300918426 ] ] ] } },
{ "type": "Feature", "properties": { "hex_id": 185074, "centroid_lon": -77.683832947793761, "centroid_lat": 46.19329333159957, "occurrences_today": 13, "datetimes_today": "2026-07-25 20:47:08, 2026-07-25 21:02:08, 2026-07-25 21:15:55, 2026-07-25 21:31:47, 2026-07-25 21:47:11, 2026-07-25 22:01:48, 2026-07-25 22:16:38, 2026-07-25 22:31:39, 2026-07-25 22:46:42, 2026-07-25 23:01:47, 2026-07-25 23:16:59, 2026-07-25 23:32:10, 2026-07-25 23:46:43", "cumulative_total": 147.0 }, "geometry": { "type": "Polygon", "coordinates": [ [ [ -77.683580138086029, 46.188102862238807 ], [ -77.690178938951661, 46.190545861884175 ], [ -77.690432391448581, 46.195736300918426 ], [ -77.684085827078135, 46.198483795154246 ], [ -77.677486313834777, 46.196040461157878 ], [ -77.677234077363352, 46.190849967342402 ], [ -77.683580138086029, 46.188102862238807 ] ] ] } },
{ "type": "Feature", "properties": { "hex_id": 545259, "centroid_lon": -73.863354709988229, "centroid_lat": 46.063268599636082, "occurrences_today": 1, "datetimes_today": "2026-07-25 00:01:45", "cumulative_total": 19.0 }, "geometry": { "type": "Polygon", "coordinates": [ [ [ -73.863461326296232, 46.058073327695851 ], [ -73.869871080402589, 46.060735058624289 ], [ -73.869765055461087, 46.065930339651445 ], [ -73.863248064359979, 46.068463866641203 ], [ -73.856837748212357, 46.06580176240923 ], [ -73.856944985197117, 46.060606504556894 ], [ -73.863461326296232, 46.058073327695851 ] ] ] } },
{ "type": "Feature", "properties": { "hex_id": 1650998, "centroid_lon": -61.865695540789488, "centroid_lat": 47.235255748594071, "occurrences_today": 13, "datetimes_today": "2026-07-25 20:47:08, 2026-07-25 21:02:08, 2026-07-25 21:15:55, 2026-07-25 21:31:47, 2026-07-25 21:47:11, 2026-07-25 22:01:48, 2026-07-25 22:16:38, 2026-07-25 22:31:39, 2026-07-25 22:46:42, 2026-07-25 23:01:47, 2026-07-25 23:16:59, 2026-07-25 23:32:10, 2026-07-25 23:46:43", "cumulative_total": 18.0 }, "geometry": { "type": "Polygon", "coordinates": [ [ [ -61.866967897512545, 47.230196607097881 ], [ -61.872764337729571, 47.233476540433756 ], [ -61.87149238694029, 47.238535798637301 ], [ -61.864422837918475, 47.240314859420252 ], [ -61.858626337973952, 47.237034464825754 ], [ -61.859899446662048, 47.231975470762805 ], [ -61.866967897512545, 47.230196607097881 ] ] ] } },
{ "type": "Feature", "properties": { "hex_id": 1651609, "centroid_lon": -61.857352882934762, "centroid_lat": 47.242093428189662, "occurrences_today": 13, "datetimes_today": "2026-07-25 20:47:08, 2026-07-25 21:02:08, 2026-07-25 21:15:55, 2026-07-25 21:31:47, 2026-07-25 21:47:11, 2026-07-25 22:01:48, 2026-07-25 22:16:38, 2026-07-25 22:31:39, 2026-07-25 22:46:42, 2026-07-25 23:01:47, 2026-07-25 23:16:59, 2026-07-25 23:32:10, 2026-07-25 23:46:43", "cumulative_total": 18.0 }, "geometry": { "type": "Polygon", "coordinates": [ [ [ -61.858626337973952, 47.237034464825754 ], [ -61.864422837918475, 47.240314859420252 ], [ -61.863149788782792, 47.245373939566953 ], [ -61.85607908142768, 47.247152360845035 ], [ -61.850282522105942, 47.243871504875756 ], [ -61.851556729399711, 47.238812689059046 ], [ -61.858626337973952, 47.237034464825754 ] ] ] } },
{ "type": "Feature", "properties": { "hex_id": 1652219, "centroid_lon": -61.852830590139227, "centroid_lat": 47.233753842514226, "occurrences_today": 13, "datetimes_today": "2026-07-25 20:47:08, 2026-07-25 21:02:08, 2026-07-25 21:15:55, 2026-07-25 21:31:47, 2026-07-25 21:47:11, 2026-07-25 22:01:48, 2026-07-25 22:16:38, 2026-07-25 22:31:39, 2026-07-25 22:46:42, 2026-07-25 23:01:47, 2026-07-25 23:16:59, 2026-07-25 23:32:10, 2026-07-25 23:46:43", "cumulative_total": 18.0 }, "geometry": { "type": "Polygon", "coordinates": [ [ [ -61.854104104441291, 47.228694965250845 ], [ -61.859899446662048, 47.231975470762805 ], [ -61.858626337973952, 47.237034464825754 ], [ -61.851556729399711, 47.238812689059046 ], [ -61.84576132806081, 47.23553172228246 ], [ -61.847035594297509, 47.230472992593043 ], [ -61.854104104441291, 47.228694965250845 ] ] ] } },
{ "type": "Feature", "properties": { "hex_id": 144560, "centroid_lon": -78.524005553862494, "centroid_lat": 52.240670204529906, "occurrences_today": 1, "datetimes_today": "2026-07-25 19:46:57", "cumulative_total": 64.0 }, "geometry": { "type": "Polygon", "coordinates": [ [ [ -78.52359472507618, 52.235489306121664 ], [ -78.5311083914047, 52.237861101432031 ], [ -78.531520130282658, 52.243041955823585 ], [ -78.524416507123121, 52.245851096078326 ], [ -78.516901806203578, 52.243478894604294 ], [ -78.516491763084701, 52.238297959122498 ], [ -78.52359472507618, 52.235489306121664 ] ] ] } },
{ "type": "Feature", "properties": { "hex_id": 145170, "centroid_lon": -78.516081844159771, "centroid_lat": 52.233117016790608, "occurrences_today": 1, "datetimes_today": "2026-07-25 19:46:57", "cumulative_total": 64.0 }, "geometry": { "type": "Polygon", "coordinates": [ [ [ -78.515672049378821, 52.227936067609406 ], [ -78.523184020714083, 52.230308400854348 ], [ -78.52359472507618, 52.235489306121664 ], [ -78.516491763084701, 52.238297959122498 ], [ -78.508978757999344, 52.235925219720421 ], [ -78.508569748705497, 52.2307442335579 ], [ -78.515672049378821, 52.227936067609406 ] ] ] } },
{ "type": "Feature", "properties": { "hex_id": 146391, "centroid_lon": -78.501466538656331, "centroid_lat": 52.233551986442748, "occurrences_today": 1, "datetimes_today": "2026-07-25 19:46:57", "cumulative_total": 64.0 }, "geometry": { "type": "Polygon", "coordinates": [ [ [ -78.501058438763295, 52.228370956542562 ], [ -78.508569748705497, 52.2307442335579 ], [ -78.508978757999344, 52.235925219720421 ], [ -78.501874762182879, 52.238733009512288 ], [ -78.494362419181485, 52.236359326132472 ], [ -78.493955105105485, 52.23117825940853 ], [ -78.501058438763295, 52.228370956542562 ] ] ] } },
{ "type": "Feature", "properties": { "hex_id": 146392, "centroid_lon": -78.502691580335551, "centroid_lat": 52.249095035156529, "occurrences_today": 1, "datetimes_today": "2026-07-25 19:46:57", "cumulative_total": 64.0 }, "geometry": { "type": "Polygon", "coordinates": [ [ [ -78.502283109392678, 52.243914025750449 ], [ -78.509797148377928, 52.24628717152369 ], [ -78.510206529562467, 52.251468137163002 ], [ -78.50310017506132, 52.254276037729795 ], [ -78.495585102026595, 52.251902485371247 ], [ -78.495177417592359, 52.246721439114545 ], [ -78.502283109392678, 52.243914025750449 ] ] ] } },
{ "type": "Feature", "properties": { "hex_id": 147612, "centroid_lon": -78.48685086225241, "centroid_lat": 52.233985149022239, "occurrences_today": 1, "datetimes_today": "2026-07-25 19:46:57", "cumulative_total": 64.0 }, "geometry": { "type": "Polygon", "coordinates": [ [ [ -78.486444457396502, 52.228804038736861 ], [ -78.493955105105485, 52.23117825940853 ], [ -78.494362419181485, 52.236359326132472 ], [ -78.487257390231264, 52.239166252495593 ], [ -78.479745710154475, 52.236791625252224 ], [ -78.479340091445252, 52.231610478300709 ], [ -78.486444457396502, 52.228804038736861 ] ] ] } },
{ "type": "Feature", "properties": { "hex_id": 148223, "centroid_lon": -78.480151451756072, "centroid_lat": 52.241972765400625, "occurrences_today": 1, "datetimes_today": "2026-07-25 19:46:57", "cumulative_total": 64.0 }, "geometry": { "type": "Polygon", "coordinates": [ [ [ -78.479745710154475, 52.236791625252224 ], [ -78.487257390231264, 52.239166252495593 ], [ -78.487664041382629, 52.244347349156179 ], [ -78.480557316299482, 52.247153898745204 ], [ -78.473044603706327, 52.244778864716075 ], [ -78.472639648762197, 52.239597687967034 ], [ -78.479745710154475, 52.236791625252224 ] ] ] } },
{ "type": "Feature", "properties": { "hex_id": 1207328, "centroid_lon": -66.166672189306183, "centroid_lat": 50.204427043839218, "occurrences_today": 1, "datetimes_today": "2026-07-25 05:47:08", "cumulative_total": 47.0 }, "geometry": { "type": "Polygon", "coordinates": [ [ [ -66.167626611319122, 50.199296156075803 ], [ -66.174072439518937, 50.202391923220851 ], [ -66.173118603911377, 50.207522898024678 ], [ -66.165717491420466, 50.209557913777473 ], [ -66.159271352739637, 50.206461655500206 ], [ -66.160226636927533, 50.201330872672862 ], [ -66.167626611319122, 50.199296156075803 ] ] ] } },
{ "type": "Feature", "properties": { "hex_id": 611821, "centroid_lon": -73.149878019336995, "centroid_lat": 46.32674940271, "occurrences_today": 3, "datetimes_today": "2026-07-25 20:16:47, 2026-07-25 20:32:27, 2026-07-25 20:47:08", "cumulative_total": 25.0 }, "geometry": { "type": "Polygon", "coordinates": [ [ [ -73.150053142333178, 46.321556059963257 ], [ -73.156457500659286, 46.324257618078278 ], [ -73.156282967266421, 46.329450977108351 ], [ -73.149702848034011, 46.331942740206365 ], [ -73.143297948419686, 46.329240798665182 ], [ -73.143473709309447, 46.324047477518434 ], [ -73.150053142333178, 46.321556059963257 ] ] ] } },
{ "type": "Feature", "properties": { "hex_id": 613042, "centroid_lon": -73.136893686867978, "centroid_lat": 46.32653850637012, "occurrences_today": 3, "datetimes_today": "2026-07-25 20:16:47, 2026-07-25 20:32:27, 2026-07-25 20:47:08", "cumulative_total": 19.0 }, "geometry": { "type": "Polygon", "coordinates": [ [ [ -73.137070037167121, 46.321345201635786 ], [ -73.143473709309447, 46.324047477518434 ], [ -73.143297948419686, 46.329240798665182 ], [ -73.136717287923958, 46.331731805846914 ], [ -73.130313075025455, 46.329029146421476 ], [ -73.130490063362203, 46.32383586342339 ], [ -73.137070037167121, 46.321345201635786 ] ] ] } },
{ "type": "Feature", "properties": { "hex_id": 1183522, "centroid_lon": -66.427094854734477, "centroid_lat": 50.278720458062779, "occurrences_today": 7, "datetimes_today": "2026-07-25 05:47:08, 2026-07-25 06:02:19, 2026-07-25 06:16:49, 2026-07-25 06:27:15, 2026-07-25 06:46:50, 2026-07-25 07:02:12, 2026-07-25 07:16:44", "cumulative_total": 20.0 }, "geometry": { "type": "Polygon", "coordinates": [ [ [ -66.428023793841447, 50.273586061065224 ], [ -66.434497959023403, 50.276668608354889 ], [ -66.433569614853994, 50.281803090156636 ], [ -66.426165646591343, 50.283854837963268 ], [ -66.419691155558496, 50.280771799702421 ], [ -66.420620958538237, 50.275637504677235 ], [ -66.428023793841447, 50.273586061065224 ] ] ] } },
{ "type": "Feature", "properties": { "hex_id": 1184132, "centroid_lon": -66.421550492328421, "centroid_lat": 50.270503192537646, "occurrences_today": 7, "datetimes_today": "2026-07-25 05:47:08, 2026-07-25 06:02:19, 2026-07-25 06:16:49, 2026-07-25 06:27:15, 2026-07-25 06:46:50, 2026-07-25 07:02:12, 2026-07-25 07:16:44", "cumulative_total": 20.0 }, "geometry": { "type": "Polygon", "coordinates": [ [ [ -66.422479757029961, 50.265368863288444 ], [ -66.428952464013136, 50.268451646975443 ], [ -66.428023793841447, 50.273586061065224 ], [ -66.420620958538237, 50.275637504677235 ], [ -66.41414792616429, 50.272554230123042 ], [ -66.415078054383358, 50.267420002895122 ], [ -66.422479757029961, 50.265368863288444 ] ] ] } },
{ "type": "Feature", "properties": { "hex_id": 1184742, "centroid_lon": -66.416007913360559, "centroid_lat": 50.262285758540209, "occurrences_today": 7, "datetimes_today": "2026-07-25 05:47:08, 2026-07-25 06:02:19, 2026-07-25 06:16:49, 2026-07-25 06:27:15, 2026-07-25 06:46:50, 2026-07-25 07:02:12, 2026-07-25 07:16:44", "cumulative_total": 20.0 }, "geometry": { "type": "Polygon", "coordinates": [ [ [ -66.416937503196891, 50.257151497063134 ], [ -66.423408752743825, 50.260234516934418 ], [ -66.422479757029961, 50.265368863288444 ], [ -66.415078054383358, 50.267420002895122 ], [ -66.408606479905316, 50.264336492260668 ], [ -66.409536932904061, 50.259202332853754 ], [ -66.416937503196891, 50.257151497063134 ] ] ] } },
{ "type": "Feature", "properties": { "hex_id": 1184743, "centroid_lon": -66.413217528602345, "centroid_lat": 50.27768844021918, "occurrences_today": 7, "datetimes_today": "2026-07-25 05:47:08, 2026-07-25 06:02:19, 2026-07-25 06:16:49, 2026-07-25 06:27:15, 2026-07-25 06:46:50, 2026-07-25 07:02:12, 2026-07-25 07:16:44", "cumulative_total": 31.0 }, "geometry": { "type": "Polygon", "coordinates": [ [ [ -66.41414792616429, 50.272554230123042 ], [ -66.420620958538237, 50.275637504677235 ], [ -66.419691155558496, 50.280771799702421 ], [ -66.412286861596442, 50.282822633178711 ], [ -66.405813504134784, 50.279738867595967 ], [ -66.406744765621795, 50.274604759636581 ], [ -66.41414792616429, 50.272554230123042 ] ] ] } },
{ "type": "Feature", "properties": { "hex_id": 1185352, "centroid_lon": -66.410467116608785, "centroid_lat": 50.254068156307277, "occurrences_today": 7, "datetimes_today": "2026-07-25 05:47:08, 2026-07-25 06:02:19, 2026-07-25 06:16:49, 2026-07-25 06:27:15, 2026-07-25 06:46:50, 2026-07-25 07:02:12, 2026-07-25 07:16:44", "cumulative_total": 20.0 }, "geometry": { "type": "Polygon", "coordinates": [ [ [ -66.411397031120487, 50.248933962626083 ], [ -66.417866823993251, 50.252017218468666 ], [ -66.416937503196891, 50.257151497063134 ], [ -66.409536932904061, 50.259202332853754 ], [ -66.403066815559441, 50.25611858635196 ], [ -66.403997592878582, 50.250984494789762 ], [ -66.411397031120487, 50.248933962626083 ] ] ] } },
{ "type": "Feature", "properties": { "hex_id": 1185963, "centroid_lon": -66.4021357687933, "centroid_lat": 50.261252660757208, "occurrences_today": 7, "datetimes_today": "2026-07-25 05:47:08, 2026-07-25 06:02:19, 2026-07-25 06:16:49, 2026-07-25 06:27:15, 2026-07-25 06:46:50, 2026-07-25 07:02:12, 2026-07-25 07:16:44", "cumulative_total": 20.0 }, "geometry": { "type": "Polygon", "coordinates": [ [ [ -66.403066815559441, 50.25611858635196 ], [ -66.409536932904061, 50.259202332853754 ], [ -66.408606479905316, 50.264336492260668 ], [ -66.401204452479107, 50.266386718000696 ], [ -66.394734010965678, 50.263302480678519 ], [ -66.3956659209462, 50.258168508507708 ], [ -66.403066815559441, 50.25611858635196 ] ] ] } },
{ "type": "Feature", "properties": { "hex_id": 1186572, "centroid_lon": -66.399390864868991, "centroid_lat": 50.237632448081278, "occurrences_today": 7, "datetimes_today": "2026-07-25 05:47:08, 2026-07-25 06:02:19, 2026-07-25 06:16:49, 2026-07-25 06:27:15, 2026-07-25 06:46:50, 2026-07-25 07:02:12, 2026-07-25 07:16:44", "cumulative_total": 22.0 }, "geometry": { "type": "Polygon", "coordinates": [ [ [ -66.40032142735501, 50.232498390062972 ], [ -66.406788309163844, 50.235582117209766 ], [ -66.405858339579865, 50.240716260213858 ], [ -66.398460033086081, 50.242766488939722 ], [ -66.391992827722589, 50.239682271341685 ], [ -66.392924252306585, 50.234548315540003 ], [ -66.40032142735501, 50.232498390062972 ] ] ] } },
{ "type": "Feature", "properties": { "hex_id": 1187184, "centroid_lon": -66.388264432870159, "centroid_lat": 50.260217922679601, "occurrences_today": 7, "datetimes_today": "2026-07-25 05:47:08, 2026-07-25 06:02:19, 2026-07-25 06:16:49, 2026-07-25 06:27:15, 2026-07-25 06:46:50, 2026-07-25 07:02:12, 2026-07-25 07:16:44", "cumulative_total": 20.0 }, "geometry": { "type": "Polygon", "coordinates": [ [ [ -66.389196936262934, 50.255084035635107 ], [ -66.3956659209462, 50.258168508507708 ], [ -66.394734010965678, 50.263302480678519 ], [ -66.387331659522317, 50.265351792522722 ], [ -66.380862351432484, 50.262266828772702 ], [ -66.381795718091354, 50.257133044126888 ], [ -66.389196936262934, 50.255084035635107 ] ] ] } },
{ "type": "Feature", "properties": { "hex_id": 1187794, "centroid_lon": -66.382728814642334, "centroid_lat": 50.251999242262308, "occurrences_today": 7, "datetimes_today": "2026-07-25 05:47:08, 2026-07-25 06:02:19, 2026-07-25 06:16:49, 2026-07-25 06:27:15, 2026-07-25 06:46:50, 2026-07-25 07:02:12, 2026-07-25 07:16:44", "cumulative_total": 20.0 }, "geometry": { "type": "Polygon", "coordinates": [ [ [ -66.383661641186691, 50.24686542318377 ], [ -66.390129169801838, 50.249950131394051 ], [ -66.389196936262934, 50.255084035635107 ], [ -66.381795718091354, 50.257133044126888 ], [ -66.375327866527996, 50.254047845143319 ], [ -66.376261555983206, 50.248914128512197 ], [ -66.383661641186691, 50.24686542318377 ] ] ] } },
{ "type": "Feature", "properties": { "hex_id": 1188404, "centroid_lon": -66.37719497527911, "centroid_lat": 50.243780394649754, "occurrences_today": 7, "datetimes_today": "2026-07-25 05:47:08, 2026-07-25 06:02:19, 2026-07-25 06:16:49, 2026-07-25 06:27:15, 2026-07-25 06:46:50, 2026-07-25 07:02:12, 2026-07-25 07:16:44", "cumulative_total": 128.0 }, "geometry": { "type": "Polygon", "coordinates": [ [ [ -66.378128124516977, 50.23864664356077 ], [ -66.384594197825606, 50.24173158689613 ], [ -66.383661641186691, 50.24686542318377 ], [ -66.376261555983206, 50.248914128512197 ], [ -66.369795160184282, 50.245828694507708 ], [ -66.370729171977928, 50.24069504591484 ], [ -66.378128124516977, 50.23864664356077 ] ] ] } },
{ "type": "Feature", "properties": { "hex_id": 1189014, "centroid_lon": -66.371662913560996, "centroid_lat": 50.235561380078046, "occurrences_today": 7, "datetimes_today": "2026-07-25 05:47:08, 2026-07-25 06:02:19, 2026-07-25 06:16:49, 2026-07-25 06:27:15, 2026-07-25 06:46:50, 2026-07-25 07:02:12, 2026-07-25 07:16:44", "cumulative_total": 20.0 }, "geometry": { "type": "Polygon", "coordinates": [ [ [ -66.372596385034754, 50.23042769700217 ], [ -66.379061003798, 50.233512875250092 ], [ -66.378128124516977, 50.23864664356077 ], [ -66.370729171977928, 50.24069504591484 ], [ -66.364264231181878, 50.237609377101904 ], [ -66.365198564856485, 50.232475796570796 ], [ -66.372596385034754, 50.23042769700217 ] ] ] } },
{ "type": "Feature", "properties": { "hex_id": 1215268, "centroid_lon": -66.066550255414171, "centroid_lat": 50.251355146539282, "occurrences_today": 1, "datetimes_today": "2026-07-25 05:47:08", "cumulative_total": 47.0 }, "geometry": { "type": "Polygon", "coordinates": [ [ [ -66.067517014684896, 50.246225702749371 ], [ -66.073961578568529, 50.249327074148773 ], [ -66.072995404951953, 50.254456605966773 ], [ -66.065583216556661, 50.256484572185315 ], [ -66.059138346658003, 50.253382708377899 ], [ -66.060105971064999, 50.24825337083044 ], [ -66.067517014684896, 50.246225702749371 ] ] ] } },
{ "type": "Feature", "properties": { "hex_id": 1216489, "centroid_lon": -66.052694342097453, "centroid_lat": 50.250280528359397, "occurrences_today": 1, "datetimes_today": "2026-07-25 05:47:08", "cumulative_total": 40.0 }, "geometry": { "type": "Polygon", "coordinates": [ [ [ -66.053662551799718, 50.245151278963093 ], [ -66.060105971064999, 50.24825337083044 ], [ -66.059138346658003, 50.253382708377899 ], [ -66.051725852404758, 50.25540975957081 ], [ -66.045282127887035, 50.25230717524245 ], [ -66.046251202770208, 50.247178032252663 ], [ -66.053662551799718, 50.245151278963093 ] ] ] } },
{ "type": "Feature", "properties": { "hex_id": 1217100, "centroid_lon": -66.044312772759227, "centroid_lat": 50.25743630002421, "occurrences_today": 1, "datetimes_today": "2026-07-25 05:47:08", "cumulative_total": 40.0 }, "geometry": { "type": "Polygon", "coordinates": [ [ [ -66.045282127887035, 50.25230717524245 ], [ -66.051725852404758, 50.25540975957081 ], [ -66.050757082616755, 50.260538972592137 ], [ -66.043343137281809, 50.262565406592714 ], [ -66.036899107826343, 50.2594623296443 ], [ -66.037869328538619, 50.254333311385821 ], [ -66.045282127887035, 50.25230717524245 ] ] ] } },
{ "type": "Feature", "properties": { "hex_id": 1217711, "centroid_lon": -66.035928606510126, "centroid_lat": 50.264591329666366, "occurrences_today": 1, "datetimes_today": "2026-07-25 05:47:08", "cumulative_total": 40.0 }, "geometry": { "type": "Polygon", "coordinates": [ [ [ -66.036899107826343, 50.2594623296443 ], [ -66.043343137281809, 50.262565406592714 ], [ -66.04237322134982, 50.267694494942745 ], [ -66.034957824484877, 50.269720311446733 ], [ -66.028513490406795, 50.266616741719247 ], [ -66.02948485771114, 50.26148784833731 ], [ -66.036899107826343, 50.2594623296443 ] ] ] } },
{ "type": "Feature", "properties": { "hex_id": 1218321, "centroid_lon": -66.030455944157154, "centroid_lat": 50.256358936695761, "occurrences_today": 1, "datetimes_today": "2026-07-25 05:47:08", "cumulative_total": 40.0 }, "geometry": { "type": "Polygon", "coordinates": [ [ [ -66.03142674984997, 50.251230006799837 ], [ -66.037869328538619, 50.254333311385821 ], [ -66.036899107826343, 50.2594623296443 ], [ -66.02948485771114, 50.26148784833731 ], [ -66.023041974847715, 50.258384051078529 ], [ -66.024013646169152, 50.253255227869978 ], [ -66.03142674984997, 50.251230006799837 ] ] ] } },
{ "type": "Feature", "properties": { "hex_id": 1192677, "centroid_lon": -66.330077067102167, "centroid_lat": 50.232442490516327, "occurrences_today": 1, "datetimes_today": "2026-07-25 05:47:08", "cumulative_total": 7.0 }, "geometry": { "type": "Polygon", "coordinates": [ [ [ -66.331014899779746, 50.227309372017388 ], [ -66.337476120546114, 50.230396724968742 ], [ -66.336538878996336, 50.23552992907544 ], [ -66.329138963097776, 50.237575591656949 ], [ -66.322677422581251, 50.234487747971187 ], [ -66.323616117611778, 50.229354732509179 ], [ -66.331014899779746, 50.227309372017388 ] ] ] } },
{ "type": "Feature", "properties": { "hex_id": 1193287, "centroid_lon": -66.324554541163579, "centroid_lat": 50.224221699671354, "occurrences_today": 1, "datetimes_today": "2026-07-25 05:47:08", "cumulative_total": 3.0 }, "geometry": { "type": "Polygon", "coordinates": [ [ [ -66.325492693338305, 50.219088649462627 ], [ -66.331952461232135, 50.222176236165019 ], [ -66.331014899779746, 50.227309372017388 ], [ -66.323616117611778, 50.229354732509179 ], [ -66.31715603042349, 50.226266655176751 ], [ -66.318095044596006, 50.221133708053401 ], [ -66.325492693338305, 50.219088649462627 ] ] ] } },
{ "type": "Feature", "properties": { "hex_id": 1193898, "centroid_lon": -66.316216744620434, "centroid_lat": 50.231399584906825, "occurrences_today": 1, "datetimes_today": "2026-07-25 05:47:08", "cumulative_total": 3.0 }, "geometry": { "type": "Polygon", "coordinates": [ [ [ -66.31715603042349, 50.226266655176751 ], [ -66.323616117611778, 50.229354732509179 ], [ -66.322677422581251, 50.234487747971187 ], [ -66.315277187085059, 50.236532497238713 ], [ -66.308816780907435, 50.233443929115758 ], [ -66.309756929113576, 50.228311102586638 ], [ -66.31715603042349, 50.226266655176751 ] ] ] } },
{ "type": "Feature", "properties": { "hex_id": 1194508, "centroid_lon": -66.310696805435612, "centroid_lat": 50.223178258641823, "occurrences_today": 1, "datetimes_today": "2026-07-25 05:47:08", "cumulative_total": 3.0 }, "geometry": { "type": "Polygon", "coordinates": [ [ [ -66.311636409975364, 50.218045397286232 ], [ -66.318095044596006, 50.221133708053401 ], [ -66.31715603042349, 50.226266655176751 ], [ -66.309756929113576, 50.228311102586638 ], [ -66.303297975958856, 50.225222301133385 ], [ -66.304238442546364, 50.220089543027136 ], [ -66.311636409975364, 50.218045397286232 ] ] ] } },
{ "type": "Feature", "properties": { "hex_id": 1194509, "centroid_lon": -66.307876360715369, "centroid_lat": 50.238576738224275, "occurrences_today": 1, "datetimes_today": "2026-07-25 05:47:08", "cumulative_total": 3.0 }, "geometry": { "type": "Polygon", "coordinates": [ [ [ -66.308816780907435, 50.233443929115758 ], [ -66.315277187085059, 50.236532497238713 ], [ -66.314337357715559, 50.241665392167477 ], [ -66.306935668435443, 50.243709529907242 ], [ -66.300474943574073, 50.240620470833299 ], [ -66.301416226574645, 50.235487765041391 ], [ -66.308816780907435, 50.233443929115758 ] ] ] } },
{ "type": "Feature", "properties": { "hex_id": 1195117, "centroid_lon": -66.3079975905749, "centroid_lat": 50.199558336368497, "occurrences_today": 1, "datetimes_today": "2026-07-25 05:47:08", "cumulative_total": 3.0 }, "geometry": { "type": "Polygon", "coordinates": [ [ [ -66.308936698510252, 50.194425491170001 ], [ -66.315392112345762, 50.197513777854233 ], [ -66.314453593918159, 50.202646708803869 ], [ -66.307058211112491, 50.204691164158369 ], [ -66.300602479347077, 50.201602387157131 ], [ -66.301542448215628, 50.196469645189104 ], [ -66.308936698510252, 50.194425491170001 ] ] ] } },
{ "type": "Feature", "properties": { "hex_id": 1195119, "centroid_lon": -66.302357237335585, "centroid_lat": 50.23035504180644, "occurrences_today": 1, "datetimes_today": "2026-07-25 05:47:08", "cumulative_total": 3.0 }, "geometry": { "type": "Polygon", "coordinates": [ [ [ -66.303297975958856, 50.225222301133385 ], [ -66.309756929113576, 50.228311102586638 ], [ -66.308816780907435, 50.233443929115758 ], [ -66.301416226574645, 50.235487765041391 ], [ -66.294956955191438, 50.23239847274165 ], [ -66.295898556267588, 50.227265835433556 ], [ -66.303297975958856, 50.225222301133385 ] ] ] } },
{ "type": "Feature", "properties": { "hex_id": 1195120, "centroid_lon": -66.299533388231879, "centroid_lat": 50.245753159177212, "occurrences_today": 1, "datetimes_today": "2026-07-25 05:47:08", "cumulative_total": 3.0 }, "geometry": { "type": "Polygon", "coordinates": [ [ [ -66.300474943574073, 50.240620470833299 ], [ -66.306935668435443, 50.243709529907242 ], [ -66.305994703965695, 50.24884230415978 ], [ -66.298591560445999, 50.250885830068242 ], [ -66.292130517206928, 50.247796279882799 ], [ -66.293072935763178, 50.242663694971199 ], [ -66.300474943574073, 50.240620470833299 ] ] ] } },
{ "type": "Feature", "properties": { "hex_id": 1195729, "centroid_lon": -66.296839885054439, "centroid_lat": 50.222133180669836, "occurrences_today": 1, "datetimes_today": "2026-07-25 05:47:08", "cumulative_total": 3.0 }, "geometry": { "type": "Polygon", "coordinates": [ [ [ -66.297780941653954, 50.217000508455406 ], [ -66.304238442546364, 50.220089543027136 ], [ -66.303297975958856, 50.225222301133385 ], [ -66.295898556267588, 50.227265835433556 ], [ -66.289440737601495, 50.224176310119859 ], [ -66.290382656298434, 50.219043741318721 ], [ -66.297780941653954, 50.217000508455406 ] ] ] } },
{ "type": "Feature", "properties": { "hex_id": 1195730, "centroid_lon": -66.294015081723984, "centroid_lat": 50.237531092589194, "occurrences_today": 1, "datetimes_today": "2026-07-25 05:47:08", "cumulative_total": 3.0 }, "geometry": { "type": "Polygon", "coordinates": [ [ [ -66.294956955191438, 50.23239847274165 ], [ -66.301416226574645, 50.235487765041391 ], [ -66.300474943574073, 50.240620470833299 ], [ -66.293072935763178, 50.242663694971199 ], [ -66.286613346457472, 50.239573911664593 ], [ -66.28755608278307, 50.234441395297743 ], [ -66.294956955191438, 50.23239847274165 ] ] ] } },
{ "type": "Feature", "properties": { "hex_id": 1196338, "centroid_lon": -66.294147608717026, "centroid_lat": 50.198513291481262, "occurrences_today": 1, "datetimes_today": "2026-07-25 05:47:08", "cumulative_total": 3.0 }, "geometry": { "type": "Polygon", "coordinates": [ [ [ -66.29508816673868, 50.193380635388309 ], [ -66.301542448215628, 50.196469645189104 ], [ -66.300602479347077, 50.201602387157131 ], [ -66.293206778763988, 50.20364593012571 ], [ -66.286752180116196, 50.200556429952073 ], [ -66.287693599120615, 50.195423877253383 ], [ -66.29508816673868, 50.193380635388309 ] ] ] } },
{ "type": "Feature", "properties": { "hex_id": 1196339, "centroid_lon": -66.291324302656534, "centroid_lat": 50.213911155049367, "occurrences_today": 1, "datetimes_today": "2026-07-25 05:47:08", "cumulative_total": 3.0 }, "geometry": { "type": "Polygon", "coordinates": [ [ [ -66.29226567677776, 50.208778551316712 ], [ -66.298721726168012, 50.211867818795191 ], [ -66.297780941653954, 50.217000508455406 ], [ -66.290382656298434, 50.219043741318721 ], [ -66.283926289588862, 50.21595398320278 ], [ -66.284868525452225, 50.210821482931706 ], [ -66.29226567677776, 50.208778551316712 ] ] ] } },
{ "type": "Feature", "properties": { "hex_id": 1196340, "centroid_lon": -66.288498546463714, "centroid_lat": 50.229308861447848, "occurrences_today": 1, "datetimes_today": "2026-07-25 05:47:08", "cumulative_total": 3.0 }, "geometry": { "type": "Polygon", "coordinates": [ [ [ -66.289440737601495, 50.224176310119859 ], [ -66.295898556267588, 50.227265835433556 ], [ -66.294956955191438, 50.23239847274165 ], [ -66.28755608278307, 50.234441395297743 ], [ -66.281097946649268, 50.231351379081758 ], [ -66.282041000289453, 50.226218931282745 ], [ -66.289440737601495, 50.224176310119859 ] ] ] } },
{ "type": "Feature", "properties": { "hex_id": 1196341, "centroid_lon": -66.285670337384744, "centroid_lat": 50.244706410543444, "occurrences_today": 1, "datetimes_today": "2026-07-25 05:47:08", "cumulative_total": 3.0 }, "geometry": { "type": "Polygon", "coordinates": [ [ [ -66.286613346457472, 50.239573911664593 ], [ -66.293072935763178, 50.242663694971199 ], [ -66.292130517206928, 50.247796279882799 ], [ -66.284727055462696, 50.249838891929407 ], [ -66.278267148540934, 50.246748617455523 ], [ -66.279211020877227, 50.241616222173086 ], [ -66.286613346457472, 50.239573911664593 ] ] ] } },
{ "type": "Feature", "properties": { "hex_id": 1196949, "centroid_lon": -66.285810488927353, "centroid_lat": 50.205688965179831, "occurrences_today": 1, "datetimes_today": "2026-07-25 05:47:08", "cumulative_total": 3.0 }, "geometry": { "type": "Polygon", "coordinates": [ [ [ -66.286752180116196, 50.200556429952073 ], [ -66.293206778763988, 50.20364593012571 ], [ -66.29226567677776, 50.208778551316712 ], [ -66.284868525452225, 50.210821482931706 ], [ -66.278413609939079, 50.207731492225115 ], [ -66.279356162514915, 50.202599060507183 ], [ -66.286752180116196, 50.200556429952073 ] ] ] } },
{ "type": "Feature", "properties": { "hex_id": 1196950, "centroid_lon": -66.282983781235288, "centroid_lat": 50.221086465988101, "occurrences_today": 1, "datetimes_today": "2026-07-25 05:47:08", "cumulative_total": 3.0 }, "geometry": { "type": "Polygon", "coordinates": [ [ [ -66.283926289588862, 50.21595398320278 ], [ -66.290382656298434, 50.219043741318721 ], [ -66.289440737601495, 50.224176310119859 ], [ -66.282041000289453, 50.226218931282745 ], [ -66.275584316566523, 50.223128682369115 ], [ -66.276527687066945, 50.217996303161023 ], [ -66.283926289588862, 50.21595398320278 ] ] ] } },
{ "type": "Feature", "properties": { "hex_id": 1196951, "centroid_lon": -66.280154620212571, "centroid_lat": 50.236483809380196, "occurrences_today": 1, "datetimes_today": "2026-07-25 05:47:08", "cumulative_total": 3.0 }, "geometry": { "type": "Polygon", "coordinates": [ [ [ -66.281097946649268, 50.231351379081758 ], [ -66.28755608278307, 50.234441395297743 ], [ -66.286613346457472, 50.239573911664593 ], [ -66.279211020877227, 50.241616222173086 ], [ -66.272752567582131, 50.238525714894536 ], [ -66.273696756926341, 50.233393388240835 ], [ -66.281097946649268, 50.231351379081758 ] ] ] } },
{ "type": "Feature", "properties": { "hex_id": 1196952, "centroid_lon": -66.277323003101415, "centroid_lat": 50.251880995222507, "occurrences_today": 1, "datetimes_today": "2026-07-25 05:47:08", "cumulative_total": 3.0 }, "geometry": { "type": "Polygon", "coordinates": [ [ [ -66.278267148540934, 50.246748617455523 ], [ -66.284727055462696, 50.249838891929407 ], [ -66.283783500589081, 50.254971355817496 ], [ -66.27637858445631, 50.257013355469098 ], [ -66.269918360225432, 50.25392258966756 ], [ -66.270863369334052, 50.248790315612865 ], [ -66.278267148540934, 50.246748617455523 ] ] ] } },
{ "type": "Feature", "properties": { "hex_id": 1197559, "centroid_lon": -66.280298442653262, "centroid_lat": 50.197466611295873, "occurrences_today": 1, "datetimes_today": "2026-07-25 05:47:08", "cumulative_total": 3.0 }, "geometry": { "type": "Polygon", "coordinates": [ [ [ -66.281240450456039, 50.192334144596124 ], [ -66.287693599120615, 50.195423877253383 ], [ -66.286752180116196, 50.200556429952073 ], [ -66.279356162514915, 50.202599060507183 ], [ -66.272902697438525, 50.19950883742144 ], [ -66.273845566273323, 50.194376474279714 ], [ -66.281240450456039, 50.192334144596124 ] ] ] } },
{ "type": "Feature", "properties": { "hex_id": 1197560, "centroid_lon": -66.277470784823777, "centroid_lat": 50.212863906444696, "occurrences_today": 1, "datetimes_today": "2026-07-25 05:47:08", "cumulative_total": 3.0 }, "geometry": { "type": "Polygon", "coordinates": [ [ [ -66.278413609939079, 50.207731492225115 ], [ -66.284868525452225, 50.210821482931706 ], [ -66.283926289588862, 50.21595398320278 ], [ -66.276527687066945, 50.217996303161023 ], [ -66.270072454994377, 50.214905821761313 ], [ -66.271016141901086, 50.209773511167192 ], [ -66.278413609939079, 50.207731492225115 ] ] ] } },
{ "type": "Feature", "properties": { "hex_id": 1197561, "centroid_lon": -66.274640673220389, "centroid_lat": 50.228261044064034, "occurrences_today": 1, "datetimes_today": "2026-07-25 05:47:08", "cumulative_total": 3.0 }, "geometry": { "type": "Polygon", "coordinates": [ [ [ -66.275584316566523, 50.223128682369115 ], [ -66.282041000289453, 50.226218931282745 ], [ -66.281097946649268, 50.231351379081758 ], [ -66.273696756926341, 50.233393388240835 ], [ -66.267239756496494, 50.230302648369289 ], [ -66.268184262394286, 50.225170390367332 ], [ -66.275584316566523, 50.223128682369115 ] ] ] } },
{ "type": "Feature", "properties": { "hex_id": 1197562, "centroid_lon": -66.271808105085483, "centroid_lat": 50.243658024020199, "occurrences_today": 1, "datetimes_today": "2026-07-25 05:47:08", "cumulative_total": 3.0 }, "geometry": { "type": "Polygon", "coordinates": [ [ [ -66.272752567582131, 50.238525714894536 ], [ -66.279211020877227, 50.241616222173086 ], [ -66.278267148540934, 50.246748617455523 ], [ -66.270863369334052, 50.248790315612865 ], [ -66.264404599184573, 50.245699317111409 ], [ -66.265349924994013, 50.240567111746294 ], [ -66.272752567582131, 50.238525714894536 ] ] ] } },
{ "type": "Feature", "properties": { "hex_id": 1198170, "centroid_lon": -66.271959556015119, "centroid_lat": 50.204641183052246, "occurrences_today": 1, "datetimes_today": "2026-07-25 05:47:08", "cumulative_total": 3.0 }, "geometry": { "type": "Polygon", "coordinates": [ [ [ -66.272902697438525, 50.19950883742144 ], [ -66.279356162514915, 50.202599060507183 ], [ -66.278413609939079, 50.207731492225115 ], [ -66.271016141901086, 50.209773511167192 ], [ -66.264562360718784, 50.206682797492917 ], [ -66.265506363578311, 50.201550555535754 ], [ -66.272902697438525, 50.19950883742144 ] ] ] } },
{ "type": "Feature", "properties": { "hex_id": 1198171, "centroid_lon": -66.269128495192831, "centroid_lat": 50.220038114829691, "occurrences_today": 1, "datetimes_today": "2026-07-25 05:47:08", "cumulative_total": 3.0 }, "geometry": { "type": "Polygon", "coordinates": [ [ [ -66.270072454994377, 50.214905821761313 ], [ -66.276527687066945, 50.217996303161023 ], [ -66.275584316566523, 50.223128682369115 ], [ -66.268184262394286, 50.225170390367332 ], [ -66.261728714068695, 50.222079418114404 ], [ -66.26267353606616, 50.216947228787198 ], [ -66.270072454994377, 50.214905821761313 ] ] ] } },
{ "type": "Feature", "properties": { "hex_id": 1198172, "centroid_lon": -66.26629497739718, "centroid_lat": 50.235434888830611, "occurrences_today": 1, "datetimes_today": "2026-07-25 05:47:08", "cumulative_total": 3.0 }, "geometry": { "type": "Polygon", "coordinates": [ [ [ -66.267239756496494, 50.230302648369289 ], [ -66.273696756926341, 50.233393388240835 ], [ -66.272752567582131, 50.238525714894536 ], [ -66.265349924994013, 50.240567111746294 ], [ -66.258892608164103, 50.237475880756634 ], [ -66.259838250220014, 50.232343744104092 ], [ -66.267239756496494, 50.230302648369289 ] ] ] } },
{ "type": "Feature", "properties": { "hex_id": 1198173, "centroid_lon": -66.263458999866472, "centroid_lat": 50.250831504920967, "occurrences_today": 1, "datetimes_today": "2026-07-25 05:47:08", "cumulative_total": 3.0 }, "geometry": { "type": "Polygon", "coordinates": [ [ [ -66.264404599184573, 50.245699317111409 ], [ -66.270863369334052, 50.248790315612865 ], [ -66.269918360225432, 50.25392258966756 ], [ -66.262513126937165, 50.255963675170022 ], [ -66.256054040240656, 50.252872185285383 ], [ -66.257000503276927, 50.247740101352264 ], [ -66.264404599184573, 50.245699317111409 ] ] ] } },
{ "type": "Feature", "properties": { "hex_id": 1198780, "centroid_lon": -66.266450093596163, "centroid_lat": 50.196418296045209, "occurrences_today": 1, "datetimes_today": "2026-07-25 05:47:08", "cumulative_total": 3.0 }, "geometry": { "type": "Polygon", "coordinates": [ [ [ -66.267393550874417, 50.191286019026201 ], [ -66.273845566273323, 50.194376474279714 ], [ -66.272902697438525, 50.19950883742144 ], [ -66.265506363578311, 50.201550555535754 ], [ -66.259054032526578, 50.19845960979827 ], [ -66.259998350885866, 50.193327436501079 ], [ -66.267393550874417, 50.191286019026201 ] ] ] } },
{ "type": "Feature", "properties": { "hex_id": 1198781, "centroid_lon": -66.263618084915464, "centroid_lat": 50.211815021911711, "occurrences_today": 1, "datetimes_today": "2026-07-25 05:47:08", "cumulative_total": 3.0 }, "geometry": { "type": "Polygon", "coordinates": [ [ [ -66.264562360718784, 50.206682797492917 ], [ -66.271016141901086, 50.209773511167192 ], [ -66.270072454994377, 50.214905821761313 ], [ -66.26267353606616, 50.216947228787198 ], [ -66.256219439084319, 50.21385602436434 ], [ -66.257164576728002, 50.208723903734871 ], [ -66.264562360718784, 50.206682797492917 ] ] ] } },
{ "type": "Feature", "properties": { "hex_id": 1198782, "centroid_lon": -66.260783618820753, "centroid_lat": 50.227211589888348, "occurrences_today": 1, "datetimes_today": "2026-07-25 05:47:08", "cumulative_total": 3.0 }, "geometry": { "type": "Polygon", "coordinates": [ [ [ -66.261728714068695, 50.222079418114404 ], [ -66.268184262394286, 50.225170390367332 ], [ -66.267239756496494, 50.230302648369289 ], [ -66.259838250220014, 50.232343744104092 ], [ -66.253382385948257, 50.229252280837784 ], [ -66.254328343796786, 50.224120212920774 ], [ -66.261728714068695, 50.222079418114404 ] ] ] } },
{ "type": "Feature", "properties": { "hex_id": 1198783, "centroid_lon": -66.257946692550561, "centroid_lat": 50.242607999841013, "occurrences_today": 1, "datetimes_today": "2026-07-25 05:47:08", "cumulative_total": 3.0 }, "geometry": { "type": "Polygon", "coordinates": [ [ [ -66.258892608164103, 50.237475880756634 ], [ -66.265349924994013, 50.240567111746294 ], [ -66.264404599184573, 50.245699317111409 ], [ -66.257000503276927, 50.247740101352264 ], [ -66.250542870354266, 50.244648379084261 ], [ -66.2514896493295, 50.239516363924515 ], [ -66.258892608164103, 50.237475880756634 ] ] ] } },
{ "type": "Feature", "properties": { "hex_id": 1198784, "centroid_lon": -66.25510730333913, "centroid_lat": 50.258004251635391, "occurrences_today": 1, "datetimes_today": "2026-07-25 05:47:08", "cumulative_total": 3.0 }, "geometry": { "type": "Polygon", "coordinates": [ [ [ -66.256054040240656, 50.252872185285383 ], [ -66.262513126937165, 50.255963675170022 ], [ -66.26156698029412, 50.261095827853559 ], [ -66.254160292469734, 50.263136300397335 ], [ -66.247700889533959, 50.260044318969207 ], [ -66.248648490559162, 50.254912356611598 ], [ -66.256054040240656, 50.252872185285383 ] ] ] } },
{ "type": "Feature", "properties": { "hex_id": 1199391, "centroid_lon": -66.258109441174682, "centroid_lat": 50.20359176554453, "occurrences_today": 1, "datetimes_today": "2026-07-25 05:47:08", "cumulative_total": 3.0 }, "geometry": { "type": "Polygon", "coordinates": [ [ [ -66.259054032526578, 50.19845960979827 ], [ -66.265506363578311, 50.201550555535754 ], [ -66.264562360718784, 50.206682797492917 ], [ -66.257164576728002, 50.208723903734871 ], [ -66.250711930329786, 50.205632467353482 ], [ -66.251657383166659, 50.200500415444679 ], [ -66.259054032526578, 50.19845960979827 ] ] ] } },
{ "type": "Feature", "properties": { "hex_id": 1199392, "centroid_lon": -66.255274028141343, "centroid_lat": 50.21898812742797, "occurrences_today": 1, "datetimes_today": "2026-07-25 05:47:08", "cumulative_total": 3.0 }, "geometry": { "type": "Polygon", "coordinates": [ [ [ -66.256219439084319, 50.21385602436434 ], [ -66.26267353606616, 50.216947228787198 ], [ -66.261728714068695, 50.222079418114404 ], [ -66.254328343796786, 50.224120212920774 ], [ -66.247873931322218, 50.221028517589303 ], [ -66.248820204509911, 50.21589651843076 ], [ -66.256219439084319, 50.21385602436434 ] ] ] } },
{ "type": "Feature", "properties": { "hex_id": 1199393, "centroid_lon": -66.25243615449331, "centroid_lat": 50.234384331174049, "occurrences_today": 1, "datetimes_today": "2026-07-25 05:47:08", "cumulative_total": 3.0 }, "geometry": { "type": "Polygon", "coordinates": [ [ [ -66.253382385948257, 50.229252280837784 ], [ -66.259838250220014, 50.232343744104092 ], [ -66.258892608164103, 50.237475880756634 ], [ -66.2514896493295, 50.239516363924515 ], [ -66.245033469418843, 50.236424409484727 ], [ -66.245980563879172, 50.231292463121285 ], [ -66.253382385948257, 50.229252280837784 ] ] ] } },
{ "type": "Feature", "properties": { "hex_id": 1199394, "centroid_lon": -66.249595817465035, "centroid_lat": 50.249780376648289, "occurrences_today": 1, "datetimes_today": "2026-07-25 05:47:08", "cumulative_total": 3.0 }, "geometry": { "type": "Polygon", "coordinates": [ [ [ -66.250542870354266, 50.244648379084261 ], [ -66.257000503276927, 50.247740101352264 ], [ -66.256054040240656, 50.252872185285383 ], [ -66.248648490559162, 50.254912356611598 ], [ -66.242190541851514, 50.251820142905061 ], [ -66.243138458507673, 50.24668824938162 ], [ -66.250542870354266, 50.244648379084261 ] ] ] } },
{ "type": "Feature", "properties": { "hex_id": 1199395, "centroid_lon": -66.246753014286696, "centroid_lat": 50.265176263716121, "occurrences_today": 1, "datetimes_today": "2026-07-25 05:47:08", "cumulative_total": 3.0 }, "geometry": { "type": "Polygon", "coordinates": [ [ [ -66.247700889533959, 50.260044318969207 ], [ -66.254160292469734, 50.263136300397335 ], [ -66.253213007529752, 50.268268331566198 ], [ -66.245804864714557, 50.270308190847352 ], [ -66.239345145847778, 50.267215717715445 ], [ -66.240293885624382, 50.262083877076982 ], [ -66.247700889533959, 50.260044318969207 ] ] ] } },
{ "type": "Feature", "properties": { "hex_id": 1200001, "centroid_lon": -66.252602562757815, "centroid_lat": 50.195368345962436, "occurrences_today": 1, "datetimes_today": "2026-07-25 05:47:08", "cumulative_total": 3.0 }, "geometry": { "type": "Polygon", "coordinates": [ [ [ -66.253547469205515, 50.190236258911689 ], [ -66.259998350885866, 50.193327436501079 ], [ -66.259054032526578, 50.19845960979827 ], [ -66.251657383166659, 50.200500415444679 ], [ -66.245206186592455, 50.197408747316011 ], [ -66.246151954169861, 50.192276764150819 ], [ -66.253547469205515, 50.190236258911689 ] ] ] } },
{ "type": "Feature", "properties": { "hex_id": 1200002, "centroid_lon": -66.24976620414499, "centroid_lat": 50.210764501683826, "occurrences_today": 1, "datetimes_today": "2026-07-25 05:47:08", "cumulative_total": 3.0 }, "geometry": { "type": "Polygon", "coordinates": [ [ [ -66.250711930329786, 50.205632467353482 ], [ -66.257164576728002, 50.208723903734871 ], [ -66.256219439084319, 50.21385602436434 ], [ -66.248820204509911, 50.21589651843076 ], [ -66.242367243072025, 50.212804591245494 ], [ -66.243313831145869, 50.207672660868326 ], [ -66.250711930329786, 50.205632467353482 ] ] ] } },
{ "type": "Feature", "properties": { "hex_id": 1200003, "centroid_lon": -66.246927384479463, "centroid_lat": 50.226160499154467, "occurrences_today": 1, "datetimes_today": "2026-07-25 05:47:08", "cumulative_total": 3.0 }, "geometry": { "type": "Polygon", "coordinates": [ [ [ -66.247873931322218, 50.221028517589303 ], [ -66.254328343796786, 50.224120212920774 ], [ -66.253382385948257, 50.229252280837784 ], [ -66.245980563879172, 50.231292463121285 ], [ -66.239525836219158, 50.228200276721161 ], [ -66.240473245711158, 50.223068399176888 ], [ -66.247873931322218, 50.221028517589303 ] ] ] } },
{ "type": "Feature", "properties": { "hex_id": 1200004, "centroid_lon": -66.244086100995901, "centroid_lat": 50.241556338239832, "occurrences_today": 1, "datetimes_today": "2026-07-25 05:47:08", "cumulative_total": 3.0 }, "geometry": { "type": "Polygon", "coordinates": [ [ [ -66.245033469418843, 50.236424409484727 ], [ -66.2514896493295, 50.239516363924515 ], [ -66.250542870354266, 50.244648379084261 ], [ -66.243138458507673, 50.24668824938162 ], [ -66.236681963265895, 50.243595803608208 ], [ -66.237630195099172, 50.238463978941816 ], [ -66.245033469418843, 50.236424409484727 ] ] ] } },
{ "type": "Feature", "properties": { "hex_id": 1200005, "centroid_lon": -66.241242350924679, "centroid_lat": 50.256952018805173, "occurrences_today": 1, "datetimes_today": "2026-07-25 05:47:08", "cumulative_total": 3.0 }, "geometry": { "type": "Polygon", "coordinates": [ [ [ -66.242190541851514, 50.251820142905061 ], [ -66.248648490559162, 50.254912356611598 ], [ -66.247700889533959, 50.260044318969207 ], [ -66.240293885624382, 50.262083877076982 ], [ -66.233835621439979, 50.258991171771676 ], [ -66.234784676539093, 50.253859400028148 ], [ -66.242190541851514, 50.251820142905061 ] ] ] } },
{ "type": "Feature", "properties": { "hex_id": 1200612, "centroid_lon": -66.244260145618554, "centroid_lat": 50.202540712890176, "occurrences_today": 1, "datetimes_today": "2026-07-25 05:47:08", "cumulative_total": 3.0 }, "geometry": { "type": "Polygon", "coordinates": [ [ [ -66.245206186592455, 50.197408747316011 ], [ -66.251657383166659, 50.200500415444679 ], [ -66.250711930329786, 50.205632467353482 ], [ -66.243313831145869, 50.207672660868326 ], [ -66.236862319984596, 50.204580502040521 ], [ -66.237809222492004, 50.199448640467608 ], [ -66.245206186592455, 50.197408747316011 ] ] ] } },
{ "type": "Feature", "properties": { "hex_id": 1200614, "centroid_lon": -66.23857815271603, "centroid_lat": 50.233332136644464, "occurrences_today": 1, "datetimes_today": "2026-07-25 05:47:08", "cumulative_total": 3.0 }, "geometry": { "type": "Polygon", "coordinates": [ [ [ -66.239525836219158, 50.228200276721161 ], [ -66.245980563879172, 50.231292463121285 ], [ -66.245033469418843, 50.236424409484727 ], [ -66.237630195099172, 50.238463978941816 ], [ -66.231175152561434, 50.235371301313002 ], [ -66.232123699118432, 50.230239545526501 ], [ -66.239525836219158, 50.228200276721161 ] ] ] } },
{ "type": "Feature", "properties": { "hex_id": 1200615, "centroid_lon": -66.235733457113454, "centroid_lat": 50.24872761063866, "occurrences_today": 1, "datetimes_today": "2026-07-25 05:47:08", "cumulative_total": 3.0 }, "geometry": { "type": "Polygon", "coordinates": [ [ [ -66.236681963265895, 50.243595803608208 ], [ -66.243138458507673, 50.24668824938162 ], [ -66.242190541851514, 50.251820142905061 ], [ -66.234784676539093, 50.253859400028148 ], [ -66.228327866274356, 50.250766462761028 ], [ -66.229277236242197, 50.245634759935264 ], [ -66.236681963265895, 50.243595803608208 ] ] ] } },
{ "type": "Feature", "properties": { "hex_id": 1200616, "centroid_lon": -66.232886291713214, "centroid_lat": 50.264122925864243, "occurrences_today": 1, "datetimes_today": "2026-07-25 05:47:08", "cumulative_total": 3.0 }, "geometry": { "type": "Polygon", "coordinates": [ [ [ -66.233835621439979, 50.258991171771676 ], [ -66.240293885624382, 50.262083877076982 ], [ -66.239345145847778, 50.267215717715445 ], [ -66.231936687255853, 50.269254662300817 ], [ -66.225478107903356, 50.266161465236564 ], [ -66.226428302207907, 50.261029815416684 ], [ -66.233835621439979, 50.258991171771676 ] ] ] } },
{ "type": "Feature", "properties": { "hex_id": 1201222, "centroid_lon": -66.23875585134985, "centroid_lat": 50.194316761281115, "occurrences_today": 1, "datetimes_today": "2026-07-25 05:47:08", "cumulative_total": 3.0 }, "geometry": { "type": "Polygon", "coordinates": [ [ [ -66.23970220666051, 50.189184864486016 ], [ -66.246151954169861, 50.192276764150819 ], [ -66.245206186592455, 50.197408747316011 ], [ -66.237809222492004, 50.199448640467608 ], [ -66.231359160847745, 50.196356250208382 ], [ -66.232306377336528, 50.191224457462575 ], [ -66.23970220666051, 50.189184864486016 ] ] ] } },
{ "type": "Feature", "properties": { "hex_id": 1201223, "centroid_lon": -66.235915143725251, "centroid_lat": 50.209712345994845, "occurrences_today": 1, "datetimes_today": "2026-07-25 05:47:08", "cumulative_total": 3.0 }, "geometry": { "type": "Polygon", "coordinates": [ [ [ -66.236862319984596, 50.204580502040521 ], [ -66.243313831145869, 50.207672660868326 ], [ -66.242367243072025, 50.212804591245494 ], [ -66.234967693611495, 50.214844172325613 ], [ -66.22851586817039, 50.211751522638771 ], [ -66.229463906367144, 50.206619782801475 ], [ -66.236862319984596, 50.204580502040521 ] ] ] } },
{ "type": "Feature", "properties": { "hex_id": 1201224, "centroid_lon": -66.233071971410681, "centroid_lat": 50.225107772096429, "occurrences_today": 1, "datetimes_today": "2026-07-25 05:47:08", "cumulative_total": 3.0 }, "geometry": { "type": "Polygon", "coordinates": [ [ [ -66.234019969540824, 50.219975981027787 ], [ -66.240473245711158, 50.223068399176888 ], [ -66.239525836219158, 50.228200276721161 ], [ -66.232123699118432, 50.230239545526501 ], [ -66.225670108523374, 50.227146636253622 ], [ -66.226618969351122, 50.22201494936985 ], [ -66.234019969540824, 50.219975981027787 ] ] ] } },
{ "type": "Feature", "properties": { "hex_id": 1201225, "centroid_lon": -66.230226331636942, "centroid_lat": 50.240503039450914, "occurrences_today": 1, "datetimes_today": "2026-07-25 05:47:08", "cumulative_total": 3.0 }, "geometry": { "type": "Polygon", "coordinates": [ [ [ -66.231175152561434, 50.235371301313002 ], [ -66.237630195099172, 50.238463978941816 ], [ -66.236681963265895, 50.243595803608208 ], [ -66.229277236242197, 50.245634759935264 ], [ -66.222821879134898, 50.242541590917718 ], [ -66.223771563518042, 50.237409957032568 ], [ -66.231175152561434, 50.235371301313002 ] ] ] } },
{ "type": "Feature", "properties": { "hex_id": 1201226, "centroid_lon": -66.227378221630588, "centroid_lat": 50.255898147923155, "occurrences_today": 1, "datetimes_today": "2026-07-25 05:47:08", "cumulative_total": 3.0 }, "geometry": { "type": "Polygon", "coordinates": [ [ [ -66.228327866274356, 50.250766462761028 ], [ -66.234784676539093, 50.253859400028148 ], [ -66.233835621439979, 50.258991171771676 ], [ -66.226428302207907, 50.261029815416684 ], [ -66.219971177228871, 50.257936386495686 ], [ -66.220921686093263, 50.2528048056543 ], [ -66.228327866274356, 50.250766462761028 ] ] ] } },
{ "type": "Feature", "properties": { "hex_id": 1201227, "centroid_lon": -66.224527638613893, "centroid_lat": 50.271293097377772, "occurrences_today": 1, "datetimes_today": "2026-07-25 05:47:08", "cumulative_total": 3.0 }, "geometry": { "type": "Polygon", "coordinates": [ [ [ -66.225478107903356, 50.266161465236564 ], [ -66.231936687255853, 50.269254662300817 ], [ -66.230986807964925, 50.274386381076397 ], [ -66.22357689423643, 50.276424711835318 ], [ -66.217118000024939, 50.273331022851913 ], [ -66.218069334297823, 50.268199495099516 ], [ -66.225478107903356, 50.266161465236564 ] ] ] } },
{ "type": "Feature", "properties": { "hex_id": 1201833, "centroid_lon": -66.230411670558766, "centroid_lat": 50.201488025323016, "occurrences_today": 1, "datetimes_today": "2026-07-25 05:47:08", "cumulative_total": 3.0 }, "geometry": { "type": "Polygon", "coordinates": [ [ [ -66.231359160847745, 50.196356250208382 ], [ -66.237809222492004, 50.199448640467608 ], [ -66.236862319984596, 50.204580502040521 ], [ -66.229463906367144, 50.206619782801475 ], [ -66.223013530895201, 50.203526901788045 ], [ -66.223961882765934, 50.198395230838457 ], [ -66.231359160847745, 50.196356250208382 ] ] ] } },
{ "type": "Feature", "properties": { "hex_id": 1201835, "centroid_lon": -66.224720973279943, "centroid_lat": 50.232278305476207, "occurrences_today": 1, "datetimes_today": "2026-07-25 05:47:08", "cumulative_total": 3.0 }, "geometry": { "type": "Polygon", "coordinates": [ [ [ -66.225670108523374, 50.227146636253622 ], [ -66.232123699118432, 50.230239545526501 ], [ -66.231175152561434, 50.235371301313002 ], [ -66.223771563518042, 50.237409957032568 ], [ -66.217317658806394, 50.234316556475967 ], [ -66.218267657151927, 50.229184991554199 ], [ -66.225670108523374, 50.227146636253622 ] ] ] } },
{ "type": "Feature", "properties": { "hex_id": 1201836, "centroid_lon": -66.221871920027596, "centroid_lat": 50.247673207126645, "occurrences_today": 1, "datetimes_today": "2026-07-25 05:47:08", "cumulative_total": 3.0 }, "geometry": { "type": "Polygon", "coordinates": [ [ [ -66.222821879134898, 50.242541590917718 ], [ -66.229277236242197, 50.245634759935264 ], [ -66.228327866274356, 50.250766462761028 ], [ -66.220921686093263, 50.2528048056543 ], [ -66.214466014725033, 50.249711145088014 ], [ -66.215416837695898, 50.244579633247902 ], [ -66.222821879134898, 50.242541590917718 ] ] ] } },
{ "type": "Feature", "properties": { "hex_id": 1201837, "centroid_lon": -66.219020393331419, "centroid_lat": 50.263067949645766, "occurrences_today": 1, "datetimes_today": "2026-07-25 05:47:08", "cumulative_total": 3.0 }, "geometry": { "type": "Polygon", "coordinates": [ [ [ -66.219971177228871, 50.257936386495686 ], [ -66.226428302207907, 50.261029815416684 ], [ -66.225478107903356, 50.266161465236564 ], [ -66.218069334297823, 50.268199495099516 ], [ -66.211611894913602, 50.265105574364554 ], [ -66.212563543436985, 50.259974115651367 ], [ -66.219971177228871, 50.257936386495686 ] ] ] } },
{ "type": "Feature", "properties": { "hex_id": 1201838, "centroid_lon": -66.216166390409597, "centroid_lat": 50.278462532897912, "occurrences_today": 1, "datetimes_today": "2026-07-25 05:47:08", "cumulative_total": 3.0 }, "geometry": { "type": "Polygon", "coordinates": [ [ [ -66.217118000024939, 50.273331022851913 ], [ -66.22357689423643, 50.276424711835318 ], [ -66.222625874667813, 50.281556308604152 ], [ -66.215214505348541, 50.283594025232468 ], [ -66.208755296587668, 50.280499844169682 ], [ -66.209707771592207, 50.275368438628746 ], [ -66.217118000024939, 50.273331022851913 ] ] ] } },
{ "type": "Feature", "properties": { "hex_id": 1202443, "centroid_lon": -66.224909960583418, "centroid_lat": 50.193263542235108, "occurrences_today": 1, "datetimes_today": "2026-07-25 05:47:08", "cumulative_total": 3.0 }, "geometry": { "type": "Polygon", "coordinates": [ [ [ -66.225857764450126, 50.188131835982993 ], [ -66.232306377336528, 50.191224457462575 ], [ -66.231359160847745, 50.196356250208382 ], [ -66.223961882765934, 50.198395230838457 ], [ -66.217512956503583, 50.195302118709478 ], [ -66.218461621596532, 50.190170516670371 ], [ -66.225857764450126, 50.188131835982993 ] ] ] } },
{ "type": "Feature", "properties": { "hex_id": 1202445, "centroid_lon": -66.219217380828141, "centroid_lat": 50.224053408948571, "occurrences_today": 1, "datetimes_today": "2026-07-25 05:47:08", "cumulative_total": 3.0 }, "geometry": { "type": "Polygon", "coordinates": [ [ [ -66.220166829937824, 50.218921808664135 ], [ -66.226618969351122, 50.22201494936985 ], [ -66.225670108523374, 50.227146636253622 ], [ -66.218267657151927, 50.229184991554199 ], [ -66.211815204074583, 50.226091359669745 ], [ -66.212765515929959, 50.220959863734109 ], [ -66.220166829937824, 50.218921808664135 ] ] ] } },
{ "type": "Feature", "properties": { "hex_id": 1202446, "centroid_lon": -66.216367385688699, "centroid_lat": 50.239448103708874, "occurrences_today": 1, "datetimes_today": "2026-07-25 05:47:08", "cumulative_total": 3.0 }, "geometry": { "type": "Polygon", "coordinates": [ [ [ -66.217317658806394, 50.234316556475967 ], [ -66.223771563518042, 50.237409957032568 ], [ -66.222821879134898, 50.242541590917718 ], [ -66.215416837695898, 50.244579633247902 ], [ -66.208962619176262, 50.241485741247615 ], [ -66.20991375580067, 50.236354298431522 ], [ -66.217317658806394, 50.234316556475967 ] ] ] } },
{ "type": "Feature", "properties": { "hex_id": 1202447, "centroid_lon": -66.213514916673091, "centroid_lat": 50.254842639224172, "occurrences_today": 1, "datetimes_today": "2026-07-25 05:47:08", "cumulative_total": 3.0 }, "geometry": { "type": "Polygon", "coordinates": [ [ [ -66.214466014725033, 50.249711145088014 ], [ -66.220921686093263, 50.2528048056543 ], [ -66.219971177228871, 50.257936386495686 ], [ -66.212563543436985, 50.259974115651367 ], [ -66.206107558116926, 50.256879963376278 ], [ -66.207059520437468, 50.251748573725024 ], [ -66.214466014725033, 50.249711145088014 ] ] ] } },
{ "type": "Feature", "properties": { "hex_id": 1202448, "centroid_lon": -66.210659970999743, "centroid_lat": 50.270237015358688, "occurrences_today": 1, "datetimes_today": "2026-07-25 05:47:08", "cumulative_total": 3.0 }, "geometry": { "type": "Polygon", "coordinates": [ [ [ -66.211611894913602, 50.265105574364554 ], [ -66.218069334297823, 50.268199495099516 ], [ -66.217118000024939, 50.273331022851913 ], [ -66.209707771592207, 50.275368438628746 ], [ -66.203250018112328, 50.2722740259197 ], [ -66.204202807057584, 50.267142689478661 ], [ -66.211611894913602, 50.265105574364554 ] ] ] } },
{ "type": "Feature", "properties": { "hex_id": 1203054, "centroid_lon": -66.216564017206863, "centroid_lat": 50.200433703077202, "occurrences_today": 1, "datetimes_today": "2026-07-25 05:47:08", "cumulative_total": 3.0 }, "geometry": { "type": "Polygon", "coordinates": [ [ [ -66.217512956503583, 50.195302118709478 ], [ -66.223961882765934, 50.198395230838457 ], [ -66.223013530895201, 50.203526901788045 ], [ -66.215614803603827, 50.205565269768542 ], [ -66.20916556427315, 50.202471666830469 ], [ -66.210115365199542, 50.19734018679155 ], [ -66.217512956503583, 50.195302118709478 ] ] ] } },
{ "type": "Feature", "properties": { "hex_id": 1203055, "centroid_lon": -66.213715553068099, "centroid_lat": 50.215828350102015, "occurrences_today": 1, "datetimes_today": "2026-07-25 05:47:08", "cumulative_total": 3.0 }, "geometry": { "type": "Polygon", "coordinates": [ [ [ -66.214665315591816, 50.210696818778487 ], [ -66.221116004583791, 50.2137901907059 ], [ -66.220166829937824, 50.218921808664135 ], [ -66.212765515929959, 50.220959863734109 ], [ -66.206314513726042, 50.21786600073294 ], [ -66.207265138639158, 50.212734573806181 ], [ -66.214665315591816, 50.210696818778487 ] ] ] } },
{ "type": "Feature", "properties": { "hex_id": 1203056, "centroid_lon": -66.210864617399139, "centroid_lat": 50.231222837903907, "occurrences_today": 1, "datetimes_today": "2026-07-25 05:47:08", "cumulative_total": 3.0 }, "geometry": { "type": "Polygon", "coordinates": [ [ [ -66.211815204074583, 50.226091359669745 ], [ -66.218267657151927, 50.229184991554199 ], [ -66.217317658806394, 50.234316556475967 ], [ -66.20991375580067, 50.236354298431522 ], [ -66.203460989367869, 50.233260175208493 ], [ -66.204412439193305, 50.228128801439148 ], [ -66.211815204074583, 50.226091359669745 ] ] ] } },
{ "type": "Feature", "properties": { "hex_id": 1203057, "centroid_lon": -66.208011207422885, "centroid_lat": 50.246617166347129, "occurrences_today": 1, "datetimes_today": "2026-07-25 05:47:08", "cumulative_total": 3.0 }, "geometry": { "type": "Polygon", "coordinates": [ [ [ -66.208962619176262, 50.241485741247615 ], [ -66.215416837695898, 50.244579633247902 ], [ -66.214466014725033, 50.249711145088014 ], [ -66.207059520437468, 50.251748573725024 ], [ -66.200604988418903, 50.248654190121144 ], [ -66.201557264083746, 50.243522869554539 ], [ -66.208962619176262, 50.241485741247615 ] ] ] } },
{ "type": "Feature", "properties": { "hex_id": 1203058, "centroid_lon": -66.205155320358031, "centroid_lat": 50.262011335295831, "occurrences_today": 1, "datetimes_today": "2026-07-25 05:47:08", "cumulative_total": 3.0 }, "geometry": { "type": "Polygon", "coordinates": [ [ [ -66.206107558116926, 50.256879963376278 ], [ -66.212563543436985, 50.259974115651367 ], [ -66.211611894913602, 50.265105574364554 ], [ -66.204202807057584, 50.267142689478661 ], [ -66.197746508095179, 50.264048045334761 ], [ -66.198699610527882, 50.258916778016307 ], [ -66.206107558116926, 50.256879963376278 ] ] ] } },
{ "type": "Feature", "properties": { "hex_id": 1203059, "centroid_lon": -66.202296953418909, "centroid_lat": 50.277405344613932, "occurrences_today": 1, "datetimes_today": "2026-07-25 05:47:08", "cumulative_total": 3.0 }, "geometry": { "type": "Polygon", "coordinates": [ [ [ -66.203250018112328, 50.2722740259197 ], [ -66.209707771592207, 50.275368438628746 ], [ -66.208755296587668, 50.280499844169682 ], [ -66.201343612873956, 50.282536645556256 ], [ -66.194885545608429, 50.279441740713011 ], [ -66.195839475738879, 50.274310526688161 ], [ -66.203250018112328, 50.2722740259197 ] ] ] } },
{ "type": "Feature", "properties": { "hex_id": 1203664, "centroid_lon": -66.211064891669167, "centroid_lat": 50.192208689058646, "occurrences_today": 1, "datetimes_today": "2026-07-25 05:47:08", "cumulative_total": 3.0 }, "geometry": { "type": "Polygon", "coordinates": [ [ [ -66.212014143784629, 50.187077173636759 ], [ -66.218461621596532, 50.190170516670371 ], [ -66.217512956503583, 50.195302118709478 ], [ -66.210115365199542, 50.19734018679155 ], [ -66.203667574770606, 50.194246353053707 ], [ -66.204617688160113, 50.189114942008551 ], [ -66.212014143784629, 50.187077173636759 ] ] ] } },
{ "type": "Feature", "properties": { "hex_id": 1203665, "centroid_lon": -66.20821548878726, "centroid_lat": 50.207603129170344, "occurrences_today": 1, "datetimes_today": "2026-07-25 05:47:08", "cumulative_total": 3.0 }, "geometry": { "type": "Polygon", "coordinates": [ [ [ -66.20916556427315, 50.202471666830469 ], [ -66.215614803603827, 50.205565269768542 ], [ -66.214665315591816, 50.210696818778487 ], [ -66.207265138639158, 50.212734573806181 ], [ -66.200815586548217, 50.209640479899328 ], [ -66.201766524067409, 50.204509122004119 ], [ -66.20916556427315, 50.202471666830469 ] ] ] } },
{ "type": "Feature", "properties": { "hex_id": 1203666, "centroid_lon": -66.205363613945053, "centroid_lat": 50.222997409945606, "occurrences_today": 1, "datetimes_today": "2026-07-25 05:47:08", "cumulative_total": 13.0 }, "geometry": { "type": "Polygon", "coordinates": [ [ [ -66.206314513726042, 50.21786600073294 ], [ -66.212765515929959, 50.220959863734109 ], [ -66.211815204074583, 50.226091359669745 ], [ -66.204412439193305, 50.228128801439148 ], [ -66.197961124086021, 50.225034447204443 ], [ -66.198912886660437, 50.219903142504506 ], [ -66.206314513726042, 50.21786600073294 ] ] ] } },
{ "type": "Feature", "properties": { "hex_id": 1203667, "centroid_lon": -66.202509264365688, "centroid_lat": 50.238391531248631, "occurrences_today": 1, "datetimes_today": "2026-07-25 05:47:08", "cumulative_total": 13.0 }, "geometry": { "type": "Polygon", "coordinates": [ [ [ -66.203460989367869, 50.233260175208493 ], [ -66.20991375580067, 50.236354298431522 ], [ -66.208962619176262, 50.241485741247615 ], [ -66.201557264083746, 50.243522869554539 ], [ -66.195104184604489, 50.240428254833041 ], [ -66.196056773161104, 50.235297003373745 ], [ -66.203460989367869, 50.233260175208493 ] ] ] } },
{ "type": "Feature", "properties": { "hex_id": 1203668, "centroid_lon": -66.199652437268014, "centroid_lat": 50.253785492943408, "occurrences_today": 1, "datetimes_today": "2026-07-25 05:47:08", "cumulative_total": 13.0 }, "geometry": { "type": "Polygon", "coordinates": [ [ [ -66.200604988418903, 50.248654190121144 ], [ -66.207059520437468, 50.251748573725024 ], [ -66.206107558116926, 50.256879963376278 ], [ -66.198699610527882, 50.258916778016307 ], [ -66.19224476531987, 50.255821902648862 ], [ -66.193198180787093, 50.250690704475637 ], [ -66.200604988418903, 50.248654190121144 ] ] ] } },
{ "type": "Feature", "properties": { "hex_id": 1203669, "centroid_lon": -66.196793129866649, "centroid_lat": 50.269179294893725, "occurrences_today": 1, "datetimes_today": "2026-07-25 05:47:08", "cumulative_total": 13.0 }, "geometry": { "type": "Polygon", "coordinates": [ [ [ -66.197746508095179, 50.264048045334761 ], [ -66.204202807057584, 50.267142689478661 ], [ -66.203250018112328, 50.2722740259197 ], [ -66.195839475738879, 50.274310526688161 ], [ -66.189382863444109, 50.27121539051543 ], [ -66.19033710675177, 50.26608424567381 ], [ -66.197746508095179, 50.264048045334761 ] ] ] } },
{ "type": "Feature", "properties": { "hex_id": 1203670, "centroid_lon": -66.193931339371844, "centroid_lat": 50.284572936963201, "occurrences_today": 1, "datetimes_today": "2026-07-25 05:47:08", "cumulative_total": 13.0 }, "geometry": { "type": "Polygon", "coordinates": [ [ [ -66.194885545608429, 50.279441740713011 ], [ -66.201343612873956, 50.282536645556256 ], [ -66.200389996374014, 50.287667928741655 ], [ -66.192976856925597, 50.289704115433658 ], [ -66.186518476184887, 50.286608718296108 ], [ -66.187473548264236, 50.281477626831645 ], [ -66.194885545608429, 50.279441740713011 ] ] ] } },
{ "type": "Feature", "properties": { "hex_id": 1204275, "centroid_lon": -66.202717186773953, "centroid_lat": 50.199377746387249, "occurrences_today": 1, "datetimes_today": "2026-07-25 05:47:08", "cumulative_total": 3.0 }, "geometry": { "type": "Polygon", "coordinates": [ [ [ -66.203667574770606, 50.194246353053707 ], [ -66.210115365199542, 50.19734018679155 ], [ -66.20916556427315, 50.202471666830469 ], [ -66.201766524067409, 50.204509122004119 ], [ -66.195318421329475, 50.201414797402478 ], [ -66.196269671003492, 50.196283508561507 ], [ -66.203667574770606, 50.194246353053707 ] ] ] } },
{ "type": "Feature", "properties": { "hex_id": 1204276, "centroid_lon": -66.199864374113517, "centroid_lat": 50.214771820067789, "occurrences_today": 1, "datetimes_today": "2026-07-25 05:47:08", "cumulative_total": 3.0 }, "geometry": { "type": "Polygon", "coordinates": [ [ [ -66.200815586548217, 50.209640479899328 ], [ -66.207265138639158, 50.212734573806181 ], [ -66.206314513726042, 50.21786600073294 ], [ -66.198912886660437, 50.219903142504506 ], [ -66.192463022117778, 50.216808557469179 ], [ -66.193415096989511, 50.211677321861352 ], [ -66.200815586548217, 50.209640479899328 ] ] ] } },
{ "type": "Feature", "properties": { "hex_id": 1204277, "centroid_lon": -66.197009086287252, "centroid_lat": 50.230165734162554, "occurrences_today": 1, "datetimes_today": "2026-07-25 05:47:08", "cumulative_total": 13.0 }, "geometry": { "type": "Polygon", "coordinates": [ [ [ -66.197961124086021, 50.225034447204443 ], [ -66.204412439193305, 50.228128801439148 ], [ -66.203460989367869, 50.233260175208493 ], [ -66.196056773161104, 50.235297003373745 ], [ -66.189605145459424, 50.232202157745775 ], [ -66.190558046455791, 50.227070975416453 ], [ -66.197961124086021, 50.225034447204443 ] ] ] } },
{ "type": "Feature", "properties": { "hex_id": 1204278, "centroid_lon": -66.194151320514223, "centroid_lat": 50.245559488535356, "occurrences_today": 1, "datetimes_today": "2026-07-25 05:47:08", "cumulative_total": 13.0 }, "geometry": { "type": "Polygon", "coordinates": [ [ [ -66.195104184604489, 50.240428254833041 ], [ -66.201557264083746, 50.243522869554539 ], [ -66.200604988418903, 50.248654190121144 ], [ -66.193198180787093, 50.250690704475637 ], [ -66.186744788570863, 50.247595598095856 ], [ -66.187698516620188, 50.242464469090535 ], [ -66.195104184604489, 50.240428254833041 ] ] ] } },
{ "type": "Feature", "properties": { "hex_id": 1204279, "centroid_lon": -66.191291074009214, "centroid_lat": 50.260953083049934, "occurrences_today": 1, "datetimes_today": "2026-07-25 05:47:08", "cumulative_total": 13.0 }, "geometry": { "type": "Polygon", "coordinates": [ [ [ -66.19224476531987, 50.255821902648862 ], [ -66.198699610527882, 50.258916778016307 ], [ -66.197746508095179, 50.264048045334761 ], [ -66.19033710675177, 50.26608424567381 ], [ -66.183881948664293, 50.262988878382878 ], [ -66.184836504696307, 50.257857802747097 ], [ -66.19224476531987, 50.255821902648862 ] ] ] } },
{ "type": "Feature", "properties": { "hex_id": 1204280, "centroid_lon": -66.188428343982793, "centroid_lat": 50.276346517569742, "occurrences_today": 1, "datetimes_today": "2026-07-25 05:47:08", "cumulative_total": 13.0 }, "geometry": { "type": "Polygon", "coordinates": [ [ [ -66.189382863444109, 50.27121539051543 ], [ -66.195839475738879, 50.274310526688161 ], [ -66.194885545608429, 50.279441740713011 ], [ -66.187473548264236, 50.281477626831645 ], [ -66.181016622947567, 50.278381998470053 ], [ -66.181972007893464, 50.273250976249429 ], [ -66.189382863444109, 50.27121539051543 ] ] ] } },
{ "type": "Feature", "properties": { "hex_id": 1204885, "centroid_lon": -66.197220645817325, "centroid_lat": 50.19115220198627, "occurrences_today": 1, "datetimes_today": "2026-07-25 05:47:08", "cumulative_total": 3.0 }, "geometry": { "type": "Polygon", "coordinates": [ [ [ -66.198171345873774, 50.186020877681763 ], [ -66.204617688160113, 50.189114942008551 ], [ -66.203667574770606, 50.194246353053707 ], [ -66.196269671003492, 50.196283508561507 ], [ -66.189823016859009, 50.193188953475854 ], [ -66.190774578237026, 50.188057733711787 ], [ -66.198171345873774, 50.186020877681763 ] ] ] } },
{ "type": "Feature", "properties": { "hex_id": 1204886, "centroid_lon": -66.194366896692443, "centroid_lat": 50.206546068504089, "occurrences_today": 1, "datetimes_today": "2026-07-25 05:47:08", "cumulative_total": 3.0 }, "geometry": { "type": "Polygon", "coordinates": [ [ [ -66.195318421329475, 50.201414797402478 ], [ -66.201766524067409, 50.204509122004119 ], [ -66.200815586548217, 50.209640479899328 ], [ -66.193415096989511, 50.211677321861352 ], [ -66.186966682251082, 50.208582506236269 ], [ -66.187919068968924, 50.203451339743147 ], [ -66.195318421329475, 50.201414797402478 ] ] ] } },
{ "type": "Feature", "properties": { "hex_id": 1204888, "centroid_lon": -66.188651968881956, "centroid_lat": 50.237333322305481, "occurrences_today": 1, "datetimes_today": "2026-07-25 05:47:08", "cumulative_total": 13.0 }, "geometry": { "type": "Polygon", "coordinates": [ [ [ -66.189605145459424, 50.232202157745775 ], [ -66.196056773161104, 50.235297003373745 ], [ -66.195104184604489, 50.240428254833041 ], [ -66.187698516620188, 50.242464469090535 ], [ -66.181246576633569, 50.239369131909491 ], [ -66.182200616812949, 50.234238072094655 ], [ -66.189605145459424, 50.232202157745775 ] ] ] } },
{ "type": "Feature", "properties": { "hex_id": 1204889, "centroid_lon": -66.185790784630697, "centroid_lat": 50.252726709316391, "occurrences_today": 1, "datetimes_today": "2026-07-25 05:47:08", "cumulative_total": 13.0 }, "geometry": { "type": "Polygon", "coordinates": [ [ [ -66.186744788570863, 50.247595598095856 ], [ -66.193198180787093, 50.250690704475637 ], [ -66.19224476531987, 50.255821902648862 ], [ -66.184836504696307, 50.257857802747097 ], [ -66.178382800053058, 50.254762204549145 ], [ -66.179337668356993, 50.249631198141806 ], [ -66.186744788570863, 50.247595598095856 ] ] ] } },
{ "type": "Feature", "properties": { "hex_id": 1204890, "centroid_lon": -66.182927116431188, "centroid_lat": 50.26811993621866, "occurrences_today": 1, "datetimes_today": "2026-07-25 05:47:08", "cumulative_total": 13.0 }, "geometry": { "type": "Polygon", "coordinates": [ [ [ -66.183881948664293, 50.262988878382878 ], [ -66.19033710675177, 50.26608424567381 ], [ -66.189382863444109, 50.27121539051543 ], [ -66.181972007893464, 50.273250976249429 ], [ -66.175516537236916, 50.270155116875074 ], [ -66.176472234596545, 50.265024163920856 ], [ -66.183881948664293, 50.262988878382878 ] ] ] } },
{ "type": "Feature", "properties": { "hex_id": 1204891, "centroid_lon": -66.180060961489858, "centroid_lat": 50.283513002875488, "occurrences_today": 1, "datetimes_today": "2026-07-25 05:47:08", "cumulative_total": 13.0 }, "geometry": { "type": "Polygon", "coordinates": [ [ [ -66.181016622947567, 50.278381998470053 ], [ -66.187473548264236, 50.281477626831645 ], [ -66.186518476184887, 50.286608718296108 ], [ -66.179105023416668, 50.288643989460631 ], [ -66.172647785388975, 50.285547868750164 ], [ -66.173604312736828, 50.280416969294798 ], [ -66.181016622947567, 50.278381998470053 ] ] ] } },
{ "type": "Feature", "properties": { "hex_id": 1205496, "centroid_lon": -66.188871180470599, "centroid_lat": 50.198320155487998, "occurrences_today": 1, "datetimes_today": "2026-07-25 05:47:08", "cumulative_total": 3.0 }, "geometry": { "type": "Polygon", "coordinates": [ [ [ -66.189823016859009, 50.193188953475854 ], [ -66.196269671003492, 50.196283508561507 ], [ -66.195318421329475, 50.201414797402478 ], [ -66.187919068968924, 50.203451339743147 ], [ -66.181472103274757, 50.200356293739112 ], [ -66.18242480138791, 50.195225196383305 ], [ -66.189823016859009, 50.193188953475854 ] ] ] } },
{ "type": "Feature", "properties": { "hex_id": 1205498, "centroid_lon": -66.183154381157479, "centroid_lat": 50.229106994487474, "occurrences_today": 1, "datetimes_today": "2026-07-25 05:47:08", "cumulative_total": 13.0 }, "geometry": { "type": "Polygon", "coordinates": [ [ [ -66.184107869770386, 50.22397589909297 ], [ -66.190558046455791, 50.227070975416453 ], [ -66.189605145459424, 50.232202157745775 ], [ -66.182200616812949, 50.234238072094655 ], [ -66.175750128294226, 50.231142504323344 ], [ -66.176704480152068, 50.226011513721588 ], [ -66.184107869770386, 50.22397589909297 ] ] ] } },
{ "type": "Feature", "properties": { "hex_id": 1205499, "centroid_lon": -66.18029226051604, "centroid_lat": 50.244500173926887, "occurrences_today": 1, "datetimes_today": "2026-07-25 05:47:08", "cumulative_total": 13.0 }, "geometry": { "type": "Polygon", "coordinates": [ [ [ -66.181246576633569, 50.239369131909491 ], [ -66.187698516620188, 50.242464469090535 ], [ -66.186744788570863, 50.247595598095856 ], [ -66.179337668356993, 50.249631198141806 ], [ -66.17288541639536, 50.246535369247937 ], [ -66.173840596519241, 50.241404432091592 ], [ -66.181246576633569, 50.239369131909491 ] ] ] } },
{ "type": "Feature", "properties": { "hex_id": 1205500, "centroid_lon": -66.177427655500736, "centroid_lat": 50.259893193143853, "occurrences_today": 1, "datetimes_today": "2026-07-25 05:47:08", "cumulative_total": 13.0 }, "geometry": { "type": "Polygon", "coordinates": [ [ [ -66.178382800053058, 50.254762204549145 ], [ -66.184836504696307, 50.257857802747097 ], [ -66.183881948664293, 50.262988878382878 ], [ -66.176472234596545, 50.265024163920856 ], [ -66.170018217836628, 50.261928073744919 ], [ -66.170974227157586, 50.256797190079681 ], [ -66.178382800053058, 50.254762204549145 ] ] ] } },
{ "type": "Feature", "properties": { "hex_id": 1205501, "centroid_lon": -66.174560563318224, "centroid_lat": 50.275286052001412, "occurrences_today": 1, "datetimes_today": "2026-07-25 05:47:08", "cumulative_total": 13.0 }, "geometry": { "type": "Polygon", "coordinates": [ [ [ -66.175516537236916, 50.270155116875074 ], [ -66.181972007893464, 50.273250976249429 ], [ -66.181016622947567, 50.278381998470053 ], [ -66.173604312736828, 50.280416969294798 ], [ -66.167148529822072, 50.277320617677084 ], [ -66.168105369272553, 50.272189787548704 ], [ -66.175516537236916, 50.270155116875074 ] ] ] } },
{ "type": "Feature", "properties": { "hex_id": 1206106, "centroid_lon": -66.18337722423766, "centroid_lat": 50.190094081252866, "occurrences_today": 1, "datetimes_today": "2026-07-25 05:47:08", "cumulative_total": 3.0 }, "geometry": { "type": "Polygon", "coordinates": [ [ [ -66.184329371926907, 50.184962948352833 ], [ -66.190774578237026, 50.188057733711787 ], [ -66.189823016859009, 50.193188953475854 ], [ -66.18242480138791, 50.195225196383305 ], [ -66.175979283978492, 50.192129920211009 ], [ -66.176932293036572, 50.186998892015097 ], [ -66.184329371926907, 50.184962948352833 ] ] ] } },
{ "type": "Feature", "properties": { "hex_id": 1206107, "centroid_lon": -66.180519129795243, "centroid_lat": 50.205487373315215, "occurrences_today": 1, "datetimes_today": "2026-07-25 05:47:08", "cumulative_total": 23.0 }, "geometry": { "type": "Polygon", "coordinates": [ [ [ -66.181472103274757, 50.200356293739112 ], [ -66.187919068968924, 50.203451339743147 ], [ -66.186966682251082, 50.208582506236269 ], [ -66.179565880846297, 50.210618435106589 ], [ -66.173118603911377, 50.207522898024678 ], [ -66.174072439518937, 50.202391923220851 ], [ -66.181472103274757, 50.200356293739112 ] ] ] } },
{ "type": "Feature", "properties": { "hex_id": 1206108, "centroid_lon": -66.177658556127881, "centroid_lat": 50.220880505314831, "occurrences_today": 1, "datetimes_today": "2026-07-25 05:47:08", "cumulative_total": 13.0 }, "geometry": { "type": "Polygon", "coordinates": [ [ [ -66.178612356324891, 50.21574947910814 ], [ -66.185061082754871, 50.218844785916225 ], [ -66.184107869770386, 50.22397589909297 ], [ -66.176704480152068, 50.226011513721588 ], [ -66.170255442339965, 50.222915715570899 ], [ -66.171210105425104, 50.217784794204753 ], [ -66.178612356324891, 50.21574947910814 ] ] ] } },
{ "type": "Feature", "properties": { "hex_id": 1206109, "centroid_lon": -66.174795500451069, "centroid_lat": 50.236273477115034, "occurrences_today": 1, "datetimes_today": "2026-07-25 05:47:08", "cumulative_total": 13.0 }, "geometry": { "type": "Polygon", "coordinates": [ [ [ -66.175750128294226, 50.231142504323344 ], [ -66.182200616812949, 50.234238072094655 ], [ -66.181246576633569, 50.239369131909491 ], [ -66.173840596519241, 50.241404432091592 ], [ -66.167389796477067, 50.238308372712787 ], [ -66.168345287969316, 50.233177504829982 ], [ -66.175750128294226, 50.231142504323344 ] ] ] } },
{ "type": "Feature", "properties": { "hex_id": 1206110, "centroid_lon": -66.171929959975984, "centroid_lat": 50.251666288578988, "occurrences_today": 1, "datetimes_today": "2026-07-25 05:47:08", "cumulative_total": 13.0 }, "geometry": { "type": "Polygon", "coordinates": [ [ [ -66.17288541639536, 50.246535369247937 ], [ -66.179337668356993, 50.249631198141806 ], [ -66.178382800053058, 50.254762204549145 ], [ -66.170974227157586, 50.256797190079681 ], [ -66.164521663531289, 50.253700869313235 ], [ -66.165477984361587, 50.248570054959494 ], [ -66.17288541639536, 50.246535369247937 ] ] ] } },
{ "type": "Feature", "properties": { "hex_id": 1206111, "centroid_lon": -66.169061931909511, "centroid_lat": 50.267058939569615, "occurrences_today": 1, "datetimes_today": "2026-07-25 05:47:08", "cumulative_total": 13.0 }, "geometry": { "type": "Polygon", "coordinates": [ [ [ -66.170018217836628, 50.261928073744919 ], [ -66.176472234596545, 50.265024163920856 ], [ -66.175516537236916, 50.270155116875074 ], [ -66.168105369272553, 50.272189787548704 ], [ -66.161651040706815, 50.269093205234938 ], [ -66.162608191807578, 50.263962444456041 ], [ -66.170018217836628, 50.261928073744919 ] ] ] } },
{ "type": "Feature", "properties": { "hex_id": 1206112, "centroid_lon": -66.166191413454271, "centroid_lat": 50.282451429949674, "occurrences_today": 1, "datetimes_today": "2026-07-25 05:47:08", "cumulative_total": 13.0 }, "geometry": { "type": "Polygon", "coordinates": [ [ [ -66.167148529822072, 50.277320617677084 ], [ -66.173604312736828, 50.280416969294798 ], [ -66.172647785388975, 50.285547868750164 ], [ -66.165234020065327, 50.287582224361351 ], [ -66.158777925203665, 50.284485380340364 ], [ -66.159735907508718, 50.279354673182191 ], [ -66.167148529822072, 50.277320617677084 ] ] ] } },
{ "type": "Feature", "properties": { "hex_id": 1206717, "centroid_lon": -66.175025999506943, "centroid_lat": 50.197260930614618, "occurrences_today": 1, "datetimes_today": "2026-07-25 05:47:08", "cumulative_total": 3.0 }, "geometry": { "type": "Polygon", "coordinates": [ [ [ -66.175979283978492, 50.192129920211009 ], [ -66.18242480138791, 50.195225196383305 ], [ -66.181472103274757, 50.200356293739112 ], [ -66.174072439518937, 50.202391923220851 ], [ -66.167626611319122, 50.199296156075803 ], [ -66.168580757562481, 50.194165250492247 ], [ -66.175979283978492, 50.192129920211009 ] ] ] } },
{ "type": "Feature", "properties": { "hex_id": 1206719, "centroid_lon": -66.169300503222473, "centroid_lat": 50.228046619114338, "occurrences_today": 1, "datetimes_today": "2026-07-25 05:47:08", "cumulative_total": 13.0 }, "geometry": { "type": "Polygon", "coordinates": [ [ [ -66.170255442339965, 50.222915715570899 ], [ -66.176704480152068, 50.226011513721588 ], [ -66.175750128294226, 50.231142504323344 ], [ -66.168345287969316, 50.233177504829982 ], [ -66.161895939084928, 50.230081215177101 ], [ -66.162851741494379, 50.224950416590353 ], [ -66.170255442339965, 50.222915715570899 ] ] ] } },
{ "type": "Feature", "properties": { "hex_id": 1206720, "centroid_lon": -66.166434028642328, "centroid_lat": 50.243439222757658, "occurrences_today": 1, "datetimes_today": "2026-07-25 05:47:08", "cumulative_total": 13.0 }, "geometry": { "type": "Polygon", "coordinates": [ [ [ -66.167389796477067, 50.238308372712787 ], [ -66.173840596519241, 50.241404432091592 ], [ -66.17288541639536, 50.246535369247937 ], [ -66.165477984361587, 50.248570054959494 ], [ -66.159026873106299, 50.245473503813514 ], [ -66.159983504994401, 50.240342758793766 ], [ -66.167389796477067, 50.238308372712787 ] ] ] } },
{ "type": "Feature", "properties": { "hex_id": 1206721, "centroid_lon": -66.163565066047823, "centroid_lat": 50.25883166581378, "occurrences_today": 1, "datetimes_today": "2026-07-25 05:47:08", "cumulative_total": 13.0 }, "geometry": { "type": "Polygon", "coordinates": [ [ [ -66.164521663531289, 50.253700869313235 ], [ -66.170974227157586, 50.256797190079681 ], [ -66.170018217836628, 50.261928073744919 ], [ -66.162608191807578, 50.263962444456041 ], [ -66.156155316827409, 50.260865631657261 ], [ -66.157112779126479, 50.255734940250356 ], [ -66.164521663531289, 50.253700869313235 ] ] ] } },
{ "type": "Feature", "properties": { "hex_id": 1206722, "centroid_lon": -66.160693612641793, "centroid_lat": 50.274223948145355, "occurrences_today": 1, "datetimes_today": "2026-07-25 05:47:08", "cumulative_total": 13.0 }, "geometry": { "type": "Polygon", "coordinates": [ [ [ -66.161651040706815, 50.269093205234938 ], [ -66.168105369272553, 50.272189787548704 ], [ -66.167148529822072, 50.277320617677084 ], [ -66.159735907508718, 50.279354673182191 ], [ -66.153281267448449, 50.27625759857073 ], [ -66.154239561092226, 50.271126960822549 ], [ -66.161651040706815, 50.269093205234938 ] ] ] } },
{ "type": "Feature", "properties": { "hex_id": 1207327, "centroid_lon": -66.169534628139374, "centroid_lat": 50.189034327093665, "occurrences_today": 1, "datetimes_today": "2026-07-25 05:47:08", "cumulative_total": 3.0 }, "geometry": { "type": "Polygon", "coordinates": [ [ [ -66.17048822315283, 50.18390338588511 ], [ -66.176932293036572, 50.186998892015097 ], [ -66.175979283978492, 50.192129920211009 ], [ -66.168580757562481, 50.194165250492247 ], [ -66.162136377338285, 50.191069253494611 ], [ -66.163090833767541, 50.185938417153842 ], [ -66.17048822315283, 50.18390338588511 ] ] ] } },
{ "type": "Feature", "properties": { "hex_id": 1207329, "centroid_lon": -66.163807267617869, "centroid_lat": 50.219819600158104, "occurrences_today": 1, "datetimes_today": "2026-07-25 05:47:08", "cumulative_total": 3.0 }, "geometry": { "type": "Polygon", "coordinates": [ [ [ -66.164762517558799, 50.214688765885448 ], [ -66.171210105425104, 50.217784794204753 ], [ -66.170255442339965, 50.222915715570899 ], [ -66.162851741494379, 50.224950416590353 ], [ -66.156403843006544, 50.221853896874158 ], [ -66.15735995588247, 50.216723167605934 ], [ -66.164762517558799, 50.214688765885448 ] ] ] } },
{ "type": "Feature", "properties": { "hex_id": 1207330, "centroid_lon": -66.160939860286106, "centroid_lat": 50.235211995913261, "occurrences_today": 1, "datetimes_today": "2026-07-25 05:47:08", "cumulative_total": 13.0 }, "geometry": { "type": "Polygon", "coordinates": [ [ [ -66.161895939084928, 50.230081215177101 ], [ -66.168345287969316, 50.233177504829982 ], [ -66.167389796477067, 50.238308372712787 ], [ -66.159983504994401, 50.240342758793766 ], [ -66.153533845348065, 50.237245977479105 ], [ -66.154490787842832, 50.232115301815824 ], [ -66.161895939084928, 50.230081215177101 ] ] ] } },
{ "type": "Feature", "properties": { "hex_id": 1207331, "centroid_lon": -66.158069964518205, "centroid_lat": 50.250604230967397, "occurrences_today": 1, "datetimes_today": "2026-07-25 05:47:08", "cumulative_total": 13.0 }, "geometry": { "type": "Polygon", "coordinates": [ [ [ -66.159026873106299, 50.245473503813514 ], [ -66.165477984361587, 50.248570054959494 ], [ -66.164521663531289, 50.253700869313235 ], [ -66.157112779126479, 50.255734940250356 ], [ -66.150661356968897, 50.252637897177522 ], [ -66.151619130014751, 50.247507275165049 ], [ -66.159026873106299, 50.245473503813514 ] ] ] } },
{ "type": "Feature", "properties": { "hex_id": 1207332, "centroid_lon": -66.155197577517271, "centroid_lat": 50.265996305183016, "occurrences_today": 1, "datetimes_today": "2026-07-25 05:47:08", "cumulative_total": 13.0 }, "geometry": { "type": "Polygon", "coordinates": [ [ [ -66.156155316827409, 50.260865631657261 ], [ -66.162608191807578, 50.263962444456041 ], [ -66.161651040706815, 50.269093205234938 ], [ -66.154239561092226, 50.271126960822549 ], [ -66.147786375069458, 50.26802965583169 ], [ -66.148744979600067, 50.262899087515947 ], [ -66.156155316827409, 50.260865631657261 ] ] ] } },
{ "type": "Feature", "properties": { "hex_id": 1207333, "centroid_lon": -66.152322696482003, "centroid_lat": 50.281388218422464, "occurrences_today": 1, "datetimes_today": "2026-07-25 05:47:08", "cumulative_total": 13.0 }, "geometry": { "type": "Polygon", "coordinates": [ [ [ -66.153281267448449, 50.27625759857073 ], [ -66.159735907508718, 50.279354673182191 ], [ -66.158777925203665, 50.284485380340364 ], [ -66.151363848088948, 50.286518820372606 ], [ -66.144908896845905, 50.283421253303622 ], [ -66.145868333796358, 50.278290738730632 ], [ -66.153281267448449, 50.27625759857073 ] ] ] } },
{ "type": "Feature", "properties": { "hex_id": 1207938, "centroid_lon": -66.161181645092682, "centroid_lat": 50.196200072002647, "occurrences_today": 1, "datetimes_today": "2026-07-25 05:47:08", "cumulative_total": 3.0 }, "geometry": { "type": "Polygon", "coordinates": [ [ [ -66.162136377338285, 50.191069253494611 ], [ -66.168580757562481, 50.194165250492247 ], [ -66.167626611319122, 50.199296156075803 ], [ -66.160226636927533, 50.201330872672862 ], [ -66.153781946672211, 50.198234384648231 ], [ -66.154737540736434, 50.193103671123986 ], [ -66.162136377338285, 50.191069253494611 ] ] ] } },
{ "type": "Feature", "properties": { "hex_id": 1207939, "centroid_lon": -66.158315792425725, "centroid_lat": 50.211592420479597, "occurrences_today": 1, "datetimes_today": "2026-07-25 05:47:08", "cumulative_total": 3.0 }, "geometry": { "type": "Polygon", "coordinates": [ [ [ -66.159271352739637, 50.206461655500206 ], [ -66.165717491420466, 50.209557913777473 ], [ -66.164762517558799, 50.214688765885448 ], [ -66.15735995588247, 50.216723167605934 ], [ -66.150913507030396, 50.21362641803708 ], [ -66.151869929922526, 50.208495758109876 ], [ -66.159271352739637, 50.206461655500206 ] ] ] } },
{ "type": "Feature", "properties": { "hex_id": 1207940, "centroid_lon": -66.155447453694492, "centroid_lat": 50.226984608279153, "occurrences_today": 1, "datetimes_today": "2026-07-25 05:47:08", "cumulative_total": 13.0 }, "geometry": { "type": "Polygon", "coordinates": [ [ [ -66.156403843006544, 50.221853896874158 ], [ -66.162851741494379, 50.224950416590353 ], [ -66.161895939084928, 50.230081215177101 ], [ -66.154490787842832, 50.232115301815824 ], [ -66.148042579043732, 50.229018290543245 ], [ -66.148999831694496, 50.223887684258877 ], [ -66.156403843006544, 50.221853896874158 ] ] ] } },
{ "type": "Feature", "properties": { "hex_id": 1207941, "centroid_lon": -66.15257662610658, "centroid_lat": 50.242376635263881, "occurrences_today": 1, "datetimes_today": "2026-07-25 05:47:08", "cumulative_total": 13.0 }, "geometry": { "type": "Polygon", "coordinates": [ [ [ -66.153533845348065, 50.237245977479105 ], [ -66.159983504994401, 50.240342758793766 ], [ -66.159026873106299, 50.245473503813514 ], [ -66.151619130014751, 50.247507275165049 ], [ -66.145169159917188, 50.244410002029028 ], [ -66.146127243258732, 50.239279449433425 ], [ -66.153533845348065, 50.237245977479105 ] ] ] } },
{ "type": "Feature", "properties": { "hex_id": 1207942, "centroid_lon": -66.149703306865263, "centroid_lat": 50.257768501296184, "occurrences_today": 1, "datetimes_today": "2026-07-25 05:47:08", "cumulative_total": 13.0 }, "geometry": { "type": "Polygon", "coordinates": [ [ [ -66.150661356968897, 50.252637897177522 ], [ -66.157112779126479, 50.255734940250356 ], [ -66.156155316827409, 50.260865631657261 ], [ -66.148744979600067, 50.262899087515947 ], [ -66.142293246851395, 50.259801552356606 ], [ -66.14325216181733, 50.254671053495734 ], [ -66.150661356968897, 50.252637897177522 ] ] ] } },
{ "type": "Feature", "properties": { "hex_id": 1207943, "centroid_lon": -66.146827493169553, "centroid_lat": 50.273160206238288, "occurrences_today": 1, "datetimes_today": "2026-07-25 05:47:08", "cumulative_total": 13.0 }, "geometry": { "type": "Polygon", "coordinates": [ [ [ -66.147786375069458, 50.26802965583169 ], [ -66.154239561092226, 50.271126960822549 ], [ -66.153281267448449, 50.27625759857073 ], [ -66.145868333796358, 50.278290738730632 ], [ -66.139414837042722, 50.275192941387921 ], [ -66.140374584568079, 50.270062496307823 ], [ -66.147786375069458, 50.26802965583169 ] ] ] } },
{ "type": "Feature", "properties": { "hex_id": 1208548, "centroid_lon": -66.155692858731257, "centroid_lat": 50.187972939744249, "occurrences_today": 1, "datetimes_today": "2026-07-25 05:47:08", "cumulative_total": 3.0 }, "geometry": { "type": "Polygon", "coordinates": [ [ [ -66.156647900759936, 50.182842190514087 ], [ -66.163090833767541, 50.185938417153842 ], [ -66.162136377338285, 50.191069253494611 ], [ -66.154737540736434, 50.193103671123986 ], [ -66.148294298147192, 50.190006953562424 ], [ -66.149250201638253, 50.184876309363716 ], [ -66.156647900759936, 50.182842190514087 ] ] ] } },
{ "type": "Feature", "properties": { "hex_id": 1208549, "centroid_lon": -66.152826076435346, "centroid_lat": 50.203365080311883, "occurrences_today": 1, "datetimes_today": "2026-07-25 05:47:08", "cumulative_total": 3.0 }, "geometry": { "type": "Polygon", "coordinates": [ [ [ -66.153781946672211, 50.198234384648231 ], [ -66.160226636927533, 50.201330872672862 ], [ -66.159271352739637, 50.206461655500206 ], [ -66.151869929922526, 50.208495758109876 ], [ -66.145424929945847, 50.20539877889891 ], [ -66.146381662404295, 50.200268188335109 ], [ -66.153781946672211, 50.198234384648231 ] ] ] } },
{ "type": "Feature", "properties": { "hex_id": 1208550, "centroid_lon": -66.149956807655542, "centroid_lat": 50.21875706008845, "occurrences_today": 1, "datetimes_today": "2026-07-25 05:47:08", "cumulative_total": 3.0 }, "geometry": { "type": "Polygon", "coordinates": [ [ [ -66.150913507030396, 50.21362641803708 ], [ -66.15735995588247, 50.216723167605934 ], [ -66.156403843006544, 50.221853896874158 ], [ -66.148999831694496, 50.223887684258877 ], [ -66.142553072981428, 50.220790443239004 ], [ -66.143510635337904, 50.215659906355967 ], [ -66.150913507030396, 50.21362641803708 ] ] ] } },
{ "type": "Feature", "properties": { "hex_id": 1208551, "centroid_lon": -66.147085049599696, "centroid_lat": 50.234148878936459, "occurrences_today": 1, "datetimes_today": "2026-07-25 05:47:08", "cumulative_total": 13.0 }, "geometry": { "type": "Polygon", "coordinates": [ [ [ -66.148042579043732, 50.229018290543245 ], [ -66.154490787842832, 50.232115301815824 ], [ -66.153533845348065, 50.237245977479105 ], [ -66.146127243258732, 50.239279449433425 ], [ -66.139678724459102, 50.236181946444944 ], [ -66.140637117645667, 50.231051463288601 ], [ -66.148042579043732, 50.229018290543245 ] ] ] } },
{ "type": "Feature", "properties": { "hex_id": 1208552, "centroid_lon": -66.14421079947131, "centroid_lat": 50.249540536718172, "occurrences_today": 1, "datetimes_today": "2026-07-25 05:47:08", "cumulative_total": 13.0 }, "geometry": { "type": "Polygon", "coordinates": [ [ [ -66.145169159917188, 50.244410002029028 ], [ -66.151619130014751, 50.247507275165049 ], [ -66.150661356968897, 50.252637897177522 ], [ -66.14325216181733, 50.254671053495734 ], [ -66.136801881579771, 50.251573288378772 ], [ -66.13776110652995, 50.246442858995152 ], [ -66.145169159917188, 50.244410002029028 ] ] ] } },
{ "type": "Feature", "properties": { "hex_id": 1208553, "centroid_lon": -66.141334054469624, "centroid_lat": 50.264932033295665, "occurrences_today": 1, "datetimes_today": "2026-07-25 05:47:08", "cumulative_total": 13.0 }, "geometry": { "type": "Polygon", "coordinates": [ [ [ -66.142293246851395, 50.259801552356606 ], [ -66.148744979600067, 50.262899087515947 ], [ -66.147786375069458, 50.26802965583169 ], [ -66.140374584568079, 50.270062496307823 ], [ -66.133922541540002, 50.266964468902316 ], [ -66.134882599188757, 50.26183409333747 ], [ -66.142293246851395, 50.259801552356606 ] ] ] } },
{ "type": "Feature", "properties": { "hex_id": 1208554, "centroid_lon": -66.138454811789543, "centroid_lat": 50.280323368530858, "occurrences_today": 1, "datetimes_today": "2026-07-25 05:47:08", "cumulative_total": 13.0 }, "geometry": { "type": "Polygon", "coordinates": [ [ [ -66.139414837042722, 50.275192941387921 ], [ -66.145868333796358, 50.278290738730632 ], [ -66.144908896845905, 50.283421253303622 ], [ -66.137494508704421, 50.28545377773149 ], [ -66.131040701532072, 50.282355487877197 ], [ -66.132001592815783, 50.277225166177303 ], [ -66.139414837042722, 50.275192941387921 ] ] ] } },
{ "type": "Feature", "properties": { "hex_id": 1209159, "centroid_lon": -66.147338118436963, "centroid_lat": 50.19513757988792, "occurrences_today": 1, "datetimes_today": "2026-07-25 05:47:08", "cumulative_total": 3.0 }, "geometry": { "type": "Polygon", "coordinates": [ [ [ -66.148294298147192, 50.190006953562424 ], [ -66.154737540736434, 50.193103671123986 ], [ -66.153781946672211, 50.198234384648231 ], [ -66.146381662404295, 50.200268188335109 ], [ -66.139938110543156, 50.197170979692494 ], [ -66.140895152118489, 50.192040458514505 ], [ -66.148294298147192, 50.190006953562424 ] ] ] } },
{ "type": "Feature", "properties": { "hex_id": 1209160, "centroid_lon": -66.144467920958206, "centroid_lat": 50.210529351574223, "occurrences_today": 1, "datetimes_today": "2026-07-25 05:47:08", "cumulative_total": 3.0 }, "geometry": { "type": "Polygon", "coordinates": [ [ [ -66.145424929945847, 50.20539877889891 ], [ -66.151869929922526, 50.208495758109876 ], [ -66.150913507030396, 50.21362641803708 ], [ -66.143510635337904, 50.215659906355967 ], [ -66.137065325950104, 50.212562435799363 ], [ -66.138023197562447, 50.207431968340039 ], [ -66.145424929945847, 50.20539877889891 ] ] ] } },
{ "type": "Feature", "properties": { "hex_id": 1209161, "centroid_lon": -66.141595233785225, "centroid_lat": 50.225920962218268, "occurrences_today": 1, "datetimes_today": "2026-07-25 05:47:08", "cumulative_total": 3.0 }, "geometry": { "type": "Polygon", "coordinates": [ [ [ -66.142553072981428, 50.220790443239004 ], [ -66.148999831694496, 50.223887684258877 ], [ -66.148042579043732, 50.229018290543245 ], [ -66.140637117645667, 50.231051463288601 ], [ -66.13419004938234, 50.227953730658321 ], [ -66.135148751963698, 50.222823316963627 ], [ -66.142553072981428, 50.220790443239004 ] ] ] } },
{ "type": "Feature", "properties": { "hex_id": 1209162, "centroid_lon": -66.138720054121791, "centroid_lat": 50.241312411682166, "occurrences_today": 1, "datetimes_today": "2026-07-25 05:47:08", "cumulative_total": 13.0 }, "geometry": { "type": "Polygon", "coordinates": [ [ [ -66.139678724459102, 50.236181946444944 ], [ -66.146127243258732, 50.239279449433425 ], [ -66.145169159917188, 50.244410002029028 ], [ -66.13776110652995, 50.246442858995152 ], [ -66.13131227804098, 50.243344864131302 ], [ -66.132271812524777, 50.238214504247281 ], [ -66.139678724459102, 50.236181946444944 ] ] ] } },
{ "type": "Feature", "properties": { "hex_id": 1209163, "centroid_lon": -66.135842379167343, "centroid_lat": 50.256703699827924, "occurrences_today": 1, "datetimes_today": "2026-07-25 05:47:08", "cumulative_total": 13.0 }, "geometry": { "type": "Polygon", "coordinates": [ [ [ -66.136801881579771, 50.251573288378772 ], [ -66.14325216181733, 50.254671053495734 ], [ -66.142293246851395, 50.259801552356606 ], [ -66.134882599188757, 50.26183409333747 ], [ -66.128432009122847, 50.25873583608 ], [ -66.129392376443974, 50.253605530052788 ], [ -66.136801881579771, 50.251573288378772 ] ] ] } },
{ "type": "Feature", "properties": { "hex_id": 1209164, "centroid_lon": -66.132962206117043, "centroid_lat": 50.272094826517304, "occurrences_today": 1, "datetimes_today": "2026-07-25 05:47:08", "cumulative_total": 13.0 }, "geometry": { "type": "Polygon", "coordinates": [ [ [ -66.133922541540002, 50.266964468902316 ], [ -66.140374584568079, 50.270062496307823 ], [ -66.139414837042722, 50.275192941387921 ], [ -66.132001592815783, 50.277225166177303 ], [ -66.125549239820472, 50.274126646365957 ], [ -66.126510440915226, 50.268996394241718 ], [ -66.133922541540002, 50.266964468902316 ] ] ] } },
{ "type": "Feature", "properties": { "hex_id": 1209165, "centroid_lon": -66.130079532161716, "centroid_lat": 50.287485791611843, "occurrences_today": 1, "datetimes_today": "2026-07-25 05:47:08", "cumulative_total": 13.0 }, "geometry": { "type": "Polygon", "coordinates": [ [ [ -66.131040701532072, 50.282355487877197 ], [ -66.137494508704421, 50.28545377773149 ], [ -66.136533927683203, 50.290584168984708 ], [ -66.129118084600435, 50.292616077376096 ], [ -66.122663967322012, 50.289517294850477 ], [ -66.123626003128138, 50.284387096675474 ], [ -66.131040701532072, 50.282355487877197 ] ] ] } },
{ "type": "Feature", "properties": { "hex_id": 1209769, "centroid_lon": -66.141851917221672, "centroid_lat": 50.186909919440495, "occurrences_today": 1, "datetimes_today": "2026-07-25 05:47:08", "cumulative_total": 3.0 }, "geometry": { "type": "Polygon", "coordinates": [ [ [ -66.142808405956075, 50.181779362475574 ], [ -66.149250201638253, 50.184876309363716 ], [ -66.148294298147192, 50.190006953562424 ], [ -66.140895152118489, 50.192040458514505 ], [ -66.134453047613434, 50.188943020650569 ], [ -66.135410397856617, 50.183812568880747 ], [ -66.142808405956075, 50.181779362475574 ] ] ] } },
{ "type": "Feature", "properties": { "hex_id": 1209770, "centroid_lon": -66.138980792392289, "centroid_lat": 50.202301482969368, "occurrences_today": 1, "datetimes_today": "2026-07-25 05:47:08", "cumulative_total": 3.0 }, "geometry": { "type": "Polygon", "coordinates": [ [ [ -66.139938110543156, 50.197170979692494 ], [ -66.146381662404295, 50.200268188335109 ], [ -66.145424929945847, 50.20539877889891 ], [ -66.138023197562447, 50.207431968340039 ], [ -66.13157933673962, 50.204334268457124 ], [ -66.132537517158411, 50.19920387044386 ], [ -66.139938110543156, 50.197170979692494 ] ] ] } },
{ "type": "Feature", "properties": { "hex_id": 1209771, "centroid_lon": -66.136107177451734, "centroid_lat": 50.21769288534226, "occurrences_today": 1, "datetimes_today": "2026-07-25 05:47:08", "cumulative_total": 3.0 }, "geometry": { "type": "Polygon", "coordinates": [ [ [ -66.137065325950104, 50.212562435799363 ], [ -66.143510635337904, 50.215659906355967 ], [ -66.142553072981428, 50.220790443239004 ], [ -66.135148751963698, 50.222823316963627 ], [ -66.128703133475454, 50.21972535490206 ], [ -66.129662145001774, 50.21459501069134 ], [ -66.137065325950104, 50.212562435799363 ] ] ] } },
{ "type": "Feature", "properties": { "hex_id": 1209772, "centroid_lon": -66.133231069603951, "centroid_lat": 50.23308412642124, "occurrences_today": 1, "datetimes_today": "2026-07-25 05:47:08", "cumulative_total": 13.0 }, "geometry": { "type": "Polygon", "coordinates": [ [ [ -66.13419004938234, 50.227953730658321 ], [ -66.140637117645667, 50.231051463288601 ], [ -66.139678724459102, 50.236181946444944 ], [ -66.132271812524777, 50.238214504247281 ], [ -66.125824435022338, 50.235116279847169 ], [ -66.126784278589525, 50.229985989485094 ], [ -66.13419004938234, 50.227953730658321 ] ] ] } },
{ "type": "Feature", "properties": { "hex_id": 1209773, "centroid_lon": -66.130352466048691, "centroid_lat": 50.248475206068171, "occurrences_today": 1, "datetimes_today": "2026-07-25 05:47:08", "cumulative_total": 13.0 }, "geometry": { "type": "Polygon", "coordinates": [ [ [ -66.13131227804098, 50.243344864131302 ], [ -66.13776110652995, 50.246442858995152 ], [ -66.136801881579771, 50.251573288378772 ], [ -66.129392376443974, 50.253605530052788 ], [ -66.122943238577292, 50.250507043154066 ], [ -66.123903915120152, 50.245376806686792 ], [ -66.13131227804098, 50.243344864131302 ] ] ] } },
{ "type": "Feature", "properties": { "hex_id": 1209774, "centroid_lon": -66.1274713639813, "centroid_lat": 50.263866124144684, "occurrences_today": 1, "datetimes_today": "2026-07-25 05:47:08", "cumulative_total": 13.0 }, "geometry": { "type": "Polygon", "coordinates": [ [ [ -66.128432009122847, 50.25873583608 ], [ -66.134882599188757, 50.26183409333747 ], [ -66.133922541540002, 50.266964468902316 ], [ -66.126510440915226, 50.268996394241718 ], [ -66.120059541333092, 50.265897644684166 ], [ -66.121021051787864, 50.260767462157887 ], [ -66.128432009122847, 50.25873583608 ] ] ] } },
{ "type": "Feature", "properties": { "hex_id": 1209775, "centroid_lon": -66.124587760592846, "centroid_lat": 50.279256880512264, "occurrences_today": 1, "datetimes_today": "2026-07-25 05:47:08", "cumulative_total": 13.0 }, "geometry": { "type": "Polygon", "coordinates": [ [ [ -66.125549239820472, 50.274126646365957 ], [ -66.132001592815783, 50.277225166177303 ], [ -66.131040701532072, 50.282355487877197 ], [ -66.123626003128138, 50.284387096675474 ], [ -66.117173340478161, 50.281288084298644 ], [ -66.118135685782519, 50.276157955759679 ], [ -66.125549239820472, 50.274126646365957 ] ] ] } },
{ "type": "Feature", "properties": { "hex_id": 1210380, "centroid_lon": -66.133495420748503, "centroid_lat": 50.194073454506636, "occurrences_today": 1, "datetimes_today": "2026-07-25 05:47:08", "cumulative_total": 3.0 }, "geometry": { "type": "Polygon", "coordinates": [ [ [ -66.134453047613434, 50.188943020650569 ], [ -66.140895152118489, 50.192040458514505 ], [ -66.139938110543156, 50.197170979692494 ], [ -66.132537517158411, 50.19920387044386 ], [ -66.12609510414066, 50.196105941444991 ], [ -66.127053592916909, 50.190975612900118 ], [ -66.134453047613434, 50.188943020650569 ] ] ] } },
{ "type": "Feature", "properties": { "hex_id": 1210381, "centroid_lon": -66.130620879388601, "centroid_lat": 50.209464648541321, "occurrences_today": 1, "datetimes_today": "2026-07-25 05:47:08", "cumulative_total": 3.0 }, "geometry": { "type": "Polygon", "coordinates": [ [ [ -66.13157933673962, 50.204334268457124 ], [ -66.138023197562447, 50.207431968340039 ], [ -66.137065325950104, 50.212562435799363 ], [ -66.129662145001774, 50.21459501069134 ], [ -66.123217975527908, 50.211496819408914 ], [ -66.124177295549785, 50.206366544704515 ], [ -66.13157933673962, 50.204334268457124 ] ] ] } },
{ "type": "Feature", "properties": { "hex_id": 1210382, "centroid_lon": -66.127743844705961, "centroid_lat": 50.224855681168364, "occurrences_today": 1, "datetimes_today": "2026-07-25 05:47:08", "cumulative_total": 3.0 }, "geometry": { "type": "Polygon", "coordinates": [ [ [ -66.128703133475454, 50.21972535490206 ], [ -66.135148751963698, 50.222823316963627 ], [ -66.13419004938234, 50.227953730658321 ], [ -66.126784278589525, 50.229985989485094 ], [ -66.120338351311986, 50.226887535759253 ], [ -66.12129850351279, 50.221757314941421 ], [ -66.128703133475454, 50.21972535490206 ] ] ] } },
{ "type": "Feature", "properties": { "hex_id": 1210383, "centroid_lon": -66.124864313900517, "centroid_lat": 50.240246552249438, "occurrences_today": 1, "datetimes_today": "2026-07-25 05:47:08", "cumulative_total": 13.0 }, "geometry": { "type": "Polygon", "coordinates": [ [ [ -66.125824435022338, 50.235116279847169 ], [ -66.132271812524777, 50.238214504247281 ], [ -66.13131227804098, 50.243344864131302 ], [ -66.123903915120152, 50.245376806686792 ], [ -66.117456228690202, 50.242278090357452 ], [ -66.118417214004637, 50.237147923472385 ], [ -66.125824435022338, 50.235116279847169 ] ] ] } },
{ "type": "Feature", "properties": { "hex_id": 1210384, "centroid_lon": -66.121982284167885, "centroid_lat": 50.255637261646143, "occurrences_today": 1, "datetimes_today": "2026-07-25 05:47:08", "cumulative_total": 13.0 }, "geometry": { "type": "Polygon", "coordinates": [ [ [ -66.122943238577292, 50.250507043154066 ], [ -66.129392376443974, 50.253605530052788 ], [ -66.128432009122847, 50.25873583608 ], [ -66.121021051787864, 50.260767462157887 ], [ -66.11457160485557, 50.257668483064819 ], [ -66.115533424219763, 50.252538370158803 ], [ -66.122943238577292, 50.250507043154066 ] ] ] } },
{ "type": "Feature", "properties": { "hex_id": 1210385, "centroid_lon": -66.119097752699389, "centroid_lat": 50.271027809219802, "occurrences_today": 1, "datetimes_today": "2026-07-25 05:47:08", "cumulative_total": 13.0 }, "geometry": { "type": "Polygon", "coordinates": [ [ [ -66.120059541333092, 50.265897644684166 ], [ -66.126510440915226, 50.268996394241718 ], [ -66.125549239820472, 50.274126646365957 ], [ -66.118135685782519, 50.276157955759679 ], [ -66.111684476996743, 50.273058713742458 ], [ -66.112647131348297, 50.267928654861798 ], [ -66.120059541333092, 50.265897644684166 ] ] ] } },
{ "type": "Feature", "properties": { "hex_id": 1210386, "centroid_lon": -66.116210716682005, "centroid_lat": 50.286418194831533, "occurrences_today": 1, "datetimes_today": "2026-07-25 05:47:08", "cumulative_total": 13.0 }, "geometry": { "type": "Polygon", "coordinates": [ [ [ -66.117173340478161, 50.281288084298644 ], [ -66.123626003128138, 50.284387096675474 ], [ -66.122663967322012, 50.289517294850477 ], [ -66.115247814289631, 50.291548287353216 ], [ -66.108794842298067, 50.288448782251237 ], [ -66.109758332576035, 50.283318777442339 ], [ -66.117173340478161, 50.281288084298644 ] ] ] } },
{ "type": "Feature", "properties": { "hex_id": 1210990, "centroid_lon": -66.128011804818399, "centroid_lat": 50.18584526641866, "occurrences_today": 1, "datetimes_today": "2026-07-25 05:47:08", "cumulative_total": 3.0 }, "geometry": { "type": "Polygon", "coordinates": [ [ [ -66.128969739948673, 50.180714902005725 ], [ -66.135410397856617, 50.183812568880747 ], [ -66.134453047613434, 50.188943020650569 ], [ -66.127053592916909, 50.190975612900118 ], [ -66.120612626944862, 50.18787745499548 ], [ -66.121571423629973, 50.182747195941303 ], [ -66.128969739948673, 50.180714902005725 ] ] ] } },
{ "type": "Feature", "properties": { "hex_id": 1210991, "centroid_lon": -66.125136338386156, "centroid_lat": 50.201236252048155, "occurrences_today": 1, "datetimes_today": "2026-07-25 05:47:08", "cumulative_total": 3.0 }, "geometry": { "type": "Polygon", "coordinates": [ [ [ -66.12609510414066, 50.196105941444991 ], [ -66.132537517158411, 50.19920387044386 ], [ -66.13157933673962, 50.204334268457124 ], [ -66.124177295549785, 50.206366544704515 ], [ -66.117734574330001, 50.203268124411551 ], [ -66.118694202398473, 50.198137919235734 ], [ -66.12609510414066, 50.196105941444991 ] ] ] } },
{ "type": "Feature", "properties": { "hex_id": 1210992, "centroid_lon": -66.122258378216827, "centroid_lat": 50.21662707615625, "occurrences_today": 1, "datetimes_today": "2026-07-25 05:47:08", "cumulative_total": 3.0 }, "geometry": { "type": "Polygon", "coordinates": [ [ [ -66.123217975527908, 50.211496819408914 ], [ -66.129662145001774, 50.21459501069134 ], [ -66.128703133475454, 50.21972535490206 ], [ -66.12129850351279, 50.221757314941421 ], [ -66.114854025698989, 50.218658632100244 ], [ -66.115814486084034, 50.213528480848929 ], [ -66.123217975527908, 50.211496819408914 ] ] ] } },
{ "type": "Feature", "properties": { "hex_id": 1210993, "centroid_lon": -66.119377921510576, "centroid_lat": 50.232017738604604, "occurrences_today": 1, "datetimes_today": "2026-07-25 05:47:08", "cumulative_total": 13.0 }, "geometry": { "type": "Polygon", "coordinates": [ [ [ -66.120338351311986, 50.226887535759253 ], [ -66.126784278589525, 50.229985989485094 ], [ -66.125824435022338, 50.235116279847169 ], [ -66.118417214004637, 50.237147923472385 ], [ -66.111970978249374, 50.234048977922939 ], [ -66.112932271885597, 50.228918880642375 ], [ -66.120338351311986, 50.226887535759253 ] ] ] } },
{ "type": "Feature", "properties": { "hex_id": 1210994, "centroid_lon": -66.116494965463275, "centroid_lat": 50.247408239254632, "occurrences_today": 1, "datetimes_today": "2026-07-25 05:47:08", "cumulative_total": 13.0 }, "geometry": { "type": "Polygon", "coordinates": [ [ [ -66.117456228690202, 50.242278090357452 ], [ -66.123903915120152, 50.245376806686792 ], [ -66.122943238577292, 50.250507043154066 ], [ -66.115533424219763, 50.252538370158803 ], [ -66.109085429174385, 50.249439161740838 ], [ -66.110047556997856, 50.244309118477318 ], [ -66.117456228690202, 50.242278090357452 ] ] ] } },
{ "type": "Feature", "properties": { "hex_id": 1210995, "centroid_lon": -66.113609507266489, "centroid_lat": 50.262798577967523, "occurrences_today": 1, "datetimes_today": "2026-07-25 05:47:08", "cumulative_total": 13.0 }, "geometry": { "type": "Polygon", "coordinates": [ [ [ -66.11457160485557, 50.257668483064819 ], [ -66.121021051787864, 50.260767462157887 ], [ -66.120059541333092, 50.265897644684166 ], [ -66.112647131348297, 50.267928654861798 ], [ -66.10619737566293, 50.264829183414896 ], [ -66.107160338611166, 50.259699194214782 ], [ -66.11457160485557, 50.257668483064819 ] ] ] } },
{ "type": "Feature", "properties": { "hex_id": 1210996, "centroid_lon": -66.110721544107435, "centroid_lat": 50.278188754604372, "occurrences_today": 1, "datetimes_today": "2026-07-25 05:47:08", "cumulative_total": 13.0 }, "geometry": { "type": "Polygon", "coordinates": [ [ [ -66.111684476996743, 50.273058713742458 ], [ -66.118135685782519, 50.276157955759679 ], [ -66.117173340478161, 50.281288084298644 ], [ -66.109758332576035, 50.283318777442339 ], [ -66.103306814899639, 50.280219042805896 ], [ -66.104270613911581, 50.275089107715623 ], [ -66.111684476996743, 50.273058713742458 ] ] ] } },
{ "type": "Feature", "properties": { "hex_id": 1211601, "centroid_lon": -66.119653553235551, "centroid_lat": 50.193007696095343, "occurrences_today": 1, "datetimes_today": "2026-07-25 05:47:08", "cumulative_total": 3.0 }, "geometry": { "type": "Polygon", "coordinates": [ [ [ -66.120612626944862, 50.18787745499548 ], [ -66.127053592916909, 50.190975612900118 ], [ -66.12609510414066, 50.196105941444991 ], [ -66.118694202398473, 50.198137919235734 ], [ -66.112252928672945, 50.195039270142459 ], [ -66.113212864339474, 50.189909134517485 ], [ -66.120612626944862, 50.18787745499548 ] ] ] } },
{ "type": "Feature", "properties": { "hex_id": 1211602, "centroid_lon": -66.116774668926425, "centroid_lat": 50.208398311617664, "occurrences_today": 1, "datetimes_today": "2026-07-25 05:47:08", "cumulative_total": 3.0 }, "geometry": { "type": "Polygon", "coordinates": [ [ [ -66.117734574330001, 50.203268124411551 ], [ -66.124177295549785, 50.206366544704515 ], [ -66.123217975527908, 50.211496819408914 ], [ -66.115814486084034, 50.213528480848929 ], [ -66.109371456973264, 50.210429569102743 ], [ -66.110332225093586, 50.205299487440222 ], [ -66.117734574330001, 50.203268124411551 ] ] ] } },
{ "type": "Feature", "properties": { "hex_id": 1211603, "centroid_lon": -66.11389328766748, "centroid_lat": 50.22378876536645, "occurrences_today": 1, "datetimes_today": "2026-07-25 05:47:08", "cumulative_total": 3.0 }, "geometry": { "type": "Polygon", "coordinates": [ [ [ -66.114854025698989, 50.218658632100244 ], [ -66.12129850351279, 50.221757314941421 ], [ -66.120338351311986, 50.226887535759253 ], [ -66.112932271885597, 50.228918880642375 ], [ -66.10648748604342, 50.225819706083222 ], [ -66.107449087552098, 50.220689678429409 ], [ -66.114854025698989, 50.218658632100244 ] ] ] } },
{ "type": "Feature", "properties": { "hex_id": 1211604, "centroid_lon": -66.111009406654816, "centroid_lat": 50.239179057202975, "occurrences_today": 1, "datetimes_today": "2026-07-25 05:47:08", "cumulative_total": 13.0 }, "geometry": { "type": "Polygon", "coordinates": [ [ [ -66.111970978249374, 50.234048977922939 ], [ -66.118417214004637, 50.237147923472385 ], [ -66.117456228690202, 50.242278090357452 ], [ -66.110047556997856, 50.244309118477318 ], [ -66.103601013076883, 50.241209680944962 ], [ -66.1045634489099, 50.23607970734615 ], [ -66.111970978249374, 50.234048977922939 ] ] ] } },
{ "type": "Feature", "properties": { "hex_id": 1211605, "centroid_lon": -66.108123023080225, "centroid_lat": 50.254569186988377, "occurrences_today": 1, "datetimes_today": "2026-07-25 05:47:08", "cumulative_total": 13.0 }, "geometry": { "type": "Polygon", "coordinates": [ [ [ -66.109085429174385, 50.249439161740838 ], [ -66.115533424219763, 50.252538370158803 ], [ -66.11457160485557, 50.257668483064819 ], [ -66.107160338611166, 50.259699194214782 ], [ -66.100712035262845, 50.256599493548791 ], [ -66.101675306357606, 50.251469574051427 ], [ -66.109085429174385, 50.249439161740838 ] ] ] } },
{ "type": "Feature", "properties": { "hex_id": 1211606, "centroid_lon": -66.105234134131194, "centroid_lat": 50.269959154583567, "occurrences_today": 1, "datetimes_today": "2026-07-25 05:47:08", "cumulative_total": 13.0 }, "geometry": { "type": "Polygon", "coordinates": [ [ [ -66.10619737566293, 50.264829183414896 ], [ -66.112647131348297, 50.267928654861798 ], [ -66.111684476996743, 50.273058713742458 ], [ -66.104270613911581, 50.275089107715623 ], [ -66.097820549786135, 50.271989143755405 ], [ -66.098784657081509, 50.266859278405938 ], [ -66.10619737566293, 50.264829183414896 ] ] ] } },
{ "type": "Feature", "properties": { "hex_id": 1211607, "centroid_lon": -66.102342736990892, "centroid_lat": 50.285348959849237, "occurrences_today": 1, "datetimes_today": "2026-07-25 05:47:08", "cumulative_total": 13.0 }, "geometry": { "type": "Polygon", "coordinates": [ [ [ -66.103306814899639, 50.280219042805896 ], [ -66.109758332576035, 50.283318777442339 ], [ -66.108794842298067, 50.288448782251237 ], [ -66.101378380080789, 50.290478858840451 ], [ -66.094926553827236, 50.287378631425234 ], [ -66.095891498263555, 50.282248820270219 ], [ -66.103306814899639, 50.280219042805896 ] ] ] } },
{ "type": "Feature", "properties": { "hex_id": 1212212, "centroid_lon": -66.111292715625552, "centroid_lat": 50.200169387785074, "occurrences_today": 1, "datetimes_today": "2026-07-25 05:47:08", "cumulative_total": 3.0 }, "geometry": { "type": "Polygon", "coordinates": [ [ [ -66.112252928672945, 50.195039270142459 ], [ -66.118694202398473, 50.198137919235734 ], [ -66.117734574330001, 50.203268124411551 ], [ -66.110332225093586, 50.205299487440222 ], [ -66.10389064392561, 50.20220034699922 ], [ -66.104851719332714, 50.197070334947675 ], [ -66.112252928672945, 50.195039270142459 ] ] ] } },
{ "type": "Feature", "properties": { "hex_id": 1212213, "centroid_lon": -66.108410411160733, "centroid_lat": 50.215559632767516, "occurrences_today": 1, "datetimes_today": "2026-07-25 05:47:08", "cumulative_total": 3.0 }, "geometry": { "type": "Polygon", "coordinates": [ [ [ -66.109371456973264, 50.210429569102743 ], [ -66.115814486084034, 50.213528480848929 ], [ -66.114854025698989, 50.218658632100244 ], [ -66.107449087552098, 50.220689678429409 ], [ -66.101005750861887, 50.217590275070833 ], [ -66.101967659794113, 50.212460317065933 ], [ -66.109371456973264, 50.210429569102743 ] ] ] } },
{ "type": "Feature", "properties": { "hex_id": 1212214, "centroid_lon": -66.105525606530705, "centroid_lat": 50.23094971572386, "occurrences_today": 1, "datetimes_today": "2026-07-25 05:47:08", "cumulative_total": 3.0 }, "geometry": { "type": "Polygon", "coordinates": [ [ [ -66.10648748604342, 50.225819706083222 ], [ -66.112932271885597, 50.228918880642375 ], [ -66.111970978249374, 50.234048977922939 ], [ -66.1045634489099, 50.23607970734615 ], [ -66.09811835535136, 50.232980040909794 ], [ -66.099081098744591, 50.227850136997915 ], [ -66.10648748604342, 50.225819706083222 ] ] ] } },
{ "type": "Feature", "properties": { "hex_id": 1212215, "centroid_lon": -66.102638298927531, "centroid_lat": 50.246339636515103, "occurrences_today": 1, "datetimes_today": "2026-07-25 05:47:08", "cumulative_total": 13.0 }, "geometry": { "type": "Polygon", "coordinates": [ [ [ -66.103601013076883, 50.241209680944962 ], [ -66.110047556997856, 50.244309118477318 ], [ -66.109085429174385, 50.249439161740838 ], [ -66.101675306357606, 50.251469574051427 ], [ -66.095228454583463, 50.248369644376844 ], [ -66.096192033375033, 50.24323979460442 ], [ -66.103601013076883, 50.241209680944962 ] ] ] } },
{ "type": "Feature", "properties": { "hex_id": 1212216, "centroid_lon": -66.099748485538939, "centroid_lat": 50.261729395002014, "occurrences_today": 1, "datetimes_today": "2026-07-25 05:47:08", "cumulative_total": 13.0 }, "geometry": { "type": "Polygon", "coordinates": [ [ [ -66.100712035262845, 50.256599493548791 ], [ -66.107160338611166, 50.259699194214782 ], [ -66.10619737566293, 50.264829183414896 ], [ -66.098784657081509, 50.266859278405938 ], [ -66.092336045743238, 50.263759085332552 ], [ -66.093300460871944, 50.258629289746075 ], [ -66.100712035262845, 50.256599493548791 ] ] ] } },
{ "type": "Feature", "properties": { "hex_id": 1212217, "centroid_lon": -66.096856163548324, "centroid_lat": 50.277118991045228, "occurrences_today": 1, "datetimes_today": "2026-07-25 05:47:08", "cumulative_total": 13.0 }, "geometry": { "type": "Polygon", "coordinates": [ [ [ -66.097820549786135, 50.271989143755405 ], [ -66.104270613911581, 50.275089107715623 ], [ -66.103306814899639, 50.280219042805896 ], [ -66.095891498263555, 50.282248820270219 ], [ -66.089441126011479, 50.279148363637212 ], [ -66.090406378417555, 50.274018622283293 ], [ -66.097820549786135, 50.271989143755405 ] ] ] } },
{ "type": "Feature", "properties": { "hex_id": 1212822, "centroid_lon": -66.105812517105861, "centroid_lat": 50.191940304890899, "occurrences_today": 1, "datetimes_today": "2026-07-25 05:47:08", "cumulative_total": 3.0 }, "geometry": { "type": "Polygon", "coordinates": [ [ [ -66.106773037348788, 50.186810256833986 ], [ -66.113212864339474, 50.189909134517485 ], [ -66.112252928672945, 50.195039270142459 ], [ -66.104851719332714, 50.197070334947675 ], [ -66.098411585347705, 50.193970966021965 ], [ -66.099372967593496, 50.188841023603622 ], [ -66.106773037348788, 50.186810256833986 ] ] ] } },
{ "type": "Feature", "properties": { "hex_id": 1212823, "centroid_lon": -66.102929290780693, "centroid_lat": 50.207330341040347, "occurrences_today": 1, "datetimes_today": "2026-07-25 05:47:08", "cumulative_total": 3.0 }, "geometry": { "type": "Polygon", "coordinates": [ [ [ -66.10389064392561, 50.20220034699922 ], [ -66.110332225093586, 50.205299487440222 ], [ -66.109371456973264, 50.210429569102743 ], [ -66.101967659794113, 50.212460317065933 ], [ -66.09552577149519, 50.209360685118156 ], [ -66.096487987402455, 50.204230796784401 ], [ -66.10389064392561, 50.20220034699922 ] ] ] } },
{ "type": "Feature", "properties": { "hex_id": 1212824, "centroid_lon": -66.100043563880064, "centroid_lat": 50.222720215049897, "occurrences_today": 1, "datetimes_today": "2026-07-25 05:47:08", "cumulative_total": 3.0 }, "geometry": { "type": "Polygon", "coordinates": [ [ [ -66.101005750861887, 50.217590275070833 ], [ -66.107449087552098, 50.220689678429409 ], [ -66.10648748604342, 50.225819706083222 ], [ -66.099081098744591, 50.227850136997915 ], [ -66.092637454786939, 50.224750241867845 ], [ -66.093600505291491, 50.219620407665055 ], [ -66.101005750861887, 50.217590275070833 ] ] ] } },
{ "type": "Feature", "properties": { "hex_id": 1212825, "centroid_lon": -66.097155333596248, "centroid_lat": 50.238109926780346, "occurrences_today": 1, "datetimes_today": "2026-07-25 05:47:08", "cumulative_total": 13.0 }, "geometry": { "type": "Polygon", "coordinates": [ [ [ -66.09811835535136, 50.232980040909794 ], [ -66.1045634489099, 50.23607970734615 ], [ -66.103601013076883, 50.241209680944962 ], [ -66.096192033375033, 50.24323979460442 ], [ -66.089746632412599, 50.240139636131637 ], [ -66.090710518451701, 50.235009856106302 ], [ -66.09811835535136, 50.232980040909794 ] ] ] } },
{ "type": "Feature", "properties": { "hex_id": 1212826, "centroid_lon": -66.094264597117217, "centroid_lat": 50.253499476092458, "occurrences_today": 1, "datetimes_today": "2026-07-25 05:47:08", "cumulative_total": 13.0 }, "geometry": { "type": "Polygon", "coordinates": [ [ [ -66.095228454583463, 50.248369644376844 ], [ -66.101675306357606, 50.251469574051427 ], [ -66.100712035262845, 50.256599493548791 ], [ -66.093300460871944, 50.258629289746075 ], [ -66.086853301557539, 50.255528867769975 ], [ -66.08781802406989, 50.25039914196865 ], [ -66.095228454583463, 50.248369644376844 ] ] ] } },
{ "type": "Feature", "properties": { "hex_id": 1212827, "centroid_lon": -66.09137135162662, "centroid_lat": 50.26888886284668, "occurrences_today": 1, "datetimes_today": "2026-07-25 05:47:08", "cumulative_total": 13.0 }, "geometry": { "type": "Polygon", "coordinates": [ [ [ -66.092336045743238, 50.263759085332552 ], [ -66.098784657081509, 50.266859278405938 ], [ -66.097820549786135, 50.271989143755405 ], [ -66.090406378417555, 50.274018622283293 ], [ -66.083957459402754, 50.270917936643087 ], [ -66.0849230193285, 50.265788265112377 ], [ -66.092336045743238, 50.263759085332552 ] ] ] } },
{ "type": "Feature", "properties": { "hex_id": 1212828, "centroid_lon": -66.088475594303759, "centroid_lat": 50.284278086903271, "occurrences_today": 1, "datetimes_today": "2026-07-25 05:47:08", "cumulative_total": 13.0 }, "geometry": { "type": "Polygon", "coordinates": [ [ [ -66.089441126011479, 50.279148363637212 ], [ -66.095891498263555, 50.282248820270219 ], [ -66.094926553827236, 50.287378631425234 ], [ -66.087509783189716, 50.289407792076254 ], [ -66.081059103124915, 50.286306842610998 ], [ -66.082025501405653, 50.281177225397585 ], [ -66.089441126011479, 50.279148363637212 ] ] ] } },
{ "type": "Feature", "properties": { "hex_id": 1213433, "centroid_lon": -66.097449925318642, "centroid_lat": 50.19910089041727, "occurrences_today": 1, "datetimes_today": "2026-07-25 05:47:08", "cumulative_total": 3.0 }, "geometry": { "type": "Polygon", "coordinates": [ [ [ -66.098411585347705, 50.193970966021965 ], [ -66.104851719332714, 50.197070334947675 ], [ -66.10389064392561, 50.20220034699922 ], [ -66.096487987402455, 50.204230796784401 ], [ -66.090047546734567, 50.201130936457488 ], [ -66.091010069168817, 50.196001117816984 ], [ -66.098411585347705, 50.193970966021965 ] ] ] } },
{ "type": "Feature", "properties": { "hex_id": 1213434, "centroid_lon": -66.094563277492881, "centroid_lat": 50.214490555413434, "occurrences_today": 1, "datetimes_today": "2026-07-25 05:47:08", "cumulative_total": 3.0 }, "geometry": { "type": "Polygon", "coordinates": [ [ [ -66.09552577149519, 50.209360685118156 ], [ -66.101967659794113, 50.212460317065933 ], [ -66.101005750861887, 50.217590275070833 ], [ -66.093600505291491, 50.219620407665055 ], [ -66.087158310173578, 50.216520284051455 ], [ -66.088121667340999, 50.211390519579879 ], [ -66.09552577149519, 50.209360685118156 ] ] ] } },
{ "type": "Feature", "properties": { "hex_id": 1213435, "centroid_lon": -66.091674125875073, "centroid_lat": 50.229880058016647, "occurrences_today": 1, "datetimes_today": "2026-07-25 05:47:08", "cumulative_total": 3.0 }, "geometry": { "type": "Polygon", "coordinates": [ [ [ -66.092637454786939, 50.224750241867845 ], [ -66.099081098744591, 50.227850136997915 ], [ -66.09811835535136, 50.232980040909794 ], [ -66.090710518451701, 50.235009856106302 ], [ -66.084266567539004, 50.231909469045583 ], [ -66.085230760376788, 50.226779758789469 ], [ -66.092637454786939, 50.224750241867845 ] ] ] } },
{ "type": "Feature", "properties": { "hex_id": 1213436, "centroid_lon": -66.088782467653445, "centroid_lat": 50.245269398087473, "occurrences_today": 1, "datetimes_today": "2026-07-25 05:47:08", "cumulative_total": 13.0 }, "geometry": { "type": "Polygon", "coordinates": [ [ [ -66.089746632412599, 50.240139636131637 ], [ -66.096192033375033, 50.24323979460442 ], [ -66.095228454583463, 50.248369644376844 ], [ -66.08781802406989, 50.25039914196865 ], [ -66.08137231601647, 50.247298491300214 ], [ -66.082337345463216, 50.242168835306124 ], [ -66.089746632412599, 50.240139636131637 ] ] ] } },
{ "type": "Feature", "properties": { "hex_id": 1213437, "centroid_lon": -66.085888300011916, "centroid_lat": 50.260658575486275, "occurrences_today": 1, "datetimes_today": "2026-07-25 05:47:08", "cumulative_total": 13.0 }, "geometry": { "type": "Polygon", "coordinates": [ [ [ -66.086853301557539, 50.255528867769975 ], [ -66.093300460871944, 50.258629289746075 ], [ -66.092336045743238, 50.263759085332552 ], [ -66.0849230193285, 50.265788265112377 ], [ -66.078475552787225, 50.262687350675456 ], [ -66.079441419783009, 50.257557748990052 ], [ -66.086853301557539, 50.255528867769975 ] ] ] } },
{ "type": "Feature", "properties": { "hex_id": 1213438, "centroid_lon": -66.082991620130031, "centroid_lat": 50.276047590073226, "occurrences_today": 1, "datetimes_today": "2026-07-25 05:47:08", "cumulative_total": 13.0 }, "geometry": { "type": "Polygon", "coordinates": [ [ [ -66.083957459402754, 50.270917936643087 ], [ -66.090406378417555, 50.274018622283293 ], [ -66.089441126011479, 50.279148363637212 ], [ -66.082025501405653, 50.281177225397585 ], [ -66.075576275028197, 50.278076047031199 ], [ -66.076542980514517, 50.27294649970122 ], [ -66.083957459402754, 50.270917936643087 ] ] ] } },
{ "type": "Feature", "properties": { "hex_id": 1214043, "centroid_lon": -66.091972313566686, "centroid_lat": 50.190871281130498, "occurrences_today": 1, "datetimes_today": "2026-07-25 05:47:08", "cumulative_total": 3.0 }, "geometry": { "type": "Polygon", "coordinates": [ [ [ -66.092934280032082, 50.185741426403169 ], [ -66.099372967593496, 50.188841023603622 ], [ -66.098411585347705, 50.193970966021965 ], [ -66.091010069168817, 50.196001117816984 ], [ -66.08457107537221, 50.192901029320943 ], [ -66.085533903885803, 50.187771280395829 ], [ -66.092934280032082, 50.185741426403169 ] ] ] } },
{ "type": "Feature", "properties": { "hex_id": 1214044, "centroid_lon": -66.089084746159969, "centroid_lat": 50.206260737046847, "occurrences_today": 1, "datetimes_today": "2026-07-25 05:47:08", "cumulative_total": 3.0 }, "geometry": { "type": "Polygon", "coordinates": [ [ [ -66.090047546734567, 50.201130936457488 ], [ -66.096487987402455, 50.204230796784401 ], [ -66.09552577149519, 50.209360685118156 ], [ -66.088121667340999, 50.211390519579879 ], [ -66.08168092030219, 50.208290167692823 ], [ -66.082644583684456, 50.203160472974609 ], [ -66.090047546734567, 50.201130936457488 ] ] ] } },
{ "type": "Feature", "properties": { "hex_id": 1214045, "centroid_lon": -66.086194674553568, "centroid_lat": 50.221650030456381, "occurrences_today": 1, "datetimes_today": "2026-07-25 05:47:08", "cumulative_total": 3.0 }, "geometry": { "type": "Polygon", "coordinates": [ [ [ -66.087158310173578, 50.216520284051455 ], [ -66.093600505291491, 50.219620407665055 ], [ -66.092637454786939, 50.224750241867845 ], [ -66.085230760376788, 50.226779758789469 ], [ -66.078788258752297, 50.223679143350999 ], [ -66.079752757940312, 50.218549502886212 ], [ -66.087158310173578, 50.216520284051455 ] ] ] } },
{ "type": "Feature", "properties": { "hex_id": 1214046, "centroid_lon": -66.083302095935935, "centroid_lat": 50.237039161219535, "occurrences_today": 1, "datetimes_today": "2026-07-25 05:47:08", "cumulative_total": 13.0 }, "geometry": { "type": "Polygon", "coordinates": [ [ [ -66.084266567539004, 50.231909469045583 ], [ -66.090710518451701, 50.235009856106302 ], [ -66.089746632412599, 50.240139636131637 ], [ -66.082337345463216, 50.242168835306124 ], [ -66.075893087908383, 50.239067956155651 ], [ -66.07685842384069, 50.233938369990895 ], [ -66.084266567539004, 50.231909469045583 ] ] ] } },
{ "type": "Feature", "properties": { "hex_id": 1214047, "centroid_lon": -66.080407007491232, "centroid_lat": 50.252428129196588, "occurrences_today": 1, "datetimes_today": "2026-07-25 05:47:08", "cumulative_total": 13.0 }, "geometry": { "type": "Polygon", "coordinates": [ [ [ -66.08137231601647, 50.247298491300214 ], [ -66.08781802406989, 50.25039914196865 ], [ -66.086853301557539, 50.255528867769975 ], [ -66.079441419783009, 50.257557748990052 ], [ -66.072995404951953, 50.254456605966773 ], [ -66.073961578568529, 50.249327074148773 ], [ -66.08137231601647, 50.247298491300214 ] ] ] } },
{ "type": "Feature", "properties": { "hex_id": 1214048, "centroid_lon": -66.077509406399287, "centroid_lat": 50.267816934247577, "occurrences_today": 1, "datetimes_today": "2026-07-25 05:47:08", "cumulative_total": 13.0 }, "geometry": { "type": "Polygon", "coordinates": [ [ [ -66.078475552787225, 50.262687350675456 ], [ -66.0849230193285, 50.265788265112377 ], [ -66.083957459402754, 50.270917936643087 ], [ -66.076542980514517, 50.27294649970122 ], [ -66.07009520706022, 50.269845092644161 ], [ -66.07106221930249, 50.264715615219664 ], [ -66.078475552787225, 50.262687350675456 ] ] ] } },
{ "type": "Feature", "properties": { "hex_id": 1214049, "centroid_lon": -66.074609289835564, "centroid_lat": 50.283205576232319, "occurrences_today": 1, "datetimes_today": "2026-07-25 05:47:08", "cumulative_total": 13.0 }, "geometry": { "type": "Polygon", "coordinates": [ [ [ -66.075576275028197, 50.278076047031199 ], [ -66.082025501405653, 50.281177225397585 ], [ -66.081059103124915, 50.286306842610998 ], [ -66.073642024831784, 50.28833508729938 ], [ -66.067192491406004, 50.285233416047426 ], [ -66.068160343216832, 50.280103993063243 ], [ -66.075576275028197, 50.278076047031199 ] ] ] } },
{ "type": "Feature", "properties": { "hex_id": 1214654, "centroid_lon": -66.083607968673093, "centroid_lat": 50.198030760182249, "occurrences_today": 1, "datetimes_today": "2026-07-25 05:47:08", "cumulative_total": 3.0 }, "geometry": { "type": "Polygon", "coordinates": [ [ [ -66.08457107537221, 50.192901029320943 ], [ -66.091010069168817, 50.196001117816984 ], [ -66.090047546734567, 50.201130936457488 ], [ -66.082644583684456, 50.203160472974609 ], [ -66.076205283964526, 50.200059893024061 ], [ -66.077169253113993, 50.194930268081265 ], [ -66.08457107537221, 50.192901029320943 ] ] ] } },
{ "type": "Feature", "properties": { "hex_id": 1214655, "centroid_lon": -66.080716978422203, "centroid_lat": 50.21341984433176, "occurrences_today": 1, "datetimes_today": "2026-07-25 05:47:08", "cumulative_total": 3.0 }, "geometry": { "type": "Polygon", "coordinates": [ [ [ -66.08168092030219, 50.208290167692823 ], [ -66.088121667340999, 50.211390519579879 ], [ -66.087158310173578, 50.216520284051455 ], [ -66.079752757940312, 50.218549502886212 ], [ -66.073311704842951, 50.215448659280042 ], [ -66.074276509933185, 50.21031908862863 ], [ -66.08168092030219, 50.208290167692823 ] ] ] } },
{ "type": "Feature", "properties": { "hex_id": 1214656, "centroid_lon": -66.077823480753878, "centroid_lat": 50.228808765720949, "occurrences_today": 1, "datetimes_today": "2026-07-25 05:47:08", "cumulative_total": 3.0 }, "geometry": { "type": "Polygon", "coordinates": [ [ [ -66.078788258752297, 50.223679143350999 ], [ -66.085230760376788, 50.226779758789469 ], [ -66.084266567539004, 50.231909469045583 ], [ -66.07685842384069, 50.233938369990895 ], [ -66.070415616022473, 50.230837262568514 ], [ -66.071381257991945, 50.225707746255154 ], [ -66.078788258752297, 50.223679143350999 ] ] ] } },
{ "type": "Feature", "properties": { "hex_id": 1214657, "centroid_lon": -66.074927472852494, "centroid_lat": 50.244197524209987, "occurrences_today": 1, "datetimes_today": "2026-07-25 05:47:08", "cumulative_total": 13.0 }, "geometry": { "type": "Polygon", "coordinates": [ [ [ -66.075893087908383, 50.239067956155651 ], [ -66.082337345463216, 50.242168835306124 ], [ -66.08137231601647, 50.247298491300214 ], [ -66.073961578568529, 50.249327074148773 ], [ -66.067517014684896, 50.246225702749371 ], [ -66.068483494473469, 50.241096240820809 ], [ -66.075893087908383, 50.239067956155651 ] ] ] } },
{ "type": "Feature", "properties": { "hex_id": 1214658, "centroid_lon": -66.072028951898162, "centroid_lat": 50.259586119658785, "occurrences_today": 1, "datetimes_today": "2026-07-25 05:47:08", "cumulative_total": 33.0 }, "geometry": { "type": "Polygon", "coordinates": [ [ [ -66.072995404951953, 50.254456605966773 ], [ -66.079441419783009, 50.257557748990052 ], [ -66.078475552787225, 50.262687350675456 ], [ -66.07106221930249, 50.264715615219664 ], [ -66.064615898007645, 50.261613979682302 ], [ -66.065583216556661, 50.256484572185315 ], [ -66.072995404951953, 50.254456605966773 ] ] ] } },
{ "type": "Feature", "properties": { "hex_id": 1214659, "centroid_lon": -66.069127915066602, "centroid_lat": 50.274974551927102, "occurrences_today": 1, "datetimes_today": "2026-07-25 05:47:08", "cumulative_total": 13.0 }, "geometry": { "type": "Polygon", "coordinates": [ [ [ -66.07009520706022, 50.269845092644161 ], [ -66.076542980514517, 50.27294649970122 ], [ -66.075576275028197, 50.278076047031199 ], [ -66.068160343216832, 50.280103993063243 ], [ -66.061712263163827, 50.277002093226777 ], [ -66.062680421416061, 50.271872740208245 ], [ -66.07009520706022, 50.269845092644161 ] ] ] } },
{ "type": "Feature", "properties": { "hex_id": 1215265, "centroid_lon": -66.075241036272317, "centroid_lat": 50.205189499874919, "occurrences_today": 1, "datetimes_today": "2026-07-25 05:47:08", "cumulative_total": 3.0 }, "geometry": { "type": "Polygon", "coordinates": [ [ [ -66.076205283964526, 50.200059893024061 ], [ -66.082644583684456, 50.203160472974609 ], [ -66.08168092030219, 50.208290167692823 ], [ -66.074276509933185, 50.21031908862863 ], [ -66.067836904602331, 50.20721801706474 ], [ -66.068802015147213, 50.202088516248779 ], [ -66.076205283964526, 50.200059893024061 ] ] ] } },
{ "type": "Feature", "properties": { "hex_id": 1215266, "centroid_lon": -66.072346620897306, "centroid_lat": 50.220578211823963, "occurrences_today": 1, "datetimes_today": "2026-07-25 05:47:08", "cumulative_total": 3.0 }, "geometry": { "type": "Polygon", "coordinates": [ [ [ -66.073311704842951, 50.215448659280042 ], [ -66.079752757940312, 50.218549502886212 ], [ -66.078788258752297, 50.223679143350999 ], [ -66.071381257991945, 50.225707746255154 ], [ -66.06493989914884, 50.222606410770929 ], [ -66.06590584670748, 50.21747696433102 ], [ -66.073311704842951, 50.215448659280042 ] ] ] } },
{ "type": "Feature", "properties": { "hex_id": 1215267, "centroid_lon": -66.069449694884483, "centroid_lat": 50.235966760758785, "occurrences_today": 1, "datetimes_today": "2026-07-25 05:47:08", "cumulative_total": 3.0 }, "geometry": { "type": "Polygon", "coordinates": [ [ [ -66.070415616022473, 50.230837262568514 ], [ -66.07685842384069, 50.233938369990895 ], [ -66.075893087908383, 50.239067956155651 ], [ -66.068483494473469, 50.241096240820809 ], [ -66.062040380774832, 50.237994641255455 ], [ -66.063007166287022, 50.232865249238358 ], [ -66.070415616022473, 50.230837262568514 ] ] ] } },
{ "type": "Feature", "properties": { "hex_id": 1215269, "centroid_lon": -66.063648299662376, "centroid_lat": 50.266743369025022, "occurrences_today": 1, "datetimes_today": "2026-07-25 05:47:08", "cumulative_total": 13.0 }, "geometry": { "type": "Polygon", "coordinates": [ [ [ -66.064615898007645, 50.261613979682302 ], [ -66.07106221930249, 50.264715615219664 ], [ -66.07009520706022, 50.269845092644161 ], [ -66.062680421416061, 50.271872740208245 ], [ -66.056233793971685, 50.268770611997603 ], [ -66.057202258216179, 50.263641328966699 ], [ -66.064615898007645, 50.261613979682302 ] ] ] } },
{ "type": "Feature", "properties": { "hex_id": 1215270, "centroid_lon": -66.060743824800753, "centroid_lat": 50.282131428075409, "occurrences_today": 1, "datetimes_today": "2026-07-25 05:47:08", "cumulative_total": 13.0 }, "geometry": { "type": "Polygon", "coordinates": [ [ [ -66.061712263163827, 50.277002093226777 ], [ -66.068160343216832, 50.280103993063243 ], [ -66.067192491406004, 50.285233416047426 ], [ -66.059775106221892, 50.287260744748913 ], [ -66.053326719884922, 50.284158351973744 ], [ -66.054296024911054, 50.279029123506355 ], [ -66.061712263163827, 50.277002093226777 ] ] ] } },
{ "type": "Feature", "properties": { "hex_id": 1215876, "centroid_lon": -66.066871515157189, "centroid_lat": 50.212347499760547, "occurrences_today": 1, "datetimes_today": "2026-07-25 05:47:08", "cumulative_total": 3.0 }, "geometry": { "type": "Polygon", "coordinates": [ [ [ -66.067836904602331, 50.20721801706474 ], [ -66.074276509933185, 50.21031908862863 ], [ -66.073311704842951, 50.215448659280042 ], [ -66.06590584670748, 50.21747696433102 ], [ -66.059465936078453, 50.214375400994889 ], [ -66.060432188778705, 50.209246024450401 ], [ -66.067836904602331, 50.20721801706474 ] ] ] } },
{ "type": "Feature", "properties": { "hex_id": 1215877, "centroid_lon": -66.063973672376846, "centroid_lat": 50.227735839075109, "occurrences_today": 1, "datetimes_today": "2026-07-25 05:47:08", "cumulative_total": 3.0 }, "geometry": { "type": "Polygon", "coordinates": [ [ [ -66.06493989914884, 50.222606410770929 ], [ -66.071381257991945, 50.225707746255154 ], [ -66.070415616022473, 50.230837262568514 ], [ -66.063007166287022, 50.232865249238358 ], [ -66.056565502011495, 50.229763421717109 ], [ -66.057532592799333, 50.224634099633441 ], [ -66.06493989914884, 50.222606410770929 ] ] ] } },
{ "type": "Feature", "properties": { "hex_id": 1215878, "centroid_lon": -66.061073315735712, "centroid_lat": 50.243124015121225, "occurrences_today": 1, "datetimes_today": "2026-07-25 05:47:08", "cumulative_total": 13.0 }, "geometry": { "type": "Polygon", "coordinates": [ [ [ -66.062040380774832, 50.237994641255455 ], [ -66.068483494473469, 50.241096240820809 ], [ -66.067517014684896, 50.246225702749371 ], [ -66.060105971064999, 50.24825337083044 ], [ -66.053662551799718, 50.245151278963093 ], [ -66.054630481616329, 50.24002201138714 ], [ -66.062040380774832, 50.237994641255455 ] ] ] } },
{ "type": "Feature", "properties": { "hex_id": 1215879, "centroid_lon": -66.058170442409988, "centroid_lat": 50.258512027758378, "occurrences_today": 1, "datetimes_today": "2026-07-25 05:47:08", "cumulative_total": 33.0 }, "geometry": { "type": "Polygon", "coordinates": [ [ [ -66.059138346658003, 50.253382708377899 ], [ -66.065583216556661, 50.256484572185315 ], [ -66.064615898007645, 50.261613979682302 ], [ -66.057202258216179, 50.263641328966699 ], [ -66.050757082616755, 50.260538972592137 ], [ -66.051725852404758, 50.25540975957081 ], [ -66.059138346658003, 50.253382708377899 ] ] ] } },
{ "type": "Feature", "properties": { "hex_id": 1215880, "centroid_lon": -66.055265049571631, "centroid_lat": 50.27389987684591, "occurrences_today": 1, "datetimes_today": "2026-07-25 05:47:08", "cumulative_total": 13.0 }, "geometry": { "type": "Polygon", "coordinates": [ [ [ -66.056233793971685, 50.268770611997603 ], [ -66.062680421416061, 50.271872740208245 ], [ -66.061712263163827, 50.277002093226777 ], [ -66.054296024911054, 50.279029123506355 ], [ -66.047849091631889, 50.275926502463243 ], [ -66.048818702335311, 50.270797344043579 ], [ -66.056233793971685, 50.268770611997603 ] ] ] } },
{ "type": "Feature", "properties": { "hex_id": 1215881, "centroid_lon": -66.052357134388188, "centroid_lat": 50.289287562242855, "occurrences_today": 1, "datetimes_today": "2026-07-25 05:47:08", "cumulative_total": 13.0 }, "geometry": { "type": "Polygon", "coordinates": [ [ [ -66.053326719884922, 50.284158351973744 ], [ -66.059775106221892, 50.287260744748913 ], [ -66.058806107322198, 50.292390043242072 ], [ -66.051387268315736, 50.294416754308429 ], [ -66.04493857601004, 50.291313868435253 ], [ -66.0459090285744, 50.286184764664313 ], [ -66.053326719884922, 50.284158351973744 ] ] ] } },
{ "type": "Feature", "properties": { "hex_id": 1216487, "centroid_lon": -66.058499404120155, "centroid_lat": 50.219504759390986, "occurrences_today": 1, "datetimes_today": "2026-07-25 05:47:08", "cumulative_total": 3.0 }, "geometry": { "type": "Polygon", "coordinates": [ [ [ -66.059465936078453, 50.214375400994889 ], [ -66.06590584670748, 50.21747696433102 ], [ -66.06493989914884, 50.222606410770929 ], [ -66.057532592799333, 50.224634099633441 ], [ -66.051092377185412, 50.221532044366242 ], [ -66.0520597728014, 50.216402792237979 ], [ -66.059465936078453, 50.214375400994889 ] ] ] } },
{ "type": "Feature", "properties": { "hex_id": 1216488, "centroid_lon": -66.055598131652019, "centroid_lat": 50.23489272563674, "occurrences_today": 1, "datetimes_today": "2026-07-25 05:47:08", "cumulative_total": 3.0 }, "geometry": { "type": "Polygon", "coordinates": [ [ [ -66.056565502011495, 50.229763421717109 ], [ -66.063007166287022, 50.232865249238358 ], [ -66.062040380774832, 50.237994641255455 ], [ -66.054630481616329, 50.24002201138714 ], [ -66.048188512222083, 50.236919691669932 ], [ -66.049156747000396, 50.23179049408742 ], [ -66.056565502011495, 50.229763421717109 ] ] ] } },
{ "type": "Feature", "properties": { "hex_id": 1216490, "centroid_lon": -66.049788032628598, "centroid_lat": 50.265668167418134, "occurrences_today": 1, "datetimes_today": "2026-07-25 05:47:08", "cumulative_total": 13.0 }, "geometry": { "type": "Polygon", "coordinates": [ [ [ -66.050757082616755, 50.260538972592137 ], [ -66.057202258216179, 50.263641328966699 ], [ -66.056233793971685, 50.268770611997603 ], [ -66.048818702335311, 50.270797344043579 ], [ -66.04237322134982, 50.267694494942745 ], [ -66.043343137281809, 50.262565406592714 ], [ -66.050757082616755, 50.260538972592137 ] ] ] } },
{ "type": "Feature", "properties": { "hex_id": 1216491, "centroid_lon": -66.046879200413287, "centroid_lat": 50.281055642671902, "occurrences_today": 1, "datetimes_today": "2026-07-25 05:47:08", "cumulative_total": 13.0 }, "geometry": { "type": "Polygon", "coordinates": [ [ [ -66.047849091631889, 50.275926502463243 ], [ -66.054296024911054, 50.279029123506355 ], [ -66.053326719884922, 50.284158351973744 ], [ -66.0459090285744, 50.286184764664313 ], [ -66.039461789775629, 50.283081650629526 ], [ -66.040432547701869, 50.277952616966381 ], [ -66.047849091631889, 50.275926502463243 ] ] ] } },
{ "type": "Feature", "properties": { "hex_id": 1217098, "centroid_lon": -66.05012470195328, "centroid_lat": 50.226661278317778, "occurrences_today": 1, "datetimes_today": "2026-07-25 05:47:08", "cumulative_total": 3.0 }, "geometry": { "type": "Polygon", "coordinates": [ [ [ -66.051092377185412, 50.221532044366242 ], [ -66.057532592799333, 50.224634099633441 ], [ -66.056565502011495, 50.229763421717109 ], [ -66.049156747000396, 50.23179049408742 ], [ -66.042716226715271, 50.22868794673024 ], [ -66.043684766007786, 50.223558819163109 ], [ -66.051092377185412, 50.221532044366242 ] ] ] } },
{ "type": "Feature", "properties": { "hex_id": 1217099, "centroid_lon": -66.047219997513608, "centroid_lat": 50.242048871060071, "occurrences_today": 1, "datetimes_today": "2026-07-25 05:47:08", "cumulative_total": 13.0 }, "geometry": { "type": "Polygon", "coordinates": [ [ [ -66.048188512222083, 50.236919691669932 ], [ -66.054630481616329, 50.24002201138714 ], [ -66.053662551799718, 50.245151278963093 ], [ -66.046251202770208, 50.247178032252663 ], [ -66.039808928571432, 50.244075220180527 ], [ -66.040778308101892, 50.238946147244178 ], [ -66.048188512222083, 50.236919691669932 ] ] ] } },
{ "type": "Feature", "properties": { "hex_id": 1217101, "centroid_lon": -66.041403024858212, "centroid_lat": 50.272823565069054, "occurrences_today": 1, "datetimes_today": "2026-07-25 05:47:08", "cumulative_total": 13.0 }, "geometry": { "type": "Polygon", "coordinates": [ [ [ -66.04237322134982, 50.267694494942745 ], [ -66.048818702335311, 50.270797344043579 ], [ -66.047849091631889, 50.275926502463243 ], [ -66.040432547701869, 50.277952616966381 ], [ -66.033986761645465, 50.274849274980198 ], [ -66.034957824484877, 50.269720311446733 ], [ -66.04237322134982, 50.267694494942745 ] ] ] } },
{ "type": "Feature", "properties": { "hex_id": 1217102, "centroid_lon": -66.038490750974304, "centroid_lat": 50.288210666053239, "occurrences_today": 1, "datetimes_today": "2026-07-25 05:47:08", "cumulative_total": 13.0 }, "geometry": { "type": "Polygon", "coordinates": [ [ [ -66.039461789775629, 50.283081650629526 ], [ -66.0459090285744, 50.286184764664313 ], [ -66.04493857601004, 50.291313868435253 ], [ -66.037519431192621, 50.293339663232253 ], [ -66.031071887189881, 50.290236056046574 ], [ -66.032043793103242, 50.285107147285366 ], [ -66.039461789775629, 50.283081650629526 ] ] ] } },
{ "type": "Feature", "properties": { "hex_id": 1217709, "centroid_lon": -66.041747407448227, "centroid_lat": 50.233817056092342, "occurrences_today": 1, "datetimes_today": "2026-07-25 05:47:08", "cumulative_total": 3.0 }, "geometry": { "type": "Polygon", "coordinates": [ [ [ -66.042716226715271, 50.22868794673024 ], [ -66.049156747000396, 50.23179049408742 ], [ -66.048188512222083, 50.236919691669932 ], [ -66.040778308101892, 50.238946147244178 ], [ -66.034337483459737, 50.235843107638196 ], [ -66.035307167190012, 50.230714104777157 ], [ -66.042716226715271, 50.22868794673024 ] ] ] } },
{ "type": "Feature", "properties": { "hex_id": 1217710, "centroid_lon": -66.038839268751985, "centroid_lat": 50.249204274896151, "occurrences_today": 1, "datetimes_today": "2026-07-25 05:47:08", "cumulative_total": 13.0 }, "geometry": { "type": "Polygon", "coordinates": [ [ [ -66.039808928571432, 50.244075220180527 ], [ -66.046251202770208, 50.247178032252663 ], [ -66.045282127887035, 50.25230717524245 ], [ -66.037869328538619, 50.254333311385821 ], [ -66.03142674984997, 50.251230006799837 ], [ -66.032397274894649, 50.246101058654766 ], [ -66.039808928571432, 50.244075220180527 ] ] ] } },
{ "type": "Feature", "properties": { "hex_id": 1217712, "centroid_lon": -66.033015417886674, "centroid_lat": 50.279978220261491, "occurrences_today": 1, "datetimes_today": "2026-07-25 05:47:08", "cumulative_total": 13.0 }, "geometry": { "type": "Polygon", "coordinates": [ [ [ -66.033986761645465, 50.274849274980198 ], [ -66.040432547701869, 50.277952616966381 ], [ -66.039461789775629, 50.283081650629526 ], [ -66.032043793103242, 50.285107147285366 ], [ -66.025597702291549, 50.282003312254695 ], [ -66.026569912802259, 50.276874473683179 ], [ -66.033986761645465, 50.274849274980198 ] ] ] } },
{ "type": "Feature", "properties": { "hex_id": 1218319, "centroid_lon": -66.036276570691939, "centroid_lat": 50.225585083687946, "occurrences_today": 1, "datetimes_today": "2026-07-25 05:47:08", "cumulative_total": 3.0 }, "geometry": { "type": "Polygon", "coordinates": [ [ [ -66.03724569407035, 50.220456044375823 ], [ -66.043684766007786, 50.223558819163109 ], [ -66.042716226715271, 50.22868794673024 ], [ -66.035307167190012, 50.230714104777157 ], [ -66.028867791342577, 50.227610837847138 ], [ -66.029837778825623, 50.222481905083278 ], [ -66.03724569407035, 50.220456044375823 ] ] ] } },
{ "type": "Feature", "properties": { "hex_id": 1218320, "centroid_lon": -66.033367519396251, "centroid_lat": 50.2409720922658, "occurrences_today": 1, "datetimes_today": "2026-07-25 05:47:08", "cumulative_total": 3.0 }, "geometry": { "type": "Polygon", "coordinates": [ [ [ -66.034337483459737, 50.235843107638196 ], [ -66.040778308101892, 50.238946147244178 ], [ -66.039808928571432, 50.244075220180527 ], [ -66.032397274894649, 50.246101058654766 ], [ -66.025956146210078, 50.242997526641098 ], [ -66.026926975139745, 50.237868648631292 ], [ -66.034337483459737, 50.235843107638196 ] ] ] } },
{ "type": "Feature", "properties": { "hex_id": 1218322, "centroid_lon": -66.027541842138902, "centroid_lat": 50.271745616836284, "occurrences_today": 1, "datetimes_today": "2026-07-25 05:47:08", "cumulative_total": 42.0 }, "geometry": { "type": "Polygon", "coordinates": [ [ [ -66.028513490406795, 50.266616741719247 ], [ -66.034957824484877, 50.269720311446733 ], [ -66.033986761645465, 50.274849274980198 ], [ -66.026569912802259, 50.276874473683179 ], [ -66.020125274417111, 50.273770411017587 ], [ -66.021097789076947, 50.268641642657585 ], [ -66.028513490406795, 50.266616741719247 ] ] ] } },
{ "type": "Feature", "properties": { "hex_id": 1218323, "centroid_lon": -66.024625210501426, "centroid_lat": 50.287132132545558, "occurrences_today": 1, "datetimes_today": "2026-07-25 05:47:08", "cumulative_total": 13.0 }, "geometry": { "type": "Polygon", "coordinates": [ [ [ -66.025597702291549, 50.282003312254695 ], [ -66.032043793103242, 50.285107147285366 ], [ -66.031071887189881, 50.290236056046574 ], [ -66.023652437326476, 50.292260934550498 ], [ -66.017206042075543, 50.28915660631624 ], [ -66.018179401021825, 50.284027892852173 ], [ -66.025597702291549, 50.282003312254695 ] ] ] } },
{ "type": "Feature", "properties": { "hex_id": 1218930, "centroid_lon": -66.027897523482267, "centroid_lat": 50.232739752364878, "occurrences_today": 1, "datetimes_today": "2026-07-25 05:47:08", "cumulative_total": 3.0 }, "geometry": { "type": "Polygon", "coordinates": [ [ [ -66.028867791342577, 50.227610837847138 ], [ -66.035307167190012, 50.230714104777157 ], [ -66.034337483459737, 50.235843107638196 ], [ -66.026926975139745, 50.237868648631292 ], [ -66.020487295696938, 50.234764889399756 ], [ -66.021458428064562, 50.229636081547007 ], [ -66.028867791342577, 50.227610837847138 ] ] ] } },
{ "type": "Feature", "properties": { "hex_id": 1218931, "centroid_lon": -66.024985036588248, "centroid_lat": 50.248126386389082, "occurrences_today": 1, "datetimes_today": "2026-07-25 05:47:08", "cumulative_total": 13.0 }, "geometry": { "type": "Polygon", "coordinates": [ [ [ -66.025956146210078, 50.242997526641098 ], [ -66.032397274894649, 50.246101058654766 ], [ -66.03142674984997, 50.251230006799837 ], [ -66.024013646169152, 50.253255227869978 ], [ -66.017572213757219, 50.250151203289796 ], [ -66.018544188648349, 50.245022450276402 ], [ -66.025956146210078, 50.242997526641098 ] ] ] } },
{ "type": "Feature", "properties": { "hex_id": 1218932, "centroid_lon": -66.022070022518719, "centroid_lat": 50.263512856009498, "occurrences_today": 1, "datetimes_today": "2026-07-25 05:47:08", "cumulative_total": 42.0 }, "geometry": { "type": "Polygon", "coordinates": [ [ [ -66.023041974847715, 50.258384051078529 ], [ -66.02948485771114, 50.26148784833731 ], [ -66.028513490406795, 50.266616741719247 ], [ -66.021097789076947, 50.268641642657585 ], [ -66.014654602354284, 50.265537352567073 ], [ -66.015627420715433, 50.26040865444039 ], [ -66.023041974847715, 50.258384051078529 ] ] ] } },
{ "type": "Feature", "properties": { "hex_id": 1218933, "centroid_lon": -66.019152478433867, "centroid_lat": 50.278899161084198, "occurrences_today": 1, "datetimes_today": "2026-07-25 05:47:08", "cumulative_total": 13.0 }, "geometry": { "type": "Polygon", "coordinates": [ [ [ -66.020125274417111, 50.273770411017587 ], [ -66.026569912802259, 50.276874473683179 ], [ -66.025597702291549, 50.282003312254695 ], [ -66.018179401021825, 50.284027892852173 ], [ -66.011734458645662, 50.280923337089469 ], [ -66.012708121424808, 50.275794693896884 ], [ -66.020125274417111, 50.273770411017587 ] ] ] } },
{ "type": "Feature", "properties": { "hex_id": 1219541, "centroid_lon": -66.019515882593211, "centroid_lat": 50.239893678977978, "occurrences_today": 1, "datetimes_today": "2026-07-25 05:47:08", "cumulative_total": 3.0 }, "geometry": { "type": "Polygon", "coordinates": [ [ [ -66.020487295696938, 50.234764889399756 ], [ -66.026926975139745, 50.237868648631292 ], [ -66.025956146210078, 50.242997526641098 ], [ -66.018544188648349, 50.245022450276402 ], [ -66.012104205925183, 50.241918198584614 ], [ -66.013076483939003, 50.236789515788175 ], [ -66.020487295696938, 50.234764889399756 ] ] ] } },
{ "type": "Feature", "properties": { "hex_id": 1219542, "centroid_lon": -66.016599957814663, "centroid_lat": 50.255279938012869, "occurrences_today": 1, "datetimes_today": "2026-07-25 05:47:08", "cumulative_total": 42.0 }, "geometry": { "type": "Polygon", "coordinates": [ [ [ -66.017572213757219, 50.250151203289796 ], [ -66.024013646169152, 50.253255227869978 ], [ -66.023041974847715, 50.258384051078529 ], [ -66.015627420715433, 50.26040865444039 ], [ -66.009185684891648, 50.257304137134845 ], [ -66.010158806506738, 50.252175509263218 ], [ -66.017572213757219, 50.250151203289796 ] ] ] } },
{ "type": "Feature", "properties": { "hex_id": 1219543, "centroid_lon": -66.013681502625857, "centroid_lat": 50.270666032387673, "occurrences_today": 1, "datetimes_today": "2026-07-25 05:47:08", "cumulative_total": 42.0 }, "geometry": { "type": "Polygon", "coordinates": [ [ [ -66.014654602354284, 50.265537352567073 ], [ -66.021097789076947, 50.268641642657585 ], [ -66.020125274417111, 50.273770411017587 ], [ -66.012708121424808, 50.275794693896884 ], [ -66.006264631158913, 50.272689910815707 ], [ -66.007238597323138, 50.267561337916369 ], [ -66.014654602354284, 50.265537352567073 ] ] ] } },
{ "type": "Feature", "properties": { "hex_id": 1219544, "centroid_lon": -66.010760514182934, "centroid_lat": 50.286051961960148, "occurrences_today": 1, "datetimes_today": "2026-07-25 05:47:08", "cumulative_total": 13.0 }, "geometry": { "type": "Polygon", "coordinates": [ [ [ -66.011734458645662, 50.280923337089469 ], [ -66.018179401021825, 50.284027892852173 ], [ -66.017206042075543, 50.28915660631624 ], [ -66.009786287931092, 50.291180568503606 ], [ -66.003341041880404, 50.288075519484771 ], [ -66.004315853543119, 50.282947001605201 ], [ -66.011734458645662, 50.280923337089469 ] ] ] } },
{ "type": "Feature", "properties": { "hex_id": 1220152, "centroid_lon": -66.011131646816153, "centroid_lat": 50.247046863078054, "occurrences_today": 1, "datetimes_today": "2026-07-25 05:47:08", "cumulative_total": 3.0 }, "geometry": { "type": "Polygon", "coordinates": [ [ [ -66.012104205925183, 50.241918198584614 ], [ -66.018544188648349, 50.245022450276402 ], [ -66.017572213757219, 50.250151203289796 ], [ -66.010158806506738, 50.252175509263218 ], [ -66.003718520818708, 50.249070764952414 ], [ -66.004691945240765, 50.243942207357598 ], [ -66.012104205925183, 50.241918198584614 ] ] ] } },
{ "type": "Feature", "properties": { "hex_id": 1220154, "centroid_lon": -66.005290383267422, "centroid_lat": 50.27781846538042, "occurrences_today": 1, "datetimes_today": "2026-07-25 05:47:08", "cumulative_total": 42.0 }, "geometry": { "type": "Polygon", "coordinates": [ [ [ -66.006264631158913, 50.272689910815707 ], [ -66.012708121424808, 50.275794693896884 ], [ -66.011734458645662, 50.280923337089469 ], [ -66.004315853543119, 50.282947001605201 ], [ -65.997872060050454, 50.279841725374453 ], [ -65.998847174781559, 50.274713277848015 ], [ -66.006264631158913, 50.272689910815707 ] ] ] } },
{ "type": "Feature", "properties": { "hex_id": 1220763, "centroid_lon": -66.002744814942048, "centroid_lat": 50.254199304215703, "occurrences_today": 1, "datetimes_today": "2026-07-25 05:47:08", "cumulative_total": 42.0 }, "geometry": { "type": "Polygon", "coordinates": [ [ [ -66.003718520818708, 50.249070764952414 ], [ -66.010158806506738, 50.252175509263218 ], [ -66.009185684891648, 50.257304137134845 ], [ -66.001770827505467, 50.259327825142201 ], [ -65.995330239168496, 50.256222588053625 ], [ -65.996304810761274, 50.251094155805859 ], [ -66.003718520818708, 50.249070764952414 ] ] ] } },
{ "type": "Feature", "properties": { "hex_id": 1220764, "centroid_lon": -65.999822007530696, "centroid_lat": 50.269584811963639, "occurrences_today": 1, "datetimes_today": "2026-07-25 05:47:08", "cumulative_total": 42.0 }, "geometry": { "type": "Polygon", "coordinates": [ [ [ -66.000796558403508, 50.264456327726606 ], [ -66.007238597323138, 50.267561337916369 ], [ -66.006264631158913, 50.272689910815707 ], [ -65.998847174781559, 50.274713277848015 ], [ -65.992404833082475, 50.271607774615205 ], [ -65.99338025043464, 50.266479397463577 ], [ -66.000796558403508, 50.264456327726606 ] ] ] } },
{ "type": "Feature", "properties": { "hex_id": 1220765, "centroid_lon": -65.996896663231794, "centroid_lat": 50.28497015453766, "occurrences_today": 1, "datetimes_today": "2026-07-25 05:47:08", "cumulative_total": 13.0 }, "geometry": { "type": "Polygon", "coordinates": [ [ [ -65.997872060050454, 50.279841725374453 ], [ -66.004315853543119, 50.282947001605201 ], [ -66.003341041880404, 50.288075519484771 ], [ -65.99592098421985, 50.290098565332315 ], [ -65.989476887817347, 50.286992795793068 ], [ -65.990453151879535, 50.281864473785241 ], [ -65.997872060050454, 50.279841725374453 ] ] ] } },
{ "type": "Feature", "properties": { "hex_id": 1221374, "centroid_lon": -65.99435538576148, "centroid_lat": 50.261351001941307, "occurrences_today": 1, "datetimes_today": "2026-07-25 05:47:08", "cumulative_total": 42.0 }, "geometry": { "type": "Polygon", "coordinates": [ [ [ -65.995330239168496, 50.256222588053625 ], [ -66.001770827505467, 50.259327825142201 ], [ -66.000796558403508, 50.264456327726606 ], [ -65.99338025043464, 50.266479397463577 ], [ -65.986939359765174, 50.263373667438486 ], [ -65.987915079291525, 50.258245360683325 ], [ -65.995330239168496, 50.256222588053625 ] ] ] } },
{ "type": "Feature", "properties": { "hex_id": 1221375, "centroid_lon": -65.99142913359934, "centroid_lat": 50.27673613339087, "occurrences_today": 1, "datetimes_today": "2026-07-25 05:47:08", "cumulative_total": 44.0 }, "geometry": { "type": "Polygon", "coordinates": [ [ [ -65.992404833082475, 50.271607774615205 ], [ -65.998847174781559, 50.274713277848015 ], [ -65.997872060050454, 50.279841725374453 ], [ -65.990453151879535, 50.281864473785241 ], [ -65.984010507717926, 50.278758477350557 ], [ -65.98498707408406, 50.273630225777396 ], [ -65.992404833082475, 50.271607774615205 ] ] ] } },
{ "type": "Feature", "properties": { "hex_id": 1221985, "centroid_lon": -65.985963358064581, "centroid_lat": 50.26850195580495, "occurrences_today": 1, "datetimes_today": "2026-07-25 05:47:08", "cumulative_total": 42.0 }, "geometry": { "type": "Polygon", "coordinates": [ [ [ -65.986939359765174, 50.263373667438486 ], [ -65.99338025043464, 50.266479397463577 ], [ -65.992404833082475, 50.271607774615205 ], [ -65.98498707408406, 50.273630225777396 ], [ -65.978545881398915, 50.270524002657027 ], [ -65.979522749622177, 50.265395821540146 ], [ -65.986939359765174, 50.263373667438486 ] ] ] } },
{ "type": "Feature", "properties": { "hex_id": 1221986, "centroid_lon": -65.983033658860364, "centroid_lat": 50.283886710519106, "occurrences_today": 1, "datetimes_today": "2026-07-25 05:47:08", "cumulative_total": 44.0 }, "geometry": { "type": "Polygon", "coordinates": [ [ [ -65.984010507717926, 50.278758477350557 ], [ -65.990453151879535, 50.281864473785241 ], [ -65.989476887817347, 50.286992795793068 ], [ -65.982056527405561, 50.289014925277719 ], [ -65.975613581098742, 50.28590843548232 ], [ -65.976591297243061, 50.280780309633428 ], [ -65.984010507717926, 50.278758477350557 ] ] ] } },
{ "type": "Feature", "properties": { "hex_id": 1222596, "centroid_lon": -65.977568730641167, "centroid_lat": 50.275652165356561, "occurrences_today": 1, "datetimes_today": "2026-07-25 05:47:08", "cumulative_total": 44.0 }, "geometry": { "type": "Polygon", "coordinates": [ [ [ -65.978545881398915, 50.270524002657027 ], [ -65.98498707408406, 50.273630225777396 ], [ -65.984010507717926, 50.278758477350557 ], [ -65.976591297243061, 50.280780309633428 ], [ -65.970149802859552, 50.277673593259046 ], [ -65.97112782054343, 50.272545537926213 ], [ -65.978545881398915, 50.270524002657027 ] ] ] } },
{ "type": "Feature", "properties": { "hex_id": 1223207, "centroid_lon": -65.969171502280602, "centroid_lat": 50.282801630145833, "occurrences_today": 1, "datetimes_today": "2026-07-25 05:47:08", "cumulative_total": 42.0 }, "geometry": { "type": "Polygon", "coordinates": [ [ [ -65.970149802859552, 50.277673593259046 ], [ -65.976591297243061, 50.280780309633428 ], [ -65.975613581098742, 50.28590843548232 ], [ -65.968192918700595, 50.28792964858124 ], [ -65.961751122936505, 50.284822438794102 ], [ -65.962730290845158, 50.279694509391227 ], [ -65.970149802859552, 50.277673593259046 ] ] ] } },
{ "type": "Feature", "properties": { "hex_id": 162030, "centroid_lon": -78.066734343498922, "centroid_lat": 48.599654416002387, "occurrences_today": 40, "datetimes_today": "2026-07-25 11:31:56, 2026-07-25 11:46:58, 2026-07-25 12:01:47, 2026-07-25 12:16:54, 2026-07-25 12:31:42, 2026-07-25 12:46:57, 2026-07-25 12:57:23, 2026-07-25 13:17:05, 2026-07-25 13:31:44, 2026-07-25 13:47:17, 2026-07-25 13:59:59, 2026-07-25 14:17:10, 2026-07-25 14:32:01, 2026-07-25 14:46:57, 2026-07-25 15:02:21, 2026-07-25 15:17:09, 2026-07-25 15:31:58, 2026-07-25 15:47:16, 2026-07-25 16:01:43, 2026-07-25 16:16:43, 2026-07-25 16:27:38, 2026-07-25 16:46:44, 2026-07-25 17:02:39, 2026-07-25 17:17:07, 2026-07-25 17:46:39, 2026-07-25 18:02:04, 2026-07-25 18:16:44, 2026-07-25 18:27:33, 2026-07-25 18:47:11, 2026-07-25 19:02:48, 2026-07-25 19:16:47, 2026-07-25 19:32:40, 2026-07-25 19:46:57, 2026-07-25 20:01:44, 2026-07-25 20:16:47, 2026-07-25 20:32:27, 2026-07-25 20:47:08, 2026-07-25 21:02:08, 2026-07-25 21:15:55, 2026-07-25 21:31:47", "cumulative_total": 88.0 }, "geometry": { "type": "Polygon", "coordinates": [ [ [ -78.066420132355304, 48.594467876551946 ], [ -78.073348904399211, 48.596880454484641 ], [ -78.073663851534761, 48.602066958068519 ], [ -78.06704864406575, 48.604840949235737 ], [ -78.060119046590444, 48.602428010955038 ], [ -78.059805482048091, 48.597241441926876 ], [ -78.066420132355304, 48.594467876551946 ] ] ] } },
{ "type": "Feature", "properties": { "hex_id": 774176, "centroid_lon": -71.462546487426536, "centroid_lat": 45.694542155710373, "occurrences_today": 21, "datetimes_today": "2026-07-25 11:16:38, 2026-07-25 11:31:56, 2026-07-25 11:46:58, 2026-07-25 12:01:47, 2026-07-25 12:16:54, 2026-07-25 12:31:42, 2026-07-25 12:46:57, 2026-07-25 12:57:23, 2026-07-25 13:17:05, 2026-07-25 13:31:44, 2026-07-25 13:47:17, 2026-07-25 13:59:59, 2026-07-25 14:17:10, 2026-07-25 14:32:01, 2026-07-25 14:46:57, 2026-07-25 15:02:21, 2026-07-25 15:17:09, 2026-07-25 15:31:58, 2026-07-25 15:47:16, 2026-07-25 16:01:43, 2026-07-25 16:16:43", "cumulative_total": 41.0 }, "geometry": { "type": "Polygon", "coordinates": [ [ [ -71.462873873692288, 45.689355439191964 ], [ -71.46911968029049, 45.69214731664357 ], [ -71.468792839581511, 45.697334065596905 ], [ -71.462219011692639, 45.699728865669741 ], [ -71.455972749020845, 45.696936598445674 ], [ -71.456300770281416, 45.691749920985394 ], [ -71.462873873692288, 45.689355439191964 ] ] ] } },
{ "type": "Feature", "properties": { "hex_id": 774787, "centroid_lon": -71.45564463811661, "centroid_lat": 45.702123269340028, "occurrences_today": 16, "datetimes_today": "2026-07-25 11:16:38, 2026-07-25 11:31:56, 2026-07-25 11:46:58, 2026-07-25 12:01:47, 2026-07-25 12:16:54, 2026-07-25 12:31:42, 2026-07-25 12:46:57, 2026-07-25 12:57:23, 2026-07-25 13:17:05, 2026-07-25 13:31:44, 2026-07-25 13:47:17, 2026-07-25 13:59:59, 2026-07-25 14:17:10, 2026-07-25 14:32:01, 2026-07-25 14:46:57, 2026-07-25 15:02:21", "cumulative_total": 46.0 }, "geometry": { "type": "Polygon", "coordinates": [ [ [ -71.455972749020845, 45.696936598445674 ], [ -71.462219011692639, 45.699728865669741 ], [ -71.461891446460513, 45.704915569069442 ], [ -71.455316437538556, 45.707309933667851 ], [ -71.449069718883536, 45.704517276516178 ], [ -71.449398465103542, 45.699330644757858 ], [ -71.455972749020845, 45.696936598445674 ] ] ] } },
{ "type": "Feature", "properties": { "hex_id": 735718, "centroid_lon": -71.863437404331748, "centroid_lat": 45.760830972739654, "occurrences_today": 9, "datetimes_today": "2026-07-25 21:47:11, 2026-07-25 22:01:48, 2026-07-25 22:16:38, 2026-07-25 22:31:39, 2026-07-25 22:46:42, 2026-07-25 23:01:47, 2026-07-25 23:16:59, 2026-07-25 23:32:10, 2026-07-25 23:46:43", "cumulative_total": 51.0 }, "geometry": { "type": "Polygon", "coordinates": [ [ [ -71.863728399565773, 45.755642196957751 ], [ -71.870002604350375, 45.758412806041243 ], [ -71.869712162631899, 45.763601610453001 ], [ -71.863146329477274, 45.766019742346458 ], [ -71.85687165081103, 45.763248745935712 ], [ -71.857163279154193, 45.758060005023253 ], [ -71.863728399565773, 45.755642196957751 ] ] ] } },
{ "type": "Feature", "properties": { "hex_id": 727957, "centroid_lon": -71.786311434756342, "centroid_lat": 48.494340000868398, "occurrences_today": 11, "datetimes_today": "2026-07-25 19:46:57, 2026-07-25 20:01:44, 2026-07-25 20:16:47, 2026-07-25 20:32:27, 2026-07-25 20:47:08, 2026-07-25 21:02:08, 2026-07-25 21:15:55, 2026-07-25 21:31:47, 2026-07-25 22:01:48, 2026-07-25 22:16:38, 2026-07-25 22:31:39", "cumulative_total": 48.0 }, "geometry": { "type": "Polygon", "coordinates": [ [ [ -71.786639471778415, 48.48915409678834 ], [ -71.79323222433446, 48.491935682192313 ], [ -71.792904827661189, 48.497121617269627 ], [ -71.785983304539755, 48.499525898587351 ], [ -71.779390004846334, 48.496743887630913 ], [ -71.779718775377901, 48.491558020980584 ], [ -71.786639471778415, 48.48915409678834 ] ] ] } },
{ "type": "Feature", "properties": { "hex_id": 781622, "centroid_lon": -71.25903791346424, "centroid_lat": 47.558756915696904, "occurrences_today": 34, "datetimes_today": "2026-07-25 13:59:59, 2026-07-25 14:17:10, 2026-07-25 14:32:01, 2026-07-25 14:46:57, 2026-07-25 15:02:21, 2026-07-25 15:17:09, 2026-07-25 15:31:58, 2026-07-25 15:47:16, 2026-07-25 16:01:43, 2026-07-25 16:16:43, 2026-07-25 16:27:38, 2026-07-25 16:46:44, 2026-07-25 17:02:39, 2026-07-25 17:17:07, 2026-07-25 17:46:39, 2026-07-25 18:02:04, 2026-07-25 18:16:44, 2026-07-25 18:27:33, 2026-07-25 18:47:11, 2026-07-25 19:02:48, 2026-07-25 19:16:47, 2026-07-25 19:32:40, 2026-07-25 19:46:57, 2026-07-25 20:01:44, 2026-07-25 20:16:47, 2026-07-25 20:32:27, 2026-07-25 20:47:08, 2026-07-25 21:02:08, 2026-07-25 21:15:55, 2026-07-25 21:31:47, 2026-07-25 21:47:11, 2026-07-25 22:01:48, 2026-07-25 22:16:38, 2026-07-25 22:31:39", "cumulative_total": 205.0 }, "geometry": { "type": "Polygon", "coordinates": [ [ [ -71.259407386817713, 47.55357306710102 ], [ -71.265854535631775, 47.556381403196738 ], [ -71.265485661945533, 47.561565287405237 ], [ -71.258668336640469, 47.56394075740188 ], [ -71.252220691647764, 47.561132004628547 ], [ -71.252590868102189, 47.555948198604739 ], [ -71.259407386817713, 47.55357306710102 ] ] ] } },
{ "type": "Feature", "properties": { "hex_id": 781623, "centroid_lon": -71.257928872435684, "centroid_lat": 47.574308420136092, "occurrences_today": 34, "datetimes_today": "2026-07-25 13:59:59, 2026-07-25 14:17:10, 2026-07-25 14:32:01, 2026-07-25 14:46:57, 2026-07-25 15:02:21, 2026-07-25 15:17:09, 2026-07-25 15:31:58, 2026-07-25 15:47:16, 2026-07-25 16:01:43, 2026-07-25 16:16:43, 2026-07-25 16:27:38, 2026-07-25 16:46:44, 2026-07-25 17:02:39, 2026-07-25 17:17:07, 2026-07-25 17:46:39, 2026-07-25 18:02:04, 2026-07-25 18:16:44, 2026-07-25 18:27:33, 2026-07-25 18:47:11, 2026-07-25 19:02:48, 2026-07-25 19:16:47, 2026-07-25 19:32:40, 2026-07-25 19:46:57, 2026-07-25 20:01:44, 2026-07-25 20:16:47, 2026-07-25 20:32:27, 2026-07-25 20:47:08, 2026-07-25 21:02:08, 2026-07-25 21:15:55, 2026-07-25 21:31:47, 2026-07-25 21:47:11, 2026-07-25 22:01:48, 2026-07-25 22:16:38, 2026-07-25 22:31:39", "cumulative_total": 205.0 }, "geometry": { "type": "Polygon", "coordinates": [ [ [ -71.258298656309819, 47.569124592215196 ], [ -71.26474760461474, 47.571933035170552 ], [ -71.264378420897131, 47.577116898725883 ], [ -71.257558984981486, 47.579492241163862 ], [ -71.251109540118435, 47.576683381303305 ], [ -71.251480027692537, 47.571499595978565 ], [ -71.258298656309819, 47.569124592215196 ] ] ] } },
{ "type": "Feature", "properties": { "hex_id": 781624, "centroid_lon": -71.256818899186257, "centroid_lat": 47.589859862537004, "occurrences_today": 34, "datetimes_today": "2026-07-25 13:59:59, 2026-07-25 14:17:10, 2026-07-25 14:32:01, 2026-07-25 14:46:57, 2026-07-25 15:02:21, 2026-07-25 15:17:09, 2026-07-25 15:31:58, 2026-07-25 15:47:16, 2026-07-25 16:01:43, 2026-07-25 16:16:43, 2026-07-25 16:27:38, 2026-07-25 16:46:44, 2026-07-25 17:02:39, 2026-07-25 17:17:07, 2026-07-25 17:46:39, 2026-07-25 18:02:04, 2026-07-25 18:16:44, 2026-07-25 18:27:33, 2026-07-25 18:47:11, 2026-07-25 19:02:48, 2026-07-25 19:16:47, 2026-07-25 19:32:40, 2026-07-25 19:46:57, 2026-07-25 20:01:44, 2026-07-25 20:16:47, 2026-07-25 20:32:27, 2026-07-25 20:47:08, 2026-07-25 21:02:08, 2026-07-25 21:15:55, 2026-07-25 21:31:47, 2026-07-25 21:47:11, 2026-07-25 22:01:48, 2026-07-25 22:16:38, 2026-07-25 22:31:39", "cumulative_total": 205.0 }, "geometry": { "type": "Polygon", "coordinates": [ [ [ -71.257188993910546, 47.584676055297756 ], [ -71.263639743174693, 47.587484605178211 ], [ -71.263270249096678, 47.592668448073731 ], [ -71.256448700771898, 47.595043662880897 ], [ -71.249997454569851, 47.592234695867482 ], [ -71.250368253593805, 47.587050931248498 ], [ -71.257188993910546, 47.584676055297756 ] ] ] } },
{ "type": "Feature", "properties": { "hex_id": 781625, "centroid_lon": -71.255707992726357, "centroid_lat": 47.605411242879654, "occurrences_today": 34, "datetimes_today": "2026-07-25 13:59:59, 2026-07-25 14:17:10, 2026-07-25 14:32:01, 2026-07-25 14:46:57, 2026-07-25 15:02:21, 2026-07-25 15:17:09, 2026-07-25 15:31:58, 2026-07-25 15:47:16, 2026-07-25 16:01:43, 2026-07-25 16:16:43, 2026-07-25 16:27:38, 2026-07-25 16:46:44, 2026-07-25 17:02:39, 2026-07-25 17:17:07, 2026-07-25 17:46:39, 2026-07-25 18:02:04, 2026-07-25 18:16:44, 2026-07-25 18:27:33, 2026-07-25 18:47:11, 2026-07-25 19:02:48, 2026-07-25 19:16:47, 2026-07-25 19:32:40, 2026-07-25 19:46:57, 2026-07-25 20:01:44, 2026-07-25 20:16:47, 2026-07-25 20:32:27, 2026-07-25 20:47:08, 2026-07-25 21:02:08, 2026-07-25 21:15:55, 2026-07-25 21:31:47, 2026-07-25 21:47:11, 2026-07-25 22:01:48, 2026-07-25 22:16:38, 2026-07-25 22:31:39", "cumulative_total": 205.0 }, "geometry": { "type": "Polygon", "coordinates": [ [ [ -71.256078398630848, 47.600227456328696 ], [ -71.262530950324035, 47.603036113199821 ], [ -71.262161145556121, 47.608219935428892 ], [ -71.255337483021719, 47.610595022532998 ], [ -71.248884434010478, 47.607785948301043 ], [ -71.249255544814943, 47.602602204394501 ], [ -71.256078398630848, 47.600227456328696 ] ] ] } },
{ "type": "Feature", "properties": { "hex_id": 781626, "centroid_lon": -71.25459615206502, "centroid_lat": 47.620962561143955, "occurrences_today": 34, "datetimes_today": "2026-07-25 13:59:59, 2026-07-25 14:17:10, 2026-07-25 14:32:01, 2026-07-25 14:46:57, 2026-07-25 15:02:21, 2026-07-25 15:17:09, 2026-07-25 15:31:58, 2026-07-25 15:47:16, 2026-07-25 16:01:43, 2026-07-25 16:16:43, 2026-07-25 16:27:38, 2026-07-25 16:46:44, 2026-07-25 17:02:39, 2026-07-25 17:17:07, 2026-07-25 17:46:39, 2026-07-25 18:02:04, 2026-07-25 18:16:44, 2026-07-25 18:27:33, 2026-07-25 18:47:11, 2026-07-25 19:02:48, 2026-07-25 19:16:47, 2026-07-25 19:32:40, 2026-07-25 19:46:57, 2026-07-25 20:01:44, 2026-07-25 20:16:47, 2026-07-25 20:32:27, 2026-07-25 20:47:08, 2026-07-25 21:02:08, 2026-07-25 21:15:55, 2026-07-25 21:31:47, 2026-07-25 21:47:11, 2026-07-25 22:01:48, 2026-07-25 22:16:38, 2026-07-25 22:31:39", "cumulative_total": 205.0 }, "geometry": { "type": "Polygon", "coordinates": [ [ [ -71.254966869480199, 47.615778795288016 ], [ -71.261421225073732, 47.61858755921542 ], [ -71.261051109285887, 47.623771360771379 ], [ -71.25422533073943, 47.626146320100084 ], [ -71.247770477447375, 47.623337138583814 ], [ -71.248141900363507, 47.618153415396449 ], [ -71.254966869480199, 47.615778795288016 ] ] ] } },
{ "type": "Feature", "properties": { "hex_id": 781627, "centroid_lon": -71.253483376209758, "centroid_lat": 47.636513817309933, "occurrences_today": 34, "datetimes_today": "2026-07-25 13:59:59, 2026-07-25 14:17:10, 2026-07-25 14:32:01, 2026-07-25 14:46:57, 2026-07-25 15:02:21, 2026-07-25 15:17:09, 2026-07-25 15:31:58, 2026-07-25 15:47:16, 2026-07-25 16:01:43, 2026-07-25 16:16:43, 2026-07-25 16:27:38, 2026-07-25 16:46:44, 2026-07-25 17:02:39, 2026-07-25 17:17:07, 2026-07-25 17:46:39, 2026-07-25 18:02:04, 2026-07-25 18:16:44, 2026-07-25 18:27:33, 2026-07-25 18:47:11, 2026-07-25 19:02:48, 2026-07-25 19:16:47, 2026-07-25 19:32:40, 2026-07-25 19:46:57, 2026-07-25 20:01:44, 2026-07-25 20:16:47, 2026-07-25 20:32:27, 2026-07-25 20:47:08, 2026-07-25 21:02:08, 2026-07-25 21:15:55, 2026-07-25 21:31:47, 2026-07-25 21:47:11, 2026-07-25 22:01:48, 2026-07-25 22:16:38, 2026-07-25 22:31:39", "cumulative_total": 205.0 }, "geometry": { "type": "Polygon", "coordinates": [ [ [ -71.253854405466612, 47.631330072155656 ], [ -71.260310566433276, 47.634138943205052 ], [ -71.259940139295011, 47.639322724081261 ], [ -71.253112242932048, 47.641697555562146 ], [ -71.246655583886096, 47.638888266695716 ], [ -71.247027319245532, 47.633704564234208 ], [ -71.253854405466612, 47.631330072155656 ] ] ] } },
{ "type": "Feature", "properties": { "hex_id": 781628, "centroid_lon": -71.25236966416665, "centroid_lat": 47.652065011357486, "occurrences_today": 34, "datetimes_today": "2026-07-25 13:59:59, 2026-07-25 14:17:10, 2026-07-25 14:32:01, 2026-07-25 14:46:57, 2026-07-25 15:02:21, 2026-07-25 15:17:09, 2026-07-25 15:31:58, 2026-07-25 15:47:16, 2026-07-25 16:01:43, 2026-07-25 16:16:43, 2026-07-25 16:27:38, 2026-07-25 16:46:44, 2026-07-25 17:02:39, 2026-07-25 17:17:07, 2026-07-25 17:46:39, 2026-07-25 18:02:04, 2026-07-25 18:16:44, 2026-07-25 18:27:33, 2026-07-25 18:47:11, 2026-07-25 19:02:48, 2026-07-25 19:16:47, 2026-07-25 19:32:40, 2026-07-25 19:46:57, 2026-07-25 20:01:44, 2026-07-25 20:16:47, 2026-07-25 20:32:27, 2026-07-25 20:47:08, 2026-07-25 21:02:08, 2026-07-25 21:15:55, 2026-07-25 21:31:47, 2026-07-25 21:47:11, 2026-07-25 22:01:48, 2026-07-25 22:16:38, 2026-07-25 22:31:39", "cumulative_total": 205.0 }, "geometry": { "type": "Polygon", "coordinates": [ [ [ -71.252741005596633, 47.646881286911587 ], [ -71.259198973410705, 47.649690265148735 ], [ -71.258828234591022, 47.654874025338522 ], [ -71.251998218605181, 47.657248728899113 ], [ -71.245539752330714, 47.654439332616604 ], [ -71.245911800465606, 47.649255650887667 ], [ -71.252741005596633, 47.646881286911587 ] ] ] } },
{ "type": "Feature", "properties": { "hex_id": 781629, "centroid_lon": -71.251255014940241, "centroid_lat": 47.667616143266521, "occurrences_today": 34, "datetimes_today": "2026-07-25 13:59:59, 2026-07-25 14:17:10, 2026-07-25 14:32:01, 2026-07-25 14:46:57, 2026-07-25 15:02:21, 2026-07-25 15:17:09, 2026-07-25 15:31:58, 2026-07-25 15:47:16, 2026-07-25 16:01:43, 2026-07-25 16:16:43, 2026-07-25 16:27:38, 2026-07-25 16:46:44, 2026-07-25 17:02:39, 2026-07-25 17:17:07, 2026-07-25 17:46:39, 2026-07-25 18:02:04, 2026-07-25 18:16:44, 2026-07-25 18:27:33, 2026-07-25 18:47:11, 2026-07-25 19:02:48, 2026-07-25 19:16:47, 2026-07-25 19:32:40, 2026-07-25 19:46:57, 2026-07-25 20:01:44, 2026-07-25 20:16:47, 2026-07-25 20:32:27, 2026-07-25 20:47:08, 2026-07-25 21:02:08, 2026-07-25 21:15:55, 2026-07-25 21:31:47, 2026-07-25 21:47:11, 2026-07-25 22:01:48, 2026-07-25 22:16:38, 2026-07-25 22:31:39", "cumulative_total": 205.0 }, "geometry": { "type": "Polygon", "coordinates": [ [ [ -71.25162666887536, 47.662432439535692 ], [ -71.258086445012552, 47.66524152502646 ], [ -71.257715394180011, 47.670425264523146 ], [ -71.250883256762904, 47.672799840090853 ], [ -71.244422981783842, 47.669990336326265 ], [ -71.244795343026823, 47.664806675336642 ], [ -71.25162666887536, 47.662432439535692 ] ] ] } },
{ "type": "Feature", "properties": { "hex_id": 782231, "centroid_lon": -71.254070537953268, "centroid_lat": 47.535212905534969, "occurrences_today": 34, "datetimes_today": "2026-07-25 13:59:59, 2026-07-25 14:17:10, 2026-07-25 14:32:01, 2026-07-25 14:46:57, 2026-07-25 15:02:21, 2026-07-25 15:17:09, 2026-07-25 15:31:58, 2026-07-25 15:47:16, 2026-07-25 16:01:43, 2026-07-25 16:16:43, 2026-07-25 16:27:38, 2026-07-25 16:46:44, 2026-07-25 17:02:39, 2026-07-25 17:17:07, 2026-07-25 17:46:39, 2026-07-25 18:02:04, 2026-07-25 18:16:44, 2026-07-25 18:27:33, 2026-07-25 18:47:11, 2026-07-25 19:02:48, 2026-07-25 19:16:47, 2026-07-25 19:32:40, 2026-07-25 19:46:57, 2026-07-25 20:01:44, 2026-07-25 20:16:47, 2026-07-25 20:32:27, 2026-07-25 20:47:08, 2026-07-25 21:02:08, 2026-07-25 21:15:55, 2026-07-25 21:31:47, 2026-07-25 21:47:11, 2026-07-25 22:01:48, 2026-07-25 22:16:38, 2026-07-25 22:31:39", "cumulative_total": 205.0 }, "geometry": { "type": "Polygon", "coordinates": [ [ [ -71.254440196607305, 47.530029065027584 ], [ -71.260884246259508, 47.532837603823026 ], [ -71.260515186421827, 47.538021479975214 ], [ -71.253700775812305, 47.540396739147113 ], [ -71.247256230848947, 47.537587783963524 ], [ -71.247626591769702, 47.532403986064679 ], [ -71.254440196607305, 47.530029065027584 ] ] ] } },
{ "type": "Feature", "properties": { "hex_id": 782232, "centroid_lon": -71.252960940923359, "centroid_lat": 47.55076438568274, "occurrences_today": 34, "datetimes_today": "2026-07-25 13:59:59, 2026-07-25 14:17:10, 2026-07-25 14:32:01, 2026-07-25 14:46:57, 2026-07-25 15:02:21, 2026-07-25 15:17:09, 2026-07-25 15:31:58, 2026-07-25 15:47:16, 2026-07-25 16:01:43, 2026-07-25 16:16:43, 2026-07-25 16:27:38, 2026-07-25 16:46:44, 2026-07-25 17:02:39, 2026-07-25 17:17:07, 2026-07-25 17:46:39, 2026-07-25 18:02:04, 2026-07-25 18:16:44, 2026-07-25 18:27:33, 2026-07-25 18:47:11, 2026-07-25 19:02:48, 2026-07-25 19:16:47, 2026-07-25 19:32:40, 2026-07-25 19:46:57, 2026-07-25 20:01:44, 2026-07-25 20:16:47, 2026-07-25 20:32:27, 2026-07-25 20:47:08, 2026-07-25 21:02:08, 2026-07-25 21:15:55, 2026-07-25 21:31:47, 2026-07-25 21:47:11, 2026-07-25 22:01:48, 2026-07-25 22:16:38, 2026-07-25 22:31:39", "cumulative_total": 205.0 }, "geometry": { "type": "Polygon", "coordinates": [ [ [ -71.253330910147866, 47.54558056586329 ], [ -71.259776756737438, 47.548389211614946 ], [ -71.259407386817713, 47.55357306710102 ], [ -71.252590868102189, 47.555948198604739 ], [ -71.2461445258228, 47.553139136237533 ], [ -71.246515197912117, 47.54795535905069 ], [ -71.253330910147866, 47.54558056586329 ] ] ] } },
{ "type": "Feature", "properties": { "hex_id": 782233, "centroid_lon": -71.251850411523435, "centroid_lat": 47.566315803753398, "occurrences_today": 34, "datetimes_today": "2026-07-25 13:59:59, 2026-07-25 14:17:10, 2026-07-25 14:32:01, 2026-07-25 14:46:57, 2026-07-25 15:02:21, 2026-07-25 15:17:09, 2026-07-25 15:31:58, 2026-07-25 15:47:16, 2026-07-25 16:01:43, 2026-07-25 16:16:43, 2026-07-25 16:27:38, 2026-07-25 16:46:44, 2026-07-25 17:02:39, 2026-07-25 17:17:07, 2026-07-25 17:46:39, 2026-07-25 18:02:04, 2026-07-25 18:16:44, 2026-07-25 18:27:33, 2026-07-25 18:47:11, 2026-07-25 19:02:48, 2026-07-25 19:16:47, 2026-07-25 19:32:40, 2026-07-25 19:46:57, 2026-07-25 20:01:44, 2026-07-25 20:16:47, 2026-07-25 20:32:27, 2026-07-25 20:47:08, 2026-07-25 21:02:08, 2026-07-25 21:15:55, 2026-07-25 21:31:47, 2026-07-25 21:47:11, 2026-07-25 22:01:48, 2026-07-25 22:16:38, 2026-07-25 22:31:39", "cumulative_total": 205.0 }, "geometry": { "type": "Polygon", "coordinates": [ [ [ -71.252220691647764, 47.561132004628547 ], [ -71.258668336640469, 47.56394075740188 ], [ -71.258298656309819, 47.569124592215196 ], [ -71.251480027692537, 47.571499595978565 ], [ -71.245031886631025, 47.568690426362117 ], [ -71.245402870218939, 47.563506669893989 ], [ -71.252220691647764, 47.561132004628547 ] ] ] } },
{ "type": "Feature", "properties": { "hex_id": 782234, "centroid_lon": -71.250738948764422, "centroid_lat": 47.581867159726862, "occurrences_today": 34, "datetimes_today": "2026-07-25 13:59:59, 2026-07-25 14:17:10, 2026-07-25 14:32:01, 2026-07-25 14:46:57, 2026-07-25 15:02:21, 2026-07-25 15:17:09, 2026-07-25 15:31:58, 2026-07-25 15:47:16, 2026-07-25 16:01:43, 2026-07-25 16:16:43, 2026-07-25 16:27:38, 2026-07-25 16:46:44, 2026-07-25 17:02:39, 2026-07-25 17:17:07, 2026-07-25 17:46:39, 2026-07-25 18:02:04, 2026-07-25 18:16:44, 2026-07-25 18:27:33, 2026-07-25 18:47:11, 2026-07-25 19:02:48, 2026-07-25 19:16:47, 2026-07-25 19:32:40, 2026-07-25 19:46:57, 2026-07-25 20:01:44, 2026-07-25 20:16:47, 2026-07-25 20:32:27, 2026-07-25 20:47:08, 2026-07-25 21:02:08, 2026-07-25 21:15:55, 2026-07-25 21:31:47, 2026-07-25 21:47:11, 2026-07-25 22:01:48, 2026-07-25 22:16:38, 2026-07-25 22:31:39", "cumulative_total": 205.0 }, "geometry": { "type": "Polygon", "coordinates": [ [ [ -71.251109540118435, 47.576683381303305 ], [ -71.257558984981486, 47.579492241163862 ], [ -71.257188993910546, 47.584676055297756 ], [ -71.250368253593805, 47.587050931248498 ], [ -71.243918312282645, 47.584241654317147 ], [ -71.244289607699642, 47.579057918574442 ], [ -71.251109540118435, 47.576683381303305 ] ] ] } },
{ "type": "Feature", "properties": { "hex_id": 782235, "centroid_lon": -71.249626551655822, "centroid_lat": 47.597418453583074, "occurrences_today": 34, "datetimes_today": "2026-07-25 13:59:59, 2026-07-25 14:17:10, 2026-07-25 14:32:01, 2026-07-25 14:46:57, 2026-07-25 15:02:21, 2026-07-25 15:17:09, 2026-07-25 15:31:58, 2026-07-25 15:47:16, 2026-07-25 16:01:43, 2026-07-25 16:16:43, 2026-07-25 16:27:38, 2026-07-25 16:46:44, 2026-07-25 17:02:39, 2026-07-25 17:17:07, 2026-07-25 17:46:39, 2026-07-25 18:02:04, 2026-07-25 18:16:44, 2026-07-25 18:27:33, 2026-07-25 18:47:11, 2026-07-25 19:02:48, 2026-07-25 19:16:47, 2026-07-25 19:32:40, 2026-07-25 19:46:57, 2026-07-25 20:01:44, 2026-07-25 20:16:47, 2026-07-25 20:32:27, 2026-07-25 20:47:08, 2026-07-25 21:02:08, 2026-07-25 21:15:55, 2026-07-25 21:31:47, 2026-07-25 21:47:11, 2026-07-25 22:01:48, 2026-07-25 22:16:38, 2026-07-25 22:31:39", "cumulative_total": 205.0 }, "geometry": { "type": "Polygon", "coordinates": [ [ [ -71.249997454569851, 47.592234695867482 ], [ -71.256448700771898, 47.595043662880897 ], [ -71.256078398630848, 47.600227456328696 ], [ -71.249255544814943, 47.602602204394501 ], [ -71.242803801785143, 47.599792820082463 ], [ -71.243175409362195, 47.594609105071896 ], [ -71.249997454569851, 47.592234695867482 ] ] ] } },
{ "type": "Feature", "properties": { "hex_id": 782236, "centroid_lon": -71.248513219205606, "centroid_lat": 47.61296968530192, "occurrences_today": 34, "datetimes_today": "2026-07-25 13:59:59, 2026-07-25 14:17:10, 2026-07-25 14:32:01, 2026-07-25 14:46:57, 2026-07-25 15:02:21, 2026-07-25 15:17:09, 2026-07-25 15:31:58, 2026-07-25 15:47:16, 2026-07-25 16:01:43, 2026-07-25 16:16:43, 2026-07-25 16:27:38, 2026-07-25 16:46:44, 2026-07-25 17:02:39, 2026-07-25 17:17:07, 2026-07-25 17:46:39, 2026-07-25 18:02:04, 2026-07-25 18:16:44, 2026-07-25 18:27:33, 2026-07-25 18:47:11, 2026-07-25 19:02:48, 2026-07-25 19:16:47, 2026-07-25 19:32:40, 2026-07-25 19:46:57, 2026-07-25 20:01:44, 2026-07-25 20:16:47, 2026-07-25 20:32:27, 2026-07-25 20:47:08, 2026-07-25 21:02:08, 2026-07-25 21:15:55, 2026-07-25 21:31:47, 2026-07-25 21:47:11, 2026-07-25 22:01:48, 2026-07-25 22:16:38, 2026-07-25 22:31:39", "cumulative_total": 205.0 }, "geometry": { "type": "Polygon", "coordinates": [ [ [ -71.248884434010478, 47.607785948301043 ], [ -71.255337483021719, 47.610595022532998 ], [ -71.254966869480199, 47.615778795288016 ], [ -71.248141900363507, 47.618153415396449 ], [ -71.241688354144557, 47.615343923637873 ], [ -71.242060274213159, 47.610160229366201 ], [ -71.248884434010478, 47.607785948301043 ] ] ] } },
{ "type": "Feature", "properties": { "hex_id": 782237, "centroid_lon": -71.247398950420333, "centroid_lat": 47.628520854863311, "occurrences_today": 34, "datetimes_today": "2026-07-25 13:59:59, 2026-07-25 14:17:10, 2026-07-25 14:32:01, 2026-07-25 14:46:57, 2026-07-25 15:02:21, 2026-07-25 15:17:09, 2026-07-25 15:31:58, 2026-07-25 15:47:16, 2026-07-25 16:01:43, 2026-07-25 16:16:43, 2026-07-25 16:27:38, 2026-07-25 16:46:44, 2026-07-25 17:02:39, 2026-07-25 17:17:07, 2026-07-25 17:46:39, 2026-07-25 18:02:04, 2026-07-25 18:16:44, 2026-07-25 18:27:33, 2026-07-25 18:47:11, 2026-07-25 19:02:48, 2026-07-25 19:16:47, 2026-07-25 19:32:40, 2026-07-25 19:46:57, 2026-07-25 20:01:44, 2026-07-25 20:16:47, 2026-07-25 20:32:27, 2026-07-25 20:47:08, 2026-07-25 21:02:08, 2026-07-25 21:15:55, 2026-07-25 21:31:47, 2026-07-25 21:47:11, 2026-07-25 22:01:48, 2026-07-25 22:16:38, 2026-07-25 22:31:39", "cumulative_total": 205.0 }, "geometry": { "type": "Polygon", "coordinates": [ [ [ -71.247770477447375, 47.623337138583814 ], [ -71.25422533073943, 47.626146320100084 ], [ -71.253854405466612, 47.631330072155656 ], [ -71.247027319245532, 47.633704564234208 ], [ -71.240571968365458, 47.630894964963218 ], [ -71.240944201257619, 47.625711291437128 ], [ -71.247770477447375, 47.623337138583814 ] ] ] } },
{ "type": "Feature", "properties": { "hex_id": 782238, "centroid_lon": -71.246283744305074, "centroid_lat": 47.644071962247118, "occurrences_today": 34, "datetimes_today": "2026-07-25 13:59:59, 2026-07-25 14:17:10, 2026-07-25 14:32:01, 2026-07-25 14:46:57, 2026-07-25 15:02:21, 2026-07-25 15:17:09, 2026-07-25 15:31:58, 2026-07-25 15:47:16, 2026-07-25 16:01:43, 2026-07-25 16:16:43, 2026-07-25 16:27:38, 2026-07-25 16:46:44, 2026-07-25 17:02:39, 2026-07-25 17:17:07, 2026-07-25 17:46:39, 2026-07-25 18:02:04, 2026-07-25 18:16:44, 2026-07-25 18:27:33, 2026-07-25 18:47:11, 2026-07-25 19:02:48, 2026-07-25 19:16:47, 2026-07-25 19:32:40, 2026-07-25 19:46:57, 2026-07-25 20:01:44, 2026-07-25 20:16:47, 2026-07-25 20:32:27, 2026-07-25 20:47:08, 2026-07-25 21:02:08, 2026-07-25 21:15:55, 2026-07-25 21:31:47, 2026-07-25 21:47:11, 2026-07-25 22:01:48, 2026-07-25 22:16:38, 2026-07-25 22:31:39", "cumulative_total": 205.0 }, "geometry": { "type": "Polygon", "coordinates": [ [ [ -71.246655583886096, 47.638888266695716 ], [ -71.253112242932048, 47.641697555562146 ], [ -71.252741005596633, 47.646881286911587 ], [ -71.245911800465606, 47.649255650887667 ], [ -71.239454643450983, 47.646445944038248 ], [ -71.239827189499124, 47.641262291264518 ], [ -71.246655583886096, 47.638888266695716 ] ] ] } },
{ "type": "Feature", "properties": { "hex_id": 782239, "centroid_lon": -71.245167599863436, "centroid_lat": 47.659623007433183, "occurrences_today": 34, "datetimes_today": "2026-07-25 13:59:59, 2026-07-25 14:17:10, 2026-07-25 14:32:01, 2026-07-25 14:46:57, 2026-07-25 15:02:21, 2026-07-25 15:17:09, 2026-07-25 15:31:58, 2026-07-25 15:47:16, 2026-07-25 16:01:43, 2026-07-25 16:16:43, 2026-07-25 16:27:38, 2026-07-25 16:46:44, 2026-07-25 17:02:39, 2026-07-25 17:17:07, 2026-07-25 17:46:39, 2026-07-25 18:02:04, 2026-07-25 18:16:44, 2026-07-25 18:27:33, 2026-07-25 18:47:11, 2026-07-25 19:02:48, 2026-07-25 19:16:47, 2026-07-25 19:32:40, 2026-07-25 19:46:57, 2026-07-25 20:01:44, 2026-07-25 20:16:47, 2026-07-25 20:32:27, 2026-07-25 20:47:08, 2026-07-25 21:02:08, 2026-07-25 21:15:55, 2026-07-25 21:31:47, 2026-07-25 21:47:11, 2026-07-25 22:01:48, 2026-07-25 22:16:38, 2026-07-25 22:31:39", "cumulative_total": 205.0 }, "geometry": { "type": "Polygon", "coordinates": [ [ [ -71.245539752330714, 47.654439332616604 ], [ -71.251998218605181, 47.657248728899113 ], [ -71.25162666887536, 47.662432439535692 ], [ -71.244795343026823, 47.664806675336642 ], [ -71.238336378402735, 47.661996860842734 ], [ -71.238709237939815, 47.656813228828106 ], [ -71.245539752330714, 47.654439332616604 ] ] ] } },
{ "type": "Feature", "properties": { "hex_id": 782240, "centroid_lon": -71.244050516097516, "centroid_lat": 47.675173990401305, "occurrences_today": 34, "datetimes_today": "2026-07-25 13:59:59, 2026-07-25 14:17:10, 2026-07-25 14:32:01, 2026-07-25 14:46:57, 2026-07-25 15:02:21, 2026-07-25 15:17:09, 2026-07-25 15:31:58, 2026-07-25 15:47:16, 2026-07-25 16:01:43, 2026-07-25 16:16:43, 2026-07-25 16:27:38, 2026-07-25 16:46:44, 2026-07-25 17:02:39, 2026-07-25 17:17:07, 2026-07-25 17:46:39, 2026-07-25 18:02:04, 2026-07-25 18:16:44, 2026-07-25 18:27:33, 2026-07-25 18:47:11, 2026-07-25 19:02:48, 2026-07-25 19:16:47, 2026-07-25 19:32:40, 2026-07-25 19:46:57, 2026-07-25 20:01:44, 2026-07-25 20:16:47, 2026-07-25 20:32:27, 2026-07-25 20:47:08, 2026-07-25 21:02:08, 2026-07-25 21:15:55, 2026-07-25 21:31:47, 2026-07-25 21:47:11, 2026-07-25 22:01:48, 2026-07-25 22:16:38, 2026-07-25 22:31:39", "cumulative_total": 205.0 }, "geometry": { "type": "Polygon", "coordinates": [ [ [ -71.244422981783842, 47.669990336326265 ], [ -71.250883256762904, 47.672799840090853 ], [ -71.250511394306386, 47.677983530007921 ], [ -71.243677945930813, 47.680357637560988 ], [ -71.237217172220866, 47.67754771535644 ], [ -71.237590345580344, 47.672364104107658 ], [ -71.244422981783842, 47.669990336326265 ] ] ] } },
{ "type": "Feature", "properties": { "hex_id": 782241, "centroid_lon": -71.242932492007995, "centroid_lat": 47.690724911131305, "occurrences_today": 34, "datetimes_today": "2026-07-25 13:59:59, 2026-07-25 14:17:10, 2026-07-25 14:32:01, 2026-07-25 14:46:57, 2026-07-25 15:02:21, 2026-07-25 15:17:09, 2026-07-25 15:31:58, 2026-07-25 15:47:16, 2026-07-25 16:01:43, 2026-07-25 16:16:43, 2026-07-25 16:27:38, 2026-07-25 16:46:44, 2026-07-25 17:02:39, 2026-07-25 17:17:07, 2026-07-25 17:46:39, 2026-07-25 18:02:04, 2026-07-25 18:16:44, 2026-07-25 18:27:33, 2026-07-25 18:47:11, 2026-07-25 19:02:48, 2026-07-25 19:16:47, 2026-07-25 19:32:40, 2026-07-25 19:46:57, 2026-07-25 20:01:44, 2026-07-25 20:16:47, 2026-07-25 20:32:27, 2026-07-25 20:47:08, 2026-07-25 21:02:08, 2026-07-25 21:15:55, 2026-07-25 21:31:47, 2026-07-25 21:47:11, 2026-07-25 22:01:48, 2026-07-25 22:16:38, 2026-07-25 22:31:39", "cumulative_total": 205.0 }, "geometry": { "type": "Polygon", "coordinates": [ [ [ -71.243305271246655, 47.685541277804568 ], [ -71.249767356407844, 47.688350889117309 ], [ -71.249395180891824, 47.69353455830813 ], [ -71.242559608177743, 47.695908537540454 ], [ -71.236097023904051, 47.693098507559064 ], [ -71.236470511419853, 47.687914917082907 ], [ -71.243305271246655, 47.685541277804568 ] ] ] } },
{ "type": "Feature", "properties": { "hex_id": 782839, "centroid_lon": -71.250216218074357, "centroid_lat": 47.49611720754411, "occurrences_today": 34, "datetimes_today": "2026-07-25 13:59:59, 2026-07-25 14:17:10, 2026-07-25 14:32:01, 2026-07-25 14:46:57, 2026-07-25 15:02:21, 2026-07-25 15:17:09, 2026-07-25 15:31:58, 2026-07-25 15:47:16, 2026-07-25 16:01:43, 2026-07-25 16:16:43, 2026-07-25 16:27:38, 2026-07-25 16:46:44, 2026-07-25 17:02:39, 2026-07-25 17:17:07, 2026-07-25 17:46:39, 2026-07-25 18:02:04, 2026-07-25 18:16:44, 2026-07-25 18:27:33, 2026-07-25 18:47:11, 2026-07-25 19:02:48, 2026-07-25 19:16:47, 2026-07-25 19:32:40, 2026-07-25 19:46:57, 2026-07-25 20:01:44, 2026-07-25 20:16:47, 2026-07-25 20:32:27, 2026-07-25 20:47:08, 2026-07-25 21:02:08, 2026-07-25 21:15:55, 2026-07-25 21:31:47, 2026-07-25 21:47:11, 2026-07-25 22:01:48, 2026-07-25 22:16:38, 2026-07-25 22:31:39", "cumulative_total": 205.0 }, "geometry": { "type": "Polygon", "coordinates": [ [ [ -71.250585750821998, 47.490933354446007 ], [ -71.25702491261903, 47.493741988471676 ], [ -71.256655977351272, 47.498925877224941 ], [ -71.249846581932914, 47.501301053744918 ], [ -71.243406926068033, 47.498492003847396 ], [ -71.243777159652879, 47.49330819337014 ], [ -71.250585750821998, 47.490933354446007 ] ] ] } },
{ "type": "Feature", "properties": { "hex_id": 782840, "centroid_lon": -71.249106999322635, "centroid_lat": 47.511668725451635, "occurrences_today": 34, "datetimes_today": "2026-07-25 13:59:59, 2026-07-25 14:17:10, 2026-07-25 14:32:01, 2026-07-25 14:46:57, 2026-07-25 15:02:21, 2026-07-25 15:17:09, 2026-07-25 15:31:58, 2026-07-25 15:47:16, 2026-07-25 16:01:43, 2026-07-25 16:16:43, 2026-07-25 16:27:38, 2026-07-25 16:46:44, 2026-07-25 17:02:39, 2026-07-25 17:17:07, 2026-07-25 17:46:39, 2026-07-25 18:02:04, 2026-07-25 18:16:44, 2026-07-25 18:27:33, 2026-07-25 18:47:11, 2026-07-25 19:02:48, 2026-07-25 19:16:47, 2026-07-25 19:32:40, 2026-07-25 19:46:57, 2026-07-25 20:01:44, 2026-07-25 20:16:47, 2026-07-25 20:32:27, 2026-07-25 20:47:08, 2026-07-25 21:02:08, 2026-07-25 21:15:55, 2026-07-25 21:31:47, 2026-07-25 21:47:11, 2026-07-25 22:01:48, 2026-07-25 22:16:38, 2026-07-25 22:31:39", "cumulative_total": 205.0 }, "geometry": { "type": "Polygon", "coordinates": [ [ [ -71.249476842361162, 47.506484893047663 ], [ -71.25591779708482, 47.509293634060569 ], [ -71.255548552013224, 47.514477502141474 ], [ -71.248737052780754, 47.516852550956052 ], [ -71.242295603611765, 47.51404339384424 ], [ -71.242666148084041, 47.508859604085195 ], [ -71.249476842361162, 47.506484893047663 ] ] ] } },
{ "type": "Feature", "properties": { "hex_id": 782841, "centroid_lon": -71.247996849040874, "centroid_lat": 47.527220181263317, "occurrences_today": 34, "datetimes_today": "2026-07-25 13:59:59, 2026-07-25 14:17:10, 2026-07-25 14:32:01, 2026-07-25 14:46:57, 2026-07-25 15:02:21, 2026-07-25 15:17:09, 2026-07-25 15:31:58, 2026-07-25 15:47:16, 2026-07-25 16:01:43, 2026-07-25 16:16:43, 2026-07-25 16:27:38, 2026-07-25 16:46:44, 2026-07-25 17:02:39, 2026-07-25 17:17:07, 2026-07-25 17:46:39, 2026-07-25 18:02:04, 2026-07-25 18:16:44, 2026-07-25 18:27:33, 2026-07-25 18:47:11, 2026-07-25 19:02:48, 2026-07-25 19:16:47, 2026-07-25 19:32:40, 2026-07-25 19:46:57, 2026-07-25 20:01:44, 2026-07-25 20:16:47, 2026-07-25 20:32:27, 2026-07-25 20:47:08, 2026-07-25 21:02:08, 2026-07-25 21:15:55, 2026-07-25 21:31:47, 2026-07-25 21:47:11, 2026-07-25 22:01:48, 2026-07-25 22:16:38, 2026-07-25 22:31:39", "cumulative_total": 205.0 }, "geometry": { "type": "Polygon", "coordinates": [ [ [ -71.248367002699027, 47.52203636956019 ], [ -71.254809751810967, 47.52484521762571 ], [ -71.254440196607305, 47.530029065027584 ], [ -71.247626591769702, 47.532403986064679 ], [ -71.241183347834578, 47.52959472167305 ], [ -71.241554203523648, 47.524410952638924 ], [ -71.248367002699027, 47.52203636956019 ] ] ] } },
{ "type": "Feature", "properties": { "hex_id": 782843, "centroid_lon": -71.2457737499373, "centroid_lat": 47.558322906518882, "occurrences_today": 34, "datetimes_today": "2026-07-25 13:59:59, 2026-07-25 14:17:10, 2026-07-25 14:32:01, 2026-07-25 14:46:57, 2026-07-25 15:02:21, 2026-07-25 15:17:09, 2026-07-25 15:31:58, 2026-07-25 15:47:16, 2026-07-25 16:01:43, 2026-07-25 16:16:43, 2026-07-25 16:27:38, 2026-07-25 16:46:44, 2026-07-25 17:02:39, 2026-07-25 17:17:07, 2026-07-25 17:46:39, 2026-07-25 18:02:04, 2026-07-25 18:16:44, 2026-07-25 18:27:33, 2026-07-25 18:47:11, 2026-07-25 19:02:48, 2026-07-25 19:16:47, 2026-07-25 19:32:40, 2026-07-25 19:46:57, 2026-07-25 20:01:44, 2026-07-25 20:16:47, 2026-07-25 20:32:27, 2026-07-25 20:47:08, 2026-07-25 21:02:08, 2026-07-25 21:15:55, 2026-07-25 21:31:47, 2026-07-25 21:47:11, 2026-07-25 22:01:48, 2026-07-25 22:16:38, 2026-07-25 22:31:39", "cumulative_total": 205.0 }, "geometry": { "type": "Polygon", "coordinates": [ [ [ -71.2461445258228, 47.553139136237533 ], [ -71.252590868102189, 47.555948198604739 ], [ -71.252220691647764, 47.561132004628547 ], [ -71.245402870218939, 47.563506669893989 ], [ -71.238956032359681, 47.56069719074582 ], [ -71.23932751147241, 47.555513463181718 ], [ -71.2461445258228, 47.553139136237533 ] ] ] } },
{ "type": "Feature", "properties": { "hex_id": 782844, "centroid_lon": -71.244660799136852, "centroid_lat": 47.573874175922512, "occurrences_today": 34, "datetimes_today": "2026-07-25 13:59:59, 2026-07-25 14:17:10, 2026-07-25 14:32:01, 2026-07-25 14:46:57, 2026-07-25 15:02:21, 2026-07-25 15:17:09, 2026-07-25 15:31:58, 2026-07-25 15:47:16, 2026-07-25 16:01:43, 2026-07-25 16:16:43, 2026-07-25 16:27:38, 2026-07-25 16:46:44, 2026-07-25 17:02:39, 2026-07-25 17:17:07, 2026-07-25 17:46:39, 2026-07-25 18:02:04, 2026-07-25 18:16:44, 2026-07-25 18:27:33, 2026-07-25 18:47:11, 2026-07-25 19:02:48, 2026-07-25 19:16:47, 2026-07-25 19:32:40, 2026-07-25 19:46:57, 2026-07-25 20:01:44, 2026-07-25 20:16:47, 2026-07-25 20:32:27, 2026-07-25 20:47:08, 2026-07-25 21:02:08, 2026-07-25 21:15:55, 2026-07-25 21:31:47, 2026-07-25 21:47:11, 2026-07-25 22:01:48, 2026-07-25 22:16:38, 2026-07-25 22:31:39", "cumulative_total": 205.0 }, "geometry": { "type": "Polygon", "coordinates": [ [ [ -71.245031886631025, 47.568690426362117 ], [ -71.251480027692537, 47.571499595978565 ], [ -71.251109540118435, 47.576683381303305 ], [ -71.244289607699642, 47.579057918574442 ], [ -71.237840970679443, 47.576248331949408 ], [ -71.238212761999989, 47.571064625130418 ], [ -71.245031886631025, 47.568690426362117 ] ] ] } },
{ "type": "Feature", "properties": { "hex_id": 782845, "centroid_lon": -71.243546912849098, "centroid_lat": 47.58942538314988, "occurrences_today": 34, "datetimes_today": "2026-07-25 13:59:59, 2026-07-25 14:17:10, 2026-07-25 14:32:01, 2026-07-25 14:46:57, 2026-07-25 15:02:21, 2026-07-25 15:17:09, 2026-07-25 15:31:58, 2026-07-25 15:47:16, 2026-07-25 16:01:43, 2026-07-25 16:16:43, 2026-07-25 16:27:38, 2026-07-25 16:46:44, 2026-07-25 17:02:39, 2026-07-25 17:17:07, 2026-07-25 17:46:39, 2026-07-25 18:02:04, 2026-07-25 18:16:44, 2026-07-25 18:27:33, 2026-07-25 18:47:11, 2026-07-25 19:02:48, 2026-07-25 19:16:47, 2026-07-25 19:32:40, 2026-07-25 19:46:57, 2026-07-25 20:01:44, 2026-07-25 20:16:47, 2026-07-25 20:32:27, 2026-07-25 20:47:08, 2026-07-25 21:02:08, 2026-07-25 21:15:55, 2026-07-25 21:31:47, 2026-07-25 21:47:11, 2026-07-25 22:01:48, 2026-07-25 22:16:38, 2026-07-25 22:31:39", "cumulative_total": 205.0 }, "geometry": { "type": "Polygon", "coordinates": [ [ [ -71.243918312282645, 47.584241654317147 ], [ -71.250368253593805, 47.587050931248498 ], [ -71.249997454569851, 47.592234695867482 ], [ -71.243175409362195, 47.594609105071896 ], [ -71.236724971713215, 47.591799410904159 ], [ -71.237097075572905, 47.586615724837031 ], [ -71.243918312282645, 47.584241654317147 ] ] ] } },
{ "type": "Feature", "properties": { "hex_id": 782846, "centroid_lon": -71.242432090081081, "centroid_lat": 47.604976528180828, "occurrences_today": 34, "datetimes_today": "2026-07-25 13:59:59, 2026-07-25 14:17:10, 2026-07-25 14:32:01, 2026-07-25 14:46:57, 2026-07-25 15:02:21, 2026-07-25 15:17:09, 2026-07-25 15:31:58, 2026-07-25 15:47:16, 2026-07-25 16:01:43, 2026-07-25 16:16:43, 2026-07-25 16:27:38, 2026-07-25 16:46:44, 2026-07-25 17:02:39, 2026-07-25 17:17:07, 2026-07-25 17:46:39, 2026-07-25 18:02:04, 2026-07-25 18:16:44, 2026-07-25 18:27:33, 2026-07-25 18:47:11, 2026-07-25 19:02:48, 2026-07-25 19:16:47, 2026-07-25 19:32:40, 2026-07-25 19:46:57, 2026-07-25 20:01:44, 2026-07-25 20:16:47, 2026-07-25 20:32:27, 2026-07-25 20:47:08, 2026-07-25 21:02:08, 2026-07-25 21:15:55, 2026-07-25 21:31:47, 2026-07-25 21:47:11, 2026-07-25 22:01:48, 2026-07-25 22:16:38, 2026-07-25 22:31:39", "cumulative_total": 205.0 }, "geometry": { "type": "Polygon", "coordinates": [ [ [ -71.242803801785143, 47.599792820082463 ], [ -71.249255544814943, 47.602602204394501 ], [ -71.248884434010478, 47.607785948301043 ], [ -71.242060274213159, 47.610160229366201 ], [ -71.23560803446604, 47.60735042758985 ], [ -71.235980451196667, 47.602166762281321 ], [ -71.242803801785143, 47.599792820082463 ] ] ] } },
{ "type": "Feature", "properties": { "hex_id": 782847, "centroid_lon": -71.241316329838341, "centroid_lat": 47.620527610995104, "occurrences_today": 34, "datetimes_today": "2026-07-25 13:59:59, 2026-07-25 14:17:10, 2026-07-25 14:32:01, 2026-07-25 14:46:57, 2026-07-25 15:02:21, 2026-07-25 15:17:09, 2026-07-25 15:31:58, 2026-07-25 15:47:16, 2026-07-25 16:01:43, 2026-07-25 16:16:43, 2026-07-25 16:27:38, 2026-07-25 16:46:44, 2026-07-25 17:02:39, 2026-07-25 17:17:07, 2026-07-25 17:46:39, 2026-07-25 18:02:04, 2026-07-25 18:16:44, 2026-07-25 18:27:33, 2026-07-25 18:47:11, 2026-07-25 19:02:48, 2026-07-25 19:16:47, 2026-07-25 19:32:40, 2026-07-25 19:46:57, 2026-07-25 20:01:44, 2026-07-25 20:16:47, 2026-07-25 20:32:27, 2026-07-25 20:47:08, 2026-07-25 21:02:08, 2026-07-25 21:15:55, 2026-07-25 21:31:47, 2026-07-25 21:47:11, 2026-07-25 22:01:48, 2026-07-25 22:16:38, 2026-07-25 22:31:39", "cumulative_total": 205.0 }, "geometry": { "type": "Polygon", "coordinates": [ [ [ -71.241688354144557, 47.615343923637873 ], [ -71.248141900363507, 47.618153415396449 ], [ -71.247770477447375, 47.623337138583814 ], [ -71.240944201257619, 47.625711291437128 ], [ -71.234490157941522, 47.622901381986189 ], [ -71.234862887875408, 47.617717737443044 ], [ -71.241688354144557, 47.615343923637873 ] ] ] } },
{ "type": "Feature", "properties": { "hex_id": 782848, "centroid_lon": -71.240199631124952, "centroid_lat": 47.636078631572602, "occurrences_today": 34, "datetimes_today": "2026-07-25 13:59:59, 2026-07-25 14:17:10, 2026-07-25 14:32:01, 2026-07-25 14:46:57, 2026-07-25 15:02:21, 2026-07-25 15:17:09, 2026-07-25 15:31:58, 2026-07-25 15:47:16, 2026-07-25 16:01:43, 2026-07-25 16:16:43, 2026-07-25 16:27:38, 2026-07-25 16:46:44, 2026-07-25 17:02:39, 2026-07-25 17:17:07, 2026-07-25 17:46:39, 2026-07-25 18:02:04, 2026-07-25 18:16:44, 2026-07-25 18:27:33, 2026-07-25 18:47:11, 2026-07-25 19:02:48, 2026-07-25 19:16:47, 2026-07-25 19:32:40, 2026-07-25 19:46:57, 2026-07-25 20:01:44, 2026-07-25 20:16:47, 2026-07-25 20:32:27, 2026-07-25 20:47:08, 2026-07-25 21:02:08, 2026-07-25 21:15:55, 2026-07-25 21:31:47, 2026-07-25 21:47:11, 2026-07-25 22:01:48, 2026-07-25 22:16:38, 2026-07-25 22:31:39", "cumulative_total": 205.0 }, "geometry": { "type": "Polygon", "coordinates": [ [ [ -71.240571968365458, 47.630894964963218 ], [ -71.247027319245532, 47.633704564234208 ], [ -71.246655583886096, 47.638888266695716 ], [ -71.239827189499124, 47.641262291264518 ], [ -71.23337134114179, 47.638452274072918 ], [ -71.233744384611725, 47.633268650301886 ], [ -71.240571968365458, 47.630894964963218 ] ] ] } },
{ "type": "Feature", "properties": { "hex_id": 782849, "centroid_lon": -71.239081992943554, "centroid_lat": 47.651629589893034, "occurrences_today": 34, "datetimes_today": "2026-07-25 13:59:59, 2026-07-25 14:17:10, 2026-07-25 14:32:01, 2026-07-25 14:46:57, 2026-07-25 15:02:21, 2026-07-25 15:17:09, 2026-07-25 15:31:58, 2026-07-25 15:47:16, 2026-07-25 16:01:43, 2026-07-25 16:16:43, 2026-07-25 16:27:38, 2026-07-25 16:46:44, 2026-07-25 17:02:39, 2026-07-25 17:17:07, 2026-07-25 17:46:39, 2026-07-25 18:02:04, 2026-07-25 18:16:44, 2026-07-25 18:27:33, 2026-07-25 18:47:11, 2026-07-25 19:02:48, 2026-07-25 19:16:47, 2026-07-25 19:32:40, 2026-07-25 19:46:57, 2026-07-25 20:01:44, 2026-07-25 20:16:47, 2026-07-25 20:32:27, 2026-07-25 20:47:08, 2026-07-25 21:02:08, 2026-07-25 21:15:55, 2026-07-25 21:31:47, 2026-07-25 21:47:11, 2026-07-25 22:01:48, 2026-07-25 22:16:38, 2026-07-25 22:31:39", "cumulative_total": 205.0 }, "geometry": { "type": "Polygon", "coordinates": [ [ [ -71.239454643450983, 47.646445944038248 ], [ -71.245911800465606, 47.649255650887667 ], [ -71.245539752330714, 47.654439332616604 ], [ -71.238709237939815, 47.656813228828106 ], [ -71.23225158306748, 47.65400310382973 ], [ -71.232624940406737, 47.64881950083759 ], [ -71.239454643450983, 47.646445944038248 ] ] ] } },
{ "type": "Feature", "properties": { "hex_id": 782850, "centroid_lon": -71.237963414295265, "centroid_lat": 47.66718048593615, "occurrences_today": 34, "datetimes_today": "2026-07-25 13:59:59, 2026-07-25 14:17:10, 2026-07-25 14:32:01, 2026-07-25 14:46:57, 2026-07-25 15:02:21, 2026-07-25 15:17:09, 2026-07-25 15:31:58, 2026-07-25 15:47:16, 2026-07-25 16:01:43, 2026-07-25 16:16:43, 2026-07-25 16:27:38, 2026-07-25 16:46:44, 2026-07-25 17:02:39, 2026-07-25 17:17:07, 2026-07-25 17:46:39, 2026-07-25 18:02:04, 2026-07-25 18:16:44, 2026-07-25 18:27:33, 2026-07-25 18:47:11, 2026-07-25 19:02:48, 2026-07-25 19:16:47, 2026-07-25 19:32:40, 2026-07-25 19:46:57, 2026-07-25 20:01:44, 2026-07-25 20:16:47, 2026-07-25 20:32:27, 2026-07-25 20:47:08, 2026-07-25 21:02:08, 2026-07-25 21:15:55, 2026-07-25 21:31:47, 2026-07-25 21:47:11, 2026-07-25 22:01:48, 2026-07-25 22:16:38, 2026-07-25 22:31:39", "cumulative_total": 205.0 }, "geometry": { "type": "Polygon", "coordinates": [ [ [ -71.238336378402735, 47.661996860842734 ], [ -71.244795343026823, 47.664806675336642 ], [ -71.244422981783842, 47.669990336326265 ], [ -71.237590345580344, 47.672364104107658 ], [ -71.23113088271775, 47.669553871236275 ], [ -71.231504554260098, 47.664370289029819 ], [ -71.238336378402735, 47.661996860842734 ] ] ] } },
{ "type": "Feature", "properties": { "hex_id": 782851, "centroid_lon": -71.236843894179756, "centroid_lat": 47.682731319681764, "occurrences_today": 34, "datetimes_today": "2026-07-25 13:59:59, 2026-07-25 14:17:10, 2026-07-25 14:32:01, 2026-07-25 14:46:57, 2026-07-25 15:02:21, 2026-07-25 15:17:09, 2026-07-25 15:31:58, 2026-07-25 15:47:16, 2026-07-25 16:01:43, 2026-07-25 16:16:43, 2026-07-25 16:27:38, 2026-07-25 16:46:44, 2026-07-25 17:02:39, 2026-07-25 17:17:07, 2026-07-25 17:46:39, 2026-07-25 18:02:04, 2026-07-25 18:16:44, 2026-07-25 18:27:33, 2026-07-25 18:47:11, 2026-07-25 19:02:48, 2026-07-25 19:16:47, 2026-07-25 19:32:40, 2026-07-25 19:46:57, 2026-07-25 20:01:44, 2026-07-25 20:16:47, 2026-07-25 20:32:27, 2026-07-25 20:47:08, 2026-07-25 21:02:08, 2026-07-25 21:15:55, 2026-07-25 21:31:47, 2026-07-25 21:47:11, 2026-07-25 22:01:48, 2026-07-25 22:16:38, 2026-07-25 22:31:39", "cumulative_total": 205.0 }, "geometry": { "type": "Polygon", "coordinates": [ [ [ -71.237217172220866, 47.67754771535644 ], [ -71.243677945930813, 47.680357637560988 ], [ -71.243305271246655, 47.685541277804568 ], [ -71.236470511419853, 47.687914917082907 ], [ -71.230009239090279, 47.685104576272231 ], [ -71.230383225170016, 47.67992101485823 ], [ -71.237217172220866, 47.67754771535644 ] ] ] } },
{ "type": "Feature", "properties": { "hex_id": 782852, "centroid_lon": -71.235723431595176, "centroid_lat": 47.698282091109526, "occurrences_today": 34, "datetimes_today": "2026-07-25 13:59:59, 2026-07-25 14:17:10, 2026-07-25 14:32:01, 2026-07-25 14:46:57, 2026-07-25 15:02:21, 2026-07-25 15:17:09, 2026-07-25 15:31:58, 2026-07-25 15:47:16, 2026-07-25 16:01:43, 2026-07-25 16:16:43, 2026-07-25 16:27:38, 2026-07-25 16:46:44, 2026-07-25 17:02:39, 2026-07-25 17:17:07, 2026-07-25 17:46:39, 2026-07-25 18:02:04, 2026-07-25 18:16:44, 2026-07-25 18:27:33, 2026-07-25 18:47:11, 2026-07-25 19:02:48, 2026-07-25 19:16:47, 2026-07-25 19:32:40, 2026-07-25 19:46:57, 2026-07-25 20:01:44, 2026-07-25 20:16:47, 2026-07-25 20:32:27, 2026-07-25 20:47:08, 2026-07-25 21:02:08, 2026-07-25 21:15:55, 2026-07-25 21:31:47, 2026-07-25 21:47:11, 2026-07-25 22:01:48, 2026-07-25 22:16:38, 2026-07-25 22:31:39", "cumulative_total": 205.0 }, "geometry": { "type": "Polygon", "coordinates": [ [ [ -71.236097023904051, 47.693098507559064 ], [ -71.242559608177743, 47.695908537540454 ], [ -71.24218661971878, 47.701092157031269 ], [ -71.235349734456037, 47.703465667733532 ], [ -71.22888665118127, 47.700655218917213 ], [ -71.229260952133131, 47.695471678302468 ], [ -71.236097023904051, 47.693098507559064 ] ] ] } },
{ "type": "Feature", "properties": { "hex_id": 783449, "centroid_lon": -71.244147289681706, "centroid_lat": 47.488124375988299, "occurrences_today": 34, "datetimes_today": "2026-07-25 13:59:59, 2026-07-25 14:17:10, 2026-07-25 14:32:01, 2026-07-25 14:46:57, 2026-07-25 15:02:21, 2026-07-25 15:17:09, 2026-07-25 15:31:58, 2026-07-25 15:47:16, 2026-07-25 16:01:43, 2026-07-25 16:16:43, 2026-07-25 16:27:38, 2026-07-25 16:46:44, 2026-07-25 17:02:39, 2026-07-25 17:17:07, 2026-07-25 17:46:39, 2026-07-25 18:02:04, 2026-07-25 18:16:44, 2026-07-25 18:27:33, 2026-07-25 18:47:11, 2026-07-25 19:02:48, 2026-07-25 19:16:47, 2026-07-25 19:32:40, 2026-07-25 19:46:57, 2026-07-25 20:01:44, 2026-07-25 20:16:47, 2026-07-25 20:32:27, 2026-07-25 20:47:08, 2026-07-25 21:02:08, 2026-07-25 21:15:55, 2026-07-25 21:31:47, 2026-07-25 21:47:11, 2026-07-25 22:01:48, 2026-07-25 22:16:38, 2026-07-25 22:31:39", "cumulative_total": 205.0 }, "geometry": { "type": "Polygon", "coordinates": [ [ [ -71.244517316191008, 47.48294055170264 ], [ -71.250955180212301, 47.485749494451319 ], [ -71.250585750821998, 47.490933354446007 ], [ -71.243777159652879, 47.49330819337014 ], [ -71.23733880205036, 47.490498834811582 ], [ -71.237709529161663, 47.485315053207124 ], [ -71.244517316191008, 47.48294055170264 ] ] ] } },
{ "type": "Feature", "properties": { "hex_id": 783450, "centroid_lon": -71.243036588890604, "centroid_lat": 47.503675807419327, "occurrences_today": 34, "datetimes_today": "2026-07-25 13:59:59, 2026-07-25 14:17:10, 2026-07-25 14:32:01, 2026-07-25 14:46:57, 2026-07-25 15:02:21, 2026-07-25 15:17:09, 2026-07-25 15:31:58, 2026-07-25 15:47:16, 2026-07-25 16:01:43, 2026-07-25 16:16:43, 2026-07-25 16:27:38, 2026-07-25 16:46:44, 2026-07-25 17:02:39, 2026-07-25 17:17:07, 2026-07-25 17:46:39, 2026-07-25 18:02:04, 2026-07-25 18:16:44, 2026-07-25 18:27:33, 2026-07-25 18:47:11, 2026-07-25 19:02:48, 2026-07-25 19:16:47, 2026-07-25 19:32:40, 2026-07-25 19:46:57, 2026-07-25 20:01:44, 2026-07-25 20:16:47, 2026-07-25 20:32:27, 2026-07-25 20:47:08, 2026-07-25 21:02:08, 2026-07-25 21:15:55, 2026-07-25 21:31:47, 2026-07-25 21:47:11, 2026-07-25 22:01:48, 2026-07-25 22:16:38, 2026-07-25 22:31:39", "cumulative_total": 205.0 }, "geometry": { "type": "Polygon", "coordinates": [ [ [ -71.243406926068033, 47.498492003847396 ], [ -71.249846581932914, 47.501301053744918 ], [ -71.249476842361162, 47.506484893047663 ], [ -71.242666148084041, 47.508859604085195 ], [ -71.236225998260906, 47.506050138150762 ], [ -71.236597036636581, 47.500866377284154 ], [ -71.243406926068033, 47.498492003847396 ] ] ] } },
{ "type": "Feature", "properties": { "hex_id": 783451, "centroid_lon": -71.24192495543717, "centroid_lat": 47.51922717669575, "occurrences_today": 34, "datetimes_today": "2026-07-25 13:59:59, 2026-07-25 14:17:10, 2026-07-25 14:32:01, 2026-07-25 14:46:57, 2026-07-25 15:02:21, 2026-07-25 15:17:09, 2026-07-25 15:31:58, 2026-07-25 15:47:16, 2026-07-25 16:01:43, 2026-07-25 16:16:43, 2026-07-25 16:27:38, 2026-07-25 16:46:44, 2026-07-25 17:02:39, 2026-07-25 17:17:07, 2026-07-25 17:46:39, 2026-07-25 18:02:04, 2026-07-25 18:16:44, 2026-07-25 18:27:33, 2026-07-25 18:47:11, 2026-07-25 19:02:48, 2026-07-25 19:16:47, 2026-07-25 19:32:40, 2026-07-25 19:46:57, 2026-07-25 20:01:44, 2026-07-25 20:16:47, 2026-07-25 20:32:27, 2026-07-25 20:47:08, 2026-07-25 21:02:08, 2026-07-25 21:15:55, 2026-07-25 21:31:47, 2026-07-25 21:47:11, 2026-07-25 22:01:48, 2026-07-25 22:16:38, 2026-07-25 22:31:39", "cumulative_total": 205.0 }, "geometry": { "type": "Polygon", "coordinates": [ [ [ -71.242295603611765, 47.51404339384424 ], [ -71.248737052780754, 47.516852550956052 ], [ -71.248367002699027, 47.52203636956019 ], [ -71.241554203523648, 47.524410952638924 ], [ -71.235112260019022, 47.521601379263039 ], [ -71.23548360998879, 47.516417639140975 ], [ -71.242295603611765, 47.51404339384424 ] ] ] } },
{ "type": "Feature", "properties": { "hex_id": 783453, "centroid_lon": -71.239698886589395, "centroid_lat": 47.550329728704071, "occurrences_today": 34, "datetimes_today": "2026-07-25 13:59:59, 2026-07-25 14:17:10, 2026-07-25 14:32:01, 2026-07-25 14:46:57, 2026-07-25 15:02:21, 2026-07-25 15:17:09, 2026-07-25 15:31:58, 2026-07-25 15:47:16, 2026-07-25 16:01:43, 2026-07-25 16:16:43, 2026-07-25 16:27:38, 2026-07-25 16:46:44, 2026-07-25 17:02:39, 2026-07-25 17:17:07, 2026-07-25 17:46:39, 2026-07-25 18:02:04, 2026-07-25 18:16:44, 2026-07-25 18:27:33, 2026-07-25 18:47:11, 2026-07-25 19:02:48, 2026-07-25 19:16:47, 2026-07-25 19:32:40, 2026-07-25 19:46:57, 2026-07-25 20:01:44, 2026-07-25 20:16:47, 2026-07-25 20:32:27, 2026-07-25 20:47:08, 2026-07-25 21:02:08, 2026-07-25 21:15:55, 2026-07-25 21:31:47, 2026-07-25 21:47:11, 2026-07-25 22:01:48, 2026-07-25 22:16:38, 2026-07-25 22:31:39", "cumulative_total": 209.0 }, "geometry": { "type": "Polygon", "coordinates": [ [ [ -71.240070157747382, 47.545145987313632 ], [ -71.246515197912117, 47.54795535905069 ], [ -71.2461445258228, 47.553139136237533 ], [ -71.23932751147241, 47.555513463181718 ], [ -71.232881976216362, 47.552703674725841 ], [ -71.233253950365281, 47.547519976113136 ], [ -71.240070157747382, 47.545145987313632 ] ] ] } },
{ "type": "Feature", "properties": { "hex_id": 783454, "centroid_lon": -71.238584449214471, "centroid_lat": 47.565880911395631, "occurrences_today": 34, "datetimes_today": "2026-07-25 13:59:59, 2026-07-25 14:17:10, 2026-07-25 14:32:01, 2026-07-25 14:46:57, 2026-07-25 15:02:21, 2026-07-25 15:17:09, 2026-07-25 15:31:58, 2026-07-25 15:47:16, 2026-07-25 16:01:43, 2026-07-25 16:16:43, 2026-07-25 16:27:38, 2026-07-25 16:46:44, 2026-07-25 17:02:39, 2026-07-25 17:17:07, 2026-07-25 17:46:39, 2026-07-25 18:02:04, 2026-07-25 18:16:44, 2026-07-25 18:27:33, 2026-07-25 18:47:11, 2026-07-25 19:02:48, 2026-07-25 19:16:47, 2026-07-25 19:32:40, 2026-07-25 19:46:57, 2026-07-25 20:01:44, 2026-07-25 20:16:47, 2026-07-25 20:32:27, 2026-07-25 20:47:08, 2026-07-25 21:02:08, 2026-07-25 21:15:55, 2026-07-25 21:31:47, 2026-07-25 21:47:11, 2026-07-25 22:01:48, 2026-07-25 22:16:38, 2026-07-25 22:31:39", "cumulative_total": 205.0 }, "geometry": { "type": "Polygon", "coordinates": [ [ [ -71.238956032359681, 47.56069719074582 ], [ -71.245402870218939, 47.563506669893989 ], [ -71.245031886631025, 47.568690426362117 ], [ -71.238212761999989, 47.571064625130418 ], [ -71.231765428671082, 47.568254729035843 ], [ -71.232137715406083, 47.563071051187947 ], [ -71.238956032359681, 47.56069719074582 ] ] ] } },
{ "type": "Feature", "properties": { "hex_id": 783455, "centroid_lon": -71.237469075216026, "centroid_lat": 47.581432031851854, "occurrences_today": 34, "datetimes_today": "2026-07-25 13:59:59, 2026-07-25 14:17:10, 2026-07-25 14:32:01, 2026-07-25 14:46:57, 2026-07-25 15:02:21, 2026-07-25 15:17:09, 2026-07-25 15:31:58, 2026-07-25 15:47:16, 2026-07-25 16:01:43, 2026-07-25 16:16:43, 2026-07-25 16:27:38, 2026-07-25 16:46:44, 2026-07-25 17:02:39, 2026-07-25 17:17:07, 2026-07-25 17:46:39, 2026-07-25 18:02:04, 2026-07-25 18:16:44, 2026-07-25 18:27:33, 2026-07-25 18:47:11, 2026-07-25 19:02:48, 2026-07-25 19:16:47, 2026-07-25 19:32:40, 2026-07-25 19:46:57, 2026-07-25 20:01:44, 2026-07-25 20:16:47, 2026-07-25 20:32:27, 2026-07-25 20:47:08, 2026-07-25 21:02:08, 2026-07-25 21:15:55, 2026-07-25 21:31:47, 2026-07-25 21:47:11, 2026-07-25 22:01:48, 2026-07-25 22:16:38, 2026-07-25 22:31:39", "cumulative_total": 205.0 }, "geometry": { "type": "Polygon", "coordinates": [ [ [ -71.237840970679443, 47.576248331949408 ], [ -71.244289607699642, 47.579057918574442 ], [ -71.243918312282645, 47.584241654317147 ], [ -71.237097075572905, 47.586615724837031 ], [ -71.230647942704394, 47.583805721037855 ], [ -71.231020542357115, 47.578622063961539 ], [ -71.237840970679443, 47.576248331949408 ] ] ] } },
{ "type": "Feature", "properties": { "hex_id": 783456, "centroid_lon": -71.236352763600095, "centroid_lat": 47.596983090052518, "occurrences_today": 34, "datetimes_today": "2026-07-25 13:59:59, 2026-07-25 14:17:10, 2026-07-25 14:32:01, 2026-07-25 14:46:57, 2026-07-25 15:02:21, 2026-07-25 15:17:09, 2026-07-25 15:31:58, 2026-07-25 15:47:16, 2026-07-25 16:01:43, 2026-07-25 16:16:43, 2026-07-25 16:27:38, 2026-07-25 16:46:44, 2026-07-25 17:02:39, 2026-07-25 17:17:07, 2026-07-25 17:46:39, 2026-07-25 18:02:04, 2026-07-25 18:16:44, 2026-07-25 18:27:33, 2026-07-25 18:47:11, 2026-07-25 19:02:48, 2026-07-25 19:16:47, 2026-07-25 19:32:40, 2026-07-25 19:46:57, 2026-07-25 20:01:44, 2026-07-25 20:16:47, 2026-07-25 20:32:27, 2026-07-25 20:47:08, 2026-07-25 21:02:08, 2026-07-25 21:15:55, 2026-07-25 21:31:47, 2026-07-25 21:47:11, 2026-07-25 22:01:48, 2026-07-25 22:16:38, 2026-07-25 22:31:39", "cumulative_total": 205.0 }, "geometry": { "type": "Polygon", "coordinates": [ [ [ -71.236724971713215, 47.591799410904159 ], [ -71.243175409362195, 47.594609105071896 ], [ -71.242803801785143, 47.599792820082463 ], [ -71.235980451196667, 47.602166762281321 ], [ -71.229529517320387, 47.59935665071157 ], [ -71.229902430222978, 47.594173014413606 ], [ -71.236724971713215, 47.591799410904159 ] ] ] } },
{ "type": "Feature", "properties": { "hex_id": 783457, "centroid_lon": -71.235235513371265, "centroid_lat": 47.612534085977323, "occurrences_today": 34, "datetimes_today": "2026-07-25 13:59:59, 2026-07-25 14:17:10, 2026-07-25 14:32:01, 2026-07-25 14:46:57, 2026-07-25 15:02:21, 2026-07-25 15:17:09, 2026-07-25 15:31:58, 2026-07-25 15:47:16, 2026-07-25 16:01:43, 2026-07-25 16:16:43, 2026-07-25 16:27:38, 2026-07-25 16:46:44, 2026-07-25 17:02:39, 2026-07-25 17:17:07, 2026-07-25 17:46:39, 2026-07-25 18:02:04, 2026-07-25 18:16:44, 2026-07-25 18:27:33, 2026-07-25 18:47:11, 2026-07-25 19:02:48, 2026-07-25 19:16:47, 2026-07-25 19:32:40, 2026-07-25 19:46:57, 2026-07-25 20:01:44, 2026-07-25 20:16:47, 2026-07-25 20:32:27, 2026-07-25 20:47:08, 2026-07-25 21:02:08, 2026-07-25 21:15:55, 2026-07-25 21:31:47, 2026-07-25 21:47:11, 2026-07-25 22:01:48, 2026-07-25 22:16:38, 2026-07-25 22:31:39", "cumulative_total": 205.0 }, "geometry": { "type": "Polygon", "coordinates": [ [ [ -71.23560803446604, 47.60735042758985 ], [ -71.242060274213159, 47.610160229366201 ], [ -71.241688354144557, 47.615343923637873 ], [ -71.234862887875408, 47.617717737443044 ], [ -71.228410151521686, 47.614907518036645 ], [ -71.228783378006739, 47.609723902523839 ], [ -71.23560803446604, 47.60735042758985 ] ] ] } },
{ "type": "Feature", "properties": { "hex_id": 783458, "centroid_lon": -71.234117323532629, "centroid_lat": 47.628085019606054, "occurrences_today": 34, "datetimes_today": "2026-07-25 13:59:59, 2026-07-25 14:17:10, 2026-07-25 14:32:01, 2026-07-25 14:46:57, 2026-07-25 15:02:21, 2026-07-25 15:17:09, 2026-07-25 15:31:58, 2026-07-25 15:47:16, 2026-07-25 16:01:43, 2026-07-25 16:16:43, 2026-07-25 16:27:38, 2026-07-25 16:46:44, 2026-07-25 17:02:39, 2026-07-25 17:17:07, 2026-07-25 17:46:39, 2026-07-25 18:02:04, 2026-07-25 18:16:44, 2026-07-25 18:27:33, 2026-07-25 18:47:11, 2026-07-25 19:02:48, 2026-07-25 19:16:47, 2026-07-25 19:32:40, 2026-07-25 19:46:57, 2026-07-25 20:01:44, 2026-07-25 20:16:47, 2026-07-25 20:32:27, 2026-07-25 20:47:08, 2026-07-25 21:02:08, 2026-07-25 21:15:55, 2026-07-25 21:31:47, 2026-07-25 21:47:11, 2026-07-25 22:01:48, 2026-07-25 22:16:38, 2026-07-25 22:31:39", "cumulative_total": 205.0 }, "geometry": { "type": "Polygon", "coordinates": [ [ [ -71.234490157941522, 47.622901381986189 ], [ -71.240944201257619, 47.625711291437128 ], [ -71.240571968365458, 47.630894964963218 ], [ -71.233744384611725, 47.633268650301886 ], [ -71.227289844309396, 47.630458322992752 ], [ -71.227663384710056, 47.625274728271847 ], [ -71.234490157941522, 47.622901381986189 ] ] ] } },
{ "type": "Feature", "properties": { "hex_id": 783459, "centroid_lon": -71.23299819308582, "centroid_lat": 47.643635890918404, "occurrences_today": 34, "datetimes_today": "2026-07-25 13:59:59, 2026-07-25 14:17:10, 2026-07-25 14:32:01, 2026-07-25 14:46:57, 2026-07-25 15:02:21, 2026-07-25 15:17:09, 2026-07-25 15:31:58, 2026-07-25 15:47:16, 2026-07-25 16:01:43, 2026-07-25 16:16:43, 2026-07-25 16:27:38, 2026-07-25 16:46:44, 2026-07-25 17:02:39, 2026-07-25 17:17:07, 2026-07-25 17:46:39, 2026-07-25 18:02:04, 2026-07-25 18:16:44, 2026-07-25 18:27:33, 2026-07-25 18:47:11, 2026-07-25 19:02:48, 2026-07-25 19:16:47, 2026-07-25 19:32:40, 2026-07-25 19:46:57, 2026-07-25 20:01:44, 2026-07-25 20:16:47, 2026-07-25 20:32:27, 2026-07-25 20:47:08, 2026-07-25 21:02:08, 2026-07-25 21:15:55, 2026-07-25 21:31:47, 2026-07-25 21:47:11, 2026-07-25 22:01:48, 2026-07-25 22:16:38, 2026-07-25 22:31:39", "cumulative_total": 205.0 }, "geometry": { "type": "Polygon", "coordinates": [ [ [ -71.23337134114179, 47.638452274072918 ], [ -71.239827189499124, 47.641262291264518 ], [ -71.239454643450983, 47.646445944038248 ], [ -71.232624940406737, 47.64881950083759 ], [ -71.226168594683202, 47.64600906555949 ], [ -71.226542449333067, 47.640825491637315 ], [ -71.23337134114179, 47.638452274072918 ] ] ] } },
{ "type": "Feature", "properties": { "hex_id": 783460, "centroid_lon": -71.231878121030974, "centroid_lat": 47.659186699894057, "occurrences_today": 34, "datetimes_today": "2026-07-25 13:59:59, 2026-07-25 14:17:10, 2026-07-25 14:32:01, 2026-07-25 14:46:57, 2026-07-25 15:02:21, 2026-07-25 15:17:09, 2026-07-25 15:31:58, 2026-07-25 15:47:16, 2026-07-25 16:01:43, 2026-07-25 16:16:43, 2026-07-25 16:27:38, 2026-07-25 16:46:44, 2026-07-25 17:02:39, 2026-07-25 17:17:07, 2026-07-25 17:46:39, 2026-07-25 18:02:04, 2026-07-25 18:16:44, 2026-07-25 18:27:33, 2026-07-25 18:47:11, 2026-07-25 19:02:48, 2026-07-25 19:16:47, 2026-07-25 19:32:40, 2026-07-25 19:46:57, 2026-07-25 20:01:44, 2026-07-25 20:16:47, 2026-07-25 20:32:27, 2026-07-25 20:47:08, 2026-07-25 21:02:08, 2026-07-25 21:15:55, 2026-07-25 21:31:47, 2026-07-25 21:47:11, 2026-07-25 22:01:48, 2026-07-25 22:16:38, 2026-07-25 22:31:39", "cumulative_total": 205.0 }, "geometry": { "type": "Polygon", "coordinates": [ [ [ -71.23225158306748, 47.65400310382973 ], [ -71.238709237939815, 47.656813228828106 ], [ -71.238336378402735, 47.661996860842734 ], [ -71.231504554260098, 47.664370289029819 ], [ -71.225046401641265, 47.66155974571646 ], [ -71.225420570874448, 47.656376192599829 ], [ -71.23225158306748, 47.65400310382973 ] ] ] } },
{ "type": "Feature", "properties": { "hex_id": 783461, "centroid_lon": -71.230757106366767, "centroid_lat": 47.674737446512665, "occurrences_today": 34, "datetimes_today": "2026-07-25 13:59:59, 2026-07-25 14:17:10, 2026-07-25 14:32:01, 2026-07-25 14:46:57, 2026-07-25 15:02:21, 2026-07-25 15:17:09, 2026-07-25 15:31:58, 2026-07-25 15:47:16, 2026-07-25 16:01:43, 2026-07-25 16:16:43, 2026-07-25 16:27:38, 2026-07-25 16:46:44, 2026-07-25 17:02:39, 2026-07-25 17:17:07, 2026-07-25 17:46:39, 2026-07-25 18:02:04, 2026-07-25 18:16:44, 2026-07-25 18:27:33, 2026-07-25 18:47:11, 2026-07-25 19:02:48, 2026-07-25 19:16:47, 2026-07-25 19:32:40, 2026-07-25 19:46:57, 2026-07-25 20:01:44, 2026-07-25 20:16:47, 2026-07-25 20:32:27, 2026-07-25 20:47:08, 2026-07-25 21:02:08, 2026-07-25 21:15:55, 2026-07-25 21:31:47, 2026-07-25 21:47:11, 2026-07-25 22:01:48, 2026-07-25 22:16:38, 2026-07-25 22:31:39", "cumulative_total": 205.0 }, "geometry": { "type": "Polygon", "coordinates": [ [ [ -71.23113088271775, 47.669553871236275 ], [ -71.237590345580344, 47.672364104107658 ], [ -71.237217172220866, 47.67754771535644 ], [ -71.230383225170016, 47.67992101485823 ], [ -71.223923264180286, 47.677110363443283 ], [ -71.224297748331395, 47.671926831138947 ], [ -71.23113088271775, 47.669553871236275 ] ] ] } },
{ "type": "Feature", "properties": { "hex_id": 784058, "centroid_lon": -71.239191401156276, "centroid_lat": 47.464579857685735, "occurrences_today": 30, "datetimes_today": "2026-07-25 13:59:59, 2026-07-25 14:17:10, 2026-07-25 14:32:01, 2026-07-25 14:46:57, 2026-07-25 15:02:21, 2026-07-25 15:17:09, 2026-07-25 15:31:58, 2026-07-25 15:47:16, 2026-07-25 16:01:43, 2026-07-25 16:16:43, 2026-07-25 16:27:38, 2026-07-25 16:46:44, 2026-07-25 17:02:39, 2026-07-25 17:17:07, 2026-07-25 17:46:39, 2026-07-25 18:02:04, 2026-07-25 18:16:44, 2026-07-25 18:27:33, 2026-07-25 18:47:11, 2026-07-25 19:02:48, 2026-07-25 19:16:47, 2026-07-25 19:32:40, 2026-07-25 19:46:57, 2026-07-25 20:01:44, 2026-07-25 20:16:47, 2026-07-25 20:32:27, 2026-07-25 20:47:08, 2026-07-25 21:02:08, 2026-07-25 21:15:55, 2026-07-25 21:31:47", "cumulative_total": 195.0 }, "geometry": { "type": "Polygon", "coordinates": [ [ [ -71.239561610224953, 47.459396041533211 ], [ -71.245996387763014, 47.46220518553659 ], [ -71.245626774966851, 47.467389037430131 ], [ -71.238821088552143, 47.469763666930135 ], [ -71.232385818295285, 47.466954107405677 ], [ -71.232756727135467, 47.46177033397062 ], [ -71.239561610224953, 47.459396041533211 ] ] ] } },
{ "type": "Feature", "properties": { "hex_id": 784059, "centroid_lon": -71.238080152591365, "centroid_lat": 47.480131264691579, "occurrences_today": 30, "datetimes_today": "2026-07-25 13:59:59, 2026-07-25 14:17:10, 2026-07-25 14:32:01, 2026-07-25 14:46:57, 2026-07-25 15:02:21, 2026-07-25 15:17:09, 2026-07-25 15:31:58, 2026-07-25 15:47:16, 2026-07-25 16:01:43, 2026-07-25 16:16:43, 2026-07-25 16:27:38, 2026-07-25 16:46:44, 2026-07-25 17:02:39, 2026-07-25 17:17:07, 2026-07-25 17:46:39, 2026-07-25 18:02:04, 2026-07-25 18:16:44, 2026-07-25 18:27:33, 2026-07-25 18:47:11, 2026-07-25 19:02:48, 2026-07-25 19:16:47, 2026-07-25 19:32:40, 2026-07-25 19:46:57, 2026-07-25 20:01:44, 2026-07-25 20:16:47, 2026-07-25 20:32:27, 2026-07-25 20:47:08, 2026-07-25 21:02:08, 2026-07-25 21:15:55, 2026-07-25 21:31:47", "cumulative_total": 147.0 }, "geometry": { "type": "Polygon", "coordinates": [ [ [ -71.238450672376004, 47.474947469265658 ], [ -71.24488723921732, 47.477756720513909 ], [ -71.244517316191008, 47.48294055170264 ], [ -71.237709529161663, 47.485315053207124 ], [ -71.231272469225331, 47.482505386210967 ], [ -71.231643689376824, 47.477321633526607 ], [ -71.238450672376004, 47.474947469265658 ] ] ] } },
{ "type": "Feature", "properties": { "hex_id": 784060, "centroid_lon": -71.236967971220864, "centroid_lat": 47.495682609504158, "occurrences_today": 34, "datetimes_today": "2026-07-25 13:59:59, 2026-07-25 14:17:10, 2026-07-25 14:32:01, 2026-07-25 14:46:57, 2026-07-25 15:02:21, 2026-07-25 15:17:09, 2026-07-25 15:31:58, 2026-07-25 15:47:16, 2026-07-25 16:01:43, 2026-07-25 16:16:43, 2026-07-25 16:27:38, 2026-07-25 16:46:44, 2026-07-25 17:02:39, 2026-07-25 17:17:07, 2026-07-25 17:46:39, 2026-07-25 18:02:04, 2026-07-25 18:16:44, 2026-07-25 18:27:33, 2026-07-25 18:47:11, 2026-07-25 19:02:48, 2026-07-25 19:16:47, 2026-07-25 19:32:40, 2026-07-25 19:46:57, 2026-07-25 20:01:44, 2026-07-25 20:16:47, 2026-07-25 20:32:27, 2026-07-25 20:47:08, 2026-07-25 21:02:08, 2026-07-25 21:15:55, 2026-07-25 21:31:47, 2026-07-25 21:47:11, 2026-07-25 22:01:48, 2026-07-25 22:16:38, 2026-07-25 22:31:39", "cumulative_total": 205.0 }, "geometry": { "type": "Polygon", "coordinates": [ [ [ -71.23733880205036, 47.490498834811582 ], [ -71.243777159652879, 47.49330819337014 ], [ -71.243406926068033, 47.498492003847396 ], [ -71.236597036636581, 47.500866377284154 ], [ -71.230158185562502, 47.498056602750701 ], [ -71.230529717354827, 47.492872870823774 ], [ -71.23733880205036, 47.490498834811582 ] ] ] } },
{ "type": "Feature", "properties": { "hex_id": 784061, "centroid_lon": -71.235854856057188, "centroid_lat": 47.511233892103313, "occurrences_today": 34, "datetimes_today": "2026-07-25 13:59:59, 2026-07-25 14:17:10, 2026-07-25 14:32:01, 2026-07-25 14:46:57, 2026-07-25 15:02:21, 2026-07-25 15:17:09, 2026-07-25 15:31:58, 2026-07-25 15:47:16, 2026-07-25 16:01:43, 2026-07-25 16:16:43, 2026-07-25 16:27:38, 2026-07-25 16:46:44, 2026-07-25 17:02:39, 2026-07-25 17:17:07, 2026-07-25 17:46:39, 2026-07-25 18:02:04, 2026-07-25 18:16:44, 2026-07-25 18:27:33, 2026-07-25 18:47:11, 2026-07-25 19:02:48, 2026-07-25 19:16:47, 2026-07-25 19:32:40, 2026-07-25 19:46:57, 2026-07-25 20:01:44, 2026-07-25 20:16:47, 2026-07-25 20:32:27, 2026-07-25 20:47:08, 2026-07-25 21:02:08, 2026-07-25 21:15:55, 2026-07-25 21:31:47, 2026-07-25 21:47:11, 2026-07-25 22:01:48, 2026-07-25 22:16:38, 2026-07-25 22:31:39", "cumulative_total": 205.0 }, "geometry": { "type": "Polygon", "coordinates": [ [ [ -71.236225998260906, 47.506050138150762 ], [ -71.242666148084041, 47.508859604085195 ], [ -71.242295603611765, 47.51404339384424 ], [ -71.23548360998879, 47.516417639140975 ], [ -71.229042966317223, 47.513607757004564 ], [ -71.229414810080399, 47.508424045841849 ], [ -71.236225998260906, 47.506050138150762 ] ] ] } },
{ "type": "Feature", "properties": { "hex_id": 784062, "centroid_lon": -71.234740806111233, "centroid_lat": 47.526785112468765, "occurrences_today": 34, "datetimes_today": "2026-07-25 13:59:59, 2026-07-25 14:17:10, 2026-07-25 14:32:01, 2026-07-25 14:46:57, 2026-07-25 15:02:21, 2026-07-25 15:17:09, 2026-07-25 15:31:58, 2026-07-25 15:47:16, 2026-07-25 16:01:43, 2026-07-25 16:16:43, 2026-07-25 16:27:38, 2026-07-25 16:46:44, 2026-07-25 17:02:39, 2026-07-25 17:17:07, 2026-07-25 17:46:39, 2026-07-25 18:02:04, 2026-07-25 18:16:44, 2026-07-25 18:27:33, 2026-07-25 18:47:11, 2026-07-25 19:02:48, 2026-07-25 19:16:47, 2026-07-25 19:32:40, 2026-07-25 19:46:57, 2026-07-25 20:01:44, 2026-07-25 20:16:47, 2026-07-25 20:32:27, 2026-07-25 20:47:08, 2026-07-25 21:02:08, 2026-07-25 21:15:55, 2026-07-25 21:31:47, 2026-07-25 21:47:11, 2026-07-25 22:01:48, 2026-07-25 22:16:38, 2026-07-25 22:31:39", "cumulative_total": 205.0 }, "geometry": { "type": "Polygon", "coordinates": [ [ [ -71.235112260019022, 47.521601379263039 ], [ -71.241554203523648, 47.524410952638924 ], [ -71.241183347834578, 47.52959472167305 ], [ -71.234369248228688, 47.531968838757379 ], [ -71.227926810498445, 47.529158848952278 ], [ -71.228298966562988, 47.523975158560532 ], [ -71.235112260019022, 47.521601379263039 ] ] ] } },
{ "type": "Feature", "properties": { "hex_id": 784063, "centroid_lon": -71.233625820392476, "centroid_lat": 47.542336270580329, "occurrences_today": 34, "datetimes_today": "2026-07-25 13:59:59, 2026-07-25 14:17:10, 2026-07-25 14:32:01, 2026-07-25 14:46:57, 2026-07-25 15:02:21, 2026-07-25 15:17:09, 2026-07-25 15:31:58, 2026-07-25 15:47:16, 2026-07-25 16:01:43, 2026-07-25 16:16:43, 2026-07-25 16:27:38, 2026-07-25 16:46:44, 2026-07-25 17:02:39, 2026-07-25 17:17:07, 2026-07-25 17:46:39, 2026-07-25 18:02:04, 2026-07-25 18:16:44, 2026-07-25 18:27:33, 2026-07-25 18:47:11, 2026-07-25 19:02:48, 2026-07-25 19:16:47, 2026-07-25 19:32:40, 2026-07-25 19:46:57, 2026-07-25 20:01:44, 2026-07-25 20:16:47, 2026-07-25 20:32:27, 2026-07-25 20:47:08, 2026-07-25 21:02:08, 2026-07-25 21:15:55, 2026-07-25 21:31:47, 2026-07-25 21:47:11, 2026-07-25 22:01:48, 2026-07-25 22:16:38, 2026-07-25 22:31:39", "cumulative_total": 205.0 }, "geometry": { "type": "Polygon", "coordinates": [ [ [ -71.233997586334681, 47.537152558128163 ], [ -71.240441324983124, 47.539962239011146 ], [ -71.240070157747382, 47.545145987313632 ], [ -71.233253950365281, 47.547519976113136 ], [ -71.22680971711371, 47.544709878573499 ], [ -71.227182185810605, 47.539526208959515 ], [ -71.233997586334681, 47.537152558128163 ] ] ] } },
{ "type": "Feature", "properties": { "hex_id": 784065, "centroid_lon": -71.231393037667047, "centroid_lat": 47.573438399960615, "occurrences_today": 34, "datetimes_today": "2026-07-25 13:59:59, 2026-07-25 14:17:10, 2026-07-25 14:32:01, 2026-07-25 14:46:57, 2026-07-25 15:02:21, 2026-07-25 15:17:09, 2026-07-25 15:31:58, 2026-07-25 15:47:16, 2026-07-25 16:01:43, 2026-07-25 16:16:43, 2026-07-25 16:27:38, 2026-07-25 16:46:44, 2026-07-25 17:02:39, 2026-07-25 17:17:07, 2026-07-25 17:46:39, 2026-07-25 18:02:04, 2026-07-25 18:16:44, 2026-07-25 18:27:33, 2026-07-25 18:47:11, 2026-07-25 19:02:48, 2026-07-25 19:16:47, 2026-07-25 19:32:40, 2026-07-25 19:46:57, 2026-07-25 20:01:44, 2026-07-25 20:16:47, 2026-07-25 20:32:27, 2026-07-25 20:47:08, 2026-07-25 21:02:08, 2026-07-25 21:15:55, 2026-07-25 21:31:47, 2026-07-25 21:47:11, 2026-07-25 22:01:48, 2026-07-25 22:16:38, 2026-07-25 22:31:39", "cumulative_total": 205.0 }, "geometry": { "type": "Polygon", "coordinates": [ [ [ -71.231765428671082, 47.568254729035843 ], [ -71.238212761999989, 47.571064625130418 ], [ -71.237840970679443, 47.576248331949408 ], [ -71.231020542357115, 47.578622063961539 ], [ -71.224572713669062, 47.575811750755108 ], [ -71.224945808625606, 47.57062812271699 ], [ -71.231765428671082, 47.568254729035843 ] ] ] } },
{ "type": "Feature", "properties": { "hex_id": 784066, "centroid_lon": -71.230275238671993, "centroid_lat": 47.588989371188795, "occurrences_today": 34, "datetimes_today": "2026-07-25 13:59:59, 2026-07-25 14:17:10, 2026-07-25 14:32:01, 2026-07-25 14:46:57, 2026-07-25 15:02:21, 2026-07-25 15:17:09, 2026-07-25 15:31:58, 2026-07-25 15:47:16, 2026-07-25 16:01:43, 2026-07-25 16:16:43, 2026-07-25 16:27:38, 2026-07-25 16:46:44, 2026-07-25 17:02:39, 2026-07-25 17:17:07, 2026-07-25 17:46:39, 2026-07-25 18:02:04, 2026-07-25 18:16:44, 2026-07-25 18:27:33, 2026-07-25 18:47:11, 2026-07-25 19:02:48, 2026-07-25 19:16:47, 2026-07-25 19:32:40, 2026-07-25 19:46:57, 2026-07-25 20:01:44, 2026-07-25 20:16:47, 2026-07-25 20:32:27, 2026-07-25 20:47:08, 2026-07-25 21:02:08, 2026-07-25 21:15:55, 2026-07-25 21:31:47, 2026-07-25 21:47:11, 2026-07-25 22:01:48, 2026-07-25 22:16:38, 2026-07-25 22:31:39", "cumulative_total": 205.0 }, "geometry": { "type": "Polygon", "coordinates": [ [ [ -71.230647942704394, 47.583805721037855 ], [ -71.237097075572905, 47.586615724837031 ], [ -71.236724971713215, 47.591799410904159 ], [ -71.229902430222978, 47.594173014413606 ], [ -71.22345280161683, 47.591362593274759 ], [ -71.223826210201636, 47.586178986034753 ], [ -71.230647942704394, 47.583805721037855 ] ] ] } },
{ "type": "Feature", "properties": { "hex_id": 784067, "centroid_lon": -71.229156499927313, "centroid_lat": 47.604540280081899, "occurrences_today": 34, "datetimes_today": "2026-07-25 13:59:59, 2026-07-25 14:17:10, 2026-07-25 14:32:01, 2026-07-25 14:46:57, 2026-07-25 15:02:21, 2026-07-25 15:17:09, 2026-07-25 15:31:58, 2026-07-25 15:47:16, 2026-07-25 16:01:43, 2026-07-25 16:16:43, 2026-07-25 16:27:38, 2026-07-25 16:46:44, 2026-07-25 17:02:39, 2026-07-25 17:17:07, 2026-07-25 17:46:39, 2026-07-25 18:02:04, 2026-07-25 18:16:44, 2026-07-25 18:27:33, 2026-07-25 18:47:11, 2026-07-25 19:02:48, 2026-07-25 19:16:47, 2026-07-25 19:32:40, 2026-07-25 19:46:57, 2026-07-25 20:01:44, 2026-07-25 20:16:47, 2026-07-25 20:32:27, 2026-07-25 20:47:08, 2026-07-25 21:02:08, 2026-07-25 21:15:55, 2026-07-25 21:31:47, 2026-07-25 21:47:11, 2026-07-25 22:01:48, 2026-07-25 22:16:38, 2026-07-25 22:31:39", "cumulative_total": 205.0 }, "geometry": { "type": "Polygon", "coordinates": [ [ [ -71.229529517320387, 47.59935665071157 ], [ -71.235980451196667, 47.602166762281321 ], [ -71.23560803446604, 47.60735042758985 ], [ -71.228783378006739, 47.609723902523839 ], [ -71.222331948013988, 47.606913373386433 ], [ -71.222705670560032, 47.60172978695136 ], [ -71.229529517320387, 47.59935665071157 ] ] ] } },
{ "type": "Feature", "properties": { "hex_id": 784068, "centroid_lon": -71.228036820435122, "centroid_lat": 47.62009112661957, "occurrences_today": 34, "datetimes_today": "2026-07-25 13:59:59, 2026-07-25 14:17:10, 2026-07-25 14:32:01, 2026-07-25 14:46:57, 2026-07-25 15:02:21, 2026-07-25 15:17:09, 2026-07-25 15:31:58, 2026-07-25 15:47:16, 2026-07-25 16:01:43, 2026-07-25 16:16:43, 2026-07-25 16:27:38, 2026-07-25 16:46:44, 2026-07-25 17:02:39, 2026-07-25 17:17:07, 2026-07-25 17:46:39, 2026-07-25 18:02:04, 2026-07-25 18:16:44, 2026-07-25 18:27:33, 2026-07-25 18:47:11, 2026-07-25 19:02:48, 2026-07-25 19:16:47, 2026-07-25 19:32:40, 2026-07-25 19:46:57, 2026-07-25 20:01:44, 2026-07-25 20:16:47, 2026-07-25 20:32:27, 2026-07-25 20:47:08, 2026-07-25 21:02:08, 2026-07-25 21:15:55, 2026-07-25 21:31:47, 2026-07-25 21:47:11, 2026-07-25 22:01:48, 2026-07-25 22:16:38, 2026-07-25 22:31:39", "cumulative_total": 205.0 }, "geometry": { "type": "Polygon", "coordinates": [ [ [ -71.228410151521686, 47.614907518036645 ], [ -71.234862887875408, 47.617717737443044 ], [ -71.234490157941522, 47.622901381986189 ], [ -71.227663384710056, 47.625274728271847 ], [ -71.221210151860703, 47.622464091069695 ], [ -71.221584188701414, 47.617280525446368 ], [ -71.228410151521686, 47.614907518036645 ] ] ] } },
{ "type": "Feature", "properties": { "hex_id": 784069, "centroid_lon": -71.226916199196097, "centroid_lat": 47.63564191078148, "occurrences_today": 34, "datetimes_today": "2026-07-25 13:59:59, 2026-07-25 14:17:10, 2026-07-25 14:32:01, 2026-07-25 14:46:57, 2026-07-25 15:02:21, 2026-07-25 15:17:09, 2026-07-25 15:31:58, 2026-07-25 15:47:16, 2026-07-25 16:01:43, 2026-07-25 16:16:43, 2026-07-25 16:27:38, 2026-07-25 16:46:44, 2026-07-25 17:02:39, 2026-07-25 17:17:07, 2026-07-25 17:46:39, 2026-07-25 18:02:04, 2026-07-25 18:16:44, 2026-07-25 18:27:33, 2026-07-25 18:47:11, 2026-07-25 19:02:48, 2026-07-25 19:16:47, 2026-07-25 19:32:40, 2026-07-25 19:46:57, 2026-07-25 20:01:44, 2026-07-25 20:16:47, 2026-07-25 20:32:27, 2026-07-25 20:47:08, 2026-07-25 21:02:08, 2026-07-25 21:15:55, 2026-07-25 21:31:47, 2026-07-25 21:47:11, 2026-07-25 22:01:48, 2026-07-25 22:16:38, 2026-07-25 22:31:39", "cumulative_total": 205.0 }, "geometry": { "type": "Polygon", "coordinates": [ [ [ -71.227289844309396, 47.630458322992752 ], [ -71.233744384611725, 47.633268650301886 ], [ -71.23337134114179, 47.638452274072918 ], [ -71.226542449333067, 47.640825491637315 ], [ -71.22008741215565, 47.638014746304137 ], [ -71.220461763624954, 47.63283120149935 ], [ -71.227289844309396, 47.630458322992752 ] ] ] } },
{ "type": "Feature", "properties": { "hex_id": 784070, "centroid_lon": -71.225794635209368, "centroid_lat": 47.651192632547243, "occurrences_today": 34, "datetimes_today": "2026-07-25 13:59:59, 2026-07-25 14:17:10, 2026-07-25 14:32:01, 2026-07-25 14:46:57, 2026-07-25 15:02:21, 2026-07-25 15:17:09, 2026-07-25 15:31:58, 2026-07-25 15:47:16, 2026-07-25 16:01:43, 2026-07-25 16:16:43, 2026-07-25 16:27:38, 2026-07-25 16:46:44, 2026-07-25 17:02:39, 2026-07-25 17:17:07, 2026-07-25 17:46:39, 2026-07-25 18:02:04, 2026-07-25 18:16:44, 2026-07-25 18:27:33, 2026-07-25 18:47:11, 2026-07-25 19:02:48, 2026-07-25 19:16:47, 2026-07-25 19:32:40, 2026-07-25 19:46:57, 2026-07-25 20:01:44, 2026-07-25 20:16:47, 2026-07-25 20:32:27, 2026-07-25 20:47:08, 2026-07-25 21:02:08, 2026-07-25 21:15:55, 2026-07-25 21:31:47, 2026-07-25 21:47:11, 2026-07-25 22:01:48, 2026-07-25 22:16:38, 2026-07-25 22:31:39", "cumulative_total": 205.0 }, "geometry": { "type": "Polygon", "coordinates": [ [ [ -71.226168594683202, 47.64600906555949 ], [ -71.232624940406737, 47.64881950083759 ], [ -71.23225158306748, 47.65400310382973 ], [ -71.225420570874448, 47.656376192599829 ], [ -71.218963727896011, 47.653565339069281 ], [ -71.219338394328361, 47.648381815089856 ], [ -71.226168594683202, 47.64600906555949 ] ] ] } },
{ "type": "Feature", "properties": { "hex_id": 784668, "centroid_lon": -71.233127532278331, "centroid_lat": 47.456586553620156, "occurrences_today": 30, "datetimes_today": "2026-07-25 13:59:59, 2026-07-25 14:17:10, 2026-07-25 14:32:01, 2026-07-25 14:46:57, 2026-07-25 15:02:21, 2026-07-25 15:17:09, 2026-07-25 15:31:58, 2026-07-25 15:47:16, 2026-07-25 16:01:43, 2026-07-25 16:16:43, 2026-07-25 16:27:38, 2026-07-25 16:46:44, 2026-07-25 17:02:39, 2026-07-25 17:17:07, 2026-07-25 17:46:39, 2026-07-25 18:02:04, 2026-07-25 18:16:44, 2026-07-25 18:27:33, 2026-07-25 18:47:11, 2026-07-25 19:02:48, 2026-07-25 19:16:47, 2026-07-25 19:32:40, 2026-07-25 19:46:57, 2026-07-25 20:01:44, 2026-07-25 20:16:47, 2026-07-25 20:32:27, 2026-07-25 20:47:08, 2026-07-25 21:02:08, 2026-07-25 21:15:55, 2026-07-25 21:31:47", "cumulative_total": 195.0 }, "geometry": { "type": "Polygon", "coordinates": [ [ [ -71.233498233760457, 47.451402766355059 ], [ -71.23993171579464, 47.45421221847333 ], [ -71.239561610224953, 47.459396041533211 ], [ -71.232756727135467, 47.46177033397062 ], [ -71.226322752867844, 47.458960466393179 ], [ -71.22669415388664, 47.453776721905811 ], [ -71.233498233760457, 47.451402766355059 ] ] ] } },
{ "type": "Feature", "properties": { "hex_id": 784669, "centroid_lon": -71.232014805721278, "centroid_lat": 47.472137873924595, "occurrences_today": 30, "datetimes_today": "2026-07-25 13:59:59, 2026-07-25 14:17:10, 2026-07-25 14:32:01, 2026-07-25 14:46:57, 2026-07-25 15:02:21, 2026-07-25 15:17:09, 2026-07-25 15:31:58, 2026-07-25 15:47:16, 2026-07-25 16:01:43, 2026-07-25 16:16:43, 2026-07-25 16:27:38, 2026-07-25 16:46:44, 2026-07-25 17:02:39, 2026-07-25 17:17:07, 2026-07-25 17:46:39, 2026-07-25 18:02:04, 2026-07-25 18:16:44, 2026-07-25 18:27:33, 2026-07-25 18:47:11, 2026-07-25 19:02:48, 2026-07-25 19:16:47, 2026-07-25 19:32:40, 2026-07-25 19:46:57, 2026-07-25 20:01:44, 2026-07-25 20:16:47, 2026-07-25 20:32:27, 2026-07-25 20:47:08, 2026-07-25 21:02:08, 2026-07-25 21:15:55, 2026-07-25 21:31:47", "cumulative_total": 147.0 }, "geometry": { "type": "Polygon", "coordinates": [ [ [ -71.232385818295285, 47.466954107405677 ], [ -71.238821088552143, 47.469763666930135 ], [ -71.238450672376004, 47.474947469265658 ], [ -71.231643689376824, 47.477321633526607 ], [ -71.225207926510819, 47.474511658316217 ], [ -71.225579639216562, 47.46932793459915 ], [ -71.232385818295285, 47.466954107405677 ] ] ] } },
{ "type": "Feature", "properties": { "hex_id": 784670, "centroid_lon": -71.23090114523022, "centroid_lat": 47.487689131976943, "occurrences_today": 30, "datetimes_today": "2026-07-25 13:59:59, 2026-07-25 14:17:10, 2026-07-25 14:32:01, 2026-07-25 14:46:57, 2026-07-25 15:02:21, 2026-07-25 15:17:09, 2026-07-25 15:31:58, 2026-07-25 15:47:16, 2026-07-25 16:01:43, 2026-07-25 16:16:43, 2026-07-25 16:27:38, 2026-07-25 16:46:44, 2026-07-25 17:02:39, 2026-07-25 17:17:07, 2026-07-25 17:46:39, 2026-07-25 18:02:04, 2026-07-25 18:16:44, 2026-07-25 18:27:33, 2026-07-25 18:47:11, 2026-07-25 19:02:48, 2026-07-25 19:16:47, 2026-07-25 19:32:40, 2026-07-25 19:46:57, 2026-07-25 20:01:44, 2026-07-25 20:16:47, 2026-07-25 20:32:27, 2026-07-25 20:47:08, 2026-07-25 21:02:08, 2026-07-25 21:15:55, 2026-07-25 21:31:47", "cumulative_total": 147.0 }, "geometry": { "type": "Polygon", "coordinates": [ [ [ -71.231272469225331, 47.482505386210967 ], [ -71.237709529161663, 47.485315053207124 ], [ -71.23733880205036, 47.490498834811582 ], [ -71.230529717354827, 47.492872870823774 ], [ -71.224092164433287, 47.490062787914781 ], [ -71.224464189155853, 47.484879084974786 ], [ -71.231272469225331, 47.482505386210967 ] ] ] } },
{ "type": "Feature", "properties": { "hex_id": 784671, "centroid_lon": -71.229786549816581, "centroid_lat": 47.503240327756963, "occurrences_today": 34, "datetimes_today": "2026-07-25 13:59:59, 2026-07-25 14:17:10, 2026-07-25 14:32:01, 2026-07-25 14:46:57, 2026-07-25 15:02:21, 2026-07-25 15:17:09, 2026-07-25 15:31:58, 2026-07-25 15:47:16, 2026-07-25 16:01:43, 2026-07-25 16:16:43, 2026-07-25 16:27:38, 2026-07-25 16:46:44, 2026-07-25 17:02:39, 2026-07-25 17:17:07, 2026-07-25 17:46:39, 2026-07-25 18:02:04, 2026-07-25 18:16:44, 2026-07-25 18:27:33, 2026-07-25 18:47:11, 2026-07-25 19:02:48, 2026-07-25 19:16:47, 2026-07-25 19:32:40, 2026-07-25 19:46:57, 2026-07-25 20:01:44, 2026-07-25 20:16:47, 2026-07-25 20:32:27, 2026-07-25 20:47:08, 2026-07-25 21:02:08, 2026-07-25 21:15:55, 2026-07-25 21:31:47, 2026-07-25 21:47:11, 2026-07-25 22:01:48, 2026-07-25 22:16:38, 2026-07-25 22:31:39", "cumulative_total": 205.0 }, "geometry": { "type": "Polygon", "coordinates": [ [ [ -71.230158185562502, 47.498056602750701 ], [ -71.236597036636581, 47.500866377284154 ], [ -71.236225998260906, 47.506050138150762 ], [ -71.229414810080399, 47.508424045841849 ], [ -71.222975465644708, 47.505613855168498 ], [ -71.223347802714443, 47.50043017301239 ], [ -71.230158185562502, 47.498056602750701 ] ] ] } },
{ "type": "Feature", "properties": { "hex_id": 784672, "centroid_lon": -71.228671018490331, "centroid_lat": 47.518791461244398, "occurrences_today": 34, "datetimes_today": "2026-07-25 13:59:59, 2026-07-25 14:17:10, 2026-07-25 14:32:01, 2026-07-25 14:46:57, 2026-07-25 15:02:21, 2026-07-25 15:17:09, 2026-07-25 15:31:58, 2026-07-25 15:47:16, 2026-07-25 16:01:43, 2026-07-25 16:16:43, 2026-07-25 16:27:38, 2026-07-25 16:46:44, 2026-07-25 17:02:39, 2026-07-25 17:17:07, 2026-07-25 17:46:39, 2026-07-25 18:02:04, 2026-07-25 18:16:44, 2026-07-25 18:27:33, 2026-07-25 18:47:11, 2026-07-25 19:02:48, 2026-07-25 19:16:47, 2026-07-25 19:32:40, 2026-07-25 19:46:57, 2026-07-25 20:01:44, 2026-07-25 20:16:47, 2026-07-25 20:32:27, 2026-07-25 20:47:08, 2026-07-25 21:02:08, 2026-07-25 21:15:55, 2026-07-25 21:31:47, 2026-07-25 21:47:11, 2026-07-25 22:01:48, 2026-07-25 22:16:38, 2026-07-25 22:31:39", "cumulative_total": 205.0 }, "geometry": { "type": "Polygon", "coordinates": [ [ [ -71.229042966317223, 47.513607757004564 ], [ -71.23548360998879, 47.516417639140975 ], [ -71.235112260019022, 47.521601379263039 ], [ -71.228298966562988, 47.523975158560532 ], [ -71.221857829153123, 47.52116486005702 ], [ -71.22223047890084, 47.515981198691584 ], [ -71.229042966317223, 47.513607757004564 ] ] ] } },
{ "type": "Feature", "properties": { "hex_id": 784673, "centroid_lon": -71.227554550259924, "centroid_lat": 47.534342532418862, "occurrences_today": 34, "datetimes_today": "2026-07-25 13:59:59, 2026-07-25 14:17:10, 2026-07-25 14:32:01, 2026-07-25 14:46:57, 2026-07-25 15:02:21, 2026-07-25 15:17:09, 2026-07-25 15:31:58, 2026-07-25 15:47:16, 2026-07-25 16:01:43, 2026-07-25 16:16:43, 2026-07-25 16:27:38, 2026-07-25 16:46:44, 2026-07-25 17:02:39, 2026-07-25 17:17:07, 2026-07-25 17:46:39, 2026-07-25 18:02:04, 2026-07-25 18:16:44, 2026-07-25 18:27:33, 2026-07-25 18:47:11, 2026-07-25 19:02:48, 2026-07-25 19:16:47, 2026-07-25 19:32:40, 2026-07-25 19:46:57, 2026-07-25 20:01:44, 2026-07-25 20:16:47, 2026-07-25 20:32:27, 2026-07-25 20:47:08, 2026-07-25 21:02:08, 2026-07-25 21:15:55, 2026-07-25 21:31:47, 2026-07-25 21:47:11, 2026-07-25 22:01:48, 2026-07-25 22:16:38, 2026-07-25 22:31:39", "cumulative_total": 205.0 }, "geometry": { "type": "Polygon", "coordinates": [ [ [ -71.227926810498445, 47.529158848952278 ], [ -71.234369248228688, 47.531968838757379 ], [ -71.233997586334681, 47.537152558128163 ], [ -71.227182185810605, 47.539526208959515 ], [ -71.220739253965036, 47.536715802559961 ], [ -71.221112216722062, 47.531532161991976 ], [ -71.227926810498445, 47.529158848952278 ] ] ] } },
{ "type": "Feature", "properties": { "hex_id": 784674, "centroid_lon": -71.22643714413239, "centroid_lat": 47.549893541260069, "occurrences_today": 34, "datetimes_today": "2026-07-25 13:59:59, 2026-07-25 14:17:10, 2026-07-25 14:32:01, 2026-07-25 14:46:57, 2026-07-25 15:02:21, 2026-07-25 15:17:09, 2026-07-25 15:31:58, 2026-07-25 15:47:16, 2026-07-25 16:01:43, 2026-07-25 16:16:43, 2026-07-25 16:27:38, 2026-07-25 16:46:44, 2026-07-25 17:02:39, 2026-07-25 17:17:07, 2026-07-25 17:46:39, 2026-07-25 18:02:04, 2026-07-25 18:16:44, 2026-07-25 18:27:33, 2026-07-25 18:47:11, 2026-07-25 19:02:48, 2026-07-25 19:16:47, 2026-07-25 19:32:40, 2026-07-25 19:46:57, 2026-07-25 20:01:44, 2026-07-25 20:16:47, 2026-07-25 20:32:27, 2026-07-25 20:47:08, 2026-07-25 21:02:08, 2026-07-25 21:15:55, 2026-07-25 21:31:47, 2026-07-25 21:47:11, 2026-07-25 22:01:48, 2026-07-25 22:16:38, 2026-07-25 22:31:39", "cumulative_total": 205.0 }, "geometry": { "type": "Polygon", "coordinates": [ [ [ -71.22680971711371, 47.544709878573499 ], [ -71.233253950365281, 47.547519976113136 ], [ -71.232881976216362, 47.552703674725841 ], [ -71.226064466829797, 47.555077197018448 ], [ -71.21961973908553, 47.552266682656885 ], [ -71.219993015183661, 47.547083062893179 ], [ -71.22680971711371, 47.544709878573499 ] ] ] } },
{ "type": "Feature", "properties": { "hex_id": 784675, "centroid_lon": -71.225318799113296, "centroid_lat": 47.565444487747655, "occurrences_today": 34, "datetimes_today": "2026-07-25 13:59:59, 2026-07-25 14:17:10, 2026-07-25 14:32:01, 2026-07-25 14:46:57, 2026-07-25 15:02:21, 2026-07-25 15:17:09, 2026-07-25 15:31:58, 2026-07-25 15:47:16, 2026-07-25 16:01:43, 2026-07-25 16:16:43, 2026-07-25 16:27:38, 2026-07-25 16:46:44, 2026-07-25 17:02:39, 2026-07-25 17:17:07, 2026-07-25 17:46:39, 2026-07-25 18:02:04, 2026-07-25 18:16:44, 2026-07-25 18:27:33, 2026-07-25 18:47:11, 2026-07-25 19:02:48, 2026-07-25 19:16:47, 2026-07-25 19:32:40, 2026-07-25 19:46:57, 2026-07-25 20:01:44, 2026-07-25 20:16:47, 2026-07-25 20:32:27, 2026-07-25 20:47:08, 2026-07-25 21:02:08, 2026-07-25 21:15:55, 2026-07-25 21:31:47, 2026-07-25 21:47:11, 2026-07-25 22:01:48, 2026-07-25 22:16:38, 2026-07-25 22:31:39", "cumulative_total": 205.0 }, "geometry": { "type": "Polygon", "coordinates": [ [ [ -71.225691685169068, 47.560260845847907 ], [ -71.232137715406083, 47.563071051187947 ], [ -71.231765428671082, 47.568254729035843 ], [ -71.224945808625606, 47.57062812271699 ], [ -71.218499283518213, 47.567817500327379 ], [ -71.218872873289754, 47.562633901374738 ], [ -71.225691685169068, 47.560260845847907 ] ] ] } },
{ "type": "Feature", "properties": { "hex_id": 784676, "centroid_lon": -71.224199514206717, "centroid_lat": 47.580995371861285, "occurrences_today": 34, "datetimes_today": "2026-07-25 13:59:59, 2026-07-25 14:17:10, 2026-07-25 14:32:01, 2026-07-25 14:46:57, 2026-07-25 15:02:21, 2026-07-25 15:17:09, 2026-07-25 15:31:58, 2026-07-25 15:47:16, 2026-07-25 16:01:43, 2026-07-25 16:16:43, 2026-07-25 16:27:38, 2026-07-25 16:46:44, 2026-07-25 17:02:39, 2026-07-25 17:17:07, 2026-07-25 17:46:39, 2026-07-25 18:02:04, 2026-07-25 18:16:44, 2026-07-25 18:27:33, 2026-07-25 18:47:11, 2026-07-25 19:02:48, 2026-07-25 19:16:47, 2026-07-25 19:32:40, 2026-07-25 19:46:57, 2026-07-25 20:01:44, 2026-07-25 20:16:47, 2026-07-25 20:32:27, 2026-07-25 20:47:08, 2026-07-25 21:02:08, 2026-07-25 21:15:55, 2026-07-25 21:31:47, 2026-07-25 21:47:11, 2026-07-25 22:01:48, 2026-07-25 22:16:38, 2026-07-25 22:31:39", "cumulative_total": 205.0 }, "geometry": { "type": "Polygon", "coordinates": [ [ [ -71.224572713669062, 47.575811750755108 ], [ -71.231020542357115, 47.578622063961539 ], [ -71.230647942704394, 47.583805721037855 ], [ -71.223826210201636, 47.586178986034753 ], [ -71.217377886265211, 47.58336825555098 ], [ -71.217751790042939, 47.578184677416253 ], [ -71.224572713669062, 47.575811750755108 ] ] ] } },
{ "type": "Feature", "properties": { "hex_id": 784677, "centroid_lon": -71.223079288415292, "centroid_lat": 47.596546193580537, "occurrences_today": 34, "datetimes_today": "2026-07-25 13:59:59, 2026-07-25 14:17:10, 2026-07-25 14:32:01, 2026-07-25 14:46:57, 2026-07-25 15:02:21, 2026-07-25 15:17:09, 2026-07-25 15:31:58, 2026-07-25 15:47:16, 2026-07-25 16:01:43, 2026-07-25 16:16:43, 2026-07-25 16:27:38, 2026-07-25 16:46:44, 2026-07-25 17:02:39, 2026-07-25 17:17:07, 2026-07-25 17:46:39, 2026-07-25 18:02:04, 2026-07-25 18:16:44, 2026-07-25 18:27:33, 2026-07-25 18:47:11, 2026-07-25 19:02:48, 2026-07-25 19:16:47, 2026-07-25 19:32:40, 2026-07-25 19:46:57, 2026-07-25 20:01:44, 2026-07-25 20:16:47, 2026-07-25 20:32:27, 2026-07-25 20:47:08, 2026-07-25 21:02:08, 2026-07-25 21:15:55, 2026-07-25 21:31:47, 2026-07-25 21:47:11, 2026-07-25 22:01:48, 2026-07-25 22:16:38, 2026-07-25 22:31:39", "cumulative_total": 205.0 }, "geometry": { "type": "Polygon", "coordinates": [ [ [ -71.22345280161683, 47.591362593274759 ], [ -71.229902430222978, 47.594173014413606 ], [ -71.229529517320387, 47.59935665071157 ], [ -71.222705670560032, 47.60172978695136 ], [ -71.216255546327176, 47.598918948307222 ], [ -71.216629764444377, 47.593735390997224 ], [ -71.22345280161683, 47.591362593274759 ] ] ] } },
{ "type": "Feature", "properties": { "hex_id": 784678, "centroid_lon": -71.22195812074014, "centroid_lat": 47.612096952885004, "occurrences_today": 34, "datetimes_today": "2026-07-25 13:59:59, 2026-07-25 14:17:10, 2026-07-25 14:32:01, 2026-07-25 14:46:57, 2026-07-25 15:02:21, 2026-07-25 15:17:09, 2026-07-25 15:31:58, 2026-07-25 15:47:16, 2026-07-25 16:01:43, 2026-07-25 16:16:43, 2026-07-25 16:27:38, 2026-07-25 16:46:44, 2026-07-25 17:02:39, 2026-07-25 17:17:07, 2026-07-25 17:46:39, 2026-07-25 18:02:04, 2026-07-25 18:16:44, 2026-07-25 18:27:33, 2026-07-25 18:47:11, 2026-07-25 19:02:48, 2026-07-25 19:16:47, 2026-07-25 19:32:40, 2026-07-25 19:46:57, 2026-07-25 20:01:44, 2026-07-25 20:16:47, 2026-07-25 20:32:27, 2026-07-25 20:47:08, 2026-07-25 21:02:08, 2026-07-25 21:15:55, 2026-07-25 21:31:47, 2026-07-25 21:47:11, 2026-07-25 22:01:48, 2026-07-25 22:16:38, 2026-07-25 22:31:39", "cumulative_total": 205.0 }, "geometry": { "type": "Polygon", "coordinates": [ [ [ -71.222331948013988, 47.606913373386433 ], [ -71.228783378006739, 47.609723902523839 ], [ -71.228410151521686, 47.614907518036645 ], [ -71.221584188701414, 47.617280525446368 ], [ -71.215132262703278, 47.614469578575616 ], [ -71.215506795493738, 47.609286042097189 ], [ -71.222331948013988, 47.606913373386433 ] ] ] } },
{ "type": "Feature", "properties": { "hex_id": 784679, "centroid_lon": -71.220836010180932, "centroid_lat": 47.627647649754273, "occurrences_today": 30, "datetimes_today": "2026-07-25 13:59:59, 2026-07-25 14:17:10, 2026-07-25 14:32:01, 2026-07-25 14:46:57, 2026-07-25 15:02:21, 2026-07-25 15:17:09, 2026-07-25 15:31:58, 2026-07-25 15:47:16, 2026-07-25 16:01:43, 2026-07-25 16:16:43, 2026-07-25 16:27:38, 2026-07-25 16:46:44, 2026-07-25 17:02:39, 2026-07-25 17:17:07, 2026-07-25 17:46:39, 2026-07-25 18:02:04, 2026-07-25 18:16:44, 2026-07-25 18:27:33, 2026-07-25 18:47:11, 2026-07-25 19:02:48, 2026-07-25 19:16:47, 2026-07-25 19:32:40, 2026-07-25 19:46:57, 2026-07-25 20:01:44, 2026-07-25 20:16:47, 2026-07-25 20:32:27, 2026-07-25 20:47:08, 2026-07-25 21:02:08, 2026-07-25 21:15:55, 2026-07-25 21:31:47", "cumulative_total": 147.0 }, "geometry": { "type": "Polygon", "coordinates": [ [ [ -71.221210151860703, 47.622464091069695 ], [ -71.227663384710056, 47.625274728271847 ], [ -71.227289844309396, 47.630458322992752 ], [ -71.220461763624954, 47.63283120149935 ], [ -71.214008034391242, 47.630020146335646 ], [ -71.214382882189199, 47.624836630695611 ], [ -71.221210151860703, 47.622464091069695 ] ] ] } },
{ "type": "Feature", "properties": { "hex_id": 785277, "centroid_lon": -71.228178720103074, "centroid_lat": 47.433041674744501, "occurrences_today": 30, "datetimes_today": "2026-07-25 13:59:59, 2026-07-25 14:17:10, 2026-07-25 14:32:01, 2026-07-25 14:46:57, 2026-07-25 15:02:21, 2026-07-25 15:17:09, 2026-07-25 15:31:58, 2026-07-25 15:47:16, 2026-07-25 16:01:43, 2026-07-25 16:16:43, 2026-07-25 16:27:38, 2026-07-25 16:46:44, 2026-07-25 17:02:39, 2026-07-25 17:17:07, 2026-07-25 17:46:39, 2026-07-25 18:02:04, 2026-07-25 18:16:44, 2026-07-25 18:27:33, 2026-07-25 18:47:11, 2026-07-25 19:02:48, 2026-07-25 19:16:47, 2026-07-25 19:32:40, 2026-07-25 19:46:57, 2026-07-25 20:01:44, 2026-07-25 20:16:47, 2026-07-25 20:32:27, 2026-07-25 20:47:08, 2026-07-25 21:02:08, 2026-07-25 21:15:55, 2026-07-25 21:31:47", "cumulative_total": 182.0 }, "geometry": { "type": "Polygon", "coordinates": [ [ [ -71.228549602375267, 47.427857895654995 ], [ -71.234980003811685, 47.4306675481632 ], [ -71.234609716607494, 47.435851363079372 ], [ -71.227807734154638, 47.438225446915091 ], [ -71.221376841344721, 47.435415379236296 ], [ -71.221748422324623, 47.430231642960607 ], [ -71.228549602375267, 47.427857895654995 ] ] ] } },
{ "type": "Feature", "properties": { "hex_id": 785278, "centroid_lon": -71.227065451082979, "centroid_lat": 47.448592970496492, "occurrences_today": 30, "datetimes_today": "2026-07-25 13:59:59, 2026-07-25 14:17:10, 2026-07-25 14:32:01, 2026-07-25 14:46:57, 2026-07-25 15:02:21, 2026-07-25 15:17:09, 2026-07-25 15:31:58, 2026-07-25 15:47:16, 2026-07-25 16:01:43, 2026-07-25 16:16:43, 2026-07-25 16:27:38, 2026-07-25 16:46:44, 2026-07-25 17:02:39, 2026-07-25 17:17:07, 2026-07-25 17:46:39, 2026-07-25 18:02:04, 2026-07-25 18:16:44, 2026-07-25 18:27:33, 2026-07-25 18:47:11, 2026-07-25 19:02:48, 2026-07-25 19:16:47, 2026-07-25 19:32:40, 2026-07-25 19:46:57, 2026-07-25 20:01:44, 2026-07-25 20:16:47, 2026-07-25 20:32:27, 2026-07-25 20:47:08, 2026-07-25 21:02:08, 2026-07-25 21:15:55, 2026-07-25 21:31:47", "cumulative_total": 195.0 }, "geometry": { "type": "Polygon", "coordinates": [ [ [ -71.227436644493466, 47.443409212166017 ], [ -71.233868831618352, 47.446218972176069 ], [ -71.233498233760457, 47.451402766355059 ], [ -71.22669415388664, 47.453776721905811 ], [ -71.220261475013302, 47.45096654649857 ], [ -71.220633367725654, 47.445782831006028 ], [ -71.227436644493466, 47.443409212166017 ] ] ] } },
{ "type": "Feature", "properties": { "hex_id": 785279, "centroid_lon": -71.225951247990025, "centroid_lat": 47.464144203957886, "occurrences_today": 30, "datetimes_today": "2026-07-25 13:59:59, 2026-07-25 14:17:10, 2026-07-25 14:32:01, 2026-07-25 14:46:57, 2026-07-25 15:02:21, 2026-07-25 15:17:09, 2026-07-25 15:31:58, 2026-07-25 15:47:16, 2026-07-25 16:01:43, 2026-07-25 16:16:43, 2026-07-25 16:27:38, 2026-07-25 16:46:44, 2026-07-25 17:02:39, 2026-07-25 17:17:07, 2026-07-25 17:46:39, 2026-07-25 18:02:04, 2026-07-25 18:16:44, 2026-07-25 18:27:33, 2026-07-25 18:47:11, 2026-07-25 19:02:48, 2026-07-25 19:16:47, 2026-07-25 19:32:40, 2026-07-25 19:46:57, 2026-07-25 20:01:44, 2026-07-25 20:16:47, 2026-07-25 20:32:27, 2026-07-25 20:47:08, 2026-07-25 21:02:08, 2026-07-25 21:15:55, 2026-07-25 21:31:47", "cumulative_total": 195.0 }, "geometry": { "type": "Polygon", "coordinates": [ [ [ -71.226322752867844, 47.458960466393179 ], [ -71.232756727135467, 47.46177033397062 ], [ -71.232385818295285, 47.466954107405677 ], [ -71.225579639216562, 47.46932793459915 ], [ -71.219145172825279, 47.466517651397822 ], [ -71.219517377599757, 47.461333956695221 ], [ -71.226322752867844, 47.458960466393179 ] ] ] } },
{ "type": "Feature", "properties": { "hex_id": 785280, "centroid_lon": -71.224836109836147, "centroid_lat": 47.479695375108363, "occurrences_today": 30, "datetimes_today": "2026-07-25 13:59:59, 2026-07-25 14:17:10, 2026-07-25 14:32:01, 2026-07-25 14:46:57, 2026-07-25 15:02:21, 2026-07-25 15:17:09, 2026-07-25 15:31:58, 2026-07-25 15:47:16, 2026-07-25 16:01:43, 2026-07-25 16:16:43, 2026-07-25 16:27:38, 2026-07-25 16:46:44, 2026-07-25 17:02:39, 2026-07-25 17:17:07, 2026-07-25 17:46:39, 2026-07-25 18:02:04, 2026-07-25 18:16:44, 2026-07-25 18:27:33, 2026-07-25 18:47:11, 2026-07-25 19:02:48, 2026-07-25 19:16:47, 2026-07-25 19:32:40, 2026-07-25 19:46:57, 2026-07-25 20:01:44, 2026-07-25 20:16:47, 2026-07-25 20:32:27, 2026-07-25 20:47:08, 2026-07-25 21:02:08, 2026-07-25 21:15:55, 2026-07-25 21:31:47", "cumulative_total": 147.0 }, "geometry": { "type": "Polygon", "coordinates": [ [ [ -71.225207926510819, 47.474511658316217 ], [ -71.231643689376824, 47.477321633526607 ], [ -71.231272469225331, 47.482505386210967 ], [ -71.224464189155853, 47.484879084974786 ], [ -71.21802793379058, 47.482068693913625 ], [ -71.21840045095739, 47.476885020007792 ], [ -71.225207926510819, 47.474511658316217 ] ] ] } },
{ "type": "Feature", "properties": { "hex_id": 785281, "centroid_lon": -71.223720035631729, "centroid_lat": 47.495246483927566, "occurrences_today": 30, "datetimes_today": "2026-07-25 13:59:59, 2026-07-25 14:17:10, 2026-07-25 14:32:01, 2026-07-25 14:46:57, 2026-07-25 15:02:21, 2026-07-25 15:17:09, 2026-07-25 15:31:58, 2026-07-25 15:47:16, 2026-07-25 16:01:43, 2026-07-25 16:16:43, 2026-07-25 16:27:38, 2026-07-25 16:46:44, 2026-07-25 17:02:39, 2026-07-25 17:17:07, 2026-07-25 17:46:39, 2026-07-25 18:02:04, 2026-07-25 18:16:44, 2026-07-25 18:27:33, 2026-07-25 18:47:11, 2026-07-25 19:02:48, 2026-07-25 19:16:47, 2026-07-25 19:32:40, 2026-07-25 19:46:57, 2026-07-25 20:01:44, 2026-07-25 20:16:47, 2026-07-25 20:32:27, 2026-07-25 20:47:08, 2026-07-25 21:02:08, 2026-07-25 21:15:55, 2026-07-25 21:31:47", "cumulative_total": 147.0 }, "geometry": { "type": "Polygon", "coordinates": [ [ [ -71.224092164433287, 47.490062787914781 ], [ -71.230529717354827, 47.492872870823774 ], [ -71.230158185562502, 47.498056602750701 ], [ -71.223347802714443, 47.50043017301239 ], [ -71.216909756917744, 47.497619674025614 ], [ -71.217282586807528, 47.492436020923307 ], [ -71.224092164433287, 47.490062787914781 ] ] ] } },
{ "type": "Feature", "properties": { "hex_id": 785282, "centroid_lon": -71.222603024385762, "centroid_lat": 47.510797530395159, "occurrences_today": 34, "datetimes_today": "2026-07-25 13:59:59, 2026-07-25 14:17:10, 2026-07-25 14:32:01, 2026-07-25 14:46:57, 2026-07-25 15:02:21, 2026-07-25 15:17:09, 2026-07-25 15:31:58, 2026-07-25 15:47:16, 2026-07-25 16:01:43, 2026-07-25 16:16:43, 2026-07-25 16:27:38, 2026-07-25 16:46:44, 2026-07-25 17:02:39, 2026-07-25 17:17:07, 2026-07-25 17:46:39, 2026-07-25 18:02:04, 2026-07-25 18:16:44, 2026-07-25 18:27:33, 2026-07-25 18:47:11, 2026-07-25 19:02:48, 2026-07-25 19:16:47, 2026-07-25 19:32:40, 2026-07-25 19:46:57, 2026-07-25 20:01:44, 2026-07-25 20:16:47, 2026-07-25 20:32:27, 2026-07-25 20:47:08, 2026-07-25 21:02:08, 2026-07-25 21:15:55, 2026-07-25 21:31:47, 2026-07-25 21:47:11, 2026-07-25 22:01:48, 2026-07-25 22:16:38, 2026-07-25 22:31:39", "cumulative_total": 205.0 }, "geometry": { "type": "Polygon", "coordinates": [ [ [ -71.222975465644708, 47.505613855168498 ], [ -71.229414810080399, 47.508424045841849 ], [ -71.229042966317223, 47.513607757004564 ], [ -71.22223047890084, 47.515981198691584 ], [ -71.215790641213772, 47.513170591713305 ], [ -71.2161637841577, 47.507986959421359 ], [ -71.222975465644708, 47.505613855168498 ] ] ] } },
{ "type": "Feature", "properties": { "hex_id": 785283, "centroid_lon": -71.221485075105804, "centroid_lat": 47.526348514490735, "occurrences_today": 34, "datetimes_today": "2026-07-25 13:59:59, 2026-07-25 14:17:10, 2026-07-25 14:32:01, 2026-07-25 14:46:57, 2026-07-25 15:02:21, 2026-07-25 15:17:09, 2026-07-25 15:31:58, 2026-07-25 15:47:16, 2026-07-25 16:01:43, 2026-07-25 16:16:43, 2026-07-25 16:27:38, 2026-07-25 16:46:44, 2026-07-25 17:02:39, 2026-07-25 17:17:07, 2026-07-25 17:46:39, 2026-07-25 18:02:04, 2026-07-25 18:16:44, 2026-07-25 18:27:33, 2026-07-25 18:47:11, 2026-07-25 19:02:48, 2026-07-25 19:16:47, 2026-07-25 19:32:40, 2026-07-25 19:46:57, 2026-07-25 20:01:44, 2026-07-25 20:16:47, 2026-07-25 20:32:27, 2026-07-25 20:47:08, 2026-07-25 21:02:08, 2026-07-25 21:15:55, 2026-07-25 21:31:47, 2026-07-25 21:47:11, 2026-07-25 22:01:48, 2026-07-25 22:16:38, 2026-07-25 22:31:39", "cumulative_total": 205.0 }, "geometry": { "type": "Polygon", "coordinates": [ [ [ -71.221857829153123, 47.52116486005702 ], [ -71.228298966562988, 47.523975158560532 ], [ -71.227926810498445, 47.529158848952278 ], [ -71.221112216722062, 47.531532161991976 ], [ -71.21467058568426, 47.528721446956247 ], [ -71.215044042013943, 47.523537835481491 ], [ -71.221857829153123, 47.52116486005702 ] ] ] } },
{ "type": "Feature", "properties": { "hex_id": 785284, "centroid_lon": -71.220366186797861, "centroid_lat": 47.541899436193958, "occurrences_today": 34, "datetimes_today": "2026-07-25 13:59:59, 2026-07-25 14:17:10, 2026-07-25 14:32:01, 2026-07-25 14:46:57, 2026-07-25 15:02:21, 2026-07-25 15:17:09, 2026-07-25 15:31:58, 2026-07-25 15:47:16, 2026-07-25 16:01:43, 2026-07-25 16:16:43, 2026-07-25 16:27:38, 2026-07-25 16:46:44, 2026-07-25 17:02:39, 2026-07-25 17:17:07, 2026-07-25 17:46:39, 2026-07-25 18:02:04, 2026-07-25 18:16:44, 2026-07-25 18:27:33, 2026-07-25 18:47:11, 2026-07-25 19:02:48, 2026-07-25 19:16:47, 2026-07-25 19:32:40, 2026-07-25 19:46:57, 2026-07-25 20:01:44, 2026-07-25 20:16:47, 2026-07-25 20:32:27, 2026-07-25 20:47:08, 2026-07-25 21:02:08, 2026-07-25 21:15:55, 2026-07-25 21:31:47, 2026-07-25 21:47:11, 2026-07-25 22:01:48, 2026-07-25 22:16:38, 2026-07-25 22:31:39", "cumulative_total": 205.0 }, "geometry": { "type": "Polygon", "coordinates": [ [ [ -71.220739253965036, 47.536715802559961 ], [ -71.227182185810605, 47.539526208959515 ], [ -71.22680971711371, 47.544709878573499 ], [ -71.219993015183661, 47.547083062893179 ], [ -71.213549589333283, 47.544272239733949 ], [ -71.213923359380857, 47.539088649083226 ], [ -71.220739253965036, 47.536715802559961 ] ] ] } },
{ "type": "Feature", "properties": { "hex_id": 785285, "centroid_lon": -71.219246358466535, "centroid_lat": 47.557450295484323, "occurrences_today": 34, "datetimes_today": "2026-07-25 13:59:59, 2026-07-25 14:17:10, 2026-07-25 14:32:01, 2026-07-25 14:46:57, 2026-07-25 15:02:21, 2026-07-25 15:17:09, 2026-07-25 15:31:58, 2026-07-25 15:47:16, 2026-07-25 16:01:43, 2026-07-25 16:16:43, 2026-07-25 16:27:38, 2026-07-25 16:46:44, 2026-07-25 17:02:39, 2026-07-25 17:17:07, 2026-07-25 17:46:39, 2026-07-25 18:02:04, 2026-07-25 18:16:44, 2026-07-25 18:27:33, 2026-07-25 18:47:11, 2026-07-25 19:02:48, 2026-07-25 19:16:47, 2026-07-25 19:32:40, 2026-07-25 19:46:57, 2026-07-25 20:01:44, 2026-07-25 20:16:47, 2026-07-25 20:32:27, 2026-07-25 20:47:08, 2026-07-25 21:02:08, 2026-07-25 21:15:55, 2026-07-25 21:31:47, 2026-07-25 21:47:11, 2026-07-25 22:01:48, 2026-07-25 22:16:38, 2026-07-25 22:31:39", "cumulative_total": 205.0 }, "geometry": { "type": "Polygon", "coordinates": [ [ [ -71.21961973908553, 47.552266682656885 ], [ -71.226064466829797, 47.555077197018448 ], [ -71.225691685169068, 47.560260845847907 ], [ -71.218872873289754, 47.562633901374738 ], [ -71.212427651163495, 47.559822970025934 ], [ -71.212801735261593, 47.554639400206071 ], [ -71.21961973908553, 47.552266682656885 ] ] ] } },
{ "type": "Feature", "properties": { "hex_id": 785286, "centroid_lon": -71.218125589114933, "centroid_lat": 47.57300109234145, "occurrences_today": 34, "datetimes_today": "2026-07-25 13:59:59, 2026-07-25 14:17:10, 2026-07-25 14:32:01, 2026-07-25 14:46:57, 2026-07-25 15:02:21, 2026-07-25 15:17:09, 2026-07-25 15:31:58, 2026-07-25 15:47:16, 2026-07-25 16:01:43, 2026-07-25 16:16:43, 2026-07-25 16:27:38, 2026-07-25 16:46:44, 2026-07-25 17:02:39, 2026-07-25 17:17:07, 2026-07-25 17:46:39, 2026-07-25 18:02:04, 2026-07-25 18:16:44, 2026-07-25 18:27:33, 2026-07-25 18:47:11, 2026-07-25 19:02:48, 2026-07-25 19:16:47, 2026-07-25 19:32:40, 2026-07-25 19:46:57, 2026-07-25 20:01:44, 2026-07-25 20:16:47, 2026-07-25 20:32:27, 2026-07-25 20:47:08, 2026-07-25 21:02:08, 2026-07-25 21:15:55, 2026-07-25 21:31:47, 2026-07-25 21:47:11, 2026-07-25 22:01:48, 2026-07-25 22:16:38, 2026-07-25 22:31:39", "cumulative_total": 205.0 }, "geometry": { "type": "Polygon", "coordinates": [ [ [ -71.218499283518213, 47.567817500327379 ], [ -71.224945808625606, 47.57062812271699 ], [ -71.224572713669062, 47.575811750755108 ], [ -71.217751790042939, 47.578184677416253 ], [ -71.211304770176042, 47.575373637811666 ], [ -71.211679168657767, 47.570190088829492 ], [ -71.218499283518213, 47.567817500327379 ] ] ] } },
{ "type": "Feature", "properties": { "hex_id": 785287, "centroid_lon": -71.217003877744702, "centroid_lat": 47.588551826744883, "occurrences_today": 30, "datetimes_today": "2026-07-25 13:59:59, 2026-07-25 14:17:10, 2026-07-25 14:32:01, 2026-07-25 14:46:57, 2026-07-25 15:02:21, 2026-07-25 15:17:09, 2026-07-25 15:31:58, 2026-07-25 15:47:16, 2026-07-25 16:01:43, 2026-07-25 16:16:43, 2026-07-25 16:27:38, 2026-07-25 16:46:44, 2026-07-25 17:02:39, 2026-07-25 17:17:07, 2026-07-25 17:46:39, 2026-07-25 18:02:04, 2026-07-25 18:16:44, 2026-07-25 18:27:33, 2026-07-25 18:47:11, 2026-07-25 19:02:48, 2026-07-25 19:16:47, 2026-07-25 19:32:40, 2026-07-25 19:46:57, 2026-07-25 20:01:44, 2026-07-25 20:16:47, 2026-07-25 20:32:27, 2026-07-25 20:47:08, 2026-07-25 21:02:08, 2026-07-25 21:15:55, 2026-07-25 21:31:47", "cumulative_total": 147.0 }, "geometry": { "type": "Polygon", "coordinates": [ [ [ -71.217377886265211, 47.58336825555098 ], [ -71.223826210201636, 47.586178986034753 ], [ -71.22345280161683, 47.591362593274759 ], [ -71.216629764444377, 47.593735390997224 ], [ -71.210180945370595, 47.590924243070596 ], [ -71.210555658569547, 47.585740714932975 ], [ -71.217377886265211, 47.58336825555098 ] ] ] } },
{ "type": "Feature", "properties": { "hex_id": 785288, "centroid_lon": -71.215881223355993, "centroid_lat": 47.604102498674145, "occurrences_today": 30, "datetimes_today": "2026-07-25 13:59:59, 2026-07-25 14:17:10, 2026-07-25 14:32:01, 2026-07-25 14:46:57, 2026-07-25 15:02:21, 2026-07-25 15:17:09, 2026-07-25 15:31:58, 2026-07-25 15:47:16, 2026-07-25 16:01:43, 2026-07-25 16:16:43, 2026-07-25 16:27:38, 2026-07-25 16:46:44, 2026-07-25 17:02:39, 2026-07-25 17:17:07, 2026-07-25 17:46:39, 2026-07-25 18:02:04, 2026-07-25 18:16:44, 2026-07-25 18:27:33, 2026-07-25 18:47:11, 2026-07-25 19:02:48, 2026-07-25 19:16:47, 2026-07-25 19:32:40, 2026-07-25 19:46:57, 2026-07-25 20:01:44, 2026-07-25 20:16:47, 2026-07-25 20:32:27, 2026-07-25 20:47:08, 2026-07-25 21:02:08, 2026-07-25 21:15:55, 2026-07-25 21:31:47", "cumulative_total": 147.0 }, "geometry": { "type": "Polygon", "coordinates": [ [ [ -71.216255546327176, 47.598918948307222 ], [ -71.222705670560032, 47.60172978695136 ], [ -71.222331948013988, 47.606913373386433 ], [ -71.215506795493738, 47.609286042097189 ], [ -71.209056175745374, 47.606474785782204 ], [ -71.209431203995649, 47.601291278495971 ], [ -71.216255546327176, 47.598918948307222 ] ] ] } },
{ "type": "Feature", "properties": { "hex_id": 785887, "centroid_lon": -71.222119899466904, "centroid_lat": 47.425047899758717, "occurrences_today": 30, "datetimes_today": "2026-07-25 13:59:59, 2026-07-25 14:17:10, 2026-07-25 14:32:01, 2026-07-25 14:46:57, 2026-07-25 15:02:21, 2026-07-25 15:17:09, 2026-07-25 15:31:58, 2026-07-25 15:47:16, 2026-07-25 16:01:43, 2026-07-25 16:16:43, 2026-07-25 16:27:38, 2026-07-25 16:46:44, 2026-07-25 17:02:39, 2026-07-25 17:17:07, 2026-07-25 17:46:39, 2026-07-25 18:02:04, 2026-07-25 18:16:44, 2026-07-25 18:27:33, 2026-07-25 18:47:11, 2026-07-25 19:02:48, 2026-07-25 19:16:47, 2026-07-25 19:32:40, 2026-07-25 19:46:57, 2026-07-25 20:01:44, 2026-07-25 20:16:47, 2026-07-25 20:32:27, 2026-07-25 20:47:08, 2026-07-25 21:02:08, 2026-07-25 21:15:55, 2026-07-25 21:31:47", "cumulative_total": 182.0 }, "geometry": { "type": "Polygon", "coordinates": [ [ [ -71.222491272808099, 47.419864149631366 ], [ -71.228920381007725, 47.422674109647311 ], [ -71.228549602375267, 47.427857895654995 ], [ -71.221748422324623, 47.430231642960607 ], [ -71.215318823235606, 47.427421267835996 ], [ -71.215690895050059, 47.422237560582644 ], [ -71.222491272808099, 47.419864149631366 ] ] ] } },
{ "type": "Feature", "properties": { "hex_id": 785888, "centroid_lon": -71.221005156490591, "centroid_lat": 47.440599108585026, "occurrences_today": 30, "datetimes_today": "2026-07-25 13:59:59, 2026-07-25 14:17:10, 2026-07-25 14:32:01, 2026-07-25 14:46:57, 2026-07-25 15:02:21, 2026-07-25 15:17:09, 2026-07-25 15:31:58, 2026-07-25 15:47:16, 2026-07-25 16:01:43, 2026-07-25 16:16:43, 2026-07-25 16:27:38, 2026-07-25 16:46:44, 2026-07-25 17:02:39, 2026-07-25 17:17:07, 2026-07-25 17:46:39, 2026-07-25 18:02:04, 2026-07-25 18:16:44, 2026-07-25 18:27:33, 2026-07-25 18:47:11, 2026-07-25 19:02:48, 2026-07-25 19:16:47, 2026-07-25 19:32:40, 2026-07-25 19:46:57, 2026-07-25 20:01:44, 2026-07-25 20:16:47, 2026-07-25 20:32:27, 2026-07-25 20:47:08, 2026-07-25 21:02:08, 2026-07-25 21:15:55, 2026-07-25 21:31:47", "cumulative_total": 195.0 }, "geometry": { "type": "Polygon", "coordinates": [ [ [ -71.221376841344721, 47.435415379236296 ], [ -71.227807734154638, 47.438225446915091 ], [ -71.227436644493466, 47.443409212166017 ], [ -71.220633367725654, 47.445782831006028 ], [ -71.21420198365189, 47.442972347992026 ], [ -71.214574367573164, 47.437788661541447 ], [ -71.221376841344721, 47.435415379236296 ] ] ] } },
{ "type": "Feature", "properties": { "hex_id": 785889, "centroid_lon": -71.219889478316873, "centroid_lat": 47.456150255061885, "occurrences_today": 30, "datetimes_today": "2026-07-25 13:59:59, 2026-07-25 14:17:10, 2026-07-25 14:32:01, 2026-07-25 14:46:57, 2026-07-25 15:02:21, 2026-07-25 15:17:09, 2026-07-25 15:31:58, 2026-07-25 15:47:16, 2026-07-25 16:01:43, 2026-07-25 16:16:43, 2026-07-25 16:27:38, 2026-07-25 16:46:44, 2026-07-25 17:02:39, 2026-07-25 17:17:07, 2026-07-25 17:46:39, 2026-07-25 18:02:04, 2026-07-25 18:16:44, 2026-07-25 18:27:33, 2026-07-25 18:47:11, 2026-07-25 19:02:48, 2026-07-25 19:16:47, 2026-07-25 19:32:40, 2026-07-25 19:46:57, 2026-07-25 20:01:44, 2026-07-25 20:16:47, 2026-07-25 20:32:27, 2026-07-25 20:47:08, 2026-07-25 21:02:08, 2026-07-25 21:15:55, 2026-07-25 21:31:47", "cumulative_total": 195.0 }, "geometry": { "type": "Polygon", "coordinates": [ [ [ -71.220261475013302, 47.45096654649857 ], [ -71.22669415388664, 47.453776721905811 ], [ -71.226322752867844, 47.458960466393179 ], [ -71.219517377599757, 47.461333956695221 ], [ -71.213084207087832, 47.458523365726094 ], [ -71.213456903445916, 47.45333970008511 ], [ -71.220261475013302, 47.45096654649857 ] ] ] } },
{ "type": "Feature", "properties": { "hex_id": 785890, "centroid_lon": -71.218772863956715, "centroid_lat": 47.471701339168931, "occurrences_today": 30, "datetimes_today": "2026-07-25 13:59:59, 2026-07-25 14:17:10, 2026-07-25 14:32:01, 2026-07-25 14:46:57, 2026-07-25 15:02:21, 2026-07-25 15:17:09, 2026-07-25 15:31:58, 2026-07-25 15:47:16, 2026-07-25 16:01:43, 2026-07-25 16:16:43, 2026-07-25 16:27:38, 2026-07-25 16:46:44, 2026-07-25 17:02:39, 2026-07-25 17:17:07, 2026-07-25 17:46:39, 2026-07-25 18:02:04, 2026-07-25 18:16:44, 2026-07-25 18:27:33, 2026-07-25 18:47:11, 2026-07-25 19:02:48, 2026-07-25 19:16:47, 2026-07-25 19:32:40, 2026-07-25 19:46:57, 2026-07-25 20:01:44, 2026-07-25 20:16:47, 2026-07-25 20:32:27, 2026-07-25 20:47:08, 2026-07-25 21:02:08, 2026-07-25 21:15:55, 2026-07-25 21:31:47", "cumulative_total": 147.0 }, "geometry": { "type": "Polygon", "coordinates": [ [ [ -71.219145172825279, 47.466517651397822 ], [ -71.225579639216562, 47.46932793459915 ], [ -71.225207926510819, 47.474511658316217 ], [ -71.21840045095739, 47.476885020007792 ], [ -71.211965492552409, 47.47407432101776 ], [ -71.21233850167782, 47.468890676193197 ], [ -71.219145172825279, 47.466517651397822 ] ] ] } },
{ "type": "Feature", "properties": { "hex_id": 785891, "centroid_lon": -71.217655312419552, "centroid_lat": 47.487252360885734, "occurrences_today": 30, "datetimes_today": "2026-07-25 13:59:59, 2026-07-25 14:17:10, 2026-07-25 14:32:01, 2026-07-25 14:46:57, 2026-07-25 15:02:21, 2026-07-25 15:17:09, 2026-07-25 15:31:58, 2026-07-25 15:47:16, 2026-07-25 16:01:43, 2026-07-25 16:16:43, 2026-07-25 16:27:38, 2026-07-25 16:46:44, 2026-07-25 17:02:39, 2026-07-25 17:17:07, 2026-07-25 17:46:39, 2026-07-25 18:02:04, 2026-07-25 18:16:44, 2026-07-25 18:27:33, 2026-07-25 18:47:11, 2026-07-25 19:02:48, 2026-07-25 19:16:47, 2026-07-25 19:32:40, 2026-07-25 19:46:57, 2026-07-25 20:01:44, 2026-07-25 20:16:47, 2026-07-25 20:32:27, 2026-07-25 20:47:08, 2026-07-25 21:02:08, 2026-07-25 21:15:55, 2026-07-25 21:31:47", "cumulative_total": 147.0 }, "geometry": { "type": "Polygon", "coordinates": [ [ [ -71.21802793379058, 47.482068693913625 ], [ -71.224464189155853, 47.484879084974786 ], [ -71.224092164433287, 47.490062787914781 ], [ -71.217282586807528, 47.492436020923307 ], [ -71.21084583905315, 47.489625213846509 ], [ -71.211219161276873, 47.484441589845176 ], [ -71.21802793379058, 47.482068693913625 ] ] ] } },
{ "type": "Feature", "properties": { "hex_id": 785892, "centroid_lon": -71.216536822713394, "centroid_lat": 47.50280332019188, "occurrences_today": 30, "datetimes_today": "2026-07-25 13:59:59, 2026-07-25 14:17:10, 2026-07-25 14:32:01, 2026-07-25 14:46:57, 2026-07-25 15:02:21, 2026-07-25 15:17:09, 2026-07-25 15:31:58, 2026-07-25 15:47:16, 2026-07-25 16:01:43, 2026-07-25 16:16:43, 2026-07-25 16:27:38, 2026-07-25 16:46:44, 2026-07-25 17:02:39, 2026-07-25 17:17:07, 2026-07-25 17:46:39, 2026-07-25 18:02:04, 2026-07-25 18:16:44, 2026-07-25 18:27:33, 2026-07-25 18:47:11, 2026-07-25 19:02:48, 2026-07-25 19:16:47, 2026-07-25 19:32:40, 2026-07-25 19:46:57, 2026-07-25 20:01:44, 2026-07-25 20:16:47, 2026-07-25 20:32:27, 2026-07-25 20:47:08, 2026-07-25 21:02:08, 2026-07-25 21:15:55, 2026-07-25 21:31:47", "cumulative_total": 147.0 }, "geometry": { "type": "Polygon", "coordinates": [ [ [ -71.216909756917744, 47.497619674025614 ], [ -71.223347802714443, 47.50043017301239 ], [ -71.222975465644708, 47.505613855168498 ], [ -71.2161637841577, 47.507986959421359 ], [ -71.209725245596147, 47.505176044191835 ], [ -71.21009888124965, 47.499992441020609 ], [ -71.216909756917744, 47.497619674025614 ] ] ] } },
{ "type": "Feature", "properties": { "hex_id": 785893, "centroid_lon": -71.215417393844803, "centroid_lat": 47.51835421706695, "occurrences_today": 30, "datetimes_today": "2026-07-25 13:59:59, 2026-07-25 14:17:10, 2026-07-25 14:32:01, 2026-07-25 14:46:57, 2026-07-25 15:02:21, 2026-07-25 15:17:09, 2026-07-25 15:31:58, 2026-07-25 15:47:16, 2026-07-25 16:01:43, 2026-07-25 16:16:43, 2026-07-25 16:27:38, 2026-07-25 16:46:44, 2026-07-25 17:02:39, 2026-07-25 17:17:07, 2026-07-25 17:46:39, 2026-07-25 18:02:04, 2026-07-25 18:16:44, 2026-07-25 18:27:33, 2026-07-25 18:47:11, 2026-07-25 19:02:48, 2026-07-25 19:16:47, 2026-07-25 19:32:40, 2026-07-25 19:46:57, 2026-07-25 20:01:44, 2026-07-25 20:16:47, 2026-07-25 20:32:27, 2026-07-25 20:47:08, 2026-07-25 21:02:08, 2026-07-25 21:15:55, 2026-07-25 21:31:47", "cumulative_total": 147.0 }, "geometry": { "type": "Polygon", "coordinates": [ [ [ -71.215790641213772, 47.513170591713305 ], [ -71.22223047890084, 47.515981198691584 ], [ -71.221857829153123, 47.52116486005702 ], [ -71.215044042013943, 47.523537835481491 ], [ -71.208603711185987, 47.520726812033217 ], [ -71.208977660601235, 47.515543229698913 ], [ -71.215790641213772, 47.513170591713305 ] ] ] } },
{ "type": "Feature", "properties": { "hex_id": 785894, "centroid_lon": -71.214297024818876, "centroid_lat": 47.533905051490407, "occurrences_today": 30, "datetimes_today": "2026-07-25 13:59:59, 2026-07-25 14:17:10, 2026-07-25 14:32:01, 2026-07-25 14:46:57, 2026-07-25 15:02:21, 2026-07-25 15:17:09, 2026-07-25 15:31:58, 2026-07-25 15:47:16, 2026-07-25 16:01:43, 2026-07-25 16:16:43, 2026-07-25 16:27:38, 2026-07-25 16:46:44, 2026-07-25 17:02:39, 2026-07-25 17:17:07, 2026-07-25 17:46:39, 2026-07-25 18:02:04, 2026-07-25 18:16:44, 2026-07-25 18:27:33, 2026-07-25 18:47:11, 2026-07-25 19:02:48, 2026-07-25 19:16:47, 2026-07-25 19:32:40, 2026-07-25 19:46:57, 2026-07-25 20:01:44, 2026-07-25 20:16:47, 2026-07-25 20:32:27, 2026-07-25 20:47:08, 2026-07-25 21:02:08, 2026-07-25 21:15:55, 2026-07-25 21:31:47", "cumulative_total": 147.0 }, "geometry": { "type": "Polygon", "coordinates": [ [ [ -71.21467058568426, 47.528721446956247 ], [ -71.221112216722062, 47.531532161991976 ], [ -71.220739253965036, 47.536715802559961 ], [ -71.213923359380857, 47.539088649083226 ], [ -71.207481234825792, 47.536277517350101 ], [ -71.207855498335235, 47.531093955859575 ], [ -71.21467058568426, 47.528721446956247 ] ] ] } },
{ "type": "Feature", "properties": { "hex_id": 785895, "centroid_lon": -71.213175714639192, "centroid_lat": 47.549455823441818, "occurrences_today": 30, "datetimes_today": "2026-07-25 13:59:59, 2026-07-25 14:17:10, 2026-07-25 14:32:01, 2026-07-25 14:46:57, 2026-07-25 15:02:21, 2026-07-25 15:17:09, 2026-07-25 15:31:58, 2026-07-25 15:47:16, 2026-07-25 16:01:43, 2026-07-25 16:16:43, 2026-07-25 16:27:38, 2026-07-25 16:46:44, 2026-07-25 17:02:39, 2026-07-25 17:17:07, 2026-07-25 17:46:39, 2026-07-25 18:02:04, 2026-07-25 18:16:44, 2026-07-25 18:27:33, 2026-07-25 18:47:11, 2026-07-25 19:02:48, 2026-07-25 19:16:47, 2026-07-25 19:32:40, 2026-07-25 19:46:57, 2026-07-25 20:01:44, 2026-07-25 20:16:47, 2026-07-25 20:32:27, 2026-07-25 20:47:08, 2026-07-25 21:02:08, 2026-07-25 21:15:55, 2026-07-25 21:31:47", "cumulative_total": 147.0 }, "geometry": { "type": "Polygon", "coordinates": [ [ [ -71.213549589333283, 47.544272239733949 ], [ -71.219993015183661, 47.547083062893179 ], [ -71.21961973908553, 47.552266682656885 ], [ -71.212801735261593, 47.554639400206071 ], [ -71.206357815517237, 47.551828160121914 ], [ -71.206732393453834, 47.546644619482045 ], [ -71.213549589333283, 47.544272239733949 ] ] ] } },
{ "type": "Feature", "properties": { "hex_id": 785896, "centroid_lon": -71.212053462307892, "centroid_lat": 47.565006532900654, "occurrences_today": 30, "datetimes_today": "2026-07-25 13:59:59, 2026-07-25 14:17:10, 2026-07-25 14:32:01, 2026-07-25 14:46:57, 2026-07-25 15:02:21, 2026-07-25 15:17:09, 2026-07-25 15:31:58, 2026-07-25 15:47:16, 2026-07-25 16:01:43, 2026-07-25 16:16:43, 2026-07-25 16:27:38, 2026-07-25 16:46:44, 2026-07-25 17:02:39, 2026-07-25 17:17:07, 2026-07-25 17:46:39, 2026-07-25 18:02:04, 2026-07-25 18:16:44, 2026-07-25 18:27:33, 2026-07-25 18:47:11, 2026-07-25 19:02:48, 2026-07-25 19:16:47, 2026-07-25 19:32:40, 2026-07-25 19:46:57, 2026-07-25 20:01:44, 2026-07-25 20:16:47, 2026-07-25 20:32:27, 2026-07-25 20:47:08, 2026-07-25 21:02:08, 2026-07-25 21:15:55, 2026-07-25 21:31:47", "cumulative_total": 147.0 }, "geometry": { "type": "Polygon", "coordinates": [ [ [ -71.212427651163495, 47.559822970025934 ], [ -71.218872873289754, 47.562633901374738 ], [ -71.218499283518213, 47.567817500327379 ], [ -71.211679168657767, 47.570190088829492 ], [ -71.205233452260501, 47.567378740328067 ], [ -71.205608344957668, 47.562195220545703 ], [ -71.212427651163495, 47.559822970025934 ] ] ] } },
{ "type": "Feature", "properties": { "hex_id": 785897, "centroid_lon": -71.210930266825656, "centroid_lat": 47.580557179846402, "occurrences_today": 30, "datetimes_today": "2026-07-25 13:59:59, 2026-07-25 14:17:10, 2026-07-25 14:32:01, 2026-07-25 14:46:57, 2026-07-25 15:02:21, 2026-07-25 15:17:09, 2026-07-25 15:31:58, 2026-07-25 15:47:16, 2026-07-25 16:01:43, 2026-07-25 16:16:43, 2026-07-25 16:27:38, 2026-07-25 16:46:44, 2026-07-25 17:02:39, 2026-07-25 17:17:07, 2026-07-25 17:46:39, 2026-07-25 18:02:04, 2026-07-25 18:16:44, 2026-07-25 18:27:33, 2026-07-25 18:47:11, 2026-07-25 19:02:48, 2026-07-25 19:16:47, 2026-07-25 19:32:40, 2026-07-25 19:46:57, 2026-07-25 20:01:44, 2026-07-25 20:16:47, 2026-07-25 20:32:27, 2026-07-25 20:47:08, 2026-07-25 21:02:08, 2026-07-25 21:15:55, 2026-07-25 21:31:47", "cumulative_total": 147.0 }, "geometry": { "type": "Polygon", "coordinates": [ [ [ -71.211304770176042, 47.575373637811666 ], [ -71.217751790042939, 47.578184677416253 ], [ -71.217377886265211, 47.58336825555098 ], [ -71.210555658569547, 47.585740714932975 ], [ -71.204108144054302, 47.582929257947974 ], [ -71.204483351845951, 47.577745759029973 ], [ -71.211304770176042, 47.575373637811666 ] ] ] } },
{ "type": "Feature", "properties": { "hex_id": 786497, "centroid_lon": -71.216062862902163, "centroid_lat": 47.417053846396541, "occurrences_today": 30, "datetimes_today": "2026-07-25 13:59:59, 2026-07-25 14:17:10, 2026-07-25 14:32:01, 2026-07-25 14:46:57, 2026-07-25 15:02:21, 2026-07-25 15:17:09, 2026-07-25 15:31:58, 2026-07-25 15:47:16, 2026-07-25 16:01:43, 2026-07-25 16:16:43, 2026-07-25 16:27:38, 2026-07-25 16:46:44, 2026-07-25 17:02:39, 2026-07-25 17:17:07, 2026-07-25 17:46:39, 2026-07-25 18:02:04, 2026-07-25 18:16:44, 2026-07-25 18:27:33, 2026-07-25 18:47:11, 2026-07-25 19:02:48, 2026-07-25 19:16:47, 2026-07-25 19:32:40, 2026-07-25 19:46:57, 2026-07-25 20:01:44, 2026-07-25 20:16:47, 2026-07-25 20:32:27, 2026-07-25 20:47:08, 2026-07-25 21:02:08, 2026-07-25 21:15:55, 2026-07-25 21:31:47", "cumulative_total": 182.0 }, "geometry": { "type": "Polygon", "coordinates": [ [ [ -71.216434726828524, 47.411870125278455 ], [ -71.22286254238476, 47.414680392579314 ], [ -71.222491272808099, 47.419864149631366 ], [ -71.215690895050059, 47.422237560582644 ], [ -71.209262589088183, 47.419426878235051 ], [ -71.20963515125338, 47.414243200051075 ], [ -71.216434726828524, 47.411870125278455 ] ] ] } },
{ "type": "Feature", "properties": { "hex_id": 786498, "centroid_lon": -71.214946647422181, "centroid_lat": 47.432604968155836, "occurrences_today": 30, "datetimes_today": "2026-07-25 13:59:59, 2026-07-25 14:17:10, 2026-07-25 14:32:01, 2026-07-25 14:46:57, 2026-07-25 15:02:21, 2026-07-25 15:17:09, 2026-07-25 15:31:58, 2026-07-25 15:47:16, 2026-07-25 16:01:43, 2026-07-25 16:16:43, 2026-07-25 16:27:38, 2026-07-25 16:46:44, 2026-07-25 17:02:39, 2026-07-25 17:17:07, 2026-07-25 17:46:39, 2026-07-25 18:02:04, 2026-07-25 18:16:44, 2026-07-25 18:27:33, 2026-07-25 18:47:11, 2026-07-25 19:02:48, 2026-07-25 19:16:47, 2026-07-25 19:32:40, 2026-07-25 19:46:57, 2026-07-25 20:01:44, 2026-07-25 20:16:47, 2026-07-25 20:32:27, 2026-07-25 20:47:08, 2026-07-25 21:02:08, 2026-07-25 21:15:55, 2026-07-25 21:31:47", "cumulative_total": 195.0 }, "geometry": { "type": "Polygon", "coordinates": [ [ [ -71.215318823235606, 47.427421267835996 ], [ -71.221748422324623, 47.430231642960607 ], [ -71.221376841344721, 47.435415379236296 ], [ -71.214574367573164, 47.437788661541447 ], [ -71.208144277704562, 47.43497787114363 ], [ -71.208517152350453, 47.429794213782081 ], [ -71.215318823235606, 47.427421267835996 ] ] ] } },
{ "type": "Feature", "properties": { "hex_id": 786499, "centroid_lon": -71.213829495621709, "centroid_lat": 47.448156027506826, "occurrences_today": 30, "datetimes_today": "2026-07-25 13:59:59, 2026-07-25 14:17:10, 2026-07-25 14:32:01, 2026-07-25 14:46:57, 2026-07-25 15:02:21, 2026-07-25 15:17:09, 2026-07-25 15:31:58, 2026-07-25 15:47:16, 2026-07-25 16:01:43, 2026-07-25 16:16:43, 2026-07-25 16:27:38, 2026-07-25 16:46:44, 2026-07-25 17:02:39, 2026-07-25 17:17:07, 2026-07-25 17:46:39, 2026-07-25 18:02:04, 2026-07-25 18:16:44, 2026-07-25 18:27:33, 2026-07-25 18:47:11, 2026-07-25 19:02:48, 2026-07-25 19:16:47, 2026-07-25 19:32:40, 2026-07-25 19:46:57, 2026-07-25 20:01:44, 2026-07-25 20:16:47, 2026-07-25 20:32:27, 2026-07-25 20:47:08, 2026-07-25 21:02:08, 2026-07-25 21:15:55, 2026-07-25 21:31:47", "cumulative_total": 195.0 }, "geometry": { "type": "Polygon", "coordinates": [ [ [ -71.21420198365189, 47.442972347992026 ], [ -71.220633367725654, 47.445782831006028 ], [ -71.220261475013302, 47.45096654649857 ], [ -71.213456903445916, 47.45333970008511 ], [ -71.207025028218297, 47.450528801571281 ], [ -71.207398215675212, 47.445345165038994 ], [ -71.21420198365189, 47.442972347992026 ] ] ] } },
{ "type": "Feature", "properties": { "hex_id": 786500, "centroid_lon": -71.212711406510707, "centroid_lat": 47.463707024429056, "occurrences_today": 30, "datetimes_today": "2026-07-25 13:59:59, 2026-07-25 14:17:10, 2026-07-25 14:32:01, 2026-07-25 14:46:57, 2026-07-25 15:02:21, 2026-07-25 15:17:09, 2026-07-25 15:31:58, 2026-07-25 15:47:16, 2026-07-25 16:01:43, 2026-07-25 16:16:43, 2026-07-25 16:27:38, 2026-07-25 16:46:44, 2026-07-25 17:02:39, 2026-07-25 17:17:07, 2026-07-25 17:46:39, 2026-07-25 18:02:04, 2026-07-25 18:16:44, 2026-07-25 18:27:33, 2026-07-25 18:47:11, 2026-07-25 19:02:48, 2026-07-25 19:16:47, 2026-07-25 19:32:40, 2026-07-25 19:46:57, 2026-07-25 20:01:44, 2026-07-25 20:16:47, 2026-07-25 20:32:27, 2026-07-25 20:47:08, 2026-07-25 21:02:08, 2026-07-25 21:15:55, 2026-07-25 21:31:47", "cumulative_total": 147.0 }, "geometry": { "type": "Polygon", "coordinates": [ [ [ -71.213084207087832, 47.458523365726094 ], [ -71.219517377599757, 47.461333956695221 ], [ -71.219145172825279, 47.466517651397822 ], [ -71.21233850167782, 47.468890676193197 ], [ -71.205904839637412, 47.466079669497489 ], [ -71.206278340236167, 47.460896053801292 ], [ -71.213084207087832, 47.458523365726094 ] ] ] } },
{ "type": "Feature", "properties": { "hex_id": 786501, "centroid_lon": -71.211592379097695, "centroid_lat": 47.479257958902018, "occurrences_today": 30, "datetimes_today": "2026-07-25 13:59:59, 2026-07-25 14:17:10, 2026-07-25 14:32:01, 2026-07-25 14:46:57, 2026-07-25 15:02:21, 2026-07-25 15:17:09, 2026-07-25 15:31:58, 2026-07-25 15:47:16, 2026-07-25 16:01:43, 2026-07-25 16:16:43, 2026-07-25 16:27:38, 2026-07-25 16:46:44, 2026-07-25 17:02:39, 2026-07-25 17:17:07, 2026-07-25 17:46:39, 2026-07-25 18:02:04, 2026-07-25 18:16:44, 2026-07-25 18:27:33, 2026-07-25 18:47:11, 2026-07-25 19:02:48, 2026-07-25 19:16:47, 2026-07-25 19:32:40, 2026-07-25 19:46:57, 2026-07-25 20:01:44, 2026-07-25 20:16:47, 2026-07-25 20:32:27, 2026-07-25 20:47:08, 2026-07-25 21:02:08, 2026-07-25 21:15:55, 2026-07-25 21:31:47", "cumulative_total": 147.0 }, "geometry": { "type": "Polygon", "coordinates": [ [ [ -71.211965492552409, 47.47407432101776 ], [ -71.21840045095739, 47.476885020007792 ], [ -71.21802793379058, 47.482068693913625 ], [ -71.211219161276873, 47.484441589845176 ], [ -71.204783710968485, 47.48163047490165 ], [ -71.205157525040406, 47.476446880048435 ], [ -71.211965492552409, 47.47407432101776 ] ] ] } },
{ "type": "Feature", "properties": { "hex_id": 786502, "centroid_lon": -71.210472412389691, "centroid_lat": 47.494808830905235, "occurrences_today": 30, "datetimes_today": "2026-07-25 13:59:59, 2026-07-25 14:17:10, 2026-07-25 14:32:01, 2026-07-25 14:46:57, 2026-07-25 15:02:21, 2026-07-25 15:17:09, 2026-07-25 15:31:58, 2026-07-25 15:47:16, 2026-07-25 16:01:43, 2026-07-25 16:16:43, 2026-07-25 16:27:38, 2026-07-25 16:46:44, 2026-07-25 17:02:39, 2026-07-25 17:17:07, 2026-07-25 17:46:39, 2026-07-25 18:02:04, 2026-07-25 18:16:44, 2026-07-25 18:27:33, 2026-07-25 18:47:11, 2026-07-25 19:02:48, 2026-07-25 19:16:47, 2026-07-25 19:32:40, 2026-07-25 19:46:57, 2026-07-25 20:01:44, 2026-07-25 20:16:47, 2026-07-25 20:32:27, 2026-07-25 20:47:08, 2026-07-25 21:02:08, 2026-07-25 21:15:55, 2026-07-25 21:31:47", "cumulative_total": 147.0 }, "geometry": { "type": "Polygon", "coordinates": [ [ [ -71.21084583905315, 47.489625213846509 ], [ -71.217282586807528, 47.492436020923307 ], [ -71.216909756917744, 47.497619674025614 ], [ -71.21009888124965, 47.499992441020609 ], [ -71.203661641216627, 47.497181217763249 ], [ -71.204035769093494, 47.491997643759824 ], [ -71.21084583905315, 47.489625213846509 ] ] ] } },
{ "type": "Feature", "properties": { "hex_id": 786503, "centroid_lon": -71.20935150539232, "centroid_lat": 47.510359640418208, "occurrences_today": 30, "datetimes_today": "2026-07-25 13:59:59, 2026-07-25 14:17:10, 2026-07-25 14:32:01, 2026-07-25 14:46:57, 2026-07-25 15:02:21, 2026-07-25 15:17:09, 2026-07-25 15:31:58, 2026-07-25 15:47:16, 2026-07-25 16:01:43, 2026-07-25 16:16:43, 2026-07-25 16:27:38, 2026-07-25 16:46:44, 2026-07-25 17:02:39, 2026-07-25 17:17:07, 2026-07-25 17:46:39, 2026-07-25 18:02:04, 2026-07-25 18:16:44, 2026-07-25 18:27:33, 2026-07-25 18:47:11, 2026-07-25 19:02:48, 2026-07-25 19:16:47, 2026-07-25 19:32:40, 2026-07-25 19:46:57, 2026-07-25 20:01:44, 2026-07-25 20:16:47, 2026-07-25 20:32:27, 2026-07-25 20:47:08, 2026-07-25 21:02:08, 2026-07-25 21:15:55, 2026-07-25 21:31:47", "cumulative_total": 147.0 }, "geometry": { "type": "Polygon", "coordinates": [ [ [ -71.209725245596147, 47.505176044191835 ], [ -71.2161637841577, 47.507986959421359 ], [ -71.215790641213772, 47.513170591713305 ], [ -71.208977660601235, 47.515543229698913 ], [ -71.202538629385472, 47.512731898061638 ], [ -71.202913071399564, 47.507548344914916 ], [ -71.209725245596147, 47.505176044191835 ] ] ] } },
{ "type": "Feature", "properties": { "hex_id": 786504, "centroid_lon": -71.208229657109641, "centroid_lat": 47.525910387420353, "occurrences_today": 30, "datetimes_today": "2026-07-25 13:59:59, 2026-07-25 14:17:10, 2026-07-25 14:32:01, 2026-07-25 14:46:57, 2026-07-25 15:02:21, 2026-07-25 15:17:09, 2026-07-25 15:31:58, 2026-07-25 15:47:16, 2026-07-25 16:01:43, 2026-07-25 16:16:43, 2026-07-25 16:27:38, 2026-07-25 16:46:44, 2026-07-25 17:02:39, 2026-07-25 17:17:07, 2026-07-25 17:46:39, 2026-07-25 18:02:04, 2026-07-25 18:16:44, 2026-07-25 18:27:33, 2026-07-25 18:47:11, 2026-07-25 19:02:48, 2026-07-25 19:16:47, 2026-07-25 19:32:40, 2026-07-25 19:46:57, 2026-07-25 20:01:44, 2026-07-25 20:16:47, 2026-07-25 20:32:27, 2026-07-25 20:47:08, 2026-07-25 21:02:08, 2026-07-25 21:15:55, 2026-07-25 21:31:47", "cumulative_total": 147.0 }, "geometry": { "type": "Polygon", "coordinates": [ [ [ -71.208603711185987, 47.520726812033217 ], [ -71.215044042013943, 47.523537835481491 ], [ -71.21467058568426, 47.528721446956247 ], [ -71.207855498335235, 47.531093955859575 ], [ -71.201414674477164, 47.528282515776219 ], [ -71.20178943096127, 47.52309898349305 ], [ -71.208603711185987, 47.520726812033217 ] ] ] } },
{ "type": "Feature", "properties": { "hex_id": 786505, "centroid_lon": -71.207106866544322, "centroid_lat": 47.541461071891177, "occurrences_today": 30, "datetimes_today": "2026-07-25 13:59:59, 2026-07-25 14:17:10, 2026-07-25 14:32:01, 2026-07-25 14:46:57, 2026-07-25 15:02:21, 2026-07-25 15:17:09, 2026-07-25 15:31:58, 2026-07-25 15:47:16, 2026-07-25 16:01:43, 2026-07-25 16:16:43, 2026-07-25 16:27:38, 2026-07-25 16:46:44, 2026-07-25 17:02:39, 2026-07-25 17:17:07, 2026-07-25 17:46:39, 2026-07-25 18:02:04, 2026-07-25 18:16:44, 2026-07-25 18:27:33, 2026-07-25 18:47:11, 2026-07-25 19:02:48, 2026-07-25 19:16:47, 2026-07-25 19:32:40, 2026-07-25 19:46:57, 2026-07-25 20:01:44, 2026-07-25 20:16:47, 2026-07-25 20:32:27, 2026-07-25 20:47:08, 2026-07-25 21:02:08, 2026-07-25 21:15:55, 2026-07-25 21:31:47", "cumulative_total": 147.0 }, "geometry": { "type": "Polygon", "coordinates": [ [ [ -71.207481234825792, 47.536277517350101 ], [ -71.213923359380857, 47.539088649083226 ], [ -71.213549589333283, 47.544272239733949 ], [ -71.206732393453834, 47.546644619482045 ], [ -71.200289775492422, 47.543833070886343 ], [ -71.200664846779802, 47.538649559473626 ], [ -71.207481234825792, 47.536277517350101 ] ] ] } },
{ "type": "Feature", "properties": { "hex_id": 786506, "centroid_lon": -71.20598313269754, "centroid_lat": 47.557011693810061, "occurrences_today": 30, "datetimes_today": "2026-07-25 13:59:59, 2026-07-25 14:17:10, 2026-07-25 14:32:01, 2026-07-25 14:46:57, 2026-07-25 15:02:21, 2026-07-25 15:17:09, 2026-07-25 15:31:58, 2026-07-25 15:47:16, 2026-07-25 16:01:43, 2026-07-25 16:16:43, 2026-07-25 16:27:38, 2026-07-25 16:46:44, 2026-07-25 17:02:39, 2026-07-25 17:17:07, 2026-07-25 17:46:39, 2026-07-25 18:02:04, 2026-07-25 18:16:44, 2026-07-25 18:27:33, 2026-07-25 18:47:11, 2026-07-25 19:02:48, 2026-07-25 19:16:47, 2026-07-25 19:32:40, 2026-07-25 19:46:57, 2026-07-25 20:01:44, 2026-07-25 20:16:47, 2026-07-25 20:32:27, 2026-07-25 20:47:08, 2026-07-25 21:02:08, 2026-07-25 21:15:55, 2026-07-25 21:31:47", "cumulative_total": 147.0 }, "geometry": { "type": "Polygon", "coordinates": [ [ [ -71.206357815517237, 47.551828160121914 ], [ -71.212801735261593, 47.554639400206071 ], [ -71.212427651163495, 47.559822970025934 ], [ -71.205608344957668, 47.562195220545703 ], [ -71.199163931430434, 47.55938356337137 ], [ -71.199539317854843, 47.554200072835982 ], [ -71.206357815517237, 47.551828160121914 ] ] ] } },
{ "type": "Feature", "properties": { "hex_id": 787106, "centroid_lon": -71.211124359411315, "centroid_lat": 47.393508417929965, "occurrences_today": 30, "datetimes_today": "2026-07-25 13:59:59, 2026-07-25 14:17:10, 2026-07-25 14:32:01, 2026-07-25 14:46:57, 2026-07-25 15:02:21, 2026-07-25 15:17:09, 2026-07-25 15:31:58, 2026-07-25 15:47:16, 2026-07-25 16:01:43, 2026-07-25 16:16:43, 2026-07-25 16:27:38, 2026-07-25 16:46:44, 2026-07-25 17:02:39, 2026-07-25 17:17:07, 2026-07-25 17:46:39, 2026-07-25 18:02:04, 2026-07-25 18:16:44, 2026-07-25 18:27:33, 2026-07-25 18:47:11, 2026-07-25 19:02:48, 2026-07-25 19:16:47, 2026-07-25 19:32:40, 2026-07-25 19:46:57, 2026-07-25 20:01:44, 2026-07-25 20:16:47, 2026-07-25 20:32:27, 2026-07-25 20:47:08, 2026-07-25 21:02:08, 2026-07-25 21:15:55, 2026-07-25 21:31:47", "cumulative_total": 182.0 }, "geometry": { "type": "Polygon", "coordinates": [ [ [ -71.2114964015081, 47.388324705057158 ], [ -71.217921144007633, 47.391135171501368 ], [ -71.217549695418711, 47.396318920339837 ], [ -71.210752213374036, 47.398692123866518 ], [ -71.204326981325408, 47.39588124266384 ], [ -71.204699720833986, 47.39069757276107 ], [ -71.2114964015081, 47.388324705057158 ] ] ] } },
{ "type": "Feature", "properties": { "hex_id": 787107, "centroid_lon": -71.210007609331669, "centroid_lat": 47.40905951492784, "occurrences_today": 30, "datetimes_today": "2026-07-25 13:59:59, 2026-07-25 14:17:10, 2026-07-25 14:32:01, 2026-07-25 14:46:57, 2026-07-25 15:02:21, 2026-07-25 15:17:09, 2026-07-25 15:31:58, 2026-07-25 15:47:16, 2026-07-25 16:01:43, 2026-07-25 16:16:43, 2026-07-25 16:27:38, 2026-07-25 16:46:44, 2026-07-25 17:02:39, 2026-07-25 17:17:07, 2026-07-25 17:46:39, 2026-07-25 18:02:04, 2026-07-25 18:16:44, 2026-07-25 18:27:33, 2026-07-25 18:47:11, 2026-07-25 19:02:48, 2026-07-25 19:16:47, 2026-07-25 19:32:40, 2026-07-25 19:46:57, 2026-07-25 20:01:44, 2026-07-25 20:16:47, 2026-07-25 20:32:27, 2026-07-25 20:47:08, 2026-07-25 21:02:08, 2026-07-25 21:15:55, 2026-07-25 21:31:47", "cumulative_total": 182.0 }, "geometry": { "type": "Polygon", "coordinates": [ [ [ -71.210379963359685, 47.403875822866063 ], [ -71.216806486865693, 47.406686397229137 ], [ -71.216434726828524, 47.411870125278455 ], [ -71.20963515125338, 47.414243200051075 ], [ -71.203208137825129, 47.411432210703246 ], [ -71.203581189857644, 47.406248561635692 ], [ -71.210379963359685, 47.403875822866063 ] ] ] } },
{ "type": "Feature", "properties": { "hex_id": 787108, "centroid_lon": -71.208889922799429, "centroid_lat": 47.424610549478963, "occurrences_today": 30, "datetimes_today": "2026-07-25 13:59:59, 2026-07-25 14:17:10, 2026-07-25 14:32:01, 2026-07-25 14:46:57, 2026-07-25 15:02:21, 2026-07-25 15:17:09, 2026-07-25 15:31:58, 2026-07-25 15:47:16, 2026-07-25 16:01:43, 2026-07-25 16:16:43, 2026-07-25 16:27:38, 2026-07-25 16:46:44, 2026-07-25 17:02:39, 2026-07-25 17:17:07, 2026-07-25 17:46:39, 2026-07-25 18:02:04, 2026-07-25 18:16:44, 2026-07-25 18:27:33, 2026-07-25 18:47:11, 2026-07-25 19:02:48, 2026-07-25 19:16:47, 2026-07-25 19:32:40, 2026-07-25 19:46:57, 2026-07-25 20:01:44, 2026-07-25 20:16:47, 2026-07-25 20:32:27, 2026-07-25 20:47:08, 2026-07-25 21:02:08, 2026-07-25 21:15:55, 2026-07-25 21:31:47", "cumulative_total": 195.0 }, "geometry": { "type": "Polygon", "coordinates": [ [ [ -71.209262589088183, 47.419426878235051 ], [ -71.215690895050059, 47.422237560582644 ], [ -71.215318823235606, 47.427421267835996 ], [ -71.208517152350453, 47.429794213782081 ], [ -71.202088356092844, 47.426983116223298 ], [ -71.202461720979443, 47.421799487997816 ], [ -71.209262589088183, 47.419426878235051 ] ] ] } },
{ "type": "Feature", "properties": { "hex_id": 787109, "centroid_lon": -71.207771298825051, "centroid_lat": 47.440161521562857, "occurrences_today": 30, "datetimes_today": "2026-07-25 13:59:59, 2026-07-25 14:17:10, 2026-07-25 14:32:01, 2026-07-25 14:46:57, 2026-07-25 15:02:21, 2026-07-25 15:17:09, 2026-07-25 15:31:58, 2026-07-25 15:47:16, 2026-07-25 16:01:43, 2026-07-25 16:16:43, 2026-07-25 16:27:38, 2026-07-25 16:46:44, 2026-07-25 17:02:39, 2026-07-25 17:17:07, 2026-07-25 17:46:39, 2026-07-25 18:02:04, 2026-07-25 18:16:44, 2026-07-25 18:27:33, 2026-07-25 18:47:11, 2026-07-25 19:02:48, 2026-07-25 19:16:47, 2026-07-25 19:32:40, 2026-07-25 19:46:57, 2026-07-25 20:01:44, 2026-07-25 20:16:47, 2026-07-25 20:32:27, 2026-07-25 20:47:08, 2026-07-25 21:02:08, 2026-07-25 21:15:55, 2026-07-25 21:31:47", "cumulative_total": 195.0 }, "geometry": { "type": "Polygon", "coordinates": [ [ [ -71.208144277704562, 47.43497787114363 ], [ -71.214574367573164, 47.437788661541447 ], [ -71.21420198365189, 47.442972347992026 ], [ -71.207398215675212, 47.445345165038994 ], [ -71.200967635137062, 47.442533959203423 ], [ -71.201341313208417, 47.437350351826858 ], [ -71.208144277704562, 47.43497787114363 ] ] ] } },
{ "type": "Feature", "properties": { "hex_id": 787110, "centroid_lon": -71.206651736417541, "centroid_lat": 47.455712431158958, "occurrences_today": 30, "datetimes_today": "2026-07-25 13:59:59, 2026-07-25 14:17:10, 2026-07-25 14:32:01, 2026-07-25 14:46:57, 2026-07-25 15:02:21, 2026-07-25 15:17:09, 2026-07-25 15:31:58, 2026-07-25 15:47:16, 2026-07-25 16:01:43, 2026-07-25 16:16:43, 2026-07-25 16:27:38, 2026-07-25 16:46:44, 2026-07-25 17:02:39, 2026-07-25 17:17:07, 2026-07-25 17:46:39, 2026-07-25 18:02:04, 2026-07-25 18:16:44, 2026-07-25 18:27:33, 2026-07-25 18:47:11, 2026-07-25 19:02:48, 2026-07-25 19:16:47, 2026-07-25 19:32:40, 2026-07-25 19:46:57, 2026-07-25 20:01:44, 2026-07-25 20:16:47, 2026-07-25 20:32:27, 2026-07-25 20:47:08, 2026-07-25 21:02:08, 2026-07-25 21:15:55, 2026-07-25 21:31:47", "cumulative_total": 147.0 }, "geometry": { "type": "Polygon", "coordinates": [ [ [ -71.207025028218297, 47.450528801571281 ], [ -71.213456903445916, 47.45333970008511 ], [ -71.213084207087832, 47.458523365726094 ], [ -71.206278340236167, 47.460896053801292 ], [ -71.199845973964884, 47.458084739622983 ], [ -71.200219965552122, 47.452901153102239 ], [ -71.207025028218297, 47.450528801571281 ] ] ] } },
{ "type": "Feature", "properties": { "hex_id": 787111, "centroid_lon": -71.205531234584427, "centroid_lat": 47.471263278246788, "occurrences_today": 30, "datetimes_today": "2026-07-25 13:59:59, 2026-07-25 14:17:10, 2026-07-25 14:32:01, 2026-07-25 14:46:57, 2026-07-25 15:02:21, 2026-07-25 15:17:09, 2026-07-25 15:31:58, 2026-07-25 15:47:16, 2026-07-25 16:01:43, 2026-07-25 16:16:43, 2026-07-25 16:27:38, 2026-07-25 16:46:44, 2026-07-25 17:02:39, 2026-07-25 17:17:07, 2026-07-25 17:46:39, 2026-07-25 18:02:04, 2026-07-25 18:16:44, 2026-07-25 18:27:33, 2026-07-25 18:47:11, 2026-07-25 19:02:48, 2026-07-25 19:16:47, 2026-07-25 19:32:40, 2026-07-25 19:46:57, 2026-07-25 20:01:44, 2026-07-25 20:16:47, 2026-07-25 20:32:27, 2026-07-25 20:47:08, 2026-07-25 21:02:08, 2026-07-25 21:15:55, 2026-07-25 21:31:47", "cumulative_total": 147.0 }, "geometry": { "type": "Polygon", "coordinates": [ [ [ -71.205904839637412, 47.466079669497489 ], [ -71.21233850167782, 47.468890676193197 ], [ -71.211965492552409, 47.47407432101776 ], [ -71.205157525040406, 47.476446880048435 ], [ -71.198723371581892, 47.473635457461391 ], [ -71.199097677016638, 47.468451891803319 ], [ -71.205904839637412, 47.466079669497489 ] ] ] } },
{ "type": "Feature", "properties": { "hex_id": 787112, "centroid_lon": -71.204409792331816, "centroid_lat": 47.486814062805699, "occurrences_today": 30, "datetimes_today": "2026-07-25 13:59:59, 2026-07-25 14:17:10, 2026-07-25 14:32:01, 2026-07-25 14:46:57, 2026-07-25 15:02:21, 2026-07-25 15:17:09, 2026-07-25 15:31:58, 2026-07-25 15:47:16, 2026-07-25 16:01:43, 2026-07-25 16:16:43, 2026-07-25 16:27:38, 2026-07-25 16:46:44, 2026-07-25 17:02:39, 2026-07-25 17:17:07, 2026-07-25 17:46:39, 2026-07-25 18:02:04, 2026-07-25 18:16:44, 2026-07-25 18:27:33, 2026-07-25 18:47:11, 2026-07-25 19:02:48, 2026-07-25 19:16:47, 2026-07-25 19:32:40, 2026-07-25 19:46:57, 2026-07-25 20:01:44, 2026-07-25 20:16:47, 2026-07-25 20:32:27, 2026-07-25 20:47:08, 2026-07-25 21:02:08, 2026-07-25 21:15:55, 2026-07-25 21:31:47", "cumulative_total": 147.0 }, "geometry": { "type": "Polygon", "coordinates": [ [ [ -71.204783710968485, 47.48163047490165 ], [ -71.211219161276873, 47.484441589845176 ], [ -71.21084583905315, 47.489625213846509 ], [ -71.204035769093494, 47.491997643759824 ], [ -71.197599826992246, 47.489186112697979 ], [ -71.197974446606622, 47.484002567909478 ], [ -71.204783710968485, 47.48163047490165 ] ] ] } },
{ "type": "Feature", "properties": { "hex_id": 787113, "centroid_lon": -71.203287408664295, "centroid_lat": 47.502364784815178, "occurrences_today": 30, "datetimes_today": "2026-07-25 13:59:59, 2026-07-25 14:17:10, 2026-07-25 14:32:01, 2026-07-25 14:46:57, 2026-07-25 15:02:21, 2026-07-25 15:17:09, 2026-07-25 15:31:58, 2026-07-25 15:47:16, 2026-07-25 16:01:43, 2026-07-25 16:16:43, 2026-07-25 16:27:38, 2026-07-25 16:46:44, 2026-07-25 17:02:39, 2026-07-25 17:17:07, 2026-07-25 17:46:39, 2026-07-25 18:02:04, 2026-07-25 18:16:44, 2026-07-25 18:27:33, 2026-07-25 18:47:11, 2026-07-25 19:02:48, 2026-07-25 19:16:47, 2026-07-25 19:32:40, 2026-07-25 19:46:57, 2026-07-25 20:01:44, 2026-07-25 20:16:47, 2026-07-25 20:32:27, 2026-07-25 20:47:08, 2026-07-25 21:02:08, 2026-07-25 21:15:55, 2026-07-25 21:31:47", "cumulative_total": 147.0 }, "geometry": { "type": "Polygon", "coordinates": [ [ [ -71.203661641216627, 47.497181217763249 ], [ -71.21009888124965, 47.499992441020609 ], [ -71.209725245596147, 47.505176044191835 ], [ -71.202913071399564, 47.507548344914916 ], [ -71.196475339198585, 47.504736705312077 ], [ -71.196850273325197, 47.499553181400039 ], [ -71.203661641216627, 47.497181217763249 ] ] ] } },
{ "type": "Feature", "properties": { "hex_id": 787114, "centroid_lon": -71.202164082585028, "centroid_lat": 47.517915444254612, "occurrences_today": 30, "datetimes_today": "2026-07-25 13:59:59, 2026-07-25 14:17:10, 2026-07-25 14:32:01, 2026-07-25 14:46:57, 2026-07-25 15:02:21, 2026-07-25 15:17:09, 2026-07-25 15:31:58, 2026-07-25 15:47:16, 2026-07-25 16:01:43, 2026-07-25 16:16:43, 2026-07-25 16:27:38, 2026-07-25 16:46:44, 2026-07-25 17:02:39, 2026-07-25 17:17:07, 2026-07-25 17:46:39, 2026-07-25 18:02:04, 2026-07-25 18:16:44, 2026-07-25 18:27:33, 2026-07-25 18:47:11, 2026-07-25 19:02:48, 2026-07-25 19:16:47, 2026-07-25 19:32:40, 2026-07-25 19:46:57, 2026-07-25 20:01:44, 2026-07-25 20:16:47, 2026-07-25 20:32:27, 2026-07-25 20:47:08, 2026-07-25 21:02:08, 2026-07-25 21:15:55, 2026-07-25 21:31:47", "cumulative_total": 147.0 }, "geometry": { "type": "Polygon", "coordinates": [ [ [ -71.202538629385472, 47.512731898061638 ], [ -71.208977660601235, 47.515543229698913 ], [ -71.208603711185987, 47.520726812033217 ], [ -71.20178943096127, 47.52309898349305 ], [ -71.195349907202143, 47.520287235283007 ], [ -71.195725156174092, 47.515103732254339 ], [ -71.202538629385472, 47.512731898061638 ] ] ] } },
{ "type": "Feature", "properties": { "hex_id": 787115, "centroid_lon": -71.20103981309569, "centroid_lat": 47.533466041103338, "occurrences_today": 30, "datetimes_today": "2026-07-25 13:59:59, 2026-07-25 14:17:10, 2026-07-25 14:32:01, 2026-07-25 14:46:57, 2026-07-25 15:02:21, 2026-07-25 15:17:09, 2026-07-25 15:31:58, 2026-07-25 15:47:16, 2026-07-25 16:01:43, 2026-07-25 16:16:43, 2026-07-25 16:27:38, 2026-07-25 16:46:44, 2026-07-25 17:02:39, 2026-07-25 17:17:07, 2026-07-25 17:46:39, 2026-07-25 18:02:04, 2026-07-25 18:16:44, 2026-07-25 18:27:33, 2026-07-25 18:47:11, 2026-07-25 19:02:48, 2026-07-25 19:16:47, 2026-07-25 19:32:40, 2026-07-25 19:46:57, 2026-07-25 20:01:44, 2026-07-25 20:16:47, 2026-07-25 20:32:27, 2026-07-25 20:47:08, 2026-07-25 21:02:08, 2026-07-25 21:15:55, 2026-07-25 21:31:47", "cumulative_total": 147.0 }, "geometry": { "type": "Polygon", "coordinates": [ [ [ -71.201414674477164, 47.528282515776219 ], [ -71.207855498335235, 47.531093955859575 ], [ -71.207481234825792, 47.536277517350101 ], [ -71.200664846779802, 47.538649559473626 ], [ -71.194223530002631, 47.535837702590065 ], [ -71.194599094153503, 47.530654220451645 ], [ -71.201414674477164, 47.528282515776219 ] ] ] } },
{ "type": "Feature", "properties": { "hex_id": 787716, "centroid_lon": -71.205072356241217, "centroid_lat": 47.385513895914769, "occurrences_today": 30, "datetimes_today": "2026-07-25 13:59:59, 2026-07-25 14:17:10, 2026-07-25 14:32:01, 2026-07-25 14:46:57, 2026-07-25 15:02:21, 2026-07-25 15:17:09, 2026-07-25 15:31:58, 2026-07-25 15:47:16, 2026-07-25 16:01:43, 2026-07-25 16:16:43, 2026-07-25 16:27:38, 2026-07-25 16:46:44, 2026-07-25 17:02:39, 2026-07-25 17:17:07, 2026-07-25 17:46:39, 2026-07-25 18:02:04, 2026-07-25 18:16:44, 2026-07-25 18:27:33, 2026-07-25 18:47:11, 2026-07-25 19:02:48, 2026-07-25 19:16:47, 2026-07-25 19:32:40, 2026-07-25 19:46:57, 2026-07-25 20:01:44, 2026-07-25 20:16:47, 2026-07-25 20:32:27, 2026-07-25 20:47:08, 2026-07-25 21:02:08, 2026-07-25 21:15:55, 2026-07-25 21:31:47", "cumulative_total": 182.0 }, "geometry": { "type": "Polygon", "coordinates": [ [ [ -71.205444887583695, 47.380330212125656 ], [ -71.21186833970097, 47.383140985248879 ], [ -71.2114964015081, 47.388324705057158 ], [ -71.204699720833986, 47.39069757276107 ], [ -71.198275779650132, 47.387886384941325 ], [ -71.198649008170378, 47.382702744182303 ], [ -71.205444887583695, 47.380330212125656 ] ] ] } },
{ "type": "Feature", "properties": { "hex_id": 787717, "centroid_lon": -71.203954137678849, "centroid_lat": 47.401064905622306, "occurrences_today": 30, "datetimes_today": "2026-07-25 13:59:59, 2026-07-25 14:17:10, 2026-07-25 14:32:01, 2026-07-25 14:46:57, 2026-07-25 15:02:21, 2026-07-25 15:17:09, 2026-07-25 15:31:58, 2026-07-25 15:47:16, 2026-07-25 16:01:43, 2026-07-25 16:16:43, 2026-07-25 16:27:38, 2026-07-25 16:46:44, 2026-07-25 17:02:39, 2026-07-25 17:17:07, 2026-07-25 17:46:39, 2026-07-25 18:02:04, 2026-07-25 18:16:44, 2026-07-25 18:27:33, 2026-07-25 18:47:11, 2026-07-25 19:02:48, 2026-07-25 19:16:47, 2026-07-25 19:32:40, 2026-07-25 19:46:57, 2026-07-25 20:01:44, 2026-07-25 20:16:47, 2026-07-25 20:32:27, 2026-07-25 20:47:08, 2026-07-25 21:02:08, 2026-07-25 21:15:55, 2026-07-25 21:31:47", "cumulative_total": 182.0 }, "geometry": { "type": "Polygon", "coordinates": [ [ [ -71.204326981325408, 47.39588124266384 ], [ -71.210752213374036, 47.398692123866518 ], [ -71.210379963359685, 47.403875822866063 ], [ -71.203581189857644, 47.406248561635692 ], [ -71.197155468369743, 47.403437265510263 ], [ -71.197529009786521, 47.398253645606076 ], [ -71.204326981325408, 47.39588124266384 ] ] ] } },
{ "type": "Feature", "properties": { "hex_id": 787718, "centroid_lon": -71.202834981544626, "centroid_lat": 47.416615852824194, "occurrences_today": 30, "datetimes_today": "2026-07-25 13:59:59, 2026-07-25 14:17:10, 2026-07-25 14:32:01, 2026-07-25 14:46:57, 2026-07-25 15:02:21, 2026-07-25 15:17:09, 2026-07-25 15:31:58, 2026-07-25 15:47:16, 2026-07-25 16:01:43, 2026-07-25 16:16:43, 2026-07-25 16:27:38, 2026-07-25 16:46:44, 2026-07-25 17:02:39, 2026-07-25 17:17:07, 2026-07-25 17:46:39, 2026-07-25 18:02:04, 2026-07-25 18:16:44, 2026-07-25 18:27:33, 2026-07-25 18:47:11, 2026-07-25 19:02:48, 2026-07-25 19:16:47, 2026-07-25 19:32:40, 2026-07-25 19:46:57, 2026-07-25 20:01:44, 2026-07-25 20:16:47, 2026-07-25 20:32:27, 2026-07-25 20:47:08, 2026-07-25 21:02:08, 2026-07-25 21:15:55, 2026-07-25 21:31:47", "cumulative_total": 195.0 }, "geometry": { "type": "Polygon", "coordinates": [ [ [ -71.203208137825129, 47.411432210703246 ], [ -71.20963515125338, 47.414243200051075 ], [ -71.209262589088183, 47.419426878235051 ], [ -71.202461720979443, 47.421799487997816 ], [ -71.196034217738926, 47.418988083500842 ], [ -71.196408072382695, 47.413804484458403 ], [ -71.203208137825129, 47.411432210703246 ] ] ] } },
{ "type": "Feature", "properties": { "hex_id": 787719, "centroid_lon": -71.20171488684808, "centroid_lat": 47.432166737499905, "occurrences_today": 30, "datetimes_today": "2026-07-25 13:59:59, 2026-07-25 14:17:10, 2026-07-25 14:32:01, 2026-07-25 14:46:57, 2026-07-25 15:02:21, 2026-07-25 15:17:09, 2026-07-25 15:31:58, 2026-07-25 15:47:16, 2026-07-25 16:01:43, 2026-07-25 16:16:43, 2026-07-25 16:27:38, 2026-07-25 16:46:44, 2026-07-25 17:02:39, 2026-07-25 17:17:07, 2026-07-25 17:46:39, 2026-07-25 18:02:04, 2026-07-25 18:16:44, 2026-07-25 18:27:33, 2026-07-25 18:47:11, 2026-07-25 19:02:48, 2026-07-25 19:16:47, 2026-07-25 19:32:40, 2026-07-25 19:46:57, 2026-07-25 20:01:44, 2026-07-25 20:16:47, 2026-07-25 20:32:27, 2026-07-25 20:47:08, 2026-07-25 21:02:08, 2026-07-25 21:15:55, 2026-07-25 21:31:47", "cumulative_total": 195.0 }, "geometry": { "type": "Polygon", "coordinates": [ [ [ -71.202088356092844, 47.426983116223298 ], [ -71.208517152350453, 47.429794213782081 ], [ -71.208144277704562, 47.43497787114363 ], [ -71.201341313208417, 47.437350351826858 ], [ -71.194912026765223, 47.434538838892422 ], [ -71.195286194966997, 47.429355260718616 ], [ -71.202088356092844, 47.426983116223298 ] ] ] } },
{ "type": "Feature", "properties": { "hex_id": 787720, "centroid_lon": -71.200593852597237, "centroid_lat": 47.447717559628785, "occurrences_today": 30, "datetimes_today": "2026-07-25 13:59:59, 2026-07-25 14:17:10, 2026-07-25 14:32:01, 2026-07-25 14:46:57, 2026-07-25 15:02:21, 2026-07-25 15:17:09, 2026-07-25 15:31:58, 2026-07-25 15:47:16, 2026-07-25 16:01:43, 2026-07-25 16:16:43, 2026-07-25 16:27:38, 2026-07-25 16:46:44, 2026-07-25 17:02:39, 2026-07-25 17:17:07, 2026-07-25 17:46:39, 2026-07-25 18:02:04, 2026-07-25 18:16:44, 2026-07-25 18:27:33, 2026-07-25 18:47:11, 2026-07-25 19:02:48, 2026-07-25 19:16:47, 2026-07-25 19:32:40, 2026-07-25 19:46:57, 2026-07-25 20:01:44, 2026-07-25 20:16:47, 2026-07-25 20:32:27, 2026-07-25 20:47:08, 2026-07-25 21:02:08, 2026-07-25 21:15:55, 2026-07-25 21:31:47", "cumulative_total": 147.0 }, "geometry": { "type": "Polygon", "coordinates": [ [ [ -71.200967635137062, 47.442533959203423 ], [ -71.207398215675212, 47.445345165038994 ], [ -71.207025028218297, 47.450528801571281 ], [ -71.200219965552122, 47.452901153102239 ], [ -71.193788894454769, 47.450089531664332 ], [ -71.194163376545973, 47.444905974366051 ], [ -71.200967635137062, 47.442533959203423 ] ] ] } },
{ "type": "Feature", "properties": { "hex_id": 787721, "centroid_lon": -71.199471877798672, "centroid_lat": 47.46326831919027, "occurrences_today": 30, "datetimes_today": "2026-07-25 13:59:59, 2026-07-25 14:17:10, 2026-07-25 14:32:01, 2026-07-25 14:46:57, 2026-07-25 15:02:21, 2026-07-25 15:17:09, 2026-07-25 15:31:58, 2026-07-25 15:47:16, 2026-07-25 16:01:43, 2026-07-25 16:16:43, 2026-07-25 16:27:38, 2026-07-25 16:46:44, 2026-07-25 17:02:39, 2026-07-25 17:17:07, 2026-07-25 17:46:39, 2026-07-25 18:02:04, 2026-07-25 18:16:44, 2026-07-25 18:27:33, 2026-07-25 18:47:11, 2026-07-25 19:02:48, 2026-07-25 19:16:47, 2026-07-25 19:32:40, 2026-07-25 19:46:57, 2026-07-25 20:01:44, 2026-07-25 20:16:47, 2026-07-25 20:32:27, 2026-07-25 20:47:08, 2026-07-25 21:02:08, 2026-07-25 21:15:55, 2026-07-25 21:31:47", "cumulative_total": 147.0 }, "geometry": { "type": "Polygon", "coordinates": [ [ [ -71.199845973964884, 47.458084739622983 ], [ -71.206278340236167, 47.460896053801292 ], [ -71.205904839637412, 47.466079669497489 ], [ -71.199097677016638, 47.468451891803319 ], [ -71.19266481981218, 47.465640161795896 ], [ -71.193039616124764, 47.460456625380026 ], [ -71.199845973964884, 47.458084739622983 ] ] ] } },
{ "type": "Feature", "properties": { "hex_id": 787722, "centroid_lon": -71.198348961457526, "centroid_lat": 47.478819016163705, "occurrences_today": 30, "datetimes_today": "2026-07-25 13:59:59, 2026-07-25 14:17:10, 2026-07-25 14:32:01, 2026-07-25 14:46:57, 2026-07-25 15:02:21, 2026-07-25 15:17:09, 2026-07-25 15:31:58, 2026-07-25 15:47:16, 2026-07-25 16:01:43, 2026-07-25 16:16:43, 2026-07-25 16:27:38, 2026-07-25 16:46:44, 2026-07-25 17:02:39, 2026-07-25 17:17:07, 2026-07-25 17:46:39, 2026-07-25 18:02:04, 2026-07-25 18:16:44, 2026-07-25 18:27:33, 2026-07-25 18:47:11, 2026-07-25 19:02:48, 2026-07-25 19:16:47, 2026-07-25 19:32:40, 2026-07-25 19:46:57, 2026-07-25 20:01:44, 2026-07-25 20:16:47, 2026-07-25 20:32:27, 2026-07-25 20:47:08, 2026-07-25 21:02:08, 2026-07-25 21:15:55, 2026-07-25 21:31:47", "cumulative_total": 147.0 }, "geometry": { "type": "Polygon", "coordinates": [ [ [ -71.198723371581892, 47.473635457461391 ], [ -71.205157525040406, 47.476446880048435 ], [ -71.204783710968485, 47.48163047490165 ], [ -71.197974446606622, 47.484002567909478 ], [ -71.191539801840648, 47.481190729266345 ], [ -71.191914912707077, 47.47600721373982 ], [ -71.198723371581892, 47.473635457461391 ] ] ] } },
{ "type": "Feature", "properties": { "hex_id": 787723, "centroid_lon": -71.19722510257742, "centroid_lat": 47.494369650528419, "occurrences_today": 30, "datetimes_today": "2026-07-25 13:59:59, 2026-07-25 14:17:10, 2026-07-25 14:32:01, 2026-07-25 14:46:57, 2026-07-25 15:02:21, 2026-07-25 15:17:09, 2026-07-25 15:31:58, 2026-07-25 15:47:16, 2026-07-25 16:01:43, 2026-07-25 16:16:43, 2026-07-25 16:27:38, 2026-07-25 16:46:44, 2026-07-25 17:02:39, 2026-07-25 17:17:07, 2026-07-25 17:46:39, 2026-07-25 18:02:04, 2026-07-25 18:16:44, 2026-07-25 18:27:33, 2026-07-25 18:47:11, 2026-07-25 19:02:48, 2026-07-25 19:16:47, 2026-07-25 19:32:40, 2026-07-25 19:46:57, 2026-07-25 20:01:44, 2026-07-25 20:16:47, 2026-07-25 20:32:27, 2026-07-25 20:47:08, 2026-07-25 21:02:08, 2026-07-25 21:15:55, 2026-07-25 21:31:47", "cumulative_total": 147.0 }, "geometry": { "type": "Polygon", "coordinates": [ [ [ -71.197599826992246, 47.489186112697979 ], [ -71.204035769093494, 47.491997643759824 ], [ -71.203661641216627, 47.497181217763249 ], [ -71.196850273325197, 47.499553181400039 ], [ -71.190413839541904, 47.496741234055001 ], [ -71.190789265295081, 47.491557739424707 ], [ -71.197599826992246, 47.489186112697979 ] ] ] } },
{ "type": "Feature", "properties": { "hex_id": 788325, "centroid_lon": -71.200140880362852, "centroid_lat": 47.36196811165285, "occurrences_today": 30, "datetimes_today": "2026-07-25 13:59:59, 2026-07-25 14:17:10, 2026-07-25 14:32:01, 2026-07-25 14:46:57, 2026-07-25 15:02:21, 2026-07-25 15:17:09, 2026-07-25 15:31:58, 2026-07-25 15:47:16, 2026-07-25 16:01:43, 2026-07-25 16:16:43, 2026-07-25 16:27:38, 2026-07-25 16:46:44, 2026-07-25 17:02:39, 2026-07-25 17:17:07, 2026-07-25 17:46:39, 2026-07-25 18:02:04, 2026-07-25 18:16:44, 2026-07-25 18:27:33, 2026-07-25 18:47:11, 2026-07-25 19:02:48, 2026-07-25 19:16:47, 2026-07-25 19:32:40, 2026-07-25 19:46:57, 2026-07-25 20:01:44, 2026-07-25 20:16:47, 2026-07-25 20:32:27, 2026-07-25 20:47:08, 2026-07-25 21:02:08, 2026-07-25 21:15:55, 2026-07-25 21:31:47", "cumulative_total": 182.0 }, "geometry": { "type": "Polygon", "coordinates": [ [ [ -71.20051358812195, 47.356784436150988 ], [ -71.206933973037806, 47.359595407556583 ], [ -71.206561857588525, 47.364779119109222 ], [ -71.199768068524747, 47.367151780207692 ], [ -71.193347195396356, 47.364340394393558 ], [ -71.193720599507714, 47.35915676195755 ], [ -71.20051358812195, 47.356784436150988 ] ] ] } },
{ "type": "Feature", "properties": { "hex_id": 788326, "centroid_lon": -71.199022132465132, "centroid_lat": 47.377519096473151, "occurrences_today": 30, "datetimes_today": "2026-07-25 13:59:59, 2026-07-25 14:17:10, 2026-07-25 14:32:01, 2026-07-25 14:46:57, 2026-07-25 15:02:21, 2026-07-25 15:17:09, 2026-07-25 15:31:58, 2026-07-25 15:47:16, 2026-07-25 16:01:43, 2026-07-25 16:16:43, 2026-07-25 16:27:38, 2026-07-25 16:46:44, 2026-07-25 17:02:39, 2026-07-25 17:17:07, 2026-07-25 17:46:39, 2026-07-25 18:02:04, 2026-07-25 18:16:44, 2026-07-25 18:27:33, 2026-07-25 18:47:11, 2026-07-25 19:02:48, 2026-07-25 19:16:47, 2026-07-25 19:32:40, 2026-07-25 19:46:57, 2026-07-25 20:01:44, 2026-07-25 20:16:47, 2026-07-25 20:32:27, 2026-07-25 20:47:08, 2026-07-25 21:02:08, 2026-07-25 21:15:55, 2026-07-25 21:31:47", "cumulative_total": 182.0 }, "geometry": { "type": "Polygon", "coordinates": [ [ [ -71.199395152571029, 47.372335441814705 ], [ -71.205817314898013, 47.375146521394527 ], [ -71.205444887583695, 47.380330212125656 ], [ -71.198649008170378, 47.382702744182303 ], [ -71.19222635725896, 47.379891249967912 ], [ -71.192600074308643, 47.374707638399514 ], [ -71.199395152571029, 47.372335441814705 ] ] ] } },
{ "type": "Feature", "properties": { "hex_id": 788327, "centroid_lon": -71.197902446867744, "centroid_lat": 47.393070018749519, "occurrences_today": 30, "datetimes_today": "2026-07-25 13:59:59, 2026-07-25 14:17:10, 2026-07-25 14:32:01, 2026-07-25 14:46:57, 2026-07-25 15:02:21, 2026-07-25 15:17:09, 2026-07-25 15:31:58, 2026-07-25 15:47:16, 2026-07-25 16:01:43, 2026-07-25 16:16:43, 2026-07-25 16:27:38, 2026-07-25 16:46:44, 2026-07-25 17:02:39, 2026-07-25 17:17:07, 2026-07-25 17:46:39, 2026-07-25 18:02:04, 2026-07-25 18:16:44, 2026-07-25 18:27:33, 2026-07-25 18:47:11, 2026-07-25 19:02:48, 2026-07-25 19:16:47, 2026-07-25 19:32:40, 2026-07-25 19:46:57, 2026-07-25 20:01:44, 2026-07-25 20:16:47, 2026-07-25 20:32:27, 2026-07-25 20:47:08, 2026-07-25 21:02:08, 2026-07-25 21:15:55, 2026-07-25 21:31:47", "cumulative_total": 182.0 }, "geometry": { "type": "Polygon", "coordinates": [ [ [ -71.198275779650132, 47.387886384941325 ], [ -71.204699720833986, 47.39069757276107 ], [ -71.204326981325408, 47.39588124266384 ], [ -71.197529009786521, 47.398253645606076 ], [ -71.191104579646037, 47.395442042925588 ], [ -71.191478609964392, 47.390258452231713 ], [ -71.198275779650132, 47.387886384941325 ] ] ] } },
{ "type": "Feature", "properties": { "hex_id": 788328, "centroid_lon": -71.196781822580732, "centroid_lat": 47.408620878461285, "occurrences_today": 30, "datetimes_today": "2026-07-25 13:59:59, 2026-07-25 14:17:10, 2026-07-25 14:32:01, 2026-07-25 14:46:57, 2026-07-25 15:02:21, 2026-07-25 15:17:09, 2026-07-25 15:31:58, 2026-07-25 15:47:16, 2026-07-25 16:01:43, 2026-07-25 16:16:43, 2026-07-25 16:27:38, 2026-07-25 16:46:44, 2026-07-25 17:02:39, 2026-07-25 17:17:07, 2026-07-25 17:46:39, 2026-07-25 18:02:04, 2026-07-25 18:16:44, 2026-07-25 18:27:33, 2026-07-25 18:47:11, 2026-07-25 19:02:48, 2026-07-25 19:16:47, 2026-07-25 19:32:40, 2026-07-25 19:46:57, 2026-07-25 20:01:44, 2026-07-25 20:16:47, 2026-07-25 20:32:27, 2026-07-25 20:47:08, 2026-07-25 21:02:08, 2026-07-25 21:15:55, 2026-07-25 21:31:47", "cumulative_total": 195.0 }, "geometry": { "type": "Polygon", "coordinates": [ [ [ -71.197155468369743, 47.403437265510263 ], [ -71.203581189857644, 47.406248561635692 ], [ -71.203208137825129, 47.411432210703246 ], [ -71.196408072382695, 47.413804484458403 ], [ -71.189981861565684, 47.410992773245887 ], [ -71.190356205483468, 47.405809203433435 ], [ -71.197155468369743, 47.403437265510263 ] ] ] } },
{ "type": "Feature", "properties": { "hex_id": 788329, "centroid_lon": -71.195660258612619, "centroid_lat": 47.424171675587836, "occurrences_today": 30, "datetimes_today": "2026-07-25 13:59:59, 2026-07-25 14:17:10, 2026-07-25 14:32:01, 2026-07-25 14:46:57, 2026-07-25 15:02:21, 2026-07-25 15:17:09, 2026-07-25 15:31:58, 2026-07-25 15:47:16, 2026-07-25 16:01:43, 2026-07-25 16:16:43, 2026-07-25 16:27:38, 2026-07-25 16:46:44, 2026-07-25 17:02:39, 2026-07-25 17:17:07, 2026-07-25 17:46:39, 2026-07-25 18:02:04, 2026-07-25 18:16:44, 2026-07-25 18:27:33, 2026-07-25 18:47:11, 2026-07-25 19:02:48, 2026-07-25 19:16:47, 2026-07-25 19:32:40, 2026-07-25 19:46:57, 2026-07-25 20:01:44, 2026-07-25 20:16:47, 2026-07-25 20:32:27, 2026-07-25 20:47:08, 2026-07-25 21:02:08, 2026-07-25 21:15:55, 2026-07-25 21:31:47", "cumulative_total": 195.0 }, "geometry": { "type": "Polygon", "coordinates": [ [ [ -71.196034217738926, 47.418988083500842 ], [ -71.202461720979443, 47.421799487997816 ], [ -71.202088356092844, 47.426983116223298 ], [ -71.195286194966997, 47.429355260718616 ], [ -71.188858202024491, 47.426543440908077 ], [ -71.18923285987303, 47.421359891983975 ], [ -71.196034217738926, 47.418988083500842 ] ] ] } },
{ "type": "Feature", "properties": { "hex_id": 788330, "centroid_lon": -71.194537753970494, "centroid_lat": 47.439722410108487, "occurrences_today": 30, "datetimes_today": "2026-07-25 13:59:59, 2026-07-25 14:17:10, 2026-07-25 14:32:01, 2026-07-25 14:46:57, 2026-07-25 15:02:21, 2026-07-25 15:17:09, 2026-07-25 15:31:58, 2026-07-25 15:47:16, 2026-07-25 16:01:43, 2026-07-25 16:16:43, 2026-07-25 16:27:38, 2026-07-25 16:46:44, 2026-07-25 17:02:39, 2026-07-25 17:17:07, 2026-07-25 17:46:39, 2026-07-25 18:02:04, 2026-07-25 18:16:44, 2026-07-25 18:27:33, 2026-07-25 18:47:11, 2026-07-25 19:02:48, 2026-07-25 19:16:47, 2026-07-25 19:32:40, 2026-07-25 19:46:57, 2026-07-25 20:01:44, 2026-07-25 20:16:47, 2026-07-25 20:32:27, 2026-07-25 20:47:08, 2026-07-25 21:02:08, 2026-07-25 21:15:55, 2026-07-25 21:31:47", "cumulative_total": 147.0 }, "geometry": { "type": "Polygon", "coordinates": [ [ [ -71.194912026765223, 47.434538838892422 ], [ -71.201341313208417, 47.437350351826858 ], [ -71.200967635137062, 47.442533959203423 ], [ -71.194163376545973, 47.444905974366051 ], [ -71.187733600027642, 47.442094045891437 ], [ -71.188108572138702, 47.436910517862579 ], [ -71.194912026765223, 47.434538838892422 ] ] ] } },
{ "type": "Feature", "properties": { "hex_id": 788331, "centroid_lon": -71.193414307659992, "centroid_lat": 47.455273082002584, "occurrences_today": 30, "datetimes_today": "2026-07-25 13:59:59, 2026-07-25 14:17:10, 2026-07-25 14:32:01, 2026-07-25 14:46:57, 2026-07-25 15:02:21, 2026-07-25 15:17:09, 2026-07-25 15:31:58, 2026-07-25 15:47:16, 2026-07-25 16:01:43, 2026-07-25 16:16:43, 2026-07-25 16:27:38, 2026-07-25 16:46:44, 2026-07-25 17:02:39, 2026-07-25 17:17:07, 2026-07-25 17:46:39, 2026-07-25 18:02:04, 2026-07-25 18:16:44, 2026-07-25 18:27:33, 2026-07-25 18:47:11, 2026-07-25 19:02:48, 2026-07-25 19:16:47, 2026-07-25 19:32:40, 2026-07-25 19:46:57, 2026-07-25 20:01:44, 2026-07-25 20:16:47, 2026-07-25 20:32:27, 2026-07-25 20:47:08, 2026-07-25 21:02:08, 2026-07-25 21:15:55, 2026-07-25 21:31:47", "cumulative_total": 147.0 }, "geometry": { "type": "Polygon", "coordinates": [ [ [ -71.193788894454769, 47.450089531664332 ], [ -71.200219965552122, 47.452901153102239 ], [ -71.199845973964884, 47.458084739622983 ], [ -71.193039616124764, 47.460456625380026 ], [ -71.186608054578812, 47.457644588175178 ], [ -71.186983341284645, 47.452461081048504 ], [ -71.193788894454769, 47.450089531664332 ] ] ] } },
{ "type": "Feature", "properties": { "hex_id": 788332, "centroid_lon": -71.192289918685262, "centroid_lat": 47.470823691249414, "occurrences_today": 30, "datetimes_today": "2026-07-25 13:59:59, 2026-07-25 14:17:10, 2026-07-25 14:32:01, 2026-07-25 14:46:57, 2026-07-25 15:02:21, 2026-07-25 15:17:09, 2026-07-25 15:31:58, 2026-07-25 15:47:16, 2026-07-25 16:01:43, 2026-07-25 16:16:43, 2026-07-25 16:27:38, 2026-07-25 16:46:44, 2026-07-25 17:02:39, 2026-07-25 17:17:07, 2026-07-25 17:46:39, 2026-07-25 18:02:04, 2026-07-25 18:16:44, 2026-07-25 18:27:33, 2026-07-25 18:47:11, 2026-07-25 19:02:48, 2026-07-25 19:16:47, 2026-07-25 19:32:40, 2026-07-25 19:46:57, 2026-07-25 20:01:44, 2026-07-25 20:16:47, 2026-07-25 20:32:27, 2026-07-25 20:47:08, 2026-07-25 21:02:08, 2026-07-25 21:15:55, 2026-07-25 21:31:47", "cumulative_total": 147.0 }, "geometry": { "type": "Polygon", "coordinates": [ [ [ -71.19266481981218, 47.465640161795896 ], [ -71.199097677016638, 47.468451891803319 ], [ -71.198723371581892, 47.473635457461391 ], [ -71.191914912707077, 47.47600721373982 ], [ -71.185481564680202, 47.473195067738537 ], [ -71.185857166313582, 47.468011581520969 ], [ -71.19266481981218, 47.465640161795896 ] ] ] } },
{ "type": "Feature", "properties": { "hex_id": 788935, "centroid_lon": -71.194093899379624, "centroid_lat": 47.35397312256719, "occurrences_today": 30, "datetimes_today": "2026-07-25 13:59:59, 2026-07-25 14:17:10, 2026-07-25 14:32:01, 2026-07-25 14:46:57, 2026-07-25 15:02:21, 2026-07-25 15:17:09, 2026-07-25 15:31:58, 2026-07-25 15:47:16, 2026-07-25 16:01:43, 2026-07-25 16:16:43, 2026-07-25 16:27:38, 2026-07-25 16:46:44, 2026-07-25 17:02:39, 2026-07-25 17:17:07, 2026-07-25 17:46:39, 2026-07-25 18:02:04, 2026-07-25 18:16:44, 2026-07-25 18:27:33, 2026-07-25 18:47:11, 2026-07-25 19:02:48, 2026-07-25 19:16:47, 2026-07-25 19:32:40, 2026-07-25 19:46:57, 2026-07-25 20:01:44, 2026-07-25 20:16:47, 2026-07-25 20:32:27, 2026-07-25 20:47:08, 2026-07-25 21:02:08, 2026-07-25 21:15:55, 2026-07-25 21:31:47", "cumulative_total": 193.0 }, "geometry": { "type": "Polygon", "coordinates": [ [ [ -71.194467095048694, 47.348789476223224 ], [ -71.200886191838663, 47.351600753702833 ], [ -71.20051358812195, 47.356784436150988 ], [ -71.193720599507714, 47.35915676195755 ], [ -71.187301014986517, 47.356345070131347 ], [ -71.187674906774177, 47.351161466913176 ], [ -71.194467095048694, 47.348789476223224 ] ] ] } },
{ "type": "Feature", "properties": { "hex_id": 788936, "centroid_lon": -71.192973687008887, "centroid_lat": 47.36952401987449, "occurrences_today": 30, "datetimes_today": "2026-07-25 13:59:59, 2026-07-25 14:17:10, 2026-07-25 14:32:01, 2026-07-25 14:46:57, 2026-07-25 15:02:21, 2026-07-25 15:17:09, 2026-07-25 15:31:58, 2026-07-25 15:47:16, 2026-07-25 16:01:43, 2026-07-25 16:16:43, 2026-07-25 16:27:38, 2026-07-25 16:46:44, 2026-07-25 17:02:39, 2026-07-25 17:17:07, 2026-07-25 17:46:39, 2026-07-25 18:02:04, 2026-07-25 18:16:44, 2026-07-25 18:27:33, 2026-07-25 18:47:11, 2026-07-25 19:02:48, 2026-07-25 19:16:47, 2026-07-25 19:32:40, 2026-07-25 19:46:57, 2026-07-25 20:01:44, 2026-07-25 20:16:47, 2026-07-25 20:32:27, 2026-07-25 20:47:08, 2026-07-25 21:02:08, 2026-07-25 21:15:55, 2026-07-25 21:31:47", "cumulative_total": 182.0 }, "geometry": { "type": "Polygon", "coordinates": [ [ [ -71.193347195396356, 47.364340394393558 ], [ -71.199768068524747, 47.367151780207692 ], [ -71.199395152571029, 47.372335441814705 ], [ -71.192600074308643, 47.374707638399514 ], [ -71.186178713077609, 47.371895838012819 ], [ -71.186552918174939, 47.366712255681939 ], [ -71.193347195396356, 47.364340394393558 ] ] ] } },
{ "type": "Feature", "properties": { "hex_id": 788937, "centroid_lon": -71.191852535823102, "centroid_lat": 47.38507485457891, "occurrences_today": 30, "datetimes_today": "2026-07-25 13:59:59, 2026-07-25 14:17:10, 2026-07-25 14:32:01, 2026-07-25 14:46:57, 2026-07-25 15:02:21, 2026-07-25 15:17:09, 2026-07-25 15:31:58, 2026-07-25 15:47:16, 2026-07-25 16:01:43, 2026-07-25 16:16:43, 2026-07-25 16:27:38, 2026-07-25 16:46:44, 2026-07-25 17:02:39, 2026-07-25 17:17:07, 2026-07-25 17:46:39, 2026-07-25 18:02:04, 2026-07-25 18:16:44, 2026-07-25 18:27:33, 2026-07-25 18:47:11, 2026-07-25 19:02:48, 2026-07-25 19:16:47, 2026-07-25 19:32:40, 2026-07-25 19:46:57, 2026-07-25 20:01:44, 2026-07-25 20:16:47, 2026-07-25 20:32:27, 2026-07-25 20:47:08, 2026-07-25 21:02:08, 2026-07-25 21:15:55, 2026-07-25 21:31:47", "cumulative_total": 182.0 }, "geometry": { "type": "Polygon", "coordinates": [ [ [ -71.19222635725896, 47.379891249967912 ], [ -71.198649008170378, 47.382702744182303 ], [ -71.198275779650132, 47.387886384941325 ], [ -71.191478609964392, 47.390258452231713 ], [ -71.185055470578604, 47.387446543218608 ], [ -71.185429989316205, 47.382262981781928 ], [ -71.19222635725896, 47.379891249967912 ] ] ] } },
{ "type": "Feature", "properties": { "hex_id": 788938, "centroid_lon": -71.190730444831331, "centroid_lat": 47.400625626659753, "occurrences_today": 30, "datetimes_today": "2026-07-25 13:59:59, 2026-07-25 14:17:10, 2026-07-25 14:32:01, 2026-07-25 14:46:57, 2026-07-25 15:02:21, 2026-07-25 15:17:09, 2026-07-25 15:31:58, 2026-07-25 15:47:16, 2026-07-25 16:01:43, 2026-07-25 16:16:43, 2026-07-25 16:27:38, 2026-07-25 16:46:44, 2026-07-25 17:02:39, 2026-07-25 17:17:07, 2026-07-25 17:46:39, 2026-07-25 18:02:04, 2026-07-25 18:16:44, 2026-07-25 18:27:33, 2026-07-25 18:47:11, 2026-07-25 19:02:48, 2026-07-25 19:16:47, 2026-07-25 19:32:40, 2026-07-25 19:46:57, 2026-07-25 20:01:44, 2026-07-25 20:16:47, 2026-07-25 20:32:27, 2026-07-25 20:47:08, 2026-07-25 21:02:08, 2026-07-25 21:15:55, 2026-07-25 21:31:47", "cumulative_total": 182.0 }, "geometry": { "type": "Polygon", "coordinates": [ [ [ -71.191104579646037, 47.395442042925588 ], [ -71.197529009786521, 47.398253645606076 ], [ -71.197155468369743, 47.403437265510263 ], [ -71.190356205483468, 47.405809203433435 ], [ -71.183931286496588, 47.402997185727941 ], [ -71.184306119205601, 47.397813645192386 ], [ -71.191104579646037, 47.395442042925588 ] ] ] } },
{ "type": "Feature", "properties": { "hex_id": 788939, "centroid_lon": -71.189607413041145, "centroid_lat": 47.416176336096314, "occurrences_today": 30, "datetimes_today": "2026-07-25 13:59:59, 2026-07-25 14:17:10, 2026-07-25 14:32:01, 2026-07-25 14:46:57, 2026-07-25 15:02:21, 2026-07-25 15:17:09, 2026-07-25 15:31:58, 2026-07-25 15:47:16, 2026-07-25 16:01:43, 2026-07-25 16:16:43, 2026-07-25 16:27:38, 2026-07-25 16:46:44, 2026-07-25 17:02:39, 2026-07-25 17:17:07, 2026-07-25 17:46:39, 2026-07-25 18:02:04, 2026-07-25 18:16:44, 2026-07-25 18:27:33, 2026-07-25 18:47:11, 2026-07-25 19:02:48, 2026-07-25 19:16:47, 2026-07-25 19:32:40, 2026-07-25 19:46:57, 2026-07-25 20:01:44, 2026-07-25 20:16:47, 2026-07-25 20:32:27, 2026-07-25 20:47:08, 2026-07-25 21:02:08, 2026-07-25 21:15:55, 2026-07-25 21:31:47", "cumulative_total": 195.0 }, "geometry": { "type": "Polygon", "coordinates": [ [ [ -71.189981861565684, 47.410992773245887 ], [ -71.196408072382695, 47.413804484458403 ], [ -71.196034217738926, 47.418988083500842 ], [ -71.18923285987303, 47.421359891983975 ], [ -71.182806159837241, 47.418547765520032 ], [ -71.183181306849278, 47.413364245892531 ], [ -71.189981861565684, 47.410992773245887 ] ] ] } },
{ "type": "Feature", "properties": { "hex_id": 788940, "centroid_lon": -71.188483439458679, "centroid_lat": 47.431726982867879, "occurrences_today": 30, "datetimes_today": "2026-07-25 13:59:59, 2026-07-25 14:17:10, 2026-07-25 14:32:01, 2026-07-25 14:46:57, 2026-07-25 15:02:21, 2026-07-25 15:17:09, 2026-07-25 15:31:58, 2026-07-25 15:47:16, 2026-07-25 16:01:43, 2026-07-25 16:16:43, 2026-07-25 16:27:38, 2026-07-25 16:46:44, 2026-07-25 17:02:39, 2026-07-25 17:17:07, 2026-07-25 17:46:39, 2026-07-25 18:02:04, 2026-07-25 18:16:44, 2026-07-25 18:27:33, 2026-07-25 18:47:11, 2026-07-25 19:02:48, 2026-07-25 19:16:47, 2026-07-25 19:32:40, 2026-07-25 19:46:57, 2026-07-25 20:01:44, 2026-07-25 20:16:47, 2026-07-25 20:32:27, 2026-07-25 20:47:08, 2026-07-25 21:02:08, 2026-07-25 21:15:55, 2026-07-25 21:31:47", "cumulative_total": 147.0 }, "geometry": { "type": "Polygon", "coordinates": [ [ [ -71.188858202024491, 47.426543440908077 ], [ -71.195286194966997, 47.429355260718616 ], [ -71.194912026765223, 47.434538838892422 ], [ -71.188108572138702, 47.436910517862579 ], [ -71.181680089604768, 47.434098282574055 ], [ -71.182055551251921, 47.428914783861565 ], [ -71.188858202024491, 47.426543440908077 ] ] ] } },
{ "type": "Feature", "properties": { "hex_id": 788941, "centroid_lon": -71.187358523088605, "centroid_lat": 47.447277566953659, "occurrences_today": 30, "datetimes_today": "2026-07-25 13:59:59, 2026-07-25 14:17:10, 2026-07-25 14:32:01, 2026-07-25 14:46:57, 2026-07-25 15:02:21, 2026-07-25 15:17:09, 2026-07-25 15:31:58, 2026-07-25 15:47:16, 2026-07-25 16:01:43, 2026-07-25 16:16:43, 2026-07-25 16:27:38, 2026-07-25 16:46:44, 2026-07-25 17:02:39, 2026-07-25 17:17:07, 2026-07-25 17:46:39, 2026-07-25 18:02:04, 2026-07-25 18:16:44, 2026-07-25 18:27:33, 2026-07-25 18:47:11, 2026-07-25 19:02:48, 2026-07-25 19:16:47, 2026-07-25 19:32:40, 2026-07-25 19:46:57, 2026-07-25 20:01:44, 2026-07-25 20:16:47, 2026-07-25 20:32:27, 2026-07-25 20:47:08, 2026-07-25 21:02:08, 2026-07-25 21:15:55, 2026-07-25 21:31:47", "cumulative_total": 147.0 }, "geometry": { "type": "Polygon", "coordinates": [ [ [ -71.187733600027642, 47.442094045891437 ], [ -71.194163376545973, 47.444905974366051 ], [ -71.193788894454769, 47.450089531664332 ], [ -71.186983341284645, 47.452461081048504 ], [ -71.180553074801892, 47.449648736869186 ], [ -71.180928851416738, 47.444465259078633 ], [ -71.187733600027642, 47.442094045891437 ] ] ] } },
{ "type": "Feature", "properties": { "hex_id": 789545, "centroid_lon": -71.188048694198699, "centroid_lat": 47.34597785673413, "occurrences_today": 30, "datetimes_today": "2026-07-25 13:59:59, 2026-07-25 14:17:10, 2026-07-25 14:32:01, 2026-07-25 14:46:57, 2026-07-25 15:02:21, 2026-07-25 15:17:09, 2026-07-25 15:31:58, 2026-07-25 15:47:16, 2026-07-25 16:01:43, 2026-07-25 16:16:43, 2026-07-25 16:27:38, 2026-07-25 16:46:44, 2026-07-25 17:02:39, 2026-07-25 17:17:07, 2026-07-25 17:46:39, 2026-07-25 18:02:04, 2026-07-25 18:16:44, 2026-07-25 18:27:33, 2026-07-25 18:47:11, 2026-07-25 19:02:48, 2026-07-25 19:16:47, 2026-07-25 19:32:40, 2026-07-25 19:46:57, 2026-07-25 20:01:44, 2026-07-25 20:16:47, 2026-07-25 20:32:27, 2026-07-25 20:47:08, 2026-07-25 21:02:08, 2026-07-25 21:15:55, 2026-07-25 21:31:47", "cumulative_total": 193.0 }, "geometry": { "type": "Polygon", "coordinates": [ [ [ -71.188422377296703, 47.340794239594963 ], [ -71.194840186551559, 47.34360582292647 ], [ -71.194467095048694, 47.348789476223224 ], [ -71.187674906774177, 47.351161466913176 ], [ -71.181256610269003, 47.34834946929702 ], [ -71.181630989252014, 47.343165895343503 ], [ -71.188422377296703, 47.340794239594963 ] ] ] } },
{ "type": "Feature", "properties": { "hex_id": 789546, "centroid_lon": -71.186927018798997, "centroid_lat": 47.361528666387855, "occurrences_today": 30, "datetimes_today": "2026-07-25 13:59:59, 2026-07-25 14:17:10, 2026-07-25 14:32:01, 2026-07-25 14:46:57, 2026-07-25 15:02:21, 2026-07-25 15:17:09, 2026-07-25 15:31:58, 2026-07-25 15:47:16, 2026-07-25 16:01:43, 2026-07-25 16:16:43, 2026-07-25 16:27:38, 2026-07-25 16:46:44, 2026-07-25 17:02:39, 2026-07-25 17:17:07, 2026-07-25 17:46:39, 2026-07-25 18:02:04, 2026-07-25 18:16:44, 2026-07-25 18:27:33, 2026-07-25 18:47:11, 2026-07-25 19:02:48, 2026-07-25 19:16:47, 2026-07-25 19:32:40, 2026-07-25 19:46:57, 2026-07-25 20:01:44, 2026-07-25 20:16:47, 2026-07-25 20:32:27, 2026-07-25 20:47:08, 2026-07-25 21:02:08, 2026-07-25 21:15:55, 2026-07-25 21:31:47", "cumulative_total": 193.0 }, "geometry": { "type": "Polygon", "coordinates": [ [ [ -71.187301014986517, 47.356345070131347 ], [ -71.193720599507714, 47.35915676195755 ], [ -71.193347195396356, 47.364340394393558 ], [ -71.186552918174939, 47.366712255681939 ], [ -71.180132846032478, 47.363900149345149 ], [ -71.180507538695991, 47.358716596298599 ], [ -71.187301014986517, 47.356345070131347 ] ] ] } },
{ "type": "Feature", "properties": { "hex_id": 789547, "centroid_lon": -71.185804403470286, "centroid_lat": 47.377079413379725, "occurrences_today": 30, "datetimes_today": "2026-07-25 13:59:59, 2026-07-25 14:17:10, 2026-07-25 14:32:01, 2026-07-25 14:46:57, 2026-07-25 15:02:21, 2026-07-25 15:17:09, 2026-07-25 15:31:58, 2026-07-25 15:47:16, 2026-07-25 16:01:43, 2026-07-25 16:16:43, 2026-07-25 16:27:38, 2026-07-25 16:46:44, 2026-07-25 17:02:39, 2026-07-25 17:17:07, 2026-07-25 17:46:39, 2026-07-25 18:02:04, 2026-07-25 18:16:44, 2026-07-25 18:27:33, 2026-07-25 18:47:11, 2026-07-25 19:02:48, 2026-07-25 19:16:47, 2026-07-25 19:32:40, 2026-07-25 19:46:57, 2026-07-25 20:01:44, 2026-07-25 20:16:47, 2026-07-25 20:32:27, 2026-07-25 20:47:08, 2026-07-25 21:02:08, 2026-07-25 21:15:55, 2026-07-25 21:31:47", "cumulative_total": 182.0 }, "geometry": { "type": "Polygon", "coordinates": [ [ [ -71.186178713077609, 47.371895838012819 ], [ -71.192600074308643, 47.374707638399514 ], [ -71.19222635725896, 47.379891249967912 ], [ -71.185429989316205, 47.382262981781928 ], [ -71.179008140092677, 47.379450766658543 ], [ -71.179383146767634, 47.374267234525888 ], [ -71.186178713077609, 47.371895838012819 ] ] ] } },
{ "type": "Feature", "properties": { "hex_id": 789548, "centroid_lon": -71.184680847220662, "centroid_lat": 47.392630097689015, "occurrences_today": 30, "datetimes_today": "2026-07-25 13:59:59, 2026-07-25 14:17:10, 2026-07-25 14:32:01, 2026-07-25 14:46:57, 2026-07-25 15:02:21, 2026-07-25 15:17:09, 2026-07-25 15:31:58, 2026-07-25 15:47:16, 2026-07-25 16:01:43, 2026-07-25 16:16:43, 2026-07-25 16:27:38, 2026-07-25 16:46:44, 2026-07-25 17:02:39, 2026-07-25 17:17:07, 2026-07-25 17:46:39, 2026-07-25 18:02:04, 2026-07-25 18:16:44, 2026-07-25 18:27:33, 2026-07-25 18:47:11, 2026-07-25 19:02:48, 2026-07-25 19:16:47, 2026-07-25 19:32:40, 2026-07-25 19:46:57, 2026-07-25 20:01:44, 2026-07-25 20:16:47, 2026-07-25 20:32:27, 2026-07-25 20:47:08, 2026-07-25 21:02:08, 2026-07-25 21:15:55, 2026-07-25 21:31:47", "cumulative_total": 182.0 }, "geometry": { "type": "Polygon", "coordinates": [ [ [ -71.185055470578604, 47.387446543218608 ], [ -71.191478609964392, 47.390258452231713 ], [ -71.191104579646037, 47.395442042925588 ], [ -71.184306119205601, 47.397813645192386 ], [ -71.177882491455776, 47.39500132121637 ], [ -71.178257812473618, 47.389817810004551 ], [ -71.185055470578604, 47.387446543218608 ] ] ] } },
{ "type": "Feature", "properties": { "hex_id": 789549, "centroid_lon": -71.183556349056772, "centroid_lat": 47.408180719294911, "occurrences_today": 30, "datetimes_today": "2026-07-25 13:59:59, 2026-07-25 14:17:10, 2026-07-25 14:32:01, 2026-07-25 14:46:57, 2026-07-25 15:02:21, 2026-07-25 15:17:09, 2026-07-25 15:31:58, 2026-07-25 15:47:16, 2026-07-25 16:01:43, 2026-07-25 16:16:43, 2026-07-25 16:27:38, 2026-07-25 16:46:44, 2026-07-25 17:02:39, 2026-07-25 17:17:07, 2026-07-25 17:46:39, 2026-07-25 18:02:04, 2026-07-25 18:16:44, 2026-07-25 18:27:33, 2026-07-25 18:47:11, 2026-07-25 19:02:48, 2026-07-25 19:16:47, 2026-07-25 19:32:40, 2026-07-25 19:46:57, 2026-07-25 20:01:44, 2026-07-25 20:16:47, 2026-07-25 20:32:27, 2026-07-25 20:47:08, 2026-07-25 21:02:08, 2026-07-25 21:15:55, 2026-07-25 21:31:47", "cumulative_total": 147.0 }, "geometry": { "type": "Polygon", "coordinates": [ [ [ -71.183931286496588, 47.402997185727941 ], [ -71.190356205483468, 47.405809203433435 ], [ -71.189981861565684, 47.410992773245887 ], [ -71.183181306849278, 47.413364245892531 ], [ -71.176755899126462, 47.410551812997745 ], [ -71.177131534819097, 47.405368322713734 ], [ -71.183931286496588, 47.402997185727941 ] ] ] } },
{ "type": "Feature", "properties": { "hex_id": 789550, "centroid_lon": -71.182430907983758, "centroid_lat": 47.423731278176618, "occurrences_today": 30, "datetimes_today": "2026-07-25 13:59:59, 2026-07-25 14:17:10, 2026-07-25 14:32:01, 2026-07-25 14:46:57, 2026-07-25 15:02:21, 2026-07-25 15:17:09, 2026-07-25 15:31:58, 2026-07-25 15:47:16, 2026-07-25 16:01:43, 2026-07-25 16:16:43, 2026-07-25 16:27:38, 2026-07-25 16:46:44, 2026-07-25 17:02:39, 2026-07-25 17:17:07, 2026-07-25 17:46:39, 2026-07-25 18:02:04, 2026-07-25 18:16:44, 2026-07-25 18:27:33, 2026-07-25 18:47:11, 2026-07-25 19:02:48, 2026-07-25 19:16:47, 2026-07-25 19:32:40, 2026-07-25 19:46:57, 2026-07-25 20:01:44, 2026-07-25 20:16:47, 2026-07-25 20:32:27, 2026-07-25 20:47:08, 2026-07-25 21:02:08, 2026-07-25 21:15:55, 2026-07-25 21:31:47", "cumulative_total": 147.0 }, "geometry": { "type": "Polygon", "coordinates": [ [ [ -71.182806159837241, 47.418547765520032 ], [ -71.18923285987303, 47.421359891983975 ], [ -71.188858202024491, 47.426543440908077 ], [ -71.182055551251921, 47.428914783861565 ], [ -71.175628362108, 47.426102241981802 ], [ -71.176004312807876, 47.420918772632561 ], [ -71.182806159837241, 47.418547765520032 ] ] ] } },
{ "type": "Feature", "properties": { "hex_id": 790154, "centroid_lon": -71.183127460683878, "centroid_lat": 47.322431529862797, "occurrences_today": 30, "datetimes_today": "2026-07-25 13:59:59, 2026-07-25 14:17:10, 2026-07-25 14:32:01, 2026-07-25 14:46:57, 2026-07-25 15:02:21, 2026-07-25 15:17:09, 2026-07-25 15:31:58, 2026-07-25 15:47:16, 2026-07-25 16:01:43, 2026-07-25 16:16:43, 2026-07-25 16:27:38, 2026-07-25 16:46:44, 2026-07-25 17:02:39, 2026-07-25 17:17:07, 2026-07-25 17:46:39, 2026-07-25 18:02:04, 2026-07-25 18:16:44, 2026-07-25 18:27:33, 2026-07-25 18:47:11, 2026-07-25 19:02:48, 2026-07-25 19:16:47, 2026-07-25 19:32:40, 2026-07-25 19:46:57, 2026-07-25 20:01:44, 2026-07-25 20:16:47, 2026-07-25 20:32:27, 2026-07-25 20:47:08, 2026-07-25 21:02:08, 2026-07-25 21:15:55, 2026-07-25 21:31:47", "cumulative_total": 193.0 }, "geometry": { "type": "Polygon", "coordinates": [ [ [ -71.183501317600175, 47.317247921079797 ], [ -71.189916067156474, 47.320059701452351 ], [ -71.189542800998154, 47.325243346424337 ], [ -71.182753499427577, 47.327615131681441 ], [ -71.176338263471635, 47.324802937311965 ], [ -71.176712815449292, 47.319619371750228 ], [ -71.183501317600175, 47.317247921079797 ] ] ] } },
{ "type": "Feature", "properties": { "hex_id": 790155, "centroid_lon": -71.182005263748295, "centroid_lat": 47.337982314422582, "occurrences_today": 30, "datetimes_today": "2026-07-25 13:59:59, 2026-07-25 14:17:10, 2026-07-25 14:32:01, 2026-07-25 14:46:57, 2026-07-25 15:02:21, 2026-07-25 15:17:09, 2026-07-25 15:31:58, 2026-07-25 15:47:16, 2026-07-25 16:01:43, 2026-07-25 16:16:43, 2026-07-25 16:27:38, 2026-07-25 16:46:44, 2026-07-25 17:02:39, 2026-07-25 17:17:07, 2026-07-25 17:46:39, 2026-07-25 18:02:04, 2026-07-25 18:16:44, 2026-07-25 18:27:33, 2026-07-25 18:47:11, 2026-07-25 19:02:48, 2026-07-25 19:16:47, 2026-07-25 19:32:40, 2026-07-25 19:46:57, 2026-07-25 20:01:44, 2026-07-25 20:16:47, 2026-07-25 20:32:27, 2026-07-25 20:47:08, 2026-07-25 21:02:08, 2026-07-25 21:15:55, 2026-07-25 21:31:47", "cumulative_total": 193.0 }, "geometry": { "type": "Polygon", "coordinates": [ [ [ -71.182379433794594, 47.332798726534961 ], [ -71.188795956104869, 47.335610615496421 ], [ -71.188422377296703, 47.340794239594963 ], [ -71.181630989252014, 47.343165895343503 ], [ -71.175213980171961, 47.340353592159389 ], [ -71.175588845869697, 47.33517004751733 ], [ -71.182379433794594, 47.332798726534961 ] ] ] } },
{ "type": "Feature", "properties": { "hex_id": 790156, "centroid_lon": -71.180882126762569, "centroid_lat": 47.353533036282307, "occurrences_today": 30, "datetimes_today": "2026-07-25 13:59:59, 2026-07-25 14:17:10, 2026-07-25 14:32:01, 2026-07-25 14:46:57, 2026-07-25 15:02:21, 2026-07-25 15:17:09, 2026-07-25 15:31:58, 2026-07-25 15:47:16, 2026-07-25 16:01:43, 2026-07-25 16:16:43, 2026-07-25 16:27:38, 2026-07-25 16:46:44, 2026-07-25 17:02:39, 2026-07-25 17:17:07, 2026-07-25 17:46:39, 2026-07-25 18:02:04, 2026-07-25 18:16:44, 2026-07-25 18:27:33, 2026-07-25 18:47:11, 2026-07-25 19:02:48, 2026-07-25 19:16:47, 2026-07-25 19:32:40, 2026-07-25 19:46:57, 2026-07-25 20:01:44, 2026-07-25 20:16:47, 2026-07-25 20:32:27, 2026-07-25 20:47:08, 2026-07-25 21:02:08, 2026-07-25 21:15:55, 2026-07-25 21:31:47", "cumulative_total": 193.0 }, "geometry": { "type": "Polygon", "coordinates": [ [ [ -71.181256610269003, 47.34834946929702 ], [ -71.187674906774177, 47.351161466913176 ], [ -71.187301014986517, 47.356345070131347 ], [ -71.180507538695991, 47.358716596298599 ], [ -71.17408875505059, 47.35590418423385 ], [ -71.174463934799178, 47.350720660518419 ], [ -71.181256610269003, 47.34834946929702 ] ] ] } },
{ "type": "Feature", "properties": { "hex_id": 790157, "centroid_lon": -71.179758048735295, "centroid_lat": 47.369083695421168, "occurrences_today": 30, "datetimes_today": "2026-07-25 13:59:59, 2026-07-25 14:17:10, 2026-07-25 14:32:01, 2026-07-25 14:46:57, 2026-07-25 15:02:21, 2026-07-25 15:17:09, 2026-07-25 15:31:58, 2026-07-25 15:47:16, 2026-07-25 16:01:43, 2026-07-25 16:16:43, 2026-07-25 16:27:38, 2026-07-25 16:46:44, 2026-07-25 17:02:39, 2026-07-25 17:17:07, 2026-07-25 17:46:39, 2026-07-25 18:02:04, 2026-07-25 18:16:44, 2026-07-25 18:27:33, 2026-07-25 18:47:11, 2026-07-25 19:02:48, 2026-07-25 19:16:47, 2026-07-25 19:32:40, 2026-07-25 19:46:57, 2026-07-25 20:01:44, 2026-07-25 20:16:47, 2026-07-25 20:32:27, 2026-07-25 20:47:08, 2026-07-25 21:02:08, 2026-07-25 21:15:55, 2026-07-25 21:31:47", "cumulative_total": 182.0 }, "geometry": { "type": "Polygon", "coordinates": [ [ [ -71.180132846032478, 47.363900149345149 ], [ -71.186552918174939, 47.366712255681939 ], [ -71.186178713077609, 47.371895838012819 ], [ -71.179383146767634, 47.374267234525888 ], [ -71.172962587114199, 47.371454713514481 ], [ -71.173338081244921, 47.366271210732663 ], [ -71.180132846032478, 47.363900149345149 ] ] ] } },
{ "type": "Feature", "properties": { "hex_id": 790158, "centroid_lon": -71.178633028673616, "centroid_lat": 47.384634291818358, "occurrences_today": 30, "datetimes_today": "2026-07-25 13:59:59, 2026-07-25 14:17:10, 2026-07-25 14:32:01, 2026-07-25 14:46:57, 2026-07-25 15:02:21, 2026-07-25 15:17:09, 2026-07-25 15:31:58, 2026-07-25 15:47:16, 2026-07-25 16:01:43, 2026-07-25 16:16:43, 2026-07-25 16:27:38, 2026-07-25 16:46:44, 2026-07-25 17:02:39, 2026-07-25 17:17:07, 2026-07-25 17:46:39, 2026-07-25 18:02:04, 2026-07-25 18:16:44, 2026-07-25 18:27:33, 2026-07-25 18:47:11, 2026-07-25 19:02:48, 2026-07-25 19:16:47, 2026-07-25 19:32:40, 2026-07-25 19:46:57, 2026-07-25 20:01:44, 2026-07-25 20:16:47, 2026-07-25 20:32:27, 2026-07-25 20:47:08, 2026-07-25 21:02:08, 2026-07-25 21:15:55, 2026-07-25 21:31:47", "cumulative_total": 182.0 }, "geometry": { "type": "Polygon", "coordinates": [ [ [ -71.179008140092677, 47.379450766658543 ], [ -71.185429989316205, 47.382262981781928 ], [ -71.185055470578604, 47.387446543218608 ], [ -71.178257812473618, 47.389817810004551 ], [ -71.171835475368013, 47.38700517998037 ], [ -71.172211284212622, 47.38182169813912 ], [ -71.179008140092677, 47.379450766658543 ] ] ] } },
{ "type": "Feature", "properties": { "hex_id": 790159, "centroid_lon": -71.177507065583242, "centroid_lat": 47.40018482545301, "occurrences_today": 30, "datetimes_today": "2026-07-25 13:59:59, 2026-07-25 14:17:10, 2026-07-25 14:32:01, 2026-07-25 14:46:57, 2026-07-25 15:02:21, 2026-07-25 15:17:09, 2026-07-25 15:31:58, 2026-07-25 15:47:16, 2026-07-25 16:01:43, 2026-07-25 16:16:43, 2026-07-25 16:27:38, 2026-07-25 16:46:44, 2026-07-25 17:02:39, 2026-07-25 17:17:07, 2026-07-25 17:46:39, 2026-07-25 18:02:04, 2026-07-25 18:16:44, 2026-07-25 18:27:33, 2026-07-25 18:47:11, 2026-07-25 19:02:48, 2026-07-25 19:16:47, 2026-07-25 19:32:40, 2026-07-25 19:46:57, 2026-07-25 20:01:44, 2026-07-25 20:16:47, 2026-07-25 20:32:27, 2026-07-25 20:47:08, 2026-07-25 21:02:08, 2026-07-25 21:15:55, 2026-07-25 21:31:47", "cumulative_total": 147.0 }, "geometry": { "type": "Polygon", "coordinates": [ [ [ -71.177882491455776, 47.39500132121637 ], [ -71.184306119205601, 47.397813645192386 ], [ -71.183931286496588, 47.402997185727941 ], [ -71.177131534819097, 47.405368322713734 ], [ -71.170707418815809, 47.402555583610599 ], [ -71.171083542706555, 47.397372122716888 ], [ -71.177882491455776, 47.39500132121637 ] ] ] } },
{ "type": "Feature", "properties": { "hex_id": 790765, "centroid_lon": -71.175963606957339, "centroid_lat": 47.329986495901267, "occurrences_today": 30, "datetimes_today": "2026-07-25 13:59:59, 2026-07-25 14:17:10, 2026-07-25 14:32:01, 2026-07-25 14:46:57, 2026-07-25 15:02:21, 2026-07-25 15:17:09, 2026-07-25 15:31:58, 2026-07-25 15:47:16, 2026-07-25 16:01:43, 2026-07-25 16:16:43, 2026-07-25 16:27:38, 2026-07-25 16:46:44, 2026-07-25 17:02:39, 2026-07-25 17:17:07, 2026-07-25 17:46:39, 2026-07-25 18:02:04, 2026-07-25 18:16:44, 2026-07-25 18:27:33, 2026-07-25 18:47:11, 2026-07-25 19:02:48, 2026-07-25 19:16:47, 2026-07-25 19:32:40, 2026-07-25 19:46:57, 2026-07-25 20:01:44, 2026-07-25 20:16:47, 2026-07-25 20:32:27, 2026-07-25 20:47:08, 2026-07-25 21:02:08, 2026-07-25 21:15:55, 2026-07-25 21:31:47", "cumulative_total": 193.0 }, "geometry": { "type": "Polygon", "coordinates": [ [ [ -71.176338263471635, 47.324802937311965 ], [ -71.182753499427577, 47.327615131681441 ], [ -71.182379433794594, 47.332798726534961 ], [ -71.175588845869697, 47.33517004751733 ], [ -71.169173123624162, 47.33235743898716 ], [ -71.169548475556397, 47.327173923703242 ], [ -71.176338263471635, 47.324802937311965 ] ] ] } },
{ "type": "Feature", "properties": { "hex_id": 790766, "centroid_lon": -71.17483900982738, "centroid_lat": 47.345537129826681, "occurrences_today": 30, "datetimes_today": "2026-07-25 13:59:59, 2026-07-25 14:17:10, 2026-07-25 14:32:01, 2026-07-25 14:46:57, 2026-07-25 15:02:21, 2026-07-25 15:17:09, 2026-07-25 15:31:58, 2026-07-25 15:47:16, 2026-07-25 16:01:43, 2026-07-25 16:16:43, 2026-07-25 16:27:38, 2026-07-25 16:46:44, 2026-07-25 17:02:39, 2026-07-25 17:17:07, 2026-07-25 17:46:39, 2026-07-25 18:02:04, 2026-07-25 18:16:44, 2026-07-25 18:27:33, 2026-07-25 18:47:11, 2026-07-25 19:02:48, 2026-07-25 19:16:47, 2026-07-25 19:32:40, 2026-07-25 19:46:57, 2026-07-25 20:01:44, 2026-07-25 20:16:47, 2026-07-25 20:32:27, 2026-07-25 20:47:08, 2026-07-25 21:02:08, 2026-07-25 21:15:55, 2026-07-25 21:31:47", "cumulative_total": 193.0 }, "geometry": { "type": "Polygon", "coordinates": [ [ [ -71.175213980171961, 47.340353592159389 ], [ -71.181630989252014, 47.343165895343503 ], [ -71.181256610269003, 47.34834946929702 ], [ -71.174463934799178, 47.350720660518419 ], [ -71.168046439059566, 47.347907942947757 ], [ -71.16842210541256, 47.342724448610184 ], [ -71.175213980171961, 47.340353592159389 ] ] ] } },
{ "type": "Feature", "properties": { "hex_id": 790767, "centroid_lon": -71.173713470544769, "centroid_lat": 47.361087700972192, "occurrences_today": 30, "datetimes_today": "2026-07-25 13:59:59, 2026-07-25 14:17:10, 2026-07-25 14:32:01, 2026-07-25 14:46:57, 2026-07-25 15:02:21, 2026-07-25 15:17:09, 2026-07-25 15:31:58, 2026-07-25 15:47:16, 2026-07-25 16:01:43, 2026-07-25 16:16:43, 2026-07-25 16:27:38, 2026-07-25 16:46:44, 2026-07-25 17:02:39, 2026-07-25 17:17:07, 2026-07-25 17:46:39, 2026-07-25 18:02:04, 2026-07-25 18:16:44, 2026-07-25 18:27:33, 2026-07-25 18:47:11, 2026-07-25 19:02:48, 2026-07-25 19:16:47, 2026-07-25 19:32:40, 2026-07-25 19:46:57, 2026-07-25 20:01:44, 2026-07-25 20:16:47, 2026-07-25 20:32:27, 2026-07-25 20:47:08, 2026-07-25 21:02:08, 2026-07-25 21:15:55, 2026-07-25 21:31:47", "cumulative_total": 182.0 }, "geometry": { "type": "Polygon", "coordinates": [ [ [ -71.17408875505059, 47.35590418423385 ], [ -71.180507538695991, 47.358716596298599 ], [ -71.180132846032478, 47.363900149345149 ], [ -71.173338081244921, 47.366271210732663 ], [ -71.166918810569655, 47.363458384055384 ], [ -71.167294791674976, 47.358274910671128 ], [ -71.17408875505059, 47.35590418423385 ] ] ] } },
{ "type": "Feature", "properties": { "hex_id": 790768, "centroid_lon": -71.172586988115725, "centroid_lat": 47.376638209316887, "occurrences_today": 30, "datetimes_today": "2026-07-25 13:59:59, 2026-07-25 14:17:10, 2026-07-25 14:32:01, 2026-07-25 14:46:57, 2026-07-25 15:02:21, 2026-07-25 15:17:09, 2026-07-25 15:31:58, 2026-07-25 15:47:16, 2026-07-25 16:01:43, 2026-07-25 16:16:43, 2026-07-25 16:27:38, 2026-07-25 16:46:44, 2026-07-25 17:02:39, 2026-07-25 17:17:07, 2026-07-25 17:46:39, 2026-07-25 18:02:04, 2026-07-25 18:16:44, 2026-07-25 18:27:33, 2026-07-25 18:47:11, 2026-07-25 19:02:48, 2026-07-25 19:16:47, 2026-07-25 19:32:40, 2026-07-25 19:46:57, 2026-07-25 20:01:44, 2026-07-25 20:16:47, 2026-07-25 20:32:27, 2026-07-25 20:47:08, 2026-07-25 21:02:08, 2026-07-25 21:15:55, 2026-07-25 21:31:47", "cumulative_total": 147.0 }, "geometry": { "type": "Polygon", "coordinates": [ [ [ -71.172962587114199, 47.371454713514481 ], [ -71.179383146767634, 47.374267234525888 ], [ -71.179008140092677, 47.379450766658543 ], [ -71.172211284212622, 47.38182169813912 ], [ -71.165790237158731, 47.379008762289054 ], [ -71.166166533348459, 47.373825309865126 ], [ -71.172962587114199, 47.371454713514481 ] ] ] } },
{ "type": "Feature", "properties": { "hex_id": 791375, "centroid_lon": -71.169923722755328, "centroid_lat": 47.321990401438775, "occurrences_today": 30, "datetimes_today": "2026-07-25 13:59:59, 2026-07-25 14:17:10, 2026-07-25 14:32:01, 2026-07-25 14:46:57, 2026-07-25 15:02:21, 2026-07-25 15:17:09, 2026-07-25 15:31:58, 2026-07-25 15:47:16, 2026-07-25 16:01:43, 2026-07-25 16:16:43, 2026-07-25 16:27:38, 2026-07-25 16:46:44, 2026-07-25 17:02:39, 2026-07-25 17:17:07, 2026-07-25 17:46:39, 2026-07-25 18:02:04, 2026-07-25 18:16:44, 2026-07-25 18:27:33, 2026-07-25 18:47:11, 2026-07-25 19:02:48, 2026-07-25 19:16:47, 2026-07-25 19:32:40, 2026-07-25 19:46:57, 2026-07-25 20:01:44, 2026-07-25 20:16:47, 2026-07-25 20:32:27, 2026-07-25 20:47:08, 2026-07-25 21:02:08, 2026-07-25 21:15:55, 2026-07-25 21:31:47", "cumulative_total": 193.0 }, "geometry": { "type": "Polygon", "coordinates": [ [ [ -71.170298865257706, 47.316806872194519 ], [ -71.176712815449292, 47.319619371750228 ], [ -71.176338263471635, 47.324802937311965 ], [ -71.169548475556397, 47.327173923703242 ], [ -71.163134039555018, 47.324361010048854 ], [ -71.163509877241907, 47.319177524169795 ], [ -71.170298865257706, 47.316806872194519 ] ] ] } },
{ "type": "Feature", "properties": { "hex_id": 791376, "centroid_lon": -71.168797666921805, "centroid_lat": 47.337540947289739, "occurrences_today": 30, "datetimes_today": "2026-07-25 13:59:59, 2026-07-25 14:17:10, 2026-07-25 14:32:01, 2026-07-25 14:46:57, 2026-07-25 15:02:21, 2026-07-25 15:17:09, 2026-07-25 15:31:58, 2026-07-25 15:47:16, 2026-07-25 16:01:43, 2026-07-25 16:16:43, 2026-07-25 16:27:38, 2026-07-25 16:46:44, 2026-07-25 17:02:39, 2026-07-25 17:17:07, 2026-07-25 17:46:39, 2026-07-25 18:02:04, 2026-07-25 18:16:44, 2026-07-25 18:27:33, 2026-07-25 18:47:11, 2026-07-25 19:02:48, 2026-07-25 19:16:47, 2026-07-25 19:32:40, 2026-07-25 19:46:57, 2026-07-25 20:01:44, 2026-07-25 20:16:47, 2026-07-25 20:32:27, 2026-07-25 20:47:08, 2026-07-25 21:02:08, 2026-07-25 21:15:55, 2026-07-25 21:31:47", "cumulative_total": 193.0 }, "geometry": { "type": "Polygon", "coordinates": [ [ [ -71.169173123624162, 47.33235743898716 ], [ -71.175588845869697, 47.33517004751733 ], [ -71.175213980171961, 47.340353592159389 ], [ -71.16842210541256, 47.342724448610184 ], [ -71.162005896987736, 47.339911425755531 ], [ -71.162382049464782, 47.334727960842514 ], [ -71.169173123624162, 47.33235743898716 ] ] ] } },
{ "type": "Feature", "properties": { "hex_id": 791377, "centroid_lon": -71.167670667825988, "centroid_lat": 47.353091430301681, "occurrences_today": 30, "datetimes_today": "2026-07-25 13:59:59, 2026-07-25 14:17:10, 2026-07-25 14:32:01, 2026-07-25 14:46:57, 2026-07-25 15:02:21, 2026-07-25 15:17:09, 2026-07-25 15:31:58, 2026-07-25 15:47:16, 2026-07-25 16:01:43, 2026-07-25 16:16:43, 2026-07-25 16:27:38, 2026-07-25 16:46:44, 2026-07-25 17:02:39, 2026-07-25 17:17:07, 2026-07-25 17:46:39, 2026-07-25 18:02:04, 2026-07-25 18:16:44, 2026-07-25 18:27:33, 2026-07-25 18:47:11, 2026-07-25 19:02:48, 2026-07-25 19:16:47, 2026-07-25 19:32:40, 2026-07-25 19:46:57, 2026-07-25 20:01:44, 2026-07-25 20:16:47, 2026-07-25 20:32:27, 2026-07-25 20:47:08, 2026-07-25 21:02:08, 2026-07-25 21:15:55, 2026-07-25 21:31:47", "cumulative_total": 182.0 }, "geometry": { "type": "Polygon", "coordinates": [ [ [ -71.168046439059566, 47.347907942947757 ], [ -71.174463934799178, 47.350720660518419 ], [ -71.17408875505059, 47.35590418423385 ], [ -71.167294791674976, 47.358274910671128 ], [ -71.160876809386266, 47.35546177855003 ], [ -71.161253276985377, 47.350278334610067 ], [ -71.168046439059566, 47.347907942947757 ] ] ] } },
{ "type": "Feature", "properties": { "hex_id": 611147, "centroid_lon": -73.188763973161073, "centroid_lat": 45.337424365320338, "occurrences_today": 19, "datetimes_today": "2026-07-25 14:17:10, 2026-07-25 14:32:01, 2026-07-25 14:46:57, 2026-07-25 15:02:21, 2026-07-25 15:17:09, 2026-07-25 15:31:58, 2026-07-25 15:47:16, 2026-07-25 16:01:43, 2026-07-25 16:16:43, 2026-07-25 16:27:38, 2026-07-25 16:46:44, 2026-07-25 17:02:39, 2026-07-25 17:17:07, 2026-07-25 17:46:39, 2026-07-25 18:02:04, 2026-07-25 18:16:44, 2026-07-25 18:27:33, 2026-07-25 18:47:11, 2026-07-25 19:02:48", "cumulative_total": 27.0 }, "geometry": { "type": "Polygon", "coordinates": [ [ [ -73.188929604279295, 45.332230006807798 ], [ -73.195224839392765, 45.334928178013058 ], [ -73.195059768292282, 45.340122552107765 ], [ -73.188598296909873, 45.342618718614332 ], [ -73.182302546919146, 45.339920177089816 ], [ -73.182468783173007, 45.334725839441987 ], [ -73.188929604279295, 45.332230006807798 ] ] ] } },
{ "type": "Feature", "properties": { "hex_id": 611757, "centroid_lon": -73.182634974142985, "centroid_lat": 45.329531496572386, "occurrences_today": 19, "datetimes_today": "2026-07-25 14:17:10, 2026-07-25 14:32:01, 2026-07-25 14:46:57, 2026-07-25 15:02:21, 2026-07-25 15:17:09, 2026-07-25 15:31:58, 2026-07-25 15:47:16, 2026-07-25 16:01:43, 2026-07-25 16:16:43, 2026-07-25 16:27:38, 2026-07-25 16:46:44, 2026-07-25 17:02:39, 2026-07-25 17:17:07, 2026-07-25 17:46:39, 2026-07-25 18:02:04, 2026-07-25 18:16:44, 2026-07-25 18:27:33, 2026-07-25 18:47:11, 2026-07-25 19:02:48", "cumulative_total": 27.0 }, "geometry": { "type": "Polygon", "coordinates": [ [ [ -73.182801119844171, 45.324337148481128 ], [ -73.189095190279659, 45.327035643076847 ], [ -73.188929604279295, 45.332230006807798 ], [ -73.182468783173007, 45.334725839441987 ], [ -73.176174198313035, 45.33202697457132 ], [ -73.176340948968715, 45.326832647405425 ], [ -73.182801119844171, 45.324337148481128 ] ] ] } },
{ "type": "Feature", "properties": { "hex_id": 612976, "centroid_lon": -73.170883396366293, "centroid_lat": 45.298161823979449, "occurrences_today": 9, "datetimes_today": "2026-07-25 21:47:11, 2026-07-25 22:01:48, 2026-07-25 22:16:38, 2026-07-25 22:31:39, 2026-07-25 22:46:42, 2026-07-25 23:01:47, 2026-07-25 23:16:59, 2026-07-25 23:32:10, 2026-07-25 23:46:43", "cumulative_total": 17.0 }, "geometry": { "type": "Polygon", "coordinates": [ [ [ -73.171050433347219, 45.292967481211605 ], [ -73.177340499621096, 45.29566657469303 ], [ -73.177174021255894, 45.30086093320584 ], [ -73.170716313890935, 45.303356161519943 ], [ -73.164425734503368, 45.300656698053793 ], [ -73.164593375579301, 45.295462376322192 ], [ -73.171050433347219, 45.292967481211605 ] ] ] } },
{ "type": "Feature", "properties": { "hex_id": 613587, "centroid_lon": -73.164258047767291, "centroid_lat": 45.305851014554662, "occurrences_today": 19, "datetimes_today": "2026-07-25 16:27:38, 2026-07-25 16:46:44, 2026-07-25 17:02:39, 2026-07-25 17:17:07, 2026-07-25 17:46:39, 2026-07-25 18:02:04, 2026-07-25 18:16:44, 2026-07-25 18:27:33, 2026-07-25 18:47:11, 2026-07-25 19:02:48, 2026-07-25 21:47:11, 2026-07-25 22:01:48, 2026-07-25 22:16:38, 2026-07-25 22:31:39, 2026-07-25 22:46:42, 2026-07-25 23:01:47, 2026-07-25 23:16:59, 2026-07-25 23:32:10, 2026-07-25 23:46:43", "cumulative_total": 27.0 }, "geometry": { "type": "Polygon", "coordinates": [ [ [ -73.164425734503368, 45.300656698053793 ], [ -73.170716313890935, 45.303356161519943 ], [ -73.170549185905955, 45.308550493832961 ], [ -73.164090315355821, 45.311045325824615 ], [ -73.157799222900181, 45.308345492216496 ], [ -73.157967514047499, 45.303151196822625 ], [ -73.164425734503368, 45.300656698053793 ] ] ] } },
{ "type": "Feature", "properties": { "hex_id": 918948, "centroid_lon": -69.824597335080782, "centroid_lat": 46.933820640464674, "occurrences_today": 11, "datetimes_today": "2026-07-25 00:01:45, 2026-07-25 00:17:19, 2026-07-25 00:29:49, 2026-07-25 00:47:08, 2026-07-25 01:02:10, 2026-07-25 01:16:51, 2026-07-25 01:32:21, 2026-07-25 01:46:48, 2026-07-25 02:01:47, 2026-07-25 02:17:11, 2026-07-25 02:32:05", "cumulative_total": 53.0 }, "geometry": { "type": "Polygon", "coordinates": [ [ [ -69.825097112231219, 46.928646348846918 ], [ -69.831388790225233, 46.93152980049657 ], [ -69.830889568786375, 46.936704141010146 ], [ -69.824097419451149, 46.938994923301543 ], [ -69.817805324248724, 46.936111052548519 ], [ -69.818305795541946, 46.930936818673494 ], [ -69.825097112231219, 46.928646348846918 ] ] ] } },
{ "type": "Feature", "properties": { "hex_id": 919559, "centroid_lon": -69.817304714281164, "centroid_lat": 46.941285277631764, "occurrences_today": 11, "datetimes_today": "2026-07-25 00:01:45, 2026-07-25 00:17:19, 2026-07-25 00:29:49, 2026-07-25 00:47:08, 2026-07-25 01:02:10, 2026-07-25 01:16:51, 2026-07-25 01:32:21, 2026-07-25 01:46:48, 2026-07-25 02:01:47, 2026-07-25 02:17:11, 2026-07-25 02:32:05", "cumulative_total": 53.0 }, "geometry": { "type": "Polygon", "coordinates": [ [ [ -69.817805324248724, 46.936111052548519 ], [ -69.824097419451149, 46.938994923301543 ], [ -69.823597365294347, 46.944169197356061 ], [ -69.816803965591205, 46.946459493921786 ], [ -69.810511453324452, 46.943575203908622 ], [ -69.811012757777107, 46.938401036655911 ], [ -69.817805324248724, 46.936111052548519 ] ] ] } },
{ "type": "Feature", "properties": { "hex_id": 920169, "centroid_lon": -69.811513923360224, "centroid_lat": 46.93322686060052, "occurrences_today": 11, "datetimes_today": "2026-07-25 00:01:45, 2026-07-25 00:17:19, 2026-07-25 00:29:49, 2026-07-25 00:47:08, 2026-07-25 01:02:10, 2026-07-25 01:16:51, 2026-07-25 01:32:21, 2026-07-25 01:46:48, 2026-07-25 02:01:47, 2026-07-25 02:17:11, 2026-07-25 02:32:05", "cumulative_total": 53.0 }, "geometry": { "type": "Polygon", "coordinates": [ [ [ -69.812014950121906, 46.928052675743892 ], [ -69.818305795541946, 46.930936818673494 ], [ -69.817805324248724, 46.936111052548519 ], [ -69.811012757777107, 46.938401036655911 ], [ -69.804721495734071, 46.935516474535795 ], [ -69.805223216737545, 46.930342347564789 ], [ -69.812014950121906, 46.928052675743892 ] ] ] } },
{ "type": "Feature", "properties": { "hex_id": 748500, "centroid_lon": -71.763138101470034, "centroid_lat": 45.157780339994481, "occurrences_today": 7, "datetimes_today": "2026-07-25 00:01:45, 2026-07-25 00:17:19, 2026-07-25 00:29:49, 2026-07-25 00:47:08, 2026-07-25 01:02:10, 2026-07-25 01:16:51, 2026-07-25 01:32:21", "cumulative_total": 12.0 }, "geometry": { "type": "Polygon", "coordinates": [ [ [ -71.763432146915434, 45.15259152109433 ], [ -71.769636140832333, 45.155365933826559 ], [ -71.769342630053274, 45.160554781994954 ], [ -71.762843976156802, 45.16296915265648 ], [ -71.756639527454624, 45.160194359543489 ], [ -71.756934187407694, 45.155005576212851 ], [ -71.763432146915434, 45.15259152109433 ] ] ] } },
{ "type": "Feature", "properties": { "hex_id": 545870, "centroid_lon": -73.856730481735781, "centroid_lat": 46.070997015324274, "occurrences_today": 1, "datetimes_today": "2026-07-25 00:01:45", "cumulative_total": 4.0 }, "geometry": { "type": "Polygon", "coordinates": [ [ [ -73.856837748212357, 46.06580176240923 ], [ -73.863248064359979, 46.068463866641203 ], [ -73.863141389401477, 46.073659128711171 ], [ -73.856623185757329, 46.076192263302005 ], [ -73.850212307598497, 46.073529785603533 ], [ -73.85032019508499, 46.068334546846579 ], [ -73.856837748212357, 46.06580176240923 ] ] ] } },
{ "type": "Feature", "properties": { "hex_id": 711342, "centroid_lon": -72.084353520433055, "centroid_lat": 46.452626167501371, "occurrences_today": 22, "datetimes_today": "2026-07-25 03:16:45, 2026-07-25 03:32:08, 2026-07-25 03:46:44, 2026-07-25 04:02:15, 2026-07-25 04:16:41, 2026-07-25 04:31:50, 2026-07-25 04:46:51, 2026-07-25 05:16:53, 2026-07-25 05:31:45, 2026-07-25 05:47:08, 2026-07-25 06:02:19, 2026-07-25 06:16:49, 2026-07-25 06:27:15, 2026-07-25 06:46:50, 2026-07-25 07:02:12, 2026-07-25 07:16:44, 2026-07-25 07:31:54, 2026-07-25 07:45:07, 2026-07-25 08:01:39, 2026-07-25 08:17:05, 2026-07-25 08:46:47, 2026-07-25 09:02:13", "cumulative_total": 22.0 }, "geometry": { "type": "Polygon", "coordinates": [ [ [ -72.084630644003738, 46.447436962748576 ], [ -72.090993915220793, 46.450197264444988 ], [ -72.090717369364128, 46.455386496048838 ], [ -72.084076320353418, 46.457815366247729 ], [ -72.077712547944444, 46.455054669973705 ], [ -72.077990325711809, 46.449865498144618 ], [ -72.084630644003738, 46.447436962748576 ] ] ] } },
{ "type": "Feature", "properties": { "hex_id": 1124182, "centroid_lon": -67.397999106560277, "centroid_lat": 48.451155077803307, "occurrences_today": 3, "datetimes_today": "2026-07-25 08:01:39, 2026-07-25 08:17:05, 2026-07-25 08:32:37", "cumulative_total": 3.0 }, "geometry": { "type": "Polygon", "coordinates": [ [ [ -67.398772046863556, 48.446006662701791 ], [ -67.40508782824655, 48.449025993111768 ], [ -67.404315444556246, 48.454174481322177 ], [ -67.397225948399324, 48.456303479016853 ], [ -67.390909828300082, 48.45328369160999 ], [ -67.391683542995949, 48.448135363572732 ], [ -67.398772046863556, 48.446006662701791 ] ] ] } },
{ "type": "Feature", "properties": { "hex_id": 770514, "centroid_lon": -71.50003412655532, "centroid_lat": 45.711288738900173, "occurrences_today": 16, "datetimes_today": "2026-07-25 11:16:38, 2026-07-25 11:31:56, 2026-07-25 11:46:58, 2026-07-25 12:01:47, 2026-07-25 12:16:54, 2026-07-25 12:31:42, 2026-07-25 12:46:57, 2026-07-25 12:57:23, 2026-07-25 13:17:05, 2026-07-25 13:31:44, 2026-07-25 13:47:17, 2026-07-25 13:59:59, 2026-07-25 14:17:10, 2026-07-25 14:32:01, 2026-07-25 14:46:57, 2026-07-25 15:02:21", "cumulative_total": 16.0 }, "geometry": { "type": "Polygon", "coordinates": [ [ [ -71.500358236847873, 45.706101828641721 ], [ -71.506607853082045, 45.70889175527887 ], [ -71.506284289399375, 45.714078697624309 ], [ -71.49970992766815, 45.716475642636787 ], [ -71.49345985343362, 45.713685326313907 ], [ -71.493784598900859, 45.708498454728492 ], [ -71.500358236847873, 45.706101828641721 ] ] ] } },
{ "type": "Feature", "properties": { "hex_id": 771124, "centroid_lon": -71.494109255627734, "centroid_lat": 45.703311576615043, "occurrences_today": 16, "datetimes_today": "2026-07-25 11:16:38, 2026-07-25 11:31:56, 2026-07-25 11:46:58, 2026-07-25 12:01:47, 2026-07-25 12:16:54, 2026-07-25 12:31:42, 2026-07-25 12:46:57, 2026-07-25 12:57:23, 2026-07-25 13:17:05, 2026-07-25 13:31:44, 2026-07-25 13:47:17, 2026-07-25 13:59:59, 2026-07-25 14:17:10, 2026-07-25 14:32:01, 2026-07-25 14:46:57, 2026-07-25 15:02:21", "cumulative_total": 16.0 }, "geometry": { "type": "Polygon", "coordinates": [ [ [ -71.49443382364413, 45.698124691974215 ], [ -71.500682258575608, 45.700914911862021 ], [ -71.500358236847873, 45.706101828641721 ], [ -71.493784598900859, 45.708498454728492 ], [ -71.487535706406163, 45.705707845210817 ], [ -71.487860909391827, 45.700520999300402 ], [ -71.49443382364413, 45.698124691974215 ] ] ] } },
{ "type": "Feature", "properties": { "hex_id": 771735, "centroid_lon": -71.487210414534445, "centroid_lat": 45.710894684587004, "occurrences_today": 16, "datetimes_today": "2026-07-25 11:16:38, 2026-07-25 11:31:56, 2026-07-25 11:46:58, 2026-07-25 12:01:47, 2026-07-25 12:16:54, 2026-07-25 12:31:42, 2026-07-25 12:46:57, 2026-07-25 12:57:23, 2026-07-25 13:17:05, 2026-07-25 13:31:44, 2026-07-25 13:47:17, 2026-07-25 13:59:59, 2026-07-25 14:17:10, 2026-07-25 14:32:01, 2026-07-25 14:46:57, 2026-07-25 15:02:21", "cumulative_total": 16.0 }, "geometry": { "type": "Polygon", "coordinates": [ [ [ -71.487535706406163, 45.705707845210817 ], [ -71.493784598900859, 45.708498454728492 ], [ -71.49345985343362, 45.713685326313907 ], [ -71.486885033746788, 45.716081517428357 ], [ -71.480635683778516, 45.713290518125518 ], [ -71.480961610940724, 45.708103717557599 ], [ -71.487535706406163, 45.705707845210817 ] ] ] } },
{ "type": "Feature", "properties": { "hex_id": 772345, "centroid_lon": -71.481287449041332, "centroid_lat": 45.702916910448636, "occurrences_today": 16, "datetimes_today": "2026-07-25 11:16:38, 2026-07-25 11:31:56, 2026-07-25 11:46:58, 2026-07-25 12:01:47, 2026-07-25 12:16:54, 2026-07-25 12:31:42, 2026-07-25 12:46:57, 2026-07-25 12:57:23, 2026-07-25 13:17:05, 2026-07-25 13:31:44, 2026-07-25 13:47:17, 2026-07-25 13:59:59, 2026-07-25 14:17:10, 2026-07-25 14:32:01, 2026-07-25 14:46:57, 2026-07-25 15:02:21", "cumulative_total": 16.0 }, "geometry": { "type": "Polygon", "coordinates": [ [ [ -71.481613198110267, 45.697730096799276 ], [ -71.487860909391827, 45.700520999300402 ], [ -71.487535706406163, 45.705707845210817 ], [ -71.480961610940724, 45.708103717557599 ], [ -71.474713442622516, 45.705312425327229 ], [ -71.475039826776438, 45.700125650543498 ], [ -71.481613198110267, 45.697730096799276 ] ] ] } },
{ "type": "Feature", "properties": { "hex_id": 772955, "centroid_lon": -71.475366121753154, "centroid_lat": 45.694938869213161, "occurrences_today": 16, "datetimes_today": "2026-07-25 11:16:38, 2026-07-25 11:31:56, 2026-07-25 11:46:58, 2026-07-25 12:01:47, 2026-07-25 12:16:54, 2026-07-25 12:31:42, 2026-07-25 12:46:57, 2026-07-25 12:57:23, 2026-07-25 13:17:05, 2026-07-25 13:31:44, 2026-07-25 13:47:17, 2026-07-25 13:59:59, 2026-07-25 14:17:10, 2026-07-25 14:32:01, 2026-07-25 14:46:57, 2026-07-25 15:02:21", "cumulative_total": 16.0 }, "geometry": { "type": "Polygon", "coordinates": [ [ [ -71.475692327582649, 45.689752081336856 ], [ -71.481938858177529, 45.692543276610145 ], [ -71.481613198110267, 45.697730096799276 ], [ -71.475039826776438, 45.700125650543498 ], [ -71.468792839581511, 45.697334065596905 ], [ -71.46911968029049, 45.69214731664357 ], [ -71.475692327582649, 45.689752081336856 ] ] ] } },
{ "type": "Feature", "properties": { "hex_id": 772956, "centroid_lon": -71.474386969261388, "centroid_lat": 45.71049919356372, "occurrences_today": 16, "datetimes_today": "2026-07-25 11:16:38, 2026-07-25 11:31:56, 2026-07-25 11:46:58, 2026-07-25 12:01:47, 2026-07-25 12:16:54, 2026-07-25 12:31:42, 2026-07-25 12:46:57, 2026-07-25 12:57:23, 2026-07-25 13:17:05, 2026-07-25 13:31:44, 2026-07-25 13:47:17, 2026-07-25 13:59:59, 2026-07-25 14:17:10, 2026-07-25 14:32:01, 2026-07-25 14:46:57, 2026-07-25 15:02:21", "cumulative_total": 16.0 }, "geometry": { "type": "Polygon", "coordinates": [ [ [ -71.474713442622516, 45.705312425327229 ], [ -71.480961610940724, 45.708103717557599 ], [ -71.480635683778516, 45.713290518125518 ], [ -71.474060406663028, 45.715685955252347 ], [ -71.467811781398154, 45.712894273137515 ], [ -71.468138890165406, 45.707707543844506 ], [ -71.474713442622516, 45.705312425327229 ] ] ] } }
]
}
